nische,brand_haendler,url_programm,netzwerk,zielmarkt,provision,provision_datenqualitaet,cookie_dauer,cookie_datenqualitaet,aov_bekannt,social_media_erlaubt,instagram_erlaubt,deep_links,produktfeed_api,internationale_lieferung,besonderheiten,quelle_url,pruefdatum
Amazon (alle),Amazon US – Luxury Beauty / Luxury Stores Beauty 10%,https://affiliate-program.amazon.com/,Direct (Amazon Associates),US (amazon.com),10%,VERIFIED,24 Std. Session; Warenkorb-Add innerhalb Session -> Kauf bis 89 Tage nach Klick,VERIFIED,UNKNOWN,"Ja – Social-Media-UGC gilt als 'Site' (Account-URL im Antrag/Konto listen); akzeptiert: Facebook (keine Privatprofile), Instagram, Twitter/X, YouTube, TikTok, Twitch – Pinterest NICHT gelistet","Ja (exakte Profil-URL registrieren; Pflichthinweis muss mit dem Account verknüpft sein, z.B. Bio)","Ja (Produkt-/Suchlinks mit Tag; Linkkürzer nur wenn klar erkennbar auf Amazon verlinkt, z.B. amzn.to)",Creators API (Nachfolger der abgekündigten PA-API 5; Voraussetzung: mind. 10 qualifizierte Verkäufe in 30 Tagen),Provision nur auf Käufe im jeweiligen Amazon-Store (amazon.com); Geo-Routing via OneLink/Geniuslink nötig,"Standardsatz lt. Commission Income Statement; seit 14.04.2026: Käufe über bezahlte/geboostete Anzeigen disqualifiziert, 180-Tage-Versand/Zahlungsfrist, Onsite-Provision nur auf gleiche ASIN-Variante; DMs nur 'solicited' (Opt-in); Pflichttext 'As an Amazon Associate I earn from qualifying purchases'; Freischaltung nach 3 Verkäufen in 180 Tagen; individuell verhandelte Publisher-Sätze wurden 2026 lt. Adweek um bis zu 50% gekürzt",https://affiliate-program.amazon.com/help/node/topic/GRXPHT8U84RAYDXZ,2026-09-26
Amazon (alle),Amazon US – Amazon Explore 10%,https://affiliate-program.amazon.com/,Direct (Amazon Associates),US (amazon.com),10%,VERIFIED,24 Std. Session; Warenkorb-Add innerhalb Session -> Kauf bis 89 Tage nach Klick,VERIFIED,UNKNOWN,"Ja – Social-Media-UGC gilt als 'Site' (Account-URL im Antrag/Konto listen); akzeptiert: Facebook (keine Privatprofile), Instagram, Twitter/X, YouTube, TikTok, Twitch – Pinterest NICHT gelistet","Ja (exakte Profil-URL registrieren; Pflichthinweis muss mit dem Account verknüpft sein, z.B. Bio)","Ja (Produkt-/Suchlinks mit Tag; Linkkürzer nur wenn klar erkennbar auf Amazon verlinkt, z.B. amzn.to)",Creators API (Nachfolger der abgekündigten PA-API 5; Voraussetzung: mind. 10 qualifizierte Verkäufe in 30 Tagen),Provision nur auf Käufe im jeweiligen Amazon-Store (amazon.com); Geo-Routing via OneLink/Geniuslink nötig,"Standardsatz lt. Commission Income Statement; seit 14.04.2026: Käufe über bezahlte/geboostete Anzeigen disqualifiziert, 180-Tage-Versand/Zahlungsfrist, Onsite-Provision nur auf gleiche ASIN-Variante; DMs nur 'solicited' (Opt-in); Pflichttext 'As an Amazon Associate I earn from qualifying purchases'; Freischaltung nach 3 Verkäufen in 180 Tagen; individuell verhandelte Publisher-Sätze wurden 2026 lt. Adweek um bis zu 50% gekürzt",https://affiliate-program.amazon.com/help/node/topic/GRXPHT8U84RAYDXZ,2026-09-26
Amazon (alle),Amazon US – Handmade 5%,https://affiliate-program.amazon.com/,Direct (Amazon Associates),US (amazon.com),5%,VERIFIED,24 Std. Session; Warenkorb-Add innerhalb Session -> Kauf bis 89 Tage nach Klick,VERIFIED,UNKNOWN,"Ja – Social-Media-UGC gilt als 'Site' (Account-URL im Antrag/Konto listen); akzeptiert: Facebook (keine Privatprofile), Instagram, Twitter/X, YouTube, TikTok, Twitch – Pinterest NICHT gelistet","Ja (exakte Profil-URL registrieren; Pflichthinweis muss mit dem Account verknüpft sein, z.B. Bio)","Ja (Produkt-/Suchlinks mit Tag; Linkkürzer nur wenn klar erkennbar auf Amazon verlinkt, z.B. amzn.to)",Creators API (Nachfolger der abgekündigten PA-API 5; Voraussetzung: mind. 10 qualifizierte Verkäufe in 30 Tagen),Provision nur auf Käufe im jeweiligen Amazon-Store (amazon.com); Geo-Routing via OneLink/Geniuslink nötig,"Standardsatz lt. Commission Income Statement; seit 14.04.2026: Käufe über bezahlte/geboostete Anzeigen disqualifiziert, 180-Tage-Versand/Zahlungsfrist, Onsite-Provision nur auf gleiche ASIN-Variante; DMs nur 'solicited' (Opt-in); Pflichttext 'As an Amazon Associate I earn from qualifying purchases'; Freischaltung nach 3 Verkäufen in 180 Tagen; individuell verhandelte Publisher-Sätze wurden 2026 lt. Adweek um bis zu 50% gekürzt",https://affiliate-program.amazon.com/help/node/topic/GRXPHT8U84RAYDXZ,2026-09-26
Amazon (alle),Amazon US – Kitchen 4.5%,https://affiliate-program.amazon.com/,Direct (Amazon Associates),US (amazon.com),4.5%,VERIFIED,24 Std. Session; Warenkorb-Add innerhalb Session -> Kauf bis 89 Tage nach Klick,VERIFIED,UNKNOWN,"Ja – Social-Media-UGC gilt als 'Site' (Account-URL im Antrag/Konto listen); akzeptiert: Facebook (keine Privatprofile), Instagram, Twitter/X, YouTube, TikTok, Twitch – Pinterest NICHT gelistet","Ja (exakte Profil-URL registrieren; Pflichthinweis muss mit dem Account verknüpft sein, z.B. Bio)","Ja (Produkt-/Suchlinks mit Tag; Linkkürzer nur wenn klar erkennbar auf Amazon verlinkt, z.B. amzn.to)",Creators API (Nachfolger der abgekündigten PA-API 5; Voraussetzung: mind. 10 qualifizierte Verkäufe in 30 Tagen),Provision nur auf Käufe im jeweiligen Amazon-Store (amazon.com); Geo-Routing via OneLink/Geniuslink nötig,"Standardsatz lt. Commission Income Statement; seit 14.04.2026: Käufe über bezahlte/geboostete Anzeigen disqualifiziert, 180-Tage-Versand/Zahlungsfrist, Onsite-Provision nur auf gleiche ASIN-Variante; DMs nur 'solicited' (Opt-in); Pflichttext 'As an Amazon Associate I earn from qualifying purchases'; Freischaltung nach 3 Verkäufen in 180 Tagen; individuell verhandelte Publisher-Sätze wurden 2026 lt. Adweek um bis zu 50% gekürzt",https://affiliate-program.amazon.com/help/node/topic/GRXPHT8U84RAYDXZ,2026-09-26
Amazon (alle),Amazon US – Automotive 4.5%,https://affiliate-program.amazon.com/,Direct (Amazon Associates),US (amazon.com),4.5%,VERIFIED,24 Std. Session; Warenkorb-Add innerhalb Session -> Kauf bis 89 Tage nach Klick,VERIFIED,UNKNOWN,"Ja – Social-Media-UGC gilt als 'Site' (Account-URL im Antrag/Konto listen); akzeptiert: Facebook (keine Privatprofile), Instagram, Twitter/X, YouTube, TikTok, Twitch – Pinterest NICHT gelistet","Ja (exakte Profil-URL registrieren; Pflichthinweis muss mit dem Account verknüpft sein, z.B. Bio)","Ja (Produkt-/Suchlinks mit Tag; Linkkürzer nur wenn klar erkennbar auf Amazon verlinkt, z.B. amzn.to)",Creators API (Nachfolger der abgekündigten PA-API 5; Voraussetzung: mind. 10 qualifizierte Verkäufe in 30 Tagen),Provision nur auf Käufe im jeweiligen Amazon-Store (amazon.com); Geo-Routing via OneLink/Geniuslink nötig,"Standardsatz lt. Commission Income Statement; seit 14.04.2026: Käufe über bezahlte/geboostete Anzeigen disqualifiziert, 180-Tage-Versand/Zahlungsfrist, Onsite-Provision nur auf gleiche ASIN-Variante; DMs nur 'solicited' (Opt-in); Pflichttext 'As an Amazon Associate I earn from qualifying purchases'; Freischaltung nach 3 Verkäufen in 180 Tagen; individuell verhandelte Publisher-Sätze wurden 2026 lt. Adweek um bis zu 50% gekürzt",https://affiliate-program.amazon.com/help/node/topic/GRXPHT8U84RAYDXZ,2026-09-26
Amazon (alle),Amazon US – Physical Books 4.5%,https://affiliate-program.amazon.com/,Direct (Amazon Associates),US (amazon.com),4.5%,VERIFIED,24 Std. Session; Warenkorb-Add innerhalb Session -> Kauf bis 89 Tage nach Klick,VERIFIED,UNKNOWN,"Ja – Social-Media-UGC gilt als 'Site' (Account-URL im Antrag/Konto listen); akzeptiert: Facebook (keine Privatprofile), Instagram, Twitter/X, YouTube, TikTok, Twitch – Pinterest NICHT gelistet","Ja (exakte Profil-URL registrieren; Pflichthinweis muss mit dem Account verknüpft sein, z.B. Bio)","Ja (Produkt-/Suchlinks mit Tag; Linkkürzer nur wenn klar erkennbar auf Amazon verlinkt, z.B. amzn.to)",Creators API (Nachfolger der abgekündigten PA-API 5; Voraussetzung: mind. 10 qualifizierte Verkäufe in 30 Tagen),Provision nur auf Käufe im jeweiligen Amazon-Store (amazon.com); Geo-Routing via OneLink/Geniuslink nötig,"Standardsatz lt. Commission Income Statement; seit 14.04.2026: Käufe über bezahlte/geboostete Anzeigen disqualifiziert, 180-Tage-Versand/Zahlungsfrist, Onsite-Provision nur auf gleiche ASIN-Variante; DMs nur 'solicited' (Opt-in); Pflichttext 'As an Amazon Associate I earn from qualifying purchases'; Freischaltung nach 3 Verkäufen in 180 Tagen; individuell verhandelte Publisher-Sätze wurden 2026 lt. Adweek um bis zu 50% gekürzt",https://affiliate-program.amazon.com/help/node/topic/GRXPHT8U84RAYDXZ,2026-09-26
Amazon (alle),Amazon US – Apparel 4%,https://affiliate-program.amazon.com/,Direct (Amazon Associates),US (amazon.com),4%,VERIFIED,24 Std. Session; Warenkorb-Add innerhalb Session -> Kauf bis 89 Tage nach Klick,VERIFIED,UNKNOWN,"Ja – Social-Media-UGC gilt als 'Site' (Account-URL im Antrag/Konto listen); akzeptiert: Facebook (keine Privatprofile), Instagram, Twitter/X, YouTube, TikTok, Twitch – Pinterest NICHT gelistet","Ja (exakte Profil-URL registrieren; Pflichthinweis muss mit dem Account verknüpft sein, z.B. Bio)","Ja (Produkt-/Suchlinks mit Tag; Linkkürzer nur wenn klar erkennbar auf Amazon verlinkt, z.B. amzn.to)",Creators API (Nachfolger der abgekündigten PA-API 5; Voraussetzung: mind. 10 qualifizierte Verkäufe in 30 Tagen),Provision nur auf Käufe im jeweiligen Amazon-Store (amazon.com); Geo-Routing via OneLink/Geniuslink nötig,"Standardsatz lt. Commission Income Statement; seit 14.04.2026: Käufe über bezahlte/geboostete Anzeigen disqualifiziert, 180-Tage-Versand/Zahlungsfrist, Onsite-Provision nur auf gleiche ASIN-Variante; DMs nur 'solicited' (Opt-in); Pflichttext 'As an Amazon Associate I earn from qualifying purchases'; Freischaltung nach 3 Verkäufen in 180 Tagen; individuell verhandelte Publisher-Sätze wurden 2026 lt. Adweek um bis zu 50% gekürzt",https://affiliate-program.amazon.com/help/node/topic/GRXPHT8U84RAYDXZ,2026-09-26
Amazon (alle),Amazon US – Jewelry 4%,https://affiliate-program.amazon.com/,Direct (Amazon Associates),US (amazon.com),4%,VERIFIED,24 Std. Session; Warenkorb-Add innerhalb Session -> Kauf bis 89 Tage nach Klick,VERIFIED,UNKNOWN,"Ja – Social-Media-UGC gilt als 'Site' (Account-URL im Antrag/Konto listen); akzeptiert: Facebook (keine Privatprofile), Instagram, Twitter/X, YouTube, TikTok, Twitch – Pinterest NICHT gelistet","Ja (exakte Profil-URL registrieren; Pflichthinweis muss mit dem Account verknüpft sein, z.B. Bio)","Ja (Produkt-/Suchlinks mit Tag; Linkkürzer nur wenn klar erkennbar auf Amazon verlinkt, z.B. amzn.to)",Creators API (Nachfolger der abgekündigten PA-API 5; Voraussetzung: mind. 10 qualifizierte Verkäufe in 30 Tagen),Provision nur auf Käufe im jeweiligen Amazon-Store (amazon.com); Geo-Routing via OneLink/Geniuslink nötig,"Standardsatz lt. Commission Income Statement; seit 14.04.2026: Käufe über bezahlte/geboostete Anzeigen disqualifiziert, 180-Tage-Versand/Zahlungsfrist, Onsite-Provision nur auf gleiche ASIN-Variante; DMs nur 'solicited' (Opt-in); Pflichttext 'As an Amazon Associate I earn from qualifying purchases'; Freischaltung nach 3 Verkäufen in 180 Tagen; individuell verhandelte Publisher-Sätze wurden 2026 lt. Adweek um bis zu 50% gekürzt",https://affiliate-program.amazon.com/help/node/topic/GRXPHT8U84RAYDXZ,2026-09-26
Amazon (alle),Amazon US – Watches 4%,https://affiliate-program.amazon.com/,Direct (Amazon Associates),US (amazon.com),4%,VERIFIED,24 Std. Session; Warenkorb-Add innerhalb Session -> Kauf bis 89 Tage nach Klick,VERIFIED,UNKNOWN,"Ja – Social-Media-UGC gilt als 'Site' (Account-URL im Antrag/Konto listen); akzeptiert: Facebook (keine Privatprofile), Instagram, Twitter/X, YouTube, TikTok, Twitch – Pinterest NICHT gelistet","Ja (exakte Profil-URL registrieren; Pflichthinweis muss mit dem Account verknüpft sein, z.B. Bio)","Ja (Produkt-/Suchlinks mit Tag; Linkkürzer nur wenn klar erkennbar auf Amazon verlinkt, z.B. amzn.to)",Creators API (Nachfolger der abgekündigten PA-API 5; Voraussetzung: mind. 10 qualifizierte Verkäufe in 30 Tagen),Provision nur auf Käufe im jeweiligen Amazon-Store (amazon.com); Geo-Routing via OneLink/Geniuslink nötig,"Standardsatz lt. Commission Income Statement; seit 14.04.2026: Käufe über bezahlte/geboostete Anzeigen disqualifiziert, 180-Tage-Versand/Zahlungsfrist, Onsite-Provision nur auf gleiche ASIN-Variante; DMs nur 'solicited' (Opt-in); Pflichttext 'As an Amazon Associate I earn from qualifying purchases'; Freischaltung nach 3 Verkäufen in 180 Tagen; individuell verhandelte Publisher-Sätze wurden 2026 lt. Adweek um bis zu 50% gekürzt",https://affiliate-program.amazon.com/help/node/topic/GRXPHT8U84RAYDXZ,2026-09-26
Amazon (alle),Amazon US – Luggage 4%,https://affiliate-program.amazon.com/,Direct (Amazon Associates),US (amazon.com),4%,VERIFIED,24 Std. Session; Warenkorb-Add innerhalb Session -> Kauf bis 89 Tage nach Klick,VERIFIED,UNKNOWN,"Ja – Social-Media-UGC gilt als 'Site' (Account-URL im Antrag/Konto listen); akzeptiert: Facebook (keine Privatprofile), Instagram, Twitter/X, YouTube, TikTok, Twitch – Pinterest NICHT gelistet","Ja (exakte Profil-URL registrieren; Pflichthinweis muss mit dem Account verknüpft sein, z.B. Bio)","Ja (Produkt-/Suchlinks mit Tag; Linkkürzer nur wenn klar erkennbar auf Amazon verlinkt, z.B. amzn.to)",Creators API (Nachfolger der abgekündigten PA-API 5; Voraussetzung: mind. 10 qualifizierte Verkäufe in 30 Tagen),Provision nur auf Käufe im jeweiligen Amazon-Store (amazon.com); Geo-Routing via OneLink/Geniuslink nötig,"Standardsatz lt. Commission Income Statement; seit 14.04.2026: Käufe über bezahlte/geboostete Anzeigen disqualifiziert, 180-Tage-Versand/Zahlungsfrist, Onsite-Provision nur auf gleiche ASIN-Variante; DMs nur 'solicited' (Opt-in); Pflichttext 'As an Amazon Associate I earn from qualifying purchases'; Freischaltung nach 3 Verkäufen in 180 Tagen; individuell verhandelte Publisher-Sätze wurden 2026 lt. Adweek um bis zu 50% gekürzt",https://affiliate-program.amazon.com/help/node/topic/GRXPHT8U84RAYDXZ,2026-09-26
Amazon (alle),Amazon US – Shoes 4%,https://affiliate-program.amazon.com/,Direct (Amazon Associates),US (amazon.com),4%,VERIFIED,24 Std. Session; Warenkorb-Add innerhalb Session -> Kauf bis 89 Tage nach Klick,VERIFIED,UNKNOWN,"Ja – Social-Media-UGC gilt als 'Site' (Account-URL im Antrag/Konto listen); akzeptiert: Facebook (keine Privatprofile), Instagram, Twitter/X, YouTube, TikTok, Twitch – Pinterest NICHT gelistet","Ja (exakte Profil-URL registrieren; Pflichthinweis muss mit dem Account verknüpft sein, z.B. Bio)","Ja (Produkt-/Suchlinks mit Tag; Linkkürzer nur wenn klar erkennbar auf Amazon verlinkt, z.B. amzn.to)",Creators API (Nachfolger der abgekündigten PA-API 5; Voraussetzung: mind. 10 qualifizierte Verkäufe in 30 Tagen),Provision nur auf Käufe im jeweiligen Amazon-Store (amazon.com); Geo-Routing via OneLink/Geniuslink nötig,"Standardsatz lt. Commission Income Statement; seit 14.04.2026: Käufe über bezahlte/geboostete Anzeigen disqualifiziert, 180-Tage-Versand/Zahlungsfrist, Onsite-Provision nur auf gleiche ASIN-Variante; DMs nur 'solicited' (Opt-in); Pflichttext 'As an Amazon Associate I earn from qualifying purchases'; Freischaltung nach 3 Verkäufen in 180 Tagen; individuell verhandelte Publisher-Sätze wurden 2026 lt. Adweek um bis zu 50% gekürzt",https://affiliate-program.amazon.com/help/node/topic/GRXPHT8U84RAYDXZ,2026-09-26
Amazon (alle),Amazon US – Handbags & Accessories 4%,https://affiliate-program.amazon.com/,Direct (Amazon Associates),US (amazon.com),4%,VERIFIED,24 Std. Session; Warenkorb-Add innerhalb Session -> Kauf bis 89 Tage nach Klick,VERIFIED,UNKNOWN,"Ja – Social-Media-UGC gilt als 'Site' (Account-URL im Antrag/Konto listen); akzeptiert: Facebook (keine Privatprofile), Instagram, Twitter/X, YouTube, TikTok, Twitch – Pinterest NICHT gelistet","Ja (exakte Profil-URL registrieren; Pflichthinweis muss mit dem Account verknüpft sein, z.B. Bio)","Ja (Produkt-/Suchlinks mit Tag; Linkkürzer nur wenn klar erkennbar auf Amazon verlinkt, z.B. amzn.to)",Creators API (Nachfolger der abgekündigten PA-API 5; Voraussetzung: mind. 10 qualifizierte Verkäufe in 30 Tagen),Provision nur auf Käufe im jeweiligen Amazon-Store (amazon.com); Geo-Routing via OneLink/Geniuslink nötig,"Standardsatz lt. Commission Income Statement; seit 14.04.2026: Käufe über bezahlte/geboostete Anzeigen disqualifiziert, 180-Tage-Versand/Zahlungsfrist, Onsite-Provision nur auf gleiche ASIN-Variante; DMs nur 'solicited' (Opt-in); Pflichttext 'As an Amazon Associate I earn from qualifying purchases'; Freischaltung nach 3 Verkäufen in 180 Tagen; individuell verhandelte Publisher-Sätze wurden 2026 lt. Adweek um bis zu 50% gekürzt",https://affiliate-program.amazon.com/help/node/topic/GRXPHT8U84RAYDXZ,2026-09-26
Amazon (alle),Amazon US – Luxury Stores Fashion 4%,https://affiliate-program.amazon.com/,Direct (Amazon Associates),US (amazon.com),4%,VERIFIED,24 Std. Session; Warenkorb-Add innerhalb Session -> Kauf bis 89 Tage nach Klick,VERIFIED,UNKNOWN,"Ja – Social-Media-UGC gilt als 'Site' (Account-URL im Antrag/Konto listen); akzeptiert: Facebook (keine Privatprofile), Instagram, Twitter/X, YouTube, TikTok, Twitch – Pinterest NICHT gelistet","Ja (exakte Profil-URL registrieren; Pflichthinweis muss mit dem Account verknüpft sein, z.B. Bio)","Ja (Produkt-/Suchlinks mit Tag; Linkkürzer nur wenn klar erkennbar auf Amazon verlinkt, z.B. amzn.to)",Creators API (Nachfolger der abgekündigten PA-API 5; Voraussetzung: mind. 10 qualifizierte Verkäufe in 30 Tagen),Provision nur auf Käufe im jeweiligen Amazon-Store (amazon.com); Geo-Routing via OneLink/Geniuslink nötig,"Standardsatz lt. Commission Income Statement; seit 14.04.2026: Käufe über bezahlte/geboostete Anzeigen disqualifiziert, 180-Tage-Versand/Zahlungsfrist, Onsite-Provision nur auf gleiche ASIN-Variante; DMs nur 'solicited' (Opt-in); Pflichttext 'As an Amazon Associate I earn from qualifying purchases'; Freischaltung nach 3 Verkäufen in 180 Tagen; individuell verhandelte Publisher-Sätze wurden 2026 lt. Adweek um bis zu 50% gekürzt",https://affiliate-program.amazon.com/help/node/topic/GRXPHT8U84RAYDXZ,2026-09-26
Amazon (alle),"Amazon US – Amazon Devices (Echo, Fire TV, Fire Tablet, Kindle, Ring Devices) 4%",https://affiliate-program.amazon.com/,Direct (Amazon Associates),US (amazon.com),4%,VERIFIED,24 Std. Session; Warenkorb-Add innerhalb Session -> Kauf bis 89 Tage nach Klick,VERIFIED,UNKNOWN,"Ja – Social-Media-UGC gilt als 'Site' (Account-URL im Antrag/Konto listen); akzeptiert: Facebook (keine Privatprofile), Instagram, Twitter/X, YouTube, TikTok, Twitch – Pinterest NICHT gelistet","Ja (exakte Profil-URL registrieren; Pflichthinweis muss mit dem Account verknüpft sein, z.B. Bio)","Ja (Produkt-/Suchlinks mit Tag; Linkkürzer nur wenn klar erkennbar auf Amazon verlinkt, z.B. amzn.to)",Creators API (Nachfolger der abgekündigten PA-API 5; Voraussetzung: mind. 10 qualifizierte Verkäufe in 30 Tagen),Provision nur auf Käufe im jeweiligen Amazon-Store (amazon.com); Geo-Routing via OneLink/Geniuslink nötig,"Standardsatz lt. Commission Income Statement; seit 14.04.2026: Käufe über bezahlte/geboostete Anzeigen disqualifiziert, 180-Tage-Versand/Zahlungsfrist, Onsite-Provision nur auf gleiche ASIN-Variante; DMs nur 'solicited' (Opt-in); Pflichttext 'As an Amazon Associate I earn from qualifying purchases'; Freischaltung nach 3 Verkäufen in 180 Tagen; individuell verhandelte Publisher-Sätze wurden 2026 lt. Adweek um bis zu 50% gekürzt",https://affiliate-program.amazon.com/help/node/topic/GRXPHT8U84RAYDXZ,2026-09-26
Amazon (alle),Amazon US – Furniture 3%,https://affiliate-program.amazon.com/,Direct (Amazon Associates),US (amazon.com),3%,VERIFIED,24 Std. Session; Warenkorb-Add innerhalb Session -> Kauf bis 89 Tage nach Klick,VERIFIED,UNKNOWN,"Ja – Social-Media-UGC gilt als 'Site' (Account-URL im Antrag/Konto listen); akzeptiert: Facebook (keine Privatprofile), Instagram, Twitter/X, YouTube, TikTok, Twitch – Pinterest NICHT gelistet","Ja (exakte Profil-URL registrieren; Pflichthinweis muss mit dem Account verknüpft sein, z.B. Bio)","Ja (Produkt-/Suchlinks mit Tag; Linkkürzer nur wenn klar erkennbar auf Amazon verlinkt, z.B. amzn.to)",Creators API (Nachfolger der abgekündigten PA-API 5; Voraussetzung: mind. 10 qualifizierte Verkäufe in 30 Tagen),Provision nur auf Käufe im jeweiligen Amazon-Store (amazon.com); Geo-Routing via OneLink/Geniuslink nötig,"Standardsatz lt. Commission Income Statement; seit 14.04.2026: Käufe über bezahlte/geboostete Anzeigen disqualifiziert, 180-Tage-Versand/Zahlungsfrist, Onsite-Provision nur auf gleiche ASIN-Variante; DMs nur 'solicited' (Opt-in); Pflichttext 'As an Amazon Associate I earn from qualifying purchases'; Freischaltung nach 3 Verkäufen in 180 Tagen; individuell verhandelte Publisher-Sätze wurden 2026 lt. Adweek um bis zu 50% gekürzt",https://affiliate-program.amazon.com/help/node/topic/GRXPHT8U84RAYDXZ,2026-09-26
Amazon (alle),Amazon US – Home 3%,https://affiliate-program.amazon.com/,Direct (Amazon Associates),US (amazon.com),3%,VERIFIED,24 Std. Session; Warenkorb-Add innerhalb Session -> Kauf bis 89 Tage nach Klick,VERIFIED,UNKNOWN,"Ja – Social-Media-UGC gilt als 'Site' (Account-URL im Antrag/Konto listen); akzeptiert: Facebook (keine Privatprofile), Instagram, Twitter/X, YouTube, TikTok, Twitch – Pinterest NICHT gelistet","Ja (exakte Profil-URL registrieren; Pflichthinweis muss mit dem Account verknüpft sein, z.B. Bio)","Ja (Produkt-/Suchlinks mit Tag; Linkkürzer nur wenn klar erkennbar auf Amazon verlinkt, z.B. amzn.to)",Creators API (Nachfolger der abgekündigten PA-API 5; Voraussetzung: mind. 10 qualifizierte Verkäufe in 30 Tagen),Provision nur auf Käufe im jeweiligen Amazon-Store (amazon.com); Geo-Routing via OneLink/Geniuslink nötig,"Standardsatz lt. Commission Income Statement; seit 14.04.2026: Käufe über bezahlte/geboostete Anzeigen disqualifiziert, 180-Tage-Versand/Zahlungsfrist, Onsite-Provision nur auf gleiche ASIN-Variante; DMs nur 'solicited' (Opt-in); Pflichttext 'As an Amazon Associate I earn from qualifying purchases'; Freischaltung nach 3 Verkäufen in 180 Tagen; individuell verhandelte Publisher-Sätze wurden 2026 lt. Adweek um bis zu 50% gekürzt",https://affiliate-program.amazon.com/help/node/topic/GRXPHT8U84RAYDXZ,2026-09-26
Amazon (alle),Amazon US – Home Improvement 3%,https://affiliate-program.amazon.com/,Direct (Amazon Associates),US (amazon.com),3%,VERIFIED,24 Std. Session; Warenkorb-Add innerhalb Session -> Kauf bis 89 Tage nach Klick,VERIFIED,UNKNOWN,"Ja – Social-Media-UGC gilt als 'Site' (Account-URL im Antrag/Konto listen); akzeptiert: Facebook (keine Privatprofile), Instagram, Twitter/X, YouTube, TikTok, Twitch – Pinterest NICHT gelistet","Ja (exakte Profil-URL registrieren; Pflichthinweis muss mit dem Account verknüpft sein, z.B. Bio)","Ja (Produkt-/Suchlinks mit Tag; Linkkürzer nur wenn klar erkennbar auf Amazon verlinkt, z.B. amzn.to)",Creators API (Nachfolger der abgekündigten PA-API 5; Voraussetzung: mind. 10 qualifizierte Verkäufe in 30 Tagen),Provision nur auf Käufe im jeweiligen Amazon-Store (amazon.com); Geo-Routing via OneLink/Geniuslink nötig,"Standardsatz lt. Commission Income Statement; seit 14.04.2026: Käufe über bezahlte/geboostete Anzeigen disqualifiziert, 180-Tage-Versand/Zahlungsfrist, Onsite-Provision nur auf gleiche ASIN-Variante; DMs nur 'solicited' (Opt-in); Pflichttext 'As an Amazon Associate I earn from qualifying purchases'; Freischaltung nach 3 Verkäufen in 180 Tagen; individuell verhandelte Publisher-Sätze wurden 2026 lt. Adweek um bis zu 50% gekürzt",https://affiliate-program.amazon.com/help/node/topic/GRXPHT8U84RAYDXZ,2026-09-26
Amazon (alle),Amazon US – Lawn & Garden 3%,https://affiliate-program.amazon.com/,Direct (Amazon Associates),US (amazon.com),3%,VERIFIED,24 Std. Session; Warenkorb-Add innerhalb Session -> Kauf bis 89 Tage nach Klick,VERIFIED,UNKNOWN,"Ja – Social-Media-UGC gilt als 'Site' (Account-URL im Antrag/Konto listen); akzeptiert: Facebook (keine Privatprofile), Instagram, Twitter/X, YouTube, TikTok, Twitch – Pinterest NICHT gelistet","Ja (exakte Profil-URL registrieren; Pflichthinweis muss mit dem Account verknüpft sein, z.B. Bio)","Ja (Produkt-/Suchlinks mit Tag; Linkkürzer nur wenn klar erkennbar auf Amazon verlinkt, z.B. amzn.to)",Creators API (Nachfolger der abgekündigten PA-API 5; Voraussetzung: mind. 10 qualifizierte Verkäufe in 30 Tagen),Provision nur auf Käufe im jeweiligen Amazon-Store (amazon.com); Geo-Routing via OneLink/Geniuslink nötig,"Standardsatz lt. Commission Income Statement; seit 14.04.2026: Käufe über bezahlte/geboostete Anzeigen disqualifiziert, 180-Tage-Versand/Zahlungsfrist, Onsite-Provision nur auf gleiche ASIN-Variante; DMs nur 'solicited' (Opt-in); Pflichttext 'As an Amazon Associate I earn from qualifying purchases'; Freischaltung nach 3 Verkäufen in 180 Tagen; individuell verhandelte Publisher-Sätze wurden 2026 lt. Adweek um bis zu 50% gekürzt",https://affiliate-program.amazon.com/help/node/topic/GRXPHT8U84RAYDXZ,2026-09-26
Amazon (alle),Amazon US – Pets Products 3%,https://affiliate-program.amazon.com/,Direct (Amazon Associates),US (amazon.com),3%,VERIFIED,24 Std. Session; Warenkorb-Add innerhalb Session -> Kauf bis 89 Tage nach Klick,VERIFIED,UNKNOWN,"Ja – Social-Media-UGC gilt als 'Site' (Account-URL im Antrag/Konto listen); akzeptiert: Facebook (keine Privatprofile), Instagram, Twitter/X, YouTube, TikTok, Twitch – Pinterest NICHT gelistet","Ja (exakte Profil-URL registrieren; Pflichthinweis muss mit dem Account verknüpft sein, z.B. Bio)","Ja (Produkt-/Suchlinks mit Tag; Linkkürzer nur wenn klar erkennbar auf Amazon verlinkt, z.B. amzn.to)",Creators API (Nachfolger der abgekündigten PA-API 5; Voraussetzung: mind. 10 qualifizierte Verkäufe in 30 Tagen),Provision nur auf Käufe im jeweiligen Amazon-Store (amazon.com); Geo-Routing via OneLink/Geniuslink nötig,"Standardsatz lt. Commission Income Statement; seit 14.04.2026: Käufe über bezahlte/geboostete Anzeigen disqualifiziert, 180-Tage-Versand/Zahlungsfrist, Onsite-Provision nur auf gleiche ASIN-Variante; DMs nur 'solicited' (Opt-in); Pflichttext 'As an Amazon Associate I earn from qualifying purchases'; Freischaltung nach 3 Verkäufen in 180 Tagen; individuell verhandelte Publisher-Sätze wurden 2026 lt. Adweek um bis zu 50% gekürzt",https://affiliate-program.amazon.com/help/node/topic/GRXPHT8U84RAYDXZ,2026-09-26
Amazon (alle),Amazon US – Tools 3%,https://affiliate-program.amazon.com/,Direct (Amazon Associates),US (amazon.com),3%,VERIFIED,24 Std. Session; Warenkorb-Add innerhalb Session -> Kauf bis 89 Tage nach Klick,VERIFIED,UNKNOWN,"Ja – Social-Media-UGC gilt als 'Site' (Account-URL im Antrag/Konto listen); akzeptiert: Facebook (keine Privatprofile), Instagram, Twitter/X, YouTube, TikTok, Twitch – Pinterest NICHT gelistet","Ja (exakte Profil-URL registrieren; Pflichthinweis muss mit dem Account verknüpft sein, z.B. Bio)","Ja (Produkt-/Suchlinks mit Tag; Linkkürzer nur wenn klar erkennbar auf Amazon verlinkt, z.B. amzn.to)",Creators API (Nachfolger der abgekündigten PA-API 5; Voraussetzung: mind. 10 qualifizierte Verkäufe in 30 Tagen),Provision nur auf Käufe im jeweiligen Amazon-Store (amazon.com); Geo-Routing via OneLink/Geniuslink nötig,"Standardsatz lt. Commission Income Statement; seit 14.04.2026: Käufe über bezahlte/geboostete Anzeigen disqualifiziert, 180-Tage-Versand/Zahlungsfrist, Onsite-Provision nur auf gleiche ASIN-Variante; DMs nur 'solicited' (Opt-in); Pflichttext 'As an Amazon Associate I earn from qualifying purchases'; Freischaltung nach 3 Verkäufen in 180 Tagen; individuell verhandelte Publisher-Sätze wurden 2026 lt. Adweek um bis zu 50% gekürzt",https://affiliate-program.amazon.com/help/node/topic/GRXPHT8U84RAYDXZ,2026-09-26
Amazon (alle),Amazon US – Sports 3%,https://affiliate-program.amazon.com/,Direct (Amazon Associates),US (amazon.com),3%,VERIFIED,24 Std. Session; Warenkorb-Add innerhalb Session -> Kauf bis 89 Tage nach Klick,VERIFIED,UNKNOWN,"Ja – Social-Media-UGC gilt als 'Site' (Account-URL im Antrag/Konto listen); akzeptiert: Facebook (keine Privatprofile), Instagram, Twitter/X, YouTube, TikTok, Twitch – Pinterest NICHT gelistet","Ja (exakte Profil-URL registrieren; Pflichthinweis muss mit dem Account verknüpft sein, z.B. Bio)","Ja (Produkt-/Suchlinks mit Tag; Linkkürzer nur wenn klar erkennbar auf Amazon verlinkt, z.B. amzn.to)",Creators API (Nachfolger der abgekündigten PA-API 5; Voraussetzung: mind. 10 qualifizierte Verkäufe in 30 Tagen),Provision nur auf Käufe im jeweiligen Amazon-Store (amazon.com); Geo-Routing via OneLink/Geniuslink nötig,"Standardsatz lt. Commission Income Statement; seit 14.04.2026: Käufe über bezahlte/geboostete Anzeigen disqualifiziert, 180-Tage-Versand/Zahlungsfrist, Onsite-Provision nur auf gleiche ASIN-Variante; DMs nur 'solicited' (Opt-in); Pflichttext 'As an Amazon Associate I earn from qualifying purchases'; Freischaltung nach 3 Verkäufen in 180 Tagen; individuell verhandelte Publisher-Sätze wurden 2026 lt. Adweek um bis zu 50% gekürzt",https://affiliate-program.amazon.com/help/node/topic/GRXPHT8U84RAYDXZ,2026-09-26
Amazon (alle),Amazon US – Outdoors 3%,https://affiliate-program.amazon.com/,Direct (Amazon Associates),US (amazon.com),3%,VERIFIED,24 Std. Session; Warenkorb-Add innerhalb Session -> Kauf bis 89 Tage nach Klick,VERIFIED,UNKNOWN,"Ja – Social-Media-UGC gilt als 'Site' (Account-URL im Antrag/Konto listen); akzeptiert: Facebook (keine Privatprofile), Instagram, Twitter/X, YouTube, TikTok, Twitch – Pinterest NICHT gelistet","Ja (exakte Profil-URL registrieren; Pflichthinweis muss mit dem Account verknüpft sein, z.B. Bio)","Ja (Produkt-/Suchlinks mit Tag; Linkkürzer nur wenn klar erkennbar auf Amazon verlinkt, z.B. amzn.to)",Creators API (Nachfolger der abgekündigten PA-API 5; Voraussetzung: mind. 10 qualifizierte Verkäufe in 30 Tagen),Provision nur auf Käufe im jeweiligen Amazon-Store (amazon.com); Geo-Routing via OneLink/Geniuslink nötig,"Standardsatz lt. Commission Income Statement; seit 14.04.2026: Käufe über bezahlte/geboostete Anzeigen disqualifiziert, 180-Tage-Versand/Zahlungsfrist, Onsite-Provision nur auf gleiche ASIN-Variante; DMs nur 'solicited' (Opt-in); Pflichttext 'As an Amazon Associate I earn from qualifying purchases'; Freischaltung nach 3 Verkäufen in 180 Tagen; individuell verhandelte Publisher-Sätze wurden 2026 lt. Adweek um bis zu 50% gekürzt",https://affiliate-program.amazon.com/help/node/topic/GRXPHT8U84RAYDXZ,2026-09-26
Amazon (alle),Amazon US – Toys 3%,https://affiliate-program.amazon.com/,Direct (Amazon Associates),US (amazon.com),3%,VERIFIED,24 Std. Session; Warenkorb-Add innerhalb Session -> Kauf bis 89 Tage nach Klick,VERIFIED,UNKNOWN,"Ja – Social-Media-UGC gilt als 'Site' (Account-URL im Antrag/Konto listen); akzeptiert: Facebook (keine Privatprofile), Instagram, Twitter/X, YouTube, TikTok, Twitch – Pinterest NICHT gelistet","Ja (exakte Profil-URL registrieren; Pflichthinweis muss mit dem Account verknüpft sein, z.B. Bio)","Ja (Produkt-/Suchlinks mit Tag; Linkkürzer nur wenn klar erkennbar auf Amazon verlinkt, z.B. amzn.to)",Creators API (Nachfolger der abgekündigten PA-API 5; Voraussetzung: mind. 10 qualifizierte Verkäufe in 30 Tagen),Provision nur auf Käufe im jeweiligen Amazon-Store (amazon.com); Geo-Routing via OneLink/Geniuslink nötig,"Standardsatz lt. Commission Income Statement; seit 14.04.2026: Käufe über bezahlte/geboostete Anzeigen disqualifiziert, 180-Tage-Versand/Zahlungsfrist, Onsite-Provision nur auf gleiche ASIN-Variante; DMs nur 'solicited' (Opt-in); Pflichttext 'As an Amazon Associate I earn from qualifying purchases'; Freischaltung nach 3 Verkäufen in 180 Tagen; individuell verhandelte Publisher-Sätze wurden 2026 lt. Adweek um bis zu 50% gekürzt",https://affiliate-program.amazon.com/help/node/topic/GRXPHT8U84RAYDXZ,2026-09-26
Amazon (alle),Amazon US – Baby Products 3%,https://affiliate-program.amazon.com/,Direct (Amazon Associates),US (amazon.com),3%,VERIFIED,24 Std. Session; Warenkorb-Add innerhalb Session -> Kauf bis 89 Tage nach Klick,VERIFIED,UNKNOWN,"Ja – Social-Media-UGC gilt als 'Site' (Account-URL im Antrag/Konto listen); akzeptiert: Facebook (keine Privatprofile), Instagram, Twitter/X, YouTube, TikTok, Twitch – Pinterest NICHT gelistet","Ja (exakte Profil-URL registrieren; Pflichthinweis muss mit dem Account verknüpft sein, z.B. Bio)","Ja (Produkt-/Suchlinks mit Tag; Linkkürzer nur wenn klar erkennbar auf Amazon verlinkt, z.B. amzn.to)",Creators API (Nachfolger der abgekündigten PA-API 5; Voraussetzung: mind. 10 qualifizierte Verkäufe in 30 Tagen),Provision nur auf Käufe im jeweiligen Amazon-Store (amazon.com); Geo-Routing via OneLink/Geniuslink nötig,"Standardsatz lt. Commission Income Statement; seit 14.04.2026: Käufe über bezahlte/geboostete Anzeigen disqualifiziert, 180-Tage-Versand/Zahlungsfrist, Onsite-Provision nur auf gleiche ASIN-Variante; DMs nur 'solicited' (Opt-in); Pflichttext 'As an Amazon Associate I earn from qualifying purchases'; Freischaltung nach 3 Verkäufen in 180 Tagen; individuell verhandelte Publisher-Sätze wurden 2026 lt. Adweek um bis zu 50% gekürzt",https://affiliate-program.amazon.com/help/node/topic/GRXPHT8U84RAYDXZ,2026-09-26
Amazon (alle),Amazon US – Beauty 3%,https://affiliate-program.amazon.com/,Direct (Amazon Associates),US (amazon.com),3%,VERIFIED,24 Std. Session; Warenkorb-Add innerhalb Session -> Kauf bis 89 Tage nach Klick,VERIFIED,UNKNOWN,"Ja – Social-Media-UGC gilt als 'Site' (Account-URL im Antrag/Konto listen); akzeptiert: Facebook (keine Privatprofile), Instagram, Twitter/X, YouTube, TikTok, Twitch – Pinterest NICHT gelistet","Ja (exakte Profil-URL registrieren; Pflichthinweis muss mit dem Account verknüpft sein, z.B. Bio)","Ja (Produkt-/Suchlinks mit Tag; Linkkürzer nur wenn klar erkennbar auf Amazon verlinkt, z.B. amzn.to)",Creators API (Nachfolger der abgekündigten PA-API 5; Voraussetzung: mind. 10 qualifizierte Verkäufe in 30 Tagen),Provision nur auf Käufe im jeweiligen Amazon-Store (amazon.com); Geo-Routing via OneLink/Geniuslink nötig,"Standardsatz lt. Commission Income Statement; seit 14.04.2026: Käufe über bezahlte/geboostete Anzeigen disqualifiziert, 180-Tage-Versand/Zahlungsfrist, Onsite-Provision nur auf gleiche ASIN-Variante; DMs nur 'solicited' (Opt-in); Pflichttext 'As an Amazon Associate I earn from qualifying purchases'; Freischaltung nach 3 Verkäufen in 180 Tagen; individuell verhandelte Publisher-Sätze wurden 2026 lt. Adweek um bis zu 50% gekürzt",https://affiliate-program.amazon.com/help/node/topic/GRXPHT8U84RAYDXZ,2026-09-26
Amazon (alle),Amazon US – Headphones 3%,https://affiliate-program.amazon.com/,Direct (Amazon Associates),US (amazon.com),3%,VERIFIED,24 Std. Session; Warenkorb-Add innerhalb Session -> Kauf bis 89 Tage nach Klick,VERIFIED,UNKNOWN,"Ja – Social-Media-UGC gilt als 'Site' (Account-URL im Antrag/Konto listen); akzeptiert: Facebook (keine Privatprofile), Instagram, Twitter/X, YouTube, TikTok, Twitch – Pinterest NICHT gelistet","Ja (exakte Profil-URL registrieren; Pflichthinweis muss mit dem Account verknüpft sein, z.B. Bio)","Ja (Produkt-/Suchlinks mit Tag; Linkkürzer nur wenn klar erkennbar auf Amazon verlinkt, z.B. amzn.to)",Creators API (Nachfolger der abgekündigten PA-API 5; Voraussetzung: mind. 10 qualifizierte Verkäufe in 30 Tagen),Provision nur auf Käufe im jeweiligen Amazon-Store (amazon.com); Geo-Routing via OneLink/Geniuslink nötig,"Standardsatz lt. Commission Income Statement; seit 14.04.2026: Käufe über bezahlte/geboostete Anzeigen disqualifiziert, 180-Tage-Versand/Zahlungsfrist, Onsite-Provision nur auf gleiche ASIN-Variante; DMs nur 'solicited' (Opt-in); Pflichttext 'As an Amazon Associate I earn from qualifying purchases'; Freischaltung nach 3 Verkäufen in 180 Tagen; individuell verhandelte Publisher-Sätze wurden 2026 lt. Adweek um bis zu 50% gekürzt",https://affiliate-program.amazon.com/help/node/topic/GRXPHT8U84RAYDXZ,2026-09-26
Amazon (alle),Amazon US – Musical Instruments 3%,https://affiliate-program.amazon.com/,Direct (Amazon Associates),US (amazon.com),3%,VERIFIED,24 Std. Session; Warenkorb-Add innerhalb Session -> Kauf bis 89 Tage nach Klick,VERIFIED,UNKNOWN,"Ja – Social-Media-UGC gilt als 'Site' (Account-URL im Antrag/Konto listen); akzeptiert: Facebook (keine Privatprofile), Instagram, Twitter/X, YouTube, TikTok, Twitch – Pinterest NICHT gelistet","Ja (exakte Profil-URL registrieren; Pflichthinweis muss mit dem Account verknüpft sein, z.B. Bio)","Ja (Produkt-/Suchlinks mit Tag; Linkkürzer nur wenn klar erkennbar auf Amazon verlinkt, z.B. amzn.to)",Creators API (Nachfolger der abgekündigten PA-API 5; Voraussetzung: mind. 10 qualifizierte Verkäufe in 30 Tagen),Provision nur auf Käufe im jeweiligen Amazon-Store (amazon.com); Geo-Routing via OneLink/Geniuslink nötig,"Standardsatz lt. Commission Income Statement; seit 14.04.2026: Käufe über bezahlte/geboostete Anzeigen disqualifiziert, 180-Tage-Versand/Zahlungsfrist, Onsite-Provision nur auf gleiche ASIN-Variante; DMs nur 'solicited' (Opt-in); Pflichttext 'As an Amazon Associate I earn from qualifying purchases'; Freischaltung nach 3 Verkäufen in 180 Tagen; individuell verhandelte Publisher-Sätze wurden 2026 lt. Adweek um bis zu 50% gekürzt",https://affiliate-program.amazon.com/help/node/topic/GRXPHT8U84RAYDXZ,2026-09-26
Amazon (alle),Amazon US – PC & PC Components (Computers) 2.5%,https://affiliate-program.amazon.com/,Direct (Amazon Associates),US (amazon.com),2.5%,VERIFIED,24 Std. Session; Warenkorb-Add innerhalb Session -> Kauf bis 89 Tage nach Klick,VERIFIED,UNKNOWN,"Ja – Social-Media-UGC gilt als 'Site' (Account-URL im Antrag/Konto listen); akzeptiert: Facebook (keine Privatprofile), Instagram, Twitter/X, YouTube, TikTok, Twitch – Pinterest NICHT gelistet","Ja (exakte Profil-URL registrieren; Pflichthinweis muss mit dem Account verknüpft sein, z.B. Bio)","Ja (Produkt-/Suchlinks mit Tag; Linkkürzer nur wenn klar erkennbar auf Amazon verlinkt, z.B. amzn.to)",Creators API (Nachfolger der abgekündigten PA-API 5; Voraussetzung: mind. 10 qualifizierte Verkäufe in 30 Tagen),Provision nur auf Käufe im jeweiligen Amazon-Store (amazon.com); Geo-Routing via OneLink/Geniuslink nötig,"Standardsatz lt. Commission Income Statement; seit 14.04.2026: Käufe über bezahlte/geboostete Anzeigen disqualifiziert, 180-Tage-Versand/Zahlungsfrist, Onsite-Provision nur auf gleiche ASIN-Variante; DMs nur 'solicited' (Opt-in); Pflichttext 'As an Amazon Associate I earn from qualifying purchases'; Freischaltung nach 3 Verkäufen in 180 Tagen; individuell verhandelte Publisher-Sätze wurden 2026 lt. Adweek um bis zu 50% gekürzt",https://affiliate-program.amazon.com/help/node/topic/GRXPHT8U84RAYDXZ,2026-09-26
Amazon (alle),Amazon US – Televisions 2%,https://affiliate-program.amazon.com/,Direct (Amazon Associates),US (amazon.com),2%,VERIFIED,24 Std. Session; Warenkorb-Add innerhalb Session -> Kauf bis 89 Tage nach Klick,VERIFIED,UNKNOWN,"Ja – Social-Media-UGC gilt als 'Site' (Account-URL im Antrag/Konto listen); akzeptiert: Facebook (keine Privatprofile), Instagram, Twitter/X, YouTube, TikTok, Twitch – Pinterest NICHT gelistet","Ja (exakte Profil-URL registrieren; Pflichthinweis muss mit dem Account verknüpft sein, z.B. Bio)","Ja (Produkt-/Suchlinks mit Tag; Linkkürzer nur wenn klar erkennbar auf Amazon verlinkt, z.B. amzn.to)",Creators API (Nachfolger der abgekündigten PA-API 5; Voraussetzung: mind. 10 qualifizierte Verkäufe in 30 Tagen),Provision nur auf Käufe im jeweiligen Amazon-Store (amazon.com); Geo-Routing via OneLink/Geniuslink nötig,"Standardsatz lt. Commission Income Statement; seit 14.04.2026: Käufe über bezahlte/geboostete Anzeigen disqualifiziert, 180-Tage-Versand/Zahlungsfrist, Onsite-Provision nur auf gleiche ASIN-Variante; DMs nur 'solicited' (Opt-in); Pflichttext 'As an Amazon Associate I earn from qualifying purchases'; Freischaltung nach 3 Verkäufen in 180 Tagen; individuell verhandelte Publisher-Sätze wurden 2026 lt. Adweek um bis zu 50% gekürzt",https://affiliate-program.amazon.com/help/node/topic/GRXPHT8U84RAYDXZ,2026-09-26
Amazon (alle),Amazon US – Digital Video Games 2%,https://affiliate-program.amazon.com/,Direct (Amazon Associates),US (amazon.com),2%,VERIFIED,24 Std. Session; Warenkorb-Add innerhalb Session -> Kauf bis 89 Tage nach Klick,VERIFIED,UNKNOWN,"Ja – Social-Media-UGC gilt als 'Site' (Account-URL im Antrag/Konto listen); akzeptiert: Facebook (keine Privatprofile), Instagram, Twitter/X, YouTube, TikTok, Twitch – Pinterest NICHT gelistet","Ja (exakte Profil-URL registrieren; Pflichthinweis muss mit dem Account verknüpft sein, z.B. Bio)","Ja (Produkt-/Suchlinks mit Tag; Linkkürzer nur wenn klar erkennbar auf Amazon verlinkt, z.B. amzn.to)",Creators API (Nachfolger der abgekündigten PA-API 5; Voraussetzung: mind. 10 qualifizierte Verkäufe in 30 Tagen),Provision nur auf Käufe im jeweiligen Amazon-Store (amazon.com); Geo-Routing via OneLink/Geniuslink nötig,"Standardsatz lt. Commission Income Statement; seit 14.04.2026: Käufe über bezahlte/geboostete Anzeigen disqualifiziert, 180-Tage-Versand/Zahlungsfrist, Onsite-Provision nur auf gleiche ASIN-Variante; DMs nur 'solicited' (Opt-in); Pflichttext 'As an Amazon Associate I earn from qualifying purchases'; Freischaltung nach 3 Verkäufen in 180 Tagen; individuell verhandelte Publisher-Sätze wurden 2026 lt. Adweek um bis zu 50% gekürzt",https://affiliate-program.amazon.com/help/node/topic/GRXPHT8U84RAYDXZ,2026-09-26
Amazon (alle),Amazon US – Physical Video Games & Consoles 1%,https://affiliate-program.amazon.com/,Direct (Amazon Associates),US (amazon.com),1%,VERIFIED,24 Std. Session; Warenkorb-Add innerhalb Session -> Kauf bis 89 Tage nach Klick,VERIFIED,UNKNOWN,"Ja – Social-Media-UGC gilt als 'Site' (Account-URL im Antrag/Konto listen); akzeptiert: Facebook (keine Privatprofile), Instagram, Twitter/X, YouTube, TikTok, Twitch – Pinterest NICHT gelistet","Ja (exakte Profil-URL registrieren; Pflichthinweis muss mit dem Account verknüpft sein, z.B. Bio)","Ja (Produkt-/Suchlinks mit Tag; Linkkürzer nur wenn klar erkennbar auf Amazon verlinkt, z.B. amzn.to)",Creators API (Nachfolger der abgekündigten PA-API 5; Voraussetzung: mind. 10 qualifizierte Verkäufe in 30 Tagen),Provision nur auf Käufe im jeweiligen Amazon-Store (amazon.com); Geo-Routing via OneLink/Geniuslink nötig,"Standardsatz lt. Commission Income Statement; seit 14.04.2026: Käufe über bezahlte/geboostete Anzeigen disqualifiziert, 180-Tage-Versand/Zahlungsfrist, Onsite-Provision nur auf gleiche ASIN-Variante; DMs nur 'solicited' (Opt-in); Pflichttext 'As an Amazon Associate I earn from qualifying purchases'; Freischaltung nach 3 Verkäufen in 180 Tagen; individuell verhandelte Publisher-Sätze wurden 2026 lt. Adweek um bis zu 50% gekürzt",https://affiliate-program.amazon.com/help/node/topic/GRXPHT8U84RAYDXZ,2026-09-26
Amazon (alle),Amazon US – Grocery / Amazon Fresh 1%,https://affiliate-program.amazon.com/,Direct (Amazon Associates),US (amazon.com),1%,VERIFIED,24 Std. Session; Warenkorb-Add innerhalb Session -> Kauf bis 89 Tage nach Klick,VERIFIED,UNKNOWN,"Ja – Social-Media-UGC gilt als 'Site' (Account-URL im Antrag/Konto listen); akzeptiert: Facebook (keine Privatprofile), Instagram, Twitter/X, YouTube, TikTok, Twitch – Pinterest NICHT gelistet","Ja (exakte Profil-URL registrieren; Pflichthinweis muss mit dem Account verknüpft sein, z.B. Bio)","Ja (Produkt-/Suchlinks mit Tag; Linkkürzer nur wenn klar erkennbar auf Amazon verlinkt, z.B. amzn.to)",Creators API (Nachfolger der abgekündigten PA-API 5; Voraussetzung: mind. 10 qualifizierte Verkäufe in 30 Tagen),Provision nur auf Käufe im jeweiligen Amazon-Store (amazon.com); Geo-Routing via OneLink/Geniuslink nötig,"Standardsatz lt. Commission Income Statement; seit 14.04.2026: Käufe über bezahlte/geboostete Anzeigen disqualifiziert, 180-Tage-Versand/Zahlungsfrist, Onsite-Provision nur auf gleiche ASIN-Variante; DMs nur 'solicited' (Opt-in); Pflichttext 'As an Amazon Associate I earn from qualifying purchases'; Freischaltung nach 3 Verkäufen in 180 Tagen; individuell verhandelte Publisher-Sätze wurden 2026 lt. Adweek um bis zu 50% gekürzt",https://affiliate-program.amazon.com/help/node/topic/GRXPHT8U84RAYDXZ,2026-09-26
Amazon (alle),Amazon US – Health & Personal Care 1%,https://affiliate-program.amazon.com/,Direct (Amazon Associates),US (amazon.com),1%,VERIFIED,24 Std. Session; Warenkorb-Add innerhalb Session -> Kauf bis 89 Tage nach Klick,VERIFIED,UNKNOWN,"Ja – Social-Media-UGC gilt als 'Site' (Account-URL im Antrag/Konto listen); akzeptiert: Facebook (keine Privatprofile), Instagram, Twitter/X, YouTube, TikTok, Twitch – Pinterest NICHT gelistet","Ja (exakte Profil-URL registrieren; Pflichthinweis muss mit dem Account verknüpft sein, z.B. Bio)","Ja (Produkt-/Suchlinks mit Tag; Linkkürzer nur wenn klar erkennbar auf Amazon verlinkt, z.B. amzn.to)",Creators API (Nachfolger der abgekündigten PA-API 5; Voraussetzung: mind. 10 qualifizierte Verkäufe in 30 Tagen),Provision nur auf Käufe im jeweiligen Amazon-Store (amazon.com); Geo-Routing via OneLink/Geniuslink nötig,"Standardsatz lt. Commission Income Statement; seit 14.04.2026: Käufe über bezahlte/geboostete Anzeigen disqualifiziert, 180-Tage-Versand/Zahlungsfrist, Onsite-Provision nur auf gleiche ASIN-Variante; DMs nur 'solicited' (Opt-in); Pflichttext 'As an Amazon Associate I earn from qualifying purchases'; Freischaltung nach 3 Verkäufen in 180 Tagen; individuell verhandelte Publisher-Sätze wurden 2026 lt. Adweek um bis zu 50% gekürzt",https://affiliate-program.amazon.com/help/node/topic/GRXPHT8U84RAYDXZ,2026-09-26
Amazon (alle),Amazon US – Electronics (nicht separat gelistet -> 'All Other Categories') 4%,https://affiliate-program.amazon.com/,Direct (Amazon Associates),US (amazon.com),4%,VERIFIED,24 Std. Session; Warenkorb-Add innerhalb Session -> Kauf bis 89 Tage nach Klick,VERIFIED,UNKNOWN,"Ja – Social-Media-UGC gilt als 'Site' (Account-URL im Antrag/Konto listen); akzeptiert: Facebook (keine Privatprofile), Instagram, Twitter/X, YouTube, TikTok, Twitch – Pinterest NICHT gelistet","Ja (exakte Profil-URL registrieren; Pflichthinweis muss mit dem Account verknüpft sein, z.B. Bio)","Ja (Produkt-/Suchlinks mit Tag; Linkkürzer nur wenn klar erkennbar auf Amazon verlinkt, z.B. amzn.to)",Creators API (Nachfolger der abgekündigten PA-API 5; Voraussetzung: mind. 10 qualifizierte Verkäufe in 30 Tagen),Provision nur auf Käufe im jeweiligen Amazon-Store (amazon.com); Geo-Routing via OneLink/Geniuslink nötig,"Zuordnung 'Electronics' zu 'All Other Categories' ist abgeleitet (Kategorie nicht explizit in Tabelle 1) | Standardsatz lt. Commission Income Statement; seit 14.04.2026: Käufe über bezahlte/geboostete Anzeigen disqualifiziert, 180-Tage-Versand/Zahlungsfrist, Onsite-Provision nur auf gleiche ASIN-Variante; DMs nur 'solicited' (Opt-in); Pflichttext 'As an Amazon Associate I earn from qualifying purchases'; Freischaltung nach 3 Verkäufen in 180 Tagen; individuell verhandelte Publisher-Sätze wurden 2026 lt. Adweek um bis zu 50% gekürzt",https://affiliate-program.amazon.com/help/node/topic/GRXPHT8U84RAYDXZ,2026-09-26
Amazon (alle),Amazon US – All Other Categories 4%,https://affiliate-program.amazon.com/,Direct (Amazon Associates),US (amazon.com),4%,VERIFIED,24 Std. Session; Warenkorb-Add innerhalb Session -> Kauf bis 89 Tage nach Klick,VERIFIED,UNKNOWN,"Ja – Social-Media-UGC gilt als 'Site' (Account-URL im Antrag/Konto listen); akzeptiert: Facebook (keine Privatprofile), Instagram, Twitter/X, YouTube, TikTok, Twitch – Pinterest NICHT gelistet","Ja (exakte Profil-URL registrieren; Pflichthinweis muss mit dem Account verknüpft sein, z.B. Bio)","Ja (Produkt-/Suchlinks mit Tag; Linkkürzer nur wenn klar erkennbar auf Amazon verlinkt, z.B. amzn.to)",Creators API (Nachfolger der abgekündigten PA-API 5; Voraussetzung: mind. 10 qualifizierte Verkäufe in 30 Tagen),Provision nur auf Käufe im jeweiligen Amazon-Store (amazon.com); Geo-Routing via OneLink/Geniuslink nötig,"Standardsatz lt. Commission Income Statement; seit 14.04.2026: Käufe über bezahlte/geboostete Anzeigen disqualifiziert, 180-Tage-Versand/Zahlungsfrist, Onsite-Provision nur auf gleiche ASIN-Variante; DMs nur 'solicited' (Opt-in); Pflichttext 'As an Amazon Associate I earn from qualifying purchases'; Freischaltung nach 3 Verkäufen in 180 Tagen; individuell verhandelte Publisher-Sätze wurden 2026 lt. Adweek um bis zu 50% gekürzt",https://affiliate-program.amazon.com/help/node/topic/GRXPHT8U84RAYDXZ,2026-09-26
Amazon (alle),Amazon US – Gift Cards / Alcoholic Beverages / Pet Prescription u.a. 0%,https://affiliate-program.amazon.com/,Direct (Amazon Associates),US (amazon.com),0%,VERIFIED,24 Std. Session; Warenkorb-Add innerhalb Session -> Kauf bis 89 Tage nach Klick,VERIFIED,UNKNOWN,"Ja – Social-Media-UGC gilt als 'Site' (Account-URL im Antrag/Konto listen); akzeptiert: Facebook (keine Privatprofile), Instagram, Twitter/X, YouTube, TikTok, Twitch – Pinterest NICHT gelistet","Ja (exakte Profil-URL registrieren; Pflichthinweis muss mit dem Account verknüpft sein, z.B. Bio)","Ja (Produkt-/Suchlinks mit Tag; Linkkürzer nur wenn klar erkennbar auf Amazon verlinkt, z.B. amzn.to)",Creators API (Nachfolger der abgekündigten PA-API 5; Voraussetzung: mind. 10 qualifizierte Verkäufe in 30 Tagen),Provision nur auf Käufe im jeweiligen Amazon-Store (amazon.com); Geo-Routing via OneLink/Geniuslink nötig,"Standardsatz lt. Commission Income Statement; seit 14.04.2026: Käufe über bezahlte/geboostete Anzeigen disqualifiziert, 180-Tage-Versand/Zahlungsfrist, Onsite-Provision nur auf gleiche ASIN-Variante; DMs nur 'solicited' (Opt-in); Pflichttext 'As an Amazon Associate I earn from qualifying purchases'; Freischaltung nach 3 Verkäufen in 180 Tagen; individuell verhandelte Publisher-Sätze wurden 2026 lt. Adweek um bis zu 50% gekürzt",https://affiliate-program.amazon.com/help/node/topic/GRXPHT8U84RAYDXZ,2026-09-26
Amazon (alle),Amazon DE – Bekleidung & Accessoires / Amazon Fashion Eigenmarken 6%,https://partnernet.amazon.de/,Direct (Amazon PartnerNet),DE/AT (amazon.de),6%,VERIFIED,24 Std. Session; Warenkorb-Add innerhalb Session -> Kauf bis 89 Tage nach Klick,VERIFIED,UNKNOWN,"Ja – nutzergenerierte Social-Media-Inhalte gelten als 'Website'; akzeptiert: Facebook (keine Privatprofile), Instagram, Twitter/X, YouTube, TikTok, Twitch – Pinterest NICHT gelistet","Ja (exakte Profil-URL registrieren; Pflichthinweis muss mit dem Account verknüpft sein, z.B. Bio)","Ja (Produkt-/Suchlinks mit Tag; Linkkürzer nur wenn klar erkennbar auf Amazon verlinkt, z.B. amzn.to)",Creators API (Nachfolger der abgekündigten PA-API 5; Voraussetzung: mind. 10 qualifizierte Verkäufe in 30 Tagen),Provision nur für amazon.de-Käufe; EU-Stores separat (eigene Tags),"Standard-Vergütungskatalog DE (identisch UK/EU-Anhang; gleiche Sätze für direkte/indirekte Käufe); Sätze liegen unter dem Stand 23.06.2025 (lt. ABAKUS-Forum z.B. Möbel/Wohnen 6%) -> weitere Senkung, Datum unbekannt; seit 14.04.2026: bezahlte/verstärkte Werbung disqualifiziert, 180-Tage-Frist; Direktnachrichten nur wenn 'angefordert' (Opt-in); Pflichttext 'Als Amazon-Partner verdiene ich an qualifizierten Verkäufen' + '#Anzeige'; Startseite wirbt 'bis zu 12%' (über Tabelle hinaus nur Sonderprogramme)",https://partnernet.amazon.de/help/node/topic/GRXPHT8U84RAYDXZ,2026-09-26
Amazon (alle),Amazon DE – Luxus / Luxus Beauty Stores / Luxus Fashion Stores 6%,https://partnernet.amazon.de/,Direct (Amazon PartnerNet),DE/AT (amazon.de),6%,VERIFIED,24 Std. Session; Warenkorb-Add innerhalb Session -> Kauf bis 89 Tage nach Klick,VERIFIED,UNKNOWN,"Ja – nutzergenerierte Social-Media-Inhalte gelten als 'Website'; akzeptiert: Facebook (keine Privatprofile), Instagram, Twitter/X, YouTube, TikTok, Twitch – Pinterest NICHT gelistet","Ja (exakte Profil-URL registrieren; Pflichthinweis muss mit dem Account verknüpft sein, z.B. Bio)","Ja (Produkt-/Suchlinks mit Tag; Linkkürzer nur wenn klar erkennbar auf Amazon verlinkt, z.B. amzn.to)",Creators API (Nachfolger der abgekündigten PA-API 5; Voraussetzung: mind. 10 qualifizierte Verkäufe in 30 Tagen),Provision nur für amazon.de-Käufe; EU-Stores separat (eigene Tags),"Standard-Vergütungskatalog DE (identisch UK/EU-Anhang; gleiche Sätze für direkte/indirekte Käufe); Sätze liegen unter dem Stand 23.06.2025 (lt. ABAKUS-Forum z.B. Möbel/Wohnen 6%) -> weitere Senkung, Datum unbekannt; seit 14.04.2026: bezahlte/verstärkte Werbung disqualifiziert, 180-Tage-Frist; Direktnachrichten nur wenn 'angefordert' (Opt-in); Pflichttext 'Als Amazon-Partner verdiene ich an qualifizierten Verkäufen' + '#Anzeige'; Startseite wirbt 'bis zu 12%' (über Tabelle hinaus nur Sonderprogramme)",https://partnernet.amazon.de/help/node/topic/GRXPHT8U84RAYDXZ,2026-09-26
Amazon (alle),"Amazon DE – Schuhe, Handtaschen & Geldbörsen 6%",https://partnernet.amazon.de/,Direct (Amazon PartnerNet),DE/AT (amazon.de),6%,VERIFIED,24 Std. Session; Warenkorb-Add innerhalb Session -> Kauf bis 89 Tage nach Klick,VERIFIED,UNKNOWN,"Ja – nutzergenerierte Social-Media-Inhalte gelten als 'Website'; akzeptiert: Facebook (keine Privatprofile), Instagram, Twitter/X, YouTube, TikTok, Twitch – Pinterest NICHT gelistet","Ja (exakte Profil-URL registrieren; Pflichthinweis muss mit dem Account verknüpft sein, z.B. Bio)","Ja (Produkt-/Suchlinks mit Tag; Linkkürzer nur wenn klar erkennbar auf Amazon verlinkt, z.B. amzn.to)",Creators API (Nachfolger der abgekündigten PA-API 5; Voraussetzung: mind. 10 qualifizierte Verkäufe in 30 Tagen),Provision nur für amazon.de-Käufe; EU-Stores separat (eigene Tags),"Standard-Vergütungskatalog DE (identisch UK/EU-Anhang; gleiche Sätze für direkte/indirekte Käufe); Sätze liegen unter dem Stand 23.06.2025 (lt. ABAKUS-Forum z.B. Möbel/Wohnen 6%) -> weitere Senkung, Datum unbekannt; seit 14.04.2026: bezahlte/verstärkte Werbung disqualifiziert, 180-Tage-Frist; Direktnachrichten nur wenn 'angefordert' (Opt-in); Pflichttext 'Als Amazon-Partner verdiene ich an qualifizierten Verkäufen' + '#Anzeige'; Startseite wirbt 'bis zu 12%' (über Tabelle hinaus nur Sonderprogramme)",https://partnernet.amazon.de/help/node/topic/GRXPHT8U84RAYDXZ,2026-09-26
Amazon (alle),Amazon DE – Uhren 6%,https://partnernet.amazon.de/,Direct (Amazon PartnerNet),DE/AT (amazon.de),6%,VERIFIED,24 Std. Session; Warenkorb-Add innerhalb Session -> Kauf bis 89 Tage nach Klick,VERIFIED,UNKNOWN,"Ja – nutzergenerierte Social-Media-Inhalte gelten als 'Website'; akzeptiert: Facebook (keine Privatprofile), Instagram, Twitter/X, YouTube, TikTok, Twitch – Pinterest NICHT gelistet","Ja (exakte Profil-URL registrieren; Pflichthinweis muss mit dem Account verknüpft sein, z.B. Bio)","Ja (Produkt-/Suchlinks mit Tag; Linkkürzer nur wenn klar erkennbar auf Amazon verlinkt, z.B. amzn.to)",Creators API (Nachfolger der abgekündigten PA-API 5; Voraussetzung: mind. 10 qualifizierte Verkäufe in 30 Tagen),Provision nur für amazon.de-Käufe; EU-Stores separat (eigene Tags),"Standard-Vergütungskatalog DE (identisch UK/EU-Anhang; gleiche Sätze für direkte/indirekte Käufe); Sätze liegen unter dem Stand 23.06.2025 (lt. ABAKUS-Forum z.B. Möbel/Wohnen 6%) -> weitere Senkung, Datum unbekannt; seit 14.04.2026: bezahlte/verstärkte Werbung disqualifiziert, 180-Tage-Frist; Direktnachrichten nur wenn 'angefordert' (Opt-in); Pflichttext 'Als Amazon-Partner verdiene ich an qualifizierten Verkäufen' + '#Anzeige'; Startseite wirbt 'bis zu 12%' (über Tabelle hinaus nur Sonderprogramme)",https://partnernet.amazon.de/help/node/topic/GRXPHT8U84RAYDXZ,2026-09-26
Amazon (alle),Amazon DE – Möbel 5%,https://partnernet.amazon.de/,Direct (Amazon PartnerNet),DE/AT (amazon.de),5%,VERIFIED,24 Std. Session; Warenkorb-Add innerhalb Session -> Kauf bis 89 Tage nach Klick,VERIFIED,UNKNOWN,"Ja – nutzergenerierte Social-Media-Inhalte gelten als 'Website'; akzeptiert: Facebook (keine Privatprofile), Instagram, Twitter/X, YouTube, TikTok, Twitch – Pinterest NICHT gelistet","Ja (exakte Profil-URL registrieren; Pflichthinweis muss mit dem Account verknüpft sein, z.B. Bio)","Ja (Produkt-/Suchlinks mit Tag; Linkkürzer nur wenn klar erkennbar auf Amazon verlinkt, z.B. amzn.to)",Creators API (Nachfolger der abgekündigten PA-API 5; Voraussetzung: mind. 10 qualifizierte Verkäufe in 30 Tagen),Provision nur für amazon.de-Käufe; EU-Stores separat (eigene Tags),"Standard-Vergütungskatalog DE (identisch UK/EU-Anhang; gleiche Sätze für direkte/indirekte Käufe); Sätze liegen unter dem Stand 23.06.2025 (lt. ABAKUS-Forum z.B. Möbel/Wohnen 6%) -> weitere Senkung, Datum unbekannt; seit 14.04.2026: bezahlte/verstärkte Werbung disqualifiziert, 180-Tage-Frist; Direktnachrichten nur wenn 'angefordert' (Opt-in); Pflichttext 'Als Amazon-Partner verdiene ich an qualifizierten Verkäufen' + '#Anzeige'; Startseite wirbt 'bis zu 12%' (über Tabelle hinaus nur Sonderprogramme)",https://partnernet.amazon.de/help/node/topic/GRXPHT8U84RAYDXZ,2026-09-26
Amazon (alle),Amazon DE – Wohnen 5%,https://partnernet.amazon.de/,Direct (Amazon PartnerNet),DE/AT (amazon.de),5%,VERIFIED,24 Std. Session; Warenkorb-Add innerhalb Session -> Kauf bis 89 Tage nach Klick,VERIFIED,UNKNOWN,"Ja – nutzergenerierte Social-Media-Inhalte gelten als 'Website'; akzeptiert: Facebook (keine Privatprofile), Instagram, Twitter/X, YouTube, TikTok, Twitch – Pinterest NICHT gelistet","Ja (exakte Profil-URL registrieren; Pflichthinweis muss mit dem Account verknüpft sein, z.B. Bio)","Ja (Produkt-/Suchlinks mit Tag; Linkkürzer nur wenn klar erkennbar auf Amazon verlinkt, z.B. amzn.to)",Creators API (Nachfolger der abgekündigten PA-API 5; Voraussetzung: mind. 10 qualifizierte Verkäufe in 30 Tagen),Provision nur für amazon.de-Käufe; EU-Stores separat (eigene Tags),"Standard-Vergütungskatalog DE (identisch UK/EU-Anhang; gleiche Sätze für direkte/indirekte Käufe); Sätze liegen unter dem Stand 23.06.2025 (lt. ABAKUS-Forum z.B. Möbel/Wohnen 6%) -> weitere Senkung, Datum unbekannt; seit 14.04.2026: bezahlte/verstärkte Werbung disqualifiziert, 180-Tage-Frist; Direktnachrichten nur wenn 'angefordert' (Opt-in); Pflichttext 'Als Amazon-Partner verdiene ich an qualifizierten Verkäufen' + '#Anzeige'; Startseite wirbt 'bis zu 12%' (über Tabelle hinaus nur Sonderprogramme)",https://partnernet.amazon.de/help/node/topic/GRXPHT8U84RAYDXZ,2026-09-26
Amazon (alle),Amazon DE – Küche & Esszimmer 5%,https://partnernet.amazon.de/,Direct (Amazon PartnerNet),DE/AT (amazon.de),5%,VERIFIED,24 Std. Session; Warenkorb-Add innerhalb Session -> Kauf bis 89 Tage nach Klick,VERIFIED,UNKNOWN,"Ja – nutzergenerierte Social-Media-Inhalte gelten als 'Website'; akzeptiert: Facebook (keine Privatprofile), Instagram, Twitter/X, YouTube, TikTok, Twitch – Pinterest NICHT gelistet","Ja (exakte Profil-URL registrieren; Pflichthinweis muss mit dem Account verknüpft sein, z.B. Bio)","Ja (Produkt-/Suchlinks mit Tag; Linkkürzer nur wenn klar erkennbar auf Amazon verlinkt, z.B. amzn.to)",Creators API (Nachfolger der abgekündigten PA-API 5; Voraussetzung: mind. 10 qualifizierte Verkäufe in 30 Tagen),Provision nur für amazon.de-Käufe; EU-Stores separat (eigene Tags),"Standard-Vergütungskatalog DE (identisch UK/EU-Anhang; gleiche Sätze für direkte/indirekte Käufe); Sätze liegen unter dem Stand 23.06.2025 (lt. ABAKUS-Forum z.B. Möbel/Wohnen 6%) -> weitere Senkung, Datum unbekannt; seit 14.04.2026: bezahlte/verstärkte Werbung disqualifiziert, 180-Tage-Frist; Direktnachrichten nur wenn 'angefordert' (Opt-in); Pflichttext 'Als Amazon-Partner verdiene ich an qualifizierten Verkäufen' + '#Anzeige'; Startseite wirbt 'bis zu 12%' (über Tabelle hinaus nur Sonderprogramme)",https://partnernet.amazon.de/help/node/topic/GRXPHT8U84RAYDXZ,2026-09-26
Amazon (alle),Amazon DE – Baumarkt 5%,https://partnernet.amazon.de/,Direct (Amazon PartnerNet),DE/AT (amazon.de),5%,VERIFIED,24 Std. Session; Warenkorb-Add innerhalb Session -> Kauf bis 89 Tage nach Klick,VERIFIED,UNKNOWN,"Ja – nutzergenerierte Social-Media-Inhalte gelten als 'Website'; akzeptiert: Facebook (keine Privatprofile), Instagram, Twitter/X, YouTube, TikTok, Twitch – Pinterest NICHT gelistet","Ja (exakte Profil-URL registrieren; Pflichthinweis muss mit dem Account verknüpft sein, z.B. Bio)","Ja (Produkt-/Suchlinks mit Tag; Linkkürzer nur wenn klar erkennbar auf Amazon verlinkt, z.B. amzn.to)",Creators API (Nachfolger der abgekündigten PA-API 5; Voraussetzung: mind. 10 qualifizierte Verkäufe in 30 Tagen),Provision nur für amazon.de-Käufe; EU-Stores separat (eigene Tags),"Standard-Vergütungskatalog DE (identisch UK/EU-Anhang; gleiche Sätze für direkte/indirekte Käufe); Sätze liegen unter dem Stand 23.06.2025 (lt. ABAKUS-Forum z.B. Möbel/Wohnen 6%) -> weitere Senkung, Datum unbekannt; seit 14.04.2026: bezahlte/verstärkte Werbung disqualifiziert, 180-Tage-Frist; Direktnachrichten nur wenn 'angefordert' (Opt-in); Pflichttext 'Als Amazon-Partner verdiene ich an qualifizierten Verkäufen' + '#Anzeige'; Startseite wirbt 'bis zu 12%' (über Tabelle hinaus nur Sonderprogramme)",https://partnernet.amazon.de/help/node/topic/GRXPHT8U84RAYDXZ,2026-09-26
Amazon (alle),Amazon DE – Elektro- & Handwerkzeuge 5%,https://partnernet.amazon.de/,Direct (Amazon PartnerNet),DE/AT (amazon.de),5%,VERIFIED,24 Std. Session; Warenkorb-Add innerhalb Session -> Kauf bis 89 Tage nach Klick,VERIFIED,UNKNOWN,"Ja – nutzergenerierte Social-Media-Inhalte gelten als 'Website'; akzeptiert: Facebook (keine Privatprofile), Instagram, Twitter/X, YouTube, TikTok, Twitch – Pinterest NICHT gelistet","Ja (exakte Profil-URL registrieren; Pflichthinweis muss mit dem Account verknüpft sein, z.B. Bio)","Ja (Produkt-/Suchlinks mit Tag; Linkkürzer nur wenn klar erkennbar auf Amazon verlinkt, z.B. amzn.to)",Creators API (Nachfolger der abgekündigten PA-API 5; Voraussetzung: mind. 10 qualifizierte Verkäufe in 30 Tagen),Provision nur für amazon.de-Käufe; EU-Stores separat (eigene Tags),"Standard-Vergütungskatalog DE (identisch UK/EU-Anhang; gleiche Sätze für direkte/indirekte Käufe); Sätze liegen unter dem Stand 23.06.2025 (lt. ABAKUS-Forum z.B. Möbel/Wohnen 6%) -> weitere Senkung, Datum unbekannt; seit 14.04.2026: bezahlte/verstärkte Werbung disqualifiziert, 180-Tage-Frist; Direktnachrichten nur wenn 'angefordert' (Opt-in); Pflichttext 'Als Amazon-Partner verdiene ich an qualifizierten Verkäufen' + '#Anzeige'; Startseite wirbt 'bis zu 12%' (über Tabelle hinaus nur Sonderprogramme)",https://partnernet.amazon.de/help/node/topic/GRXPHT8U84RAYDXZ,2026-09-26
Amazon (alle),Amazon DE – Schmuck 5%,https://partnernet.amazon.de/,Direct (Amazon PartnerNet),DE/AT (amazon.de),5%,VERIFIED,24 Std. Session; Warenkorb-Add innerhalb Session -> Kauf bis 89 Tage nach Klick,VERIFIED,UNKNOWN,"Ja – nutzergenerierte Social-Media-Inhalte gelten als 'Website'; akzeptiert: Facebook (keine Privatprofile), Instagram, Twitter/X, YouTube, TikTok, Twitch – Pinterest NICHT gelistet","Ja (exakte Profil-URL registrieren; Pflichthinweis muss mit dem Account verknüpft sein, z.B. Bio)","Ja (Produkt-/Suchlinks mit Tag; Linkkürzer nur wenn klar erkennbar auf Amazon verlinkt, z.B. amzn.to)",Creators API (Nachfolger der abgekündigten PA-API 5; Voraussetzung: mind. 10 qualifizierte Verkäufe in 30 Tagen),Provision nur für amazon.de-Käufe; EU-Stores separat (eigene Tags),"Standard-Vergütungskatalog DE (identisch UK/EU-Anhang; gleiche Sätze für direkte/indirekte Käufe); Sätze liegen unter dem Stand 23.06.2025 (lt. ABAKUS-Forum z.B. Möbel/Wohnen 6%) -> weitere Senkung, Datum unbekannt; seit 14.04.2026: bezahlte/verstärkte Werbung disqualifiziert, 180-Tage-Frist; Direktnachrichten nur wenn 'angefordert' (Opt-in); Pflichttext 'Als Amazon-Partner verdiene ich an qualifizierten Verkäufen' + '#Anzeige'; Startseite wirbt 'bis zu 12%' (über Tabelle hinaus nur Sonderprogramme)",https://partnernet.amazon.de/help/node/topic/GRXPHT8U84RAYDXZ,2026-09-26
Amazon (alle),Amazon DE – Auto & Motorrad 5%,https://partnernet.amazon.de/,Direct (Amazon PartnerNet),DE/AT (amazon.de),5%,VERIFIED,24 Std. Session; Warenkorb-Add innerhalb Session -> Kauf bis 89 Tage nach Klick,VERIFIED,UNKNOWN,"Ja – nutzergenerierte Social-Media-Inhalte gelten als 'Website'; akzeptiert: Facebook (keine Privatprofile), Instagram, Twitter/X, YouTube, TikTok, Twitch – Pinterest NICHT gelistet","Ja (exakte Profil-URL registrieren; Pflichthinweis muss mit dem Account verknüpft sein, z.B. Bio)","Ja (Produkt-/Suchlinks mit Tag; Linkkürzer nur wenn klar erkennbar auf Amazon verlinkt, z.B. amzn.to)",Creators API (Nachfolger der abgekündigten PA-API 5; Voraussetzung: mind. 10 qualifizierte Verkäufe in 30 Tagen),Provision nur für amazon.de-Käufe; EU-Stores separat (eigene Tags),"Standard-Vergütungskatalog DE (identisch UK/EU-Anhang; gleiche Sätze für direkte/indirekte Käufe); Sätze liegen unter dem Stand 23.06.2025 (lt. ABAKUS-Forum z.B. Möbel/Wohnen 6%) -> weitere Senkung, Datum unbekannt; seit 14.04.2026: bezahlte/verstärkte Werbung disqualifiziert, 180-Tage-Frist; Direktnachrichten nur wenn 'angefordert' (Opt-in); Pflichttext 'Als Amazon-Partner verdiene ich an qualifizierten Verkäufen' + '#Anzeige'; Startseite wirbt 'bis zu 12%' (über Tabelle hinaus nur Sonderprogramme)",https://partnernet.amazon.de/help/node/topic/GRXPHT8U84RAYDXZ,2026-09-26
Amazon (alle),Amazon DE – Bücher / Kindle eBooks 5%,https://partnernet.amazon.de/,Direct (Amazon PartnerNet),DE/AT (amazon.de),5%,VERIFIED,24 Std. Session; Warenkorb-Add innerhalb Session -> Kauf bis 89 Tage nach Klick,VERIFIED,UNKNOWN,"Ja – nutzergenerierte Social-Media-Inhalte gelten als 'Website'; akzeptiert: Facebook (keine Privatprofile), Instagram, Twitter/X, YouTube, TikTok, Twitch – Pinterest NICHT gelistet","Ja (exakte Profil-URL registrieren; Pflichthinweis muss mit dem Account verknüpft sein, z.B. Bio)","Ja (Produkt-/Suchlinks mit Tag; Linkkürzer nur wenn klar erkennbar auf Amazon verlinkt, z.B. amzn.to)",Creators API (Nachfolger der abgekündigten PA-API 5; Voraussetzung: mind. 10 qualifizierte Verkäufe in 30 Tagen),Provision nur für amazon.de-Käufe; EU-Stores separat (eigene Tags),"Standard-Vergütungskatalog DE (identisch UK/EU-Anhang; gleiche Sätze für direkte/indirekte Käufe); Sätze liegen unter dem Stand 23.06.2025 (lt. ABAKUS-Forum z.B. Möbel/Wohnen 6%) -> weitere Senkung, Datum unbekannt; seit 14.04.2026: bezahlte/verstärkte Werbung disqualifiziert, 180-Tage-Frist; Direktnachrichten nur wenn 'angefordert' (Opt-in); Pflichttext 'Als Amazon-Partner verdiene ich an qualifizierten Verkäufen' + '#Anzeige'; Startseite wirbt 'bis zu 12%' (über Tabelle hinaus nur Sonderprogramme)",https://partnernet.amazon.de/help/node/topic/GRXPHT8U84RAYDXZ,2026-09-26
Amazon (alle),Amazon DE – Handmade 5%,https://partnernet.amazon.de/,Direct (Amazon PartnerNet),DE/AT (amazon.de),5%,VERIFIED,24 Std. Session; Warenkorb-Add innerhalb Session -> Kauf bis 89 Tage nach Klick,VERIFIED,UNKNOWN,"Ja – nutzergenerierte Social-Media-Inhalte gelten als 'Website'; akzeptiert: Facebook (keine Privatprofile), Instagram, Twitter/X, YouTube, TikTok, Twitch – Pinterest NICHT gelistet","Ja (exakte Profil-URL registrieren; Pflichthinweis muss mit dem Account verknüpft sein, z.B. Bio)","Ja (Produkt-/Suchlinks mit Tag; Linkkürzer nur wenn klar erkennbar auf Amazon verlinkt, z.B. amzn.to)",Creators API (Nachfolger der abgekündigten PA-API 5; Voraussetzung: mind. 10 qualifizierte Verkäufe in 30 Tagen),Provision nur für amazon.de-Käufe; EU-Stores separat (eigene Tags),"Standard-Vergütungskatalog DE (identisch UK/EU-Anhang; gleiche Sätze für direkte/indirekte Käufe); Sätze liegen unter dem Stand 23.06.2025 (lt. ABAKUS-Forum z.B. Möbel/Wohnen 6%) -> weitere Senkung, Datum unbekannt; seit 14.04.2026: bezahlte/verstärkte Werbung disqualifiziert, 180-Tage-Frist; Direktnachrichten nur wenn 'angefordert' (Opt-in); Pflichttext 'Als Amazon-Partner verdiene ich an qualifizierten Verkäufen' + '#Anzeige'; Startseite wirbt 'bis zu 12%' (über Tabelle hinaus nur Sonderprogramme)",https://partnernet.amazon.de/help/node/topic/GRXPHT8U84RAYDXZ,2026-09-26
Amazon (alle),Amazon DE – Beauty 4%,https://partnernet.amazon.de/,Direct (Amazon PartnerNet),DE/AT (amazon.de),4%,VERIFIED,24 Std. Session; Warenkorb-Add innerhalb Session -> Kauf bis 89 Tage nach Klick,VERIFIED,UNKNOWN,"Ja – nutzergenerierte Social-Media-Inhalte gelten als 'Website'; akzeptiert: Facebook (keine Privatprofile), Instagram, Twitter/X, YouTube, TikTok, Twitch – Pinterest NICHT gelistet","Ja (exakte Profil-URL registrieren; Pflichthinweis muss mit dem Account verknüpft sein, z.B. Bio)","Ja (Produkt-/Suchlinks mit Tag; Linkkürzer nur wenn klar erkennbar auf Amazon verlinkt, z.B. amzn.to)",Creators API (Nachfolger der abgekündigten PA-API 5; Voraussetzung: mind. 10 qualifizierte Verkäufe in 30 Tagen),Provision nur für amazon.de-Käufe; EU-Stores separat (eigene Tags),"Standard-Vergütungskatalog DE (identisch UK/EU-Anhang; gleiche Sätze für direkte/indirekte Käufe); Sätze liegen unter dem Stand 23.06.2025 (lt. ABAKUS-Forum z.B. Möbel/Wohnen 6%) -> weitere Senkung, Datum unbekannt; seit 14.04.2026: bezahlte/verstärkte Werbung disqualifiziert, 180-Tage-Frist; Direktnachrichten nur wenn 'angefordert' (Opt-in); Pflichttext 'Als Amazon-Partner verdiene ich an qualifizierten Verkäufen' + '#Anzeige'; Startseite wirbt 'bis zu 12%' (über Tabelle hinaus nur Sonderprogramme)",https://partnernet.amazon.de/help/node/topic/GRXPHT8U84RAYDXZ,2026-09-26
Amazon (alle),Amazon DE – Gepäck 4%,https://partnernet.amazon.de/,Direct (Amazon PartnerNet),DE/AT (amazon.de),4%,VERIFIED,24 Std. Session; Warenkorb-Add innerhalb Session -> Kauf bis 89 Tage nach Klick,VERIFIED,UNKNOWN,"Ja – nutzergenerierte Social-Media-Inhalte gelten als 'Website'; akzeptiert: Facebook (keine Privatprofile), Instagram, Twitter/X, YouTube, TikTok, Twitch – Pinterest NICHT gelistet","Ja (exakte Profil-URL registrieren; Pflichthinweis muss mit dem Account verknüpft sein, z.B. Bio)","Ja (Produkt-/Suchlinks mit Tag; Linkkürzer nur wenn klar erkennbar auf Amazon verlinkt, z.B. amzn.to)",Creators API (Nachfolger der abgekündigten PA-API 5; Voraussetzung: mind. 10 qualifizierte Verkäufe in 30 Tagen),Provision nur für amazon.de-Käufe; EU-Stores separat (eigene Tags),"Standard-Vergütungskatalog DE (identisch UK/EU-Anhang; gleiche Sätze für direkte/indirekte Käufe); Sätze liegen unter dem Stand 23.06.2025 (lt. ABAKUS-Forum z.B. Möbel/Wohnen 6%) -> weitere Senkung, Datum unbekannt; seit 14.04.2026: bezahlte/verstärkte Werbung disqualifiziert, 180-Tage-Frist; Direktnachrichten nur wenn 'angefordert' (Opt-in); Pflichttext 'Als Amazon-Partner verdiene ich an qualifizierten Verkäufen' + '#Anzeige'; Startseite wirbt 'bis zu 12%' (über Tabelle hinaus nur Sonderprogramme)",https://partnernet.amazon.de/help/node/topic/GRXPHT8U84RAYDXZ,2026-09-26
Amazon (alle),Amazon DE – Körperpflegegeräte 4%,https://partnernet.amazon.de/,Direct (Amazon PartnerNet),DE/AT (amazon.de),4%,VERIFIED,24 Std. Session; Warenkorb-Add innerhalb Session -> Kauf bis 89 Tage nach Klick,VERIFIED,UNKNOWN,"Ja – nutzergenerierte Social-Media-Inhalte gelten als 'Website'; akzeptiert: Facebook (keine Privatprofile), Instagram, Twitter/X, YouTube, TikTok, Twitch – Pinterest NICHT gelistet","Ja (exakte Profil-URL registrieren; Pflichthinweis muss mit dem Account verknüpft sein, z.B. Bio)","Ja (Produkt-/Suchlinks mit Tag; Linkkürzer nur wenn klar erkennbar auf Amazon verlinkt, z.B. amzn.to)",Creators API (Nachfolger der abgekündigten PA-API 5; Voraussetzung: mind. 10 qualifizierte Verkäufe in 30 Tagen),Provision nur für amazon.de-Käufe; EU-Stores separat (eigene Tags),"Standard-Vergütungskatalog DE (identisch UK/EU-Anhang; gleiche Sätze für direkte/indirekte Käufe); Sätze liegen unter dem Stand 23.06.2025 (lt. ABAKUS-Forum z.B. Möbel/Wohnen 6%) -> weitere Senkung, Datum unbekannt; seit 14.04.2026: bezahlte/verstärkte Werbung disqualifiziert, 180-Tage-Frist; Direktnachrichten nur wenn 'angefordert' (Opt-in); Pflichttext 'Als Amazon-Partner verdiene ich an qualifizierten Verkäufen' + '#Anzeige'; Startseite wirbt 'bis zu 12%' (über Tabelle hinaus nur Sonderprogramme)",https://partnernet.amazon.de/help/node/topic/GRXPHT8U84RAYDXZ,2026-09-26
Amazon (alle),Amazon DE – Sport & Fitness 4%,https://partnernet.amazon.de/,Direct (Amazon PartnerNet),DE/AT (amazon.de),4%,VERIFIED,24 Std. Session; Warenkorb-Add innerhalb Session -> Kauf bis 89 Tage nach Klick,VERIFIED,UNKNOWN,"Ja – nutzergenerierte Social-Media-Inhalte gelten als 'Website'; akzeptiert: Facebook (keine Privatprofile), Instagram, Twitter/X, YouTube, TikTok, Twitch – Pinterest NICHT gelistet","Ja (exakte Profil-URL registrieren; Pflichthinweis muss mit dem Account verknüpft sein, z.B. Bio)","Ja (Produkt-/Suchlinks mit Tag; Linkkürzer nur wenn klar erkennbar auf Amazon verlinkt, z.B. amzn.to)",Creators API (Nachfolger der abgekündigten PA-API 5; Voraussetzung: mind. 10 qualifizierte Verkäufe in 30 Tagen),Provision nur für amazon.de-Käufe; EU-Stores separat (eigene Tags),"Standard-Vergütungskatalog DE (identisch UK/EU-Anhang; gleiche Sätze für direkte/indirekte Käufe); Sätze liegen unter dem Stand 23.06.2025 (lt. ABAKUS-Forum z.B. Möbel/Wohnen 6%) -> weitere Senkung, Datum unbekannt; seit 14.04.2026: bezahlte/verstärkte Werbung disqualifiziert, 180-Tage-Frist; Direktnachrichten nur wenn 'angefordert' (Opt-in); Pflichttext 'Als Amazon-Partner verdiene ich an qualifizierten Verkäufen' + '#Anzeige'; Startseite wirbt 'bis zu 12%' (über Tabelle hinaus nur Sonderprogramme)",https://partnernet.amazon.de/help/node/topic/GRXPHT8U84RAYDXZ,2026-09-26
Amazon (alle),Amazon DE – Haushaltsgroßgeräte 2.5%,https://partnernet.amazon.de/,Direct (Amazon PartnerNet),DE/AT (amazon.de),2.5%,VERIFIED,24 Std. Session; Warenkorb-Add innerhalb Session -> Kauf bis 89 Tage nach Klick,VERIFIED,UNKNOWN,"Ja – nutzergenerierte Social-Media-Inhalte gelten als 'Website'; akzeptiert: Facebook (keine Privatprofile), Instagram, Twitter/X, YouTube, TikTok, Twitch – Pinterest NICHT gelistet","Ja (exakte Profil-URL registrieren; Pflichthinweis muss mit dem Account verknüpft sein, z.B. Bio)","Ja (Produkt-/Suchlinks mit Tag; Linkkürzer nur wenn klar erkennbar auf Amazon verlinkt, z.B. amzn.to)",Creators API (Nachfolger der abgekündigten PA-API 5; Voraussetzung: mind. 10 qualifizierte Verkäufe in 30 Tagen),Provision nur für amazon.de-Käufe; EU-Stores separat (eigene Tags),"Standard-Vergütungskatalog DE (identisch UK/EU-Anhang; gleiche Sätze für direkte/indirekte Käufe); Sätze liegen unter dem Stand 23.06.2025 (lt. ABAKUS-Forum z.B. Möbel/Wohnen 6%) -> weitere Senkung, Datum unbekannt; seit 14.04.2026: bezahlte/verstärkte Werbung disqualifiziert, 180-Tage-Frist; Direktnachrichten nur wenn 'angefordert' (Opt-in); Pflichttext 'Als Amazon-Partner verdiene ich an qualifizierten Verkäufen' + '#Anzeige'; Startseite wirbt 'bis zu 12%' (über Tabelle hinaus nur Sonderprogramme)",https://partnernet.amazon.de/help/node/topic/GRXPHT8U84RAYDXZ,2026-09-26
Amazon (alle),Amazon DE – Fire TV Geräte 2.5%,https://partnernet.amazon.de/,Direct (Amazon PartnerNet),DE/AT (amazon.de),2.5%,VERIFIED,24 Std. Session; Warenkorb-Add innerhalb Session -> Kauf bis 89 Tage nach Klick,VERIFIED,UNKNOWN,"Ja – nutzergenerierte Social-Media-Inhalte gelten als 'Website'; akzeptiert: Facebook (keine Privatprofile), Instagram, Twitter/X, YouTube, TikTok, Twitch – Pinterest NICHT gelistet","Ja (exakte Profil-URL registrieren; Pflichthinweis muss mit dem Account verknüpft sein, z.B. Bio)","Ja (Produkt-/Suchlinks mit Tag; Linkkürzer nur wenn klar erkennbar auf Amazon verlinkt, z.B. amzn.to)",Creators API (Nachfolger der abgekündigten PA-API 5; Voraussetzung: mind. 10 qualifizierte Verkäufe in 30 Tagen),Provision nur für amazon.de-Käufe; EU-Stores separat (eigene Tags),"Standard-Vergütungskatalog DE (identisch UK/EU-Anhang; gleiche Sätze für direkte/indirekte Käufe); Sätze liegen unter dem Stand 23.06.2025 (lt. ABAKUS-Forum z.B. Möbel/Wohnen 6%) -> weitere Senkung, Datum unbekannt; seit 14.04.2026: bezahlte/verstärkte Werbung disqualifiziert, 180-Tage-Frist; Direktnachrichten nur wenn 'angefordert' (Opt-in); Pflichttext 'Als Amazon-Partner verdiene ich an qualifizierten Verkäufen' + '#Anzeige'; Startseite wirbt 'bis zu 12%' (über Tabelle hinaus nur Sonderprogramme)",https://partnernet.amazon.de/help/node/topic/GRXPHT8U84RAYDXZ,2026-09-26
Amazon (alle),Amazon DE – Mobile Elektronik 2.5%,https://partnernet.amazon.de/,Direct (Amazon PartnerNet),DE/AT (amazon.de),2.5%,VERIFIED,24 Std. Session; Warenkorb-Add innerhalb Session -> Kauf bis 89 Tage nach Klick,VERIFIED,UNKNOWN,"Ja – nutzergenerierte Social-Media-Inhalte gelten als 'Website'; akzeptiert: Facebook (keine Privatprofile), Instagram, Twitter/X, YouTube, TikTok, Twitch – Pinterest NICHT gelistet","Ja (exakte Profil-URL registrieren; Pflichthinweis muss mit dem Account verknüpft sein, z.B. Bio)","Ja (Produkt-/Suchlinks mit Tag; Linkkürzer nur wenn klar erkennbar auf Amazon verlinkt, z.B. amzn.to)",Creators API (Nachfolger der abgekündigten PA-API 5; Voraussetzung: mind. 10 qualifizierte Verkäufe in 30 Tagen),Provision nur für amazon.de-Käufe; EU-Stores separat (eigene Tags),"Standard-Vergütungskatalog DE (identisch UK/EU-Anhang; gleiche Sätze für direkte/indirekte Käufe); Sätze liegen unter dem Stand 23.06.2025 (lt. ABAKUS-Forum z.B. Möbel/Wohnen 6%) -> weitere Senkung, Datum unbekannt; seit 14.04.2026: bezahlte/verstärkte Werbung disqualifiziert, 180-Tage-Frist; Direktnachrichten nur wenn 'angefordert' (Opt-in); Pflichttext 'Als Amazon-Partner verdiene ich an qualifizierten Verkäufen' + '#Anzeige'; Startseite wirbt 'bis zu 12%' (über Tabelle hinaus nur Sonderprogramme)",https://partnernet.amazon.de/help/node/topic/GRXPHT8U84RAYDXZ,2026-09-26
Amazon (alle),Amazon DE – Lebensmittel / Amazon Fresh / Vorratskammer 1%,https://partnernet.amazon.de/,Direct (Amazon PartnerNet),DE/AT (amazon.de),1%,VERIFIED,24 Std. Session; Warenkorb-Add innerhalb Session -> Kauf bis 89 Tage nach Klick,VERIFIED,UNKNOWN,"Ja – nutzergenerierte Social-Media-Inhalte gelten als 'Website'; akzeptiert: Facebook (keine Privatprofile), Instagram, Twitter/X, YouTube, TikTok, Twitch – Pinterest NICHT gelistet","Ja (exakte Profil-URL registrieren; Pflichthinweis muss mit dem Account verknüpft sein, z.B. Bio)","Ja (Produkt-/Suchlinks mit Tag; Linkkürzer nur wenn klar erkennbar auf Amazon verlinkt, z.B. amzn.to)",Creators API (Nachfolger der abgekündigten PA-API 5; Voraussetzung: mind. 10 qualifizierte Verkäufe in 30 Tagen),Provision nur für amazon.de-Käufe; EU-Stores separat (eigene Tags),"Standard-Vergütungskatalog DE (identisch UK/EU-Anhang; gleiche Sätze für direkte/indirekte Käufe); Sätze liegen unter dem Stand 23.06.2025 (lt. ABAKUS-Forum z.B. Möbel/Wohnen 6%) -> weitere Senkung, Datum unbekannt; seit 14.04.2026: bezahlte/verstärkte Werbung disqualifiziert, 180-Tage-Frist; Direktnachrichten nur wenn 'angefordert' (Opt-in); Pflichttext 'Als Amazon-Partner verdiene ich an qualifizierten Verkäufen' + '#Anzeige'; Startseite wirbt 'bis zu 12%' (über Tabelle hinaus nur Sonderprogramme)",https://partnernet.amazon.de/help/node/topic/GRXPHT8U84RAYDXZ,2026-09-26
Amazon (alle),Amazon DE – Videospiele & Spielkonsolen 1%,https://partnernet.amazon.de/,Direct (Amazon PartnerNet),DE/AT (amazon.de),1%,VERIFIED,24 Std. Session; Warenkorb-Add innerhalb Session -> Kauf bis 89 Tage nach Klick,VERIFIED,UNKNOWN,"Ja – nutzergenerierte Social-Media-Inhalte gelten als 'Website'; akzeptiert: Facebook (keine Privatprofile), Instagram, Twitter/X, YouTube, TikTok, Twitch – Pinterest NICHT gelistet","Ja (exakte Profil-URL registrieren; Pflichthinweis muss mit dem Account verknüpft sein, z.B. Bio)","Ja (Produkt-/Suchlinks mit Tag; Linkkürzer nur wenn klar erkennbar auf Amazon verlinkt, z.B. amzn.to)",Creators API (Nachfolger der abgekündigten PA-API 5; Voraussetzung: mind. 10 qualifizierte Verkäufe in 30 Tagen),Provision nur für amazon.de-Käufe; EU-Stores separat (eigene Tags),"Standard-Vergütungskatalog DE (identisch UK/EU-Anhang; gleiche Sätze für direkte/indirekte Käufe); Sätze liegen unter dem Stand 23.06.2025 (lt. ABAKUS-Forum z.B. Möbel/Wohnen 6%) -> weitere Senkung, Datum unbekannt; seit 14.04.2026: bezahlte/verstärkte Werbung disqualifiziert, 180-Tage-Frist; Direktnachrichten nur wenn 'angefordert' (Opt-in); Pflichttext 'Als Amazon-Partner verdiene ich an qualifizierten Verkäufen' + '#Anzeige'; Startseite wirbt 'bis zu 12%' (über Tabelle hinaus nur Sonderprogramme)",https://partnernet.amazon.de/help/node/topic/GRXPHT8U84RAYDXZ,2026-09-26
Amazon (alle),"Amazon DE – Alle anderen Kategorien (z.B. Elektronik, Computer, Spielzeug, Baby, Haustier, Garten, Beleuchtung – nicht separat gelistet) 3%",https://partnernet.amazon.de/,Direct (Amazon PartnerNet),DE/AT (amazon.de),3%,VERIFIED,24 Std. Session; Warenkorb-Add innerhalb Session -> Kauf bis 89 Tage nach Klick,VERIFIED,UNKNOWN,"Ja – nutzergenerierte Social-Media-Inhalte gelten als 'Website'; akzeptiert: Facebook (keine Privatprofile), Instagram, Twitter/X, YouTube, TikTok, Twitch – Pinterest NICHT gelistet","Ja (exakte Profil-URL registrieren; Pflichthinweis muss mit dem Account verknüpft sein, z.B. Bio)","Ja (Produkt-/Suchlinks mit Tag; Linkkürzer nur wenn klar erkennbar auf Amazon verlinkt, z.B. amzn.to)",Creators API (Nachfolger der abgekündigten PA-API 5; Voraussetzung: mind. 10 qualifizierte Verkäufe in 30 Tagen),Provision nur für amazon.de-Käufe; EU-Stores separat (eigene Tags),"Beispiele abgeleitet – Kategoriezuordnung erfolgt durch Amazon | Standard-Vergütungskatalog DE (identisch UK/EU-Anhang; gleiche Sätze für direkte/indirekte Käufe); Sätze liegen unter dem Stand 23.06.2025 (lt. ABAKUS-Forum z.B. Möbel/Wohnen 6%) -> weitere Senkung, Datum unbekannt; seit 14.04.2026: bezahlte/verstärkte Werbung disqualifiziert, 180-Tage-Frist; Direktnachrichten nur wenn 'angefordert' (Opt-in); Pflichttext 'Als Amazon-Partner verdiene ich an qualifizierten Verkäufen' + '#Anzeige'; Startseite wirbt 'bis zu 12%' (über Tabelle hinaus nur Sonderprogramme)",https://partnernet.amazon.de/help/node/topic/GRXPHT8U84RAYDXZ,2026-09-26
Amazon (alle),Amazon DE – Geschenkkarten / Kindle Unlimited / Wein / Android-Apps 0%,https://partnernet.amazon.de/,Direct (Amazon PartnerNet),DE/AT (amazon.de),0%,VERIFIED,24 Std. Session; Warenkorb-Add innerhalb Session -> Kauf bis 89 Tage nach Klick,VERIFIED,UNKNOWN,"Ja – nutzergenerierte Social-Media-Inhalte gelten als 'Website'; akzeptiert: Facebook (keine Privatprofile), Instagram, Twitter/X, YouTube, TikTok, Twitch – Pinterest NICHT gelistet","Ja (exakte Profil-URL registrieren; Pflichthinweis muss mit dem Account verknüpft sein, z.B. Bio)","Ja (Produkt-/Suchlinks mit Tag; Linkkürzer nur wenn klar erkennbar auf Amazon verlinkt, z.B. amzn.to)",Creators API (Nachfolger der abgekündigten PA-API 5; Voraussetzung: mind. 10 qualifizierte Verkäufe in 30 Tagen),Provision nur für amazon.de-Käufe; EU-Stores separat (eigene Tags),"Standard-Vergütungskatalog DE (identisch UK/EU-Anhang; gleiche Sätze für direkte/indirekte Käufe); Sätze liegen unter dem Stand 23.06.2025 (lt. ABAKUS-Forum z.B. Möbel/Wohnen 6%) -> weitere Senkung, Datum unbekannt; seit 14.04.2026: bezahlte/verstärkte Werbung disqualifiziert, 180-Tage-Frist; Direktnachrichten nur wenn 'angefordert' (Opt-in); Pflichttext 'Als Amazon-Partner verdiene ich an qualifizierten Verkäufen' + '#Anzeige'; Startseite wirbt 'bis zu 12%' (über Tabelle hinaus nur Sonderprogramme)",https://partnernet.amazon.de/help/node/topic/GRXPHT8U84RAYDXZ,2026-09-26
Amazon (alle),Amazon UK – Clothing & Accessories / Amazon Fashion Private Brands 6%,https://affiliate-program.amazon.co.uk/,Direct (Amazon Associates UK),UK (amazon.co.uk),6%,VERIFIED,24 Std. Session; Warenkorb-Add innerhalb Session -> Kauf bis 89 Tage nach Klick,VERIFIED,UNKNOWN,"Ja – nutzergenerierte Social-Media-Inhalte gelten als 'Website'; akzeptiert: Facebook (keine Privatprofile), Instagram, Twitter/X, YouTube, TikTok, Twitch – Pinterest NICHT gelistet","Ja (exakte Profil-URL registrieren; Pflichthinweis muss mit dem Account verknüpft sein, z.B. Bio)","Ja (Produkt-/Suchlinks mit Tag; Linkkürzer nur wenn klar erkennbar auf Amazon verlinkt, z.B. amzn.to)",Creators API (Nachfolger der abgekündigten PA-API 5; Voraussetzung: mind. 10 qualifizierte Verkäufe in 30 Tagen),Provision nur für amazon.co.uk-Käufe,"UK Standard Commission Income (identische Struktur wie DE); seit 14.04.2026: paid/boosted ads disqualifiziert, 180-Tage-Regel; DMs nur 'solicited' (Opt-in); Pflichttext 'As an Amazon Associate I earn from qualifying purchases'; Startseite wirbt 'up to 12%'",https://affiliate-program.amazon.co.uk/help/node/topic/GRXPHT8U84RAYDXZ,2026-09-26
Amazon (alle),Amazon UK – Luxury / Luxury Stores Beauty & Fashion 6%,https://affiliate-program.amazon.co.uk/,Direct (Amazon Associates UK),UK (amazon.co.uk),6%,VERIFIED,24 Std. Session; Warenkorb-Add innerhalb Session -> Kauf bis 89 Tage nach Klick,VERIFIED,UNKNOWN,"Ja – nutzergenerierte Social-Media-Inhalte gelten als 'Website'; akzeptiert: Facebook (keine Privatprofile), Instagram, Twitter/X, YouTube, TikTok, Twitch – Pinterest NICHT gelistet","Ja (exakte Profil-URL registrieren; Pflichthinweis muss mit dem Account verknüpft sein, z.B. Bio)","Ja (Produkt-/Suchlinks mit Tag; Linkkürzer nur wenn klar erkennbar auf Amazon verlinkt, z.B. amzn.to)",Creators API (Nachfolger der abgekündigten PA-API 5; Voraussetzung: mind. 10 qualifizierte Verkäufe in 30 Tagen),Provision nur für amazon.co.uk-Käufe,"UK Standard Commission Income (identische Struktur wie DE); seit 14.04.2026: paid/boosted ads disqualifiziert, 180-Tage-Regel; DMs nur 'solicited' (Opt-in); Pflichttext 'As an Amazon Associate I earn from qualifying purchases'; Startseite wirbt 'up to 12%'",https://affiliate-program.amazon.co.uk/help/node/topic/GRXPHT8U84RAYDXZ,2026-09-26
Amazon (alle),"Amazon UK – Shoes, Handbags, Wallets 6%",https://affiliate-program.amazon.co.uk/,Direct (Amazon Associates UK),UK (amazon.co.uk),6%,VERIFIED,24 Std. Session; Warenkorb-Add innerhalb Session -> Kauf bis 89 Tage nach Klick,VERIFIED,UNKNOWN,"Ja – nutzergenerierte Social-Media-Inhalte gelten als 'Website'; akzeptiert: Facebook (keine Privatprofile), Instagram, Twitter/X, YouTube, TikTok, Twitch – Pinterest NICHT gelistet","Ja (exakte Profil-URL registrieren; Pflichthinweis muss mit dem Account verknüpft sein, z.B. Bio)","Ja (Produkt-/Suchlinks mit Tag; Linkkürzer nur wenn klar erkennbar auf Amazon verlinkt, z.B. amzn.to)",Creators API (Nachfolger der abgekündigten PA-API 5; Voraussetzung: mind. 10 qualifizierte Verkäufe in 30 Tagen),Provision nur für amazon.co.uk-Käufe,"UK Standard Commission Income (identische Struktur wie DE); seit 14.04.2026: paid/boosted ads disqualifiziert, 180-Tage-Regel; DMs nur 'solicited' (Opt-in); Pflichttext 'As an Amazon Associate I earn from qualifying purchases'; Startseite wirbt 'up to 12%'",https://affiliate-program.amazon.co.uk/help/node/topic/GRXPHT8U84RAYDXZ,2026-09-26
Amazon (alle),Amazon UK – Watches 6%,https://affiliate-program.amazon.co.uk/,Direct (Amazon Associates UK),UK (amazon.co.uk),6%,VERIFIED,24 Std. Session; Warenkorb-Add innerhalb Session -> Kauf bis 89 Tage nach Klick,VERIFIED,UNKNOWN,"Ja – nutzergenerierte Social-Media-Inhalte gelten als 'Website'; akzeptiert: Facebook (keine Privatprofile), Instagram, Twitter/X, YouTube, TikTok, Twitch – Pinterest NICHT gelistet","Ja (exakte Profil-URL registrieren; Pflichthinweis muss mit dem Account verknüpft sein, z.B. Bio)","Ja (Produkt-/Suchlinks mit Tag; Linkkürzer nur wenn klar erkennbar auf Amazon verlinkt, z.B. amzn.to)",Creators API (Nachfolger der abgekündigten PA-API 5; Voraussetzung: mind. 10 qualifizierte Verkäufe in 30 Tagen),Provision nur für amazon.co.uk-Käufe,"UK Standard Commission Income (identische Struktur wie DE); seit 14.04.2026: paid/boosted ads disqualifiziert, 180-Tage-Regel; DMs nur 'solicited' (Opt-in); Pflichttext 'As an Amazon Associate I earn from qualifying purchases'; Startseite wirbt 'up to 12%'",https://affiliate-program.amazon.co.uk/help/node/topic/GRXPHT8U84RAYDXZ,2026-09-26
Amazon (alle),Amazon UK – Furniture 5%,https://affiliate-program.amazon.co.uk/,Direct (Amazon Associates UK),UK (amazon.co.uk),5%,VERIFIED,24 Std. Session; Warenkorb-Add innerhalb Session -> Kauf bis 89 Tage nach Klick,VERIFIED,UNKNOWN,"Ja – nutzergenerierte Social-Media-Inhalte gelten als 'Website'; akzeptiert: Facebook (keine Privatprofile), Instagram, Twitter/X, YouTube, TikTok, Twitch – Pinterest NICHT gelistet","Ja (exakte Profil-URL registrieren; Pflichthinweis muss mit dem Account verknüpft sein, z.B. Bio)","Ja (Produkt-/Suchlinks mit Tag; Linkkürzer nur wenn klar erkennbar auf Amazon verlinkt, z.B. amzn.to)",Creators API (Nachfolger der abgekündigten PA-API 5; Voraussetzung: mind. 10 qualifizierte Verkäufe in 30 Tagen),Provision nur für amazon.co.uk-Käufe,"UK Standard Commission Income (identische Struktur wie DE); seit 14.04.2026: paid/boosted ads disqualifiziert, 180-Tage-Regel; DMs nur 'solicited' (Opt-in); Pflichttext 'As an Amazon Associate I earn from qualifying purchases'; Startseite wirbt 'up to 12%'",https://affiliate-program.amazon.co.uk/help/node/topic/GRXPHT8U84RAYDXZ,2026-09-26
Amazon (alle),Amazon UK – Home 5%,https://affiliate-program.amazon.co.uk/,Direct (Amazon Associates UK),UK (amazon.co.uk),5%,VERIFIED,24 Std. Session; Warenkorb-Add innerhalb Session -> Kauf bis 89 Tage nach Klick,VERIFIED,UNKNOWN,"Ja – nutzergenerierte Social-Media-Inhalte gelten als 'Website'; akzeptiert: Facebook (keine Privatprofile), Instagram, Twitter/X, YouTube, TikTok, Twitch – Pinterest NICHT gelistet","Ja (exakte Profil-URL registrieren; Pflichthinweis muss mit dem Account verknüpft sein, z.B. Bio)","Ja (Produkt-/Suchlinks mit Tag; Linkkürzer nur wenn klar erkennbar auf Amazon verlinkt, z.B. amzn.to)",Creators API (Nachfolger der abgekündigten PA-API 5; Voraussetzung: mind. 10 qualifizierte Verkäufe in 30 Tagen),Provision nur für amazon.co.uk-Käufe,"UK Standard Commission Income (identische Struktur wie DE); seit 14.04.2026: paid/boosted ads disqualifiziert, 180-Tage-Regel; DMs nur 'solicited' (Opt-in); Pflichttext 'As an Amazon Associate I earn from qualifying purchases'; Startseite wirbt 'up to 12%'",https://affiliate-program.amazon.co.uk/help/node/topic/GRXPHT8U84RAYDXZ,2026-09-26
Amazon (alle),Amazon UK – Kitchen & Dining 5%,https://affiliate-program.amazon.co.uk/,Direct (Amazon Associates UK),UK (amazon.co.uk),5%,VERIFIED,24 Std. Session; Warenkorb-Add innerhalb Session -> Kauf bis 89 Tage nach Klick,VERIFIED,UNKNOWN,"Ja – nutzergenerierte Social-Media-Inhalte gelten als 'Website'; akzeptiert: Facebook (keine Privatprofile), Instagram, Twitter/X, YouTube, TikTok, Twitch – Pinterest NICHT gelistet","Ja (exakte Profil-URL registrieren; Pflichthinweis muss mit dem Account verknüpft sein, z.B. Bio)","Ja (Produkt-/Suchlinks mit Tag; Linkkürzer nur wenn klar erkennbar auf Amazon verlinkt, z.B. amzn.to)",Creators API (Nachfolger der abgekündigten PA-API 5; Voraussetzung: mind. 10 qualifizierte Verkäufe in 30 Tagen),Provision nur für amazon.co.uk-Käufe,"UK Standard Commission Income (identische Struktur wie DE); seit 14.04.2026: paid/boosted ads disqualifiziert, 180-Tage-Regel; DMs nur 'solicited' (Opt-in); Pflichttext 'As an Amazon Associate I earn from qualifying purchases'; Startseite wirbt 'up to 12%'",https://affiliate-program.amazon.co.uk/help/node/topic/GRXPHT8U84RAYDXZ,2026-09-26
Amazon (alle),Amazon UK – Home Improvement 5%,https://affiliate-program.amazon.co.uk/,Direct (Amazon Associates UK),UK (amazon.co.uk),5%,VERIFIED,24 Std. Session; Warenkorb-Add innerhalb Session -> Kauf bis 89 Tage nach Klick,VERIFIED,UNKNOWN,"Ja – nutzergenerierte Social-Media-Inhalte gelten als 'Website'; akzeptiert: Facebook (keine Privatprofile), Instagram, Twitter/X, YouTube, TikTok, Twitch – Pinterest NICHT gelistet","Ja (exakte Profil-URL registrieren; Pflichthinweis muss mit dem Account verknüpft sein, z.B. Bio)","Ja (Produkt-/Suchlinks mit Tag; Linkkürzer nur wenn klar erkennbar auf Amazon verlinkt, z.B. amzn.to)",Creators API (Nachfolger der abgekündigten PA-API 5; Voraussetzung: mind. 10 qualifizierte Verkäufe in 30 Tagen),Provision nur für amazon.co.uk-Käufe,"UK Standard Commission Income (identische Struktur wie DE); seit 14.04.2026: paid/boosted ads disqualifiziert, 180-Tage-Regel; DMs nur 'solicited' (Opt-in); Pflichttext 'As an Amazon Associate I earn from qualifying purchases'; Startseite wirbt 'up to 12%'",https://affiliate-program.amazon.co.uk/help/node/topic/GRXPHT8U84RAYDXZ,2026-09-26
Amazon (alle),Amazon UK – Power & Hand Tools 5%,https://affiliate-program.amazon.co.uk/,Direct (Amazon Associates UK),UK (amazon.co.uk),5%,VERIFIED,24 Std. Session; Warenkorb-Add innerhalb Session -> Kauf bis 89 Tage nach Klick,VERIFIED,UNKNOWN,"Ja – nutzergenerierte Social-Media-Inhalte gelten als 'Website'; akzeptiert: Facebook (keine Privatprofile), Instagram, Twitter/X, YouTube, TikTok, Twitch – Pinterest NICHT gelistet","Ja (exakte Profil-URL registrieren; Pflichthinweis muss mit dem Account verknüpft sein, z.B. Bio)","Ja (Produkt-/Suchlinks mit Tag; Linkkürzer nur wenn klar erkennbar auf Amazon verlinkt, z.B. amzn.to)",Creators API (Nachfolger der abgekündigten PA-API 5; Voraussetzung: mind. 10 qualifizierte Verkäufe in 30 Tagen),Provision nur für amazon.co.uk-Käufe,"UK Standard Commission Income (identische Struktur wie DE); seit 14.04.2026: paid/boosted ads disqualifiziert, 180-Tage-Regel; DMs nur 'solicited' (Opt-in); Pflichttext 'As an Amazon Associate I earn from qualifying purchases'; Startseite wirbt 'up to 12%'",https://affiliate-program.amazon.co.uk/help/node/topic/GRXPHT8U84RAYDXZ,2026-09-26
Amazon (alle),Amazon UK – Jewellery 5%,https://affiliate-program.amazon.co.uk/,Direct (Amazon Associates UK),UK (amazon.co.uk),5%,VERIFIED,24 Std. Session; Warenkorb-Add innerhalb Session -> Kauf bis 89 Tage nach Klick,VERIFIED,UNKNOWN,"Ja – nutzergenerierte Social-Media-Inhalte gelten als 'Website'; akzeptiert: Facebook (keine Privatprofile), Instagram, Twitter/X, YouTube, TikTok, Twitch – Pinterest NICHT gelistet","Ja (exakte Profil-URL registrieren; Pflichthinweis muss mit dem Account verknüpft sein, z.B. Bio)","Ja (Produkt-/Suchlinks mit Tag; Linkkürzer nur wenn klar erkennbar auf Amazon verlinkt, z.B. amzn.to)",Creators API (Nachfolger der abgekündigten PA-API 5; Voraussetzung: mind. 10 qualifizierte Verkäufe in 30 Tagen),Provision nur für amazon.co.uk-Käufe,"UK Standard Commission Income (identische Struktur wie DE); seit 14.04.2026: paid/boosted ads disqualifiziert, 180-Tage-Regel; DMs nur 'solicited' (Opt-in); Pflichttext 'As an Amazon Associate I earn from qualifying purchases'; Startseite wirbt 'up to 12%'",https://affiliate-program.amazon.co.uk/help/node/topic/GRXPHT8U84RAYDXZ,2026-09-26
Amazon (alle),Amazon UK – Automotive 5%,https://affiliate-program.amazon.co.uk/,Direct (Amazon Associates UK),UK (amazon.co.uk),5%,VERIFIED,24 Std. Session; Warenkorb-Add innerhalb Session -> Kauf bis 89 Tage nach Klick,VERIFIED,UNKNOWN,"Ja – nutzergenerierte Social-Media-Inhalte gelten als 'Website'; akzeptiert: Facebook (keine Privatprofile), Instagram, Twitter/X, YouTube, TikTok, Twitch – Pinterest NICHT gelistet","Ja (exakte Profil-URL registrieren; Pflichthinweis muss mit dem Account verknüpft sein, z.B. Bio)","Ja (Produkt-/Suchlinks mit Tag; Linkkürzer nur wenn klar erkennbar auf Amazon verlinkt, z.B. amzn.to)",Creators API (Nachfolger der abgekündigten PA-API 5; Voraussetzung: mind. 10 qualifizierte Verkäufe in 30 Tagen),Provision nur für amazon.co.uk-Käufe,"UK Standard Commission Income (identische Struktur wie DE); seit 14.04.2026: paid/boosted ads disqualifiziert, 180-Tage-Regel; DMs nur 'solicited' (Opt-in); Pflichttext 'As an Amazon Associate I earn from qualifying purchases'; Startseite wirbt 'up to 12%'",https://affiliate-program.amazon.co.uk/help/node/topic/GRXPHT8U84RAYDXZ,2026-09-26
Amazon (alle),Amazon UK – Books / Kindle Books 5%,https://affiliate-program.amazon.co.uk/,Direct (Amazon Associates UK),UK (amazon.co.uk),5%,VERIFIED,24 Std. Session; Warenkorb-Add innerhalb Session -> Kauf bis 89 Tage nach Klick,VERIFIED,UNKNOWN,"Ja – nutzergenerierte Social-Media-Inhalte gelten als 'Website'; akzeptiert: Facebook (keine Privatprofile), Instagram, Twitter/X, YouTube, TikTok, Twitch – Pinterest NICHT gelistet","Ja (exakte Profil-URL registrieren; Pflichthinweis muss mit dem Account verknüpft sein, z.B. Bio)","Ja (Produkt-/Suchlinks mit Tag; Linkkürzer nur wenn klar erkennbar auf Amazon verlinkt, z.B. amzn.to)",Creators API (Nachfolger der abgekündigten PA-API 5; Voraussetzung: mind. 10 qualifizierte Verkäufe in 30 Tagen),Provision nur für amazon.co.uk-Käufe,"UK Standard Commission Income (identische Struktur wie DE); seit 14.04.2026: paid/boosted ads disqualifiziert, 180-Tage-Regel; DMs nur 'solicited' (Opt-in); Pflichttext 'As an Amazon Associate I earn from qualifying purchases'; Startseite wirbt 'up to 12%'",https://affiliate-program.amazon.co.uk/help/node/topic/GRXPHT8U84RAYDXZ,2026-09-26
Amazon (alle),Amazon UK – Beauty 4%,https://affiliate-program.amazon.co.uk/,Direct (Amazon Associates UK),UK (amazon.co.uk),4%,VERIFIED,24 Std. Session; Warenkorb-Add innerhalb Session -> Kauf bis 89 Tage nach Klick,VERIFIED,UNKNOWN,"Ja – nutzergenerierte Social-Media-Inhalte gelten als 'Website'; akzeptiert: Facebook (keine Privatprofile), Instagram, Twitter/X, YouTube, TikTok, Twitch – Pinterest NICHT gelistet","Ja (exakte Profil-URL registrieren; Pflichthinweis muss mit dem Account verknüpft sein, z.B. Bio)","Ja (Produkt-/Suchlinks mit Tag; Linkkürzer nur wenn klar erkennbar auf Amazon verlinkt, z.B. amzn.to)",Creators API (Nachfolger der abgekündigten PA-API 5; Voraussetzung: mind. 10 qualifizierte Verkäufe in 30 Tagen),Provision nur für amazon.co.uk-Käufe,"UK Standard Commission Income (identische Struktur wie DE); seit 14.04.2026: paid/boosted ads disqualifiziert, 180-Tage-Regel; DMs nur 'solicited' (Opt-in); Pflichttext 'As an Amazon Associate I earn from qualifying purchases'; Startseite wirbt 'up to 12%'",https://affiliate-program.amazon.co.uk/help/node/topic/GRXPHT8U84RAYDXZ,2026-09-26
Amazon (alle),Amazon UK – Luggage 4%,https://affiliate-program.amazon.co.uk/,Direct (Amazon Associates UK),UK (amazon.co.uk),4%,VERIFIED,24 Std. Session; Warenkorb-Add innerhalb Session -> Kauf bis 89 Tage nach Klick,VERIFIED,UNKNOWN,"Ja – nutzergenerierte Social-Media-Inhalte gelten als 'Website'; akzeptiert: Facebook (keine Privatprofile), Instagram, Twitter/X, YouTube, TikTok, Twitch – Pinterest NICHT gelistet","Ja (exakte Profil-URL registrieren; Pflichthinweis muss mit dem Account verknüpft sein, z.B. Bio)","Ja (Produkt-/Suchlinks mit Tag; Linkkürzer nur wenn klar erkennbar auf Amazon verlinkt, z.B. amzn.to)",Creators API (Nachfolger der abgekündigten PA-API 5; Voraussetzung: mind. 10 qualifizierte Verkäufe in 30 Tagen),Provision nur für amazon.co.uk-Käufe,"UK Standard Commission Income (identische Struktur wie DE); seit 14.04.2026: paid/boosted ads disqualifiziert, 180-Tage-Regel; DMs nur 'solicited' (Opt-in); Pflichttext 'As an Amazon Associate I earn from qualifying purchases'; Startseite wirbt 'up to 12%'",https://affiliate-program.amazon.co.uk/help/node/topic/GRXPHT8U84RAYDXZ,2026-09-26
Amazon (alle),Amazon UK – Personal Care Appliances 4%,https://affiliate-program.amazon.co.uk/,Direct (Amazon Associates UK),UK (amazon.co.uk),4%,VERIFIED,24 Std. Session; Warenkorb-Add innerhalb Session -> Kauf bis 89 Tage nach Klick,VERIFIED,UNKNOWN,"Ja – nutzergenerierte Social-Media-Inhalte gelten als 'Website'; akzeptiert: Facebook (keine Privatprofile), Instagram, Twitter/X, YouTube, TikTok, Twitch – Pinterest NICHT gelistet","Ja (exakte Profil-URL registrieren; Pflichthinweis muss mit dem Account verknüpft sein, z.B. Bio)","Ja (Produkt-/Suchlinks mit Tag; Linkkürzer nur wenn klar erkennbar auf Amazon verlinkt, z.B. amzn.to)",Creators API (Nachfolger der abgekündigten PA-API 5; Voraussetzung: mind. 10 qualifizierte Verkäufe in 30 Tagen),Provision nur für amazon.co.uk-Käufe,"UK Standard Commission Income (identische Struktur wie DE); seit 14.04.2026: paid/boosted ads disqualifiziert, 180-Tage-Regel; DMs nur 'solicited' (Opt-in); Pflichttext 'As an Amazon Associate I earn from qualifying purchases'; Startseite wirbt 'up to 12%'",https://affiliate-program.amazon.co.uk/help/node/topic/GRXPHT8U84RAYDXZ,2026-09-26
Amazon (alle),Amazon UK – Sports & Fitness 4%,https://affiliate-program.amazon.co.uk/,Direct (Amazon Associates UK),UK (amazon.co.uk),4%,VERIFIED,24 Std. Session; Warenkorb-Add innerhalb Session -> Kauf bis 89 Tage nach Klick,VERIFIED,UNKNOWN,"Ja – nutzergenerierte Social-Media-Inhalte gelten als 'Website'; akzeptiert: Facebook (keine Privatprofile), Instagram, Twitter/X, YouTube, TikTok, Twitch – Pinterest NICHT gelistet","Ja (exakte Profil-URL registrieren; Pflichthinweis muss mit dem Account verknüpft sein, z.B. Bio)","Ja (Produkt-/Suchlinks mit Tag; Linkkürzer nur wenn klar erkennbar auf Amazon verlinkt, z.B. amzn.to)",Creators API (Nachfolger der abgekündigten PA-API 5; Voraussetzung: mind. 10 qualifizierte Verkäufe in 30 Tagen),Provision nur für amazon.co.uk-Käufe,"UK Standard Commission Income (identische Struktur wie DE); seit 14.04.2026: paid/boosted ads disqualifiziert, 180-Tage-Regel; DMs nur 'solicited' (Opt-in); Pflichttext 'As an Amazon Associate I earn from qualifying purchases'; Startseite wirbt 'up to 12%'",https://affiliate-program.amazon.co.uk/help/node/topic/GRXPHT8U84RAYDXZ,2026-09-26
Amazon (alle),Amazon UK – Appliances 2.5%,https://affiliate-program.amazon.co.uk/,Direct (Amazon Associates UK),UK (amazon.co.uk),2.5%,VERIFIED,24 Std. Session; Warenkorb-Add innerhalb Session -> Kauf bis 89 Tage nach Klick,VERIFIED,UNKNOWN,"Ja – nutzergenerierte Social-Media-Inhalte gelten als 'Website'; akzeptiert: Facebook (keine Privatprofile), Instagram, Twitter/X, YouTube, TikTok, Twitch – Pinterest NICHT gelistet","Ja (exakte Profil-URL registrieren; Pflichthinweis muss mit dem Account verknüpft sein, z.B. Bio)","Ja (Produkt-/Suchlinks mit Tag; Linkkürzer nur wenn klar erkennbar auf Amazon verlinkt, z.B. amzn.to)",Creators API (Nachfolger der abgekündigten PA-API 5; Voraussetzung: mind. 10 qualifizierte Verkäufe in 30 Tagen),Provision nur für amazon.co.uk-Käufe,"UK Standard Commission Income (identische Struktur wie DE); seit 14.04.2026: paid/boosted ads disqualifiziert, 180-Tage-Regel; DMs nur 'solicited' (Opt-in); Pflichttext 'As an Amazon Associate I earn from qualifying purchases'; Startseite wirbt 'up to 12%'",https://affiliate-program.amazon.co.uk/help/node/topic/GRXPHT8U84RAYDXZ,2026-09-26
Amazon (alle),Amazon UK – Fire TV Devices 2.5%,https://affiliate-program.amazon.co.uk/,Direct (Amazon Associates UK),UK (amazon.co.uk),2.5%,VERIFIED,24 Std. Session; Warenkorb-Add innerhalb Session -> Kauf bis 89 Tage nach Klick,VERIFIED,UNKNOWN,"Ja – nutzergenerierte Social-Media-Inhalte gelten als 'Website'; akzeptiert: Facebook (keine Privatprofile), Instagram, Twitter/X, YouTube, TikTok, Twitch – Pinterest NICHT gelistet","Ja (exakte Profil-URL registrieren; Pflichthinweis muss mit dem Account verknüpft sein, z.B. Bio)","Ja (Produkt-/Suchlinks mit Tag; Linkkürzer nur wenn klar erkennbar auf Amazon verlinkt, z.B. amzn.to)",Creators API (Nachfolger der abgekündigten PA-API 5; Voraussetzung: mind. 10 qualifizierte Verkäufe in 30 Tagen),Provision nur für amazon.co.uk-Käufe,"UK Standard Commission Income (identische Struktur wie DE); seit 14.04.2026: paid/boosted ads disqualifiziert, 180-Tage-Regel; DMs nur 'solicited' (Opt-in); Pflichttext 'As an Amazon Associate I earn from qualifying purchases'; Startseite wirbt 'up to 12%'",https://affiliate-program.amazon.co.uk/help/node/topic/GRXPHT8U84RAYDXZ,2026-09-26
Amazon (alle),Amazon UK – Mobile Electronics 2.5%,https://affiliate-program.amazon.co.uk/,Direct (Amazon Associates UK),UK (amazon.co.uk),2.5%,VERIFIED,24 Std. Session; Warenkorb-Add innerhalb Session -> Kauf bis 89 Tage nach Klick,VERIFIED,UNKNOWN,"Ja – nutzergenerierte Social-Media-Inhalte gelten als 'Website'; akzeptiert: Facebook (keine Privatprofile), Instagram, Twitter/X, YouTube, TikTok, Twitch – Pinterest NICHT gelistet","Ja (exakte Profil-URL registrieren; Pflichthinweis muss mit dem Account verknüpft sein, z.B. Bio)","Ja (Produkt-/Suchlinks mit Tag; Linkkürzer nur wenn klar erkennbar auf Amazon verlinkt, z.B. amzn.to)",Creators API (Nachfolger der abgekündigten PA-API 5; Voraussetzung: mind. 10 qualifizierte Verkäufe in 30 Tagen),Provision nur für amazon.co.uk-Käufe,"UK Standard Commission Income (identische Struktur wie DE); seit 14.04.2026: paid/boosted ads disqualifiziert, 180-Tage-Regel; DMs nur 'solicited' (Opt-in); Pflichttext 'As an Amazon Associate I earn from qualifying purchases'; Startseite wirbt 'up to 12%'",https://affiliate-program.amazon.co.uk/help/node/topic/GRXPHT8U84RAYDXZ,2026-09-26
Amazon (alle),Amazon UK – Grocery / Amazon Fresh / Pantry 1%,https://affiliate-program.amazon.co.uk/,Direct (Amazon Associates UK),UK (amazon.co.uk),1%,VERIFIED,24 Std. Session; Warenkorb-Add innerhalb Session -> Kauf bis 89 Tage nach Klick,VERIFIED,UNKNOWN,"Ja – nutzergenerierte Social-Media-Inhalte gelten als 'Website'; akzeptiert: Facebook (keine Privatprofile), Instagram, Twitter/X, YouTube, TikTok, Twitch – Pinterest NICHT gelistet","Ja (exakte Profil-URL registrieren; Pflichthinweis muss mit dem Account verknüpft sein, z.B. Bio)","Ja (Produkt-/Suchlinks mit Tag; Linkkürzer nur wenn klar erkennbar auf Amazon verlinkt, z.B. amzn.to)",Creators API (Nachfolger der abgekündigten PA-API 5; Voraussetzung: mind. 10 qualifizierte Verkäufe in 30 Tagen),Provision nur für amazon.co.uk-Käufe,"UK Standard Commission Income (identische Struktur wie DE); seit 14.04.2026: paid/boosted ads disqualifiziert, 180-Tage-Regel; DMs nur 'solicited' (Opt-in); Pflichttext 'As an Amazon Associate I earn from qualifying purchases'; Startseite wirbt 'up to 12%'",https://affiliate-program.amazon.co.uk/help/node/topic/GRXPHT8U84RAYDXZ,2026-09-26
Amazon (alle),Amazon UK – Video Games & Consoles 1%,https://affiliate-program.amazon.co.uk/,Direct (Amazon Associates UK),UK (amazon.co.uk),1%,VERIFIED,24 Std. Session; Warenkorb-Add innerhalb Session -> Kauf bis 89 Tage nach Klick,VERIFIED,UNKNOWN,"Ja – nutzergenerierte Social-Media-Inhalte gelten als 'Website'; akzeptiert: Facebook (keine Privatprofile), Instagram, Twitter/X, YouTube, TikTok, Twitch – Pinterest NICHT gelistet","Ja (exakte Profil-URL registrieren; Pflichthinweis muss mit dem Account verknüpft sein, z.B. Bio)","Ja (Produkt-/Suchlinks mit Tag; Linkkürzer nur wenn klar erkennbar auf Amazon verlinkt, z.B. amzn.to)",Creators API (Nachfolger der abgekündigten PA-API 5; Voraussetzung: mind. 10 qualifizierte Verkäufe in 30 Tagen),Provision nur für amazon.co.uk-Käufe,"UK Standard Commission Income (identische Struktur wie DE); seit 14.04.2026: paid/boosted ads disqualifiziert, 180-Tage-Regel; DMs nur 'solicited' (Opt-in); Pflichttext 'As an Amazon Associate I earn from qualifying purchases'; Startseite wirbt 'up to 12%'",https://affiliate-program.amazon.co.uk/help/node/topic/GRXPHT8U84RAYDXZ,2026-09-26
Amazon (alle),"Amazon UK – All Other Categories (z.B. Electronics, Computers, Toys, Baby, Pet, Garden, Lighting) 3%",https://affiliate-program.amazon.co.uk/,Direct (Amazon Associates UK),UK (amazon.co.uk),3%,VERIFIED,24 Std. Session; Warenkorb-Add innerhalb Session -> Kauf bis 89 Tage nach Klick,VERIFIED,UNKNOWN,"Ja – nutzergenerierte Social-Media-Inhalte gelten als 'Website'; akzeptiert: Facebook (keine Privatprofile), Instagram, Twitter/X, YouTube, TikTok, Twitch – Pinterest NICHT gelistet","Ja (exakte Profil-URL registrieren; Pflichthinweis muss mit dem Account verknüpft sein, z.B. Bio)","Ja (Produkt-/Suchlinks mit Tag; Linkkürzer nur wenn klar erkennbar auf Amazon verlinkt, z.B. amzn.to)",Creators API (Nachfolger der abgekündigten PA-API 5; Voraussetzung: mind. 10 qualifizierte Verkäufe in 30 Tagen),Provision nur für amazon.co.uk-Käufe,"Beispiele abgeleitet | UK Standard Commission Income (identische Struktur wie DE); seit 14.04.2026: paid/boosted ads disqualifiziert, 180-Tage-Regel; DMs nur 'solicited' (Opt-in); Pflichttext 'As an Amazon Associate I earn from qualifying purchases'; Startseite wirbt 'up to 12%'",https://affiliate-program.amazon.co.uk/help/node/topic/GRXPHT8U84RAYDXZ,2026-09-26
Amazon (alle),Amazon UK – Gift Cards / Kindle Unlimited / Wine 0%,https://affiliate-program.amazon.co.uk/,Direct (Amazon Associates UK),UK (amazon.co.uk),0%,VERIFIED,24 Std. Session; Warenkorb-Add innerhalb Session -> Kauf bis 89 Tage nach Klick,VERIFIED,UNKNOWN,"Ja – nutzergenerierte Social-Media-Inhalte gelten als 'Website'; akzeptiert: Facebook (keine Privatprofile), Instagram, Twitter/X, YouTube, TikTok, Twitch – Pinterest NICHT gelistet","Ja (exakte Profil-URL registrieren; Pflichthinweis muss mit dem Account verknüpft sein, z.B. Bio)","Ja (Produkt-/Suchlinks mit Tag; Linkkürzer nur wenn klar erkennbar auf Amazon verlinkt, z.B. amzn.to)",Creators API (Nachfolger der abgekündigten PA-API 5; Voraussetzung: mind. 10 qualifizierte Verkäufe in 30 Tagen),Provision nur für amazon.co.uk-Käufe,"UK Standard Commission Income (identische Struktur wie DE); seit 14.04.2026: paid/boosted ads disqualifiziert, 180-Tage-Regel; DMs nur 'solicited' (Opt-in); Pflichttext 'As an Amazon Associate I earn from qualifying purchases'; Startseite wirbt 'up to 12%'",https://affiliate-program.amazon.co.uk/help/node/topic/GRXPHT8U84RAYDXZ,2026-09-26
Amazon (alle),Amazon Influencer Program / Storefront / Unique Creator Link (US),https://affiliate-program.amazon.com/influencers,Direct (Amazon Associates),US,Standardsätze wie Associates; zusätzlich 'Onsite Commission Income' für von Amazon genutzte Influencer-Inhalte (z.B. Videos) – Satz nicht öffentlich,VERIFIED (Existenz) / UNKNOWN (Onsite-Satz),Session beginnt mit Klick auf Influencer-Page; sonst wie Associates,VERIFIED,UNKNOWN,Ja (Programm für 'social media presence'),Ja (Registrierung erfordert Zugriff auf Social-Media-Daten),Ja,Creators API (Nachfolger der abgekündigten PA-API 5; Voraussetzung: mind. 10 qualifizierte Verkäufe in 30 Tagen),länderspezifisch; eigene Store-ID je Marktplatz nötig,Seit 14.04.2026 erhalten ALLE registrierten Associates Storefront + Unique Creator Link (nicht nur Influencer); Onsite-Provision seit 14.04.2026 nur auf gleiche ASIN-Variante; Aufnahme an 'qualitative and quantitative thresholds' gebunden; Creator Ads Boost (nur auf Einladung): Amazon nutzt Inhalte in Anzeigen auf Meta,https://affiliate-program.amazon.com/help/operating/policies ; https://affiliate-program.amazon.com/help/operating/compare,2026-09-26
Amazon (alle),Amazon Influencer Programm (DE),https://partnernet.amazon.de/influencers,Direct (Amazon PartnerNet),DE,Standard-Vergütungskatalog DE + Onsite-Vergütungen (Satz nicht öffentlich),VERIFIED (Existenz) / UNKNOWN (Onsite-Satz),24 Std. Session; Warenkorb-Add innerhalb Session -> Kauf bis 89 Tage nach Klick,VERIFIED,UNKNOWN,Ja,Ja,Ja,Creators API (Nachfolger der abgekündigten PA-API 5; Voraussetzung: mind. 10 qualifizierte Verkäufe in 30 Tagen),nur amazon.de,"Existiert in DE: 'Richtlinie für das Amazon Influencer Programm' Teil der DE-Programmrichtlinien, Startseite verweist auf Programm; Onsite-Vergütung nur mit spezieller Store-ID; Creator-Ads-Boost-Richtlinie ebenfalls in DE-Richtlinien",https://partnernet.amazon.de/help/operating/policies ; https://partnernet.amazon.de/,2026-09-26
Amazon (alle),Amazon Influencer Programme (UK),https://affiliate-program.amazon.co.uk/influencers,Direct (Amazon Associates UK),UK,UK Standard Commission + Onsite Commission (Satz nicht öffentlich),VERIFIED (Existenz) / UNKNOWN (Onsite-Satz),24 Std. Session; Warenkorb-Add innerhalb Session -> Kauf bis 89 Tage nach Klick,VERIFIED,UNKNOWN,Ja,Ja,Ja,Creators API (Nachfolger der abgekündigten PA-API 5; Voraussetzung: mind. 10 qualifizierte Verkäufe in 30 Tagen),nur amazon.co.uk,"UK-Startseite: 'If you are an influencer with an established social media following, learn about the Amazon Influencer Programme'; Influencer Program Policy in UK-Policies enthalten",https://affiliate-program.amazon.co.uk/ ; https://affiliate-program.amazon.co.uk/help/operating/policies,2026-09-26
Amazon (alle),Amazon Creator Connections (Bonus-Provisionen von Marken),UNKNOWN (nur in Associates Central nach Login),Direct (Amazon),US (lt. Vorwissen; Status 2026 nicht verifiziert),UNKNOWN,UNKNOWN,UNKNOWN,UNKNOWN,UNKNOWN,UNKNOWN,UNKNOWN,UNKNOWN,UNKNOWN,UNKNOWN,"Status 2026 NICHT verifizierbar (keine öffentliche Hilfeseite gefunden; Programmrichtlinien 04/2026 erwähnen Creator Connections nicht, nur Creator Ads Boost). Adweek 05/2026: Meilenstein-Boni für Publisher weitgehend gestrichen",https://affiliate-program.amazon.com/help/operating/policies ; https://www.adweek.com/media/amazon-associates-affiliate-rate-cuts-publishers/,2026-09-26
Amazon (alle),Amazon Creators API (Nachfolger PA-API 5),https://affiliate-program.amazon.com/creatorsapi/docs/en-us/introduction,Direct (Amazon),alle Associates-Marktplätze,n/a (Datenzugang),VERIFIED,n/a,n/a,UNKNOWN,UNKNOWN,UNKNOWN,UNKNOWN,"Ja: SearchItems, GetItems, GetVariations, GetBrowseNodes; Voraussetzung mind. 10 qualifizierte Verkäufe in den letzten 30 Tagen",UNKNOWN,PA-API 5 ist 'deprecated' – Aufrufe liefern HTTP 403 AccessDeniedException; Produktbilder dürfen nicht gespeichert/gecacht werden (nur Link max. 24h); Kundenbewertungen/Sterne nur via API anzeigen,https://affiliate-program.amazon.com/creatorsapi/docs/en-us/paapiv5-deprecation,2026-09-26
Creator-Plattform,LTK (ehem. rewardStyle / LIKEtoKNOW.it),https://company.shopltk.com/en/creator,Direct (eigene Plattform),"International (Teams in US, UK, BR, KR, DE, CN, AU)","Retailer-abhängig, nicht öffentlich",UNKNOWN,UNKNOWN,UNKNOWN,UNKNOWN,Ja (Kernmodell),Ja ('immediately shoppable even within closed social platforms like Instagram'),Ja (shoppable Links/Collections; CLAIMED),UNKNOWN,'over 7K retailers' / 8.000 Retailer,"Nur per Bewerbung; gesucht: 'A public social media profile', 'A high number of engaged followers', idealerweise tägliches Posten; Fokus auf 'premium Creators' -> Aufnahme faceless KI-Theme-Page fraglich (nicht explizit geregelt)",https://company.shopltk.com/en/creator ; https://company.shopltk.com/en/company,2026-09-26
Creator-Plattform,ShopMy,https://shopmy.us/,Direct (eigene Plattform/Affiliate-Netzwerk),UNKNOWN (US-Fokus vermutet),UNKNOWN (Brand-abhängig),UNKNOWN,UNKNOWN,UNKNOWN,UNKNOWN,UNKNOWN,UNKNOWN,UNKNOWN,API für Brands (docs.shopmy.us),UNKNOWN,"Website ist JS-App, Konditionen nicht öffentlich abrufbar; ShopMy-Tracking-Script auf society6.com und buffy.co gefunden (Home-/Schlaf-Brands angebunden); Selbstbeschreibung: 'premium tastemakers ... not follower counts'",https://shopmy.us/terms ; https://docs.shopmy.us/,2026-09-26
Creator-Plattform,Shopify Collabs,https://www.shopify.com/collabs/creators,Direct (Shopify),UNKNOWN,UNKNOWN (je Brand),UNKNOWN,UNKNOWN,UNKNOWN,UNKNOWN,Ja (Creator-App),UNKNOWN,UNKNOWN,UNKNOWN,UNKNOWN,Landingpage ohne Konditionen; Help-Center per Bot-Schutz nicht abrufbar -> alle Details unverifiziert,https://www.shopify.com/collabs/creators,2026-09-26
Creator-Plattform,Walmart Creator,https://creator.walmart.com/,Impact (Payout über Impact-Partner-ID lt. Seiten-Konfiguration),US (Walmart + Sam's Club); Kanada-Option,Fashion 20% (Banner); weitere Sätze nicht öffentlich; 'Recent updates have changed some categories to a 0% commission rate',CLAIMED,UNKNOWN,UNKNOWN,UNKNOWN,Ja,Ja (Verbindung per Instagram-Login),Ja (Affiliate-Links + Storefront),UNKNOWN,US/CA,Storefront-Pflichthinweis '@handle may earn commissions from purchases on this page'; Creator-Tiers/Boni; Onsite-Commission-Flag deaktiviert,https://creator.walmart.com/,2026-09-26
Creator-Plattform,Walmart Affiliate Program,https://affiliates.walmart.com/,Impact,US,Kategorie-Tabelle ('transparent commission-rate tables') – nicht abrufbar (JS),UNKNOWN,UNKNOWN,UNKNOWN,UNKNOWN,Ja ('earning commission by leveraging your social networks'),UNKNOWN,Ja (Link-Generator),Ja ('get data feeds'),UNKNOWN,Konkrete Sätze via Impact nach Login,https://affiliates.walmart.com/,2026-09-26
Creator-Plattform,Target Affiliates / Target Partners,https://partners.target.com/ ; https://app.impact.com/campaign-promo-signup/Target.brand,Impact,US (Nicht-US-Traffic: keine Provision),"Basis: Home & Outdoor Living 5%, Apparel & Accessories 5%, Baby Gear & Furniture 3%, Health & Beauty 1%, Rest 3%; Volumen-Tiers (ab 11 Aktionen/Monat): Home/Apparel 6–8%, Rest 3,5–5%; Ausschlusskategorien 0%",VERIFIED,7 Tage (Last Click),VERIFIED,UNKNOWN,Ja (Target Partners = Creator-Programm),UNKNOWN,Ja,UNKNOWN,nur US,"Aktionen gesperrt 2 Monate nach Monatsende, Zahlung 20 Tage danach; Registry/REDCard $0",https://app.impact.com/campaign-promo-signup/Target.brand,2026-09-26
Creator-Plattform,Skimlinks (inkl. ShopYourLikes für Creator),https://www.skimlinks.com/creators/,"Aggregator (48.500 Merchants, 50+ Netzwerke)",International,Revenue-Share der Netzwerkprovision (Anteil in ToS nicht beziffert),VERIFIED (Modell) / UNKNOWN (Anteil),je Merchant,n/a,UNKNOWN,"Ja ('straight from Instagram, Youtube, Facebook')",Ja,Ja (Auto-Affiliation + URL Shortener),Ja (Publisher Hub/APIs),UNKNOWN,Auszahlung 92 Tage nach Monatsende bzw. 30 Tage nach Eingang (das Spätere); Mindestbetrag $65/£50/€55; Chargebacks nicht anfechtbar,https://www.skimlinks.com/terms-of-service/ ; https://www.skimlinks.com/creators/,2026-09-26
Creator-Plattform,Sovrn Commerce,https://www.sovrn.com/commerce/,Aggregator (Link-Optimierung über Netzwerke),International,Revenue-Share (nicht öffentlich),UNKNOWN,je Merchant,n/a,UNKNOWN,"Ja (Social-Sharing-Buttons, iPhone-App)",UNKNOWN,"Ja (Auto-Affiliation, Link Optimization)","Ja (Commerce APIs, Produktempfehlungen, Merchant-Raten inkl. Geo)",UNKNOWN,Eher für Publisher/Websites; eigener Blogpost zu Amazons Provisionskürzungen 2026,https://www.sovrn.com/commerce/,2026-09-26
Creator-Plattform,Howl,https://www.howl.link/,Direct (Creator-Netzwerk),"UNKNOWN (US-Brands wie Walmart, Target, Sephora)","'Personalized Elevated Rates', Flat Fees, PPL/CPC – keine Zahlen",CLAIMED,UNKNOWN,UNKNOWN,UNKNOWN,Ja,Ja (Instagram-Link im Footer; Creator-Fokus),"Ja (Link-Management, Storefront)",UNKNOWN,UNKNOWN,"Kein Follower-Minimum ('Creators of any level can join'); Auszahlung Net 30/60/90, kein Mindestbetrag; keine Home-Brands auf Landingpage genannt",https://www.howl.link/,2026-09-26
Creator-Plattform,Collective Voice,https://www.collectivevoice.com/,Direct,UNKNOWN,UNKNOWN,UNKNOWN,UNKNOWN,UNKNOWN,UNKNOWN,UNKNOWN,UNKNOWN,UNKNOWN,UNKNOWN,UNKNOWN,Domain leitet auf Login-App (app.collectivevoice.com) – keine öffentlichen Konditionen,https://app.collectivevoice.com,2026-09-26
Tool,"Geniuslink (Link-Tool, kein Affiliate-Programm)",https://geniuslink.com/pricing/,Tool,International,"Kosten: $6 Grundgebühr + $3,50 je 1.000 Klicks; Custom Domain $50/Monat; 14 Tage Test",VERIFIED,n/a,n/a,UNKNOWN,Ja,Ja (Link-in-Bio/Story-Links),Ja (App-Deep-Links zur Amazon-App),n/a,Geo-Routing in lokalen Amazon-Store (US/UK/DE-Tags bündeln),Eigene Aussage 'safe to use with the Amazon Associates program' (CLAIMED); Link muss dennoch klar als Amazon-Link erkennbar sein (Amazon-Regel w),https://geniuslink.com/pricing/,2026-09-26
Interior/Möbel,Westwing,https://www.westwing.de/i/affiliate-program/,Rakuten Advertising (lt. Brand-Seite); zusätzlich Daisycon-Listing,DE/AT (weitere EU-Shops),"'Wettbewerbsfähige und verhandelbare Provisionen'; Daisycon-Listing DE/AT 4,9–6%",THIRD-PARTY ESTIMATE (Rate) / VERIFIED (verhandelbar),30 Tage,VERIFIED,'hoher durchschnittlicher Bestellwert' (ohne Zahl),Ja ('...auf Deiner Website und/oder in Deinen Social-Media-Kanälen'),Ja (Social allgemein),UNKNOWN,Ja (Produkt-Feed),"EU-Shops (DE, AT, NL, BE, PL, CZ, FR u.a.)",SEM verboten (Listing); Rakuten-AGB müssen akzeptiert werden; exklusive Rabatte für Community möglich,https://www.westwing.de/i/affiliate-program/ ; https://www.affiliate-marketing.de/partnerprogramme/westwing,2026-09-26
Interior/Möbel,home24,https://www.home24.de/,UNKNOWN,DE,UNKNOWN,UNKNOWN,UNKNOWN,UNKNOWN,UNKNOWN,UNKNOWN,UNKNOWN,UNKNOWN,UNKNOWN,UNKNOWN,"Verzeichnis meldet aktuell 'keine Partnerprogramme für home24.de' (früher Netzwerk-Programm, Aufnahme 2019); Brand-Seite blockt (403)",https://www.affiliate-marketing.de/partnerprogramme/home24.de,2026-09-26
Interior/Möbel,OTTO,https://www.otto.de/,Awin,DE (OTTO AT separat 8%),"Listing: 30% / Sale (OTTO DE) – unplausibel hoch, vermutlich Maximal-/Sonderwert; OTTO AT 8%",THIRD-PARTY ESTIMATE (prüfen),UNKNOWN,UNKNOWN,UNKNOWN,UNKNOWN,UNKNOWN,UNKNOWN,Ja (Produktdaten im Account),UNKNOWN,Suchmaschinenwerbung nur nach Abstimmung mit OTTO-Affiliate-Team; Marktplatz-Sortiment inkl. Möbel,https://www.affiliate-marketing.de/partnerprogramme/otto,2026-09-26
Interior/Licht,Lampenwelt,https://www.lampenwelt.de/,Awin,DE/AT/CH,5–8%,THIRD-PARTY ESTIMATE,UNKNOWN,UNKNOWN,UNKNOWN,UNKNOWN,UNKNOWN,UNKNOWN,Ja (Produktdaten),DE/AT/CH (je eigenes Awin-Programm),SEM eingeschränkt/auf Anfrage,https://www.affiliate-marketing.de/partnerprogramme/lampenwelt.de,2026-09-26
Interior/Möbel,"Connox (Designmöbel, Leuchten, Deko)",https://www.connox.de/ueber-uns/medien/partnerprogramm.html,Awin,DE (Listing auch AT/FR/HR via Sub-Netzwerk),8% ohne Gutschein / 4% mit Gutschein,VERIFIED,60 Tage,VERIFIED,'Hoher durchschnittlicher Warenkorb' (ohne Zahl) – CLAIMED,UNKNOWN (nicht ausgeschlossen),UNKNOWN,UNKNOWN,Ja ('Produktdatenfeed mit unserem gesamten Portfolio'),UNKNOWN,Keine Platzierung in Umfeldern Politik/Erotik/Waffen/Gewalt; Keyword-Marketing erlaubt außer Brand 'connox',https://www.connox.de/ueber-uns/medien/partnerprogramm.html ; https://www.affiliate-marketing.de/partnerprogramme/connox.de,2026-09-26
Interior/Möbel,Made in Design,https://www.madeindesign.de/,Daisycon,"DE, UK, IT (FR/BE/CH separat)","3,15–7,7% (DE/UK/IT)",THIRD-PARTY ESTIMATE,30 Tage,THIRD-PARTY ESTIMATE (Programmbeschreibung im Verzeichnis),"'Hohe Warenkörbe' (Sortiment 2,95 € bis 4.416 € Egg Chair) – CLAIMED",UNKNOWN,UNKNOWN,UNKNOWN,Ja (~20.000 Artikel),UNKNOWN,"SEM erlaubt; regelmäßige Flash Sales; Marken wie HAY, Ferm Living, Kartell",https://www.affiliate-marketing.de/partnerprogramme/madeindesign,2026-09-26
Interior/Möbel,Maisons du Monde,https://www.maisonsdumonde.com/DE/de,UNKNOWN,DE,UNKNOWN,UNKNOWN,UNKNOWN,UNKNOWN,UNKNOWN,UNKNOWN,UNKNOWN,UNKNOWN,UNKNOWN,UNKNOWN,Verzeichnis: 'keine Partnerprogramme für Maisons du Monde' (derzeit kein aktives Programm gelistet),https://www.affiliate-marketing.de/partnerprogramme/maisonsdumonde.com,2026-09-26
Interior/Deko,H&M Home,https://www2.hm.com/,UNKNOWN,DE/UK/US: kein Programm gefunden,"Nur H&M Middle East (EG/SA/KW/AE) bis 7,2% gelistet",THIRD-PARTY ESTIMATE,UNKNOWN,UNKNOWN,UNKNOWN,UNKNOWN,UNKNOWN,UNKNOWN,UNKNOWN,UNKNOWN,Für DACH/UK/US kein öffentliches H&M-Affiliate-Programm auffindbar,https://www.affiliate-marketing.de/partnerprogramme/hm.com,2026-09-26
Interior/Deko,Urban Outfitters,https://www.urbanoutfitters.com/,UNKNOWN,DE/EU/US,UNKNOWN,UNKNOWN,UNKNOWN,UNKNOWN,UNKNOWN,UNKNOWN,UNKNOWN,UNKNOWN,UNKNOWN,UNKNOWN,Verzeichnis: 'keine Partnerprogramme für Urban Outfitters'; US-Hilfeseite blockt (403),https://www.affiliate-marketing.de/partnerprogramme/urbanoutfitters.com,2026-09-26
Interior/Möbel,XXXLutz (inkl. Möbelix-Gruppe),https://www.xxxlutz.de/,"Awin (AT, SE); CJ (CZ, SK)",AT/SE gelistet; DE: kein aktives Programm im Listing,"AT 5%, SE 5%, CZ/SK 1%",THIRD-PARTY ESTIMATE,UNKNOWN,UNKNOWN,UNKNOWN,UNKNOWN,UNKNOWN,UNKNOWN,SE: Produktdaten vorhanden,UNKNOWN,Möbelix nicht im Verzeichnis gefunden,https://www.affiliate-marketing.de/partnerprogramme/xxxlutz.de,2026-09-26
Interior/Möbel,Möbel Höffner,https://www.hoeffner.de/,Awin,DE,1–10%,THIRD-PARTY ESTIMATE,UNKNOWN,UNKNOWN,UNKNOWN,UNKNOWN,UNKNOWN,UNKNOWN,Ja (Produktdaten),UNKNOWN,SEM verboten,https://www.affiliate-marketing.de/partnerprogramme/hoeffner.de,2026-09-26
Interior/Möbel,Beliani,https://www.beliani.de/,UNKNOWN,DE,UNKNOWN,UNKNOWN,UNKNOWN,UNKNOWN,UNKNOWN,UNKNOWN,UNKNOWN,UNKNOWN,UNKNOWN,UNKNOWN,"Im Verzeichnis gelistet (seit 2019), aber ohne aktives Programm",https://www.affiliate-marketing.de/partnerprogramme/beliani.de,2026-09-26
Interior/Möbel,Wayfair.de,https://www.wayfair.de/,UNKNOWN,DE,UNKNOWN,UNKNOWN,UNKNOWN,UNKNOWN,UNKNOWN,UNKNOWN,UNKNOWN,UNKNOWN,UNKNOWN,UNKNOWN,Verzeichnis ohne aktive Programmzeile; wayfair.de/partnerprogramm leitet auf /announcement um,https://www.affiliate-marketing.de/partnerprogramme/wayfair.de,2026-09-26
Interior/Deko,Nordic Nest (DE/AT),https://www.nordicnest.de/uber-uns/affiliate/,Adtraction,DE/AT,mind. 8% auf jede Bestellung (individuelle Deals möglich),VERIFIED,15 Tage,VERIFIED,UNKNOWN,Ja (Banner/direkte Links; Instagram-Kooperationen separat),Ja (separate Influencer-Kooperationen),Ja ('direkte Links'),Ja (täglich aktualisierter Produktfeed),Versand aus Schweden in viele EU-Länder,"Skandinavisches Design (Iittala, HAY u.a.); kurze Cookie-Dauer",https://www.nordicnest.de/uber-uns/affiliate/,2026-09-26
Interior/Deko,Nordic Nest (UK/International),https://www.nordicnest.com/about-us/affiliate/,Adtraction,UK/International,at least 8%,VERIFIED,15 Tage,VERIFIED,'A high average order value' (ohne Zahl) – CLAIMED,Ja,Ja (Kooperationen separat),Ja,Ja (daily),UNKNOWN,UNKNOWN,https://www.nordicnest.com/about-us/affiliate/,2026-09-26
Interior/Deko,Desenio (Poster/Wandkunst),https://desenio.com/,CJ,International (Region im Listing ohne Angabe),7%,THIRD-PARTY ESTIMATE,UNKNOWN,UNKNOWN,UNKNOWN,UNKNOWN,UNKNOWN,UNKNOWN,UNKNOWN,UNKNOWN,Brand-Seite durch Bot-Schutz nicht abrufbar,https://www.affiliate-marketing.de/partnerprogramme/desenio.com,2026-09-26
Interior/Deko,Juniqe (Kunstdrucke),https://www.juniqe.com/de/,UNKNOWN,DE,UNKNOWN,UNKNOWN,UNKNOWN,UNKNOWN,UNKNOWN,UNKNOWN,UNKNOWN,UNKNOWN,UNKNOWN,UNKNOWN,Im Verzeichnis ohne aktives Programm,https://www.affiliate-marketing.de/partnerprogramme/juniqe.de,2026-09-26
Interior/Deko,Posterstore,https://www.posterstore.de/,UNKNOWN,DE/UK,UNKNOWN,UNKNOWN,UNKNOWN,UNKNOWN,UNKNOWN,UNKNOWN,UNKNOWN,UNKNOWN,UNKNOWN,UNKNOWN,Nicht im Verzeichnis; Website blockt (429),https://www.posterstore.de/,2026-09-26
Interior/Möbel,Kave Home,https://kavehome.com/,UNKNOWN,DE/EU,UNKNOWN,UNKNOWN,UNKNOWN,UNKNOWN,UNKNOWN,UNKNOWN,UNKNOWN,UNKNOWN,UNKNOWN,UNKNOWN,Nicht im Verzeichnis; Website blockt (Vercel-Checkpoint),https://kavehome.com/affiliates,2026-09-26
Interior/Möbel,IKEA,n/a,UNKNOWN,DE/US/UK: kein Programm gefunden,"Nur 'IKEA ES' 2,81% gelistet",THIRD-PARTY ESTIMATE,UNKNOWN,UNKNOWN,UNKNOWN,UNKNOWN,UNKNOWN,UNKNOWN,UNKNOWN,UNKNOWN,Für DE/US/UK kein öffentliches IKEA-Affiliate-Programm auffindbar -> IKEA-Produkte nur indirekt (z.B. Amazon-Alternativen),https://www.affiliate-marketing.de/partnerprogramme/ikea.com,2026-09-26
Interior/Deko,Etsy Affiliates & Creator Collective,https://www.etsy.com/affiliates,Direct/UNKNOWN (Seite nennt kein Netzwerk),"International (Support auf EN, FR, IT, ES, DE)",Prozentsatz auf qualifizierte Verkäufe (Höhe nicht öffentlich),UNKNOWN,'competitive' (keine Zahl),CLAIMED,UNKNOWN,Ja – Creator Collective ist für Social-Media-Kanäle,Ja (autorisierte Kanäle),Ja (Links zu Etsy-Produkten),UNKNOWN,"Marktplatz, international",Creator Collective: mind. 500 Follower auf mind. einem autorisierten Kanal; Provisionen i.d.R. 30 Tage nach Verkauf validiert; exkl. Steuern/Versand/Retouren; Etsy-Storefront für Mitglieder,https://www.etsy.com/affiliates,2026-09-26
Interior/Möbel,Wayfair UK,https://www.wayfair.co.uk/,Awin; CJ (beide gelistet),UK,Awin 2%; CJ 3% (Sub-Netzwerk FlexOffers zeigt 10% – unplausibel),THIRD-PARTY ESTIMATE,UNKNOWN,UNKNOWN,UNKNOWN,UNKNOWN,UNKNOWN,UNKNOWN,Ja (Awin-Produktdaten),UNKNOWN,Brand-Seite blockt (429); SEM eingeschränkt,https://www.affiliate-marketing.de/partnerprogramme/wayfair.co.uk,2026-09-26
Interior/Möbel,John Lewis & Partners,https://www.johnlewis.com/,Impact (Listing),UK,UNKNOWN,UNKNOWN,UNKNOWN,UNKNOWN,UNKNOWN,UNKNOWN,UNKNOWN,UNKNOWN,Ja (Produktdaten lt. Listing),UNKNOWN,Impact-Vertragsvorschau nicht auffindbar (Brand-Slug unbekannt); Website-Timeouts,https://www.affiliate-marketing.de/partnerprogramme/johnlewis.com,2026-09-26
Interior/Deko,Dunelm,https://www.dunelm.com/,nur Sub-Netzwerk (SaleGains) gelistet,UK,UNKNOWN,UNKNOWN,UNKNOWN,UNKNOWN,UNKNOWN,UNKNOWN,UNKNOWN,UNKNOWN,UNKNOWN,UNKNOWN,Kein Direktprogramm verifiziert,https://www.affiliate-marketing.de/partnerprogramme/dunelm.com,2026-09-26
Interior/Möbel,Loaf,https://loaf.com/,UNKNOWN,UK,UNKNOWN,UNKNOWN,UNKNOWN,UNKNOWN,UNKNOWN,UNKNOWN,UNKNOWN,UNKNOWN,UNKNOWN,UNKNOWN,Nicht im Verzeichnis; Website hinter Cloudflare,https://loaf.com/pages/affiliates,2026-09-26
Interior/Möbel,Soho Home,https://www.sohohome.com/,Rakuten Advertising,"UK, US, CA, AU",UNKNOWN,UNKNOWN,UNKNOWN,UNKNOWN,UNKNOWN,UNKNOWN,UNKNOWN,UNKNOWN,Ja (Produktdaten),UNKNOWN,Premium-Interior (Soho House),https://www.affiliate-marketing.de/partnerprogramme/sohohome.com,2026-09-26
Interior/Deko,Anthropologie (US/UK/EU),https://www.anthropologie.com/,"Rakuten Advertising (US, UK, EU)",US/UK/EU,"Direkt: UNKNOWN; Sub-Netzwerk FlexOffers: US 3,2%, UK 1,6–2,4%, EU 3,2–6,4%",THIRD-PARTY ESTIMATE,UNKNOWN,UNKNOWN,UNKNOWN,UNKNOWN,UNKNOWN,UNKNOWN,Ja (Rakuten-Produktdaten),UNKNOWN,"FlexOffers-Raten entsprechen i.d.R. ~80% der Direktrate (Beobachtung, nicht verifiziert)",https://www.affiliate-marketing.de/partnerprogramme/anthropologie.com,2026-09-26
Interior/Möbel,Wayfair (US),https://www.wayfair.com/affiliates,UNKNOWN,US,UNKNOWN,UNKNOWN,UNKNOWN,UNKNOWN,UNKNOWN,UNKNOWN,UNKNOWN,UNKNOWN,UNKNOWN,UNKNOWN,Brand-Seite blockt (429); Impact-Slug 'Wayfair' gehört anderer Firma; Schwestermarke AllModern siehe eigene Zeile,https://www.wayfair.com/affiliates,2026-09-26
Interior/Möbel,AllModern (Wayfair LLC),https://app.impact.com/campaign-promo-signup/AllModern.brand,Impact,US,8% of order sale amount,VERIFIED,45 Tage (Last Click),VERIFIED,UNKNOWN,UNKNOWN,UNKNOWN,UNKNOWN,UNKNOWN,UNKNOWN,"Aktionen gesperrt 15 Tage nach Monatsende, Zahlung bei Sperre; max. 4 Aktionen pro Klick",https://app.impact.com/campaign-promo-signup/AllModern.brand,2026-09-26
Interior/Möbel,Pottery Barn (US),https://app.impact.com/campaign-promo-signup/Pottery-Barn-US.brand,Impact,US,1% (Referrer google/bing: 0%); separates WSI-Influencer-Template: Default 0% (individuell),VERIFIED,1 Tag (Affiliate) / 30 Tage (Influencer-Template),VERIFIED,UNKNOWN,"Ja, aber nur echte Creator-Identitäten",UNKNOWN,UNKNOWN,UNKNOWN,UNKNOWN,"WSI-Vertrag: nur von WSI bereitgestellte Codes; TM-Negativ-Keywords Pflicht; Klauseln gegen 'fake or misrepresented creator ... or social media identities' und Accounts ohne 'bona fide social, website, or promotional activity'; Sperre 2 Monate nach Monatsende",https://app.impact.com/campaign-promo-signup/Pottery-Barn-US.brand ; https://app.impact.com/campaign-promo-signup/Pottery-Barn.brand,2026-09-26
Interior/Möbel,West Elm (US),https://app.impact.com/campaign-promo-signup/West-Elm-US.brand,Impact,US,1%,VERIFIED,1 Tag,VERIFIED,UNKNOWN,"Ja, aber nur echte Creator-Identitäten",UNKNOWN,UNKNOWN,UNKNOWN,UNKNOWN,"WSI-Vertrag: nur von WSI bereitgestellte Codes; TM-Negativ-Keywords Pflicht; Klauseln gegen 'fake or misrepresented creator ... or social media identities' und Accounts ohne 'bona fide social, website, or promotional activity'; Sperre 2 Monate nach Monatsende",https://app.impact.com/campaign-promo-signup/West-Elm-US.brand,2026-09-26
Interior/Möbel,Williams-Sonoma,https://app.impact.com/campaign-promo-signup/Williams-Sonoma.brand,Impact,US,1% (Rakuten-Referrer 0%),VERIFIED,1 Tag,VERIFIED,UNKNOWN,UNKNOWN,UNKNOWN,UNKNOWN,UNKNOWN,UNKNOWN,"WSI-Vertrag: nur von WSI bereitgestellte Codes; TM-Negativ-Keywords Pflicht; Klauseln gegen 'fake or misrepresented creator ... or social media identities' und Accounts ohne 'bona fide social, website, or promotional activity'; Sperre 2 Monate nach Monatsende",https://app.impact.com/campaign-promo-signup/Williams-Sonoma.brand,2026-09-26
Interior/Licht,Rejuvenation (WSI),https://app.impact.com/campaign-promo-signup/Rejuvenation.brand,Impact,US,1%,VERIFIED,1 Tag,VERIFIED,UNKNOWN,UNKNOWN,UNKNOWN,UNKNOWN,UNKNOWN,UNKNOWN,"WSI-Vertrag: nur von WSI bereitgestellte Codes; TM-Negativ-Keywords Pflicht; Klauseln gegen 'fake or misrepresented creator ... or social media identities' und Accounts ohne 'bona fide social, website, or promotional activity'; Sperre 2 Monate nach Monatsende",https://app.impact.com/campaign-promo-signup/Rejuvenation.brand,2026-09-26
Interior/Möbel,Crate & Barrel,https://app.impact.com/campaign-promo-signup/Crate-and-Barrel.brand,Impact,US,4% Standard; Furniture 2%; Crate Kids 4%; Sale-Artikel 0%,VERIFIED,7 Tage (Last Click),VERIFIED,UNKNOWN,Ja ('Social Media: Allowed'),Ja (Social allgemein),Ja,Ja (Produktdaten lt. Listing),UNKNOWN,Nur Programm-Coupons; kein TM-/TM+-Bidding; nur Banner/Bilder aus Impact verwenden; Zahlung 60 Tage nach Rechnungsstellung,https://app.impact.com/campaign-promo-signup/Crate-and-Barrel.brand,2026-09-26
Interior/Möbel,CB2,https://app.impact.com/campaign-promo-signup/CB2.brand,Impact,US,2%,VERIFIED,7 Tage,VERIFIED,UNKNOWN,Ja ('Social Media: Allowed'),Ja (Social allgemein),UNKNOWN,UNKNOWN,UNKNOWN,Incentivized Traffic/Software nicht erlaubt; nur bereitgestellte Bilder/Logos; Sub-Netzwerk-Listing 'bis 12%' irreführend,https://app.impact.com/campaign-promo-signup/CB2.brand,2026-09-26
Interior/Möbel,Arhaus,https://app.impact.com/campaign-promo-signup/Arhaus.brand,Impact,US/CA,4%,VERIFIED,30 Tage,VERIFIED,UNKNOWN,"Ja auf eigenen Kanälen; VERBOTEN: Links auf Arhaus-eigenen Social-Seiten, FB-Ads mit Markennamen, Marke im Account-Namen",Ja (eigene Kanäle),UNKNOWN,UNKNOWN,UNKNOWN,Strenge Coupon-Regeln; kein PPC-Brand-Bidding,https://app.impact.com/campaign-promo-signup/Arhaus.brand,2026-09-26
Interior/Möbel,Castlery (US),https://www.castlery.com/us/affiliate-program,Impact,US (auch AU/CA-Programme),5% (−20% Provision bei Rabatt > $120; Performance-Boni ohne Cap),VERIFIED,30 Tage (Brand: 'minimum of 30-day tracking window'),VERIFIED,UNKNOWN,"Ja ('website, newsletters or social media')",Ja (Social allgemein),Ja ('linking tools'),Ja (Produktdaten lt. Listing),UNKNOWN,Separates Ambassador-Programm,https://www.castlery.com/us/affiliate-program ; https://app.impact.com/campaign-promo-signup/Castlery-US.brand,2026-09-26
Interior/Möbel,Albany Park,https://app.impact.com/campaign-promo-signup/Albany-Park.brand,Impact,US,4% Basis; Armchairs/Loveseats/3-Sitzer-Sofas 2%,VERIFIED,30 Tage,VERIFIED,UNKNOWN,Ja ('allows affiliates to promote us through social media channels'),Ja (Social allgemein),UNKNOWN,UNKNOWN,UNKNOWN,Keine Coupon-Sites; keine TM-PPC,https://app.impact.com/campaign-promo-signup/Albany-Park.brand,2026-09-26
Interior/Deko,Ruggable (waschbare Teppiche),https://app.impact.com/campaign-promo-signup/Ruggable.brand,Impact (Website verlinkt zusätzlich CJ-Signup),US,3%,VERIFIED,30 Tage,VERIFIED,UNKNOWN,UNKNOWN,UNKNOWN,UNKNOWN,UNKNOWN,UNKNOWN,Sperre 60 Tage nach Monatsende; 1.000+ Designs,https://app.impact.com/campaign-promo-signup/Ruggable.brand ; https://ruggable.com/,2026-09-26
Interior/Möbel,Lulu and Georgia,https://www.luluandgeorgia.com/pages/affiliates,Ascend by Partnerize (ehem. Pepperjam),US,10%,THIRD-PARTY ESTIMATE,UNKNOWN,UNKNOWN,UNKNOWN,UNKNOWN,UNKNOWN,UNKNOWN,Ja (Produktkatalog/Produktdaten),UNKNOWN,Separates Influencer-Programm; Brand-Seite nennt Pepperjam,https://www.affiliate-marketing.de/partnerprogramme/luluandgeorgia.com ; https://www.luluandgeorgia.com/pages/affiliates,2026-09-26
Interior/Möbel,Joybird,https://joybird.com/affiliates/,CJ,US,3%,THIRD-PARTY ESTIMATE,UNKNOWN,UNKNOWN,UNKNOWN,UNKNOWN,UNKNOWN,UNKNOWN,UNKNOWN,UNKNOWN,Affiliate-Seite JS-gerendert,https://www.affiliate-marketing.de/partnerprogramme/joybird.com,2026-09-26
Interior/Licht,Lumens,https://www.lumens.com/,UNKNOWN (nur Sub-Netzwerk FlexOffers gelistet),US,5% (Sub-Netzwerk),THIRD-PARTY ESTIMATE,UNKNOWN,UNKNOWN,UNKNOWN,UNKNOWN,UNKNOWN,UNKNOWN,UNKNOWN,UNKNOWN,Brand-Seite hinter Cloudflare,https://www.affiliate-marketing.de/partnerprogramme/lumens.com,2026-09-26
Interior/Deko,Society6 (Wandkunst/Deko),https://app.impact.com/campaign-promo-signup/Society6.brand,Impact (+ ShopMy-Tracking auf Website),US,2%,VERIFIED,30 Tage,VERIFIED,UNKNOWN,UNKNOWN,UNKNOWN,UNKNOWN,UNKNOWN,UNKNOWN,Zahlung 30 Tage nach Sperre,https://app.impact.com/campaign-promo-signup/Society6.brand,2026-09-26
Interior/Möbel,The Home Depot,https://app.impact.com/campaign-promo-signup/The-Home-Depot.brand,Impact,US,"8% auf Interior Furniture, Area Rugs, Housewares, Mattresses, Bedding & Textiles, Home Decor, Tabletop, Wallpaper; 1% auf alles andere (u.a. Lighting, Appliances, Tools)",VERIFIED,1 Tag,VERIFIED,UNKNOWN,UNKNOWN,UNKNOWN,UNKNOWN,UNKNOWN,UNKNOWN,Sehr kurzes Attributionsfenster; Impressions-Attribution nicht erlaubt,https://app.impact.com/campaign-promo-signup/The-Home-Depot.brand,2026-09-26
Interior/Möbel,Lowe's,https://app.impact.com/campaign-promo-signup/Lowes.brand,Impact,US,1%,VERIFIED,1 Tag,VERIFIED,UNKNOWN,UNKNOWN,UNKNOWN,UNKNOWN,UNKNOWN,UNKNOWN,UNKNOWN,https://app.impact.com/campaign-promo-signup/Lowes.brand,2026-09-26
Interior/Möbel,Article,https://www.article.com/,UNKNOWN,US,UNKNOWN,UNKNOWN,UNKNOWN,UNKNOWN,UNKNOWN,UNKNOWN,UNKNOWN,UNKNOWN,UNKNOWN,UNKNOWN,Keine Programmseite/Impact-Vorschau gefunden; im Verzeichnis ohne aktives Programm,https://www.affiliate-marketing.de/partnerprogramme/article.com,2026-09-26
Interior/Möbel,Burrow,https://burrow.com/,UNKNOWN,US,UNKNOWN,UNKNOWN,UNKNOWN,UNKNOWN,UNKNOWN,UNKNOWN,UNKNOWN,UNKNOWN,UNKNOWN,UNKNOWN,Keine Programmseite/Impact-Vorschau gefunden; im Verzeichnis ohne aktives Programm,https://www.affiliate-marketing.de/partnerprogramme/burrow.com,2026-09-26
Interior/Möbel,Interior Define,https://www.interiordefine.com/,UNKNOWN,US,UNKNOWN,UNKNOWN,UNKNOWN,UNKNOWN,UNKNOWN,UNKNOWN,UNKNOWN,UNKNOWN,UNKNOWN,UNKNOWN,Keine Programmseite/Impact-Vorschau gefunden; im Verzeichnis ohne aktives Programm,https://www.affiliate-marketing.de/partnerprogramme/interiordefine.com,2026-09-26
Interior/Möbel,Rove Concepts,https://www.roveconcepts.com/,UNKNOWN,US,UNKNOWN,UNKNOWN,UNKNOWN,UNKNOWN,UNKNOWN,UNKNOWN,UNKNOWN,UNKNOWN,UNKNOWN,UNKNOWN,Keine Programmseite/Impact-Vorschau gefunden; im Verzeichnis ohne aktives Programm,https://www.affiliate-marketing.de/partnerprogramme/roveconcepts.com,2026-09-26
Interior/Licht,YLighting,https://www.ylighting.com/,UNKNOWN,US,UNKNOWN,UNKNOWN,UNKNOWN,UNKNOWN,UNKNOWN,UNKNOWN,UNKNOWN,UNKNOWN,UNKNOWN,UNKNOWN,Keine Programmseite/Impact-Vorschau gefunden; im Verzeichnis ohne aktives Programm,https://www.affiliate-marketing.de/partnerprogramme/ylighting.com,2026-09-26
Schlaf/Matratzen,Emma (DE/AT/CH),https://www.emma-matratze.de/,Awin (+ Daisycon AT/CH),DE/AT/CH,3–10%,THIRD-PARTY ESTIMATE (DE-Zeile zuletzt 2023-04-18 aktualisiert),30 Tage,THIRD-PARTY ESTIMATE (Programmbeschreibung),'Überdurchschnittlich hoher Warenwert' (ohne Zahl) – CLAIMED,UNKNOWN,UNKNOWN,UNKNOWN,Ja (Produktdaten),30+ Länder,SEM eingeschränkt; Brand-Seite /partnerprogramm verweist nur auf brand-partnerships@emma-sleep.com; 0%-Finanzierung,https://www.affiliate-marketing.de/partnerprogramme/emma,2026-09-26
Schlaf/Matratzen,Emma (UK),https://www.emma-sleep.co.uk/,Awin,UK,5–7%,THIRD-PARTY ESTIMATE,UNKNOWN,UNKNOWN,UNKNOWN,UNKNOWN,UNKNOWN,UNKNOWN,Ja (Produktdaten),UNKNOWN,SEM eingeschränkt,https://www.affiliate-marketing.de/partnerprogramme/emma,2026-09-26
Schlaf/Matratzen,bett1.de (BODYGUARD-Matratze),https://www.bett1.de/,Awin (Bett1 DACH) + CJ (bett1 EU),DE/AT/CH (+ES/FR/PL),CJ 5%; Programmbeschreibung: '8 % CPA für alle gültigen Bestellungen',THIRD-PARTY ESTIMATE / CLAIMED,UNKNOWN,UNKNOWN,'Durchschnittlicher Warenkorbwert von über 320 €' – CLAIMED,UNKNOWN,UNKNOWN,UNKNOWN,Ja (Produktdaten),"Shops in AT, CH, ES, FR, PL; grenzüberschreitendes Tracking",100 Nächte Probeschlafen (Storno-Risiko),https://www.affiliate-marketing.de/partnerprogramme/bett1.de,2026-09-26
Schlaf/Matratzen,Simba Sleep (UK),https://simbasleep.com/pages/affiliate,'our affiliate network' (Awin-Listing: simbasleep.com),UK,"'as much as 5%' – Start-CPA 5% auf Netto-Umsatz (Awin-Listing 3,3%)",CLAIMED,30 Tage,VERIFIED,£627 (Brand-Angabe) – CLAIMED,UNKNOWN,UNKNOWN,UNKNOWN,Ja (Awin-Produktdaten),UNKNOWN,Provision erst nach Ablauf der 200-Nächte-Probeschlafphase – sehr lange Validierung,https://simbasleep.com/pages/affiliate ; https://www.affiliate-marketing.de/partnerprogramme/simbasleep.com,2026-09-26
Schlaf/Matratzen,Casper,https://casper.com/,Partnerize (US lt. Listing); Impact (Casper Canada),US / CA,US: UNKNOWN; Kanada: CAD 15 pro Bestellung,VERIFIED (CA) / UNKNOWN (US),CA: 45 Tage,VERIFIED (CA),UNKNOWN,UNKNOWN,UNKNOWN,UNKNOWN,UNKNOWN,UNKNOWN,UNKNOWN,https://app.impact.com/campaign-promo-signup/Casper.brand ; https://www.affiliate-marketing.de/partnerprogramme/casper.com,2026-09-26
Schlaf/Matratzen,Purple,https://purple.com/affiliate-program,Impact,US,2% of item sale amount (Default),VERIFIED,30 Tage,VERIFIED,UNKNOWN,Ja (eigenes Creator-/Influencer-Programm unter /ambassador),Ja,UNKNOWN,UNKNOWN,UNKNOWN,Sperre ~3 Monate nach Monatsende (100-Nächte-Test); Vergütungsstruktur nach Freischaltung per Mail,https://purple.com/affiliate-program ; https://app.impact.com/campaign-promo-signup/Purple.brand,2026-09-26
Schlaf/Matratzen,Saatva,https://join.partnerize.com/saatva/en,Partnerize,US,UNKNOWN (Awin-US-Listing 3%),THIRD-PARTY ESTIMATE,UNKNOWN,UNKNOWN,UNKNOWN,UNKNOWN,UNKNOWN,UNKNOWN,UNKNOWN,UNKNOWN,Separates Ambassador- (Give $100/Get $100) und Chiropraktiker-Programm,https://www.saatva.com/ ; https://www.affiliate-marketing.de/partnerprogramme/saatva.com,2026-09-26
Schlaf/Matratzen,Nectar Sleep (US),https://app.impact.com/campaign-promo-signup/Nectar-Sleep.brand,Impact,US,8–12% (SKU-abhängig),VERIFIED,30 Tage,VERIFIED,UNKNOWN,UNKNOWN,UNKNOWN,UNKNOWN,UNKNOWN,UNKNOWN,Zahlung bei Sperre (2 Monate nach Monatsende); Offenlegungspflicht; Coupon-Sites nur mit gültigem Code,https://app.impact.com/campaign-promo-signup/Nectar-Sleep.brand ; https://www.nectarsleep.com/p/affiliates,2026-09-26
Schlaf/Matratzen,Nectar Sleep (UK),https://app.impact.com/campaign-promo-signup/Nectar-UK.brand,Impact,UK,£80 pro Bestellung bzw. 12% (SKU-abhängig),VERIFIED,30 Tage,VERIFIED,UNKNOWN,UNKNOWN,UNKNOWN,UNKNOWN,UNKNOWN,UNKNOWN,CAP-Code-Compliance verlangt,https://app.impact.com/campaign-promo-signup/Nectar-UK.brand,2026-09-26
Schlaf/Matratzen,DreamCloud,https://app.impact.com/campaign-promo-signup/DreamCloud.brand,Impact,US,$150 pro Bestellung bzw. 12% (SKU-abhängig),VERIFIED,30 Tage,VERIFIED,UNKNOWN,UNKNOWN,UNKNOWN,UNKNOWN,UNKNOWN,UNKNOWN,Gleicher Konzern wie Nectar (Resident/Nectar Brand LLC); Zahlung bei Sperre,https://app.impact.com/campaign-promo-signup/DreamCloud.brand ; https://www.dreamcloudsleep.com/p/affiliates,2026-09-26
Schlaf/Matratzen,Helix Sleep,https://app.impact.com/campaign-promo-signup/Helix-Sleep.brand,Impact,US/CA,5% Default ('earn up to 6%'); CPC-Partner 0%,VERIFIED,90 Tage (First Click),VERIFIED,UNKNOWN,UNKNOWN,UNKNOWN,UNKNOWN,UNKNOWN,Traffic nur aus US/CA erlaubt,Coupon-/Deal-/Cashback-Sites nur mit Genehmigung; Brand-Bidding verboten,https://app.impact.com/campaign-promo-signup/Helix-Sleep.brand,2026-09-26
Schlaf/Matratzen,Tuft & Needle,https://app.impact.com/campaign-promo-signup/Tuft-and-Needle.brand,Impact,US,2–5%,VERIFIED,30 Tage,VERIFIED,UNKNOWN,UNKNOWN,UNKNOWN,UNKNOWN,UNKNOWN,UNKNOWN,De-Duplizierung gegen Paid Social/Paid Search/andere Affiliates,https://app.impact.com/campaign-promo-signup/Tuft-and-Needle.brand,2026-09-26
Schlaf/Matratzen,Eight Sleep,https://app.impact.com/campaign-promo-signup/Eight-Sleep.brand,Impact,US,2%,VERIFIED,30 Tage,VERIFIED,UNKNOWN,UNKNOWN,UNKNOWN,UNKNOWN,UNKNOWN,UNKNOWN,"Erlaubte Kanäle: Deal/Coupon, Content/Blog, Mobile, Newsletter, Email (Social nicht explizit gelistet)",https://app.impact.com/campaign-promo-signup/Eight-Sleep.brand,2026-09-26
Schlaf/Matratzen,Sleep Number,https://app.impact.com/campaign-promo-signup/Sleep-Number.brand,Impact,US,2%,VERIFIED,30 Tage,VERIFIED,UNKNOWN,UNKNOWN,UNKNOWN,UNKNOWN,UNKNOWN,UNKNOWN,Zahlung 45 Tage nach Rechnungsstellung,https://app.impact.com/campaign-promo-signup/Sleep-Number.brand,2026-09-26
Schlaf/Bettwäsche,Brooklinen,https://app.impact.com/campaign-promo-signup/Brooklinen.brand,Impact,US,0% Default (individuell verhandelt),VERIFIED,1 Tag,VERIFIED,UNKNOWN,UNKNOWN,UNKNOWN,UNKNOWN,UNKNOWN,UNKNOWN,Coupon-Codes nur mit Erlaubnis,https://app.impact.com/campaign-promo-signup/Brooklinen.brand,2026-09-26
Schlaf/Bettwäsche,Parachute Home,https://app.impact.com/campaign-promo-signup/Parachute-Home.brand,Impact,US,10% Neukunden / 5% Bestandskunden,VERIFIED,7 Tage,VERIFIED,UNKNOWN,"Ja (Social-Profile als 'Your Material' zulässig, müssen im Profil angegeben werden)",Ja (kein Brand-Bidding auf Instagram/Facebook),UNKNOWN,UNKNOWN,UNKNOWN,Sperre >3 Monate nach Monatsende,https://app.impact.com/campaign-promo-signup/Parachute-Home.brand,2026-09-26
Schlaf/Bettwäsche,Buffy,https://app.impact.com/campaign-promo-signup/Buffy.brand,Impact (Awin-US-Listing zeigt 15% – widersprüchlich),US,3%,VERIFIED,30 Tage,VERIFIED,UNKNOWN,UNKNOWN,UNKNOWN,UNKNOWN,UNKNOWN,UNKNOWN,ShopMy-Tracking auf Website; Zahlung 5 Tage nach Sperre,https://app.impact.com/campaign-promo-signup/Buffy.brand,2026-09-26
Schlaf/Bettwäsche,Snowe,https://snowehome.com/,Awin,US,10%,THIRD-PARTY ESTIMATE,UNKNOWN,UNKNOWN,UNKNOWN,UNKNOWN,UNKNOWN,UNKNOWN,Ja (Produktdaten),UNKNOWN,UNKNOWN,https://www.affiliate-marketing.de/partnerprogramme/snowehome.com,2026-09-26
Schlaf/Matratzen,Coco-Mat,https://www.coco-mat.com/,UNKNOWN,EU/US,UNKNOWN,UNKNOWN,UNKNOWN,UNKNOWN,UNKNOWN,UNKNOWN,UNKNOWN,UNKNOWN,UNKNOWN,UNKNOWN,Website nicht erreichbar (522); nicht im Verzeichnis,https://www.coco-mat.com/,2026-09-26
Schlaf/Matratzen,OTTY (UK),https://otty.com/,UNKNOWN,UK,UNKNOWN,UNKNOWN,UNKNOWN,UNKNOWN,UNKNOWN,UNKNOWN,UNKNOWN,UNKNOWN,UNKNOWN,UNKNOWN,Keine Affiliate-Seite gefunden,https://otty.com/,2026-09-26
Smart Home/Licht,Govee (DE),https://us.govee.com/pages/affiliate,"Awin (DE); Impact (EU/US, ohne Rate)",DE (US-Programm separat),5–12% (Awin DE),THIRD-PARTY ESTIMATE,UNKNOWN,UNKNOWN,UNKNOWN,UNKNOWN,UNKNOWN,UNKNOWN,Ja (Produktdaten),UNKNOWN,"US-Affiliate-Seite JS-gerendert (keine Daten); zahlreiche Sub-Netzwerk-Listings 3,8–10,5%",https://www.affiliate-marketing.de/partnerprogramme/govee.com,2026-09-26
Smart Home/Licht,Nanoleaf,https://nanoleaf.me/en-us/pages/affiliate-program,Impact,"US, CA, EU, GB, AU, JP, HK",10% (alle Regionen),VERIFIED,30 Tage,VERIFIED,UNKNOWN,"Ja ('creators, influencers, bloggers, streamers')",Ja (Creator-Programm),Ja (custom affiliate link),UNKNOWN,UNKNOWN,"Bonus-Kampagnen, Gratisprodukte möglich; Zahlung via Impact",https://nanoleaf.me/en-us/pages/affiliate-program ; https://app.impact.com/campaign-promo-signup/Nanoleaf.brand,2026-09-26
Smart Home/Licht,Philips Hue (US),https://www.philips-hue.com/en-us/explore-hue/affiliate-programme,UNKNOWN (FAQ nicht geladen),US,"7% Basis, bis 10% im ersten Monat",VERIFIED,UNKNOWN,UNKNOWN,'High average order values' (ohne Zahl) – CLAIMED,UNKNOWN,UNKNOWN,UNKNOWN,Ja ('product feed'),UNKNOWN,Kontakt partners.signify@signify.com,https://www.philips-hue.com/en-us/explore-hue/affiliate-programme,2026-09-26
Smart Home/Licht,Philips Hue (DE),https://www.philips-hue.com/de-de/explore-hue/affiliate-programme,UNKNOWN,DE,"7% Basisprovision, im ersten Monat bis zu 10%",VERIFIED,UNKNOWN,UNKNOWN,UNKNOWN,UNKNOWN,UNKNOWN,UNKNOWN,Ja (Produkt-Feeds),UNKNOWN,Kampagnenbeschränkungen in FAQ (nicht geladen),https://www.philips-hue.com/de-de/explore-hue/affiliate-programme,2026-09-26
Smart Home/Licht,Philips Hue (UK),https://www.philips-hue.com/en-gb/explore-hue/affiliate-programme,UNKNOWN,UK,"5% baseline, up to 7% in first month",VERIFIED,UNKNOWN,UNKNOWN,UNKNOWN,UNKNOWN,UNKNOWN,UNKNOWN,Ja,UNKNOWN,UNKNOWN,https://www.philips-hue.com/en-gb/explore-hue/affiliate-programme,2026-09-26
Smart Home,tado° (DE),https://www.tado.com/de-de,Awin,DE,4–5%,THIRD-PARTY ESTIMATE,UNKNOWN,UNKNOWN,UNKNOWN,UNKNOWN,UNKNOWN,UNKNOWN,Ja (Produktdaten),UNKNOWN,SEM eingeschränkt,https://www.affiliate-marketing.de/partnerprogramme/tado.com,2026-09-26
Smart Home,tado° (UK),https://www.tado.com/gb-en,Awin,UK,5%,THIRD-PARTY ESTIMATE,UNKNOWN,UNKNOWN,UNKNOWN,UNKNOWN,UNKNOWN,UNKNOWN,Ja,UNKNOWN,UNKNOWN,https://www.affiliate-marketing.de/partnerprogramme/tado.com,2026-09-26
Smart Home,eufy (US),https://www.eufy.com/affiliate,Impact,US,7% (Impact-Default); Brand-Seite: '7%~15% commission on all approved sales',VERIFIED (7%) / CLAIMED (bis 15%),30 Tage,VERIFIED,UNKNOWN,Ja ('Social Media Sites' als Affiliate-Typ),Ja (Social allgemein),Ja ('custom links to any URL'),Ja ('Frequently updated product feeds'),UNKNOWN,Gift-Card-SKUs ausgeschlossen; Impressions-Attribution nicht erlaubt,https://www.eufy.com/affiliate ; https://app.impact.com/campaign-promo-signup/Eufy-US.brand,2026-09-26
Smart Home,eufy (DE),https://app.impact.com/campaign-promo-signup/Eufy-DE.brand,Impact,DE,4–6% (Default 4%),VERIFIED,30 Tage (Last Click),VERIFIED,UNKNOWN,NUR MIT GENEHMIGUNG ('Permission must be granted by Advertiser before affiliates promote the program across their own social media properties'),Nur mit Genehmigung,UNKNOWN,UNKNOWN,UNKNOWN,Auch E-Mail nur mit Genehmigung,https://app.impact.com/campaign-promo-signup/Eufy-DE.brand,2026-09-26
Smart Home,Anker (US + DE-Store),https://app.impact.com/campaign-promo-signup/Anker.brand,Impact,"US, DE (anker.com/eu-de)",8%,VERIFIED,30 Tage,VERIFIED,UNKNOWN,UNKNOWN,UNKNOWN,UNKNOWN,UNKNOWN,UNKNOWN,Anker SOLIX DE separat über Awin 1–5% (Listing); Anker UK Webgains 5% (Listing),https://app.impact.com/campaign-promo-signup/Anker.brand ; https://www.affiliate-marketing.de/partnerprogramme/anker.com,2026-09-26
Smart Home,Ring (US),https://app.impact.com/campaign-promo-signup/Ring.brand,Impact,US,10% (SKU-Ausnahmen),VERIFIED,30 Tage,VERIFIED,UNKNOWN,UNKNOWN,UNKNOWN,UNKNOWN,UNKNOWN,UNKNOWN,Ring-Geräte auch über Amazon Associates US (4% 'Ring Devices'),https://app.impact.com/campaign-promo-signup/Ring.brand,2026-09-26
Smart Home,Ring Intercom (DE/UK),https://de-de.ring.com/products/intercom,TradeTracker,"DE, UK",1%,THIRD-PARTY ESTIMATE,UNKNOWN,UNKNOWN,UNKNOWN,UNKNOWN,UNKNOWN,UNKNOWN,UNKNOWN,UNKNOWN,SEM verboten; nur Intercom-Produkt,https://www.affiliate-marketing.de/partnerprogramme/ring.com,2026-09-26
Smart Home,Arlo (DE),https://www.arlo.com/de_de/,Awin,DE,5–10%,THIRD-PARTY ESTIMATE,UNKNOWN,UNKNOWN,UNKNOWN,UNKNOWN,UNKNOWN,UNKNOWN,Ja (Produktdaten),UNKNOWN,SEM eingeschränkt,https://www.affiliate-marketing.de/partnerprogramme/arlo.com,2026-09-26
Smart Home,Arlo (UK),https://www.arlo.com/en-gb/,Awin,UK,10%,THIRD-PARTY ESTIMATE,UNKNOWN,UNKNOWN,UNKNOWN,UNKNOWN,UNKNOWN,UNKNOWN,Ja,UNKNOWN,US: CJ 5% (Listing),https://www.affiliate-marketing.de/partnerprogramme/arlo.com,2026-09-26
Smart Home,SwitchBot,https://www.switch-bot.com/,Awin (US) / CJ,US,6–15%,THIRD-PARTY ESTIMATE,UNKNOWN,UNKNOWN,UNKNOWN,UNKNOWN,UNKNOWN,UNKNOWN,Ja (Produktdaten),UNKNOWN,Brand-Seite blockt (429),https://www.affiliate-marketing.de/partnerprogramme/switch-bot.com,2026-09-26
Smart Home,Aqara,https://www.aqara.com/,UNKNOWN,US ('Aqara DTC'),"bis 6,4% (Listing, Netzwerk/Region unklar)",THIRD-PARTY ESTIMATE,UNKNOWN,UNKNOWN,UNKNOWN,UNKNOWN,UNKNOWN,UNKNOWN,UNKNOWN,UNKNOWN,Keine Brand-Programmseite gefunden,https://www.affiliate-marketing.de/partnerprogramme/aqara.com,2026-09-26
Smart Home,Eve (Eve Systems),https://www.evehome.com/,UNKNOWN,DE/US,UNKNOWN,UNKNOWN,UNKNOWN,UNKNOWN,UNKNOWN,UNKNOWN,UNKNOWN,UNKNOWN,UNKNOWN,UNKNOWN,Keine Programmseite/Listing gefunden,https://www.evehome.com/en-us,2026-09-26
Smart Home,Netatmo,https://www.netatmo.com/,UNKNOWN,DE/EU,UNKNOWN,UNKNOWN,UNKNOWN,UNKNOWN,UNKNOWN,UNKNOWN,UNKNOWN,UNKNOWN,UNKNOWN,UNKNOWN,Im Verzeichnis (seit 2015) ohne aktives Programm,https://www.affiliate-marketing.de/partnerprogramme/netatmo.com,2026-09-26
Smart Home/Saugroboter,Ecovacs (DE/UK),https://www.ecovacs.com/de,Awin,"DE, UK",5%,THIRD-PARTY ESTIMATE,UNKNOWN,UNKNOWN,UNKNOWN,UNKNOWN,UNKNOWN,UNKNOWN,Ja (Produktdaten),UNKNOWN,US: CJ 5% (Listing),https://www.affiliate-marketing.de/partnerprogramme/ecovacs.com,2026-09-26
Smart Home/Saugroboter,Roborock (US),https://us.roborock.com/pages/roborock-affiliate-program,Impact,US,4–7%,VERIFIED,45 Tage,VERIFIED,'High AOV $400+' – CLAIMED,UNKNOWN,UNKNOWN,UNKNOWN,Ja ('Full Data Feed available on Impact'),UNKNOWN,Bewerbung wird geprüft,https://us.roborock.com/pages/roborock-affiliate-program,2026-09-26
Smart Home/Saugroboter,Roborock (DE),https://de.roborock.com/pages/roborock-affiliate-partnerprogramme,Webgains (Listing 4%); weitere Sub-Netzwerke,DE,Listing Webgains 4%; Programmbeschreibung '6%-10% Verkaufsprovision',THIRD-PARTY ESTIMATE / CLAIMED,30 Tage,THIRD-PARTY ESTIMATE,'Hoher AOV €760' – CLAIMED (Programmbeschreibung),UNKNOWN,UNKNOWN,UNKNOWN,Ja ('Vollständiger Datenfeed'),UNKNOWN,Häufige Rabatte; Brand-Seite gab 503,https://www.affiliate-marketing.de/partnerprogramme/roborock.com,2026-09-26
Smart Home/Saugroboter,Roborock (UK),https://uk.roborock.com/,Webgains,UK,12%,THIRD-PARTY ESTIMATE,UNKNOWN,UNKNOWN,UNKNOWN,UNKNOWN,UNKNOWN,UNKNOWN,Ja,UNKNOWN,SEM verboten,https://www.affiliate-marketing.de/partnerprogramme/roborock.com,2026-09-26
Smart Home/Saugroboter,Dreame (US),https://www.dreametech.com/pages/affiliate-program,Impact oder Webgains,US,'minimum of 5%' / '6% Commission on all sales',CLAIMED,30 Tage,VERIFIED,UNKNOWN,Ja ('Share links with your followers on platforms like Instagram and YouTube'),Ja,UNKNOWN,UNKNOWN,UNKNOWN,Nur von Dreame bereitgestellte Banner verwenden,https://www.dreametech.com/pages/affiliate-program,2026-09-26
Smart Home/Saugroboter,Dreame (EU/DE),https://www.dreametech.com/,"CJ (Dreame EU); Impact (Dreame Germany, ohne Rate)",DE/EU,5% (CJ),THIRD-PARTY ESTIMATE,UNKNOWN,UNKNOWN,UNKNOWN,UNKNOWN,UNKNOWN,UNKNOWN,UNKNOWN,UNKNOWN,UNKNOWN,https://www.affiliate-marketing.de/partnerprogramme/dreametech.com,2026-09-26
Smart Home,Dyson (DE),https://www.dyson.de/,Awin,"DE (AT 4,2%, CH 3%)",5%,THIRD-PARTY ESTIMATE,UNKNOWN,UNKNOWN,UNKNOWN,UNKNOWN,UNKNOWN,UNKNOWN,Ja (Produktdaten),UNKNOWN,SEM eingeschränkt,https://www.affiliate-marketing.de/partnerprogramme/dyson.de,2026-09-26
Smart Home,Dyson (UK),https://app.impact.com/campaign-promo-signup/Dyson.brand,Impact,UK,1% of item sale amount,VERIFIED,30 Tage,VERIFIED,UNKNOWN,UNKNOWN,UNKNOWN,UNKNOWN,Ja (Produktdaten lt. Listing),UNKNOWN,Zahlung 45 Tage nach Rechnungsstellung,https://app.impact.com/campaign-promo-signup/Dyson.brand,2026-09-26
Smart Home/Saugroboter,iRobot,https://about.irobot.com/affiliates,CJ,US (EU via Sub-Netzwerk),2%,THIRD-PARTY ESTIMATE,UNKNOWN,UNKNOWN,UNKNOWN,UNKNOWN,UNKNOWN,UNKNOWN,UNKNOWN,UNKNOWN,Affiliate-Seite JS-gerendert,https://www.affiliate-marketing.de/partnerprogramme/irobot.com,2026-09-26
Smart Home,Sonos,https://app.impact.com/campaign-promo-signup/Sonos.brand,Impact,US,"3% (einzelne SKUs 0%, Refurbished reduziert)",VERIFIED,30 Tage,VERIFIED,UNKNOWN,"Ja, aber keine Sonos-Marke in Social-Handles; keine Influencer-/Mitarbeiter-/Leak-Codes",Ja (mit Markenregeln),UNKNOWN,UNKNOWN,UNKNOWN,Offizielle Brand-Assets nicht verändern,https://app.impact.com/campaign-promo-signup/Sonos.brand,2026-09-26
Smart Home,Google Store,https://store.google.com/,UNKNOWN,US,UNKNOWN,UNKNOWN,UNKNOWN,UNKNOWN,UNKNOWN,UNKNOWN,UNKNOWN,UNKNOWN,UNKNOWN,UNKNOWN,Kein öffentliches Programm gefunden (URL-Versuch leitet auf Store-Startseite),https://store.google.com/us/,2026-09-26
Smart Home,Apple Services Performance Partners,https://performance-partners.apple.com/home,Partnerize,International,je Produkt und Markt ('local market rate'),VERIFIED (Modell) / UNKNOWN (Sätze),UNKNOWN,UNKNOWN,UNKNOWN,UNKNOWN,UNKNOWN,UNKNOWN,UNKNOWN,UNKNOWN,"NUR Apple Services (Music, TV, Podcasts, Bücher, Filme) – KEINE Hardware (iPhone/HomePod); Auszahlung typischerweise 60–90 Tage",https://performance-partners.apple.com/home,2026-09-26
