handle,instagram_url,followers,followers_status,posts,posts_status,display_name,niche_focus,account_type,group,content_mode_AI_real_mixed,content_mode_status,reels_in_sample,median_reel_views_sample,mean_reel_views_sample,top_reel_views_seen,views_status,median_views_per_follower,max_views_per_follower,median_likes_per_view,median_comments_per_view,engagement_status,posting_freq_per_week_upper_bound,posting_freq_status,earliest_known_post,account_age_status,bio,bio_source,cta_pattern,external_links,link_in_bio_offers,has_affiliate,has_brand_deals,has_shop,has_services,has_digital_products,has_newsletter,has_other_monetization,has_brand_contact,brand_deals_seen,monetization_status,deep_profiled,top_reel_url,topics,profile_json,source
luxurydreamhub,https://www.instagram.com/luxurydreamhub/,1000000.0,"VERIFIED (embed page, rounded, 2026-09-25)",1144.0,VERIFIED (embed page),luxurydreamhub,"Faceless luxury interior/architecture showcase: glossy marble penthouses, starry-ceiling bedrooms, crystal kitchen islands, futuristic villas; in 2026 moving into AI 'transformation' reels (blueprint-to-house, island-to-mega-city, private-island resorts).",theme_page,A/F theme page,AI,ESTIMATED (profile evidence / AI-assisted cover coding),16,868500.0,1621743.75,8200000.0,"VERIFIED per reel (public topic pages); account-level = sample of top-page reels, biased upward",0.8685,8.2,0.036789052458381724,0.00020819033333605068,VERIFIED inputs (embed likes/comments + topic views); ratio computed,18.8,ESTIMATED upper bound = posts / days since earliest known post,2025-07-24,"ESTIMATED lower bound (earliest post seen, decoded from shortcode)",,Threads public profile https://www.threads.com/@luxurydreamhub shows display name 'luxurydreamhub' and no bio text; Instagram bio not seen.,"No explicit CTA. Aspirational one-to-two-sentence captions with emojis ('City lights outside, pure luxury inside. ✨🌃'; 'Kitchen goals! ✨'), occasional 'Imagine unwinding he[re]...' visualization prompt, then hashtag stacks mixing niche and reach tags (#interiordesign #luxuryhomes ... reelsviral trending / ViralReels TrendingNow FYP).",,,False,False,False,False,False,False,False,False,,VERIFIED where URL given in profile JSON; absence = not observed (not proof of absence),True,https://www.instagram.com/reel/DOHJ3rMgVna/,dream-bedrooms;dream-home;dubai-luxury-interior-design-trends;futuristic-home;futuristic-house;futuristic-houses;futuristic-interior;luxury-apartment;luxury-apartment-interior-design-ideas-2026;luxury,data/raw/accounts/profile_luxurydreamhub.json,topic-page sample + embed pages + deep profile
wayup_media,https://www.instagram.com/wayup_media/,942000.0,"VERIFIED (embed page, rounded, 2026-09-25)",3170.0,VERIFIED (embed page),WayUp Media | Content Creation | Social Media Management,"US luxury home and mansion tours (drone/FPV, exteriors, backyards, pools) shot for builders, architects and realtors by a Michigan-based real-estate media and social agency.",media_publication,C/G media,real,ESTIMATED (profile evidence / AI-assisted cover coding),12,3050000.0,5370166.666666667,22700000.0,"VERIFIED per reel (public topic pages); account-level = sample of top-page reels, biased upward",3.2412327311370883,24.12327311370882,0.0656016877785597,0.00040998355263157895,VERIFIED inputs (embed likes/comments + topic views); ratio computed,15.9,ESTIMATED upper bound = posts / days since earliest known post,2022-12-02,"ESTIMATED lower bound (earliest post seen, decoded from shortcode)","TikTok: wayupmedia | 655K We create engaging digital content for businesses, realtors, builders and more! 🎥 📸",Public Threads profile https://www.threads.com/@wayup_media (fetched 2026-09-25). The Instagram bio itself was not seen; Threads and Instagram bios can differ.,"Engagement questions ('Would you live here??', 'How much is this home is worth??', 'Does ... make $7.9M worth it?'); relationship tag-bait ('Tag her in the comments to see if you got it right', 'Tag the first person...'); credit block (Builder/Architect/Agent/Interior Design @handles); occasional vote CTA; short hashtag set (#luxuryhomes #realestate #mansion). Bio sends traffic to a Linktree with service leads, an influencer-network form and careers.",https://linktr.ee/wayupmedia,"Apply to join our influencer network. The Google Form is tit; Book a shoot today; Come work for us (careers); Want us to manage your Social Media? (Google Form); Website; Website contact: info@wayupmedia.com, +1 (248) 232-7428; Website service list: Premium Video Reels, FPV Drone Fly Thr",False,True,False,True,False,False,True,True,AZD Architects (@azdarchitects): caption credits; named as a client on wayupmedia.com; PJE Lawn Care & Landscaping (@pjelawncare): caption credit; named as a client on wayupmedia.com; Sapphire Luxury Homes: named as a client on wayupmedia.com; @lamarcohomes (builder credit; paid status unknown); @ma,VERIFIED where URL given in profile JSON; absence = not observed (not proof of absence),True,https://www.instagram.com/reel/DQ4OUB3Di0Y/,desert-modern-house-tours;dream-home;dream-house;futuristic-house;jamesedition-luxury-homes;luxury-homes;luxury-house-tour;luxury-mansion;luxury-real-estate;luxury-real-estate-mansion-exterior;mansion,data/raw/accounts/profile_wayup_media.json,topic-page sample + embed pages + deep profile
luxuryhouseview,https://www.instagram.com/luxuryhouseview/,389000.0,"VERIFIED (embed page, rounded, 2026-09-25)",961.0,VERIFIED (embed page),luxury house,"Glossy 'ultra luxury' dream-home content: marble-and-gold bedrooms and living rooms, galaxy/starry ceilings, futuristic villas, glass houses, pool villas and house exteriors, posted as uncredited aesthetic reels",theme_page,A/F theme page,mixed,ESTIMATED (profile evidence / AI-assisted cover coding),10,158000.0,1054630.0,4700000.0,"VERIFIED per reel (public topic pages); account-level = sample of top-page reels, biased upward",0.4061696658097686,12.082262210796916,0.04704602368526696,0.00026361962219812005,VERIFIED inputs (embed likes/comments + topic views); ratio computed,17.3,ESTIMATED upper bound = posts / days since earliest known post,2025-09-01,"ESTIMATED lower bound (earliest post seen, decoded from shortcode)",,"Threads public profile https://www.threads.com/@luxuryhouseview (WebFetch plus public HTML meta, 2026-09-25). The profile name is 'luxury house' and there is NO bio text; the header links only back to https://www.instagram.com/luxuryhouseview/. The Instagram bio itself could not be read: the WebSearch budget was used up and instagram.com was not fetched. The display name is the THREADS name.","No explicit CTA. Captions are a short aspirational one-liner with emojis ('Living in a masterpiece of light, space, and luxury💥💎✨.', 'Royal vibes, peaceful nights.💎✨') plus hashtag stacks. These mix niche tags (#LuxuryHome #ModernVilla #DreamHome) with generic reach tags (#fyp #explore #trending #tranding #reels #instagram) and unrelated tags (#miamistad #miamilife #miamivice #travel). The brand watermark '@Luxuryhouseview' appears on the cover of DZ5u1gbI4fE. No bio link, shop, DM or comment-keyword CTA was seen.",,,False,False,False,False,False,False,False,False,,VERIFIED where URL given in profile JSON; absence = not observed (not proof of absence),True,https://www.instagram.com/reel/DOExDYCiEYm/,dream-home;futuristic-home;futuristic-house;futuristic-houses;futuristic-interior;glass-house-photos;luxury-bedroom;luxury-homes;luxury-house;luxury-house-tour;luxury-interior;luxury-interior-design;l,data/raw/accounts/profile_luxuryhouseview.json,topic-page sample + embed pages + deep profile
sunt_mrr,https://www.instagram.com/sunt_mrr/,2000000.0,"VERIFIED (embed page, rounded, 2026-09-25)",728.0,VERIFIED (embed page),Maria Dudkina,"Midjourney-generated dream villas and fantasy architecture (Bali infinity villas, cliff houses, underwater/water villas, circle/futuristic houses), expanding into AI travel scenes; sells AI courses and prompts.",ai_creator,D/E AI creator,AI,ESTIMATED (profile evidence / AI-assisted cover coding),9,2900000.0,5369433.333333333,24500000.0,"VERIFIED per reel (public topic pages); account-level = sample of top-page reels, biased upward",1.45,12.25,0.05480916030534351,0.00035896551724137933,VERIFIED inputs (embed likes/comments + topic views); ratio computed,6.8,ESTIMATED upper bound = posts / days since earliest known post,2024-09-04,"ESTIMATED lower bound (earliest post seen, decoded from shortcode)",✉️ Collab: sunt.mrr@gmail.com,"Threads public profile https://www.threads.com/@sunt_mrr (WebFetch 2026-09-25). Linktree description: 'AI Expert & Travel Content Creator' (https://linktr.ee/sunt_mrr). TikTok bio: 'Instagram: @sunt_mrr 1,7M'. Instagram bio itself NOT seen.","Minimal descriptive title ('Dream underwater villa', 'Villa in the rock with a dream view') + dot-spacer lines + hashtag block (#midjourney #mariadudkina #luxuryinteriors #villa); newer reels add 'Design: @sunt_mrr' credit line. Monetization CTA lives off-caption: collab email in bio and Linktree course/prompt store.",https://linktr.ee/sunt_mrr; https://www.behance.net/sunt_mrr; https://tiktok.com/@sunt.mrr; https://www.threads.com/sunt_mrr; mailto:sunt.mrr@gmail.com,"Behance portfolio - 'Maria Dudkina - Ai artist, Architectura; Get Premium Prompts; Russian Course/Курс на русском; Shop All AI Courses; Watch Video Tutorials (mini-products); Work With Me (email)",False,True,False,False,True,False,False,True,,VERIFIED where URL given in profile JSON; absence = not observed (not proof of absence),True,https://www.instagram.com/reel/DNS1_gYMh2a/,ai-generated-house;ai-house-design;bali-infinity-pool-villas;bali-luxury-villas-with-private-pools;cliff-house;faroe-islands-luxury-villas;future-house;futuristic-houses;overwater-villa;tropical-house,data/raw/accounts/profile_sunt_mrr.json,topic-page sample + embed pages + deep profile
theluxuryhomeshow,https://www.instagram.com/theluxuryhomeshow/,2000000.0,"VERIFIED (embed page, rounded, 2026-09-25)",2361.0,VERIFIED (embed page),The Luxury Home Show,"UK-based luxury home-tour media brand: price-led mansion and villa tours (Florida, California, London, Europe, Bali) plus designer-home features, with Instagram driving viewers to full YouTube episodes.",media_publication,C/G media,real,ESTIMATED (profile evidence / AI-assisted cover coding),9,202000.0,945400.0,5800000.0,"VERIFIED per reel (public topic pages); account-level = sample of top-page reels, biased upward",0.101,2.9,0.03217333333333333,0.00032,VERIFIED inputs (embed likes/comments + topic views); ratio computed,22.9,ESTIMATED upper bound = posts / days since earliest known post,2024-10-02,"ESTIMATED lower bound (earliest post seen, decoded from shortcode)",UK's Leading Luxury Home Platform • 460k on YouTube — 1.8mill on Tiktok • Business enquiries — hello@luxuryhomeshow.co.uk ↓ Full tours on Youtube,"Public Threads profile https://www.threads.com/@theluxuryhomeshow (fetched 2026-09-25). The Instagram bio itself was not seen. The Threads bio looks stale: it says '460k on YouTube', but the YouTube channel showed 1.31M subscribers on the same date.","Price-first hooks ('What $48,000,000 Buys You in Fort Lauderdale', 'Inside a $70,000,000 Mansion in California.. wait for the basement 😲'); long descriptive captions; 'Watch the full tour on The Luxury Home Show YouTube channel'; listing credit ('Listed with @...'); comment prompts ('Do you think we should tour your home next? Drop a yes in the comment!'); usually no hashtags. Bio: 'Business enquiries' email plus '↓ Full tours on Youtube'.",https://youtube.com/@TheLuxuryHomeShow,"Business enquiries: hello@luxuryhomeshow.co.uk (Threads bio); Full-length home tours on YouTube (1.31M subscribers, 1,246 ; Website linked from YouTube: theluxuryhomeshow.com. The fetc; YouTube channel description: 'To apply to feature email hell",False,True,False,False,False,False,True,True,Terra Meridiana (@terrameridiana / @adam.terrameridiana): listing agency credited on reel DcTD9ufyBUd; Palladium AV: named in reel Db747p-SpGY caption (paid status unknown); Lyngdorf: named in reel Db747p-SpGY caption (paid status unknown); Arbor Real Estate: listing linked in a YouTube description ,VERIFIED where URL given in profile JSON; absence = not observed (not proof of absence),True,https://www.instagram.com/reel/DBvoA6IIZqo/,house-tour;luxury-homes;luxury-house-tour;luxury-mansion;luxury-real-estate-mansion-exterior;luxury-villa;mansion-tour;miami-mansion;scandinavian-interior-design;scandinavian-interior-design-styles,data/raw/accounts/profile_theluxuryhomeshow.json,topic-page sample + embed pages + deep profile
naturesms,https://www.instagram.com/naturesms/,10000000.0,"VERIFIED (embed page, rounded, 2026-09-25)",3511.0,VERIFIED (embed page),Naturesms,"Faceless AI 'healing' nature-and-dwelling mood reels: rain-soaked forest cabins and treehouses, cave cabins in snow, secluded mountain farmhouses, indoor pools and nature-integrated fantasy architecture, paired with wistful or philosophical one-liners.",theme_page,A/F theme page,AI,ESTIMATED (profile evidence / AI-assisted cover coding),8,386000.0,480375.0,1300000.0,"VERIFIED per reel (public topic pages); account-level = sample of top-page reels, biased upward",0.0385999999999999,0.13,0.04417064685314685,0.0003289855072463768,VERIFIED inputs (embed likes/comments + topic views); ratio computed,33.1,ESTIMATED upper bound = posts / days since earliest known post,2024-09-12,"ESTIMATED lower bound (earliest post seen, decoded from shortcode)",❝𝐘𝐨𝐮'𝐫𝐞 𝐌𝐲 𝐅𝐚𝐯𝐨𝐮𝐫𝐢𝐭𝐞 𝐍𝐨𝐭𝐢𝐟𝐢𝐜𝐚𝐭𝐢𝐨𝐧❞♥️,"Threads public profile https://www.threads.com/@naturesms: display name 'Naturesms', the bio quoted above, '5.9M followers' (Threads audience), and a profile link to Instagram only. This is the THREADS bio. The Instagram bio was not seen and may differ. The Instagram embed captures show only the username 'naturesms'.","Engagement questions and reflective quotes, few hashtags, sometimes including the branded #naturesms. Questions: 'Who would you most like to live with in such a quiet and romantic forest villa. #naturesms'; 'On a snowy day, who would you most like to live with in such a cozy cave cabin? #naturesms'; 'What kind of person would like this kind of atmosphere? #rainyday #rainforest #explore'. Quotes: 'Once I have no more worries, I will retire to the ends of the earth ...'. Threads posts follow the same quote style ('Your mindset determines your aura ...' #naturesms). No link, shop or affiliate CTA seen.",,,False,False,False,False,False,False,False,False,,VERIFIED where URL given in profile JSON; absence = not observed (not proof of absence),True,https://www.instagram.com/reel/DOcrXxqknf7/,biophilic-bedroom-design;cozy-winter-cabin;forest-house;futuristic-architecture-designs-2026;house-in-the-forest;indoor-pool;mountain-house,data/raw/accounts/profile_naturesms.json,topic-page sample + embed pages + deep profile
aiforarchitects,https://www.instagram.com/aiforarchitects/,1000000.0,"VERIFIED (embed page, rounded, 2026-09-25)",513.0,VERIFIED (embed page),AI for Architects,"AI-generated ultra-luxury mansion concepts (dark stone/black modern, classical estates, supercar-plus-villa shots) tagged to real prestige locations (Dubai, Los Angeles, Miami, Tennessee, Paris), used as a lead funnel for paid architecture/interior design commissions.",designer_studio,A designer/3D studio,AI,ESTIMATED (profile evidence / AI-assisted cover coding),7,2000000.0,6200428.571428572,34700000.0,"VERIFIED per reel (public topic pages); account-level = sample of top-page reels, biased upward",2.0,34.7,0.0628245,0.0002868131868131868,VERIFIED inputs (embed likes/comments + topic views); ratio computed,4.3,ESTIMATED upper bound = posts / days since earliest known post,2024-06-10,"ESTIMATED lower bound (earliest post seen, decoded from shortcode)",,,"Long descriptive architectural caption with location, then signature block 'Designed by @aiforarchitects' + '📩 For private commissions and inquiries: www.aiforarchitects.co | WhatsApp: +1 (656) 200-3368' (or email + website), then 5-10 hashtags (#MansionDesign #LuxuryArchitecture #DreamHome ...). Website CTA 'Contact us!' to a Tally inquiry form. Website available in English, Arabic and Russian.",https://aiforarchitects.co/,"Architectural Design - 'Crafting bespoke luxury homes that e; Blog with SEO articles on ultra-luxury homes (e.g. 'How to C; Concept Design - 'From initial floor plans to stunning 3D re; Contact page: email info@aiforarchitects.co, phone +1 (656) ; Interior Design - 'Curates lavish interiors tailored to both; Landscape Design - 'Create opulent outdoor spaces that harmo; Project Consulting - 'guidin",False,True,False,True,False,False,False,True,,VERIFIED where URL given in profile JSON; absence = not observed (not proof of absence),True,https://www.instagram.com/reel/DHBihXfMPDA/,dream-home;jamesedition-luxury-homes;los-angeles-house;luxury-mansion;luxury-real-estate-mansion-exterior;luxury-resort;miami-mansion,data/raw/accounts/profile_aiforarchitects.json,topic-page sample + embed pages + deep profile
roomify.design,https://www.instagram.com/roomify.design/,62000.0,"VERIFIED (embed page, rounded, 2026-09-25)",152.0,VERIFIED (embed page),Roomify | Luxury Rooms,"Faceless 'empty room to luxury room' makeover reels (bedrooms, kitchens, dining and living rooms, seasonal fall and French-coastal restyles) with shop-the-look links.",theme_page,A/F theme page,unknown,UNKNOWN,7,337000.0,521485.71428571426,1700000.0,"VERIFIED per reel (public topic pages); account-level = sample of top-page reels, biased upward",5.435483870967742,27.41935483870968,0.010589235127478754,0.000331353919239905,VERIFIED inputs (embed likes/comments + topic views); ratio computed,4.9,ESTIMATED upper bound = posts / days since earliest known post,2026-02-20,"ESTIMATED lower bound (earliest post seen, decoded from shortcode)",,"Instagram bio not obtained (WebSearch budget exhausted before any Instagram snippet could be read; instagram.com not fetched per rules). Display name taken from the public Threads profile https://www.threads.com/@roomify.design (fetched 2026-09-25), which showed no bio text and no external link. The Instagram embed only shows the handle as the name.","Opens with a POV or 'Day N of styling the same house' hook; 'Would you live here?' question; '🔎 Search: <keyword phrase>' in-app SEO line; '💬 Comment ""<KEYWORD>"" and I'll send you my curated collection + room links' DM funnel; closes with #beforeandafter #interiordesign hashtags.",,"Comment-to-DM funnel, not a bio link: 'Comment ""SUNROOM"" and",True,True,False,False,False,False,False,False,"Wayfair: product source for the 'curated Wayfair collection' sent by DM. Paid, affiliate or partner status not verified.",VERIFIED where URL given in profile JSON; absence = not observed (not proof of absence),True,https://www.instagram.com/reel/DVrk07ojSsm/,bedroom-design;dream-kitchen;green-minimalist-interior-design;interior-styling;luxury-dining-room;luxury-kitchen-design;virtual-staging,data/raw/accounts/profile_roomify.design.json,topic-page sample + embed pages + deep profile
harmosai,https://www.instagram.com/harmosai/,57000.0,"VERIFIED (embed page, rounded, 2026-09-25)",3672.0,VERIFIED (embed page),Harmos AI,"Luxury modern and futuristic villas (desert villa at night, storm-lit villa, black minimalist villa) with real-estate lifestyle captions (Saudi Arabia Vision 2030, Los Angeles). The account now appears tied to an AI-infrastructure company.",other,other,unknown,UNKNOWN,7,468000.0,365549.71428571426,752000.0,"VERIFIED per reel (public topic pages); account-level = sample of top-page reels, biased upward",8.210526315789474,13.192982456140353,0.0496,0.0003099824868651489,VERIFIED inputs (embed likes/comments + topic views); ratio computed,59.0,ESTIMATED upper bound = posts / days since earliest known post,2025-07-15,"ESTIMATED lower bound (earliest post seen, decoded from shortcode)",Sovereign Intelligence for: 🧬 Biotech | 💹 Economy | 🛡️ Defense Engineering the world's most advanced Multi-Layered Trust Architecture (MLTA),"Threads profile https://www.threads.com/@harmosai (WebFetch 2026-09-25). The Instagram bio itself was NOT seen because WebSearch was unavailable. Threads usernames mirror the linked Instagram username, so this is very likely the same account holder, but the Instagram bio text may differ.","Long, mood-setting English captions ('Let the storm roll in.', 'When the desert sky turns dark, the real show begins.') with CamelCase hashtags (#ModernVillas #ArchitecturalDesign #LuxuryLiving). Some captions invite viewers to 'Discover ...' a real-estate market or investment opportunity. No explicit link, DM or comment CTA was seen in the truncated captions.",harmos.ai,"Creative platform connecting verified talent with enterprise; Enterprise API Access - production-grade sovereign inference; Harmos Core - conversational AI (Mixture of Experts architec; Sovereign Infrastructure - white-label national deployments; Waitlist signup form (email, organization type, use case); n",False,False,False,True,False,False,True,False,,VERIFIED where URL given in profile JSON; absence = not observed (not proof of absence),True,https://www.instagram.com/reel/DOlpM39kbd5/,desert-modern-house-tours;futuristic-home;futuristic-house;futuristic-houses;los-angeles-house;luxury-modern-beautiful-house;modern-architecture;modern-villa;saudi-arabia-architecture;ultra-modern-lux,data/raw/accounts/profile_harmosai.json,topic-page sample + embed pages + deep profile
siyad_abdali,https://www.instagram.com/siyad_abdali/,4000000.0,"VERIFIED (embed page, rounded, 2026-09-25)",2110.0,VERIFIED (embed page),Siyad Ali,"Mass-appeal AI 'dream room' / cozy cabin / dream home mood reels (fairy-lit loft bedrooms, rainy city views, snowy cabins, forest glass houses) mixed with nature/romance mood posts under a personal traveler-horticulturist persona.",theme_page,A/F theme page,AI,ESTIMATED (profile evidence / AI-assisted cover coding),6,4550000.0,67119333.33333333,282000000.0,"VERIFIED per reel (public topic pages); account-level = sample of top-page reels, biased upward",1.1375,70.5,0.04534938055480743,0.00015517374038222885,VERIFIED inputs (embed likes/comments + topic views); ratio computed,18.3,ESTIMATED upper bound = posts / days since earliest known post,2024-07-11,"ESTIMATED lower bound (earliest post seen, decoded from shortcode)",Welcome to the World 🗺 🌎 through my eyes. Traveler 🏝 🏖 ✈️ 🚗 Horticulturist 🌺 🌱 🪴 🌶,Threads public profile https://www.threads.com/@siyad_abdali (fetched 2026-09-25 via WebFetch). This is the THREADS bio and display name; the Instagram bio itself was not seen (see notes).,"Mostly title-style mood captions without CTA ('A Dreamy Bunk Bed Room Made for Warm Nights and Quiet Moments'; 'Cozy Cabin on a Snowy Day | Reading, Music & Peaceful Alone Time 🕯📖🎶'); some top reels have no caption at all (C9SiQc8S9xq, C_Pf1dboaeJ); occasional question + share/tag prompt ('Do you like this kind of home? Share it with someone you want to live with'). No sales, link or DM CTA seen.",,,False,False,False,False,False,False,False,False,,VERIFIED where URL given in profile JSON; absence = not observed (not proof of absence),True,https://www.instagram.com/reel/C_Pf1dboaeJ/,ai-house-design;cozy-winter-cabin;dream-bedroom;dream-home;dream-room;modern-living-room,data/raw/accounts/profile_siyad_abdali.json,topic-page sample + embed pages + deep profile
elitebuildhq,https://www.instagram.com/elitebuildhq/,2000000.0,"VERIFIED (embed page, rounded, 2026-09-25)",317.0,VERIFIED (embed page),,"Faceless AI concept 'build' / walkthrough videos of luxury off-grid and survival architecture: underground bunkers and container homes, hidden lofts behind waterfalls, 'living garden' garages, modular container courtyard homes.",ai_creator,D/E AI creator,AI,ESTIMATED (profile evidence / AI-assisted cover coding),6,4000000.0,8329500.0,24000000.0,"VERIFIED per reel (public topic pages); account-level = sample of top-page reels, biased upward",2.0,12.0,0.02017367461430575,0.00013175592780464786,VERIFIED inputs (embed likes/comments + topic views); ratio computed,13.2,ESTIMATED upper bound = posts / days since earliest known post,2026-04-09,"ESTIMATED lower bound (earliest post seen, decoded from shortcode)",,UNKNOWN. https://www.threads.com/@elitebuildhq returned only a login wall/footer (no profile data). Instagram search snippets could not be collected (WebSearch budget exhausted). The project's embed-page pipeline did not capture this account (accounts_metrics.csv follower_status UNKNOWN).,"Bio CTA UNKNOWN. Captions read like long YouTube SEO titles with pipe separators and a first-person or tour framing ('I Built a Hidden Luxury Loft Behind a Waterfall | Ultimate Off-Grid AI Concept'; 'Inside a Fully Self-Sufficient Underground Survival Bunker & Modern A-Frame Home Take an exclusive look at one of'), followed by 'Experience / Step inside / Witness' descriptive copy. No follow, comment, link or shop CTA appears in the caption fragments seen. The fragments are truncated at about 90-150 characters.",,,False,False,False,False,False,False,False,False,,VERIFIED where URL given in profile JSON; absence = not observed (not proof of absence),True,https://www.instagram.com/reel/DW4-fMTiB96/,ai-generated-house;container-home-luxury-models-2026;inside-underground-bunker-house;modern-architecture;underground-house,data/raw/accounts/profile_elitebuildhq.json,topic-page sample + embed pages + deep profile
travelask.world,https://www.instagram.com/travelask.world/,681000.0,"VERIFIED (embed page, rounded, 2026-09-25)",764.0,VERIFIED (embed page),,"Travel-inspiration listicles of real 'most beautiful' hotels, treehouses, villas and riads worldwide (Lapland, Morocco, Lake Como, Amalfi, Scandinavia), with dreamy (partly AI-looking) visuals.",media_publication,C/G media,mixed,ESTIMATED (profile evidence / AI-assisted cover coding),6,1300000.0,1392566.6666666667,2700000.0,"VERIFIED per reel (public topic pages); account-level = sample of top-page reels, biased upward",1.9089574155653453,3.9647577092511015,0.052635967078189294,0.00046437499999999994,VERIFIED inputs (embed likes/comments + topic views); ratio computed,8.9,ESTIMATED upper bound = posts / days since earliest known post,2025-01-28,"ESTIMATED lower bound (earliest post seen, decoded from shortcode)",,NOT retrieved. Threads https://www.threads.com/@travelask.world returned only a login wall; WebSearch budget exhausted so Instagram result snippets could not be collected; instagram.com not fetched. (Embed page display_name field shows only the username 'travelask.world'.),"Emoji + listicle headline ('🍁10 Dreamy Treehouse Stays Around the World', '😍Morocco like Pinterest: the most beautiful hotels 🇲🇦'), occasional save CTA ('♥️Save this: the most romantic and secluded hotels in Lapland'), then a numbered '📍 Name — Place — one-line description' list; no hashtags or @mentions in the two full captions captured (caption_hashtags 0, caption_mentions 0); escapist cover overlays ('This & no stress..', 'Not a dream... Morocco'). Project coding cta_type 'none' for both coded reels.",,,False,False,False,False,False,False,False,False,,VERIFIED where URL given in profile JSON; absence = not observed (not proof of absence),True,https://www.instagram.com/reel/DdEgqHFozBe/,arctic-treehouse-hotel-rovaniemi;cabins;como-lake-villas;marrakech-riad;mediterranean-villa;treehouse;treehouse-hotel,data/raw/accounts/profile_travelask.world.json,topic-page sample + embed pages + deep profile
facade_designn,https://www.instagram.com/facade_designn/,47000.0,"VERIFIED (embed page, rounded, 2026-09-25)",237.0,VERIFIED (embed page),,"Futuristic and parametric architecture concepts (serpent-inspired skyscraper, sculptural glass high-rise, cliffside villa) with templated, emoji-led captions.",theme_page,A/F theme page,unknown,UNKNOWN,6,678000.0,843666.6666666666,2100000.0,"VERIFIED per reel (public topic pages); account-level = sample of top-page reels, biased upward",14.425531914893616,44.680851063829785,0.01798305708334892,0.0002133538315988647,VERIFIED inputs (embed likes/comments + topic views); ratio computed,5.5,ESTIMATED upper bound = posts / days since earliest known post,2025-11-25,"ESTIMATED lower bound (earliest post seen, decoded from shortcode)",,,"Every caption follows the same template: an emoji (✨/🏛️/🌿) plus a one-line hook ('When architecture dares to break the rules, magic happens...'), then a second emoji and a description ('This design blends nature, ...'). The source truncates captions at about 90 characters, so any CTA, credit or hashtags further down are UNKNOWN.",,,False,False,False,False,False,False,False,False,,VERIFIED where URL given in profile JSON; absence = not observed (not proof of absence),True,https://www.instagram.com/reel/DS5GYPmAESA/,ai-generated-architecture-designs;futuristic-architecture;house-on-cliff;modern-architecture;parametric-architecture,data/raw/accounts/profile_facade_designn.json,topic-page sample + embed pages + deep profile
beautifulhotels,https://www.instagram.com/beautifulhotels/,6000000.0,"VERIFIED (embed page, rounded, 2026-09-25)",9121.0,VERIFIED (embed page),BEAUTIFUL HOTELS,"Curated luxury and unique hotels, villas and cabins worldwide (Dubai, Lake Como, Maldives, Lapland, Ibiza, Amalfi). It is a hospitality sub-brand of the Beautiful Destinations travel-media and marketing agency.",media_publication,C/G media,real,ESTIMATED (profile evidence / AI-assisted cover coding),5,551000.0,2072000.0,5400000.0,"VERIFIED per reel (public topic pages); account-level = sample of top-page reels, biased upward",0.0918333333333333,0.9,0.04625874125874126,0.00019879518072289158,VERIFIED inputs (embed likes/comments + topic views); ratio computed,56.3,ESTIMATED upper bound = posts / days since earliest known post,2023-08-17,"ESTIMATED lower bound (earliest post seen, decoded from shortcode)","Celebrating #BeautifulHotels from all over the world. Discover the most unique, experiential, and finest stays with us. 🌎","Public Threads profile https://www.threads.com/@beautifulhotels (fetched 2026-09-25). The Instagram bio itself was not seen, because no WebSearch snippets were available (the budget was used up). Threads profiles are usually linked to the Instagram account, but they are not guaranteed to match.","Credit-first captions ('@creator transports us to / gives us a peek inside <property>'), a descriptive paragraph, then a question prompt for comments ('Who are you bringing with you?', 'Tell us your top hidden gems in Tulum...', 'What's the prettiest view you've ever enjoyed from a hotel window?'). Credits and location use 📽️ @creator 📍Property, Place. No booking link in the captions. B2B monetization runs through the parent agency (brands@beautifuldestinations.com).",https://beautifuldestinations.com,"BD Academy: 12-week cohort creator training in Dubai ('power; LinkedIn newsletter 'Social Content x Travel'; Parent brand's travel marketing agency: 'Beautiful Destinati; Research Panel and '2026 State of Social Media in Travel Rep; brands@beautifuldestinations.com (Brand Partnerships), info@",True,True,False,True,True,True,False,True,"Address Sky View Hotel, Dubai (named in C7PFB2NIp-e; paid status unknown); Villa Peduzzi, Lake Como (CwDUsjvBzG_; paid status unknown); Nordland Cabin, Apuseni Mountains, Romania (C1KX5HeozzE; paid status unknown); Kuuru Lakeside, Salla, Lapland (DSxdffvjsz7; paid status unknown); Milaidhoo Maldives",VERIFIED where URL given in profile JSON; absence = not observed (not proof of absence),True,https://www.instagram.com/reel/C7PFB2NIp-e/,arctic-treehouse-hotel-rovaniemi;dubai-luxury;lake-como-villa;luxury-cabin;maldives-villa,data/raw/accounts/profile_beautifulhotels.json,topic-page sample + embed pages + deep profile
arteo_luxury,https://www.instagram.com/arteo_luxury/,871000.0,"VERIFIED (embed page, rounded, 2026-09-25)",1041.0,VERIFIED (embed page),Arteo by Spandana,"Opulent luxury residential interiors (kitchens, living rooms, bathrooms, TV units, home theatres) by a Bengaluru-based studio led by Spandana.",designer_studio,A designer/3D studio,unknown,UNKNOWN,5,798000.0,1435620.0,3500000.0,"VERIFIED per reel (public topic pages); account-level = sample of top-page reels, biased upward",0.9161882893226176,4.018369690011481,0.022090225563909775,0.00020371428571428572,VERIFIED inputs (embed likes/comments + topic views); ratio computed,7.8,ESTIMATED upper bound = posts / days since earliest known post,2024-03-02,"ESTIMATED lower bound (earliest post seen, decoded from shortcode)",Where art meets luxury 11+ Years in Luxury Interiors Delivering Globally,Threads profile https://www.threads.com/@arteo_luxury (public). Instagram bio itself not retrieved.,No explicit CTA seen in sampled captions; formula is '<Poetic title>! <tagline> ... by @spandanapb / by Arteo' + #luxury #luxuryinteriors hashtags.,,"Arteo Luxury, Bengaluru - full home interiors, modular kitch; contact@arteoluxury.com / WhatsApp +91-9880216520 (website; ",False,True,False,True,False,False,False,True,,VERIFIED where URL given in profile JSON; absence = not observed (not proof of absence),True,https://www.instagram.com/reel/DPt1R0_E6oS/,luxury-bathroom-design;luxury-bathroom-interior-design-inspiration;luxury-interior-design;luxury-kitchen;luxury-kitchen-design;luxury-living-room;luxury-living-room-design,data/raw/accounts/profile_arteo_luxury.json,topic-page sample + embed pages + deep profile
divaa.finds,https://www.instagram.com/divaa.finds/,764000.0,"VERIFIED (embed page, rounded, 2026-09-25)",1203.0,VERIFIED (embed page),Diva luxe living Co.,"Shoppable 'dream bedroom' / cozy girly room makeovers (white-pink glam, neutral cozy, TV bed, vanities) monetized via Amazon and Temu affiliate links.",lifestyle_influencer,G lifestyle,real,ESTIMATED (profile evidence / AI-assisted cover coding),5,1500000.0,2653000.0,5800000.0,"VERIFIED per reel (public topic pages); account-level = sample of top-page reels, biased upward",1.963350785340314,7.591623036649215,0.08958082191780822,0.00022133333333333334,VERIFIED inputs (embed likes/comments + topic views); ratio computed,12.2,ESTIMATED upper bound = posts / days since earliest known post,2024-10-31,"ESTIMATED lower bound (earliest post seen, decoded from shortcode)",📚 #1 Home Organization Guide 💞 #2 Your home glow-up starts here ❤️ #3 635k+ followers living clutter-free 👇 #4 Ready for the full transformation,Threads profile https://www.threads.com/@divaa.finds (public). Instagram bio itself not retrieved; the '635k+ followers' claim is the account's own bio text.,"Comment-keyword DM automation + link-in-bio: 'Tap the link in my bio to shop all my favorite items. 💬 Or comment ""ROOM"" below and I'll DM you the full list directly!'; first-person 'Welcome to my cozy, dreamy bedroom' hooks; bio ends '👇 #4 Ready for the full transformation' pointing to Linktree.",https://linktr.ee/Divaa.finds,Contact page with email (Cloudflare-obfuscated on fetch) and; Diva's Amazon Storefront; Diva's Shop 🛍️ (divafinds.us - curated product catalog linki; Diva's Temu | Fav Picks; Individual Amazon product links: Sectional Sofa; Vanity Desk; amzn.to short links: Vanity Desk with Mirror & LED Lights ($,True,True,True,False,False,False,False,True,Temu (named in caption of DVy7BDyE0-d and linked on Linktree; paid status UNKNOWN),VERIFIED where URL given in profile JSON; absence = not observed (not proof of absence),True,https://www.instagram.com/reel/DBzntoio6aS/,bedroom-decor;bedroom-design;cozy-bedroom-ideas;dream-bedroom;dream-bedroom-decor-ideas;dream-room,data/raw/accounts/profile_divaa.finds.json,topic-page sample + embed pages + deep profile
miladeshtiyaghi,https://www.instagram.com/miladeshtiyaghi/,642000.0,"VERIFIED (embed page, rounded, 2026-09-25)",1709.0,VERIFIED (embed page),Architect | Milad Eshtiyaghi | ميلاد اشتياقي,"Conceptual luxury houses and villas set into nature (jungle, forest, hillside, 'Black House'), presented as the architect's own designs. The content generates leads for worldwide architecture and interior design commissions.",architect,C architecture,AI,ESTIMATED (profile evidence / AI-assisted cover coding),5,381000.0,692360.0,2100000.0,"VERIFIED per reel (public topic pages); account-level = sample of top-page reels, biased upward",0.5934579439252337,3.2710280373831777,,0.000569620253164557,VERIFIED inputs (embed likes/comments + topic views); ratio computed,26.4,ESTIMATED upper bound = posts / days since earliest known post,2025-06-28,"ESTIMATED lower bound (earliest post seen, decoded from shortcode)",▪️Architecture and interior design ▪️Provide projects worldwide ▪️WhatsApp: (+98)9124236621 📩 miladeshtiyaghi@yahoo.com,Threads profile https://www.threads.com/@miladeshtiyaghi (WebFetch 2026-09-25; text as returned by the fetch tool). The Instagram bio itself was not verified. The public embed pages show only the username 'miladeshtiyaghi'.,"The first line is a project title with emoji ('Jungle House 🌳🤍🌱', '🖤 BLACK HOUSE 🖤🌳 A Minimal Sanctuary in Nature'). Then comes the credit 'Architect & Interior Designer: @miladeshtiyaghi', long descriptive copy and an engagement question ('Which element speaks to you most?', 'Which part speaks to you most?'). Hashtags include #luxury #billionaire #millionaire #losangeles #معماری. There is no link CTA in the captions; the bio carries the CTA (WhatsApp + email for worldwide projects).",https://miladeshtiyaghi.com/,"Architecture, Interior Design, Landscape Design, 3D Visualiz; Behance portfolio; Email: Miladeshtiyaghi@yahoo.com; LinkedIn; WhatsApp for project inquiries; YouTube channel",True,True,False,True,False,False,False,True,,VERIFIED where URL given in profile JSON; absence = not observed (not proof of absence),True,https://www.instagram.com/reel/Da714ebtLOp/,biophilic-design;desert-modern-house-tours;futuristic-house;house-in-forest;house-in-the-forest;tropical-house;tropical-house-architecture-styles,data/raw/accounts/profile_miladeshtiyaghi.json,topic-page sample + embed pages + deep profile
glashaus.realestate,https://www.instagram.com/glashaus.realestate/,296000.0,"VERIFIED (embed page, rounded, 2026-09-25)",537.0,VERIFIED (embed page),Tom Glashausser | Los Angeles Real Estate Agent,"Short phone-shot tours of ultra-luxury Los Angeles listings (Malibu, Beverly Hills, Hollywood Hills), $10M to $43M+, by a Christie's/AKG agent building his personal brand.",real_estate,B luxury real estate,real,ESTIMATED (profile evidence / AI-assisted cover coding),5,791000.0,706200.0,1500000.0,"VERIFIED per reel (public topic pages); account-level = sample of top-page reels, biased upward",2.6722972972972974,5.067567567567568,0.056049304677623264,0.0004070796460176991,VERIFIED inputs (embed likes/comments + topic views); ratio computed,3.5,ESTIMATED upper bound = posts / days since earliest known post,2023-10-19,"ESTIMATED lower bound (earliest post seen, decoded from shortcode)","• AKG | @christiesrealestate • Luxury Home Tours • Buy | Sell | Lease DRE# 02191974 Beverly Hills, CA tom@akgre.com","Public Threads profile https://www.threads.com/@glashaus.realestate (fetched 2026-09-25). The Instagram bio itself was not seen, because no WebSearch snippets were available (the budget was used up). Threads profiles are usually linked to the Instagram account, but they are not guaranteed to match.","Minimal hook captions: price plus location ('$33,500,000 in beverly hills', '$42,900,000 in malibu'), often lowercase, then 'listed by: @agent dre# ...' credits and long hashtag blocks (#view #viewforview #hollywoodhills #luxuryhomes ...). No explicit CTA was seen in the sampled captions. Conversion runs through the bio (Buy | Sell | Lease, tom@akgre.com) and the website (home value, schedule, off-market).",https://glashausrealestate.com,"Book an appointment ('Schedule'); Email alerts and an email sign-up form on the homepage; Listing page linked in the site navigation (slug: west-holly; Personal agent site. Title: 'Tom Glashausser | Luxury Real E; Seller lead capture: 'Home Value' valuation page; YouTube Shorts channel 'Tom Glashausser' (@glashaus.realesta; tom@akgre.com, phone 424.281.0061, License # 02191974 (About",True,True,False,True,False,True,True,True,"Christie's International Real Estate Southern California / @christiesrealestate: his brokerage (tagged in the bio); The Aaron Kirman Group (AKG): his team; @robertehowellgroup, @hoshsellshomes, @kwofbeverlyhills: listing credits on Cyl3Py1v64k (paid status unknown); @jademillsestates: listing credit",VERIFIED where URL given in profile JSON; absence = not observed (not proof of absence),True,https://www.instagram.com/reel/Cyl3Py1v64k/,beverly-hills-mansion;houses-on-malibu-beach;los-angeles-house;malibu-house,data/raw/accounts/profile_glashaus.realestate.json,topic-page sample + embed pages + deep profile
styltechinterior_official,https://www.instagram.com/styltechinterior_official/,201000.0,"VERIFIED (embed page, rounded, 2026-09-25)",1199.0,VERIFIED (embed page),Styltech Interior,"Bengaluru (India) interior design-and-execution studio (STYLTECH STUDIO) posting walkthroughs of finished kitchens, living rooms, bedrooms, bathrooms, kids' rooms and staircases",designer_studio,A designer/3D studio,real,ESTIMATED (profile evidence / AI-assisted cover coding),5,405000.0,1058500.0,3600000.0,"VERIFIED per reel (public topic pages); account-level = sample of top-page reels, biased upward",2.014925373134328,17.91044776119403,0.015180080482897384,7.534348864994027e-05,VERIFIED inputs (embed likes/comments + topic views); ratio computed,33.3,ESTIMATED upper bound = posts / days since earliest known post,2026-01-15,"ESTIMATED lower bound (earliest post seen, decoded from shortcode)",8296079178,Threads profile https://www.threads.com/@styltechinterior_official (fetched 2026-09-25). The profile text under the display name is only a phone number. Instagram bio not seen.,"Viral-style hook captions ('This Kitchen Design Looks So Smooth 😍✨', 'This Bathroom Looks More Expensive Than A Hotel 😍✨') with no CTA in the sampled Instagram captions. Project posts carry a studio credit and location tags ('Designed & Executed by STYLTECH STUDIO', '📍 Sarjapur Road, Bengaluru'). The profile shows a phone number.",,Design and build service: 'Designed & Executed by STYLTECH S; Phone number shown as the Threads profile text: 8296079178,False,True,False,True,False,False,False,True,,VERIFIED where URL given in profile JSON; absence = not observed (not proof of absence),True,https://www.instagram.com/reel/DVn8laHklGZ/,bedroom-design;dream-bedroom-decor-ideas;hotel-bathroom-designs;kitchen-design;living-room-design;luxury-kitchen;modern-living-room,data/raw/accounts/profile_styltechinterior_official.json,topic-page sample + embed pages + deep profile
exploringdreamhomes,https://www.instagram.com/exploringdreamhomes/,177000.0,"VERIFIED (embed page, rounded, 2026-09-25)",167.0,VERIFIED (embed page),,"Faceless AI 'dream home' exterior clips: storybook cottages, snowy white stucco houses with arched windows, whimsical facades. Pure eye candy with no information in the captions.",theme_page,A/F theme page,AI,ESTIMATED (profile evidence / AI-assisted cover coding),5,556000.0,623000.0,996000.0,"VERIFIED per reel (public topic pages); account-level = sample of top-page reels, biased upward",3.1412429378531077,5.627118644067797,0.053323076923076924,0.0006258992805755395,VERIFIED inputs (embed likes/comments + topic views); ratio computed,5.1,ESTIMATED upper bound = posts / days since earliest known post,2026-02-05,"ESTIMATED lower bound (earliest post seen, decoded from shortcode)",,UNKNOWN. https://www.threads.com/@exploringdreamhomes returned only a login wall/footer (no profile data). Instagram search snippets could not be collected (WebSearch budget exhausted). The two project embed captures give conflicting name fields (see notes).,"No CTA. Captions are two- or three-word reactions with emojis and no hashtags, mentions or link hints ('So beautiful ❤️😍', 'Very pretty 😍🥳', 'Pretty cool 😃❤️', 'Dream home 🥰🏡', 'Dreamy ❤️🍀'). The project's caption coding records cta_type none and no link hint.",,,False,False,False,False,False,False,False,False,,VERIFIED where URL given in profile JSON; absence = not observed (not proof of absence),True,https://www.instagram.com/reel/DUWxMeTCn65/,ai-generated-house;ai-house;dream-house;dream-house-design,data/raw/accounts/profile_exploringdreamhomes.json,topic-page sample + embed pages + deep profile
juliagal_,https://www.instagram.com/juliagal_/,4000000.0,"VERIFIED (embed page, rounded, 2026-09-25)",1232.0,VERIFIED (embed page),Julia Gal,"Luxury travel creator (with partner @momentsofgregory) filming hotel suites, rooftop/infinity pools, Dubai and Santorini stays and cruises - 'Hotels • Destinations • Cruises'.",lifestyle_influencer,G lifestyle,real,ESTIMATED (profile evidence / AI-assisted cover coding),4,4591500.0,5721250.0,13600000.0,"VERIFIED per reel (public topic pages); account-level = sample of top-page reels, biased upward",1.147875,3.4,0.06438992647058824,0.00018257268424611223,VERIFIED inputs (embed likes/comments + topic views); ratio computed,14.0,ESTIMATED upper bound = posts / days since earliest known post,2025-01-18,"ESTIMATED lower bound (earliest post seen, decoded from shortcode)",Luxury Travel Content Creator 23M+ Followers Across Platforms Hotels • Destinations • Cruises Contact info@momentsofgregory.com With @momentsofgregory,"THREADS bio (NOT the Instagram bio): https://www.threads.com/@juliagal_ fetched 2026-09-25. Instagram bio itself not retrieved (WebSearch budget exhausted; instagram.com not fetched). '23M+ Followers Across Platforms' is the creator's self-claim, unverified.","Short aspirational first-person hook + emoji ('Just checked into the dreamiest hotel room ever😍🪄', 'Dreams do come true in this suite!💫😍'), engagement CTA 'Tag someone you would bring here🥂', location pin '📍@hotel' or property hashtag, plus generic hashtags (#dubai #beautifulhotels #hotelsandresorts #luxuryvacations #best_worldplaces #luxury). Bio CTA: 'Contact info@momentsofgregory.com'.","https://www.tiktok.com/@juliagal_ (link shown on Threads profile); https://momentsofgregory.com (domain of the contact email in the Threads bio; site fetched, it names 'MOMENTSOFGREGORY & JULIAGAL'); https://www.youtube.com/@juliagal_ (linked from momentsofgregory.com)",'Momentsofgregory & Juliagal - Content Creation Agency': 'Co; Contact info@momentsofgregory.com (Threads bio; also mailto ; TikTok @juliagal_ (Threads profile link); YouTube @juliagal_ (linked from momentsofgregory.com),False,True,False,True,False,False,False,True,@santonero_santorini (hotel tagged with location pin in reel DQkFQYNjHMz; paid status unknown); #AgaliaLuxurySuites (property hashtag in reel DbC8IbDMeT3; paid status unknown); @calilo_ios (hotel credited in @worldexclusivetravel repost CrDO5DgIHXk of juliagal_ footage; paid status unknown),VERIFIED where URL given in profile JSON; absence = not observed (not proof of absence),True,https://www.instagram.com/reel/DRnDRfOjAbX/,best-rooftop-pools;luxury-hotel;luxury-hotel-suite,data/raw/accounts/profile_juliagal_.json,topic-page sample + embed pages + deep profile
soothenests,https://www.instagram.com/soothenests/,2000000.0,"VERIFIED (embed page, rounded, 2026-09-25)",2119.0,VERIFIED (embed page),Soothe Nests,"Started as AI cozy/dreamy luxury bedroom and cabin ambience reels (rain, snow, fireplaces; 2024-2025); by Sept 2026 its Threads output has pivoted to general AI video showcases and AI-tool tutorials (Dreamina/Seedance, anime worlds, product commercials, transformations).",ai_creator,D/E AI creator,AI,ESTIMATED (profile evidence / AI-assisted cover coding),4,6950000.0,15375000.0,45100000.0,"VERIFIED per reel (public topic pages); account-level = sample of top-page reels, biased upward",3.475,22.55,0.049327048534121704,0.00017752593687553038,VERIFIED inputs (embed likes/comments + topic views); ratio computed,19.6,ESTIMATED upper bound = posts / days since earliest known post,2024-08-29,"ESTIMATED lower bound (earliest post seen, decoded from shortcode)",AI-Powered Content Creation AI • Tech • Automation • Content Strategy For Collabs / Partnerships 📩 itskhizaralam@gmail.com,"Threads public profile https://www.threads.com/@soothenests (fetched 2026-09-25 via WebFetch). This is the THREADS bio; the Instagram bio itself was not seen (no Instagram search snippets available, see notes).","Interior-era captions: title-style mood line + 2-3 hashtags, no CTA (e.g. 'Raindrops on My Window, Euphoria in My Soul: Luxury Bedroom Bliss #cozybedroom #cozyapartment #euphoria'). 2026 Threads posts: comment-keyword -> DM funnel ('Comment ""Dreamina""/""IPHONE""/""TRANSFORM""' for prompt + link), 'Dm on Instagram for prompt and workflow', question hooks ('Would You Live in This Fantasy Anime World?', 'Which color would you like to buy?'); collab email in bio.",,"Bio: 'For Collabs / Partnerships 📩 itskhizaralam@gmail.com' ; Comment-keyword funnel on Threads: 'Comment ""Dreamina"" and I; Free prompt/workflow delivered via comment or DM ('Comment """,True,True,False,False,False,False,False,True,"Dreamina (AI image/video generation tool; post tagged #dreaminapartner, Threads post DdS6abyEgZ6, 09/14/26)",VERIFIED where URL given in profile JSON; absence = not observed (not proof of absence),True,https://www.instagram.com/reel/DBWhf0koR7_/,ai-cozy-cabin;dream-bedroom;dream-bedrooms;luxury-bedroom,data/raw/accounts/profile_soothenests.json,topic-page sample + embed pages + deep profile
vrishtidesigns,https://www.instagram.com/vrishtidesigns/,2000000.0,"VERIFIED (embed page, rounded, 2026-09-25)",1798.0,VERIFIED (embed page),Vrishti Designs™ | Interior | Decor | Furniture,"Jaipur-based interior and architecture studio posting luxury 3D-render walkthroughs (living rooms, bedrooms, kids' rooms), with a global client pitch (Dubai, Melbourne and Indian cities named on the site)",designer_studio,A designer/3D studio,3d_render,ESTIMATED (profile evidence / AI-assisted cover coding),4,466000.0,834500.0,2200000.0,"VERIFIED per reel (public topic pages); account-level = sample of top-page reels, biased upward",0.2329999999999999,1.1,0.03310321770334928,0.00012424629535002555,VERIFIED inputs (embed likes/comments + topic views); ratio computed,26.4,ESTIMATED upper bound = posts / days since earliest known post,2025-06-05,"ESTIMATED lower bound (earliest post seen, decoded from shortcode)",🟢 Interior Design 🟢 Renovation 🟢 Furniture Design 🟢 3D Renders Walkthrough Contact us for your next dream project! #interiordesign #furnituredesign,"Threads profile https://www.threads.com/@vrishtidesigns (public, fetched 2026-09-25). The Linktree LinkedIn description repeats the same service list. Instagram bio not seen directly.",Bio 'Contact us for your next dream project!' plus a Linktree WhatsApp lead button. Captions are short aesthetic one-liners ending in '✨🤎' with the brand hashtag #vrishtidesigns and #luxuryinteriors #interiordesign #livingroomdesign.,https://linktr.ee/vrishtidesigns; https://vrishtidesigns.com/,"Contact email contact@vrishtidesigns.com (website); Facebook; LinkedIn; Start discussing your project with us (WhatsApp lead link, +; Website vrishtidesigns.com: 'Crafting Timeless Spaces With E; X; YouTube channel",False,True,False,True,False,False,False,True,,VERIFIED where URL given in profile JSON; absence = not observed (not proof of absence),True,https://www.instagram.com/reel/DY9CLYOx-rq/,dubai-luxury-interior-design-trends;kids-room-design;luxury-apartment-interior-design-ideas-2026;luxury-interior;luxury-interior-design;luxury-living-room-design;modern-luxury-house-interiors,data/raw/accounts/profile_vrishtidesigns.json,topic-page sample + embed pages + deep profile
deirdres_design,https://www.instagram.com/deirdres_design/,1000000.0,"VERIFIED (embed page, rounded, 2026-09-25)",8694.0,VERIFIED (embed page),Deirdre Renee | Designer,"Curated reposts, credited 'via @creator', of glam/classical luxury home interiors (cream-and-gold living rooms, kitchens, closets, grand halls). Monetized with home-decor brand discount codes, an Amazon storefront and virtual design consults.",theme_page,A/F theme page,AI,ESTIMATED (profile evidence / AI-assisted cover coding),4,26650.0,36725.0,71700.0,"VERIFIED per reel (public topic pages); account-level = sample of top-page reels, biased upward",0.02665,0.0717,0.029141018798553044,0.0004979071700926005,VERIFIED inputs (embed likes/comments + topic views); ratio computed,102.8,ESTIMATED upper bound = posts / days since earliest known post,2025-02-09,"ESTIMATED lower bound (earliest post seen, decoded from shortcode)","Interior decorator, design enthusiast, shopping lover, & Jesus follower. 💗Mom of 👭👬 & Gigi of 👧👶. DM for virtual consults or collabs! 🙏 John 3:16","Threads public profile https://www.threads.com/@deirdres_design (WebFetch plus public HTML og:description, 2026-09-25). This is the THREADS bio and display name; the Instagram bio was not read separately because the WebSearch budget was used up and instagram.com was not fetched. The Linktree bio (https://linktr.ee/Deirdresdesign) reads: 'I 💕 design, shopping & Jesus. I'm an interior decorator DM for Virtual Consults'.","Bio: 'DM for virtual consults or collabs!' (service plus brand-contact CTA), with a Linktree of affiliate storefronts and discount codes. Captions are short engagement hooks plus a credit: 'What do you think of this kitchen design? Via @deirdres_design', 'Tag someone who would love this dream closet via @msblingmiami ✨ I'm excited to offer a special virtual design consultation!', 'Soft neutrals, grand scale, and endless elegance. Save this for your dream home inspo ✨Via @zaxzaaafrica', 'Yes or no? Via @ellys.spaces' (Threads). The pattern is question / tag / save hook, then 'via @source', with occasional service plugs.",https://linktr.ee/Deirdresdesign,AMAZON Storefront; Deirdre’s Design Facebook; Deirdre’s Design Website (interior decorating; site is behin; Email icon on Linktree (address not reproduced here) plus 'D; Hulala Home - Code DED15 (bit.ly redirects to hulalahome.com; Noble Gold Investments (tracking link; redirects to lp.noble; Virtual design consults booked by DM (Linktree bio 'I'm an i; Z Gallerie - Use Code DED5 for 5% off your e,True,True,False,True,False,False,False,True,"Hulala Home: code DED15, UTM campaign 'Instagram_kol_deirdres_design' (Linktree); Z Gallerie: code DED5 for 5% off, UTM campaign 'Instagram_kol_deirdres_design' (Linktree); Noble Gold Investments: affiliate tracking link, affid=30515 (Linktree); Amazon: influencer storefront amazon.com/shop/deirdres",VERIFIED where URL given in profile JSON; absence = not observed (not proof of absence),True,https://www.instagram.com/reel/DF1kNfqRmIF/,dream-closet;dream-kitchen;luxury-kitchen-design;luxury-living-room;luxury-living-room-design;modern-classic-interior-design,data/raw/accounts/profile_deirdres_design.json,topic-page sample + embed pages + deep profile
uniqchalets,https://www.instagram.com/uniqchalets/,684000.0,"VERIFIED (embed page, rounded, 2026-09-25)",655.0,VERIFIED (embed page),,"Cozy, romantic 'slow living' chalet, spa and villa escapes in Austria, Italy and France. Built as an aesthetic theme page that feeds the brand's own curated booking platform (UNIQ Chalets, Vienna).",theme_page,A/F theme page,real,ESTIMATED (profile evidence / AI-assisted cover coding),4,1475500.0,2013500.0,5000000.0,"VERIFIED per reel (public topic pages); account-level = sample of top-page reels, biased upward",2.1571637426900585,7.309941520467836,0.05826841359223301,0.0003735,VERIFIED inputs (embed likes/comments + topic views); ratio computed,6.0,ESTIMATED upper bound = posts / days since earliest known post,2024-08-20,"ESTIMATED lower bound (earliest post seen, decoded from shortcode)",,"NOT FOUND. The WebSearch budget was used up before this step (200/200 calls), so no Instagram search snippets could be collected. The public Threads profile https://www.threads.com/@uniqchalets (fetched 2026-09-25) returned only the footer, with no name, bio or link. The brand website https://www.uniqchalets.com (title 'UNIQ Chalets | curated chalets, villas & boutique stays') links to Instagram @uniqchalets and TikTok @uniq.chalets. The Instagram bio text and display name were not seen.","Emotional first-person POV captions with share/save prompts: 'send this to someone who'd choose a cosy chalet ...' (DdJPLxqMGaP), 'The person that sent this wants to slow down at this lake house with you! Save this beautiful place for your next vacation' (C-4sDlONJ02), 'craving this with you' (cover text on Dc01pz-MJ9v). The sampled captions never name the property. Monetization happens off-platform via the uniqchalets.com enquiry form, the LA CRÈME email club and info@uniqchalets.com.",,"Booking intermediary and concierge. T&C: 'UNIQ operates an o; Curated holiday-rental platform (chalets, villas, boutique s; LA CRÈME club, an email deals club: 'up to -30% off last-min; Newsletter opt-in: 'I agree to receive offers and news by em; Seasonal collections: Mountain Summer, Next Summer, Mediterr; info@uniqchalets.com (mailto subject 'Request for a stay')",True,True,False,True,False,True,True,True,@opheliawilde.music: music credit in the C-4sDlONJ02 caption (paid status unknown),VERIFIED where URL given in profile JSON; absence = not observed (not proof of absence),True,https://www.instagram.com/reel/DdJPLxqMGaP/,chalet;lake-house,data/raw/accounts/profile_uniqchalets.json,topic-page sample + embed pages + deep profile
hafezi.architects,https://www.instagram.com/hafezi.architects/,606000.0,"VERIFIED (embed page, rounded, 2026-09-25)",359.0,VERIFIED (embed page),M.H Studio | Mahan Hafezi,"Luxury villa / mansion architecture and interior concepts (LA views, desert-modern, French-inspired estates) from a London architect-led studio.",architect,C architecture,unknown,UNKNOWN,4,368000.0,1293500.0,4300000.0,"VERIFIED per reel (public topic pages); account-level = sample of top-page reels, biased upward",0.6072607260726073,7.095709570957096,0.038012124843090266,0.0005286895284751991,VERIFIED inputs (embed likes/comments + topic views); ratio computed,3.0,ESTIMATED upper bound = posts / days since earliest known post,2024-05-31,"ESTIMATED lower bound (earliest post seen, decoded from shortcode)",,"Threads profile https://www.threads.com/@hafezi.architects returned only the page title 'M.H Studio | Mahan Hafezi (@hafezi.architects) • Threads' (content truncated, bio not extractable). Instagram bio not available (no search, no instagram.com access).","Comment-keyword lead gen ('Comment ""DREAM"" if you want your future home designed like this') seen in 1 of 4 sampled captions; others are descriptive/atmospheric ('Where architecture becomes pure atmosphere✨', 'Holiday glow, desert hush...').",,"Hafezi Architects (London) - floor plan/blueprint design, ex; info@hafeziarchitects.com (website contact; name-match only,",False,True,False,True,False,False,False,True,,VERIFIED where URL given in profile JSON; absence = not observed (not proof of absence),True,https://www.instagram.com/reel/C7oJU0IMutA/,beverly-hills-mansion;desert-modern-house-tours;jamesedition-luxury-homes;luxury-interior,data/raw/accounts/profile_hafezi.architects.json,topic-page sample + embed pages + deep profile
montani3d,https://www.instagram.com/montani3d/,603000.0,"VERIFIED (embed page, rounded, 2026-09-25)",1578.0,VERIFIED (embed page),Montani3d Studio,"AI rendering for architecture, interiors and landscaping (render/photo-to-video, concept variations, construction timelapses) aimed at Brazilian architects and 3D artists. Reels funnel viewers to a low-ticket paid workshop, then an AI-render training program and studio services.",education_course,E education,AI,ESTIMATED (profile evidence / AI-assisted cover coding),4,684500.0,613500.0,946000.0,"VERIFIED per reel (public topic pages); account-level = sample of top-page reels, biased upward",1.135157545605307,1.5688225538971807,0.02494476556685686,0.01218060519871629,VERIFIED inputs (embed likes/comments + topic views); ratio computed,44.5,ESTIMATED upper bound = posts / days since earliest known post,2026-01-19,"ESTIMATED lower bound (earliest post seen, decoded from shortcode)",🇧🇷 Nº1 em Render com IA no Brasil 💎 4ª Edição do Workshop Render com IA 👇 Lote promocional aberto,"Threads profile https://www.threads.com/@montani3d (WebFetch 2026-09-25; text as returned by the fetch tool). The Instagram bio itself was not verified, but the Threads bio promotes the current (4th) workshop edition, which matches the live landing page.","Comment-keyword funnel: the first caption line is 'Comente WORKSHOP 👇', followed by a promise ('E aprenda a transformar ... usando apenas IA'). The bio says '4ª Edição do Workshop Render com IA 👇 Lote promocional aberto' and links to a landing page with a countdown and scarcity copy and a Hotmart checkout.",https://workshop.montani3d.com.br/,"'Formação Render.IA': an intensive AI-render training progra; Behance portfolio; Hotmart checkout for the workshop ticket; Linktree (found via the guessed URL, not seen on the profile; Montani 3D Studio services: photorealistic 3D rendering, 360; WhatsApp contact (Linktree); WhatsApp support for workshop questions (landing page); Workshop Render com IA, 4th edition: live on Zoom, 19-20 Sep; Worksh",False,True,False,True,True,False,False,True,,VERIFIED where URL given in profile JSON; absence = not observed (not proof of absence),True,https://www.instagram.com/reel/DUannSokdQD/,ai-architecture;ai-interior-design;ai-interior-designer;ai-render;landscape-design-ai,data/raw/accounts/profile_montani3d.json,topic-page sample + embed pages + deep profile
urban_lifestyle_lab,https://www.instagram.com/urban_lifestyle_lab/,250000.0,"VERIFIED (embed page, rounded, 2026-09-25)",4660.0,VERIFIED (embed page),Urban Design&Architecture,"Futuristic / concept luxury architecture and mansion visuals ('the future of luxury living'), with copyright claimed on the concepts",other,other,unknown,UNKNOWN,4,1060000.0,1283400.0,3000000.0,"VERIFIED per reel (public topic pages); account-level = sample of top-page reels, biased upward",4.24,12.0,0.08234147916666666,0.0005119791666666667,VERIFIED inputs (embed likes/comments + topic views); ratio computed,91.9,ESTIMATED upper bound = posts / days since earliest known post,2025-10-04,"ESTIMATED lower bound (earliest post seen, decoded from shortcode)",,,"Short provocative hook-line captions (e.g. 'tHiS iS nOt lUxUrY. tHiS iS dOmInAnCe.') plus 'Concept & Copyright ©' authorship tags; no link, shop, DM or comment-keyword CTA in the 4 (truncated) captions available. Bio CTA UNKNOWN.",,,False,False,False,False,False,False,False,False,,VERIFIED where URL given in profile JSON; absence = not observed (not proof of absence),True,https://www.instagram.com/reel/DTwE4CFjKFK/,future-house;futuristic-architecture;futuristic-home;futuristic-house;futuristic-houses;luxury-homes;luxury-mansion;luxury-modern-beautiful-house,data/raw/accounts/profile_urban_lifestyle_lab.json,topic-page sample + embed pages + deep profile
luxquisit,https://www.instagram.com/luxquisit/,190000.0,"VERIFIED (embed page, rounded, 2026-09-25)",463.0,VERIFIED (embed page),Luxquisit,"AI-generated fantasy luxury homes and retreats (underwater villas, private-island houses, dream pools, cliffside escapes) funnelling to an own affiliate site of real 'unique stays' (Expedia) and home-decor products (Amazon).",ai_creator,D/E AI creator,AI,ESTIMATED (profile evidence / AI-assisted cover coding),4,541000.0,539750.0,912000.0,"VERIFIED per reel (public topic pages); account-level = sample of top-page reels, biased upward",2.8473684210526318,4.8,0.05194763280345534,0.0006031466748266014,VERIFIED inputs (embed likes/comments + topic views); ratio computed,9.3,ESTIMATED upper bound = posts / days since earliest known post,2025-10-12,"ESTIMATED lower bound (earliest post seen, decoded from shortcode)",Website: https://luxquisit.com Contact via email: Luxquisit@gmail.com linktr.ee/Luxquisit,"THREADS bio (NOT the Instagram bio): https://www.threads.com/@luxquisit fetched 2026-09-25. Linktree bio (https://linktr.ee/Luxquisit): 'Unique escapes, stays & products'. Instagram bio itself not retrieved (WebSearch budget exhausted; instagram.com not fetched).","Title-style captions with no CTA ('Dreamy Underwater Villa', 'This Pool Feels Like a Dream', 'A Dreamy House on a Private Island', 'A Private Island Retreat Surrounded by Nature'); project coding cta_type 'none', 0 hashtags. Threads posts follow the same pattern ('This hidden retreat is stunning', 'This spa retreat is stunning'). Monetization CTA sits in the bio/Linktree (website, email, 'Support our work').",https://linktr.ee/Luxquisit (Threads profile link and bio); https://luxquisit.com (Threads bio + Linktree); https://buymeacoffee.com/luxquisit (Linktree 'Support our work'); https://www.tiktok.com/@luxquisit (Linktree); https://www.facebook.com/luxquisit (Linktree); https://www.youtube.com/@Luxquisit (Linktree); https://www.threads.net/@luxquisit (Linktree),"'Support our work' - Buy Me a Coffee, $1/month support optio; Destination articles on luxquisit.com link to Expedia affili; Email subscription form on luxquisit.com for 'new destinatio; Product articles on luxquisit.com link to Amazon via amzn.to; Social links: TikTok, Facebook, YouTube, Threads, Instagram; luxquisit.com - own travel/product discovery site ('Find the; luxquisit@gmail.com (Linktree",True,True,False,False,False,True,True,True,,VERIFIED where URL given in profile JSON; absence = not observed (not proof of absence),True,https://www.instagram.com/reel/DUHZdshiaBB/,faroe-islands-luxury-villas;luxury-pool;overwater-villa,data/raw/accounts/profile_luxquisit.json,topic-page sample + embed pages + deep profile
ihsansamhoun.interiors,https://www.instagram.com/ihsansamhoun.interiors/,169000.0,"VERIFIED (embed page, rounded, 2026-09-25)",5309.0,VERIFIED (embed page),Ihsan Samhoun Interiors,"High-volume curated luxury interior inspiration (master bedrooms, bathrooms, villas, lighting details, hidden doors) credited to other designers, posted by a Beirut-based interior architect.",theme_page,A/F theme page,3d_render,ESTIMATED (profile evidence / AI-assisted cover coding),4,333000.0,432750.0,885000.0,"VERIFIED per reel (public topic pages); account-level = sample of top-page reels, biased upward",1.9821428571428568,5.267857142857143,,0.00019205298013245034,VERIFIED inputs (embed likes/comments + topic views); ratio computed,52.6,ESTIMATED upper bound = posts / days since earliest known post,2024-10-17,"ESTIMATED lower bound (earliest post seen, decoded from shortcode)","Interior design studio Inspiration by I Certified interior architect & consultant based in Beirut, operating worldwide.","Threads profile https://www.threads.com/@ihsansamhoun.interiors (public; text as rendered, line breaks lost). Instagram bio itself not retrieved.","No CTA; fixed caption template '✨️ <Room/feature>, <material>, <material>, <material>! . . . #lightingdecor #lighting #lightdesign @<credited studio>' with long generic hashtag blocks (incl. unrelated #pergola #patiocover).",,,False,False,False,True,False,False,False,False,,VERIFIED where URL given in profile JSON; absence = not observed (not proof of absence),True,https://www.instagram.com/reel/DIv15V-s3g2/,luxury-bathroom;luxury-bathroom-design;luxury-master-bedroom;luxury-master-bedroom-interior-design;modern-villa,data/raw/accounts/profile_ihsansamhoun.interiors.json,topic-page sample + embed pages + deep profile
digitaldesign.lab,https://www.instagram.com/digitaldesign.lab/,164000.0,"VERIFIED (embed page, rounded, 2026-09-25)",168.0,VERIFIED (embed page),Mona Algwaiz منى القويز,"AI-visualised luxury villas/interiors with Saudi regional heritage (Najdi mud architecture, Diriyah, AlUla desert), infinity pools and earth-tone 'raw earth' villas.",ai_creator,D/E AI creator,AI,ESTIMATED (profile evidence / AI-assisted cover coding),4,81150.0,232850.0,731000.0,"VERIFIED per reel (public topic pages); account-level = sample of top-page reels, biased upward",0.4948170731707316,4.4573170731707314,0.035511222745432,0.00048529881401144663,VERIFIED inputs (embed likes/comments + topic views); ratio computed,1.5,ESTIMATED upper bound = posts / days since earliest known post,2024-07-24,"ESTIMATED lower bound (earliest post seen, decoded from shortcode)","Crafting dream spaces Riyadh, SA 🇸🇦 DM for collaboration All design posts are my own work","Threads profile https://www.threads.com/@digitaldesign.lab (public, fetched 2026-09-25 via WebFetch; text relayed by the fetch tool's summarizer, so treat as near-verbatim). The Instagram bio itself was NOT retrieved (WebSearch budget exhausted; instagram.com not fetched). Linktree bio (verbatim from page meta): 'Crafting dream space'. Benable bio (verbatim from page meta): 'Interior Designer & Stylist,sharing all of my favorites in lifestyle🤍 Home | Beauty | Travel | Fashion'.",Captions: short title line + credit 'By: @digitaldesign.lab' / 'By @digitaldesign.lab' + mixed English/Arabic hashtags; no comment-to-DM or link CTA seen in sampled captions. Bio (Threads): 'DM for collaboration'.,https://linktr.ee/digitaldesign.lab,'DM for collaboration' (Threads bio; no email or form found); Amazon Home Finds list on Benable ('Sharing my favorite Amaz; Mona | Profile on Benable (recommendation/affiliate list pla; TikTok - Make Your Day (@somewhere_magical) - profile conten; pin.it (Pinterest short link); x.com (@design_dlab),True,True,False,False,False,False,False,True,,VERIFIED where URL given in profile JSON; absence = not observed (not proof of absence),True,https://www.instagram.com/reel/DSh015LgpsI/,desert-house;desert-house-interior-design-ideas;infinity-pools,data/raw/accounts/profile_digitaldesign.lab.json,topic-page sample + embed pages + deep profile
architectcha,https://www.instagram.com/architectcha/,148000.0,"VERIFIED (embed page, rounded, 2026-09-25)",89.0,VERIFIED (embed page),,"Speculative, AI-assisted architectural design series: 'Machinic Tower Variation' robotic towers, a 'University Variation' educational building and a 'Habitation Variation' mixed-use residential building.",ai_creator,D/E AI creator,AI,ESTIMATED (profile evidence / AI-assisted cover coding),4,542000.0,533450.0,978000.0,"VERIFIED per reel (public topic pages); account-level = sample of top-page reels, biased upward",3.6621621621621614,6.608108108108108,0.0470676925793644,0.0005285053792122344,VERIFIED inputs (embed likes/comments + topic views); ratio computed,1.7,ESTIMATED upper bound = posts / days since earliest known post,2025-09-19,"ESTIMATED lower bound (earliest post seen, decoded from shortcode)",,,"Portfolio-style captions: a project title ('Machinic Tower Variation 12'), a one-line design description, then an authorship credit ('Designed by a human architect and AI. Author: @archite...' - the handle is truncated in the source). No engagement question, link or brand CTA was seen in the truncated captions.",,,False,False,False,False,False,False,False,False,,VERIFIED where URL given in profile JSON; absence = not observed (not proof of absence),True,https://www.instagram.com/reel/DQCC9iNiuAS/,ai-generated-architecture-designs;futuristic-architecture;futuristic-architecture-designs-2026;midjourney-architecture,data/raw/accounts/profile_architectcha.json,topic-page sample + embed pages + deep profile
watchthebuild,https://www.instagram.com/watchthebuild/,107000.0,"VERIFIED (embed page, rounded, 2026-09-25)",128.0,VERIFIED (embed page),Watch The Build,"Faceless 'empty room to furnished room in 10 seconds' transformation reels and furniture-rearrangement before/afters ('same room, same furniture'): Scandinavian and warm-modern living rooms, biophilic or green bedrooms, kitchens.",theme_page,A/F theme page,AI,ESTIMATED (profile evidence / AI-assisted cover coding),4,497000.0,660750.0,1300000.0,"VERIFIED per reel (public topic pages); account-level = sample of top-page reels, biased upward",4.668180215129607,12.264150943396226,0.010449984021319352,6.585970689269672e-05,VERIFIED inputs (embed likes/comments + topic views); ratio computed,10.9,ESTIMATED upper bound = posts / days since earliest known post,2026-07-04,"ESTIMATED lower bound (earliest post seen, decoded from shortcode)",,"Threads public profile https://www.threads.com/@watchthebuild. Page title 'Watch The Build (@watchthebuild) • Threads'; no bio text visible; the only profile link is to Instagram @watchthebuild; '124 followers' (Threads audience). The fetch summary also said 'Verified account', which is unconfirmed. The Instagram bio itself was not seen. The Instagram embed captures show only the username 'watchthebuild'.","Instagram captions open with a shock or transformation hook plus emoji ('THIS ROOM WAS COMPLETELY EMPTY… 🤯', 'From Empty Space to Cozy Home 🔥', '✨ Scandinavian Living Room Makeover with Piano 🎹🛋️'), add 1-2 descriptive sentences, then a stack of about 25 hashtags (#interiordesign #scandinavianinterior #livingroommakeover ... #beforeandafter #norenovation #cozyhome). Project caption coding: cta_type none, no link hint. Threads cross-posts close with opinion questions ('Would you change anything else in this living room?'; 'Which version feels more balanced to you?') and frame rooms as follower requests ('This was a real living room request from Instagram'). No link, shop or affiliate CTA seen.",,,False,False,False,False,False,False,False,False,,VERIFIED where URL given in profile JSON; absence = not observed (not proof of absence),True,https://www.instagram.com/reel/DbmsOfOywba/,biophilic-bedroom-design;living-room-decor;modern-living-room;scandinavian-interior-design-styles,data/raw/accounts/profile_watchthebuild.json,topic-page sample + embed pages + deep profile
insmultiverse,https://www.instagram.com/insmultiverse/,79000.0,"VERIFIED (embed page, rounded, 2026-09-25)",453.0,VERIFIED (embed page),Inspire | Vibe | Multiverse,AI-generated fantasy/futuristic houses and dream bedrooms in numbered 'pick one' comparison reels.,ai_creator,D/E AI creator,AI,ESTIMATED (profile evidence / AI-assisted cover coding),4,322000.0,315250.0,604000.0,"VERIFIED per reel (public topic pages); account-level = sample of top-page reels, biased upward",4.075949367088608,7.6455696202531644,0.05099636371023443,0.006459970340876772,VERIFIED inputs (embed likes/comments + topic views); ratio computed,5.5,ESTIMATED upper bound = posts / days since earliest known post,2025-02-21,"ESTIMATED lower bound (earliest post seen, decoded from shortcode)",✨ Vibe that Inspires 🌌 Limitless Multiverse Creations,"Threads public profile https://www.threads.com/@insmultiverse (fetched 2026-09-25; 707 Threads followers, 'No threads yet'). The Instagram bio itself was NOT retrieved; Threads bio/display name are assumed but NOT verified to match Instagram. Instagram embed display_name field shows only the username 'insmultiverse'.","Fixed caption template: choice question ('Which house would you pick to live in?' / 'Which bedroom would you pick to nap in?') + '. . . The vibe is limitless—unlock it now.' + 'Follow @insmultiverse for more inspiration.' + hashtags (#whichonewouldyoupick #chooseone #InspireVibeMultiverse #FantasyFusionAI #aivisuals ...); numbered cover overlay (e.g. '5'). DLJtY_mt3sV drew 1,376 comments on 12,964 likes, consistent with the comment-your-pick mechanic. What 'unlock it now' points to is UNKNOWN (no link-in-bio found).",,,False,False,False,False,False,False,False,False,,VERIFIED where URL given in profile JSON; absence = not observed (not proof of absence),True,https://www.instagram.com/reel/DMPZzYxNF_b/,ai-house;dream-bedroom;dream-bedrooms;dream-room;future-house;future-houses-2050,data/raw/accounts/profile_insmultiverse.json,topic-page sample + embed pages + deep profile
cabinstillwoods,https://www.instagram.com/cabinstillwoods/,18000.0,"VERIFIED (embed page, rounded, 2026-09-25)",74.0,VERIFIED (embed page),Cabin in the Still Woods,"AI-assisted ambient forest/rain cabin hideaways (cabin in the woods, forest hideaway, cozy cabin) - calm escape mood reels.",ai_creator,D/E AI creator,AI,ESTIMATED (profile evidence / AI-assisted cover coding),4,224650.0,215501.25,403000.0,"VERIFIED per reel (public topic pages); account-level = sample of top-page reels, biased upward",12.480555555555556,22.38888888888889,0.08081677111914332,0.0007347447073474471,VERIFIED inputs (embed likes/comments + topic views); ratio computed,2.7,ESTIMATED upper bound = posts / days since earliest known post,2026-03-19,"ESTIMATED lower bound (earliest post seen, decoded from shortcode)",,"Threads public profile https://www.threads.com/@cabinstillwoods (fetched 2026-09-25) shows display name 'Cabin in the Still Woods', 99 Threads followers, no bio text, 'No threads yet', link to its Instagram profile. Instagram bio NOT retrieved; Threads display name assumed but NOT verified to match Instagram (Instagram embed display_name field shows only the username).",Minimal: 2 hashtags (#cabininthewoods #foresthideaway / #cozycabin) + ownership line '➡️original content by @cabinstillwoods' + AI disclosure 'AI-assisted visual'; occasionally a short mood line ('Green holds you.🍃🌿🌳💚'). No follow/comment/link CTA seen in sampled captions.,,,False,False,False,False,False,False,False,False,,VERIFIED where URL given in profile JSON; absence = not observed (not proof of absence),True,https://www.instagram.com/reel/Dahza84peEz/,forest-house;house-in-forest,data/raw/accounts/profile_cabinstillwoods.json,topic-page sample + embed pages + deep profile
eloisepreen,https://www.instagram.com/eloisepreen/,,UNKNOWN,,UNKNOWN,Eloise Preen,"UK creator touring her own colourful mid-century-modern loft apartment (vintage furniture, lamps, rugs, ambient lighting), monetized through LTK home-product links",lifestyle_influencer,G lifestyle,real,ESTIMATED (profile evidence / AI-assisted cover coding),4,2102000.0,2982750.0,7600000.0,"VERIFIED per reel (public topic pages); account-level = sample of top-page reels, biased upward",,,,,VERIFIED inputs (embed likes/comments + topic views); ratio computed,,UNKNOWN,2026-03-02,"ESTIMATED lower bound (earliest post seen, decoded from shortcode)",interiors | lifestyle | mid century 📸ig: eloisepreen 💌mgmt@eloisepreen.com 👇shop ltk,"TikTok public profile https://www.tiktok.com/@eloisepreen (WebFetch 2026-09-25). This is the TIKTOK bio. It names 'ig: eloisepreen', so it is the same person, but the Instagram bio itself was NOT seen. Threads https://www.threads.com/@eloisepreen showed only the display name 'Eloise Preen', with no bio text. LTK bio (https://www.shopltk.com/explore/eloisepreen): 'Mid Century Modern | Interiors | Lifestyle | Work with me: mgmt@eloisepreen.com'.","Personal POV/diary one-liners with emoji ('god forbid I love to stay at home 🏡😌', 'if you love this style… hi welcome to my home! 🙋‍♀️🏡') plus hashtag blocks (#midcenturymodern #interiordesign #apartmentaesthetic #fyp #boyandgirlapartment). The 4 caption starts seen have no explicit comment or DM prompt. Commerce CTAs live off-post: TikTok bio '👇shop ltk' and LTK 'Work with me: mgmt@...'.",https://www.shopltk.com/explore/eloisepreen; https://eloisepreen.com; https://linktr.ee/eloisepreen; mailto:mgmt@eloisepreen.com,LTK shop 'EloisePreen' (7.2K LTK followers). Product sets: '; Linktree '@Eloisepreen' (joined February 2022) has only 2 bu; Management email mgmt@eloisepreen.com. Shown as 'Work with m; Substack publication at eloisepreen.com. The page title read,True,True,False,False,False,True,False,True,"Cider / @shopcider_uk: Linktree button '@shopcider_uk tiktok💅' pointing to a TikTok link. The nature of the relationship and whether it was paid are UNKNOWN.; LTK affiliate retailers (John Lewis, Oliver Bonas, IKEA, Habitat, MADE.COM, Onda) are affiliate product links, NOT confirmed brand deals.",VERIFIED where URL given in profile JSON; absence = not observed (not proof of absence),True,https://www.instagram.com/reel/DbDFrUEK-mt/,art-deco-interior-design;mid-century-modern;mid-century-modern-living-room-ideas,data/raw/accounts/profile_eloisepreen.json,topic-page sample + embed pages + deep profile
beautifuldestinations,https://www.instagram.com/beautifuldestinations/,24000000.0,"VERIFIED (embed page, rounded, 2026-09-25)",13984.0,VERIFIED (embed page),BEAUTIFUL DESTINATIONS,"Global travel inspiration (destinations, luxury villas, overwater resorts, Amalfi, Maldives, Caribbean) from a creator network. The flagship channel of a B2B travel and tourism marketing agency.",media_publication,C/G media,real,ESTIMATED (profile evidence / AI-assisted cover coding),3,2300000.0,2768666.6666666665,5300000.0,"VERIFIED per reel (public topic pages); account-level = sample of top-page reels, biased upward",0.0958333333333333,0.2208333333333333,0.0432695652173913,0.0001565217391304348,VERIFIED inputs (embed likes/comments + topic views); ratio computed,63.8,ESTIMATED upper bound = posts / days since earliest known post,2022-07-13,"ESTIMATED lower bound (earliest post seen, decoded from shortcode)",Sharing the most beautiful destinations from our network of world-class creators. 🌏 Follow as we explore the world together! ✈️,"Public Threads profile https://www.threads.com/@beautifuldestinations (fetched 2026-09-25). The Instagram bio itself was not seen, because no WebSearch snippets were available (the budget was used up). Threads profiles are usually linked to the Instagram account, but they are not guaranteed to match.","Creator-credit captions with aspirational framing ('foreshadowing what your trip ... will look like', 'Dreaming of ...', 'I think we just found the coolest villa ...') and question prompts for comments ('You've just won the lottery…. What's the first place you're travelling to? ✈️', 'Is this county on your bucket list yet?'). Credits and location use 📽️ @creator 📍Place. No booking or affiliate link in the captions. The bio link points to YouTube, and B2B contact is brands@beautifuldestinations.com.",https://youtube.com/@beautifuldestinations7604,"'Creator Investment Fund' link on the YouTube About page (pa; BD Academy / 'Beautiful Destinations Academy, powered by Dub; Company site: 'Beautiful Destinations: Travel & Tourism Mark; LinkedIn newsletter 'Social Content x Travel'; Research Panel and '2026 State of Social Media in Travel Rep; YouTube channel 'Beautiful Destinations' (channel id UC08NS8; brands@beautifuldestinations.com (Brand Par",True,True,False,True,True,True,False,True,"Agency clients listed on the site: Turkish Airlines, Brand USA, Saudi Tourism Authority, Accor, Visit Panama, Red Sea Global (not tied to specific Instagram posts); Dubai: BD Academy 'powered by Dubai'; Moskito Island villa, Caribbean (DPRHuW_jPAa caption; paid status unknown); Fakarava Atoll, Frenc",VERIFIED where URL given in profile JSON; absence = not observed (not proof of absence),True,https://www.instagram.com/reel/CwiGO2pqT6I/,cook-islands-luxury-resorts;luxury-homes-on-the-amalfi-coast;overwater-villa,data/raw/accounts/profile_beautifuldestinations.json,topic-page sample + embed pages + deep profile
thetrillionairelife,https://www.instagram.com/thetrillionairelife/,13000000.0,"VERIFIED (embed page, rounded, 2026-09-25)",11651.0,VERIFIED (embed page),The Trillionaire Life™,"Luxury lifestyle magazine/aggregator (mansions, supercars, jets, yachts, watches) whose in-niche reels are fantasy luxury homes with price/location hooks; Miami & Dubai based per website.",media_publication,C/G media,AI,ESTIMATED (profile evidence / AI-assisted cover coding),3,1100000.0,905333.3333333334,1400000.0,"VERIFIED per reel (public topic pages); account-level = sample of top-page reels, biased upward",0.0846153846153846,0.1076923076923077,0.06981847402597402,0.0003464285714285714,VERIFIED inputs (embed likes/comments + topic views); ratio computed,103.9,ESTIMATED upper bound = posts / days since earliest known post,2024-07-31,"ESTIMATED lower bound (earliest post seen, decoded from shortcode)","TTL is a magazine dedicated to the most luxurious things in life, and the industry leaders shaping our world 👑 info@thetrillionairelife.com",Threads public profile https://www.threads.com/@thetrillionairelife (fetched 2026-09-25). The Instagram bio itself was NOT retrieved; the Threads bio/display name are assumed but NOT verified to match Instagram. (Instagram embed pages show the username with a Verified badge: 'thetrillionairelife_Verified_'.),Brand hashtag '#TheTrillionaireLife' in every sampled caption; guess-the-location question ('Where do you think this Mansion is—Miami or Dubai?'); price hook ('$55 Million worth of pure class') plus a 3-paragraph descriptive caption; creator credit line 'Video by: @<creator>'; cover text overlays such as '$55 Million Black Mansion 🖤'. Bio CTA = business email.,https://thetrillionairelife.com (link shown on Threads profile; Instagram bio link not verified),'Become a Writer' contributor page (linked from contact page; Advertise page: 'brand-safe environment and access to high-n; General contact / 'collaboration proposals' email info@thetr; Maison TTL: described as 'a premier luxury clothing brand' l; Newsletter signup: 'Be the first to get the latest news abou; Trillion Circle: 'An exclusive invite-only membership for Bu,False,True,False,False,False,True,True,True,,VERIFIED where URL given in profile JSON; absence = not observed (not proof of absence),True,https://www.instagram.com/reel/C-GK8yJyZjT/,futuristic-houses;jamesedition-luxury-homes;miami-mansion,data/raw/accounts/profile_thetrillionairelife.json,topic-page sample + embed pages + deep profile
syifa_in_switzerland,https://www.instagram.com/syifa_in_switzerland/,3000000.0,"VERIFIED (embed page, rounded, 2026-09-25)",2642.0,VERIFIED (embed page),,"Swiss travel scenery (lakeside villages, chalets, Alps, trains) in a hyper-saturated postcard style. It touches the luxury-homes niche only through the 'swiss-chalet' topic page; there is no interior content in the sample",lifestyle_influencer,G lifestyle,real,ESTIMATED (profile evidence / AI-assisted cover coding),3,6600000.0,26205666.666666668,71800000.0,"VERIFIED per reel (public topic pages); account-level = sample of top-page reels, biased upward",12.002833333333331,23.933333333333334,0.08893968903636573,0.0007343778160019512,VERIFIED inputs (embed likes/comments + topic views); ratio computed,46.2,ESTIMATED upper bound = posts / days since earliest known post,2025-08-20,"ESTIMATED lower bound (earliest post seen, decoded from shortcode)",SYIFA | SWISS🇨🇭EUROPE 🇪🇺 ABROAD🌎TRAVEL BLOGGER WITH 751K ++ FOLLOWERS,"LINKTREE bio at https://linktr.ee/syifa_in_switzerland (WebFetch 2026-09-25; the Linktree display name is 'syifa_in_switzerland'). This is NOT the Instagram bio: Threads https://www.threads.com/@syifa_in_switzerland showed only a login wall, and Instagram snippets could not be searched (budget exhausted). The Linktree's '751K ++ FOLLOWERS' figure is out of date compared with the 3M Instagram followers on the embed pages. The owner calls herself 'Syifa' on the blog (Wix username 'syifadanang92').","Captions are very short location labels with flag emojis and 5-7 hashtags, e.g. 'SWISS🇨🇭🇨🇭 #swiss #switzerland #switzerland🇨🇭 #visitswitzerland #swissalps', 'SWISS VIEW🇨🇭🍀 ...', 'SWITZERLAND PARADISE🇨🇭🇨🇭 #syifainswitzerland ...'. The sample has no CTA of any kind: no link, DM, shop or question.",,BLOG SYIFA IN SWITZERLAND: Wix travel blog 'Jalan Jalan Di S; FACEBOOK SYIFA IN SWITZERLAND; TIKTOK SYIFA IN SWITZERLAND; YOUTUBE SYIFA IN SWITZERLAND (links to a playlist video),True,False,False,False,False,False,False,False,,VERIFIED where URL given in profile JSON; absence = not observed (not proof of absence),True,https://www.instagram.com/reel/DSzbGfUjOwu/,swiss-chalet,data/raw/accounts/profile_syifa_in_switzerland.json,topic-page sample + embed pages + deep profile
nostalgicraindrops,https://www.instagram.com/nostalgicraindrops/,713000.0,"VERIFIED (embed page, rounded, 2026-09-25)",151.0,VERIFIED (embed page),Nostalgic Raindrops,Nostalgic cozy rooms watching rain / storms (incl. anime references like Howl's Moving Castle) as rain sleep-sound reels feeding a YouTube rain-sounds channel.,theme_page,A/F theme page,AI,ESTIMATED (profile evidence / AI-assisted cover coding),3,3900000.0,6366666.666666667,14100000.0,"VERIFIED per reel (public topic pages); account-level = sample of top-page reels, biased upward",5.46984572230014,19.775596072931275,0.06627090909090909,0.0001518181818181818,VERIFIED inputs (embed likes/comments + topic views); ratio computed,1.2,ESTIMATED upper bound = posts / days since earliest known post,2024-05-30,"ESTIMATED lower bound (earliest post seen, decoded from shortcode)",,,"Link-in-bio playlist CTA in first line ('Sleep fast with my rain sleep video playlist in bio!', 'Save the Rain Sleep Playlist in my bio!'), emotional emoji-heavy captions, 'Feel free to watch our videos while st[udying]...'.",https://www.youtube.com/@NostalgicRaindrops,"YouTube channel 'Nostalgic Raindrops' (rain sounds for sleep; YouTube description: 'For any business-related inquiries, pl",False,True,False,False,False,False,False,True,,VERIFIED where URL given in profile JSON; absence = not observed (not proof of absence),True,https://www.instagram.com/reel/C7mtT4-yj7n/,cozy-rain;rain-cozy;rain-sounds,data/raw/accounts/profile_nostalgicraindrops.json,topic-page sample + embed pages + deep profile
drcozyvibes,https://www.instagram.com/drcozyvibes/,584000.0,"VERIFIED (embed page, rounded, 2026-09-25)",978.0,VERIFIED (embed page),DrCozyVibes,"Cozy bedrooms / cabins / glass houses facing rain, snow or stormy-sea windows - relaxation and escapism mood content.",theme_page,A/F theme page,AI,ESTIMATED (profile evidence / AI-assisted cover coding),3,421000.0,51890666.666666664,155000000.0,"VERIFIED per reel (public topic pages); account-level = sample of top-page reels, biased upward",0.5753424657534247,0.7208904109589042,0.06509738717339668,0.00016152019002375296,VERIFIED inputs (embed likes/comments + topic views); ratio computed,8.4,ESTIMATED upper bound = posts / days since earliest known post,2024-07-02,"ESTIMATED lower bound (earliest post seen, decoded from shortcode)",Cozy Vibes 🌲 | Cozy Bedroom 🛏️| Cozy Cabin Living 😌 | Mindful & Peaceful moods💆‍♀️| looking for collaborations 😊,Threads public profile https://www.threads.com/@drcozyvibes (WebFetch 2026-09-25). Instagram bio itself NOT seen (no search results available; instagram.com not fetched).,"Question-engagement captions ('What will you do in this cozy room?', 'Do you prefer a stay in this Cozy glasshouse during a Rainstorm?'); Threads posts end with 'Would you ...?' / 'Tag your road trip person.'; hashtags #cozycabin #RainyDayVibes #cozyvibes. No link-in-bio CTA seen in sampled captions.",https://www.youtube.com/@drcozyvibes; https://www.tiktok.com/@dr.cozyvibes,"Threads bio: 'looking for collaborations 😊'; YouTube About s; TikTok @dr.cozyvibes - bio 'Cozy vibes,peaceful & relaxation; YouTube channel 'Dr Cozy Vibes (Healing Your Soul)' - medita",True,True,False,False,False,False,False,True,,VERIFIED where URL given in profile JSON; absence = not observed (not proof of absence),True,https://www.instagram.com/reel/C87NQHRtm6B/,cozy-cabin-in-the-snow;cozy-rain;cozy-winter-cabin;glass-house-photos,data/raw/accounts/profile_drcozyvibes.json,topic-page sample + embed pages + deep profile
elarch.studio,https://www.instagram.com/elarch.studio/,540000.0,"VERIFIED (embed page, rounded, 2026-09-25)",3243.0,VERIFIED (embed page),Elarch Studio Archviz,"Brazilian architectural visualization studio posting photorealistic CGI animations of modern luxury houses (night and blue-hour facades, supercars, pools, home cinemas) made for architect clients.",designer_studio,A designer/3D studio,3d_render,ESTIMATED (profile evidence / AI-assisted cover coding),3,5500000.0,7012166.666666667,15500000.0,"VERIFIED per reel (public topic pages); account-level = sample of top-page reels, biased upward",10.185185185185183,28.703703703703702,0.057845806451612906,0.00018866568914956011,VERIFIED inputs (embed likes/comments + topic views); ratio computed,30.7,ESTIMATED upper bound = posts / days since earliest known post,2024-09-14,"ESTIMATED lower bound (earliest post seen, decoded from shortcode)",💭 We render Dreams. 🏠Studio de visualização 3D para projetos arquitetônicos / Brasil 🇧🇷 Saiba mais ⬇️,Public Threads profile https://www.threads.com/@elarch.studio (fetched 2026-09-25). The Instagram bio itself was not seen. The YouTube channel @elarchstudio (links to instagram.com/elarch.studio) has the description 'We render dreams. 3D Architectural visualization studio based in Brazil.',"Descriptive luxury copy in both PT and EN; client credit line ('Rendered by @elarch.studio for @<architect>'); a comment question ('What caught your eye first in this scene?', 'What's the first thing you'd do if you lived here? Tell us in the comments!'); about 10 hashtags (#3DRendering #ArchViz #LuxuryHomes #ElarchStudio). Bio: 'Saiba mais ⬇️' leads to a Linktree with WhatsApp Business quotes, site and Behance.",https://linktr.ee/elarch,Behance portfolio: 'Available for Freelance'; 'House exterio; Site (returned HTTP 404 on fetch 2026-09-25); Whatsapp Business Account (quote requests); elarchstudio.com (linked from Behance): 'Visualização Arquit,False,True,False,True,False,False,False,True,@arquiteturash: architecture client credited ('Rendered by @elarch.studio ... for @arquiteturash'); @mmarquitetura.oficial: architecture client credited ('Rendered by @elarch.studio for @mmarquitetura.oficial'); Pininfarina: Behance project title 'Attos by Pininfarina | Master Bathroom' (client or b,VERIFIED where URL given in profile JSON; absence = not observed (not proof of absence),True,https://www.instagram.com/reel/C_5u72pxVBx/,luxury-home-theater-ideas;luxury-modern-beautiful-house;ultra-modern-luxury-house-design,data/raw/accounts/profile_elarch.studio.json,topic-page sample + embed pages + deep profile
imaginativemike,https://www.instagram.com/imaginativemike/,506000.0,"VERIFIED (embed page, rounded, 2026-09-25)",961.0,VERIFIED (embed page),,"Immersive cozy / fantasy retreat scenes (hidden forest hideaways, cabins by the fire, warm rooms under starry skies) with narrative second-person captions",ai_creator,D/E AI creator,unknown,UNKNOWN,3,336000.0,447300.0,931000.0,"VERIFIED per reel (public topic pages); account-level = sample of top-page reels, biased upward",0.6640316205533597,1.8399209486166008,0.05457142857142857,0.0013660714285714285,VERIFIED inputs (embed likes/comments + topic views); ratio computed,12.0,ESTIMATED upper bound = posts / days since earliest known post,2025-03-12,"ESTIMATED lower bound (earliest post seen, decoded from shortcode)",,,"Follow CTA as caption closer: 'For more, follow along @imaginativemike' (seen in 2 of 3 captions). Hooks are immersive second-person narration ('Imagine you are…', 'You look weary, traveler…', 'Hidden retreat. Tucked away from the world.'). No link, shop, DM or comment-keyword CTA seen. Bio CTA UNKNOWN.",,,False,False,False,False,False,False,False,False,,VERIFIED where URL given in profile JSON; absence = not observed (not proof of absence),True,https://www.instagram.com/reel/DHGy6WZOH7p/,ai-cozy-cabin;cozy-winter-cabin;forest-house,data/raw/accounts/profile_imaginativemike.json,topic-page sample + embed pages + deep profile
cozyzen.ai,https://www.instagram.com/cozyzen.ai/,498000.0,"VERIFIED (embed page, rounded, 2026-09-25)",2305.0,VERIFIED (embed page),Cozy Zen,"AI-generated cozy and luxury interiors with weather ambience (rain, snowstorms): cave-cabin bedrooms, mountain cabins, luxury apartments; relaxation / 'cozy vibes' content",ai_creator,D/E AI creator,AI,ESTIMATED (profile evidence / AI-assisted cover coding),3,27000.0,1381766.6666666667,4100000.0,"VERIFIED per reel (public topic pages); account-level = sample of top-page reels, biased upward",0.0542168674698795,8.23293172690763,0.058255365853658536,0.0002962962962962963,VERIFIED inputs (embed likes/comments + topic views); ratio computed,20.7,ESTIMATED upper bound = posts / days since earliest known post,2024-08-05,"ESTIMATED lower bound (earliest post seen, decoded from shortcode)",Cozy Vibes Only 🌲🛏️🏔️ Soothing Rain 🌧️ + Serene Escapes🌿+ Tea Time ☕ + Lounging Views 🏞️ For promos Dm ✉️ itskhizaralam@gmail.com,Threads public profile https://www.threads.com/@cozyzen.ai (WebFetch 2026-09-25). This is the THREADS bio; the Instagram bio was not checked separately (search budget used up).,"Bio: 'For promos Dm ✉️ <email>' (brand-contact CTA). Captions open with engagement questions ('Would You Hide Away Here During a Snowstorm?', 'Would You Spend a Rainy Night in This Luxury Bedroom?') or POV hooks ('POV: Living in an AI Fantasy'), followed by a scene description and hashtags (#cozycabin #rainyday; #luxurylifestyle #luxuryhomes #AI). No link, shop or comment-keyword CTA seen.",,Bio text 'For promos Dm ✉️ itskhizaralam@gmail.com': promo i,False,True,False,False,False,False,False,True,,VERIFIED where URL given in profile JSON; absence = not observed (not proof of absence),True,https://www.instagram.com/reel/C-RyNNZMIaO/,ai-cozy-cabin;ai-house,data/raw/accounts/profile_cozyzen.ai.json,topic-page sample + embed pages + deep profile
idw.design,https://www.instagram.com/idw.design/,318000.0,"VERIFIED (embed page, rounded, 2026-09-25)",7466.0,VERIFIED (embed page),𝗜𝗗𝗪 𝗗𝗘𝗦𝗜𝗚𝗡 & 𝗕𝗨𝗜𝗟𝗗,"A Malaysian interior design & build firm (landed homes, bungalows, mansions) posting modern-tropical and 'quiet luxury' conceptual home visualizations to generate consultation leads.",designer_studio,A designer/3D studio,AI,ESTIMATED (profile evidence / AI-assisted cover coding),3,226000.0,416100.0,1000000.0,"VERIFIED per reel (public topic pages); account-level = sample of top-page reels, biased upward",0.710691823899371,3.1446540880503147,0.04975663716814159,0.00013274336283185842,VERIFIED inputs (embed likes/comments + topic views); ratio computed,149.7,ESTIMATED upper bound = posts / days since earliest known post,2025-10-10,"ESTIMATED lower bound (earliest post seen, decoded from shortcode)",,"UNKNOWN. The Threads page https://www.threads.com/@idw.design (WebFetch 2026-09-25, 3 attempts) returned only the title '𝗜𝗗𝗪 𝗗𝗘𝗦𝗜𝗚𝗡 & 𝗕𝗨𝗜𝗟𝗗 (@idw.design) • Threads, Say more'; the bio was truncated. The Instagram bio was not verified.","An aspirational first line ('Where Nature Meets Modern Living 🌿'), poetic copy, then a '✨ Ready to ...?' question CTA with a direct URL (https://idw.design/get-consultation). A conceptual-visualization disclaimer follows, with branded hashtags #RichMindRichHome #IDWDesign #IDWSignature #DesignWithPurpose.",,"'Elite Decor' portfolio and testimonial page (built-project ; 1-hour design consultation ('Expert Advice for House Design ; Budget Calculator; Design & Build packages: '1. LUXE' ('Luxuries Design & Build; Lead-qualification form: income range (RM brackets), constru; YouTube channel (linked from the website)",False,False,False,True,False,False,False,False,,VERIFIED where URL given in profile JSON; absence = not observed (not proof of absence),True,https://www.instagram.com/reel/DPoAX_tkiWR/,biophilic-design;future-home;tropical-house,data/raw/accounts/profile_idw.design.json,topic-page sample + embed pages + deep profile
olena_prykhodko_design,https://www.instagram.com/olena_prykhodko_design/,308000.0,"VERIFIED (embed page, rounded, 2026-09-25)",434.0,VERIFIED (embed page),Olena Prykhodko,"English-language home inspiration from a self-described California designer: listicles on colour combinations and styles (same room in many styles), kitchens, bedrooms, 'looks expensive' upgrades and holiday decor",designer_studio,A designer/3D studio,unknown,UNKNOWN,3,1000000.0,1050666.6666666667,1700000.0,"VERIFIED per reel (public topic pages); account-level = sample of top-page reels, biased upward",3.2467532467532467,5.51948051948052,0.01808849557522124,0.00014601769911504425,VERIFIED inputs (embed likes/comments + topic views); ratio computed,12.5,ESTIMATED upper bound = posts / days since earliest known post,2026-01-24,"ESTIMATED lower bound (earliest post seen, decoded from shortcode)","Ideas & inspiration for your home ✨ Interior design, décor hacks & modern aesthetics. By Olena Prykhodko — designer in California 🪶","Threads public profile https://www.threads.com/@olena_prykhodko_design (WebFetch 2026-09-25; text passed on by the fetch tool's summarizer, so treat it as near-verbatim). This is the THREADS bio. The Instagram bio itself was NOT seen: the search budget was used up and instagram.com was not fetched. The Threads profile links only to instagram.com/olena_prykhodko_design. Profile topic tags shown on Threads: 'Interior Design', 'Home Decor', 'AI Threads'.","The first caption line is a headline-style hook ('Stop Guessing Your Bedroom Colors — 5 Luxury Combos That Always Work', '10 Kitchen Colors That Instantly Look Expensive', 'Choose Your Interior Style | From Construction to Design Transformation'), followed by a 2-3 line explainer, a choice question ('Which style would you choose?'; Threads: 'Which one would you choose for your home this Christmas? 1, 2, 3, 4 or 5? 👇', 'Which idea would you try first?', 'Would you keep the tree or change the design?') and 3-5 CamelCase hashtags (#InteriorDesign #HomeRenovation #Architecture). No link, DM or shop CTA was seen.",,,False,False,False,True,False,False,False,False,,VERIFIED where URL given in profile JSON; absence = not observed (not proof of absence),True,https://www.instagram.com/reel/DT52mBdgXiF/,bedroom-design;kitchen-inspiration;scandinavian-interior-design-styles,data/raw/accounts/profile_olena_prykhodko_design.json,topic-page sample + embed pages + deep profile
paulmarkkitchens,https://www.instagram.com/paulmarkkitchens/,304000.0,"VERIFIED (embed page, rounded, 2026-09-25)",865.0,VERIFIED (embed page),Paul Mark Kitchens,"UK (Maidenhead, Berkshire) kitchen design-supply-fit firm (Ballerina kitchens). It goes viral with outdoor kitchen / BBQ pod reveal reels and sells its own PMK Pods and BlackBull grills.",contractor_trade,trade,real,ESTIMATED (profile evidence / AI-assisted cover coding),3,68350000.0,68350000.0,135000000.0,"VERIFIED per reel (public topic pages); account-level = sample of top-page reels, biased upward",224.83552631578948,444.078947368421,0.021192245751633986,0.00016903856209150327,VERIFIED inputs (embed likes/comments + topic views); ratio computed,8.5,ESTIMATED upper bound = posts / days since earliest known post,2024-10-15,"ESTIMATED lower bound (earliest post seen, decoded from shortcode)",Design | Supply | Fit your dream kitchen both indoor and outdoor PMK PODS | Black Bull Grill UK,"Linktree https://linktr.ee/paulmarkkitchens (WebFetch 2026-09-25). This is the LINKTREE bio. The Instagram bio itself was NOT seen: the search budget was used up, instagram.com was not fetched, and Threads https://www.threads.com/@paulmarkkitchens returned only a login wall/footer. The display name comes from the Linktree page title 'Paul Mark Kitchens Official: TikTok, Instagram, Facebook | Linktree' and its social-icon labels. The Instagram embed shows only 'paulmarkkitchens'. The website business name is 'Paul Mark Kitchen & Renovations'.","An audience question ('Who would love one of these in their garden?', 'Check out this amazing Outdoor Kitchen pod that we built what do you think?🙌🙌'), plus seasonal urgency and a DM invitation ('Time to start thinking about your outdoor kitchens ready in time for summer. DM me any questions'). Captions tag the owner's own brands (@paulmarkkitchens @blackbullgrilluk) and use product hashtags (#bbq #outdoorcooking #outdoorliving). The sister account uses a hard sell ('Order your PMK Pod Now for delivery June...').",https://linktr.ee/paulmarkkitchens; https://paulmark.co.uk; https://www.pmkpods.com/; https://blackbullgrill.uk,'FREE Design Consultation'. This text appears in the Linktre; BlackBull Grill UK: online shop (/shop/) plus an 'ONLINE 3D ; Business contact on the website: email addresses (paul@ / sa; PMK Pods: own-brand outdoor kitchen BBQ pods ('100% 304 Stai; Paul Mark Kitchen & Renovations: 'Ballerina Supplier and Ins,False,True,True,True,False,False,False,True,"Black Bull Grill UK (@blackbullgrilluk): tagged in the DBKFpVDoZzM caption. blackbullgrill.uk shares Paul Mark's phone number, so this looks like an own or affiliated dealership rather than a third-party sponsorship. The reel has no 'Paid partnership' label (repo coding).; Monolith grill (@monolithg",VERIFIED where URL given in profile JSON; absence = not observed (not proof of absence),True,https://www.instagram.com/reel/DBKFpVDoZzM/,outdoor-kitchen,data/raw/accounts/profile_paulmarkkitchens.json,topic-page sample + embed pages + deep profile
rendair.ai,https://www.instagram.com/rendair.ai/,189000.0,"VERIFIED (embed page, rounded, 2026-09-25)",796.0,VERIFIED (embed page),,"AI rendering and virtual staging software for architects, interior designers and real-estate professionals (tool demos, tutorials, promos).",brand_manufacturer,brand,AI,ESTIMATED (profile evidence / AI-assisted cover coding),3,138000.0,234251.0,556000.0,"VERIFIED per reel (public topic pages); account-level = sample of top-page reels, biased upward",0.7301587301587301,2.941798941798942,0.006663669064748201,0.0027419170570090255,VERIFIED inputs (embed likes/comments + topic views); ratio computed,11.9,ESTIMATED upper bound = posts / days since earliest known post,2025-06-12,"ESTIMATED lower bound (earliest post seen, decoded from shortcode)",,"Instagram bio NOT retrieved (WebSearch budget exhausted; instagram.com not fetched; Threads https://www.threads.com/@rendair.ai returned only a login wall/footer). Brand self-description from official website https://rendair.ai (verbatim): 'Your AI rendering assistant. Built for architects.'; og:title 'Rendair AI | AI Workspace for Architects | Start for Free'. Website footer links to https://www.instagram.com/rendair.ai/, confirming the account is the brand's official Instagram.","Comment-keyword -> DM automation in captions: ""Comment 'interested' to get the full tutorial 👇"", ""Comment 'BF' to get info about Black Friday discount!!"", ""comment 'website' to get the website link on your DMs"".",https://rendair.ai,"Contact emails linked on website (footer link labels 'Email'; Rendair AI - AI rendering workspace (text-to-image, image ed; Rendair Academy - live workshops, e.g. 'Live Workshop | How ; Rendair affiliate/partner program on Dub: 'Earn 20% per sale",True,True,False,False,True,False,True,True,,VERIFIED where URL given in profile JSON; absence = not observed (not proof of absence),True,https://www.instagram.com/reel/DM7kNwKB-QA/,ai-render;ai-virtual-staging;virtual-staging,data/raw/accounts/profile_rendair.ai.json,topic-page sample + embed pages + deep profile
abeastinside,https://www.instagram.com/abeastinside/,182000.0,"VERIFIED (embed page, rounded, 2026-09-25)",2052.0,VERIFIED (embed page),E-Jay | 张毅杰 Chongqing photographer,"Chongqing (China) night-city, rooftop and drone photography framed as a 'cyberpunk city' / Cyberpunk 2077 aesthetic. Urban exteriors, NOT interiors, so it is off-niche for this study.",other,other,real,ESTIMATED (profile evidence / AI-assisted cover coding),3,1200000.0,941800.0,1600000.0,"VERIFIED per reel (public topic pages); account-level = sample of top-page reels, biased upward",6.593406593406593,8.791208791208792,0.10551125,0.000360625,VERIFIED inputs (embed likes/comments + topic views); ratio computed,127.1,ESTIMATED upper bound = posts / days since earliest known post,2026-06-03,"ESTIMATED lower bound (earliest post seen, decoded from shortcode)",ᴘʜᴏᴛᴏɢʀᴀᴘʜᴇʀ ᴜʀʙᴀɴ ᴜʀʙᴇx ᴅʀᴏɴᴇʀ ᴛʀᴀᴠᴇʟᴇʀ 🆔WeChat：EJay666 👨🏻‍💻@ejay_portrait 🧶@thatshangzhou,"Threads public profile https://www.threads.com/@abeastinside (WebFetch 2026-09-25, 2 reads that matched). This is the THREADS bio. The Instagram bio itself was NOT seen: the search budget was used up and instagram.com was not fetched. The Threads profile links only to the Instagram profile.","No CTA. Captions are short mood or POV one-liners that borrow the Cyberpunk 2077 game ('i feel lost in the Cyberpunk city', 'Just a normal rooftop from the rooftop of the cyberpunk2077 world.'; Threads: 'Date idea: at the edge of the cyberpunk2077 world.'). No hashtags in the captions seen. Repo coding cta_type='none'. The only contact route is the WeChat ID in the bio.",,Cross-links to other accounts in the bio: '👨🏻‍💻@ejay_portrai; WeChat ID in the bio: '🆔WeChat：EJay666' (contact route; its ,False,True,False,True,False,False,False,True,,VERIFIED where URL given in profile JSON; absence = not observed (not proof of absence),True,https://www.instagram.com/reel/DclL5CNt48E/,cyberpunk-city,data/raw/accounts/profile_abeastinside.json,topic-page sample + embed pages + deep profile
calm_neststudio,https://www.instagram.com/calm_neststudio/,156000.0,"VERIFIED (embed page, rounded, 2026-09-25)",1020.0,VERIFIED (embed page),,"AI-rendered cozy bedrooms facing rain-streaked windows (forest, misty mountains) packaged as rain ASMR / sleep-sound reels.",theme_page,A/F theme page,AI,ESTIMATED (profile evidence / AI-assisted cover coding),3,172000.0,4433433.333333333,13100000.0,"VERIFIED per reel (public topic pages); account-level = sample of top-page reels, biased upward",0.6419871794871795,1.1025641025641026,0.05525581395348837,0.00046511627906976747,VERIFIED inputs (embed likes/comments + topic views); ratio computed,23.8,ESTIMATED upper bound = posts / days since earliest known post,2025-11-28,"ESTIMATED lower bound (earliest post seen, decoded from shortcode)",,,Short descriptive caption + heavy rain/sleep ASMR hashtag stacks (#sleepingrain #asmrrain #rainsoundsforsleeping ...); off-platform CTA to YouTube ('for longer rain videos on my Youtube'). No question/comment CTA seen in the 3 sampled captions.,,,False,False,False,False,False,False,False,False,,VERIFIED where URL given in profile JSON; absence = not observed (not proof of absence),True,https://www.instagram.com/reel/DS_uPLMlNwQ/,cozy-rain;rain-cozy;rain-sounds,data/raw/accounts/profile_calm_neststudio.json,topic-page sample + embed pages + deep profile
ai.design.ideas,https://www.instagram.com/ai.design.ideas/,136000.0,"VERIFIED (embed page, rounded, 2026-09-25)",249.0,VERIFIED (embed page),,"AI-visualised interior renovation 'Before → After' transformations, mainly industrial and brick lofts turned into warm modern living spaces, with long design-narrative captions",ai_creator,D/E AI creator,AI,ESTIMATED (profile evidence / AI-assisted cover coding),3,343000.0,3900833.3333333335,11300000.0,"VERIFIED per reel (public topic pages); account-level = sample of top-page reels, biased upward",2.522058823529412,83.08823529411765,0.025215743440233238,6.997084548104956e-05,VERIFIED inputs (embed likes/comments + topic views); ratio computed,6.5,ESTIMATED upper bound = posts / days since earliest known post,2025-12-31,"ESTIMATED lower bound (earliest post seen, decoded from shortcode)",,"UNKNOWN. The WebSearch budget (200/200) was already used up, so no Instagram result titles or snippets could be read. https://www.threads.com/@ai.design.ideas returns HTTP 302 to the Threads login page (https://www.threads.com/login/?next=...), so there is no public Threads profile to read. The login wall was not bypassed. instagram.com was not fetched.","Caption formula: a title in capitals plus '(Before → After)' (e.g. 'MODERN LOFT Design (Before → After)', 'INDUSTRIAL LOFT Renovation (Before → After)', 'Urban Loft Revival (Before / After)'), then a multi-sentence design narrative, then about 5 hashtags (#modernloft #interiortransformation #designprocess #loftliving #architecturalinteriors; #BeforeAfter #LoftTransformation #IndustrialInterior #UrbanLiving #InteriorDesign). The 3 captions seen have no comment-keyword, link, shop, DM or follow CTA. No bio CTA could be read.",,,False,False,False,False,False,False,False,False,,VERIFIED where URL given in profile JSON; absence = not observed (not proof of absence),True,https://www.instagram.com/reel/DS8X3AKk_vU/,industrial-chic-interior-design;industrial-interior,data/raw/accounts/profile_ai.design.ideas.json,topic-page sample + embed pages + deep profile
neuraltransform,https://www.instagram.com/neuraltransform/,83000.0,"VERIFIED (embed page, rounded, 2026-09-25)",97.0,VERIFIED (embed page),Neural Transformation,"Backyard/garden/landscape and luxury-pool makeovers ('transformations', curb appeal, modern landscaping), monetized via Amazon garden-product affiliate links.",ai_creator,D/E AI creator,AI,ESTIMATED (profile evidence / AI-assisted cover coding),3,1600000.0,1487666.6666666667,2700000.0,"VERIFIED per reel (public topic pages); account-level = sample of top-page reels, biased upward",19.27710843373494,32.53012048192771,0.015598518518518519,6.6875e-05,VERIFIED inputs (embed likes/comments + topic views); ratio computed,3.2,ESTIMATED upper bound = posts / days since earliest known post,2026-02-27,"ESTIMATED lower bound (earliest post seen, decoded from shortcode)",,"Instagram bio NOT retrieved (WebSearch budget exhausted; instagram.com not fetched; Threads https://www.threads.com/@neuraltransform returned only a login wall/footer). display_name taken from the Linktree page title (og:title 'Neural Transformation Official: Instagram, Facebook | Linktree'), whose Instagram icon links to https://instagram.com/neuraltransform; not confirmed as the Instagram display name. Linktree bio/meta description (verbatim): 'Affiliate link. I may earn a commission from qualifying purchases.'","No explicit CTA seen in sampled captions; pattern is a hook/headline line ('They turned a desert hill into THIS?!', 'A More Refined Look for the Whole Yard 🌱', 'Modern Landscape Elegance ✨🏡') + 5-6 CamelCase hashtags (#ModernLandscaping #LandscapeDesign #CurbAppeal ...). Monetization path is the Linktree Amazon affiliate list.",https://linktr.ee/neuraltransform; https://www.facebook.com/NeuralTransformation,"Facebook page 'NeuralTransformation' (social icon on Linktre; GIGALUMI Solar Lights Outdoor Waterproof, 8 Pack Flickering ; GIGALUMI Solar Outdoor Lights,12 Pack LED Solar Lights Outdo; Heavy Duty Gardening Tools - Gardening Gifts for Women, Men,; LAVEVE 4FT x 100FT Weed Barrier Landscape Fabric; MIXC Garden Edging Border, 100FT 2 Inch Tall Plastic Landsca; PROMEDIX P 4 Pairs Gardening Gloves for ",True,False,False,False,False,False,False,False,,VERIFIED where URL given in profile JSON; absence = not observed (not proof of absence),True,https://www.instagram.com/reel/DVRdL5wkkIK/,garden-design;infinity-pools;landscape-design-ai;luxury-pool,data/raw/accounts/profile_neuraltransform.json,topic-page sample + embed pages + deep profile
luxhilspace,https://www.instagram.com/luxhilspace/,71000.0,"VERIFIED (embed page, rounded, 2026-09-25)",247.0,VERIFIED (embed page),,"AI-styled luxury interior-style showcases (Art Deco x Modernism, mid-century modern, wabi-sabi/Japandi, organic modern), with India/Mumbai interior-design SEO keywords in captions.",designer_studio,A designer/3D studio,AI,ESTIMATED (profile evidence / AI-assisted cover coding),3,87700.0,162544.0,394000.0,"VERIFIED per reel (public topic pages); account-level = sample of top-page reels, biased upward",1.2352112676056335,5.549295774647887,0.04652284263959391,0.00046750285062713797,VERIFIED inputs (embed likes/comments + topic views); ratio computed,13.1,ESTIMATED upper bound = posts / days since earliest known post,2026-05-15,"ESTIMATED lower bound (earliest post seen, decoded from shortcode)",,NOT retrieved. Threads https://www.threads.com/@luxhilspace returned only a login wall/footer; WebSearch budget exhausted so Instagram result snippets could not be collected; instagram.com not fetched. (Embed page display_name field shows only the username 'luxhilspace'.),"No explicit CTA seen in sampled captions. Pattern: one evocative line ('Quiet luxury, loud character.', 'Mid-century state of mind!', 'Raw edges, soft light, and room to breathe. 🌱') + ~5 hashtags (#interiorstyling #decor #organicmodernism #interiordesignindia #luxuryinteriors) + parenthetical SEO keyword list ('interior design India, Mumbai interior, ... architectural digest India, vogue, Pinterest ...'); cover text overlay e.g. 'WABI SABI LIVING>>'.",,,False,False,False,False,False,False,False,False,,VERIFIED where URL given in profile JSON; absence = not observed (not proof of absence),True,https://www.instagram.com/reel/DYW4iAlN-YX/,art-deco-interior-design;mid-century-modern;wabi-sabi-japandi-interior-design,data/raw/accounts/profile_luxhilspace.json,topic-page sample + embed pages + deep profile
visionbuildofficial,https://www.instagram.com/visionbuildofficial/,50000.0,"VERIFIED (embed page, rounded, 2026-09-25)",479.0,VERIFIED (embed page),,"Short viral architecture / construction and luxury-home videos (spectacular towers, oceanfront architecture, minimal countryside luxury homes), with US-construction and drone-shot hashtags",other,other,unknown,UNKNOWN,3,2300000.0,2970166.6666666665,6600000.0,"VERIFIED per reel (public topic pages); account-level = sample of top-page reels, biased upward",46.0,132.0,0.027288695652173914,0.00018303030303030304,VERIFIED inputs (embed likes/comments + topic views); ratio computed,14.2,ESTIMATED upper bound = posts / days since earliest known post,2026-01-31,"ESTIMATED lower bound (earliest post seen, decoded from shortcode)",,,"Headline-style hook caption ('The Craziest … Ever Built in the USA', '… Designed to Make a Statement') plus 3 CamelCase hashtags (#ModernHouse #DroneShot #LuxuryHome) and a 'Video concept & copyright ©' tag; no link, shop, DM or comment-keyword CTA in the 3 (truncated) captions available. Bio CTA UNKNOWN.",,,False,False,False,False,False,False,False,False,,VERIFIED where URL given in profile JSON; absence = not observed (not proof of absence),True,https://www.instagram.com/reel/DW8_CcQESn8/,futuristic-architecture-designs-2026;modern-architecture;modern-house,data/raw/accounts/profile_visionbuildofficial.json,topic-page sample + embed pages + deep profile
nesthome.03,https://www.instagram.com/nesthome.03/,39000.0,"VERIFIED (embed page, rounded, 2026-09-25)",129.0,VERIFIED (embed page),,"AI-generated cozy winter/snow cabins at blue hour (warm-glow-in-the-cold mood), with generic travel/location hashtags.",theme_page,A/F theme page,AI,ESTIMATED (profile evidence / AI-assisted cover coding),3,102000.0,181266.66666666666,352000.0,"VERIFIED per reel (public topic pages); account-level = sample of top-page reels, biased upward",2.6153846153846154,9.025641025641026,0.07719607843137255,0.0005679287305122494,VERIFIED inputs (embed likes/comments + topic views); ratio computed,6.1,ESTIMATED upper bound = posts / days since earliest known post,2026-04-30,"ESTIMATED lower bound (earliest post seen, decoded from shortcode)",,NOT retrieved. Threads https://www.threads.com/@nesthome.03 returned only a login wall/footer; Instagram snippets could not be collected (WebSearch budget exhausted); instagram.com not fetched. (Embed page display_name field shows only the username 'nesthome.03'.),"Short title-style hook + emojis ('Hidden Peace in the Snow ❄️🏔️', 'Warm Cabin on a Freezing Winter Night ❄️🔥') + 5 hashtags mixing contradictory location tags (#USAViews #LuxembourgNature / #USAWinter #LuxembourgViews); one engagement question with comment-keyword CTA: 'would you live here for a week? 🔥🏡 Comment ""ME"" if you'd escape here!' No link/product CTA seen.",,,False,False,False,False,False,False,False,False,,VERIFIED where URL given in profile JSON; absence = not observed (not proof of absence),True,https://www.instagram.com/reel/DYfXRE8hEx6/,cozy-cabin-in-the-snow;cozy-winter-cabin,data/raw/accounts/profile_nesthome.03.json,topic-page sample + embed pages + deep profile
yourfantasyhomes,https://www.instagram.com/yourfantasyhomes/,23000.0,"VERIFIED (embed page, rounded, 2026-09-25)",245.0,VERIFIED (embed page),,Fantasy / futuristic 'dream home' exteriors in a numbered 'pick your favourite home' format.,theme_page,A/F theme page,AI,ESTIMATED (profile evidence / AI-assisted cover coding),3,24800.0,117566.66666666667,313000.0,"VERIFIED per reel (public topic pages); account-level = sample of top-page reels, biased upward",1.0782608695652174,13.608695652173912,0.06517571884984026,0.02814516129032258,VERIFIED inputs (embed likes/comments + topic views); ratio computed,1.9,ESTIMATED upper bound = posts / days since earliest known post,2024-04-15,"ESTIMATED lower bound (earliest post seen, decoded from shortcode)",,,"Caption opens with a question asking viewers to choose a home ('which one is your new home ?', 'which home was your first choice? 🙂', 'which futuristic home did you choose ? 🧡'), then a bullet-dot spacer and about 25 generic hashtags (#dreamhome #aesthetic #vibes #dream #choose #fantasy ...). The cover shows a number overlay ('6'). No link, brand mention or @mention in the captions seen.",,,False,False,False,False,False,False,False,False,,VERIFIED where URL given in profile JSON; absence = not observed (not proof of absence),True,https://www.instagram.com/reel/C5w-koYrT8J/,future-home;future-house;future-houses-2050,data/raw/accounts/profile_yourfantasyhomes.json,topic-page sample + embed pages + deep profile
ai.perfect.world,https://www.instagram.com/ai.perfect.world/,14000.0,"VERIFIED (embed page, rounded, 2026-09-25)",1085.0,VERIFIED (embed page),𝐓𝐚𝐭𝐢𝐚𝐧𝐚,"AI-generated luxury and fantasy architecture (cliffside mansions, Amalfi-coast villas, underwater houses), used as a portfolio to sell AI ad visuals, an eBook and art prints",ai_creator,D/E AI creator,AI,ESTIMATED (profile evidence / AI-assisted cover coding),3,3447.0,6188.0,13600.0,"VERIFIED per reel (public topic pages); account-level = sample of top-page reels, biased upward",0.2462142857142857,0.9714285714285714,0.06657877389584707,0.0034481755787351197,VERIFIED inputs (embed likes/comments + topic views); ratio computed,9.9,ESTIMATED upper bound = posts / days since earliest known post,2024-08-19,"ESTIMATED lower bound (earliest post seen, decoded from shortcode)","Architecture & future living  
Luxury • Atmosphere • Vision  
  
📍 Warsaw, Poland","TikTok profile https://www.tiktok.com/@ai.perfect.world (public page, SSR user data, fetched 2026-09-25). Its bio link points to instagram.com/ai.perfect.world, so it is the same owner. Instagram bio not seen: no web searches were left, and Threads https://www.threads.com/@ai.perfect.world returned a login wall.","Fantasy hook plus question ('This cliffside mansion feels unreal… Would you live here?'), or a descriptive project-style caption ('Amalfi Sunset Residence by @ai.perfect.world …'). Captions carry a signature ('Designed by @ai.perfect.world' / 'by @ai.perfect.world'), SEO keyword lines ('cliffside mansion / luxury ocean home / modern villa') and hashtags (#luxuryhomes #dreamhome #millionairelifestyle #fyp). The Linktree offers 'Collaborate with me', 'Start a Project', a paid eBook and prints.",https://linktr.ee/ai.perfect.world,"'Collaborate with me' / 'Start a Project': Notion form 'Star; Gumroad eBook 'AI Visuals for Client Work' (PDF), €29.00, se; Pinterest profile AIperfectWorld (from pin.it/1IRGJKAmx) and; Redbubble print-on-demand art prints (store 'aiperfectworld'",False,False,True,True,True,False,False,False,,VERIFIED where URL given in profile JSON; absence = not observed (not proof of absence),True,https://www.instagram.com/reel/DXwvzjis3dd/,ai-house;cliff-house;luxury-homes-on-the-amalfi-coast,data/raw/accounts/profile_ai.perfect.world.json,topic-page sample + embed pages + deep profile
starlight_retreats,https://www.instagram.com/starlight_retreats/,,UNKNOWN,,UNKNOWN,,"Romantic cabin / lake-house / unique short-term-rental stays ('cozy cabin', 'lakeside hideaway', 'private pier', 'outdoor shower', 'evenings by the fire').",theme_page,A/F theme page,unknown,UNKNOWN,3,1100000.0,2333666.6666666665,5400000.0,"VERIFIED per reel (public topic pages); account-level = sample of top-page reels, biased upward",,,,,VERIFIED inputs (embed likes/comments + topic views); ratio computed,,UNKNOWN,2024-11-03,"ESTIMATED lower bound (earliest post seen, decoded from shortcode)",,NOT retrieved. Threads https://www.threads.com/@starlight_retreats returned only a login wall; WebSearch budget exhausted so Instagram result snippets could not be collected; instagram.com not fetched.,"Couple-oriented 'Imagine ... just for us' hook ('Imagine a cozy cabin just for us, surrounded by nature and filled with little touches to make our getaway unforgettable. ✨'), sensory scene-setting ('The stillness of the lake, mornings with no rush, evenings by the fire...'), naming the property ('At On the Rocks, ...'); nature emojis (🌲🚿🏞️). Captions were captured truncated, so any closing CTA (tag / book / link) is UNKNOWN.",,,False,False,False,False,False,False,False,False,,VERIFIED where URL given in profile JSON; absence = not observed (not proof of absence),True,https://www.instagram.com/reel/DB_v0uWR06c/,lake-house;luxury-cabin;unique-airbnb,data/raw/accounts/profile_starlight_retreats.json,topic-page sample + embed pages + deep profile
ell.glamhome,https://www.instagram.com/ell.glamhome/,1000000.0,"VERIFIED (embed page, rounded, 2026-09-25)",172.0,VERIFIED (embed page),𝐄𝐋𝐋𝐀𝐇 | 𝐇𝐎𝐌𝐄,"Glam, feminine, colorful home decor (pink, violet, gold; bedrooms, living rooms, bar stools, golden kitchen) by an Austrian home-decor creator who monetizes through Amazon.de and furniture affiliates",lifestyle_influencer,G lifestyle,real,ESTIMATED (profile evidence / AI-assisted cover coding),2,4750000.0,4750000.0,8200000.0,"VERIFIED per reel (public topic pages); account-level = sample of top-page reels, biased upward",4.75,8.2,0.04695698874296435,0.00016365853658536586,VERIFIED inputs (embed likes/comments + topic views); ratio computed,1.8,ESTIMATED upper bound = posts / days since earliest known post,2024-11-15,"ESTIMATED lower bound (earliest post seen, decoded from shortcode)","🙋🏼‍♀️, 𝐈'𝐦 𝓮𝓵𝓵𝓪🤍 𝙇𝙞𝙫𝙞𝙣𝙜 𝙡𝙞𝙛𝙚 𝙞𝙣 𝙘𝙤𝙡𝙤𝙧𝙨 🧚🏻 𝙂𝙡𝙖𝙢 𝙃𝙤𝙢𝙚 𝘿𝙚𝙘𝙤𝙧𝙖𝙩𝙚𝙧 & 𝘼𝙧𝙩𝙞𝙨𝙩𝙞𝙘 𝙎𝙤𝙪𝙡 🌸 𝐃𝐢𝐠𝐢𝐭𝐚𝐥 𝐂𝐫𝐞𝐚𝐭𝐨𝐫 𝐚𝐭 @𝐞𝐥𝐥.𝐠𝐥𝐚𝐦𝐡𝐨𝐦𝐞✨ OÖ 🇦🇹","Threads profile https://www.threads.com/@ell.glamhome (public, fetched 2026-09-25 via WebFetch, whose extraction may alter the fancy unicode slightly). Instagram bio not seen. The TikTok bio (https://www.tiktok.com/@ell.glamhome, nickname 'Ellah | Home') reads verbatim: '✨✨✨\n✉️ 𝙘𝙤𝙣𝙩𝙖𝙘𝙩@𝙚𝙡𝙡𝙖𝙝𝙝𝙤𝙢𝙚.𝙖𝙩'.","Engagement questions in captions ('Comment which part of this Room is your favorite 🥰'), emoji-only mood captions ('☁️☁️☁️', '🦋🦋🦋'), and #bedroom #bedroomideas #bedroomdesign hashtags. The bio routes to the Amazon storefront (shop the look), and the TikTok bio routes to a single affiliate product (Homary sofa) plus a contact email.",https://www.amazon.de/shop/shopellglamhome; https://dada.link/Op-FT1,Amazon.de Influencer storefront 'Die Amazon Seite von Ellah ; Contact email contact@ellahhome.at (TikTok bio). The domain ; TikTok bio link dada.link/Op-FT1 goes to a Homary 'modern 7-,True,True,False,False,False,False,False,True,"Homary: round sectional sofa, GoAffPro affiliate link with campaign '202606_IG_ell.glamhome_J040339' (TikTok bio, seen 2026-09-25); Amazon Influencer Program (amazon.de storefront)",VERIFIED where URL given in profile JSON; absence = not observed (not proof of absence),True,https://www.instagram.com/reel/DUbXaywiEol/,bedroom-design;dream-bedroom;dream-room,data/raw/accounts/profile_ell.glamhome.json,topic-page sample + embed pages + deep profile
siriorsinterior,https://www.instagram.com/siriorsinterior/,547000.0,"VERIFIED (embed page, rounded, 2026-09-25)",2727.0,VERIFIED (embed page),SIRIORS / Sibambo Interior 🇲🇨,"Indonesian interior design studio (brand SIRIORS / Sibambo) posting rendered modern-luxury and modern-classic bedrooms, family rooms and workspaces",designer_studio,A designer/3D studio,3d_render,ESTIMATED (profile evidence / AI-assisted cover coding),2,2104000.0,2104000.0,3700000.0,"VERIFIED per reel (public topic pages); account-level = sample of top-page reels, biased upward",3.846435100548446,6.764168190127971,0.01683789423281549,0.00010723771015109599,VERIFIED inputs (embed likes/comments + topic views); ratio computed,31.0,ESTIMATED upper bound = posts / days since earliest known post,2025-01-17,"ESTIMATED lower bound (earliest post seen, decoded from shortcode)",,Threads profile https://www.threads.com/@siriorsinterior shows no bio text (fetched 2026-09-25); Instagram bio not seen,"Engagement question + comment prompt ('Kalau punya kamar tidur kayak gini, terasa nyaman ya? ... Menurut kalian bagaimana? kasih tahu di kolom komentar ya👇🏼'), a service CTA ('Hubungi Siriors...'), the brand hashtag #BahagiaBersamaSirirors, and blocks of about 29 Indonesian home-decor hashtags (#rumahmewah #desaininterior #sibambointerior)",,Interior design service CTA in a caption: 'Hubungi Siriors u,False,False,False,True,False,False,False,False,,VERIFIED where URL given in profile JSON; absence = not observed (not proof of absence),True,https://www.instagram.com/reel/DE7Rnh-vZQf/,luxury-bedroom;luxury-bedroom-design,data/raw/accounts/profile_siriorsinterior.json,topic-page sample + embed pages + deep profile
georgios_tataridis,https://www.instagram.com/georgios_tataridis/,321000.0,"VERIFIED (embed page, rounded, 2026-09-25)",321.0,VERIFIED (embed page),Georgios Tataridis | Interiors,"Solo interior architect-designer (Athens, Greece) posting photorealistic 3D-rendered, contemporary dark-luxury interiors (bedrooms, double-height living rooms, penthouses such as 'Project in Dubai') to win remote design commissions worldwide.",designer_studio,A designer/3D studio,3d_render,ESTIMATED (profile evidence / AI-assisted cover coding),2,2630500.0,2630500.0,4500000.0,"VERIFIED per reel (public topic pages); account-level = sample of top-page reels, biased upward",8.194704049844237,14.018691588785046,,0.00033799634983209224,VERIFIED inputs (embed likes/comments + topic views); ratio computed,9.2,ESTIMATED upper bound = posts / days since earliest known post,2026-01-22,"ESTIMATED lower bound (earliest post seen, decoded from shortcode)",,"Instagram bio UNKNOWN (no Instagram search snippets, WebSearch budget exhausted). The display name comes from the public Threads profile https://www.threads.com/@georgios_tataridis (HTML title and og:title 'Georgios Tataridis | Interiors (@georgios_tataridis) • Threads, Say more'; og:description '41.5K Followers • 128 Threads'), fetched 2026-09-25. The Threads HTML carried no bio text. Cross-platform self-descriptions from verified same-owner pages: website https://www.georgiostataridis.com/about 'I'm an Interior Architect - Designer and undertake projects worldwide. My specialization is to provide high-end Interior design through photorealistic 3D Images.'; Behance https://www.behance.net/georgios_tataridis 'Interior Architect - Designer in Athens, Greece'; TikTok bio 'insta: georgios_tataridis'.","Bio CTA UNKNOWN. Captions are short and designer-voiced: project/location label ('Project in Dubai.' / 'High end bedroom design.') + style line ('Contemporary design style with luxurious touches.') + opinion question ('What's your opinion?') and, on some reels, a DM CTA ('Send me a message if you would like to design your space.') + '_ _' spacer + interior-design hashtags (#interiordesign #interiordesigner #luxurydesigner #construction #interiors). Comment counts are high while likes are hidden (427 and 517 comments on the embed pages).",https://www.georgiostataridis.com (personal website: it links https://www.instagram.com/georgios_tataridis/ and Behance. Whether it is the Instagram bio link is NOT verified),"B2B collaboration: 'I Cooperate With: Architects & Interior ; Behance portfolio (Athens, Greece); Contact form 'Contact me for Business Inquiries' with option; Interior design services (verbatim list): '3D Visualizations; Portfolio of international residential projects (e.g. 'Penth",False,True,False,True,False,False,False,True,,VERIFIED where URL given in profile JSON; absence = not observed (not proof of absence),True,https://www.instagram.com/reel/DWWYZ87iiV4/,dubai-luxury-interior-design-trends;futuristic-interior;luxury-bedroom-design;luxury-interior,data/raw/accounts/profile_georgios_tataridis.json,topic-page sample + embed pages + deep profile
archibible,https://www.instagram.com/archibible/,220000.0,"VERIFIED (embed page, rounded, 2026-09-25)",1206.0,VERIFIED (embed page),Corey Danaher,"Futurist and speculative architecture world-building animations made with AI and 3D ('Alpine Future', 'Archwave'), monetized through commissions and a print/art shop.",ai_creator,D/E AI creator,AI,ESTIMATED (profile evidence / AI-assisted cover coding),2,7373000.0,7373000.0,14300000.0,"VERIFIED per reel (public topic pages); account-level = sample of top-page reels, biased upward",33.513636363636365,65.0,0.06628273793471103,0.0006513368246103672,VERIFIED inputs (embed likes/comments + topic views); ratio computed,17.0,ESTIMATED upper bound = posts / days since earliest known post,2025-05-15,"ESTIMATED lower bound (earliest post seen, decoded from shortcode)",▫️Futurist World Builder - Exploring AI👨🏻‍💻 ▫️ AI Tech. | 3D / Arch. Designer ⬇️ Commissions/Art available 📧 Archibible1@gmail.com,"Threads profile https://www.threads.com/@archibible (WebFetch 2026-09-25; text as returned by the fetch tool). The Instagram bio itself was not verified. Linktree bio: 'Story telling design through C4D, UE5 & AI Arch. Designer | Visual Artist'. YouTube channel @archibible description: 'Futurist World-Builder👨🏻‍💻 Architectural Designer | 3D Visual Artist | AI Tech.'",Caption template: '<Title> . . Follow if you'd like to see more!👨🏻‍💻 Shop link in bio 🖼️ DM for commissions 📩 ——— Animations designed by @archibible usi…'. The bio says 'Commissions/Art available' with an email address. The link in bio is a Linktree whose first button is the Luma AI referral link.,https://linktr.ee/archibible,"'Etsy Shop - Archibible': listed only in Linktree's auto-gen; Commissions: 'Commissions/Art available' (Threads bio), 'DM ; Email in bio for commissions/art: Archibible1@gmail.com; Facebook; Linktree button 'TRY LUMA AI!' (first link; partnerlinks.io ; TikTok; WOLFPACK COLLABS: a community collective of AI creators that; YouTube channel (Corey Danaher, @archibible)",True,True,True,True,False,False,False,True,"Luma AI: affiliate/referral link on Linktree. No 'Paid partnership' post was seen, because the partnership searches could not run.",VERIFIED where URL given in profile JSON; absence = not observed (not proof of absence),True,https://www.instagram.com/reel/DLI3AbXsnNC/,midjourney-architecture,data/raw/accounts/profile_archibible.json,topic-page sample + embed pages + deep profile
myplants.uae,https://www.instagram.com/myplants.uae/,123000.0,"VERIFIED (embed page, rounded, 2026-09-25)",547.0,VERIFIED (embed page),MyPlants (Instagram display name UNKNOWN; embed pages show only the handle 'myplants.uae'. TikTok nickname: 'My Plants'. YouTube title: 'MyPlants'),"Dubai plant e-commerce and landscaping contractor that posts AI-generated luxury garden, courtyard and pool concepts ('we'd absolutely build this in Dubai') to generate landscaping leads.",contractor_trade,trade,AI,ESTIMATED (profile evidence / AI-assisted cover coding),2,8278500.0,8278500.0,15600000.0,"VERIFIED per reel (public topic pages); account-level = sample of top-page reels, biased upward",67.30487804878048,126.82926829268293,0.017569127481713687,3.2962985290571496e-05,VERIFIED inputs (embed likes/comments + topic views); ratio computed,28.4,ESTIMATED upper bound = posts / days since earliest known post,2026-05-12,"ESTIMATED lower bound (earliest post seen, decoded from shortcode)",,"UNKNOWN for Instagram. https://www.threads.com/@myplants.uae returned only the Threads login wall (no profile, 2026-09-25). No Instagram search snippets could be collected (WebSearch budget exhausted). For reference, the TikTok bio of the same brand (https://www.tiktok.com/@myplants.uae, public SSR data, fetched 2026-09-25) reads: 'Let us help you elevate your space with indoor and outdoor plants.' with bio link https://myplants.ae. That TikTok is linked from the footer of myplants.ae, which also links https://www.instagram.com/myplants.uae/, so the same owner is VERIFIED; the Instagram bio text itself was NOT seen.","Bio CTA UNKNOWN. Captions follow a fixed template: share hook 'Send this to someone who...' + short scene description + an AI disclosure tied to the brand ('AI-generated inspiration brought to life by MyPlants' / 'AI-generated, but we'd absolutely build this in Dubai') + a comment question ('Would you build this in your garden? 👀' / 'What would you add to this garden? 👀') + 5 hashtags ending in #MyPlantsDubai. The same 'Send this to someone who...' template dominates the YouTube Shorts titles. Conversion path: website with WhatsApp, form and 'Free Design Previews'.","https://myplants.ae (brand website: its footer links https://www.instagram.com/myplants.uae/, and it is the TikTok bio link. Whether it is the Instagram bio link is NOT verified)","2D & 3D Landscaping Design: 'A 2D/3D design includes a scale; Blog (plant-care articles for the UAE, e.g. 'fix-salty-soil-; Garden maintenance and indoor-plant maintenance (one-time or; Green wall design and installation, irrigation services, art; Landscaping design & build (site assessment, 2D/3D design, h; Pool & water features (pool construction, fountains, waterfa; Shopify plant e-commerce: 'B",False,True,True,True,False,False,False,True,,VERIFIED where URL given in profile JSON; absence = not observed (not proof of absence),True,https://www.instagram.com/reel/DYPJn3DMuaV/,landscape-design-ai,data/raw/accounts/profile_myplants.uae.json,topic-page sample + embed pages + deep profile
design_x_interior,https://www.instagram.com/design_x_interior/,88000.0,"VERIFIED (embed page, rounded, 2026-09-25)",379.0,VERIFIED (embed page),,"Dark, dramatic 'super luxury bedroom in my budget' interiors presented as client projects from Ambikapur, Chhattisgarh (India), with a price/value hook.",designer_studio,A designer/3D studio,AI,ESTIMATED (profile evidence / AI-assisted cover coding),2,8895000.0,8895000.0,17400000.0,"VERIFIED per reel (public topic pages); account-level = sample of top-page reels, biased upward",102.2159090909091,200.0,0.048030302829354554,9.246463306808134e-05,VERIFIED inputs (embed likes/comments + topic views); ratio computed,11.2,ESTIMATED upper bound = posts / days since earliest known post,2026-01-31,"ESTIMATED lower bound (earliest post seen, decoded from shortcode)",,"UNKNOWN. https://www.threads.com/@design_x_interior returned only the Threads login wall (no profile, 2026-09-25). No Instagram search snippets could be collected (WebSearch budget exhausted). The embed pages show only the handle as the display name. A same-name TikTok account exists (https://www.tiktok.com/@design_x_interior, nickname 'Design X interior', bio 'We are a group of distinguished Architects, aiming to create your own paradise,', 17 followers, 1 video, created 2022-02-02), but it has no link to the Instagram account, so the same owner is UNVERIFIED and its bio is not used here.","Bio CTA UNKNOWN. Captions use a 'Client: I want <super / 5 star> luxury bedroom in my budget' money/POV hook + 'Site Location - <address> 📍' + hashtags '#designx #reels #viral #interior' + agency credit line. No explicit follow, DM, link or comment CTA appears in the two captions seen. Engagement on DULItzMjQq7: '843,973 likes', '2,147 comments' (embed page).",,,False,False,False,True,False,False,False,False,,VERIFIED where URL given in profile JSON; absence = not observed (not proof of absence),True,https://www.instagram.com/reel/DULItzMjQq7/,luxury-bedroom-design;luxury-room,data/raw/accounts/profile_design_x_interior.json,topic-page sample + embed pages + deep profile
abdullahaslanoglu_,https://www.instagram.com/abdullahaslanoglu_/,68000.0,"VERIFIED (embed page, rounded, 2026-09-25)",133.0,VERIFIED (embed page),,"3D-rendered luxury modern villas (travertine facades, LED-lit glazing, infinity pools), exteriors, landscape and luxury interior concepts (gold-and-marble dining room), from a Turkey/Istanbul-based designer",designer_studio,A designer/3D studio,3d_render,ESTIMATED (profile evidence / AI-assisted cover coding),2,5193500.0,5193500.0,10200000.0,"VERIFIED per reel (public topic pages); account-level = sample of top-page reels, biased upward",76.375,150.0,0.029830993761140817,0.0005544385026737968,VERIFIED inputs (embed likes/comments + topic views); ratio computed,1.2,ESTIMATED upper bound = posts / days since earliest known post,2024-08-12,"ESTIMATED lower bound (earliest post seen, decoded from shortcode)",,"NOT retrieved. Threads https://www.threads.com/@abdullahaslanoglu_ returned only a login wall/footer (WebFetch 2026-09-25). The WebSearch budget was used up, so Instagram snippets could not be collected. The embed-page display_name field shows only the username 'abdullahaslanoglu_'.","Captions have a short English descriptor with emoji ('Modernism touched by light 💥', 'Luxury dining area concept. 😍❤️‍🔥'), a self-credit ('Designer @abdullahaslanoglu_'), a Turkish ad disclosure '#reklam' and 25-26 mixed EN/TR hashtags on building, facade, villa, interior and render. The sample has no DM, link, shop or question CTA.",,,False,False,False,False,False,False,False,False,,VERIFIED where URL given in profile JSON; absence = not observed (not proof of absence),True,https://www.instagram.com/reel/C-ks822KeDg/,luxury-dining-room;modern-house;modern-villa,data/raw/accounts/profile_abdullahaslanoglu_.json,topic-page sample + embed pages + deep profile
zaxzaaafrica,https://www.instagram.com/zaxzaaafrica/,65000.0,"VERIFIED (embed page, rounded, 2026-09-25)",763.0,VERIFIED (embed page),Zaxzaa Africa Interior,"Luxury spa bathrooms and glam/classical luxury home interiors in a glossy AI look, used as a portfolio for an 'Africa' interior design/build and furniture-sourcing studio (hashtags also include #dubaihomes)",designer_studio,A designer/3D studio,AI,ESTIMATED (profile evidence / AI-assisted cover coding),2,650000.0,650000.0,977000.0,"VERIFIED per reel (public topic pages); account-level = sample of top-page reels, biased upward",10.0,15.03076923076923,0.02611908096751603,0.00013512806943603818,VERIFIED inputs (embed likes/comments + topic views); ratio computed,42.4,ESTIMATED upper bound = posts / days since earliest known post,2026-05-21,"ESTIMATED lower bound (earliest post seen, decoded from shortcode)",Interior Studio,"THREADS public profile https://www.threads.com/@zaxzaaafrica (WebFetch 2026-09-25). This is the Threads display name and bio. Threads usually imports them from the linked Instagram account, but the Instagram bio itself was not read: the WebSearch budget was used up and instagram.com was not fetched. The Threads header links back to Instagram @zaxzaaafrica.","Link-in-bio CTA for leads: '📩 Click the link in my bio for inquiries and bookings.' / 'Click the Link on my Bio 👆', plus a service mantra 'We build. We create. We source. We partner. We execute.' Captions carry 5 hashtags (#Bathroom #luxury #interiordesigner #fyp #luxurylifestyle; #interiordesign #zaxzaainterior ...). Visuals carry a 'ZA' watermark.",,Caption CTA '📩 Click the link in my bio for inquiries and bo; Furniture pre-order: Threads post 'A beautiful space deserve; Linktree @zaxzaaafrica exists ('joined in June 2023') but sh,False,False,True,True,False,False,False,False,,VERIFIED where URL given in profile JSON; absence = not observed (not proof of absence),True,https://www.instagram.com/reel/DZhV2noRxp1/,hotel-bathroom-designs;luxury-bathroom-interior-design-inspiration;quiet-luxury-bathroom,data/raw/accounts/profile_zaxzaaafrica.json,topic-page sample + embed pages + deep profile
recastliving,https://www.instagram.com/recastliving/,47000.0,"VERIFIED (embed page, rounded, 2026-09-25)",45.0,VERIFIED (embed page),Recast Living (as used on the same-name TikTok and YouTube; the Instagram display name is UNKNOWN because embed pages show only the handle),"Faceless AI 'before and after' home and backyard transformations (empty yard to lounge garden, cinematic night landscape corridors), aimed at homeowners, architects and builders.",ai_creator,D/E AI creator,AI,ESTIMATED (profile evidence / AI-assisted cover coding),2,904500.0,904500.0,1400000.0,"VERIFIED per reel (public topic pages); account-level = sample of top-page reels, biased upward",19.24468085106383,29.78723404255319,0.008429806147397835,8.642857142857143e-05,VERIFIED inputs (embed likes/comments + topic views); ratio computed,2.3,ESTIMATED upper bound = posts / days since earliest known post,2026-05-12,"ESTIMATED lower bound (earliest post seen, decoded from shortcode)",,"UNKNOWN for Instagram. https://www.threads.com/@recastliving returned only the Threads login wall (no profile, 2026-09-25); no Instagram search snippets (WebSearch budget exhausted). Same-name accounts on other platforms, ownership UNVERIFIED (no cross-links seen, but brand name and theme are identical): TikTok https://www.tiktok.com/@recastliving bio 'Recast Living 🏡 AI home transformations | Before & after remodels | Modern interiors | Daily design inspiration ✨' (7 followers, 8 videos, created 2026-07-29); YouTube https://www.youtube.com/@RecastLiving description begins 'Recast Living is where everyday spaces get reimagined through the power of AI.'","Bio CTA UNKNOWN. The DZnSu7zoJeQ caption: transformation hook ('From an empty backyard to a cozy outdoor retreat. 🌿✨') + long SEO keyword paragraphs listing audiences and topics ('Perfect inspiration for homeowners, architects, landscape designers, builders...', '...AI architecture, exterior renovation, garden design, backyard makeover, and luxury outdoor living') + save/follow CTA 'Save this idea for your next project and follow for more AI home transformations.' + 5 hashtags. No link, DM, shop or comment-keyword CTA was seen.",,,False,False,False,False,False,False,False,False,,VERIFIED where URL given in profile JSON; absence = not observed (not proof of absence),True,https://www.instagram.com/reel/DZnSu7zoJeQ/,landscape-design;landscape-design-ai,data/raw/accounts/profile_recastliving.json,topic-page sample + embed pages + deep profile
stylishnorrastudios,https://www.instagram.com/stylishnorrastudios/,40000.0,"VERIFIED (embed page, rounded, 2026-09-25)",502.0,VERIFIED (embed page),,"Aspirational luxury residential interiors and architecture that look AI-generated (biophilic multi-level pavilions, walnut-and-glass rainforest homes, industrial lofts), with long architectural-copywriting captions that frame the account as a design studio",designer_studio,A designer/3D studio,AI,ESTIMATED (profile evidence / AI-assisted cover coding),2,2227500.0,2227500.0,3700000.0,"VERIFIED per reel (public topic pages); account-level = sample of top-page reels, biased upward",55.6875,92.5,0.03877591820297119,0.00013510560229103275,VERIFIED inputs (embed likes/comments + topic views); ratio computed,36.6,ESTIMATED upper bound = posts / days since earliest known post,2026-06-20,"ESTIMATED lower bound (earliest post seen, decoded from shortcode)",,"NOT retrieved. Threads https://www.threads.com/@stylishnorrastudios returned only a login wall/footer (WebFetch 2026-09-25). The WebSearch budget was used up, so Instagram snippets could not be collected. The embed-page display_name field shows only the username 'stylishnorrastudios'. Captions call the brand 'Stylish Norra Studios', but that is caption text, not a verified display name.","Captions have no hashtags. Each is a long, polished descriptive paragraph ('The precise poetry of vertical scale, biophilic harmony, and panoramic sanctuary light. 📐🌿✨ ...') that ends with a DM-for-project CTA: 'Direct message for private project timelines and exclusive portfolio access.' / 'Direct message our studio to discuss your custom project timeline.' No link-in-bio, shop or comment-keyword CTA was seen.",,Caption CTA 'Direct message for private project timelines an; Caption CTA 'Direct message our studio to discuss your custo,False,True,False,True,False,False,False,True,,VERIFIED where URL given in profile JSON; absence = not observed (not proof of absence),True,https://www.instagram.com/reel/DZ0TBEsOgkU/,industrial-chic-interior-design;modern-architecture,data/raw/accounts/profile_stylishnorrastudios.json,topic-page sample + embed pages + deep profile
karissa.brighton,https://www.instagram.com/karissa.brighton/,,UNKNOWN,,UNKNOWN,Karissa,"Amazon/Temu 'finds' product demos (kitchen, home, cleaning, seasonal decor) earning through affiliate lists and brand codes. Only loosely tied to interiors.",lifestyle_influencer,G lifestyle,real,ESTIMATED (profile evidence / AI-assisted cover coding),2,19198000.0,19198000.0,37700000.0,"VERIFIED per reel (public topic pages); account-level = sample of top-page reels, biased upward",,,,,VERIFIED inputs (embed likes/comments + topic views); ratio computed,,UNKNOWN,2025-01-06,"ESTIMATED lower bound (earliest post seen, decoded from shortcode)",💥Sharing My Best Online Finds 📩 mgmt@karissashops.com 🛒 Shop my finds ↓,"Threads profile https://www.threads.com/@karissa.brighton (public, fetched 2026-09-25); Instagram bio not seen",Caption CTA 'Shop it on my Amazon [Kitchen/Home] Finds List!' + bio '🛒 Shop my finds ↓' pointing to karissashops.com; brand discount codes in captions; #ad / #<brand>partner disclosures,karissashops.com,"Amazon 'Kitchen Finds List' / 'Home Finds List' named in Ins; Management email mgmt@karissashops.com (Threads bio); Own domain karissashops.com ('Shop my finds'); could not be ; Temu promo code kmv4593 + app.temu.com/k/pm0… link, tagged #",True,True,False,False,False,False,False,True,"Tineco (discount code KBNTCST5; Threads post 08/24/26); Delomo (#delomopartner; Threads post 08/21/26); Temu (#ad, code kmv4593; Threads post 08/20/26)",VERIFIED where URL given in profile JSON; absence = not observed (not proof of absence),True,https://www.instagram.com/reel/DH1n7TSuL-3/,amazon-home-finds,data/raw/accounts/profile_karissa.brighton.json,topic-page sample + embed pages + deep profile
em_henderson,https://www.instagram.com/em_henderson/,1000000.0,"VERIFIED (embed page, rounded, 2026-09-25)",7333.0,VERIFIED (embed page),Emily Henderson,"Interior styling, home renovation (farmhouse and guest cottage) and makeovers, run as a design-media brand (blog, book, TV) with shoppable sources",lifestyle_influencer,G lifestyle,real,ESTIMATED (profile evidence / AI-assisted cover coding),1,3600000.0,3600000.0,3600000.0,"VERIFIED per reel (public topic pages); account-level = sample of top-page reels, biased upward",3.6,3.6,0.046975833333333335,0.0001511111111111111,VERIFIED inputs (embed likes/comments + topic views); ratio computed,282.0,ESTIMATED upper bound = posts / days since earliest known post,2026-03-26,"ESTIMATED lower bound (earliest post seen, decoded from shortcode)","Stylist, New York Times bestselling author of STYLED, TV personality, and founder of stylebyemilyhenderson.com. #showemyourstyled #showemyourdiy","Threads profile https://www.threads.com/@em_henderson (public, fetched 2026-09-25). Instagram bio not seen.","'link in my bio' sends viewers to long-form blog posts with full source lists. The blog monetizes that traffic through LTK affiliate links, the 'SHOP OUR FAVORITE FINDS' shop page, sponsored posts that disclose partners and display ads, and captures emails with the newsletter and 'GET OUR FREE 4-DAY GUIDE'. Community hashtags #showemyourstyled and #showemyourdiy appear in the bio.",https://stylebyemilyhenderson.com,'SUBSCRIBE TO OUR NEWSLETTER' plus an email capture 'GET OUR; 'What we do' page: 'We also work with brands and partners th; Blog 'Shop' page ('SHOP OUR FAVORITE FINDS'): 24 on.ltk.com ; Blog posts link products through LTK (on.ltk.com links in 'H; Book: 'New York Times bestselling author of STYLED' (Threads; Contact page: 'For all blog partnership and sponsor requests; Site-wide banner 'LEARN MORE,True,True,False,True,False,True,False,True,"Wayfair: 'Thank you to Wayfair for partnering with us on this blog post' (2026-09-22); AllModern: Sponsored_Paid blog post (2026-03-26); Brooklinen: Sponsored_Paid blog post (2023-11-20, URL slug 'brooklinen-review'); Samsung: Sponsored_Paid post on the Samsung Art Store (2023-11-10); Sponsored_Part",VERIFIED where URL given in profile JSON; absence = not observed (not proof of absence),True,https://www.instagram.com/reel/DWXaWZaAefE/,dream-kitchen;kitchen-inspiration,data/raw/accounts/profile_em_henderson.json,topic-page sample + embed pages + deep profile
ifonly.ai,https://www.instagram.com/ifonly.ai/,1000000.0,"VERIFIED (embed page, rounded, 2026-09-25)",419.0,VERIFIED (embed page),If Only,"Surreal 'If only…' AI concept art mixing architecture, food, fashion and fine art (e.g. a tiramisu house, stepping into Van Gogh / Klimt paintings, Seoul 'on pointed toes'). Interiors and houses are one theme among several, not the sole focus.",ai_creator,D/E AI creator,AI,ESTIMATED (profile evidence / AI-assisted cover coding),1,136000000.0,136000000.0,136000000.0,"VERIFIED per reel (public topic pages); account-level = sample of top-page reels, biased upward",136.0,136.0,0.024030286764705883,0.00013240441176470588,VERIFIED inputs (embed likes/comments + topic views); ratio computed,3.8,ESTIMATED upper bound = posts / days since earliest known post,2024-08-22,"ESTIMATED lower bound (earliest post seen, decoded from shortcode)",🌀 Merge between Art and AI ⛵️ Prompts • #Midjourney 🇫🇷 Based in Paris,"Threads public profile https://www.threads.com/@ifonly.ai (WebFetch plus public HTML og:description '77.4K Followers • 365 Threads • 🌀 Merge between Art and AI ⛵️ Prompts • #Midjourney 🇫🇷 Based in Paris', 2026-09-25). This is the THREADS bio and name; the Instagram bio was not read separately because the WebSearch budget was used up and instagram.com was not fetched. The TikTok bio (https://www.tiktok.com/@ifonly.ai, public page) reads '🌀 AI artist | Original artworks ⛵️ Prompts • #Midjourney ✨ Instagram • @ifonly.ai' (nickname 'IfOnly.ai'). The Linktree bio reads '🌀 Merge between Art and AI' / 'Challenge boundaries, innovate, and create the unprecedented. Vincent / If Only'.","Caption formula: 'If only …' hook (e.g. 'If only you could dive into a masterpiece (Part 2: The Kiss) 👇', 'If only Seoul could rise on pointed toes 🩰'). The multi-part series uses '👇' and 'If you missed Part 1...' links. Credit lines name tools and collaborators ('Art/Prompts by @ifonly.ai & @sunt_mrr', 'Crafted using @midjourney & @dreamina_ai'). Sponsored posts end with 'In collaboration with @artlist.io' and a participation CTA ('How to enter: ... Post publicly with #ArtlistSeedance25. Tag @artlist.io'). The link hub has a 'CONTACT ME' email.",https://linktr.ee/ifonlyai,"CONTACT ME (email); LINKEDIN (personal profile); ORDINARY | Scream the silence (own YouTube video, channel 'I; Press/interview video '🎨 Il crée des chefs-d'œuvre avec l'IA; WALLPAPERS (free Pinterest board; page title 'Découvrez 95 i; YOUTUBE (channel @IamIfOnly: 536 subscribers, 73 videos, 50,",False,True,False,False,False,False,False,True,"Artlist (@artlist.io): 'In collaboration with @artlist.io', Threads posts DcJQg3jiHPD (08/17/26, Seedance 2.5 Challenge) and DdQ3fyLiFTt (09/14/26, AI toolkit plug)",VERIFIED where URL given in profile JSON; absence = not observed (not proof of absence),True,https://www.instagram.com/reel/C--Al6UA6GE/,ai-house-design,data/raw/accounts/profile_ifonly.ai.json,topic-page sample + embed pages + deep profile
homeofmerve,https://www.instagram.com/homeofmerve/,459000.0,"VERIFIED (embed page, rounded, 2026-09-25)",456.0,VERIFIED (embed page),Homeofmerve,"Home decor and bedroom inspiration from a personal home-creator account, with talent management and product (KOL) campaigns",lifestyle_influencer,G lifestyle,unknown,UNKNOWN,1,13100000.0,13100000.0,13100000.0,"VERIFIED per reel (public topic pages); account-level = sample of top-page reels, biased upward",28.540305010893245,28.540305010893245,0.044882519083969466,5.3435114503816794e-05,VERIFIED inputs (embed likes/comments + topic views); ratio computed,2.8,ESTIMATED upper bound = posts / days since earliest known post,2023-07-27,"ESTIMATED lower bound (earliest post seen, decoded from shortcode)","Management 📩 merve@yokichitalent.com
Ig: homeofmerve","TikTok profile https://www.tiktok.com/@homeofmerve (public page, SSR user data, fetched 2026-09-25). This bio cross-links 'Ig: homeofmerve', so it is the same owner. Instagram bio not seen: no web searches were left, and Threads https://www.threads.com/@homeofmerve returned a login wall.",Very short emoji captions with a long hashtag block and no explicit CTA in the sampled caption. Bio CTA is a management email for brand inquiries; the TikTok bio link sends traffic to a sponsored product page (Eureka).,https://bit.ly/3TF9RQk; https://linktr.ee/homeofmerve,Linktree page linktr.ee/homeofmerve exists (account created ; Management email merve@yokichitalent.com in the TikTok bio. ; TikTok bio link bit.ly/3TF9RQk goes to the Eureka FloorShine,True,True,False,False,False,False,False,True,"Eureka: FloorShine 830 floor cleaner, KOL tracking link in the TikTok bio (utm_medium=kol, utm_content=homeofmerve), seen 2026-09-25",VERIFIED where URL given in profile JSON; absence = not observed (not proof of absence),True,https://www.instagram.com/reel/CvNKxqDtAj1/,bedroom-decor;bedroom-design;cozy-bedroom-ideas;dream-bedroom-decor-ideas,data/raw/accounts/profile_homeofmerve.json,topic-page sample + embed pages + deep profile
interior_home_design1,https://www.instagram.com/interior_home_design1/,688000.0,"VERIFIED (embed page, rounded, 2026-09-25)",2699.0,VERIFIED (embed page),,ai-house;ai-house-design;ai-interior;ai-interior-design;cliff-house;desert-modern-house-tours;future-home;futuristic-arc,theme_page,A/F theme page,AI,ESTIMATED (profile evidence / AI-assisted cover coding),8,27500.0,32625.0,72100.0,"VERIFIED per reel (public topic pages); account-level = sample of top-page reels, biased upward",0.0399709302325581,0.1047965116279069,0.04100630847529942,0.0005753381145828109,VERIFIED inputs (embed likes/comments + topic views); ratio computed,27.7,ESTIMATED upper bound = posts / days since earliest known post,2024-11-11,"ESTIMATED lower bound (earliest post seen, decoded from shortcode)",,,,,,,,,,,,,,,UNKNOWN (not deep-profiled),False,https://www.instagram.com/reel/DDPTr1JRD-S/,ai-house;ai-house-design;ai-interior;ai-interior-design;cliff-house;desert-modern-house-tours;future-home;futuristic-architecture;futuristic-home;futuristic-house,,topic-page sample + embed pages
aureliestory,https://www.instagram.com/aureliestory/,3000000.0,"VERIFIED (embed page, rounded, 2026-09-25)",2696.0,VERIFIED (embed page),,dubai-luxury;ibiza-luxury-villas-sea-view;marrakech-riad;rooftop-pool;saudi-arabia-architecture,lifestyle_influencer,G lifestyle,real,ESTIMATED (profile evidence / AI-assisted cover coding),5,3200000.0,2779400.0,4900000.0,"VERIFIED per reel (public topic pages); account-level = sample of top-page reels, biased upward",1.0666666666666669,1.6333333333333333,0.059204375,0.00017054054054054053,VERIFIED inputs (embed likes/comments + topic views); ratio computed,21.7,ESTIMATED upper bound = posts / days since earliest known post,2024-05-06,"ESTIMATED lower bound (earliest post seen, decoded from shortcode)",,,,,,,,,,,,,,,UNKNOWN (not deep-profiled),False,https://www.instagram.com/reel/DcmBZJINnDz/,dubai-luxury;ibiza-luxury-villas-sea-view;marrakech-riad;rooftop-pool;saudi-arabia-architecture,,topic-page sample + embed pages
jareef__saifi,https://www.instagram.com/jareef__saifi/,339000.0,"VERIFIED (embed page, rounded, 2026-09-25)",1244.0,VERIFIED (embed page),,hotel-bathroom-designs;hotel-suite-design-ideas;interior-design-ideas;living-room-design;luxury-apartment-interior-desig,ai_creator,D/E AI creator,AI,ESTIMATED (profile evidence / AI-assisted cover coding),5,192000.0,272700.0,547000.0,"VERIFIED per reel (public topic pages); account-level = sample of top-page reels, biased upward",0.5663716814159292,1.6135693215339233,0.007321755027422303,3.125e-05,VERIFIED inputs (embed likes/comments + topic views); ratio computed,40.5,ESTIMATED upper bound = posts / days since earliest known post,2026-02-21,"ESTIMATED lower bound (earliest post seen, decoded from shortcode)",,,,,,,,,,,,,,,UNKNOWN (not deep-profiled),False,https://www.instagram.com/reel/DWjQIN5Aemr/,hotel-bathroom-designs;hotel-suite-design-ideas;interior-design-ideas;living-room-design;luxury-apartment-interior-design-ideas-2026;luxury-bathroom;luxury-living-room;luxury-living-room-design;modern,,topic-page sample + embed pages
2pdesigners,https://www.instagram.com/2pdesigners/,134000.0,"VERIFIED (embed page, rounded, 2026-09-25)",1649.0,VERIFIED (embed page),,dubai-luxury-interior-design-trends;kitchen-design;luxury-dining-room;luxury-interior;luxury-living-room;modern-luxury-h,designer_studio,A designer/3D studio,real,ESTIMATED (profile evidence / AI-assisted cover coding),5,258000.0,293140.0,711000.0,"VERIFIED per reel (public topic pages); account-level = sample of top-page reels, biased upward",1.9253731343283584,5.3059701492537314,0.022368495077355836,0.00018143459915611815,VERIFIED inputs (embed likes/comments + topic views); ratio computed,21.7,ESTIMATED upper bound = posts / days since earliest known post,2025-04-10,"ESTIMATED lower bound (earliest post seen, decoded from shortcode)",,,,,,,,,,,,,,,UNKNOWN (not deep-profiled),False,https://www.instagram.com/reel/DISCNIXO4nK/,dubai-luxury-interior-design-trends;kitchen-design;luxury-dining-room;luxury-interior;luxury-living-room;modern-luxury-house-interiors,,topic-page sample + embed pages
roxy_carretero,https://www.instagram.com/roxy_carretero/,54000.0,"VERIFIED (embed page, rounded, 2026-09-25)",525.0,VERIFIED (embed page),,bedroom-decor;cozy-bedroom-ideas;dream-bedroom-decor-ideas;home-decor;living-room-decor,lifestyle_influencer,G lifestyle,real,ESTIMATED (profile evidence / AI-assisted cover coding),5,674000.0,978840.0,2800000.0,"VERIFIED per reel (public topic pages); account-level = sample of top-page reels, biased upward",12.48148148148148,51.851851851851855,0.048189910979228485,0.0020310714285714285,VERIFIED inputs (embed likes/comments + topic views); ratio computed,24.0,ESTIMATED upper bound = posts / days since earliest known post,2026-04-24,"ESTIMATED lower bound (earliest post seen, decoded from shortcode)",,,,,,,,,,,,,,,UNKNOWN (not deep-profiled),False,https://www.instagram.com/reel/Da4qA2fP2XS/,bedroom-decor;cozy-bedroom-ideas;dream-bedroom-decor-ideas;home-decor;living-room-decor,,topic-page sample + embed pages
vacations,https://www.instagram.com/vacations/,7000000.0,"VERIFIED (embed page, rounded, 2026-09-25)",1605.0,VERIFIED (embed page),,ibiza-luxury-villas-sea-view;overwater-villa;underwater-hotel,theme_page,A/F theme page,real,ESTIMATED (profile evidence / AI-assisted cover coding),4,669500.0,623000.0,706000.0,"VERIFIED per reel (public topic pages); account-level = sample of top-page reels, biased upward",0.0956428571428571,0.1008571428571428,0.030869442942715652,0.0002899158085284424,VERIFIED inputs (embed likes/comments + topic views); ratio computed,5.1,ESTIMATED upper bound = posts / days since earliest known post,2020-09-02,"ESTIMATED lower bound (earliest post seen, decoded from shortcode)",,,,,,,,,,,,,,,UNKNOWN (not deep-profiled),False,https://www.instagram.com/reel/Csh-iRppSDG/,ibiza-luxury-villas-sea-view;overwater-villa;underwater-hotel,,topic-page sample + embed pages
diycraftstvofficial,https://www.instagram.com/diycraftstvofficial/,6000000.0,"VERIFIED (embed page, rounded, 2026-09-25)",1597.0,VERIFIED (embed page),,a-frame-modern-cabins;container-home-luxury-models-2026;infinity-pools;underground-house,theme_page,A/F theme page,AI,ESTIMATED (profile evidence / AI-assisted cover coding),4,3450000.0,6375000.0,17600000.0,"VERIFIED per reel (public topic pages); account-level = sample of top-page reels, biased upward",0.575,2.933333333333333,0.01604880681818182,4.456334175084175e-05,VERIFIED inputs (embed likes/comments + topic views); ratio computed,42.3,ESTIMATED upper bound = posts / days since earliest known post,2026-01-03,"ESTIMATED lower bound (earliest post seen, decoded from shortcode)",,,,,,,,,,,,,,,UNKNOWN (not deep-profiled),False,https://www.instagram.com/reel/DWtdzmuDh4P/,a-frame-modern-cabins;container-home-luxury-models-2026;infinity-pools;underground-house,,topic-page sample + embed pages
ibuilddevelopers,https://www.instagram.com/ibuilddevelopers/,601000.0,"VERIFIED (embed page, rounded, 2026-09-25)",3909.0,VERIFIED (embed page),,dream-closet;dream-house;dream-kitchen;kitchen-design;luxury-closet,contractor_trade,trade,real,ESTIMATED (profile evidence / AI-assisted cover coding),4,312500.0,525000.0,1300000.0,"VERIFIED per reel (public topic pages); account-level = sample of top-page reels, biased upward",0.5199667221297837,2.1630615640599,0.03948901177769599,0.00017339344865660656,VERIFIED inputs (embed likes/comments + topic views); ratio computed,112.6,ESTIMATED upper bound = posts / days since earliest known post,2026-01-24,"ESTIMATED lower bound (earliest post seen, decoded from shortcode)",,,,,,,,,,,,,,,UNKNOWN (not deep-profiled),False,https://www.instagram.com/reel/DaIsDsXNx78/,dream-closet;dream-house;dream-kitchen;kitchen-design;luxury-closet,,topic-page sample + embed pages
_vlasov_roman_,https://www.instagram.com/_vlasov_roman_/,553000.0,"VERIFIED (embed page, rounded, 2026-09-25)",1011.0,VERIFIED (embed page),,hotel-design;modern-architecture;modern-house;modern-villa,designer_studio,A designer/3D studio,real,ESTIMATED (profile evidence / AI-assisted cover coding),4,270500.0,308000.0,638000.0,"VERIFIED per reel (public topic pages); account-level = sample of top-page reels, biased upward",0.4891500904159132,1.1537070524412296,0.04082859381997313,0.0005596664580166324,VERIFIED inputs (embed likes/comments + topic views); ratio computed,12.0,ESTIMATED upper bound = posts / days since earliest known post,2025-02-12,"ESTIMATED lower bound (earliest post seen, decoded from shortcode)",,,,,,,,,,,,,,,UNKNOWN (not deep-profiled),False,https://www.instagram.com/reel/DF-WgD3onqJ/,hotel-design;modern-architecture;modern-house;modern-villa,,topic-page sample + embed pages
lawrencewalton_,https://www.instagram.com/lawrencewalton_/,547000.0,"VERIFIED (embed page, rounded, 2026-09-25)",560.0,VERIFIED (embed page),,amalfi-coast;luxury-resort;maldives-villa;underwater-hotel,lifestyle_influencer,G lifestyle,real,ESTIMATED (profile evidence / AI-assisted cover coding),4,1001000.0,1631700.0,4500000.0,"VERIFIED per reel (public topic pages); account-level = sample of top-page reels, biased upward",1.829981718464351,8.226691042047532,0.055331995012468826,0.0003399231088944306,VERIFIED inputs (embed likes/comments + topic views); ratio computed,7.2,ESTIMATED upper bound = posts / days since earliest known post,2025-03-30,"ESTIMATED lower bound (earliest post seen, decoded from shortcode)",,,,,,,,,,,,,,,UNKNOWN (not deep-profiled),False,https://www.instagram.com/reel/DaMxFSsurc5/,amalfi-coast;luxury-resort;maldives-villa;underwater-hotel,,topic-page sample + embed pages
vishnu_xo,https://www.instagram.com/vishnu_xo/,406000.0,"VERIFIED (embed page, rounded, 2026-09-25)",468.0,VERIFIED (embed page),,biophilic-bedroom-design;luxury-bedroom;luxury-bedroom-design;luxury-dining-room;luxury-room,designer_studio,A designer/3D studio,real,ESTIMATED (profile evidence / AI-assisted cover coding),4,277500.0,372250.0,752000.0,"VERIFIED per reel (public topic pages); account-level = sample of top-page reels, biased upward",0.6834975369458127,1.8522167487684729,0.021162942416951706,0.0001908244680851064,VERIFIED inputs (embed likes/comments + topic views); ratio computed,8.2,ESTIMATED upper bound = posts / days since earliest known post,2025-08-20,"ESTIMATED lower bound (earliest post seen, decoded from shortcode)",,,,,,,,,,,,,,,UNKNOWN (not deep-profiled),False,https://www.instagram.com/reel/DNlNMXASgAS/,biophilic-bedroom-design;luxury-bedroom;luxury-bedroom-design;luxury-dining-room;luxury-room,,topic-page sample + embed pages
thehouserealty,https://www.instagram.com/thehouserealty/,265000.0,"VERIFIED (embed page, rounded, 2026-09-25)",3093.0,VERIFIED (embed page),,bali-luxury-villas-with-private-pools;bali-villa;tropical-villa,real_estate,B luxury real estate,real,ESTIMATED (profile evidence / AI-assisted cover coding),4,100450.0,788800.0,2900000.0,"VERIFIED per reel (public topic pages); account-level = sample of top-page reels, biased upward",0.3790566037735849,10.943396226415096,0.018296354679802954,0.000707218807190578,VERIFIED inputs (embed likes/comments + topic views); ratio computed,50.2,ESTIMATED upper bound = posts / days since earliest known post,2025-07-20,"ESTIMATED lower bound (earliest post seen, decoded from shortcode)",,,,,,,,,,,,,,,UNKNOWN (not deep-profiled),False,https://www.instagram.com/reel/DWbYY55k3v4/,bali-luxury-villas-with-private-pools;bali-villa;tropical-villa,,topic-page sample + embed pages
nestseekersdubai,https://www.instagram.com/nestseekersdubai/,189000.0,"VERIFIED (embed page, rounded, 2026-09-25)",557.0,VERIFIED (embed page),,dubai-luxury-penthouse;dubai-villa;luxury-apartment;luxury-villa,real_estate,B luxury real estate,real,ESTIMATED (profile evidence / AI-assisted cover coding),4,142150.0,232575.0,604000.0,"VERIFIED per reel (public topic pages); account-level = sample of top-page reels, biased upward",0.7521164021164021,3.195767195767196,0.031142226426994643,0.0006519057125707872,VERIFIED inputs (embed likes/comments + topic views); ratio computed,5.4,ESTIMATED upper bound = posts / days since earliest known post,2024-09-28,"ESTIMATED lower bound (earliest post seen, decoded from shortcode)",,,,,,,,,,,,,,,UNKNOWN (not deep-profiled),False,https://www.instagram.com/reel/DU-f5Y0CbHa/,dubai-luxury-penthouse;dubai-villa;luxury-apartment;luxury-villa,,topic-page sample + embed pages
vkuoo,https://www.instagram.com/vkuoo/,92000.0,"VERIFIED (embed page, rounded, 2026-09-25)",1246.0,VERIFIED (embed page),,ai-architecture;ai-generated-architecture-designs;architecture-design;futuristic-architecture-designs-2026;midjourney-ar,ai_creator,D/E AI creator,AI,ESTIMATED (profile evidence / AI-assisted cover coding),4,227500.0,256850.0,552000.0,"VERIFIED per reel (public topic pages); account-level = sample of top-page reels, biased upward",2.472826086956521,6.0,0.02879044869481535,0.0010362083483700228,VERIFIED inputs (embed likes/comments + topic views); ratio computed,35.7,ESTIMATED upper bound = posts / days since earliest known post,2026-01-23,"ESTIMATED lower bound (earliest post seen, decoded from shortcode)",,,,,,,,,,,,,,,UNKNOWN (not deep-profiled),False,https://www.instagram.com/reel/DYCXsDBs_Ya/,ai-architecture;ai-generated-architecture-designs;architecture-design;futuristic-architecture-designs-2026;midjourney-architecture;parametric-architecture,,topic-page sample + embed pages
realtordenisbibik,https://www.instagram.com/realtordenisbibik/,91000.0,"VERIFIED (embed page, rounded, 2026-09-25)",978.0,VERIFIED (embed page),,luxury-home-theater-ideas;luxury-master-bedroom;luxury-pool;miami-mansion;villa-with-pool,real_estate,B luxury real estate,real,ESTIMATED (profile evidence / AI-assisted cover coding),4,260500.0,269850.0,548000.0,"VERIFIED per reel (public topic pages); account-level = sample of top-page reels, biased upward",2.8626373626373627,6.021978021978022,0.03933459249084249,0.000546742277992278,VERIFIED inputs (embed likes/comments + topic views); ratio computed,14.1,ESTIMATED upper bound = posts / days since earliest known post,2025-05-26,"ESTIMATED lower bound (earliest post seen, decoded from shortcode)",,,,,,,,,,,,,,,UNKNOWN (not deep-profiled),False,https://www.instagram.com/reel/DKHkvBlOzX7/,luxury-home-theater-ideas;luxury-master-bedroom;luxury-pool;miami-mansion;villa-with-pool,,topic-page sample + embed pages
fromrawto_real,https://www.instagram.com/fromrawto_real/,40000.0,"VERIFIED (embed page, rounded, 2026-09-25)",136.0,VERIFIED (embed page),,backyard-design;garden-design;landscape-design;landscape-design-ai;outdoor-kitchen,ai_creator,D/E AI creator,AI,ESTIMATED (profile evidence / AI-assisted cover coding),4,403500.0,514750.0,1000000.0,"VERIFIED per reel (public topic pages); account-level = sample of top-page reels, biased upward",10.0875,25.0,0.015648488562091504,7.3062558356676e-05,VERIFIED inputs (embed likes/comments + topic views); ratio computed,4.5,ESTIMATED upper bound = posts / days since earliest known post,2026-02-23,"ESTIMATED lower bound (earliest post seen, decoded from shortcode)",,,,,,,,,,,,,,,UNKNOWN (not deep-profiled),False,https://www.instagram.com/reel/DVa7fIdExLh/,backyard-design;garden-design;landscape-design;landscape-design-ai;outdoor-kitchen,,topic-page sample + embed pages
ayeshadeary5,https://www.instagram.com/ayeshadeary5/,16500.0,"VERIFIED (embed page, rounded, 2026-09-25)",28.0,VERIFIED (embed page),,dream-bedroom;dream-bedrooms,theme_page,A/F theme page,AI,ESTIMATED (profile evidence / AI-assisted cover coding),4,368000.0,1291450.0,4400000.0,"VERIFIED per reel (public topic pages); account-level = sample of top-page reels, biased upward",22.581439393939394,275.0,0.09091948591517143,0.006758182580841977,VERIFIED inputs (embed likes/comments + topic views); ratio computed,0.2,ESTIMATED upper bound = posts / days since earliest known post,2024-07-29,"ESTIMATED lower bound (earliest post seen, decoded from shortcode)",,,,,,,,,,,,,,,UNKNOWN (not deep-profiled),False,https://www.instagram.com/reel/C-APLc-yI85/,dream-bedroom;dream-bedrooms,,topic-page sample + embed pages
nouxri,https://www.instagram.com/nouxri/,120000.0,"VERIFIED (embed page, rounded, 2026-09-25)",227.0,VERIFIED (embed page),,dubai-luxury;ibiza-villa;rooftop-pool,lifestyle_influencer,G lifestyle,real,ESTIMATED (profile evidence / AI-assisted cover coding),3,452000.0,2662633.3333333335,7500000.0,"VERIFIED per reel (public topic pages); account-level = sample of top-page reels, biased upward",3.7666666666666666,62.5,0.08481637168141593,0.0003064066852367688,VERIFIED inputs (embed likes/comments + topic views); ratio computed,5.0,ESTIMATED upper bound = posts / days since earliest known post,2025-11-10,"ESTIMATED lower bound (earliest post seen, decoded from shortcode)",,,,,,,,,,,,,,,UNKNOWN (not deep-profiled),False,https://www.instagram.com/reel/DQ20_hkCG1S/,dubai-luxury;ibiza-villa;rooftop-pool,,topic-page sample + embed pages
architectanddesign,https://www.instagram.com/architectanddesign/,8400000.0,"VERIFIED (embed page, rounded, 2026-09-25)",6771.0,VERIFIED (embed page),,architecture;rooftop-pool,media_publication,C/G media,real,ESTIMATED (profile evidence / AI-assisted cover coding),2,28800000.0,28800000.0,55200000.0,"VERIFIED per reel (public topic pages); account-level = sample of top-page reels, biased upward",3.592857142857143,6.9,0.07183500905797101,0.00020017210144927537,VERIFIED inputs (embed likes/comments + topic views); ratio computed,61.9,ESTIMATED upper bound = posts / days since earliest known post,2024-08-19,"ESTIMATED lower bound (earliest post seen, decoded from shortcode)",,,,,,,,,,,,,,,UNKNOWN (not deep-profiled),False,https://www.instagram.com/reel/DV3FgFVjJLx/,architecture;rooftop-pool,,topic-page sample + embed pages
swissaround,https://www.instagram.com/swissaround/,3000000.0,"VERIFIED (embed page, rounded, 2026-09-25)",660.0,VERIFIED (embed page),,swiss-chalet,lifestyle_influencer,G lifestyle,real,ESTIMATED (profile evidence / AI-assisted cover coding),2,27300000.0,27300000.0,49200000.0,"VERIFIED per reel (public topic pages); account-level = sample of top-page reels, biased upward",9.1,16.4,0.06713028455284553,0.00023327800361336946,VERIFIED inputs (embed likes/comments + topic views); ratio computed,3.2,ESTIMATED upper bound = posts / days since earliest known post,2022-10-01,"ESTIMATED lower bound (earliest post seen, decoded from shortcode)",,,,,,,,,,,,,,,UNKNOWN (not deep-profiled),False,https://www.instagram.com/reel/CjK-ec2DtzZ/,swiss-chalet,,topic-page sample + embed pages
earthfm_net,https://www.instagram.com/earthfm_net/,757000.0,"VERIFIED (embed page, rounded, 2026-09-25)",208.0,VERIFIED (embed page),,rainy-day,theme_page,A/F theme page,real,ESTIMATED (profile evidence / AI-assisted cover coding),2,35300000.0,35300000.0,58500000.0,"VERIFIED per reel (public topic pages); account-level = sample of top-page reels, biased upward",46.63143989431968,77.2787318361955,0.034486111464293284,8.630585576040122e-05,VERIFIED inputs (embed likes/comments + topic views); ratio computed,1.7,ESTIMATED upper bound = posts / days since earliest known post,2024-05-22,"ESTIMATED lower bound (earliest post seen, decoded from shortcode)",,,,,,,,,,,,,,,UNKNOWN (not deep-profiled),False,https://www.instagram.com/reel/C7gyA-OyA7m/,rainy-day,,topic-page sample + embed pages
manhwa_diablo,https://www.instagram.com/manhwa_diablo/,331000.0,"VERIFIED (embed page, rounded, 2026-09-25)",115.0,VERIFIED (embed page),,backyard-design;garden-design;landscape-design;luxury-garden,theme_page,A/F theme page,mixed,ESTIMATED (profile evidence / AI-assisted cover coding),2,39552000.0,39552000.0,78400000.0,"VERIFIED per reel (public topic pages); account-level = sample of top-page reels, biased upward",119.49244712990937,236.85800604229607,0.01927827806122449,3.98196892393321e-05,VERIFIED inputs (embed likes/comments + topic views); ratio computed,3.4,ESTIMATED upper bound = posts / days since earliest known post,2026-01-29,"ESTIMATED lower bound (earliest post seen, decoded from shortcode)",,,,,,,,,,,,,,,UNKNOWN (not deep-profiled),False,https://www.instagram.com/reel/DUFKH1-CZmG/,backyard-design;garden-design;landscape-design;luxury-garden,,topic-page sample + embed pages
clarazrd,https://www.instagram.com/clarazrd/,297000.0,"VERIFIED (embed page, rounded, 2026-09-25)",282.0,VERIFIED (embed page),,luxury-penthouse;penthouse-tour,lifestyle_influencer,G lifestyle,real,ESTIMATED (profile evidence / AI-assisted cover coding),2,36800000.0,36800000.0,72100000.0,"VERIFIED per reel (public topic pages); account-level = sample of top-page reels, biased upward",123.9057239057239,242.76094276094275,0.119631142394822,0.0003805917706888581,VERIFIED inputs (embed likes/comments + topic views); ratio computed,2.9,ESTIMATED upper bound = posts / days since earliest known post,2024-11-17,"ESTIMATED lower bound (earliest post seen, decoded from shortcode)",,,,,,,,,,,,,,,UNKNOWN (not deep-profiled),False,https://www.instagram.com/reel/DMYHlSWuqZK/,luxury-penthouse;penthouse-tour,,topic-page sample + embed pages
gautamsinghania99,https://www.instagram.com/gautamsinghania99/,12000000.0,"VERIFIED (embed page, rounded, 2026-09-25)",2067.0,VERIFIED (embed page),,real-estate,real_estate,B luxury real estate,real,ESTIMATED (profile evidence / AI-assisted cover coding),1,48700000.0,48700000.0,48700000.0,"VERIFIED per reel (public topic pages); account-level = sample of top-page reels, biased upward",4.058333333333334,4.058333333333334,4.862422997946612e-05,2.464065708418891e-07,VERIFIED inputs (embed likes/comments + topic views); ratio computed,71.3,ESTIMATED upper bound = posts / days since earliest known post,2026-03-05,"ESTIMATED lower bound (earliest post seen, decoded from shortcode)",,,,,,,,,,,,,,,UNKNOWN (not deep-profiled),False,https://www.instagram.com/reel/DVfSb-Jkk-a/,real-estate,,topic-page sample + embed pages
travelwithjaro,https://www.instagram.com/travelwithjaro/,1000000.0,"VERIFIED (embed page, rounded, 2026-09-25)",874.0,VERIFIED (embed page),,maldives-villa,lifestyle_influencer,G lifestyle,real,ESTIMATED (profile evidence / AI-assisted cover coding),1,66500000.0,66500000.0,66500000.0,"VERIFIED per reel (public topic pages); account-level = sample of top-page reels, biased upward",66.5,66.5,0.03779595488721804,0.00015215037593984963,VERIFIED inputs (embed likes/comments + topic views); ratio computed,39.7,ESTIMATED upper bound = posts / days since earliest known post,2026-04-23,"ESTIMATED lower bound (earliest post seen, decoded from shortcode)",,,,,,,,,,,,,,,UNKNOWN (not deep-profiled),False,https://www.instagram.com/reel/DXdQLKSjlH2/,maldives-villa,,topic-page sample + embed pages
cairo_ia,https://www.instagram.com/cairo_ia/,944000.0,"VERIFIED (embed page, rounded, 2026-09-25)",219.0,VERIFIED (embed page),,outdoor-living,ai_creator,D/E AI creator,AI,ESTIMATED (profile evidence / AI-assisted cover coding),1,81100000.0,81100000.0,81100000.0,"VERIFIED per reel (public topic pages); account-level = sample of top-page reels, biased upward",85.91101694915254,85.91101694915254,0.019894919852034527,5.762022194821208e-05,VERIFIED inputs (embed likes/comments + topic views); ratio computed,7.7,ESTIMATED upper bound = posts / days since earliest known post,2026-03-08,"ESTIMATED lower bound (earliest post seen, decoded from shortcode)",,,,,,,,,,,,,,,UNKNOWN (not deep-profiled),False,https://www.instagram.com/reel/DVo7prsEaRf/,outdoor-living,,topic-page sample + embed pages
sandiwara_multiverse.99,https://www.instagram.com/sandiwara_multiverse.99/,402000.0,"VERIFIED (embed page, rounded, 2026-09-25)",79.0,VERIFIED (embed page),,treehouse,ai_creator,D/E AI creator,AI,ESTIMATED (profile evidence / AI-assisted cover coding),1,85200000.0,85200000.0,85200000.0,"VERIFIED per reel (public topic pages); account-level = sample of top-page reels, biased upward",211.9402985074627,211.9402985074627,0.022865586854460093,0.0002203755868544601,VERIFIED inputs (embed likes/comments + topic views); ratio computed,8.4,ESTIMATED upper bound = posts / days since earliest known post,2026-07-20,"ESTIMATED lower bound (earliest post seen, decoded from shortcode)",,,,,,,,,,,,,,,UNKNOWN (not deep-profiled),False,https://www.instagram.com/reel/Da_rdPUj1jN/,treehouse,,topic-page sample + embed pages
interiorbyuma22,https://www.instagram.com/interiorbyuma22/,295000.0,"VERIFIED (embed page, rounded, 2026-09-25)",455.0,VERIFIED (embed page),,dream-bedroom-decor-ideas;luxury-interior-design,designer_studio,A designer/3D studio,real,ESTIMATED (profile evidence / AI-assisted cover coding),1,55500000.0,55500000.0,55500000.0,"VERIFIED per reel (public topic pages); account-level = sample of top-page reels, biased upward",188.135593220339,188.135593220339,0.05064753153153153,6.881081081081081e-05,VERIFIED inputs (embed likes/comments + topic views); ratio computed,30.3,ESTIMATED upper bound = posts / days since earliest known post,2026-06-11,"ESTIMATED lower bound (earliest post seen, decoded from shortcode)",,,,,,,,,,,,,,,UNKNOWN (not deep-profiled),False,https://www.instagram.com/reel/DZb4Qkbhr9V/,dream-bedroom-decor-ideas;luxury-interior-design,,topic-page sample + embed pages
longingtocomehome,https://www.instagram.com/longingtocomehome/,130000.0,"VERIFIED (embed page, rounded, 2026-09-25)",174.0,VERIFIED (embed page),,home-library,lifestyle_influencer,G lifestyle,real,ESTIMATED (profile evidence / AI-assisted cover coding),1,36000000.0,36000000.0,36000000.0,"VERIFIED per reel (public topic pages); account-level = sample of top-page reels, biased upward",276.9230769230769,276.9230769230769,0.06269236111111111,0.0002736388888888889,VERIFIED inputs (embed likes/comments + topic views); ratio computed,2.1,ESTIMATED upper bound = posts / days since earliest known post,2025-02-19,"ESTIMATED lower bound (earliest post seen, decoded from shortcode)",,,,,,,,,,,,,,,UNKNOWN (not deep-profiled),False,https://www.instagram.com/reel/DGQYtSbOz6S/,home-library,,topic-page sample + embed pages
kellmarcel,https://www.instagram.com/kellmarcel/,126000.0,"VERIFIED (embed page, rounded, 2026-09-25)",443.0,VERIFIED (embed page),,home-decor-ideas,lifestyle_influencer,G lifestyle,real,ESTIMATED (profile evidence / AI-assisted cover coding),1,74900000.0,74900000.0,74900000.0,"VERIFIED per reel (public topic pages); account-level = sample of top-page reels, biased upward",594.4444444444445,594.4444444444445,0.04496400534045394,7.96128170894526e-05,VERIFIED inputs (embed likes/comments + topic views); ratio computed,3.8,ESTIMATED upper bound = posts / days since earliest known post,2024-07-07,"ESTIMATED lower bound (earliest post seen, decoded from shortcode)",,,,,,,,,,,,,,,UNKNOWN (not deep-profiled),False,https://www.instagram.com/reel/C9ILALrMKjw/,home-decor-ideas,,topic-page sample + embed pages
timelessdiaries,https://www.instagram.com/timelessdiaries/,65000.0,"VERIFIED (embed page, rounded, 2026-09-25)",977.0,VERIFIED (embed page),,faroe-islands-luxury-villas,theme_page,A/F theme page,real,ESTIMATED (profile evidence / AI-assisted cover coding),1,60700000.0,60700000.0,60700000.0,"VERIFIED per reel (public topic pages); account-level = sample of top-page reels, biased upward",933.8461538461538,933.8461538461538,0.10445665568369028,,VERIFIED inputs (embed likes/comments + topic views); ratio computed,155.4,ESTIMATED upper bound = posts / days since earliest known post,2026-08-11,"ESTIMATED lower bound (earliest post seen, decoded from shortcode)",,,,,,,,,,,,,,,UNKNOWN (not deep-profiled),False,https://www.instagram.com/reel/Db52_4HxXQE/,faroe-islands-luxury-villas,,topic-page sample + embed pages
polliviva,https://www.instagram.com/polliviva/,48000.0,"VERIFIED (embed page, rounded, 2026-09-25)",264.0,VERIFIED (embed page),,ai-art,ai_creator,D/E AI creator,AI,ESTIMATED (profile evidence / AI-assisted cover coding),1,97200000.0,97200000.0,97200000.0,"VERIFIED per reel (public topic pages); account-level = sample of top-page reels, biased upward",2025.0,2025.0,0.06494920781893004,0.0001291255144032922,VERIFIED inputs (embed likes/comments + topic views); ratio computed,22.8,ESTIMATED upper bound = posts / days since earliest known post,2026-07-05,"ESTIMATED lower bound (earliest post seen, decoded from shortcode)",,,,,,,,,,,,,,,UNKNOWN (not deep-profiled),False,https://www.instagram.com/reel/Daa8AwIMNMt/,ai-art,,topic-page sample + embed pages
alshifarealtor.dxb,https://www.instagram.com/alshifarealtor.dxb/,47000.0,"VERIFIED (embed page, rounded, 2026-09-25)",115.0,VERIFIED (embed page),,dubai-villa,real_estate,B luxury real estate,real,ESTIMATED (profile evidence / AI-assisted cover coding),1,54300000.0,54300000.0,54300000.0,"VERIFIED per reel (public topic pages); account-level = sample of top-page reels, biased upward",1155.3191489361702,1155.3191489361702,0.056764217311233885,0.0003958747697974217,VERIFIED inputs (embed likes/comments + topic views); ratio computed,67.1,ESTIMATED upper bound = posts / days since earliest known post,2026-09-12,"ESTIMATED lower bound (earliest post seen, decoded from shortcode)",,,,,,,,,,,,,,,UNKNOWN (not deep-profiled),False,https://www.instagram.com/reel/DdMPxaloS3f/,dubai-villa,,topic-page sample + embed pages
ai.poly_,https://www.instagram.com/ai.poly_/,14000.0,"VERIFIED (embed page, rounded, 2026-09-25)",30.0,VERIFIED (embed page),,ai-art,ai_creator,D/E AI creator,AI,ESTIMATED (profile evidence / AI-assisted cover coding),1,147000000.0,147000000.0,147000000.0,"VERIFIED per reel (public topic pages); account-level = sample of top-page reels, biased upward",10500.0,10500.0,0.027757877551020407,3.4244897959183674e-05,VERIFIED inputs (embed likes/comments + topic views); ratio computed,1.7,ESTIMATED upper bound = posts / days since earliest known post,2026-05-22,"ESTIMATED lower bound (earliest post seen, decoded from shortcode)",,,,,,,,,,,,,,,UNKNOWN (not deep-profiled),False,https://www.instagram.com/reel/DYoyUS9NlAr/,ai-art,,topic-page sample + embed pages
natural_._scenery,https://www.instagram.com/natural_._scenery/,,UNKNOWN,,UNKNOWN,,cozy-rain;rain-cozy,theme_page,A/F theme page,real,ESTIMATED (profile evidence / AI-assisted cover coding),1,74100000.0,74100000.0,74100000.0,"VERIFIED per reel (public topic pages); account-level = sample of top-page reels, biased upward",,,0.11875843454790823,0.0003805668016194332,VERIFIED inputs (embed likes/comments + topic views); ratio computed,,UNKNOWN,2025-04-06,"ESTIMATED lower bound (earliest post seen, decoded from shortcode)",,,,,,,,,,,,,,,UNKNOWN (not deep-profiled),False,https://www.instagram.com/reel/DIHSUx1PJ8j/,cozy-rain;rain-cozy,,topic-page sample + embed pages
shellychicboutique,https://www.instagram.com/shellychicboutique/,,UNKNOWN,,UNKNOWN,,home-decor-ideas,,other,unknown,UNKNOWN,1,77200000.0,77200000.0,77200000.0,"VERIFIED per reel (public topic pages); account-level = sample of top-page reels, biased upward",,,,,VERIFIED inputs (embed likes/comments + topic views); ratio computed,,UNKNOWN,2026-02-26,"ESTIMATED lower bound (earliest post seen, decoded from shortcode)",,,,,,,,,,,,,,,UNKNOWN (not deep-profiled),False,https://www.instagram.com/reel/DVOBGNPERF3/,home-decor-ideas,,topic-page sample + embed pages
luxuriatetouche,https://www.instagram.com/luxuriatetouche/,4000000.0,THIRD-PARTY (4M (Projektdaten); https://www.instagram.com/reel/DI9Q70Uo8fB/),,,,"9.7M Views (2025-04-27, Projektdaten)",,luxury interiors theme page,,UNKNOWN,0,,,,,,,,,,,,,,,,,,,,,,,,,,,,UNKNOWN (not deep-profiled),False,,,,
ti.fu,https://www.instagram.com/ti.fu/,,UNKNOWN,,,,Wachstum von wenigen Hundert auf 100K+ in <1 Jahr; Kurs 150 EUR,,"AI architecture creator (Tim Fu, named, not faceless)",,UNKNOWN,0,,,,,,,,,,,,,,,,,,,,,,,,,,,,UNKNOWN (not deep-profiled),False,,,,
kohlectcabins,https://www.instagram.com/kohlectcabins/,,UNKNOWN,,,,23.8M (2024-07-20) vs. 70.6K (2026-01-18) laut Projektdaten,,cabin theme page (AI),,UNKNOWN,0,,,,,,,,,,,,,,,,,,,,,,,,,,,,UNKNOWN (not deep-profiled),False,,,,
