shortcode,handle,views,views_text,topics,caption,url,source,topic_index,topic_pct,n_topics,topic_groups,primary_group,posted_at_utc,post_year,age_days,post_hour_utc,post_weekday,meta_status,visual_status,media_type,followers_text,followers_at_fetch,posts_at_fetch,likes,comments,caption_len,caption_hashtags,caption_has_question,caption_emojis,caption_mentions,caption_link_hint,caption_comment_cta,caption_full,coder,source_file,room_primary,building_type,landscape,style_primary,style_secondary,palette_temp,brightness,lighting,view_through_window,people_present,cover_text,realism,production,production_evidence,shoppability,visual_quality,notable,caption_hook_category,caption_first_line,cta_type,location_claimed,price_claimed,ai_disclosed,account_kind_hint,language,rooms_visible,dominant_colors,materials,ambience_fx,cover_hooks,followers,followers_source,vpf,tier,likes_per_view,comments_per_view,comments_per_like,views_per_day,adj_resid,adj_factor,location,location_from_topic,location_any,status_views,status_followers,status_codes,caption_len_bucket,hashtag_bucket,follower_bucket,acct_pct,acct_rel,class
C_Pf1dboaeJ,siyad_abdali,282000000.0,282M,dream-room,,https://www.instagram.com/reel/C_Pf1dboaeJ/,https://www.instagram.com/popular/dream-room/,80.57142857142857,1.0,1,fantasy_dream,fantasy_dream,2024-08-29T05:30:05.840000+00:00,2024,756,5,Thu,ok,ok,reel,,,,12000000.0,28800.0,0,0,False,0,0,False,False,,cover-v2,cover_pilot_000.json,bedroom,apartment,city_skyline,warm_luxury,,warm,medium,night_artificial,True,False,,stylized_dreamy,ai_generated,"AI-typical look: garbled laptop screen and smeared picture-frame contents, too-perfect glowing plush surfaces; caption not shown so no disclosure",medium,high,"Two-level loft bedroom with a fairy-lit round nest bed below and a raised bed above, both facing a rainy night city skyline, reads as an instant cozy-dream fantasy.",none,,none,,,False,other,,bedroom,beige;white;brown;black,fabric;glass;wood,rain;city_lights,bed_focus;view_reveal;unusual_architecture,4000000.0,embed_account_lookup,70.5,5_EXTREME_OUTLIER,0.0425531914893617,0.00010212765957446809,0.0024,373015.873015873,1.9979231205561216,99.52292248252195,,,,"VERIFIED (public topic page, rounded)","VERIFIED (public embed, rounded, at fetch)",ESTIMATED (AI-assisted coding of cover frame + caption),0,0,1M+,1.0,61.97802197802198,top10
C9SiQc8S9xq,siyad_abdali,109000000.0,109M,modern-living-room,,https://www.instagram.com/reel/C9SiQc8S9xq/,https://www.instagram.com/popular/modern-living-room/,288.35978835978835,1.0,1,room_generic,room_generic,2024-07-11T16:46:11.537000+00:00,2024,805,16,Thu,ok,ok,reel,4M followers,4000000.0,2110.0,6703077.0,,0,0,False,0,0,False,False,,cover-v2-embed,cover_q1_005.json,living_room,penthouse,city_skyline,glam_feminine,classical_luxury,cool,medium,night_artificial,True,False,,stylized_dreamy,ai_generated,"typical AI artifacts: melted/garbled forms on the left chair and upper mezzanine furniture, floating purple fairy-light dots, illogical ceiling geometry; account's other coded reels are AI",low,high,"Double-height white tufted-glam penthouse with crystal chandelier, floating staircase, snow falling over night city lights and Tom and Jerry on the TV is a maximal dream-home fantasy.",none,,none,,,False,ai_creator,,living_room;stairs_hall;kitchen,white;cream;black;purple,glass;fabric;leather;metal;marble,snow;city_lights,dramatic_scale;view_reveal,4000000.0,embed_reel,27.25,5_EXTREME_OUTLIER,0.06149611926605505,,,135403.72670807454,2.0672283612061397,116.74233115204962,,,,"VERIFIED (public topic page, rounded)","VERIFIED (public embed, rounded, at fetch)",ESTIMATED (AI-assisted coding of cover frame + caption),0,0,1M+,0.8333333333333334,23.956043956043956,middle
DHBihXfMPDA,aiforarchitects,34700000.0,34.7M,luxury-mansion,Mansion in Dubai: Experience ultra-modern elegance and unparalleled luxury with our black concept design. By @aiforarchitects 🖤🏡 #DubaiLuxury #UltraLu,https://www.instagram.com/reel/DHBihXfMPDA/,https://www.instagram.com/popular/luxury-mansion/,30.17391304347826,1.0,1,luxury_home,luxury_home,2025-03-10T15:35:21.239000+00:00,2025,563,15,Mon,ok,ok,reel,1M followers,1000000.0,513.0,2890573.0,9506.0,174,3,False,2,1,False,False,Mansion in Dubai: Experience ultra-modern elegance and unparalleled luxury with our black concept design. By @aiforarchitects 🖤🏡 #DubaiLuxury #UltraLuxuryLiving #BlackConcept,cover-v2-embed,cover_r00_011.json,exterior_facade,mansion,city_skyline,dark_luxury,modern_luxury,warm,medium,golden_hour,False,False,,aspirational_realistic,ai_generated,"account is aiforarchitects; over-smooth render look, illegible garbled license plate, idealized sunset lighting typical of AI imagery (caption itself does not state AI)",low,high,Black cantilevered modernist mansion with LED-lit edges at sunset and a black Porsche in the driveway reads as instant status/luxury imagery.,location,Mansion in Dubai: Experience ultra-modern elegance and unparalleled luxury with our black concept design. By @aiforarchi,none,Dubai,,False,ai_creator,en,exterior_facade;pool;garden_landscape;terrace_outdoor,black;grey;gold;green,glass;metal;natural_stone;wood;plants;water,none,exterior_reveal;pool;dramatic_scale,1000000.0,embed_reel,34.7,5_EXTREME_OUTLIER,0.08330181556195966,0.00027394812680115273,0.0032886213217932915,61634.10301953819,1.6774544750664517,47.583290917385895,Dubai/UAE,,Dubai/UAE,"VERIFIED (public topic page, rounded)","VERIFIED (public embed, rounded, at fetch)",ESTIMATED (AI-assisted coding of cover frame + caption),151-400,1-3,500k-1M,1.0,17.35,top10
DNS1_gYMh2a,sunt_mrr,24500000.0,24.5M,bali-luxury-villas-with-private-pools,Luxury Ubud infinity villa . . . . . . . . . . . . . #midjourney #mariadudkina #luxuryinteriors #villa #bali #houses,https://www.instagram.com/reel/DNS1_gYMh2a/,https://www.instagram.com/popular/bali-luxury-villas-with-private-pools/,54.203539823008846,1.0,1,location,location,2025-08-13T12:00:56.841000+00:00,2025,407,12,Wed,ok,ok,reel,2M followers,2000000.0,728.0,1562489.0,4751.0,118,6,False,0,0,False,False,Luxury Ubud infinity villa . . . . . . . . . . . . . . #midjourney #mariadudkina #luxuryinteriors #villa #bali #houses,cover-v2-embed,cover_r01_019.json,pool,villa,jungle_tropical,tropical,modern_luxury,neutral,bright,golden_hour,False,False,,stylized_dreamy,ai_generated,"caption hashtag #midjourney; idealized too-perfect composition of pool, mist and rice terraces",low,high,A circular black-stone infinity pool cantilevered over misty Bali rice terraces at sunrise.,descriptive,Luxury Ubud infinity villa,none,"Ubud, Bali",,True,ai_creator,en,pool;terrace_outdoor;exterior_facade,green;black;blue;peach,natural_stone;water;wood;glass;plants,fog,pool;view_reveal;unusual_architecture,2000000.0,embed_reel,12.25,4_VIRAL,0.0637750612244898,0.00019391836734693877,0.0030406614062563,60196.560196560196,0.806210819049336,6.400454565824739,Bali/Indonesia,Bali/Indonesia,Bali/Indonesia,"VERIFIED (public topic page, rounded)","VERIFIED (public embed, rounded, at fetch)",ESTIMATED (AI-assisted coding of cover frame + caption),51-150,4-10,1M+,1.0,8.448275862068966,top10
DW4-fMTiB96,elitebuildhq,24000000.0,24M,modern-architecture,The Evolution of Luxury: The Living Garden Garage. 🌿🏎️ Witness the seamless blend of mode,https://www.instagram.com/reel/DW4-fMTiB96/,https://www.instagram.com/popular/modern-architecture/,8.135593220338983,0.9166666666666666,1,architecture,architecture,2026-04-09T00:08:51.968000+00:00,2026,168,0,Thu,ok,ok,reel,2M followers,2000000.0,317.0,311859.0,367.0,734,0,True,2,0,False,True,"The Evolution of Luxury: The Living Garden Garage. 🌿🏎️ Witness the seamless blend of modern architecture and nature. This million-dollar garden garage isn't just a structure; it's a masterpiece built from living plants, designed to house the world's most elite machinery. Precision engineering meets organic beauty. From the crane-assisted installation to the perfectly manicured aesthetics, this is where high-end design reaches its peak. Would you park your collection here? Global Audience & Distribution: This content is curated for a premium audience and is currently trending across major international hubs, specifically tailored for viewers and enthusiasts in: • United States 🇺🇸 • United Kingdom 🇬🇧 • Canada 🇨🇦 • Australia 🇦🇺",cover-v2-embed,cover_r07_087.json,garden_landscape,unusual_structure,none,modern_luxury,minimalist,neutral,bright,daylight,False,False,,stylized_dreamy,ai_generated,"warped, inconsistent frame lines on the transparent structure, crane straps attach illogically, over-perfect lawn stripes; caption hype ('built from living plants') matches AI slop pattern",low,medium,A transparent glass-and-steel garage shell hangs from yellow crane straps above a paved pad framed by boxwood hedges in front of a concrete modernist villa.,aspirational,The Evolution of Luxury: The Living Garden Garage. 🌿🏎️,question_engagement,,million-dollar,False,theme_page,en,garden_landscape;exterior_facade,green;grey;white;yellow,glass;metal;concrete;natural_stone;plants,none,unusual_architecture;exterior_reveal,2000000.0,embed_reel,12.0,4_VIRAL,0.012994125,1.5291666666666668e-05,0.0011768138806319522,142857.14285714287,0.5363684706097986,3.4384955815316576,,,,"VERIFIED (public topic page, rounded)","VERIFIED (public embed, rounded, at fetch)",ESTIMATED (AI-assisted coding of cover frame + caption),401-1000,0,1M+,1.0,6.0,top10
DQ4OUB3Di0Y,wayup_media,22700000.0,22.7M,luxury-homes,"BOOM 💥 Dream home unlocked. This luxury build has a front courtyard and water features leading up to the entrance. The backyard has a sports court, so",https://www.instagram.com/reel/DQ4OUB3Di0Y/,https://www.instagram.com/popular/luxury-homes/,53.983353151010704,1.0,1,luxury_home,luxury_home,2025-11-10T13:59:32.807000+00:00,2025,318,13,Mon,ok,ok,reel,941K followers,941000.0,3170.0,1953917.0,5811.0,364,4,True,1,4,False,False,"BOOM 💥 Dream home unlocked. This luxury build has a front courtyard and water features leading up to the entrance. The backyard has a sports court, soccer field, and pool. Who are you inviting over?  Home Architect: @azdarchitects Builder: @cdpaarchitects Landscape Design: @imaginedesignandbuild Landscape Products: @techobloc  #luxury #homes #backyard #dreamlife",cover-v2-embed,cover_r07_085.json,exterior_facade,mansion,none,modern_luxury,,cool,medium,blue_hour,False,True,,real_existing,real_footage,"real handheld footage: woman walking, wet reflective pavement, natural dusk sky with warm interior and landscape lighting",low,high,"Woman in black walks across a wet stone courtyard toward a glowing glass-and-stone modern mansion at dusk, a classic POV arrival shot.",aspirational,BOOM 💥 Dream home unlocked. This luxury build has a front courtyard and water features leading up to the entrance. The b,question_engagement,,,False,media_publication,en,exterior_facade;terrace_outdoor;garden_landscape,grey;blue;beige;black,natural_stone;glass;concrete;metal;plants,none,person;exterior_reveal,941000.0,embed_reel,24.12327311370882,5_EXTREME_OUTLIER,0.08607563876651983,0.00025599118942731277,0.0029740260205525617,71383.64779874214,1.3700546074359088,23.445235931227355,,,,"VERIFIED (public topic page, rounded)","VERIFIED (public embed, rounded, at fetch)",ESTIMATED (AI-assisted coding of cover frame + caption),151-400,4-10,500k-1M,1.0,7.442622950819672,top10
DXC3fVijoEN,elitebuildhq,17300000.0,17.3M,underground-house,"The Ultimate Secret Underground Oasis 🌊💎 . Experience the future of sustainable luxury. Step inside this breathtaking underground container home, wher",https://www.instagram.com/reel/DXC3fVijoEN/,https://www.instagram.com/popular/underground-house/,15.592609283461018,1.0,1,unusual_home,unusual_home,2026-04-12T20:20:07.454000+00:00,2026,165,20,Sun,ok,ok,reel,2M followers,2000000.0,317.0,609014.0,2338.0,907,0,True,2,0,False,True,"The Ultimate Secret Underground Oasis 🌊💎 . Experience the future of sustainable luxury. Step inside this breathtaking underground container home, where architectural innovation meets ultimate serenity. Featuring a stunning subterranean swimming pool and a sleek, minimalist interior, this space redefines what's possible with modern engineering. Whether you're looking for a private sanctuary or a high-tech bunker, this design is the pinnacle of cozy sophistication. What do you think of this underwater view? Would you live here? Let us know in the comments! . Global Luxury Concepts & Architecture Trends Inspired by the architectural excellence seen in the United States, Canada, and the United Kingdom. This design reflects the growing demand for innovative living spaces across Australia, Germany, and France. Proudly showcasing modern aesthetics for our viewers in Switzerland, Norway, and Singapore.",cover-v2-embed,cover_r05_063.json,pool,house,none,modern_luxury,warm_luxury,warm,medium,blue_hour,False,False,,aspirational_realistic,ai_generated,"smeared, blurry floating shapes in the foreground and over-perfect uniform LED/string lighting typical of AI video; caption describes an underground container home that does not match the backyard pool shown",medium,high,Drone-style top-down view of a glowing hexagonal pool framed by an LED-edged timber deck with a fire-pit lounge at dusk; the geometric shape and warm edge glow stop the scroll.,curiosity,The Ultimate Secret Underground Oasis 🌊💎,question_engagement,,,False,theme_page,en,pool;terrace_outdoor;garden_landscape;exterior_facade,brown;blue;green;white,wood;water;plants;fabric;fire,fireplace,pool;dramatic_scale,2000000.0,embed_reel,8.65,4_VIRAL,0.03520312138728324,0.00013514450867052022,0.0038389922070756993,104848.48484848485,0.927640154806109,8.465257141266978,,,,"VERIFIED (public topic page, rounded)","VERIFIED (public embed, rounded, at fetch)",ESTIMATED (AI-assisted coding of cover frame + caption),401-1000,0,1M+,0.8333333333333334,4.325,middle
DVGl8ltDtL_,wayup_media,10200000.0,10.2M,real-estate,"This answer says more about your marriage than you might think 😂 Tag her to see if you got it right. One home gives full luxury castle vibes, the next",https://www.instagram.com/reel/DVGl8ltDtL_/,https://www.instagram.com/popular/real-estate/,92.05776173285199,0.9166666666666666,1,real_estate,real_estate,2026-02-23T14:01:00.339000+00:00,2026,213,14,Mon,ok,ok,reel,942K followers,942000.0,3170.0,134493.0,10077.0,267,4,False,1,0,False,False,"This answer says more about your marriage than you might think 😂 Tag her to see if you got it right.  One home gives full luxury castle vibes, the next feels like a modern resort, and the third is a cozy cabin tucked into nature.  #luxury #realestate #mansion #houses",cover-v2-embed,cover_q3_015.json,exterior_facade,mansion,none,classical_luxury,,neutral,medium,blue_hour,False,False,"If you really know your wife, which house is she choosing?",real_existing,real_footage,real camera footage of a real estate driveway at dusk with natural sky gradient,low,high,"A symmetrical shot down a long paved driveway through iron gates to a lit French chateau-style mansion at dusk, with a which-house quiz overlay.",choice,This answer says more about your marriage than you might think 😂 Tag her to see if you got it right.,tag_friend,,,False,media_publication,en,exterior_facade;garden_landscape,grey;white;green;blue,natural_stone;metal;plants,none,text_overlay;exterior_reveal;dramatic_scale,942000.0,embed_reel,10.828025477707007,4_VIRAL,0.013185588235294117,0.0009879411764705881,0.07492583257121188,47887.32394366197,1.1408060253739525,13.82948556602947,,,,"VERIFIED (public topic page, rounded)","VERIFIED (public embed, rounded, at fetch)",ESTIMATED (AI-assisted coding of cover frame + caption),151-400,4-10,500k-1M,0.9166666666666666,3.3442622950819674,top10
ClqxD0UjSbJ,wayup_media,9800000.0,9.8M,luxury-real-estate,Would you live here?? Sneak peak into a magnificent property we shot yesterday 🥂 Builder: @lamarcohomes Architect: @martinisamartinodesigngroup Design,https://www.instagram.com/reel/ClqxD0UjSbJ/,https://www.instagram.com/popular/luxury-real-estate/,8.757819481680071,1.0,1,luxury_home,luxury_home,2022-12-02T14:03:51.170000+00:00,2022,1392,14,Fri,ok,ok,reel,942K followers,942000.0,3170.0,645104.0,1455.0,302,9,True,1,4,False,True,Would you live here?? Sneak peak into a magnificent property we shot yesterday 🥂  Builder: @lamarcohomes Architect: @martinisamartinodesigngroup Designer: @artharrison_4339 Landscape Architect: @mosher_design  #luxury #luxurylifestyle #realestate #home #mansion #interiordesign #style #classy #michigan,cover-v2-embed,cover_r06_068.json,exterior_facade,mansion,none,modern_luxury,organic_modern,neutral,medium,blue_hour,False,False,,real_existing,real_footage,"real gimbal/camera footage of a finished house; caption credits builder, architect, designer and says 'we shot yesterday'",low,high,"Dusk exterior of a prairie-modern mansion with stacked stone, cedar cladding and glowing floor-to-ceiling windows revealing an interior staircase, framed by manicured plantings and a cobblestone drive.",question,Would you live here?? Sneak peak into a magnificent property we shot yesterday 🥂,question_engagement,Michigan,,False,media_publication,en,exterior_facade;garden_landscape;stairs_hall,blue;beige;brown;green,natural_stone;wood;glass;metal;plants,none,exterior_reveal,942000.0,embed_reel,10.40339702760085,4_VIRAL,0.0658269387755102,0.00014846938775510204,0.0022554502839852177,7040.229885057472,0.4959840750092671,3.1331708330761714,Other,,Other,"VERIFIED (public topic page, rounded)","VERIFIED (public embed, rounded, at fetch)",ESTIMATED (AI-assisted coding of cover frame + caption),151-400,4-10,500k-1M,0.8333333333333334,3.2131147540983607,middle
Coh1BTUD6jx,wayup_media,8200000.0,8.2M,luxury-real-estate,How much is this home is worth?? Architect: @azdarchitects #luxuryhomes #luxurylifestyle #realestate #cool #luxury #wealth #money,https://www.instagram.com/reel/Coh1BTUD6jx/,https://www.instagram.com/popular/luxury-real-estate/,7.327971403038427,0.9166666666666666,1,luxury_home,luxury_home,2023-02-11T16:19:28.769000+00:00,2023,1321,16,Sat,ok,ok,reel,941K followers,941000.0,3170.0,444538.0,1409.0,131,7,True,0,1,False,False,How much is this home is worth??  Architect: @azdarchitects  #luxuryhomes #luxurylifestyle #realestate #cool #luxury #wealth #money,cover-v2-embed,cover_r03_037.json,exterior_facade,mansion,none,modern_luxury,,neutral,medium,blue_hour,False,True,,real_existing,real_footage,"handheld phone footage of real house at dusk, woman walking down stairs, natural camera look",low,high,Glowing two-storey glass facade of a modern house at blue hour with a woman descending the stairs gives an instant exterior reveal.,question,How much is this home is worth??,question_engagement,,,False,theme_page,en,exterior_facade;garden_landscape;terrace_outdoor,blue;beige;black;green,glass;natural_stone;wood;metal;plants,none,exterior_reveal;person;dramatic_scale,941000.0,embed_reel,8.71413390010627,4_VIRAL,0.054211951219512194,0.00017182926829268294,0.0031695828028200064,6207.4186222558665,0.4187875890722025,2.6229353670436923,,,,"VERIFIED (public topic page, rounded)","VERIFIED (public embed, rounded, at fetch)",ESTIMATED (AI-assisted coding of cover frame + caption),51-150,4-10,500k-1M,0.75,2.6885245901639343,middle
DOHJ3rMgVna,luxurydreamhub,8200000.0,8.2M,luxury-kitchen-design,"Kitchen goals! ✨ This stunning, crystal-like island is a true work of art, blend",https://www.instagram.com/reel/DOHJ3rMgVna/,https://www.instagram.com/popular/luxury-kitchen-design/,13.19388576025744,1.0,1,luxury_room,luxury_room,2025-09-02T19:35:08.914000+00:00,2025,387,19,Tue,ok,ok,reel,1M followers,1000000.0,1144.0,302023.0,3062.0,242,10,False,3,0,False,False,"Kitchen goals! ✨ This stunning, crystal-like island is a true work of art, blending nature's beauty with modern design. 💎🌸  #LuxuryKitchen #InteriorDesign #DreamHome #ModernDesign #Crystal #CherryBlossom #Aesthetic #HomeInspo #Viral #Trending",cover-v2-embed,cover_r12_146.json,kitchen,apartment,none,modern_luxury,warm_luxury,warm,medium,mixed,False,False,,stylized_dreamy,ai_generated,"typical AI artifacts: amorphous glowing crystal block, odd pendant fixture on twisted cord, over-smoothed details; no AI disclosure",medium,high,Backlit crystal-block kitchen island with cherry-blossom vases and leather stools: an eye-catching is-it-real statement piece.,aspirational,"Kitchen goals! ✨ This stunning, crystal-like island is a true work of art, blending nature's beauty with modern design.",none,,,False,theme_page,en,kitchen;dining;living_room,beige;black;pink;brown,glass;wood;marble;leather;metal;plants,none,none,1000000.0,embed_reel,8.2,4_VIRAL,0.036832073170731706,0.0003734146341463415,0.01013830072544144,21188.63049095607,0.6906982519097995,4.905669115039811,,,,"VERIFIED (public topic page, rounded)","VERIFIED (public embed, rounded, at fetch)",ESTIMATED (AI-assisted coding of cover frame + caption),151-400,4-10,500k-1M,1.0,9.441565918249855,top10
DG-dfDMMxzF,sunt_mrr,6800000.0,6.8M,cliff-house,Villa in the rock with a dream view . . . . . . . . . . . . . #midjourney,https://www.instagram.com/reel/DG-dfDMMxzF/,https://www.instagram.com/popular/cliff-house/,370.5722070844687,1.0,1,unusual_home,unusual_home,2025-03-09T10:53:37.521000+00:00,2025,564,10,Sun,ok,ok,reel,2M followers,2000000.0,728.0,147260.0,1884.0,185,10,False,0,0,False,False,Villa in the rock with a dream view . . . . . . . . . . . . . . #midjourney #mansion #bedroomdesign #interior #diseñointeriores #mariadudkina #luxuryinteriors #homedesign #houses #villa,cover-v2-embed,cover_r02_022.json,pool,villa,cliff,mediterranean,minimalist,cool,bright,daylight,False,False,,stylized_dreamy,ai_generated,caption hashtag #midjourney; idealized cliff-overhang villa with unsupported cantilevered pool,low,high,A turquoise infinity pool cantilevered off a sheer sea cliff beneath a rock overhang villa above deep blue water.,descriptive,Villa in the rock with a dream view,none,,,True,ai_creator,en,pool;terrace_outdoor;bedroom,blue;beige;white;grey,natural_stone;concrete;water;wood;fabric;glass;plants,none,pool;unusual_architecture;dramatic_scale;exterior_reveal,2000000.0,embed_reel,3.4,3_VERY_GOOD,0.021655882352941178,0.00027705882352941177,0.012793698220833899,12056.737588652482,1.5250833593518696,33.50297392652258,,,,"VERIFIED (public topic page, rounded)","VERIFIED (public embed, rounded, at fetch)",ESTIMATED (AI-assisted coding of cover frame + caption),151-400,4-10,1M+,0.8888888888888888,2.3448275862068964,middle
DBvoA6IIZqo,theluxuryhomeshow,5800000.0,5.8M,miami-mansion,"What $48,000,000 Buys You in Fort Lauderdale, Florida 🇺🇸 Full episode coming to our Y",https://www.instagram.com/reel/DBvoA6IIZqo/,https://www.instagram.com/popular/miami-mansion/,118.60940695296523,1.0,1,location,location,2024-10-30T10:00:03.049000+00:00,2024,694,10,Wed,ok,ok,reel,2M followers,2000000.0,2361.0,,1761.0,300,7,False,1,3,False,False,"What $48,000,000 Buys You in Fort Lauderdale, Florida 🇺🇸  Full episode coming to our YouTube channel soon.  Thanks @realorendagan & @crewzzofficial for showing us around 🙌  Listed for sale with @rick_teed  #luxurylifestyle #theluxuryhomeshow #miami #luxuryhomes #mansionhouse #mansiontour #housetours",cover-v2-embed,cover_r09_108.json,exterior_facade,mansion,none,dark_luxury,modern_luxury,neutral,medium,overcast_rain,False,True,,real_existing,real_footage,handheld real footage of a presenter in front of the house under an overcast sky,low,medium,Host with arms spread presents a black-marble-clad modern mansion with glass garage door on a grass-jointed stone driveway.,money,"What $48,000,000 Buys You in Fort Lauderdale, Florida 🇺🇸",none,"Fort Lauderdale, Florida","$48,000,000",False,media_publication,en,exterior_facade,black;grey;green;brown,marble;glass;wood;natural_stone;plants;metal,none,person;exterior_reveal,2000000.0,embed_reel,2.9,3_VERY_GOOD,,0.00030362068965517243,,8357.34870317003,1.3954884434587203,24.859274130193064,Miami/Florida,Miami/Florida,Miami/Florida,"VERIFIED (public topic page, rounded)","VERIFIED (public embed, rounded, at fetch)",ESTIMATED (AI-assisted coding of cover frame + caption),151-400,4-10,1M+,1.0,28.712871287128714,top10
DBzntoio6aS,divaa.finds,5800000.0,5.8M,dream-bedroom-decor-ideas,"✨ Welcome to My Dreamy Bedroom! ✨ Here's how I've transformed my space into a cozy, stylish sanctuary: 🌸 Elegant Decor: Soft colors and chic wall art",https://www.instagram.com/reel/DBzntoio6aS/,https://www.instagram.com/popular/dream-bedroom-decor-ideas/,7.388535031847134,0.8333333333333334,1,luxury_room,luxury_room,2024-10-31T23:14:22.878000+00:00,2024,693,23,Thu,ok,ok,reel,764K followers,764000.0,1203.0,201355.0,828.0,986,30,False,10,0,True,False,"✨ Welcome to My Dreamy Bedroom! ✨ Here's how I've transformed my space into a cozy, stylish sanctuary:  🌸 Elegant Decor: Soft colors and chic wall art create a calming, luxurious atmosphere—perfect for adding that dreamy bedroom decor vibe.  🛏️ Modern Furniture: Sleek bed and side tables keep the room looking sophisticated and organized. A must for anyone into modern bedroom setups!  💡 Ambient Lighting: Warm, soft lighting sets a peaceful mood, turning the space into a cozy haven.  If you love bedroom inspiration and interior design for women, follow for more dreamy decor ideas and tips! 💖✨  Link in bio or write shop in comments for links💅🧚‍♀️  Tags: #bedroom #interiordesign #homedecor #bedroomdecor #interior #home #bed #furniture #livingroom #design #bedroomdesign #decor #bedroominspo #kitchen #interiors #homedesign #bedroomideas #sofa #bedding #architecture #homesweethome #decoration #luxury #furnituredesign #love #interiordesigner #art #interiordecor #bedroomgoals #usa",cover-v2-embed,cover_r08_093.json,bedroom,none_visible,none,glam_feminine,,warm,medium,mixed,False,False,,real_existing,real_footage,"real handheld footage of an actual room seen through a door frame, real product labels (WELLPUR pillow), fairy lights and slight lens softness",high,high,"Pastel pink-lilac glam bedroom peeked at through a doorway: channel-tufted headboard, purple velvet cushions, gold-framed art, fairy lights and a boucle vanity chair, all very shoppable.",descriptive,"✨ Welcome to My Dreamy Bedroom! ✨ Here's how I've transformed my space into a cozy, stylish sanctuary:",comment_keyword,,,False,lifestyle_influencer,en,bedroom,pink;white;purple;gold,fabric;metal;glass;wood,none,bed_focus;door_or_threshold,764000.0,embed_reel,7.591623036649215,4_VIRAL,0.034716379310344825,0.00014275862068965518,0.004112140249807554,8369.40836940837,0.4476884791150537,2.8034220125757554,,,,"VERIFIED (public topic page, rounded)","VERIFIED (public embed, rounded, at fetch)",ESTIMATED (AI-assisted coding of cover frame + caption),401-1000,21+,500k-1M,1.0,3.8666666666666667,top10
C_fqAjaMNIJ,sunt_mrr,5400000.0,5.4M,ai-generated-house;future-house;futuristic-houses,Musician Dream House . Collaboration @ti.fu & @sunt_mrr . . . . . . . . #music #aiarchitec,https://www.instagram.com/reel/C_fqAjaMNIJ/,https://www.instagram.com/popular/future-house/,136.70886075949366,1.0,3,ai;future_arch,ai,2024-09-04T12:06:50.509000+00:00,2024,750,12,Wed,ok,ok,reel,2M followers,2000000.0,728.0,330157.0,2267.0,280,16,False,0,2,False,False,Musician Dream House . Collaboration @ti.fu & @sunt_mrr . . . . . . . . #music #aiarchitecture #ai #midjourney #midjourneyarchitecture #parametric #architecture #futuristic #architecturephotography #interiordesign #luxuryhomes #interior #luxuryinteriors #homedesign #homes #houses,cover-v2-embed,cover_r06_078.json,exterior_facade,unusual_structure,forest,futuristic,organic_modern,neutral,medium,blue_hour,False,False,,fantasy_impossible,ai_generated,caption tags #ai #midjourney #midjourneyarchitecture; illegible sign lettering over the door and surreal guitar-shaped massing,low,high,"A white house shaped like an electric guitar, neck rising as a tower, glowing at dusk in a forest clearing; instant novelty.",fantasy,Musician Dream House,none,,,True,ai_creator,en,exterior_facade;living_room;garden_landscape,white;green;grey;gold,glass;plaster;metal;plants,none,exterior_reveal;unusual_architecture;dramatic_scale,2000000.0,embed_reel,2.7,3_VERY_GOOD,0.061140185185185186,0.0004198148148148148,0.006866430213504484,7200.0,0.8286336962611442,6.739593399113457,,,,"VERIFIED (public topic page, rounded)","VERIFIED (public embed, rounded, at fetch)",ESTIMATED (AI-assisted coding of cover frame + caption),151-400,11-20,1M+,0.7777777777777778,1.8620689655172413,middle
C7PFB2NIp-e,beautifulhotels,5400000.0,5.4M,dubai-luxury,@kamashrafi might have found Dubai's best viewpoint! 🇦🇪 The luxury Address Skyview Hotel is home to t,https://www.instagram.com/reel/C7PFB2NIp-e/,https://www.instagram.com/popular/dubai-luxury/,1.4594594594594594,0.9166666666666666,1,location,location,2024-05-21T15:30:16.947000+00:00,2024,856,15,Tue,ok,ok,reel,6M followers,6000000.0,9121.0,409692.0,1466.0,441,2,True,6,3,False,False,"@kamashrafi might have found Dubai's best viewpoint! 🇦🇪  The luxury Address Skyview Hotel is home to the world's highest infinity pool. Guests can swim amongst the clouds while taking in unmatched panoramic views of Dubai's twinkling skyline. ✨☁️  Ever stayed in a hotel with a mind-blowing view? Tell us about it in the comments! 😍  📽 @kamashrafi 📍 @addressskyview, Dubai 🎶 kh_studiio - Original audio #beautifuldestinations #beautifulDubai",cover-v2-embed,cover_r05_064.json,pool,hotel_resort,city_skyline,modern_luxury,,warm,dark,night_artificial,False,True,,real_existing,real_footage,real phone footage at night with a hand resting on the lit infinity-pool edge above the Burj Khalifa and Downtown Dubai; slight noise and softness; caption credits @kamashrafi and names Address Skyview,low,medium,A hand on the glowing infinity-pool edge frames the illuminated Burj Khalifa and Downtown Dubai skyline at night - a vertigo view reveal.,curiosity,@kamashrafi might have found Dubai's best viewpoint! 🇦🇪,question_engagement,"Address Skyview, Dubai",,False,media_publication,en,pool,black;gold;orange;turquoise,water;glass,city_lights,view_reveal;pool;dramatic_scale,6000000.0,embed_reel,0.9,2_GOOD,0.07586888888888889,0.0002714814814814815,0.003578297843257862,6308.411214953271,-0.24607261640994216,0.5674497167831736,Dubai/UAE,Dubai/UAE,Dubai/UAE,"VERIFIED (public topic page, rounded)","VERIFIED (public embed, rounded, at fetch)",ESTIMATED (AI-assisted coding of cover frame + caption),401-1000,1-3,1M+,1.0,9.800362976406534,top10
DQostfIDLYr,siyad_abdali,5100000.0,5.1M,cozy-winter-cabin,"Cozy Cabin on a Snowy Day | Reading, Music & Peaceful Alone Time 🕯📖🎶",https://www.instagram.com/reel/DQostfIDLYr/,https://www.instagram.com/popular/cozy-winter-cabin/,29.929577464788732,1.0,1,cozy_ambience,cozy_ambience,2025-11-04T13:17:19.081000+00:00,2025,324,13,Tue,ok,ok,reel,4M followers,4000000.0,2110.0,215644.0,566.0,68,0,False,3,0,False,False,"Cozy Cabin on a Snowy Day | Reading, Music & Peaceful Alone Time 🕯📖🎶",cover-v2-embed,cover_r07_082.json,bedroom,cabin_chalet,snow,rustic_cozy,,warm,medium,night_artificial,True,False,,stylized_dreamy,ai_generated,"AI-typical image: fisheye tiny-cabin interior with uniformly perfect props, painterly streaked blizzard behind the window and door, glowing lamps and stove; no disclosure",medium,high,"Fisheye view of a pine-clad tiny cabin bedroom with a burning wood stove and folk rug while a blizzard rages outside the glass door, a strong cozy-versus-cold contrast.",descriptive,"Cozy Cabin on a Snowy Day | Reading, Music & Peaceful Alone Time 🕯📖🎶",none,,,False,ai_creator,en,bedroom,beige;brown;red;white,wood;fabric;glass;metal;fire,snow;fireplace,bed_focus;view_reveal,4000000.0,embed_reel,1.275,2_GOOD,0.04228313725490196,0.00011098039215686274,0.0026246962586485133,15740.74074074074,0.9178019150402091,8.275646192091134,,,,"VERIFIED (public topic page, rounded)","VERIFIED (public embed, rounded, at fetch)",ESTIMATED (AI-assisted coding of cover frame + caption),51-150,0,1M+,0.6666666666666666,1.120879120879121,middle
DcmBZJINnDz,aureliestory,4900000.0,4.9M,dubai-luxury,"follow @aureliestory for more unique travel inspo 🫶 Dubai nights >>> 📍 The Lana, Dubai, UAE",https://www.instagram.com/reel/DcmBZJINnDz/,https://www.instagram.com/popular/dubai-luxury/,1.3243243243243243,0.8333333333333334,1,location,location,2026-08-28T18:37:02.953000+00:00,2026,27,18,Fri,ok,ok,reel,3M followers,3000000.0,2696.0,402843.0,758.0,93,0,False,2,1,False,False,"follow @aureliestory for more unique travel inspo 🫶  Dubai nights >>>  📍 The Lana, Dubai, UAE",cover-v2-embed,cover_r02_032.json,pool,hotel_resort,city_skyline,modern_luxury,dark_luxury,warm,dark,blue_hour,False,True,,real_existing,real_footage,"real dusk footage of a swimmer in a rooftop infinity pool with actual Burj Khalifa and EMAAR-branded towers, depth marking on pool edge",low,high,A lone swimmer in a glowing rooftop infinity pool under a purple dusk sky with the lit Burj Khalifa ahead sells Dubai night glamour.,promotional,follow @aureliestory for more unique travel inspo 🫶,follow,"The Lana, Dubai, UAE",,False,lifestyle_influencer,en,pool,purple;orange;gold;black,water;metal,city_lights,pool;view_reveal;person,3000000.0,embed_reel,1.6333333333333333,2_GOOD,0.08221285714285714,0.00015469387755102042,0.0018816263407828856,181481.4814814815,-0.14748051692553144,0.7120647435301966,Dubai/UAE,Dubai/UAE,Dubai/UAE,"VERIFIED (public topic page, rounded)","VERIFIED (public embed, rounded, at fetch)",ESTIMATED (AI-assisted coding of cover frame + caption),51-150,0,1M+,1.0,1.53125,top10
Da21RGFoirj,elitebuildhq,4900000.0,4.9M,inside-underground-bunker-house,Inside a Fully Self-Sufficient Underground Survival Bunker & Modern A-Frame Home Take an exclusive look at one of,https://www.instagram.com/reel/Da21RGFoirj/,https://www.instagram.com/popular/inside-underground-bunker-house/,9.523809523809524,0.9166666666666666,1,unusual_home,unusual_home,2026-07-16T14:15:23.620000+00:00,2026,70,14,Thu,ok,ok,reel,2M followers,2000000.0,317.0,176835.0,629.0,1601,0,False,0,0,False,False,"Inside a Fully Self-Sufficient Underground Survival Bunker & Modern A-Frame Home Take an exclusive look at one of the most impressive off-grid survival properties ever built. This unique project combines a modern A-frame home with a massive underground bunker system designed for long-term self-sufficiency, security, and independent living.  The property features a hidden underground shelter constructed from reinforced shipping containers, protected beneath a contemporary home that blends seamlessly into the landscape. Surrounding the house are raised garden beds, a greenhouse, fruit trees, private water systems, utility infrastructure, secure fencing, and dedicated outdoor living spaces, creating a complete off-grid lifestyle.  Whether you're interested in survival architecture, luxury cabins, off-grid living, modern prefab homes, homesteading, bunker engineering, sustainable design, or emergency preparedness, this property showcases innovative ideas for resilient living and future-ready construction.  If you enjoy premium architecture, hidden homes, underground structures, self-sufficient properties, and luxury off-grid projects, this video offers a detailed look at a remarkable concept that combines comfort, security, and independence.  This video is intended for viewers interested in architecture, engineering, construction, sustainable living, and modern off-grid home design.  Recommended for viewers in: United States, Canada, United Kingdom, Australia, New Zealand, German",cover-v2-embed,cover_r07_082.json,garden_landscape,cabin_chalet,forest,scandinavian,organic_modern,neutral,medium,overcast_rain,False,False,,aspirational_realistic,real_footage,"appears to be overcast drone footage with coherent small details (parked car, water tanks, shed, fence, fire pit); no AI disclosure, though not fully certain",low,high,"High drone shot reveals a fenced A-frame homestead with greenhouse, raised beds, orchard and carport carved out of a pine forest, the whole off-grid compound in one frame.",curiosity,Inside a Fully Self-Sufficient Underground Survival Bunker & Modern A-Frame Home,none,,,False,theme_page,en,garden_landscape;exterior_facade;terrace_outdoor,green;grey;white;brown,wood;glass;metal;natural_stone;plants,none,exterior_reveal,2000000.0,embed_reel,2.45,3_VERY_GOOD,0.036088775510204084,0.0001283673469387755,0.0035569881527978057,70000.0,0.5141391628469506,3.266924988832162,,,,"VERIFIED (public topic page, rounded)","VERIFIED (public embed, rounded, at fetch)",ESTIMATED (AI-assisted coding of cover frame + caption),1000+,0,1M+,0.6666666666666666,1.225,middle
DVYna7xjmAK,wayup_media,4800000.0,4.8M,dream-home,"One of these matches her energy perfectly, which house is it? Tag her in the comments",https://www.instagram.com/reel/DVYna7xjmAK/,https://www.instagram.com/popular/dream-home/,2.0869565217391304,0.8333333333333334,1,luxury_home,luxury_home,2026-03-02T14:00:12.988000+00:00,2026,206,14,Mon,ok,ok,reel,941K followers,941000.0,3170.0,243876.0,1599.0,210,4,True,1,2,False,False,"One of these matches her energy perfectly, which house is it? Tag her in the comments to see if you got it right 😅  Builder: @hbdbuilder Outdoor Design: @pjelawncare  #luxuryhomes #backyard #mansions #dreamhome",cover-v2-embed,cover_p1c_073.json,exterior_facade,mansion,none,modern_luxury,rustic_cozy,neutral,medium,blue_hour,False,False,"If you really know your wife, which house is she choosing?",real_existing,real_footage,real camera footage at dusk with natural sky gradient and real landscape lighting,low,high,"Relationship-quiz overlay ('which house is she choosing?') over a dusk-lit stone-and-timber mansion with glowing landscape lights, built to drive tags and comments.",choice,"One of these matches her energy perfectly, which house is it? Tag her in the comments to see if you got it right 😅",tag_friend,,,False,media_publication,en,exterior_facade;garden_landscape,blue;green;grey;black,natural_stone;wood;glass;plants;concrete,none,text_overlay;exterior_reveal;dramatic_scale,941000.0,embed_reel,5.100956429330499,4_VIRAL,0.0508075,0.000333125,0.006556610736603848,23300.97087378641,0.2297909778054698,1.697426499075218,,,,"VERIFIED (public topic page, rounded)","VERIFIED (public embed, rounded, at fetch)",ESTIMATED (AI-assisted coding of cover frame + caption),151-400,4-10,500k-1M,0.6666666666666666,1.5737704918032787,middle
DOExDYCiEYm,luxuryhouseview,4700000.0,4.7M,futuristic-home;luxury-homes;luxury-house;luxury-interior;luxury-penthouse;modern-luxury-house-interiors,ULTRA Luxury House Interior Design💎✨☄️ #luxuryhouseview #luxury #Home #miamistad #miamilife #m,https://www.instagram.com/reel/DOExDYCiEYm/,https://www.instagram.com/popular/luxury-interior/,16.75579322638146,1.0,6,future_arch;interior_generic;luxury_home,future_arch,2025-09-01T21:19:48.702000+00:00,2025,388,21,Mon,ok,ok,reel,389K followers,389000.0,961.0,233393.0,1117.0,366,26,False,3,0,False,False,ULTRA Luxury House Interior Design💎✨☄️ #luxuryhouseview #luxury #Home #miamistad #miamilife #miamivice #travel #fyp #highquality #luxuryhomedesign #luxuryhomes #luxuryhome #luxurydesign #luxuryhomedecor #luxuryrealestate #luxuryliving #luxurylifestyle #luxury #architecture #homedecor #homedesign #exteriordecor #modernhome #dreamhome #luxuryhomebuilder #luxuryvibes,cover-v2-embed,cover_r06_074.json,living_room,penthouse,city_skyline,modern_luxury,dark_luxury,warm,dark,night_artificial,True,False,,stylized_dreamy,3d_render,"clean CG render look: perfectly smooth sofa and floor surfaces, stylized shooting-star streaks across a starry fiber-optic ceiling, no camera noise",medium,high,"Night living room under a starry ceiling with shooting-star streaks, linear fireplace below a TV wall, and a floor-to-ceiling window onto a glittering city skyline.",descriptive,ULTRA Luxury House Interior Design💎✨☄️,none,Miami (hashtags #miamistad #miamilife #miamivice),,False,theme_page,en,living_room,beige;black;grey;gold,natural_stone;fabric;glass;plants;fire,stars;fireplace;city_lights,view_reveal;dramatic_scale,389000.0,embed_reel,12.082262210796916,4_VIRAL,0.049658085106382976,0.00023765957446808512,0.004785919029276799,12113.40206185567,1.1920201794803913,15.560379311822949,Miami/Florida,,Miami/Florida,"VERIFIED (public topic page, rounded)","VERIFIED (public embed, rounded, at fetch)",ESTIMATED (AI-assisted coding of cover frame + caption),151-400,21+,100k-500k,1.0,29.746835443037973,top10
DPT0PbTEwtD,sunt_mrr,4700000.0,4.7M,faroe-islands-luxury-villas;overwater-villa;underwater-hotel,Dream underwater villa . . . . . . . . . . . . . . #midjourney #mariadudkina,https://www.instagram.com/reel/DPT0PbTEwtD/,https://www.instagram.com/popular/underwater-hotel/,18.398903895087102,1.0,3,hotel_resort;location,location,2025-10-02T14:07:40.415000+00:00,2025,357,14,Thu,ok,ok,reel,2M followers,2000000.0,728.0,272076.0,1187.0,122,7,False,0,0,False,False,Dream underwater villa . . . . . . . . . . . . . . #midjourney #mariadudkina #luxuryinteriors #villa #maldives #houses #ai,cover-v2-embed,cover_r00_008.json,exterior_facade,unusual_structure,underwater,minimalist,brutalist,cool,medium,mixed,False,False,,fantasy_impossible,ai_generated,caption tags #midjourney and #ai; physically impossible open-sided living room on a coral reef under the water surface,low,high,Open concrete house with a warmly lit lounge sits on a coral reef beneath a rippling water surface.,fantasy,Dream underwater villa,none,Maldives,,True,ai_creator,en,exterior_facade;living_room;bedroom,teal;blue;grey;beige,concrete;water;natural_stone;fabric,none,unusual_architecture;exterior_reveal,2000000.0,embed_reel,2.35,3_VERY_GOOD,0.05788851063829787,0.0002525531914893617,0.004362751584116203,13165.266106442577,0.49001974991669217,3.090435969563165,Maldives,Nordics/Iceland/Faroe,Maldives,"VERIFIED (public topic page, rounded)","VERIFIED (public embed, rounded, at fetch)",ESTIMATED (AI-assisted coding of cover frame + caption),51-150,4-10,1M+,0.6666666666666666,1.6206896551724137,middle
DQX8TJxD0km,divaa.finds,4600000.0,4.6M,cozy-bedroom-ideas,"My cozy neutral room 🤍 Soft lighting, fluffy bedding, and calm neutral tones — everything about this space feels peaceful and warm. ✨ The clean decor",https://www.instagram.com/reel/DQX8TJxD0km/,https://www.instagram.com/popular/cozy-bedroom-ideas/,10.722610722610723,0.8333333333333334,1,cozy_ambience,cozy_ambience,2025-10-29T01:06:26.619000+00:00,2025,330,1,Wed,ok,ok,reel,764K followers,764000.0,1203.0,332195.0,633.0,562,25,False,3,0,False,False,"My cozy neutral room 🤍 Soft lighting, fluffy bedding, and calm neutral tones — everything about this space feels peaceful and warm. ✨ The clean decor and cozy textures make it my ultimate safe haven after a long day. Every girl deserves a room that feels like this!  If you need a link to anything in my room, comment neutral 🤍  Tags: #room #home #interiordesign #hotel #design #homedecor #decor #roomdecor #bedroom #interior #love #art #travel #house #livingroom #decoration #luxury #instagood #escape #vacation #photography #fashion #escaperoom #furniture #bed",cover-v2-embed,cover_r05_060.json,bedroom,none_visible,none,warm_luxury,glam_feminine,warm,medium,night_artificial,False,False,& yes i rather stay at home,real_existing,real_footage,phone footage shot past an open door handle into a real bedroom; warm LED backlight and natural sensor noise,high,medium,"Doorway reveal of an all-cream bedroom with a channel-tufted boucle bed, bubble faux-fur throw, stacked pouf and warm LED backlight, with a relatable homebody text overlay.",descriptive,My cozy neutral room 🤍,comment_keyword,,,False,lifestyle_influencer,en,bedroom,beige;white;brown;grey,fabric;wood;plaster,none,text_overlay;bed_focus;door_or_threshold,764000.0,embed_reel,6.020942408376963,4_VIRAL,0.07221630434782608,0.00013760869565217391,0.0019055073074549587,13939.39393939394,0.7776517063925332,5.993102512368999,,,,"VERIFIED (public topic page, rounded)","VERIFIED (public embed, rounded, at fetch)",ESTIMATED (AI-assisted coding of cover frame + caption),401-1000,21+,500k-1M,0.8,3.066666666666667,middle
DPTscmgDrm6,wayup_media,4100000.0,4.1M,mountain-house,"Does the peace and privacy here make $7.9M worth it? 5 beds, 4 full baths, and 7,000sqft of space to spread out. Updated with mountain modern finishes",https://www.instagram.com/reel/DPTscmgDrm6/,https://www.instagram.com/popular/mountain-house/,20.098039215686274,0.9166666666666666,1,unusual_home,unusual_home,2025-10-02T12:59:34.041000+00:00,2025,357,12,Thu,ok,ok,reel,941K followers,941000.0,3170.0,354796.0,785.0,280,3,True,0,1,False,False,"Does the peace and privacy here make $7.9M worth it?  5 beds, 4 full baths, and 7,000sqft of space to spread out. Updated with mountain modern finishes and views that basically cover the entire valley  Agent: @a_team_telluride_real_estate  #moutainhomes #realestate #outdoorliving",cover-v2-embed,cover_p1a_003.json,exterior_facade,house,mountain,rustic_cozy,,cool,medium,blue_hour,False,False,This and no neighbors...,real_existing,real_footage,drone footage of a real listed property (listing agent credited in caption),low,high,"A small glowing lodge alone on a ridge beneath dusky peaks sells isolation, amplified by the 'no neighbors' overlay.",money,Does the peace and privacy here make $7.9M worth it?,question_engagement,Telluride,$7.9M,False,media_publication,en,exterior_facade;garden_landscape,grey;green;blue;orange,wood;natural_stone;glass,none,text_overlay;exterior_reveal;dramatic_scale,941000.0,embed_reel,4.357066950053135,3_VERY_GOOD,0.08653560975609756,0.00019146341463414633,0.0022125390365167587,11484.593837535014,0.7521410919441569,5.651205392103136,Other,,Other,"VERIFIED (public topic page, rounded)","VERIFIED (public embed, rounded, at fetch)",ESTIMATED (AI-assisted coding of cover frame + caption),151-400,1-3,500k-1M,0.5833333333333334,1.3442622950819672,middle
CwDUsjvBzG_,beautifulhotels,4100000.0,4.1M,lake-como-villa,"@enrico_costantini transports us to Villa Peduzzi in Lake Como. ⛰️ With azure skies, mountain vistas and chic accommodation options, it's not hard to",https://www.instagram.com/reel/CwDUsjvBzG_/,https://www.instagram.com/popular/lake-como-villa/,1.6952656605333885,0.6666666666666666,1,location,location,2023-08-17T16:10:57.847000+00:00,2023,1134,16,Thu,ok,ok,reel,6M followers,6000000.0,9121.0,346444.0,685.0,505,0,True,6,3,False,False,"@enrico_costantini transports us to Villa Peduzzi in Lake Como. ⛰️ With azure skies, mountain vistas and chic accommodation options, it's not hard to see why it's such a popular destination. 😍 Nestled in the foothills of the Alps, whether you seek adventure or relaxation, this captivating Italian haven offers peaks, shores, quaint villages and lush valleys. 🇮🇹  If you've been, what's your favorite memory from Lake Como? 💭  📽 @enrico_costantini 📍 @villapeduzzi, Lake Como, Italy 🎶 Henry Mancini - Lujon",cover-v2-embed,cover_r09_108.json,living_room,villa,mountain,organic_modern,minimalist,warm,bright,daylight,True,False,,real_existing,real_footage,real camera footage with natural light reflections on ceiling and loose lamp cable on floor,high,high,"Floor-to-ceiling glass frames a forested mountain peak above an infinity pool, with a rattan armchair and linen sofa in the foreground.",location,"@enrico_costantini transports us to Villa Peduzzi in Lake Como. ⛰️ With azure skies, mountain vistas and chic accommodat",question_engagement,"Villa Peduzzi, Lake Como, Italy",,False,theme_page,en,living_room;pool;terrace_outdoor,beige;blue;green;brown,wood;natural_stone;glass;fabric;rattan;water,none,view_reveal;pool,6000000.0,embed_reel,0.6833333333333333,2_GOOD,0.08449853658536585,0.00016707317073170731,0.0019772315294823983,3615.520282186949,0.0655662594154629,1.1629639684885595,Lake Como/Italy,Lake Como/Italy,Lake Como/Italy,"VERIFIED (public topic page, rounded)","VERIFIED (public embed, rounded, at fetch)",ESTIMATED (AI-assisted coding of cover frame + caption),401-1000,0,1M+,0.8,7.441016333938294,middle
DUiv0Xige1Z,luxurydreamhub,4000000.0,4M,dream-bedrooms;luxury-bedroom,Sweet lavender dreams and ethereal glows. ✨💜 Transforming the ordinary into a sanctuary of pure,https://www.instagram.com/reel/DUiv0Xige1Z/,https://www.instagram.com/popular/luxury-bedroom/,11.494252873563218,0.9166666666666666,2,luxury_room,luxury_room,2026-02-09T15:54:36.318000+00:00,2026,227,15,Mon,ok,ok,reel,1M followers,1000000.0,1144.0,302995.0,1101.0,220,5,False,4,0,False,False,Sweet lavender dreams and ethereal glows. ✨💜 Transforming the ordinary into a sanctuary of pure magic and modern luxury. 🏛️💎 #bedroomgoals #luxuryinteriors #lavenderaesthetic #modernluxury #homedesign interiorinspiration,cover-v2-embed,cover_r08_100.json,bedroom,none_visible,none,glam_feminine,modern_luxury,cool,bright,night_artificial,False,False,,stylized_dreamy,ai_generated,"warped fisheye geometry, sparkle/melting ceiling artifacts, impossibly glossy floor; typical AI video frame",low,medium,"Vast lavender-lit master suite with glowing platform bed, crystal chandelier and mirror-glossy floor; strong glam-dreamy colour pop.",aspirational,Sweet lavender dreams and ethereal glows. ✨💜 Transforming the ordinary into a sanctuary of pure magic and modern luxury.,none,,,False,theme_page,en,bedroom,white;purple;beige;black,marble;fabric;glass;plaster,none,bed_focus;dramatic_scale,1000000.0,embed_reel,4.0,3_VERY_GOOD,0.07574875,0.00027525,0.0036337233287678013,17621.145374449337,0.2304910465154444,1.700164902409278,,,,"VERIFIED (public topic page, rounded)","VERIFIED (public embed, rounded, at fetch)",ESTIMATED (AI-assisted coding of cover frame + caption),151-400,4-10,500k-1M,0.9375,4.605641911341393,top10
DQ_1nRPiIxg,siyad_abdali,4000000.0,4M,ai-house-design,,https://www.instagram.com/reel/DQ_1nRPiIxg/,https://www.instagram.com/popular/ai-house-design/,28.663561447509853,0.9166666666666666,1,ai,ai,2025-11-13T12:57:38.680000+00:00,2025,315,12,Thu,ok,ok,reel,4M followers,4000000.0,2110.0,41249.0,,0,0,False,0,0,False,False,,cover-v2-embed,cover_r11_129.json,bedroom,none_visible,snow,glam_feminine,rustic_cozy,warm,medium,mixed,True,False,,fantasy_impossible,ai_generated,"physically implausible tower of four stacked round tufted beds; AI dollhouse look with smeared small details (shelves, laptop, desk items)",low,high,"Dollhouse-like double-height room with a four-storey tower of round pink-and-cream beds, fireplace and snowfall outside, an impossible fantasy that invites a second look.",none,,none,,,False,ai_creator,,bedroom;living_room;bathroom;office;stairs_hall,white;beige;pink;brown,fabric;wood;plants;fire;glass,snow;fireplace,bed_focus;unusual_architecture;dramatic_scale,4000000.0,embed_reel,1.0,2_GOOD,0.01031225,,,12698.412698412698,0.4871869393826087,3.070343314345557,,,,"VERIFIED (public topic page, rounded)","VERIFIED (public embed, rounded, at fetch)",ESTIMATED (AI-assisted coding of cover frame + caption),0,0,1M+,0.5,0.8791208791208791,bottom50
C6osPqCt3u1,aureliestory,3700000.0,3.7M,ibiza-luxury-villas-sea-view,follow @aureliestory for more travel inspo & tips 🫶 My all time favorite hotel in,https://www.instagram.com/reel/C6osPqCt3u1/,https://www.instagram.com/popular/ibiza-luxury-villas-sea-view/,101.92837465564739,1.0,1,location,location,2024-05-06T17:42:34.462000+00:00,2024,871,17,Mon,ok,ok,reel,3M followers,3000000.0,2696.0,213448.0,631.0,200,0,False,4,1,False,False,"- follow @aureliestory for more travel inspo & tips 🫶 -  My all time favorite hotel in Ibiza 📌 save this post for your summer in Europe ☀️  📍Hacienda Na Xamena Hotel, Ibiza, Balearic Islands, Spain 🇪🇸",cover-v2-embed,cover_p1c_071.json,pool,hotel_resort,cliff,mediterranean,organic_modern,cool,bright,daylight,False,False,THE BEST HOTEL IN IBIZA...,real_existing,real_footage,"Real wide-angle camera footage of a named real hotel (Hacienda Na Xamena), natural water foam and lens distortion",low,high,"Turquoise rock-lined cascading whirlpools under a curved white canopy with columns, overlooking the Mediterranean from a cliff, topped with a superlative 'best hotel in Ibiza' text hook.",promotional,- follow @aureliestory for more travel inspo & tips 🫶 -,follow,"Hacienda Na Xamena Hotel, Ibiza, Balearic Islands, Spain",,False,lifestyle_influencer,en,pool;terrace_outdoor,turquoise;white;blue;beige,water;natural_stone;plaster;plants;wood,none,text_overlay;pool;water_feature;view_reveal;unusual_architecture,3000000.0,embed_reel,1.2333333333333334,2_GOOD,0.05768864864864865,0.00017054054054054053,0.0029562235298527043,4247.990815154994,1.1730832860809506,14.89646724771341,Ibiza/Spain,Ibiza/Spain,Ibiza/Spain,"VERIFIED (public topic page, rounded)","VERIFIED (public embed, rounded, at fetch)",ESTIMATED (AI-assisted coding of cover frame + caption),151-400,0,1M+,0.8,1.15625,middle
DVn8laHklGZ,styltechinterior_official,3600000.0,3.6M,kitchen-design,This Kitchen Design Looks So Smooth 😍✨,https://www.instagram.com/reel/DVn8laHklGZ/,https://www.instagram.com/popular/kitchen-design/,2.88,0.8333333333333334,1,room_generic,room_generic,2026-03-08T12:53:45.320000+00:00,2026,200,12,Sun,ok,ok,reel,201K followers,201000.0,1199.0,91493.0,289.0,38,0,False,2,0,False,False,This Kitchen Design Looks So Smooth 😍✨,cover-v2-embed,cover_q1_005.json,kitchen,none_visible,none,modern_luxury,,cool,medium,night_artificial,False,False,,real_existing,real_footage,"handheld phone video at night with real clutter (kettle, cups, appliances), slight blur and sensor noise",medium,medium,"Night phone shot through a framed opening into a mint high-gloss L-kitchen with LED toe-kick glow and marble-look tiles; a real finished job, not a render.",descriptive,This Kitchen Design Looks So Smooth 😍✨,none,,,False,designer_studio,en,kitchen;living_room,green;white;grey;beige,glass;metal;marble;fabric,none,door_or_threshold,201000.0,embed_reel,17.91044776119403,4_VIRAL,0.02541472222222222,8.027777777777777e-05,0.003158711595422601,18000.0,0.18887678772871253,1.5448161026227387,,,,"VERIFIED (public topic page, rounded)","VERIFIED (public embed, rounded, at fetch)",ESTIMATED (AI-assisted coding of cover frame + caption),1-50,0,100k-500k,1.0,8.88888888888889,top10
DPt1R0_E6oS,arteo_luxury,3500000.0,3.5M,luxury-kitchen,Glorious Kitchen by @spandanapb Where Function Meets Beauty Glorious Kit,https://www.instagram.com/reel/DPt1R0_E6oS/,https://www.instagram.com/popular/luxury-kitchen/,4.908835904628331,1.0,1,luxury_room,luxury_room,2025-10-12T16:36:59.607000+00:00,2025,347,16,Sun,ok,ok,reel,871K followers,871000.0,1041.0,92789.0,713.0,764,11,False,0,1,False,False,"Glorious Kitchen by @spandanapb  Where Function Meets Beauty Glorious Kitchen by Arteo is a masterpiece of modern sophistication where elegance and efficiency coexist in perfect balance. This Kitchen embraces smooth curves, reflective surfaces, and warm lighting to redefine luxury living. Every inch of the Kitchen whispers innovation — from the sculpted island to the seamless cabinetry. Designed not just to cook, but to inspire, this Kitchen becomes the soul of the home. Arteo's vision transforms the Kitchen into an art form — graceful, functional, and eternally refined.  #luxurykitchendesign #kitchen #kitchendecor #luxurykitchen #luxuryinteriorsidea #luxuryinteriors #luxuryinteriors #luxuryinteriordesign #luxuryinteriordesignideas #luxurylife #bangalore",cover-v2-embed,cover_r09_103.json,kitchen,none_visible,none,modern_luxury,futuristic,warm,bright,mixed,False,False,Lumec by Arteo,aspirational_realistic,ai_generated,"AI-typical look: indistinct melted objects on the counter and backsplash, uniformly glossy surfaces; no disclosure in caption",medium,medium,"Sleek kitchen with a sculptural wave-shaped cream-and-black island edged in glowing LED strips, branded 'Lumec by Arteo'.",promotional,Glorious Kitchen by @spandanapb,none,Bangalore,,False,brand_manufacturer,en,kitchen;terrace_outdoor,beige;black;white;brown,marble;glass;metal;plants,none,text_overlay,871000.0,embed_reel,4.018369690011481,3_VERY_GOOD,0.026511142857142858,0.00020371428571428572,0.007684100486048993,10086.455331412104,0.22234094378590508,1.6685566023437801,India,,India,"VERIFIED (public topic page, rounded)","VERIFIED (public embed, rounded, at fetch)",ESTIMATED (AI-assisted coding of cover frame + caption),401-1000,11-20,500k-1M,1.0,4.385964912280702,top10
DMGId-oNg3k,aureliestory,3200000.0,3.2M,rooftop-pool,"@aureliestory Is this the most beautiful pool in the world? 🤯😍 📍 Aura Sky Pool, Dubai, UAE",https://www.instagram.com/reel/DMGId-oNg3k/,https://www.instagram.com/popular/rooftop-pool/,16.842105263157894,1.0,1,pool,pool,2025-07-14T17:00:52.393000+00:00,2025,437,17,Mon,ok,ok,reel,3M followers,3000000.0,2696.0,189454.0,641.0,76,0,True,3,0,False,False,"Is this the most beautiful pool in the world? 🤯😍 📍 Aura Sky Pool, Dubai, UAE",cover-v2-embed,cover_r03_044.json,pool,hotel_resort,ocean_beach,modern_luxury,,cool,bright,daylight,False,True,DUBAI Aura Sky Pool,real_existing,real_footage,real location footage with a person in the pool; hazy daylight over Palm Jumeirah,low,high,"Woman at the edge of a sky-high infinity pool overlooking Palm Jumeirah and Atlantis, with minimal 'DUBAI' title.",question,Is this the most beautiful pool in the world? 🤯😍,question_engagement,"Aura Sky Pool, Dubai, UAE",,False,lifestyle_influencer,en,pool;terrace_outdoor,blue;white;beige;brown,water;wood;glass;metal,none,text_overlay;pool;person;view_reveal;dramatic_scale,3000000.0,embed_reel,1.0666666666666667,2_GOOD,0.059204375,0.0002003125,0.00338340705395505,7322.654462242563,0.7296039209444946,5.365422435667993,Dubai/UAE,,Dubai/UAE,"VERIFIED (public topic page, rounded)","VERIFIED (public embed, rounded, at fetch)",ESTIMATED (AI-assisted coding of cover frame + caption),51-150,0,1M+,0.6,1.0,middle
DanQlnNO1KZ,elitebuildhq,3100000.0,3.1M,inside-underground-bunker-house,Inside a Hidden Off-Grid Survival Bunker Beneath a Modern Forest Cabin | Ultimate Self-Sufficient Home,https://www.instagram.com/reel/DanQlnNO1KZ/,https://www.instagram.com/popular/inside-underground-bunker-house/,6.025267249757046,0.8333333333333334,1,unusual_home,unusual_home,2026-07-10T13:06:16.563000+00:00,2026,76,13,Fri,ok,ok,reel,2M followers,2000000.0,317.0,70692.0,937.0,1032,0,True,0,0,False,True,"Inside a Hidden Off-Grid Survival Bunker Beneath a Modern Forest Cabin | Ultimate Self-Sufficient Home What looks like a peaceful cabin in the middle of the forest hides an incredible secret beneath the surface. Explore this modern off-grid property featuring a massive underground survival bunker designed for long-term self-sufficiency, security, and sustainable living.  From smart architecture and renewable energy systems to food storage, emergency preparedness, and hidden underground spaces, this unique homestead is built to thrive in any situation. Every detail combines luxury, resilience, and innovative design, making it one of the most impressive off-grid homes you'll ever see.  Would you live in a hidden survival bunker like this? Share your thoughts in the comments, save this video for later, and follow for more extraordinary homes, underground bunkers, luxury cabins, modern architecture, off-grid living, self-sufficient homes, survival shelters, tiny homes, homestead inspiration, and futuristic house designs.",cover-v2-embed,cover_r03_039.json,exterior_facade,cabin_chalet,forest,scandinavian,organic_modern,neutral,medium,overcast_rain,False,False,,aspirational_realistic,unclear,"photographic-looking drone frame (mowing stripes, pickup under carport, compression softness), no obvious AI artifacts, but razor-wire fencing and caption's hidden-bunker narrative are unverifiable",low,high,"Aerial drone view of a fenced A-frame cabin with a solar roof, orchard rows, raised beds, greenhouse and carport surrounded by pine forest sells a self-sufficient homestead fantasy.",curiosity,Inside a Hidden Off-Grid Survival Bunker Beneath a Modern Forest Cabin | Ultimate Self-Sufficient Home,question_engagement,,,False,theme_page,en,exterior_facade;garden_landscape;terrace_outdoor,green;grey;brown;white,wood;glass;metal;plants;natural_stone,none,exterior_reveal;dramatic_scale,2000000.0,embed_reel,1.55,2_GOOD,0.022803870967741936,0.00030225806451612906,0.013254682283709613,40789.47368421053,0.31530477665270984,2.0668300949754506,,,,"VERIFIED (public topic page, rounded)","VERIFIED (public embed, rounded, at fetch)",ESTIMATED (AI-assisted coding of cover frame + caption),1000+,0,1M+,0.5,0.775,bottom50
DVoNTRGjOwq,aiforarchitects,2900000.0,2.9M,dream-home,A residence that doesn't ask for attention it commands it. Solid natural stone,https://www.instagram.com/reel/DVoNTRGjOwq/,https://www.instagram.com/popular/dream-home/,1.2608695652173914,0.6666666666666666,1,luxury_home,luxury_home,2026-03-08T15:19:49.606000+00:00,2026,200,15,Sun,ok,ok,reel,1M followers,1000000.0,513.0,214491.0,574.0,477,5,False,1,1,False,False,"A residence that doesn't ask for attention it commands it.  Solid natural stone, towering pines, and a façade designed with quiet confidence. In front, precision engineering meets architectural presence: a machine built for speed resting in a place built for permanence.  Designed by @aiforarchitects  📩 For private commissions and inquiries: www.aiforarchitects.co | WhatsApp: +1 (656) 200-3368  #LuxuryArchitecture #MansionDesign #LuxuryLiving #ArchitecturalDesign #DreamHome",cover-v2-embed,cover_r02_022.json,exterior_facade,mansion,forest,classical_luxury,,neutral,medium,daylight,False,False,,aspirational_realistic,ai_generated,"account is aiforarchitects ('Designed by @aiforarchitects'); unreadable number plate and overly clean, idealized image look typical of AI",low,high,A glossy black Porsche parked before a grey stone manor among towering autumn pines pairs car and house status symbols.,status,A residence that doesn't ask for attention,dm,,,True,ai_creator,en,exterior_facade;garden_landscape,grey;black;green;yellow,natural_stone;glass;metal;plants,none,exterior_reveal,1000000.0,embed_reel,2.9,3_VERY_GOOD,0.07396241379310345,0.00019793103448275862,0.002676102960030957,14500.0,-0.0014042237410763492,0.9967718769761011,,,,"VERIFIED (public topic page, rounded)","VERIFIED (public embed, rounded, at fetch)",ESTIMATED (AI-assisted coding of cover frame + caption),401-1000,4-10,500k-1M,0.8571428571428571,1.45,middle
DQ2vN1BCCZn,luxuryhouseview,2900000.0,2.9M,futuristic-interior,"Sukoon under the stars — where dreams meet the galaxy."" 🌌🪐💫✨ #GalaxyHome #FuturisticLiving #LuxuryVibes #StarryNights #ModernElegance #DreamSpace",https://www.instagram.com/reel/DQ2vN1BCCZn/,https://www.instagram.com/popular/futuristic-interior/,10.01727115716753,0.9166666666666666,1,future_arch,future_arch,2025-11-10T00:08:34.651000+00:00,2025,318,0,Mon,ok,ok,reel,389K followers,389000.0,961.0,211034.0,308.0,250,13,False,4,0,False,False,"Sukoon under the stars — where dreams meet the galaxy."" 🌌🪐💫✨  #GalaxyHome #FuturisticLiving #LuxuryVibes #StarryNights #ModernElegance #DreamSpace #NeonLuxury #SpaceInspired #HomeGoals #CosmicBedroom #LuxuryDesign #InteriorPerfection #futureaesthetic",cover-v2-embed,cover_r02_031.json,bedroom,none_visible,space_sky,futuristic,minimalist,cool,dark,night_artificial,False,False,,stylized_dreamy,ai_generated,dreamlike glossy CG look with smeared small decor details typical of AI imagery; not disclosed in caption,medium,high,Dark futuristic bedroom under a full starry galaxy ceiling with cyan LED outlines and an eclipse-style wall light.,fantasy,"Sukoon under the stars — where dreams meet the galaxy."" 🌌🪐💫✨",none,,,False,theme_page,en,bedroom,grey;teal;black;white,marble;glass;fabric,stars,bed_focus,389000.0,embed_reel,7.455012853470437,4_VIRAL,0.07277034482758621,0.00010620689655172414,0.001459480462863804,9119.496855345911,0.8618535097632214,7.275343612678002,,,,"VERIFIED (public topic page, rounded)","VERIFIED (public embed, rounded, at fetch)",ESTIMATED (AI-assisted coding of cover frame + caption),151-400,11-20,100k-500k,0.9,18.354430379746834,top10
DTkhih2DAEC,sunt_mrr,2900000.0,2.9M,ai-house-design;futuristic-houses,A black villa shrouded in mist . . . . . . . . . . . . . . . . . . #midjourney #mansion #interiør #houses #ai,https://www.instagram.com/reel/DTkhih2DAEC/,https://www.instagram.com/popular/futuristic-houses/,20.78108204944464,0.9166666666666666,2,ai;future_arch,ai,2026-01-16T11:56:55.365000+00:00,2026,251,11,Fri,ok,ok,reel,2M followers,2000000.0,728.0,223218.0,1041.0,109,5,False,0,0,False,False,A black villa shrouded in mist . . . . . . . . . . . . . . . . . . #midjourney #mansion #interiør #houses #ai,cover-v2-embed,cover_r11_132.json,exterior_facade,villa,jungle_tropical,modern_luxury,tropical,cool,medium,overcast_rain,False,False,,stylized_dreamy,ai_generated,caption hashtags #midjourney and #ai; idealized AI render look,low,high,"Black cantilevered villa with infinity pool perched on a jungle ridge beneath misty green peaks; cinematic, moody scale.",descriptive,A black villa shrouded in mist,none,,,True,ai_creator,en,exterior_facade;pool;terrace_outdoor,green;grey;black;white,glass;water;plants;wood,fog,exterior_reveal;pool;dramatic_scale,2000000.0,embed_reel,1.45,2_GOOD,0.07697172413793103,0.00035896551724137933,0.004663602397656103,11553.78486055777,0.4883147252324678,3.078326813512337,,,,"VERIFIED (public topic page, rounded)","VERIFIED (public embed, rounded, at fetch)",ESTIMATED (AI-assisted coding of cover frame + caption),51-150,4-10,1M+,0.5555555555555556,1.0,middle
Da4qA2fP2XS,roxy_carretero,2800000.0,2.8M,cozy-bedroom-ideas,"Comment ""BEDROOM "" and I'll send you the links to everything featured in this space. 🤍 POV: You finally created the cozy bedroom you've always dreamed",https://www.instagram.com/reel/Da4qA2fP2XS/,https://www.instagram.com/popular/cozy-bedroom-ideas/,6.526806526806527,0.75,1,cozy_ambience,cozy_ambience,2026-07-17T07:15:32.247000+00:00,2026,69,7,Fri,ok,ok,reel,54K followers,54000.0,525.0,139084.0,5687.0,548,5,False,4,0,False,False,"Comment ""BEDROOM "" and I'll send you the links to everything featured in this space. 🤍  POV: You finally created the cozy bedroom you've always dreamed of. 🤍  Soft textures, warm lighting, and little details that turn a simple room into your favorite place to unwind. Every corner feels calm, inviting, and like home. ☁️  If you're looking for bedroom inspiration, save this for later! 🫶  #BedroomDecor #CozyBedroom #HomeInspiration #NeutralHome #MinimalHome BedroomGoals HomeDecorIdeas InteriorInspo CozyHome ModernBedroom HomeStyling BedroomInspo",cover-v2-embed,cover_r03_037.json,bedroom,none_visible,none,minimalist,scandinavian,warm,medium,mixed,False,False,Imagine coming home after a long day and this is your bedroom ☁️🤍,real_existing,real_footage,real phone footage of a styled bedroom with window daylight and lamps; creator offers product links,high,high,"Soft all-neutral bedroom with boucle bench and fluffy pendant plus a relatable 'imagine coming home' overlay, very shoppable.",promotional,"Comment ""BEDROOM "" and I'll send you the links to everything featured in this space. 🤍",comment_keyword,,,False,lifestyle_influencer,en,bedroom,white;beige;grey;brown,fabric;wood,none,text_overlay;bed_focus,54000.0,embed_reel,51.851851851851855,5_EXTREME_OUTLIER,0.049672857142857144,0.0020310714285714285,0.040888959190129706,40579.710144927536,1.1002266556070766,12.59582608667642,,,,"VERIFIED (public topic page, rounded)","VERIFIED (public embed, rounded, at fetch)",ESTIMATED (AI-assisted coding of cover frame + caption),401-1000,4-10,10k-100k,1.0,4.154302670623146,top10
DdEgqHFozBe,travelask.world,2700000.0,2.7M,cabins;treehouse,"🍁10 Dreamy Treehouse Stays Around the World 📍 Woodnest — Odda, Norway — modern treehouses hidden in a pine forest with beautiful fjord views. 📍 Treeho",https://www.instagram.com/reel/DdEgqHFozBe/,https://www.instagram.com/popular/treehouse/,3.585657370517928,0.9166666666666666,2,unusual_home,unusual_home,2026-09-09T14:47:27.844000+00:00,2026,15,14,Wed,ok,ok,reel,681K followers,681000.0,764.0,144112.0,728.0,1214,0,False,11,0,False,False,"🍁10 Dreamy Treehouse Stays Around the World  📍 Woodnest — Odda, Norway — modern treehouses hidden in a pine forest with beautiful fjord views.  📍 Treehotel — Harads, Sweden — iconic designer treehouses surrounded by tall Nordic pines.  📍 PAN Treetop Cabins — Finnskogen, Norway — secluded elevated cabins eight meters above the forest floor.  📍 Chewton Glen Treehouses — New Forest, England — luxury treehouses with wraparound terraces surrounded by woodland.  📍 Cabanes des Grands Chênes — Raray, France — romantic treehouses hidden among mature forest, many with private Nordic baths.  📍 TreeHouse Point — Washington, USA — handcrafted treehouses tucked into an old-growth forest beside a river.  📍 Hapuku Lodge + Tree Houses — Kaikōura, New Zealand — elevated treehouses surrounded by nature with dramatic mountain scenery.  📍 Robins Nest Baumhaushotel — Witzenhausen, Germany — handcrafted treehouses high in the forest, reached by stairs and suspension bridges.  📍 Baumhaus B&B — Thurgau, Switzerland — a peaceful treehouse with a fireplace, terrace and views over the Thur river valley.  📍 Out 'n' About Treesort — Oregon, USA — rustic treehouses connected by suspension bridges in a peaceful forest setting.",cover-v2-embed,cover_r01_011.json,garden_landscape,treehouse,forest,rustic_cozy,organic_modern,warm,medium,mixed,False,False,This & no stress..,stylized_dreamy,ai_generated,hyper-idealized painterly autumn scene typical of AI stills (not disclosed); caption lists real treehouse hotels but cover does not match a named one,low,high,"Foreground hammock with rust throw frames a warmly lit glass-gabled treehouse above a river in peak autumn, plus an escapist 'no stress' overlay.",aspirational,🍁10 Dreamy Treehouse Stays Around the World,none,"Odda, Norway; Harads, Sweden; Finnskogen, Norway; New Forest, England; Raray, France; Washington, USA; Kaikōura, New Zealand; Witzenhausen, Germany; Thurgau, Switzerland; Oregon, USA",,False,media_publication,en,garden_landscape;exterior_facade;terrace_outdoor,orange;brown;gold;grey,wood;glass;fabric;water;plants,fog,text_overlay;exterior_reveal;unusual_architecture,681000.0,embed_reel,3.9647577092511015,3_VERY_GOOD,0.05337481481481481,0.00026962962962962965,0.005051626512712334,180000.0,0.295951336915886,1.9767481313104718,Switzerland,,Switzerland,"VERIFIED (public topic page, rounded)","VERIFIED (public embed, rounded, at fetch)",ESTIMATED (AI-assisted coding of cover frame + caption),1000+,0,500k-1M,1.0,2.076923076923077,top10
DPBFz4YgeQF,luxurydreamhub,2700000.0,2.7M,futuristic-interior,Living the grand life! ✨ This open-concept space with its incredible lighting and architectural design is absolutely captivating. Imagine unwinding he,https://www.instagram.com/reel/DPBFz4YgeQF/,https://www.instagram.com/popular/futuristic-interior/,9.32642487046632,0.8333333333333334,1,future_arch,future_arch,2025-09-25T07:35:37.738000+00:00,2025,364,7,Thu,ok,ok,reel,1M followers,1000000.0,1144.0,68107.0,261.0,309,11,False,3,0,False,False,Living the grand life! ✨ This open-concept space with its incredible lighting and architectural design is absolutely captivating. Imagine unwinding here! 🤩🛋️ #LuxuryLiving #ModernInterior #HomeGoals #ArchitecturalDesign #DreamHome #InteriorDesign #GrandEntrance #LightingDesign #LuxuryHomes #ForYouPage #Viral,cover-v2-embed,cover_r09_107.json,living_room,villa,none,modern_luxury,warm_luxury,warm,medium,mixed,False,False,,stylized_dreamy,ai_generated,"waxy over-smooth surfaces, glowing LED edges everywhere and slightly inconsistent skylight/stair geometry typical of AI video frames; theme page with #ForYouPage #Viral, no disclosure",medium,high,"Glowing sunken cream sectional under a dramatic inverted-pyramid skylight void with an LED-lit floating staircase - a warm, cinematic dream-home interior.",aspirational,Living the grand life! ✨ This open-concept space with its incredible lighting and architectural design is absolutely cap,none,,,False,theme_page,en,living_room;stairs_hall;kitchen;dining;pool,beige;cream;white;gold,fabric;glass;plaster;plants,none,dramatic_scale;unusual_architecture,1000000.0,embed_reel,2.7,3_VERY_GOOD,0.025224814814814814,9.666666666666667e-05,0.0038322052065132804,7417.582417582417,0.6390413603533291,4.3555335195317175,,,,"VERIFIED (public topic page, rounded)","VERIFIED (public embed, rounded, at fetch)",ESTIMATED (AI-assisted coding of cover frame + caption),151-400,11-20,500k-1M,0.84375,3.1088082901554404,middle
DPBMs60gTds,luxurydreamhub,2700000.0,2.7M,modern-luxury-house-interiors,"Pure architectural elegance! 😍 The way this space flows, the natural light from the skylight, and that",https://www.instagram.com/reel/DPBMs60gTds/,https://www.instagram.com/popular/modern-luxury-house-interiors/,5.1233396584440225,0.8333333333333334,1,luxury_home,luxury_home,2025-09-25T08:35:50.722000+00:00,2025,364,8,Thu,ok,ok,reel,1M followers,1000000.0,1144.0,65534.0,326.0,326,11,True,3,0,False,False,"Pure architectural elegance! 😍 The way this space flows, the natural light from the skylight, and that incredible lighting design—it's truly a masterpiece. Who's moving in? 🏡✨ #LuxuryHome #ModernLiving #InteriorGoals #ArchitecturalMasterpiece #DreamHouse #HomeInspo #OpenConcept #SkylightViews #LuxuryDesign #ForYouPage #Viral",cover-v2-embed,cover_r12_147.json,living_room,villa,none,modern_luxury,warm_luxury,warm,medium,mixed,False,False,,stylized_dreamy,ai_generated,"smeared abstract reflections in upper glass panels, overly smooth uniform surfaces and glow typical of AI video",medium,high,"Double-height beige living room with LED-lit floating staircase, sunken sectional and skylight, bathed in warm cove lighting.",aspirational,"Pure architectural elegance! 😍 The way this space flows, the natural light from the skylight, and that incredible lighti",question_engagement,,,False,theme_page,en,living_room;stairs_hall;dining,beige;white;brown;black,glass;marble;fabric;plaster;plants,none,dramatic_scale;empty_room,1000000.0,embed_reel,2.7,3_VERY_GOOD,0.024271851851851853,0.00012074074074074074,0.004974517044587542,7417.582417582417,0.18739650323702145,1.5395595897335723,,,,"VERIFIED (public topic page, rounded)","VERIFIED (public embed, rounded, at fetch)",ESTIMATED (AI-assisted coding of cover frame + caption),151-400,11-20,500k-1M,0.84375,3.1088082901554404,middle
DX9uKYWoRwb,travelask.world,2500000.0,2.5M,marrakech-riad,😍Morocco like Pinterest: the most beautiful hotels 🇲🇦 📍 Royal Mansour Marrakech One of the mos,https://www.instagram.com/reel/DX9uKYWoRwb/,https://www.instagram.com/popular/marrakech-riad/,63.775510204081634,0.9166666666666666,1,location,location,2026-05-05T16:53:48.678000+00:00,2026,142,16,Tue,ok,ok,reel,681K followers,681000.0,764.0,146256.0,1075.0,1276,0,False,9,0,False,False,"😍Morocco like Pinterest: the most beautiful hotels 🇲🇦  📍 Royal Mansour Marrakech One of the most luxurious hotels in the world, where every guest stays in a private riad with its own courtyard and pool. Carved ceilings, mosaics, and palm gardens. Breakfasts on the terrace and a spa under a glass dome.  📍 El Fenn A place where Morocco meets contemporary art. Bright walls, terracotta rooftop pools, vintage furniture, and rich colors. A bohemian vibe with sunsets overlooking the medina.  📍 La Mamounia A true Marrakech legend. Expansive gardens, arched galleries, emerald tiles, and a pool you'll want to spend all day in. Classic luxury with history.  📍 Riad Yasmine The iconic Instagram riad with an emerald pool and pink walls. Small, cozy, and incredibly photogenic. Breakfast by the pool with flower petals.  📍 Amanjena Minimalism with Moroccan architecture. Sandy tones, reflective pools, and perfect symmetry.  📍 Kasbah Tamadot A hotel in the Atlas Mountains with views over the valleys. Terraces, Berber style, and warm sunset light.  📍 The Oberoi Marrakech Modern luxury with an oriental touch. Grand pools, arches, reflective water, and clean geometry.  📍 Scarabeo Camp White tents in the Agafay desert. Minimalism, sand dunes, camels, and caramel-colored sunsets.",cover-v2-embed,cover_r03_034.json,pool,hotel_resort,none,traditional_regional,mediterranean,warm,bright,daylight,False,False,Not a dream... Morocco,stylized_dreamy,unclear,"hyper-saturated, very smooth rendering of bougainvillea, fringed striped parasols and mirror-perfect reflections looks possibly AI, but caption presents real named hotels; no disclosure",medium,high,Saturated red-and-white riad pool framed by bougainvillea and fringed striped parasols with a 'Not a dream' hook reads as Pinterest-perfect.,aspirational,😍Morocco like Pinterest: the most beautiful hotels 🇲🇦,none,Morocco (Marrakech),,False,theme_page,en,pool;terrace_outdoor,red;white;pink;blue,water;plaster;plants;fabric;wood,none,text_overlay;pool,681000.0,embed_reel,3.671071953010279,3_VERY_GOOD,0.0585024,0.00043,0.007350125806804507,17605.6338028169,1.0210869941349485,10.497526850214623,Morocco,Morocco,Morocco,"VERIFIED (public topic page, rounded)","VERIFIED (public embed, rounded, at fetch)",ESTIMATED (AI-assisted coding of cover frame + caption),1000+,0,500k-1M,0.8333333333333334,1.9230769230769231,middle
C4BB-H_yXuj,arteo_luxury,2500000.0,2.5M,luxury-bathroom-design;luxury-bathroom-interior-design-inspiration,"A touch of pure luxury In the opulence of black and ivory hues, this luxury bathroom transcends mere",https://www.instagram.com/reel/C4BB-H_yXuj/,https://www.instagram.com/popular/luxury-bathroom-interior-design-inspiration/,8.474576271186441,0.9166666666666666,2,luxury_room,luxury_room,2024-03-02T15:00:00.600000+00:00,2024,936,15,Sat,ok,ok,reel,871K followers,871000.0,1041.0,57342.0,320.0,556,11,True,0,0,False,False,"A touch of pure luxury  In the opulence of black and ivory hues, this luxury bathroom transcends mere aesthetics—it becomes a sanctuary where form meets function. Amidst the exquisite design, it cradles me after a strenuous day, a haven where the echoes of hard work dissolve into the soothing symphony of water, serenity found in the embrace of stunning simplicity.  Want a sanctuary for yourself?  #luxuryinteriordesign #luxuryinteriors #luxury #luxurybathroom #bathrooms #bathroomdecor #bathroomdesign #decor #luxurylifestyle #luxurybathroom #luxuryhome",cover-v2-embed,cover_r08_100.json,bathroom,none_visible,none,dark_luxury,modern_luxury,warm,dark,night_artificial,False,False,,aspirational_realistic,ai_generated,"Midjourney-style glossy marble veining, ornate mirror frame with soft warped detail, no real-camera noise",medium,high,Moody black-and-gold marble bathroom with vessel sink and brass fittings; rich contrast but static composition.,aspirational,A touch of pure luxury,question_engagement,,,False,designer_studio,en,bathroom,black;gold;beige;white,marble;glass;metal;fabric;plants,none,none,871000.0,embed_reel,2.8702640642939152,3_VERY_GOOD,0.0229368,0.000128,0.0055805517770569565,2670.940170940171,-0.1917315584997918,0.6430850914319356,,,,"VERIFIED (public topic page, rounded)","VERIFIED (public embed, rounded, at fetch)",ESTIMATED (AI-assisted coding of cover frame + caption),401-1000,11-20,500k-1M,0.8,3.1328320802005014,middle
DcRC92XMXh5,aiforarchitects,2400000.0,2.4M,jamesedition-luxury-homes,"We kept the architecture heavy, the interiors dark, and the openings enormous. 🌲 Stone, smoked timber and deep tones frame the Tenness",https://www.instagram.com/reel/DcRC92XMXh5/,https://www.instagram.com/popular/jamesedition-luxury-homes/,15.789473684210526,0.9166666666666666,1,luxury_home,luxury_home,2026-08-20T15:06:44.871000+00:00,2026,35,15,Thu,ok,ok,reel,1M followers,1000000.0,513.0,155347.0,720.0,388,0,False,2,1,False,False,"We kept the architecture heavy, the interiors dark, and the openings enormous. 🌲  Stone, smoked timber and deep tones frame the Tennessee landscape rather than competing with it. The house changes completely depending on where you stand inside it.  Tennessee, USA  Designed by @aiforarchitects  📩 For private commissions and inquiries: www.aiforarchitects.co | WhatsApp: +1 (656) 200-3368",cover-v2-embed,cover_r10_113.json,exterior_facade,mansion,mountain,traditional_regional,rustic_cozy,warm,medium,golden_hour,False,False,,aspirational_realistic,ai_generated,AI design account (aiforarchitects); overly perfect landscaping and uniform render-like detail in aerial,low,high,Aerial golden-hour reveal of a huge stone-and-slate mountain estate with infinity pool and tennis court set in forested ridges.,descriptive,"We kept the architecture heavy, the interiors dark, and the openings enormous. 🌲",dm,"Tennessee, USA",,True,ai_creator,en,exterior_facade;pool;garden_landscape,green;grey;brown;orange,natural_stone;wood;glass;water;plants,none,exterior_reveal;dramatic_scale;pool,1000000.0,embed_reel,2.4,3_VERY_GOOD,0.06472791666666666,0.0003,0.004634785351503409,68571.42857142857,0.9563461181004256,9.04369939025945,USA other,,USA other,"VERIFIED (public topic page, rounded)","VERIFIED (public embed, rounded, at fetch)",ESTIMATED (AI-assisted coding of cover frame + caption),151-400,0,500k-1M,0.7142857142857143,1.2,middle
DHMBPpcpswh,siyad_abdali,2300000.0,2.3M,dream-home,Do you like this kind of home? Share it with someone you want to live with,https://www.instagram.com/reel/DHMBPpcpswh/,https://www.instagram.com/popular/dream-home/,1.0,0.5416666666666666,1,luxury_home,luxury_home,2025-03-14T17:16:13.330000+00:00,2025,559,17,Fri,ok,ok,reel,4M followers,4000000.0,2110.0,190731.0,757.0,74,0,True,0,0,False,False,Do you like this kind of home? Share it with someone you want to live with,cover-v2-embed,cover_p1a_002.json,living_room,house,forest,biophilic,dark_luxury,warm,dark,mixed,True,False,,stylized_dreamy,ai_generated,"typical AI-image look: painterly/noisy foliage texture behind glass, idealized glowing pendants, cartoon on TV, overly glossy floor; no AI mention in caption",medium,high,"Moody double-height living room with glass walls onto dense forest, vine-draped skylight, glowing globe pendants and stone fireplace - cozy-dark forest fantasy.",question,Do you like this kind of home? Share it with someone you want to live with,save_share,,,False,theme_page,en,living_room;stairs_hall,green;brown;black;orange,wood;natural_stone;glass;fabric;leather;plants;fire;metal,fireplace,view_reveal;dramatic_scale,4000000.0,embed_reel,0.575,2_GOOD,0.08292652173913044,0.0003291304347826087,0.0039689405497795325,4114.490161001789,-0.38365394418016985,0.41337675889061914,,,,"VERIFIED (public topic page, rounded)","VERIFIED (public embed, rounded, at fetch)",ESTIMATED (AI-assisted coding of cover frame + caption),51-150,0,1M+,0.3333333333333333,0.5054945054945055,bottom50
DS5GYPmAESA,facade_designn,2100000.0,2.1M,futuristic-architecture,✨A futuristic skyscraper inspired by the power of a serpent… 😍Where architecture meets,https://www.instagram.com/reel/DS5GYPmAESA/,https://www.instagram.com/popular/futuristic-architecture/,12.76595744680851,1.0,1,future_arch,future_arch,2025-12-30T15:12:14.757000+00:00,2025,268,15,Tue,ok,ok,reel,47K followers,47000.0,237.0,57868.0,509.0,336,5,False,3,0,False,False,"✨A futuristic skyscraper inspired by the power of a serpent…  😍Where architecture meets nature, this iconic snake-shaped tower symbolizes strength, innovation, and modern urban design…  🌿A vision of the future rising in the heart of the city…  #architecture #modernarchitecture #architecturephotography #luxuryarchitecture #contemporary",cover-v2-embed,cover_r01_012.json,exterior_facade,unusual_structure,city_skyline,futuristic,,neutral,medium,golden_hour,False,False,,fantasy_impossible,ai_generated,"surreal cobra-shaped tower with glowing eye and scale facade, smooth idealized render look typical of AI; caption frames it as a 'vision of the future', no disclosure",low,high,A glass-and-steel cobra-shaped skyscraper towering over a riverside skyline at dusk - an instantly surreal silhouette.,descriptive,✨A futuristic skyscraper inspired by the power of a serpent…,none,,,False,theme_page,en,exterior_facade,silver;gold;blue;pink,glass;metal;water,city_lights,unusual_architecture;dramatic_scale;exterior_reveal,47000.0,embed_reel,44.680851063829785,5_EXTREME_OUTLIER,0.027556190476190477,0.0002423809523809524,0.008795880279256239,7835.820895522388,1.2682670750273612,18.546718272950308,,,,"VERIFIED (public topic page, rounded)","VERIFIED (public embed, rounded, at fetch)",ESTIMATED (AI-assisted coding of cover frame + caption),151-400,4-10,10k-100k,1.0,3.0973451327433628,top10
Da714ebtLOp,miladeshtiyaghi,2100000.0,2.1M,house-in-forest,Jungle House 🌳🤍🌱 Architect & Interior Designer: @miladeshtiyaghi This project is a deeply p,https://www.instagram.com/reel/Da714ebtLOp/,https://www.instagram.com/popular/house-in-forest/,5.777166437414031,0.7916666666666666,1,unusual_home,unusual_home,2026-07-18T12:56:58.384000+00:00,2026,68,12,Sat,ok,ok,reel,642K followers,642000.0,1709.0,,462.0,1399,5,True,3,1,False,True,"Jungle House 🌳🤍🌱 Architect & Interior Designer: @miladeshtiyaghi  This project is a deeply personal expression of my architectural philosophy—minimal, intentional, and intrinsically connected to nature. Nestled on a verdant slope at the foot of a mountain range, the house was envisioned as a quiet gesture to the landscape, not a disruption.  Rather than imposing on the terrain, the structure appears to hover just above it—light, effortless, and respectful of the natural contours. Its clean, elongated form becomes a lens, framing the surrounding jungle like a living canvas. By slightly lifting the volume off the earth, we preserved the integrity of the site while enhancing the home's ethereal presence.  Floor-to-ceiling glazing dissolves the boundary between inside and out, immersing the interior in views and natural light. The interior design follows the same ethos—subdued tones, soft textures, minimal furnishings—all chosen to recede, allowing nature to lead the experience.  Every line, every material, and every proportion was chosen with clarity and calm in mind. This house is more than a dwelling—it's a meditative space, a sanctuary that embraces stillness and slowness. A place to retreat, to breathe, and to simply exist within the rhythm of the land.  Would you live here?  #architecture #minimalism #natureconnected #designinspiration #quietluxury modernretreat jungleliving",cover-v2-embed,cover_r03_038.json,exterior_facade,villa,mountain,minimalist,modern_luxury,neutral,medium,mixed,False,False,,aspirational_realistic,ai_generated,"flat cut-out-looking black horse silhouette, uniformly smooth lawn and idealized composition typical of AI imagery",low,high,"Long white cantilevered glass volume seemingly hovering over a lawn at the foot of a forested mountain at dusk, with a lone horse for scale.",descriptive,Jungle House 🌳🤍🌱,question_engagement,,,False,designer_studio,en,exterior_facade;garden_landscape;living_room,green;white;grey;beige,concrete;glass;plants,none,exterior_reveal;unusual_architecture,642000.0,embed_reel,3.2710280373831777,3_VERY_GOOD,,0.00022,,30882.352941176472,0.2816644136085147,1.9127773197586173,,,,"VERIFIED (public topic page, rounded)","VERIFIED (public embed, rounded, at fetch)",ESTIMATED (AI-assisted coding of cover frame + caption),1000+,4-10,500k-1M,1.0,5.511811023622047,top10
DScqiv1EsV0,luxurydreamhub,2000000.0,2M,luxury-interior;luxury-interior-design;luxury-room;modern-luxury-house-interiors,Redefining modern elegance in a sanctuary of light and luxury. ✨🕊️ Experience the ultimate dream s,https://www.instagram.com/reel/DScqiv1EsV0/,https://www.instagram.com/popular/luxury-interior/,9.523809523809524,0.9166666666666666,4,interior_generic;luxury_home;luxury_room,luxury_room,2025-12-19T14:10:16.643000+00:00,2025,279,14,Fri,ok,ok,reel,1M followers,1000000.0,1144.0,125898.0,575.0,288,10,False,4,0,False,False,Redefining modern elegance in a sanctuary of light and luxury. ✨🕊️ Experience the ultimate dream suite where sophisticated design meets pure comfort. 🏛️💎 #luxuryinteriors #bedroomgoals #modernluxury #aesthetic #homedecor #interiordesign #dreamhome #roominspiration #luxurylifestyle #viral,cover-v2-embed,cover_r06_070.json,bedroom,mansion,none,modern_luxury,glam_feminine,warm,bright,night_artificial,False,False,,stylized_dreamy,ai_generated,"typical AI video artifacts: bedding melts into the floor, smeared/warped furniture in the background, implausibly vast double-height suite with mezzanine",medium,medium,"Cavernous white-marble master suite with crystal chandeliers, cove-lit ceiling and a black-glass mezzanine; the sheer scale is the hook, though AI smearing on the bed is visible.",aspirational,Redefining modern elegance in a sanctuary of light and luxury. ✨🕊️ Experience the ultimate dream suite where sophisticat,none,,,False,theme_page,en,bedroom;living_room,white;cream;black;beige,marble;fabric;glass;metal,none,bed_focus;dramatic_scale,1000000.0,embed_reel,2.0,3_VERY_GOOD,0.062949,0.0002875,0.004567189311982716,7168.458781362007,0.40016887232996173,2.5128633506598987,,,,"VERIFIED (public topic page, rounded)","VERIFIED (public embed, rounded, at fetch)",ESTIMATED (AI-assisted coding of cover frame + caption),151-400,4-10,500k-1M,0.71875,2.3028209556706964,middle
DSa1KOvCKsz,luxuryhouseview,2000000.0,2M,luxury-interior-design,Luxury interior design🤍 💎💫 #luxuryhomes #interiordesign #instagram #reels #tranding,https://www.instagram.com/reel/DSa1KOvCKsz/,https://www.instagram.com/popular/luxury-interior-design/,1.6666666666666667,0.75,1,interior_generic,interior_generic,2025-12-18T21:04:34.103000+00:00,2025,280,21,Thu,ok,ok,reel,389K followers,389000.0,961.0,102441.0,185.0,83,5,False,3,0,False,False,Luxury interior design🤍 💎💫 #luxuryhomes #interiordesign #instagram #reels #tranding,cover-v2-embed,cover_q2_011.json,living_room,none_visible,none,minimalist,modern_luxury,neutral,bright,mixed,False,False,,real_existing,real_footage,handheld phone walkthrough with compression artifacts; Chinese text on TV screen suggests reposted footage,medium,medium,"Stark white-and-black minimalist apartment with glossy white floor, LED cove-lit TV wall and black display cabinet; clean but generic walkthrough frame.",descriptive,Luxury interior design🤍 💎💫 #luxuryhomes #interiordesign #instagram #reels #tranding,none,,,False,theme_page,en,living_room;stairs_hall,white;black;grey,glass;metal;fabric,none,none,389000.0,embed_reel,5.141388174807198,4_VIRAL,0.0512205,9.25e-05,0.001805917552542439,7142.857142857143,0.12721880879418918,1.3403518212560988,,,,"VERIFIED (public topic page, rounded)","VERIFIED (public embed, rounded, at fetch)",ESTIMATED (AI-assisted coding of cover frame + caption),51-150,4-10,100k-500k,0.8,12.658227848101266,middle
DVPdh3uk0XC,luxurydreamhub,2000000.0,2M,dream-home;dubai-luxury-interior-design-trends;futuristic-home;luxury-interior-design,Living in a world of blue hues and boundless luxury. ✨💎 Where high-tech design meets high-end,https://www.instagram.com/reel/DVPdh3uk0XC/,https://www.instagram.com/popular/luxury-interior-design/,7.1301247771836005,0.9166666666666666,4,future_arch;interior_generic;location;luxury_home,luxury_home,2026-02-27T00:40:37.046000+00:00,2026,209,0,Fri,ok,ok,reel,1M followers,1000000.0,1144.0,166230.0,623.0,173,5,False,4,0,False,False,Living in a world of blue hues and boundless luxury. ✨💎 Where high-tech design meets high-end comfort. 🌌🏙️ #interiordesign #modernluxury #homestyling #dreamhome #smartliving,cover-v2-embed,cover_r04_054.json,living_room,mansion,lake_river,modern_luxury,futuristic,cool,bright,blue_hour,True,False,,stylized_dreamy,ai_generated,"waxy over-smooth white surfaces, sparkle glints and LED lines everywhere, softly smeared distant furniture; not disclosed",medium,high,"All-white double-height living room with a huge sectional, glowing LED ceiling, crystal chandelier and curved lit staircase opening onto a blue-hour water-and-hills view.",aspirational,Living in a world of blue hues and boundless luxury. ✨💎 Where high-tech design meets high-end comfort. 🌌🏙️,none,,,False,theme_page,en,living_room;stairs_hall;dining,white;grey;blue;black,marble;glass;fabric;metal,none,view_reveal;dramatic_scale;empty_room,1000000.0,embed_reel,2.0,3_VERY_GOOD,0.083115,0.0003115,0.0037478192865307105,9569.377990430621,-0.16277222597605162,0.6874288806731726,,Dubai/UAE,Dubai/UAE,"VERIFIED (public topic page, rounded)","VERIFIED (public embed, rounded, at fetch)",ESTIMATED (AI-assisted coding of cover frame + caption),151-400,4-10,500k-1M,0.71875,2.3028209556706964,middle
DRH0bWEDGpI,aiforarchitects,2000000.0,2M,los-angeles-house;luxury-real-estate-mansion-exterior,"In the hills of Los Angeles, a mansion that rivals the night itself. Dark stone volumes, glass framed with bronze lines, a gallery-style garage openin",https://www.instagram.com/reel/DRH0bWEDGpI/,https://www.instagram.com/popular/los-angeles-house/,8.16326530612245,1.0,2,location;luxury_home,location,2025-11-16T15:21:12.161000+00:00,2025,312,15,Sun,ok,ok,reel,1M followers,1000000.0,513.0,125649.0,524.0,556,10,False,2,2,False,False,"In the hills of Los Angeles, a mansion that rivals the night itself. Dark stone volumes, glass framed with bronze lines, a gallery-style garage opening into the living room, and a spa-like bathroom suite. Here, architecture is a modern nocturne composed of soft lighting, water reflections, and deep, moody tones.  Designed by @aiforarchitects 📧 info@aiforarchitects.co 🌐 www.aiforarchitects.co  #LosAngeles #MansionDesign #ModernArchitecture #DarkInteriors #LuxuryHouse #ArchitectureLovers #SupercarGarage #UltraLuxuryLiving #aiforarchitects #luxurydesign",cover-v2-embed,cover_p1b_035.json,exterior_facade,mansion,none,dark_luxury,modern_luxury,neutral,dark,blue_hour,False,False,,aspirational_realistic,ai_generated,"account is aiforarchitects; garbled licence-plate lettering and overly smooth, idealized render look typical of AI images",low,high,Black-marble and stone mansion at dusk with LED-lit portals and a silver Porsche parked on a slab bridge over a dark reflecting pool.,descriptive,"In the hills of Los Angeles, a mansion that rivals the night itself. Dark stone volumes, glass framed with bronze lines,",none,Los Angeles,,True,ai_creator,en,exterior_facade;pool;dining,black;grey;white;gold,natural_stone;marble;glass;water;concrete;metal;plants,none,exterior_reveal;water_feature;dramatic_scale,1000000.0,embed_reel,2.0,3_VERY_GOOD,0.0628245,0.000262,0.0041703475554918865,6410.25641025641,0.9404095894287168,8.717853958255054,Los Angeles/California,Los Angeles/California,Los Angeles/California,"VERIFIED (public topic page, rounded)","VERIFIED (public embed, rounded, at fetch)",ESTIMATED (AI-assisted coding of cover frame + caption),401-1000,4-10,500k-1M,0.5714285714285714,1.0,middle
DKhR4_qxUif,wayup_media,2000000.0,2M,desert-modern-house-tours,"Every detail of this modern estate is over the top in the BEST way! Pull into the garage, and the platform lowers your car to a hidden underground lev",https://www.instagram.com/reel/DKhR4_qxUif/,https://www.instagram.com/popular/desert-modern-house-tours/,42.14963119072708,0.9166666666666666,1,unusual_home,unusual_home,2025-06-05T12:59:54.670000+00:00,2025,476,12,Thu,ok,ok,reel,941K followers,941000.0,3170.0,196611.0,623.0,423,4,False,0,5,False,False,"Every detail of this modern estate is over the top in the BEST way! Pull into the garage, and the platform lowers your car to a hidden underground level. Out back, the resort style setting includes a pool with integrated fire and water features.  Architect: @azdarchitects Custom Framing: @nastructures Landscape Architect: @mosher_design Drone: @takeoffdroneproductions @imagesbycc  #modernhomes #realestate #luxury #house",cover-v2-embed,cover_r05_061.json,exterior_facade,mansion,forest,modern_luxury,minimalist,neutral,medium,blue_hour,False,False,The architect went all out with this one...,real_existing,real_footage,real drone footage (drone operators credited in caption),low,high,"Drone shot over a gated modern estate with stone-and-glass facade, glowing LED step lights, a linear fire feature by the gate and a white Porsche and yellow Ferrari on the drive.",aspirational,"Every detail of this modern estate is over the top in the BEST way! Pull into the garage, and the platform lowers your c",none,,,False,media_publication,en,exterior_facade;garden_landscape,white;grey;black;green,natural_stone;marble;glass;concrete;metal;fire,fireplace,text_overlay;exterior_reveal;dramatic_scale,941000.0,embed_reel,2.1253985122210413,3_VERY_GOOD,0.0983055,0.0003115,0.00316869351155327,4201.680672268908,0.8776421244955275,7.544702586694289,,,,"VERIFIED (public topic page, rounded)","VERIFIED (public embed, rounded, at fetch)",ESTIMATED (AI-assisted coding of cover frame + caption),401-1000,4-10,500k-1M,0.5,0.6557377049180327,bottom50
DVrk07ojSsm,roomify.design,1700000.0,1.7M,interior-styling,Turning an empty room into a warm luxury bedroom. The right textures + lighting make all the difference. Would you live here? #homest,https://www.instagram.com/reel/DVrk07ojSsm/,https://www.instagram.com/popular/interior-styling/,4.07185628742515,0.9166666666666666,1,interior_generic,interior_generic,2026-03-09T22:43:07.306000+00:00,2026,199,22,Mon,ok,ok,reel,62K followers,62000.0,152.0,21426.0,158.0,205,5,True,0,0,False,True,Turning an empty room into a warm luxury bedroom. The right textures + lighting make all the difference. Would you live here? #homestaging #beforeandafter #interiordesign #luxurybedroom #roomtransformation,cover-v2-embed,cover_q2_012.json,bedroom,none_visible,none,warm_luxury,organic_modern,warm,bright,mixed,False,False,,aspirational_realistic,ai_generated,"flawless render-like polish with perfectly smooth, uniform textures and symmetric staging typical of AI virtual staging; no disclosure in caption",high,high,"Symmetric warm-neutral bedroom with backlit fluted walnut wall, brass pendants, pill mirrors and bouclé bench; polished staging eye candy.",descriptive,Turning an empty room into a warm luxury bedroom. The right textures + lighting make all the difference. Would you live ,question_engagement,,,False,designer_studio,en,bedroom,beige;brown;white;gold,wood;fabric;metal;glass;plants,none,bed_focus,62000.0,embed_reel,27.419354838709676,5_EXTREME_OUTLIER,0.012603529411764706,9.294117647058824e-05,0.007374218239522076,8542.713567839195,1.080264683806145,12.02997386405181,,,,"VERIFIED (public topic page, rounded)","VERIFIED (public embed, rounded, at fetch)",ESTIMATED (AI-assisted coding of cover frame + caption),151-400,4-10,10k-100k,1.0,5.044510385756676,top10
DXUt-pOM8ZE,sunt_mrr,1700000.0,1.7M,bali-infinity-pool-villas;bali-luxury-villas-with-private-pools,Dream circle villa in Bali🌱✨ Design: @sunt_mrr,https://www.instagram.com/reel/DXUt-pOM8ZE/,https://www.instagram.com/popular/bali-luxury-villas-with-private-pools/,38.94616265750286,1.0,2,location,location,2026-04-19T18:43:20.821000+00:00,2026,158,18,Sun,ok,ok,reel,2M followers,2000000.0,728.0,68484.0,596.0,47,0,False,2,1,False,False,Dream circle villa in Bali🌱✨  Design: @sunt_mrr,cover-v2-embed,cover_r04_051.json,pool,villa,jungle_tropical,tropical,modern_luxury,neutral,medium,golden_hour,False,False,Plan A,stylized_dreamy,ai_generated,"idealized painterly mist over rice terraces, flawless mirror reflections and soft smeared foliage typical of AI imagery; 'Design:' concept credit, no real-place name",low,high,"Circular cantilevered infinity pool hovering over misty Bali rice terraces, with a 'Plan A' overlay setting up a choice format.",aspirational,Dream circle villa in Bali🌱✨,none,Bali,,False,ai_creator,en,pool;terrace_outdoor;exterior_facade,green;black;grey;white,water;natural_stone;wood;glass;plants,fog,text_overlay;pool;view_reveal;unusual_architecture;exterior_reveal,2000000.0,embed_reel,0.85,2_GOOD,0.04028470588235294,0.00035058823529411767,0.008702762689095263,10759.493670886075,0.6437403492841165,4.402915486312641,Bali/Indonesia,Bali/Indonesia,Bali/Indonesia,"VERIFIED (public topic page, rounded)","VERIFIED (public embed, rounded, at fetch)",ESTIMATED (AI-assisted coding of cover frame + caption),1-50,0,1M+,0.4444444444444444,0.5862068965517241,bottom50
DFXKj2_CIyM,travelask.world,1600000.0,1.6M,mediterranean-villa,"🍋 Imagine, a luxurious villa on the Amalfi Coast, surrounded by lemon trees, in the heart of the homeland of limoncello. 🥰 Breathtaking views of the s",https://www.instagram.com/reel/DFXKj2_CIyM/,https://www.instagram.com/popular/mediterranean-villa/,55.94405594405595,0.9166666666666666,1,luxury_home,luxury_home,2025-01-28T08:06:28.951000+00:00,2025,604,8,Tue,ok,ok,reel,681K followers,681000.0,764.0,94992.0,798.0,423,0,False,3,0,False,False,"🍋 Imagine, a luxurious villa on the Amalfi Coast, surrounded by lemon trees, in the heart of the homeland of limoncello. 🥰 Breathtaking views of the sea, vibrant interiors with sunny yellow accents, and a pool with lemon mosaic create the atmosphere of true Italian coziness and hospitality. 💛Every detail here reflects the spirit of Southern Italy, infused with the scent of lemons and the warmth of the Mediterranean sun.",cover-v2-embed,cover_r07_085.json,exterior_facade,villa,cliff,mediterranean,classical_luxury,warm,bright,golden_hour,False,False,AM I DREAMING?,stylized_dreamy,ai_generated,"typical AI look: implausibly dense oversized lemons everywhere, over-ornamented white facade, smooth idealized rendering; caption does not disclose AI",low,high,"Ornate white cliffside villa with pool dripping with giant lemons above the Amalfi sea, with a dreamy 'AM I DREAMING?' overlay.",fantasy,"🍋 Imagine, a luxurious villa on the Amalfi Coast, surrounded by lemon trees, in the heart of the homeland of limoncello.",none,Amalfi Coast,,False,theme_page,en,exterior_facade;pool;terrace_outdoor,white;yellow;blue;green,plaster;natural_stone;water;plants;metal;glass,none,text_overlay;exterior_reveal;pool;dramatic_scale,681000.0,embed_reel,2.3494860499265786,3_VERY_GOOD,0.05937,0.00049875,0.008400707427993936,2649.0066225165565,0.6719068739902048,4.69793359749665,Lake Como/Italy,,Lake Como/Italy,"VERIFIED (public topic page, rounded)","VERIFIED (public embed, rounded, at fetch)",ESTIMATED (AI-assisted coding of cover frame + caption),401-1000,0,500k-1M,0.6666666666666666,1.2307692307692308,middle
DLw2rFDMqZ9,sunt_mrr,1600000.0,1.6M,tropical-house-architecture-styles,Dream tropical villa . . . . . . . . . . . . . . . . #midjourney #luxuryhomes #mansion #bedroomdesign #interiør #mariadudkina #luxuryinteriors #villa,https://www.instagram.com/reel/DLw2rFDMqZ9/,https://www.instagram.com/popular/tropical-house-architecture-styles/,6.722689075630252,0.9166666666666666,1,architecture,architecture,2025-07-06T10:41:19.455000+00:00,2025,445,10,Sun,ok,ok,reel,2M followers,2000000.0,728.0,83653.0,820.0,199,13,False,0,0,False,False,Dream tropical villa . . . . . . . . . . . . . . . . #midjourney #luxuryhomes #mansion #bedroomdesign #interiør #mariadudkina #luxuryinteriors #villa #homedesign #black #homes #houses #aiarchitecture,cover-v2-embed,cover_r13_153.json,exterior_facade,villa,cliff,tropical,modern_luxury,warm,bright,golden_hour,False,False,,stylized_dreamy,ai_generated,caption tags #midjourney and #aiarchitecture; idealized hyper-clean render look,low,high,"Cliff-edge tropical villa with curved infinity pool on stone arches, waterfall below and twin peaks over the ocean at golden hour.",aspirational,Dream tropical villa,none,,,True,ai_creator,en,exterior_facade;pool;terrace_outdoor,green;blue;beige;grey,natural_stone;glass;wood;water;plants,none,exterior_reveal;pool;view_reveal;water_feature;dramatic_scale,2000000.0,embed_reel,0.8,2_GOOD,0.052283125,0.0005125,0.00980239800126714,3595.505617977528,0.14332898098462454,1.3910059285491074,,,,"VERIFIED (public topic page, rounded)","VERIFIED (public embed, rounded, at fetch)",ESTIMATED (AI-assisted coding of cover frame + caption),151-400,11-20,1M+,0.3333333333333333,0.5517241379310345,bottom50
DVy7BDyE0-d,divaa.finds,1500000.0,1.5M,bedroom-decor;bedroom-design,🛏 My bedroom transformation is complete with Temu's Aesthetic White Bedroom essentials! ✨ From minimalist furniture to soft bedding and perfect lighti,https://www.instagram.com/reel/DVy7BDyE0-d/,https://www.instagram.com/popular/bedroom-design/,1.6008537886873,0.75,2,room_generic,room_generic,2026-03-12T19:11:42.013000+00:00,2026,196,19,Thu,ok,ok,reel,764K followers,764000.0,1203.0,158959.0,332.0,399,5,False,3,0,False,False,"🛏 My bedroom transformation is complete with Temu's Aesthetic White Bedroom essentials! ✨ From minimalist furniture to soft bedding and perfect lighting, this collection brings simplicity and serenity to your space. Use my code [aci741570] to start creating your own peaceful bedroom for $0 with qualifying orders today! T&Cs apply 💚 #temu #bedroomdesign #minimaliststyle #whitebedroom #bedroomdecor",cover-v2-embed,cover_q0_000.json,bedroom,none_visible,none,other,,neutral,bright,daylight,False,True,before...,real_existing,real_footage,"handheld phone POV of a real empty carpeted room, a hand opening the door, real camera look",low,medium,POV door-opening onto a bare carpeted room labelled 'before...' sets up a transformation reveal.,promotional,🛏 My bedroom transformation is complete with Temu's Aesthetic White Bedroom essentials! ✨,shop_product,,$0,False,lifestyle_influencer,en,bedroom,grey;white;beige,fabric,none,text_overlay;door_or_threshold;empty_room;person,764000.0,embed_reel,1.963350785340314,2_GOOD,0.10597266666666667,0.00022133333333333334,0.0020885888814096715,7653.061224489796,0.04264690838184154,1.1031813428452741,,,,"VERIFIED (public topic page, rounded)","VERIFIED (public embed, rounded, at fetch)",ESTIMATED (AI-assisted coding of cover frame + caption),151-400,4-10,500k-1M,0.6,1.0,middle
DB_vtY4IzpI,theluxuryhomeshow,1500000.0,1.5M,luxury-house-tour;luxury-mansion,"This $48,000,000 Fort Lauderdale home actually features 3 floors, with an incredible theatre room on the top floor 👀 Amazing to see already over 6 mil",https://www.instagram.com/reel/DB_vtY4IzpI/,https://www.instagram.com/popular/luxury-mansion/,4.702194357366771,0.9166666666666666,2,luxury_home,luxury_home,2024-11-05T16:15:08.361000+00:00,2024,688,16,Tue,ok,ok,reel,2M followers,2000000.0,2361.0,,411.0,441,6,False,2,3,False,False,"This $48,000,000 Fort Lauderdale home actually features 3 floors, with an incredible theatre room on the top floor 👀  Amazing to see already over 6 million views on this incredible home across our channels!  Head over to our YouTube for the full tour. Thanks again to @realorendagan @crewzzofficial for showing us around! 🙌  Listed for sale by @rick_teed  #theluxuryhomeshow #luxuryhomes #luxurylifestyle #mansiontour #homedesign #luxuryhome",cover-v2-embed,cover_r04_048.json,exterior_facade,mansion,none,modern_luxury,dark_luxury,neutral,medium,overcast_rain,False,True,,real_existing,real_footage,real wide-angle phone footage of an existing house with a presenter and parked car,low,high,"Presenter with outstretched arms in front of a black-marble-clad modern mansion with a matte black SUV, a classic luxury-tour opener.",money,"This $48,000,000 Fort Lauderdale home actually features 3 floors, with an incredible theatre room on the top floor 👀",link_in_bio,Fort Lauderdale,"$48,000,000",False,media_publication,en,exterior_facade,black;grey;green;brown,marble;glass;wood;natural_stone;metal;plants,none,exterior_reveal;person;dramatic_scale,2000000.0,embed_reel,0.75,2_GOOD,,0.000274,,2180.232558139535,0.41061845340665337,2.5740587407620725,Other,,Other,"VERIFIED (public topic page, rounded)","VERIFIED (public embed, rounded, at fetch)",ESTIMATED (AI-assisted coding of cover frame + caption),401-1000,4-10,1M+,0.8888888888888888,7.425742574257426,middle
Cyl3Py1v64k,glashaus.realestate,1500000.0,1.5M,houses-on-malibu-beach;malibu-house,"this view is about as good as it gets… $10,450,000 in malibu. listed by: @rober",https://www.instagram.com/reel/Cyl3Py1v64k/,https://www.instagram.com/popular/malibu-house/,56.28517823639775,1.0,2,location,location,2023-10-19T19:09:50.276000+00:00,2023,1071,19,Thu,ok,ok,reel,296K followers,296000.0,537.0,76796.0,548.0,602,29,False,0,3,False,False,"this view is about as good as it gets… $10,450,000 in malibu.  listed by: @robertehowellgroup @hoshsellshomes  Robert Howell dre# 01229400  Hasitha Mahaseelarathnage dre# 02131447  @kwofbeverlyhills dre# 01428775 . . . . #luxurylife #luxurylifestyle #luxuryliving #luxurylistings #luxuryhomes #luxuryhome #luxuryhouses #luxuryhomedecor #luxuryhomedesign #malibu #malibubeach #oceanview #maliburealestate #malibuhomes #privatebeach #view #viewforview #modernhome #homedecor #home #homesweethome #homedesign #homeinspiration #homedecoration #homestyle #realestate #losangeles #california #losangeleshomes",cover-v2-embed,cover_r05_057.json,bedroom,house,ocean_beach,modern_luxury,minimalist,cool,bright,daylight,True,False,,real_existing,real_footage,handheld phone footage of a real listing with blown-out window exposure; caption lists listing agents and DRE numbers,medium,medium,Floor-to-ceiling sliding glass in a white bedroom frames a sun-glittered Pacific horizon and balcony lounge chairs.,money,"this view is about as good as it gets… $10,450,000 in malibu.",none,"Malibu, California","$10,450,000",False,real_estate,en,bedroom;terrace_outdoor,white;grey;blue;black,glass;fabric;metal;wood,none,view_reveal;empty_room,296000.0,embed_reel,5.0675675675675675,4_VIRAL,0.05119733333333333,0.00036533333333333334,0.007135788322308454,1400.5602240896358,1.1345916743133622,13.633007521397845,Los Angeles/California,Los Angeles/California,Los Angeles/California,"VERIFIED (public topic page, rounded)","VERIFIED (public embed, rounded, at fetch)",ESTIMATED (AI-assisted coding of cover frame + caption),401-1000,21+,100k-500k,1.0,1.8963337547408343,top10
DRM0OvLEswF,luxurydreamhub,1400000.0,1.4M,luxury-apartment-interior-design-ideas-2026,"Sleek marble floors meet soft neutral luxury. ✨🛋️ The open-concept living and dining area, subtle ambient",https://www.instagram.com/reel/DRM0OvLEswF/,https://www.instagram.com/popular/luxury-apartment-interior-design-ideas-2026/,5.544554455445544,0.9166666666666666,1,luxury_home,luxury_home,2025-11-18T13:55:41.039000+00:00,2025,310,13,Tue,ok,ok,reel,1M followers,1000000.0,1144.0,32028.0,214.0,340,13,False,2,0,False,False,"Sleek marble floors meet soft neutral luxury. ✨🛋️ The open-concept living and dining area, subtle ambient lighting, and modern fireplace create a truly sophisticated sanctuary.  #LuxuryInteriors #ModernLiving #MarbleFloors #OpenConcept #NeutralDesign #InteriorGoals #SleekStyle #LuxuryHome #DesignInspo #Aesthetic #Viral #ForYou #DreamSpace",cover-v2-embed,cover_r11_131.json,living_room,apartment,city_skyline,modern_luxury,minimalist,neutral,bright,mixed,True,False,米凌工作室,aspirational_realistic,3d_render,clean CG render look with perfect reflections and uniform spot lighting; Chinese studio watermark (米凌工作室) typical of visualization studios,medium,high,"Wide-angle view across a glossy marble-floored living room with a linear fireplace, leading the eye to a dining area framed by a lit high-rise skyline window.",descriptive,"Sleek marble floors meet soft neutral luxury. ✨🛋️ The open-concept living and dining area, subtle ambient lighting, and",none,,,False,theme_page,en,living_room;dining,beige;grey;white;black,marble;glass;fabric;fire;metal;plants,fireplace;city_lights,view_reveal;empty_room,1000000.0,embed_reel,1.4,2_GOOD,0.022877142857142856,0.00015285714285714287,0.006681653553141002,4516.129032258064,0.354671263371735,2.262930747153464,,,,"VERIFIED (public topic page, rounded)","VERIFIED (public embed, rounded, at fetch)",ESTIMATED (AI-assisted coding of cover frame + caption),151-400,11-20,500k-1M,0.625,1.6119746689694876,middle
DLFVAhcsAhA,wayup_media,1300000.0,1.3M,luxury-mansion;luxury-real-estate-mansion-exterior,"This home speaks for itself 😮‍💨 That entrance is unreal and out back, it only gets better. Pool, spa, and fire features. Tag the first person you're i",https://www.instagram.com/reel/DLFVAhcsAhA/,https://www.instagram.com/popular/luxury-mansion/,5.038759689922481,0.75,2,luxury_home,luxury_home,2025-06-19T12:59:48.754000+00:00,2025,462,12,Thu,ok,ok,reel,941K followers,941000.0,3170.0,92846.0,885.0,247,4,False,2,2,False,False,"This home speaks for itself 😮‍💨 That entrance is unreal and out back, it only gets better. Pool, spa, and fire features. Tag the first person you're inviting over!  Landscape: @pjelawncare Builder: @hbdbuilder  #luxury #homes #backyard #realestate",cover-v2-embed,cover_r03_039.json,exterior_facade,mansion,none,modern_luxury,,neutral,medium,blue_hour,False,False,,real_existing,real_footage,"handheld phone footage of a real house at dusk with a real white SUV, natural sky gradient and sensor noise",low,high,"Symmetrical limestone mansion at dusk with a glowing double-height glass entry and chandelier, lit steps, fire bowls and a white luxury SUV on a wide paver driveway reads instantly as wealth.",aspirational,"This home speaks for itself 😮‍💨 That entrance is unreal and out back, it only gets better. Pool, spa, and fire features.",tag_friend,,,False,theme_page,en,exterior_facade;garden_landscape,grey;beige;white;black,natural_stone;glass;metal;fire;plants;concrete,none,exterior_reveal;door_or_threshold;dramatic_scale,941000.0,embed_reel,1.381509032943677,2_GOOD,0.07142,0.0006807692307692308,0.009531913060336471,2813.852813852814,0.2634203146523296,1.8340886134572523,,,,"VERIFIED (public topic page, rounded)","VERIFIED (public embed, rounded, at fetch)",ESTIMATED (AI-assisted coding of cover frame + caption),151-400,4-10,500k-1M,0.4166666666666667,0.4262295081967213,bottom50
DOcrXxqknf7,naturesms,1300000.0,1.3M,house-in-the-forest,"Find a place where no one is, listen to a quiet music, listen to the rain in the mount",https://www.instagram.com/reel/DOcrXxqknf7/,https://www.instagram.com/popular/house-in-the-forest/,1.9316493313521546,0.75,1,unusual_home,unusual_home,2025-09-11T04:11:56.462000+00:00,2025,378,4,Thu,ok,ok,reel,10M followers,10000000.0,3511.0,62238.0,224.0,205,1,False,0,0,False,False,"Find a place where no one is, listen to a quiet music, listen to the rain in the mountains, feel the wind in the forest, and your heart will be calm. Everything will not be so important anymore. #naturesms",cover-v2-embed,cover_r04_048.json,bedroom,unusual_structure,forest,organic_modern,biophilic,warm,medium,overcast_rain,True,False,,stylized_dreamy,ai_generated,AI-typical idealized cave-room composition with smooth rock overhang merging into glazing and jumbled shelf objects; not disclosed in caption,medium,high,"Floor-level bed tucked under a rock cave overhang facing a huge window onto misty rainforest trees, a strong cozy-refuge contrast.",aspirational,"Find a place where no one is, listen to a quiet music, listen to the rain in the mountains, feel the wind in the forest,",none,,,False,theme_page,en,bedroom;office,brown;grey;blue;green,wood;natural_stone;glass;fabric;plants;rattan,fog,view_reveal;bed_focus;unusual_architecture,10000000.0,embed_reel,0.13,1_NORMAL,0.04787538461538462,0.0001723076923076923,0.0035990873742729524,3439.153439153439,-0.5288133968691154,0.29592837076350703,,,,"VERIFIED (public topic page, rounded)","VERIFIED (public embed, rounded, at fetch)",ESTIMATED (AI-assisted coding of cover frame + caption),151-400,1-3,1M+,1.0,3.3678756476683938,top10
DKjJ6KTNhc1,aureliestory,1200000.0,1.2M,saudi-arabia-architecture,"@aureliestory this is not AI, this is Saudi Arabia ✨",https://www.instagram.com/reel/DKjJ6KTNhc1/,https://www.instagram.com/popular/saudi-arabia-architecture/,3.183023872679045,0.75,1,location,location,2025-06-06T06:28:38.783000+00:00,2025,475,6,Fri,ok,ok,reel,3M followers,3000000.0,2696.0,109666.0,167.0,38,0,False,1,0,False,False,"this is not AI, this is Saudi Arabia ✨",cover-v2-embed,cover_r09_109.json,pool,unusual_structure,desert,modern_luxury,minimalist,warm,medium,blue_hour,False,True,SAUDI ARABIA,real_existing,real_footage,drone footage of a real site; caption explicitly states it is not AI,low,high,"Drone shot of a flat-roofed glass pavilion with a turquoise infinity pool cantilevered inside a sandstone canyon, a tiny swimmer and lit lanterns giving scale.",contrarian,"this is not AI, this is Saudi Arabia ✨",none,Saudi Arabia,,False,lifestyle_influencer,en,pool;terrace_outdoor;exterior_facade,beige;tan;turquoise;white,natural_stone;concrete;glass;water,none,text_overlay;exterior_reveal;pool;unusual_architecture;dramatic_scale,3000000.0,embed_reel,0.4,1_NORMAL,0.09138833333333334,0.00013916666666666667,0.0015228056097605456,2526.315789473684,-0.09681622429248771,0.8001727838549143,Saudi/Qatar/Gulf,Saudi/Qatar/Gulf,Saudi/Qatar/Gulf,"VERIFIED (public topic page, rounded)","VERIFIED (public embed, rounded, at fetch)",ESTIMATED (AI-assisted coding of cover frame + caption),1-50,0,1M+,0.4,0.375,bottom50
DLx_3fsI3kn,divaa.finds,1000000.0,1M,bedroom-decor;dream-bedroom,"Welcome to my cozy, dreamy bedroom — the space that truly feels like home. From soft lighti",https://www.instagram.com/reel/DLx_3fsI3kn/,https://www.instagram.com/popular/dream-bedroom/,1.5174506828528074,0.5833333333333334,2,luxury_room;room_generic,luxury_room,2025-07-06T21:20:54.193000+00:00,2025,445,21,Sun,ok,ok,reel,764K followers,764000.0,1203.0,103979.0,540.0,855,30,True,2,0,False,True,"Welcome to my cozy, dreamy bedroom — the space that truly feels like home. From soft lighting to aesthetic decor, every corner of my room is designed to bring me peace, comfort, and a little sparkle of personality. Whether it's my cozy bedding, minimalist furniture, or decorative touches from Amazon and Temu, everything in this room has been handpicked to create a vibe I never want to leave.  Looking to recreate this room for yourself? ✨ Tap the link in my bio to shop all my favorite items. 💬 Or comment ""ROOM"" below and I'll DM you the full list directly!  Tags: #room #home #hotel #interiordesign #design #homedecor #decor #roomdecor #bedroom #interior #love #art #travel #house #livingroom #decoration #luxury #escape #instagood #vacation #like #photography #fashion #escaperoom #furniture #bed #instagram #architecture #roominspiration #hotelroom",cover-v2-embed,cover_p1c_071.json,bedroom,none_visible,none,glam_feminine,,neutral,bright,mixed,False,False,my room,real_existing,real_footage,"Real camera footage: natural sun flare and lens ghosting, carpet texture, lived-in details",high,high,"Sun-flared white-and-pink bedroom with a tufted daybed, faux-fur throws, heart pillows, LED strip and a Hollywood vanity, a relatable and highly shoppable dream room.",descriptive,"Welcome to my cozy, dreamy bedroom — the space that truly feels like home. From soft lighting to aesthetic decor, every ",comment_keyword,,,False,lifestyle_influencer,en,bedroom,white;grey;pink,fabric;glass,none,bed_focus;text_overlay,764000.0,embed_reel,1.3089005235602094,2_GOOD,0.103979,0.00054,0.0051933563508016044,2247.191011235955,-0.1334443506738398,0.7354542285635159,,,,"VERIFIED (public topic page, rounded)","VERIFIED (public embed, rounded, at fetch)",ESTIMATED (AI-assisted coding of cover frame + caption),401-1000,21+,500k-1M,0.4,0.6666666666666666,bottom50
DOag--Wk0uU,glashaus.realestate,1000000.0,1M,beverly-hills-mansion;los-angeles-house,"$33,500,000 in beverly hills #view #viewforview #hollywoodhills",https://www.instagram.com/reel/DOag--Wk0uU/,https://www.instagram.com/popular/beverly-hills-mansion/,4.081632653061225,0.9166666666666666,2,location,location,2025-09-10T08:02:41.542000+00:00,2025,379,8,Wed,ok,ok,reel,296K followers,296000.0,537.0,54273.0,312.0,435,28,False,0,0,False,False,"$33,500,000 in beverly hills  #view #viewforview #hollywoodhills #hollywoodhillsrealestate #luxuryhome #luxuryhomes #luxuryhometour #hometour #hometours #housetour #housetours #luxuryhomedecor #luxuryhomedesign #luxuryhomebuilder #luxuryhomesforsale #luxuryhomestyle #luxuryhomestaging #luxuryhomeinteriors #luxuryhomestyles #luxuryhomedecoration #home #homedesign #homedecor #homestyle #homeinspiration #house #housedesign #housegoals",cover-v2-embed,cover_r04_045.json,living_room,mansion,city_skyline,modern_luxury,organic_modern,neutral,bright,daylight,True,False,,real_existing,real_footage,wide-angle phone footage with lens distortion and real sun patches/glare,medium,high,Double-height living room whose fully retracted glass wall opens onto a palm-lined terrace and hazy city view; indoor-outdoor scale reveal.,money,"$33,500,000 in beverly hills",none,Beverly Hills,"$33,500,000",False,real_estate,en,living_room;terrace_outdoor,beige;white;blue;brown,glass;wood;fabric;plants;metal,none,view_reveal;dramatic_scale,296000.0,embed_reel,3.3783783783783785,3_VERY_GOOD,0.054273,0.000312,0.005748714830578741,2638.5224274406332,0.6539227889999786,4.5073656326394325,Los Angeles/California,Los Angeles/California,Los Angeles/California,"VERIFIED (public topic page, rounded)","VERIFIED (public embed, rounded, at fetch)",ESTIMATED (AI-assisted coding of cover frame + caption),401-1000,21+,100k-500k,0.8,1.2642225031605563,middle
DTS4A5tCH-o,travelask.world,1000000.0,1M,arctic-treehouse-hotel-rovaniemi;treehouse-hotel,"✨The best unique treehouses and elevated cabins around the world 📍 Treehotel — Harads, Sweden Designer treehouses set in a northern forest — minimalis",https://www.instagram.com/reel/DTS4A5tCH-o/,https://www.instagram.com/popular/treehouse-hotel/,5.9880239520958085,0.9166666666666666,2,hotel_resort,hotel_resort,2026-01-09T15:26:58.739000+00:00,2026,258,15,Fri,ok,ok,reel,681K followers,681000.0,764.0,28070.0,332.0,1375,0,False,11,0,False,False,"✨The best unique treehouses and elevated cabins around the world  📍 Treehotel — Harads, Sweden Designer treehouses set in a northern forest — minimalist style, silence, and total immersion in nature.  📍 Arctic TreeHouse Hotel — Rovaniemi, Finland Cabins on stilts with panoramic windows overlooking Lapland's forests and winter skies.  📍 Hapuku Lodge & Tree Houses — Kaikoura, New Zealand Elevated treehouses surrounded by nature, with views stretching from mountains to the ocean.  📍 Tsala Treetop Lodge — Plettenberg Bay, South Africa Luxury suites suspended above a forested gorge, offering complete privacy.  📍 Keemala — Phuket, Thailand Iconic ""bird's nest"" villas hidden in the jungle, creating a fairytale sense of seclusion.  📍 Lion Sands Chalkley Treehouse — Kruger National Park, South Africa An open-air treehouse platform for a once-in-a-lifetime night under the stars in the wild.  📍 Free Spirit Spheres — Vancouver Island, Canada Suspended spherical cabins in a forest — a truly unusual and meditative stay.  📍 Treehouse Point — Washington State, USA Cozy treehouses by the river, perfect for a quiet nature escape.  📍 Chewton Glen Treehouses — New Forest, England Premium treehouse suites in an English woodland with full five-star hotel comfort.  📍 Azulik — Tulum, Mexico Artistic treehouse-style villas blending nature, design, and a retreat-like atmosphere.",cover-v2-embed,cover_r07_090.json,exterior_facade,treehouse,snow,futuristic,rustic_cozy,cool,dark,blue_hour,False,False,an escape like this.,stylized_dreamy,ai_generated,"typical AI look: glossy, melted-looking snow-capped domes, inconsistent walkway/stair geometry, uniform dreamy glow; cluster does not clearly match any property named in caption; no AI disclosure",low,high,Aerial blue-hour view of glowing geodesic dome pods on stilts linked by wooden walkways in a snowy forest; strong cozy-fairytale mood.,aspirational,✨The best unique treehouses and elevated cabins around the world,none,"Harads, Sweden; Rovaniemi, Finland; Kaikoura, New Zealand; Plettenberg Bay, South Africa; Phuket, Thailand; Kruger National Park, South Africa; Vancouver Island, Canada; Washington State, USA; New Forest, England; Tulum, Mexico",,False,theme_page,en,exterior_facade,blue;white;brown;gold,glass;metal;wood,snow,text_overlay;exterior_reveal;unusual_architecture,681000.0,embed_reel,1.4684287812041117,2_GOOD,0.02807,0.000332,0.011827573922337015,3875.968992248062,0.7305497586905435,5.377120372072177,London/UK,,London/UK,"VERIFIED (public topic page, rounded)","VERIFIED (public embed, rounded, at fetch)",ESTIMATED (AI-assisted coding of cover frame + caption),1000+,0,500k-1M,0.5,0.7692307692307693,bottom50
DZQwuGBhHgb,roxy_carretero,1000000.0,1M,home-decor,"Follow & Comment ""SHOP"" for links 🔗💌 Mi lugar favorito 🤍. #homedecor #interiordesign",https://www.instagram.com/reel/DZQwuGBhHgb/,https://www.instagram.com/popular/home-decor/,1.1947431302270013,0.5833333333333334,1,decor_commerce,decor_commerce,2026-06-06T22:53:07.676000+00:00,2026,110,22,Sat,ok,ok,reel,54K followers,54000.0,525.0,64145.0,1302.0,186,5,False,3,0,False,True,"Follow & Comment ""SHOP"" for links 🔗💌 Mi lugar favorito 🤍. #homedecor #interiordesign #livingroomdecor #homeinspo #interiorinspo cozyhome modernhome neutraldecor homestyling homeaesthetic",cover-v2-embed,cover_q0_001.json,living_room,none_visible,none,organic_modern,minimalist,warm,medium,mixed,False,False,HOME 🤍,real_existing,real_footage,real phone footage of a lived-in living room with warm lamp light and sheer curtains,high,medium,"Warm neutral living-room corner - cream sofa, rust pillow, olive tree, linear sconce and arched textured art - glowing under lamp light.",promotional,"Follow & Comment ""SHOP"" for links 🔗💌 Mi lugar favorito 🤍. #homedecor #interiordesign #livingroomdecor #homeinspo #interi",comment_keyword,,,False,lifestyle_influencer,en,living_room,beige;white;brown;green,fabric;wood;plants;plaster;metal,none,text_overlay,54000.0,embed_reel,18.51851851851852,4_VIRAL,0.064145,0.001302,0.020297762880972795,9090.90909090909,0.1057145876873802,1.2756002265047506,,,,"VERIFIED (public topic page, rounded)","VERIFIED (public embed, rounded, at fetch)",ESTIMATED (AI-assisted coding of cover frame + caption),151-400,4-10,10k-100k,0.8,1.4836795252225519,middle
DUi6zDJga0_,luxurydreamhub,1000000.0,1M,ultra-modern-luxury-house-design,Finding tranquility in the curves of modern design. ✨ A spiral of elegance that leads to a world of luxury and light. 🏛️💎 ​#interiordesign #luxuryhome,https://www.instagram.com/reel/DUi6zDJga0_/,https://www.instagram.com/popular/ultra-modern-luxury-house-design/,2.5839793281653747,0.75,1,luxury_home,luxury_home,2026-02-09T17:30:32.684000+00:00,2026,227,17,Mon,ok,ok,reel,1M followers,1000000.0,1144.0,33762.0,61.0,182,4,False,3,0,False,False,Finding tranquility in the curves of modern design. ✨ A spiral of elegance that leads to a world of luxury and light. 🏛️💎 #interiordesign #luxuryhomes #modernarchitecture #homedesign,cover-v2-embed,cover_r12_144.json,exterior_facade,house,none,brutalist,modern_luxury,cool,medium,blue_hour,False,True,Finding tranquility in the curves of modern design,aspirational_realistic,ai_generated,overly smooth uniform concrete and soft generic figures typical of AI imagery; theme page; not disclosed,low,medium,"Raw-concrete modern house under construction (scaffolding, plastic-wrapped windows) with sweeping curved entry stair.",aspirational,Finding tranquility in the curves of modern design. ✨ A spiral of elegance that leads to a world of luxury and light. 🏛️,none,,,False,theme_page,en,exterior_facade;terrace_outdoor,grey;blue;white,concrete;glass;metal,none,text_overlay;exterior_reveal,1000000.0,embed_reel,1.0,2_GOOD,0.033762,6.1e-05,0.0018067650020733368,4405.286343612334,-0.15057165362472516,0.707014541740966,,,,"VERIFIED (public topic page, rounded)","VERIFIED (public embed, rounded, at fetch)",ESTIMATED (AI-assisted coding of cover frame + caption),151-400,4-10,500k-1M,0.5625,1.1514104778353482,middle
DUWxMeTCn65,exploringdreamhomes,996000.0,996K,ai-generated-house;ai-house,So beautiful ❤️😍,https://www.instagram.com/reel/DUWxMeTCn65/,https://www.instagram.com/popular/ai-generated-house/,26.419098143236074,1.0,2,ai,ai,2026-02-05T00:15:44.895000+00:00,2026,231,0,Thu,ok,ok,reel,177K followers,177000.0,167.0,46378.0,728.0,16,0,False,2,0,False,False,So beautiful ❤️😍,cover-v2-embed,cover_r06_079.json,exterior_facade,house,none,mediterranean,,warm,bright,daylight,False,False,,aspirational_realistic,ai_generated,"typical AI image look: hyper-clean symmetric composition, uniformly smooth textures, generic blurred background details; caption has no disclosure",low,high,"Symmetric sunlit cottage facade with terracotta tile roof, white columns, black lanterns and a stone path through a lush garden - an attainable dream-small-home look.",descriptive,So beautiful ❤️😍,none,,,False,theme_page,en,exterior_facade;garden_landscape,white;terracotta;green;black,natural_stone;glass;metal;plants;plaster,none,exterior_reveal;door_or_threshold,177000.0,embed_reel,5.627118644067797,4_VIRAL,0.04656425702811245,0.0007309236947791165,0.015697097761869852,4311.688311688312,0.5870070867812843,3.863732818097502,,,,"VERIFIED (public topic page, rounded)","VERIFIED (public embed, rounded, at fetch)",ESTIMATED (AI-assisted coding of cover frame + caption),1-50,0,100k-500k,1.0,1.79136690647482,top10
DUrqKptkjjA,styltechinterior_official,994000.0,994K,living-room-design;modern-living-room,"This Living Room Setup Looks So Premium, You Can't Ignore the Details 😍✨",https://www.instagram.com/reel/DUrqKptkjjA/,https://www.instagram.com/popular/modern-living-room/,2.6296296296296298,0.75,2,room_generic,room_generic,2026-02-13T02:58:23.028000+00:00,2026,223,2,Fri,ok,ok,reel,201K followers,201000.0,1199.0,15089.0,15.0,72,0,False,2,0,False,False,"This Living Room Setup Looks So Premium, You Can't Ignore the Details 😍✨",cover-v2-embed,cover_q0_002.json,living_room,none_visible,none,modern_luxury,neoclassical,warm,bright,mixed,False,False,Living room,real_existing,real_footage,"real phone walkthrough of a finished interior; video compression, slight tilt, real reflections",high,medium,"Threshold view through a wood-framed white jali partition into a glam living room with crystal chandelier, gold sunburst mirror and wall moulding, labelled 'Living room'.",aspirational,"This Living Room Setup Looks So Premium, You Can't Ignore the Details 😍✨",none,,,False,designer_studio,en,living_room;stairs_hall,white;beige;gold;brown,wood;metal;marble;fabric;glass,none,text_overlay;door_or_threshold,201000.0,embed_reel,4.945273631840796,3_VERY_GOOD,0.015180080482897384,1.5090543259557344e-05,0.0009941016634634503,4457.399103139013,0.0661881089525836,1.164630364530429,,,,"VERIFIED (public topic page, rounded)","VERIFIED (public embed, rounded, at fetch)",ESTIMATED (AI-assisted coding of cover frame + caption),51-150,0,100k-500k,0.8,2.454320987654321,middle
C8CwocPMBQY,aiforarchitects,910000.0,910K,luxury-resort,Embarking on a blissful journey of relaxation and rejuvenation amidst the breathtaking beauty 🌊✨ Design,https://www.instagram.com/reel/C8CwocPMBQY/,https://www.instagram.com/popular/luxury-resort/,0.8625592417061612,0.5,1,hotel_resort,hotel_resort,2024-06-10T17:12:33.527000+00:00,2024,836,17,Mon,ok,ok,reel,1M followers,1000000.0,513.0,55345.0,261.0,193,5,False,2,1,False,False,Embarking on a blissful journey of relaxation and rejuvenation amidst the breathtaking beauty 🌊✨ Designed by @aiforarchitects • #luxury #luxuryresort #infinitypool #luxurylifestyle #luxuryhomes,cover-v2-embed,cover_r09_109.json,terrace_outdoor,villa,mountain,modern_luxury,minimalist,cool,medium,mixed,False,True,,stylized_dreamy,ai_generated,"AI-creator account (aiforarchitects), 'Designed by @aiforarchitects'; idealized render look with a pagoda-topped peak; no explicit AI statement in caption",medium,high,"Cantilevered stone terrace with a grey lounge sofa and dark infinity pool reflecting clouds, perched above a sheer karst gorge with a temple on the opposite peak.",aspirational,Embarking on a blissful journey of relaxation and rejuvenation amidst the breathtaking beauty 🌊✨ Designed by @aiforarchi,none,,,False,ai_creator,en,terrace_outdoor;pool;living_room,grey;blue;green;beige,natural_stone;glass;wood;water;plants;fabric;concrete,fog,pool;view_reveal;dramatic_scale,1000000.0,embed_reel,0.91,2_GOOD,0.06081868131868132,0.0002868131868131868,0.004715873159273647,1088.5167464114832,-0.2196402810369112,0.6030588830017353,,,,"VERIFIED (public topic page, rounded)","VERIFIED (public embed, rounded, at fetch)",ESTIMATED (AI-assisted coding of cover frame + caption),151-400,4-10,500k-1M,0.42857142857142855,0.455,bottom50
DSAo7HHgD0J,facade_designn,906000.0,906K,futuristic-architecture,"🏛️""This architecture is not just a structure; it's a statement. 🏠A form that looks as",https://www.instagram.com/reel/DSAo7HHgD0J/,https://www.instagram.com/popular/futuristic-architecture/,5.507598784194529,0.8333333333333334,1,future_arch,future_arch,2025-12-08T16:57:23.560000+00:00,2025,290,16,Mon,ok,ok,reel,47K followers,47000.0,237.0,18364.0,167.0,519,5,False,4,0,False,False,"🏛️""This architecture is not just a structure; it's a statement.  🏠A form that looks as if it arrived from the future— showing how organic lines, advanced technology, and fearless design can meet at the peak of harmony.  🏗️This building doesn't imitate and doesn't compete; it redefines the boundaries of architecture— somewhere between the fluidity of nature and the precision of engineering.  📌A structure that doesn't seek attention… it claims it.  #architecture #modernarchitecture #design #housedesign #contemporary",cover-v2-embed,cover_r00_000.json,exterior_facade,unusual_structure,city_skyline,futuristic,organic_modern,warm,medium,golden_hour,False,True,,stylized_dreamy,ai_generated,"AI-typical concept image: uniform smeared tiny crowd figures, idealized glowing sunset, over-smooth sculpted metal ribs; caption does not disclose AI",low,high,A giant bulb-shaped glass-and-steel building rising over a crowded plaza and fountain at sunset reads as an instant sci-fi landmark.,descriptive,"🏛️""This architecture is not just a structure;",none,,,False,theme_page,en,exterior_facade,grey;gold;beige;white,glass;metal;water,none,unusual_architecture;dramatic_scale;exterior_reveal;water_feature,47000.0,embed_reel,19.27659574468085,4_VIRAL,0.020269315673289184,0.00018432671081677703,0.009093879329122196,3124.137931034483,0.9031759779702545,8.001584169187122,,,,"VERIFIED (public topic page, rounded)","VERIFIED (public embed, rounded, at fetch)",ESTIMATED (AI-assisted coding of cover frame + caption),401-1000,4-10,10k-100k,0.8333333333333334,1.336283185840708,middle
DUtaCA2jTlb,aureliestory,897000.0,897K,marrakech-riad,follow @aureliestory for more unique travel inspo 🫶 4 days in Marrakech 🇲🇦 Part of my Morocco,https://www.instagram.com/reel/DUtaCA2jTlb/,https://www.instagram.com/popular/marrakech-riad/,22.882653061224488,0.75,1,location,location,2026-02-13T19:15:52.518000+00:00,2026,223,19,Fri,ok,ok,reel,3M followers,3000000.0,2696.0,32756.0,405.0,602,0,False,3,1,False,False,follow @aureliestory for more unique travel inspo 🫶  4 days in Marrakech 🇲🇦  Part of my Morocco itinerary and honestly one of the best road trips I've ever done! Check my story highlights for the full details and tag someone you'd take with you ❤️  📍 Video locations:  Hotels: - Ksar Fawz - Palais Namaskar - Riad Be Marrakesh - Royal Mansour - La Sultana - La Mamounia - AnaYela (most of them are open to non-guests for dining)  Restaurants: - Bacha Coffee - La Trattoria - Nobu - Dar Dar  Sightseeing: - Medina souk - Medersa Ben Youssef - Palais Bahia - Palais El Badi - Jardin Majorelle - Koutoubia,cover-v2-embed,cover_r06_077.json,pool,hotel_resort,none,traditional_regional,warm_luxury,warm,bright,daylight,False,True,"4 days in
MARRAKECH",real_existing,real_footage,"real footage of a hotel named in the caption; a pool worker with a blue hose is partly visible at the left edge, plus a cell tower on the skyline",low,high,"A symmetrical elevated view over a large turquoise pool toward a Moorish arcade pavilion with a golden dome, with a serif '4 days in MARRAKECH' title. It is a luxury-hotel travel opener.",promotional,follow @aureliestory for more unique travel inspo 🫶,follow,"Marrakech, Morocco",,False,lifestyle_influencer,en,pool;exterior_facade;terrace_outdoor,blue;terracotta;pink;gold,water;plaster;glass;metal;plants,none,text_overlay;pool;exterior_reveal,3000000.0,embed_reel,0.299,1_NORMAL,0.03651727982162765,0.000451505016722408,0.012364147026498962,4022.4215246636772,0.27475689276966864,1.882594964725365,Morocco,Morocco,Morocco,"VERIFIED (public topic page, rounded)","VERIFIED (public embed, rounded, at fetch)",ESTIMATED (AI-assisted coding of cover frame + caption),401-1000,0,1M+,0.2,0.2803125,bottom50
DWSPe8LjTqx,roomify.design,842000.0,842K,luxury-kitchen-design,This kitchen just made the whole house feel expensive… ✨ The mix of warm wood,https://www.instagram.com/reel/DWSPe8LjTqx/,https://www.instagram.com/popular/luxury-kitchen-design/,1.3547868061142398,0.6666666666666666,1,luxury_room,luxury_room,2026-03-24T23:06:59.952000+00:00,2026,184,23,Tue,ok,ok,reel,62K followers,62000.0,152.0,13876.0,279.0,364,5,False,4,0,False,False,"This kitchen just made the whole house feel expensive… ✨  The mix of warm wood + marble is everything 🤍 Soft lighting, clean lines, and a space that actually feels like home  And yes… you can recreate this exact look 👀  Luxury marble kitchen with wood ceiling beams  Save this before you forget ✨ #luxurykitchen #interiordesign #modernhome #kitcheninspo #homedecor",cover-v2-embed,cover_r11_130.json,kitchen,house,none,warm_luxury,organic_modern,warm,bright,mixed,False,False,,aspirational_realistic,ai_generated,"over-perfect AI render look: flawless staging, candle flames inside glass globe pendants, uniform smooth surfaces; not disclosed in caption",high,high,"Warm marble waterfall island, wood ceiling beams and boucle stools make a highly pinnable, buyable-looking kitchen.",aspirational,This kitchen just made the whole house feel expensive… ✨,save_share,,,False,theme_page,en,kitchen;dining,beige;white;brown;gold,marble;wood;glass;metal;fabric;plants,none,none,62000.0,embed_reel,13.580645161290322,4_VIRAL,0.01647980997624703,0.000331353919239905,0.020106658979533006,4576.086956521739,0.2669870764816888,1.8492135901847802,,,,"VERIFIED (public topic page, rounded)","VERIFIED (public embed, rounded, at fetch)",ESTIMATED (AI-assisted coding of cover frame + caption),151-400,4-10,10k-100k,0.8571428571428571,2.4985163204747773,middle
DUaraiFDe1U,exploringdreamhomes,835000.0,835K,dream-house-design,Very pretty 😍🥳,https://www.instagram.com/reel/DUaraiFDe1U/,https://www.instagram.com/popular/dream-house-design/,2.5264750378214824,0.75,1,fantasy_dream,fantasy_dream,2026-02-06T12:42:12.067000+00:00,2026,230,12,Fri,ok,ok,reel,177K followers,177000.0,167.0,47611.0,777.0,14,0,False,2,0,False,False,Very pretty 😍🥳,cover-v2-embed,cover_r11_134.json,exterior_facade,house,forest,rustic_cozy,traditional_regional,warm,medium,mixed,False,False,,aspirational_realistic,ai_generated,"AI-typical flawless staging, illegible sign plaque by the door, overly uniform flowers and lanterns",medium,high,"Storybook cream cottage with orange front door, lantern-lit porch and balcony among birch trees, an idealized cozy-home fantasy.",descriptive,Very pretty 😍🥳,none,,,False,theme_page,en,exterior_facade;terrace_outdoor;garden_landscape,beige;white;green;orange,wood;glass;natural_stone;metal;plants;plaster;fabric,none,exterior_reveal;door_or_threshold,177000.0,embed_reel,4.7175141242937855,3_VERY_GOOD,0.05701916167664671,0.0009305389221556886,0.01631975803910861,3630.4347826086955,0.41026486982481636,2.571963907537714,,,,"VERIFIED (public topic page, rounded)","VERIFIED (public embed, rounded, at fetch)",ESTIMATED (AI-assisted coding of cover frame + caption),1-50,0,100k-500k,0.8,1.5017985611510791,middle
DT7J_-AgECB,facade_designn,825000.0,825K,ai-generated-architecture-designs,"🌿Futuristic architecture redefining the skyline… ✨A perfect blend of innovative design, modern eng",https://www.instagram.com/reel/DT7J_-AgECB/,https://www.instagram.com/popular/ai-generated-architecture-designs/,4.661016949152542,0.9166666666666666,1,ai,ai,2026-01-25T06:53:45.562000+00:00,2026,242,6,Sun,ok,ok,reel,47K followers,47000.0,237.0,9983.0,120.0,328,5,False,4,0,False,False,"🌿Futuristic architecture redefining the skyline…  ✨A perfect blend of innovative design, modern engineering, and sustainable architecture…  😍Where form meets function in a bold, iconic structure…  💫Designed to inspire the future of urban living…  #architecture #modernarchitecture #luxuryarchitecture #contemporary #contemporary",cover-v2-embed,cover_r01_015.json,exterior_facade,unusual_structure,none,futuristic,modern_luxury,cool,medium,blue_hour,False,False,,real_existing,real_footage,photographic frame of a built tower with landscaped grounds and fountains; no AI disclosure,low,high,"Egg-shaped glass-and-steel ribbed tower with lit windows and an arched base, set against a deep blue-hour sky over gardens and fountains.",descriptive,🌿Futuristic architecture redefining the skyline…,none,,,False,theme_page,en,exterior_facade;garden_landscape,blue;black;white;green,glass;metal;water;plants,none,exterior_reveal;unusual_architecture;dramatic_scale;water_feature,47000.0,embed_reel,17.5531914893617,4_VIRAL,0.01210060606060606,0.00014545454545454546,0.012020434739056396,3409.090909090909,1.0536290622697384,11.314335752532392,,,,"VERIFIED (public topic page, rounded)","VERIFIED (public embed, rounded, at fetch)",ESTIMATED (AI-assisted coding of cover frame + caption),151-400,4-10,10k-100k,0.6666666666666666,1.2168141592920354,middle
DJmNepYoPQm,arteo_luxury,798000.0,798K,luxury-kitchen-design,A kitchen from lores! Elegance Begins With Purpose This Kitchen is a tale of ti,https://www.instagram.com/reel/DJmNepYoPQm/,https://www.instagram.com/popular/luxury-kitchen-design/,1.2839903459372486,0.5833333333333334,1,luxury_room,luxury_room,2025-05-13T14:26:10.186000+00:00,2025,499,14,Tue,ok,ok,reel,871K followers,871000.0,1041.0,17628.0,353.0,773,10,False,0,0,False,False,"A kitchen from lores!  Elegance Begins With Purpose This Kitchen is a tale of timeless grandeur where every detail whispers luxury and intention. From the luminous marble floors to the sweeping curves of the island, the Kitchen is sculpted like a legend reborn. Golden accents and ambient lighting weave warmth into this regal culinary space, making the Kitchen not just functional but a feast for the soul. It's a Kitchen where stories are stirred, flavors are born, and memories are savored. Every chandelier shimmer and cabinet curve invites awe, turning this Kitchen into a living masterpiece.  #luxurykitchendesign #kitchen #kitchendecor #luxurykitchen #luxuryinteriorsidea #luxuryinteriors #luxuryinteriors #luxuryinteriordesign #luxuryinteriordesignideas #luxurylife",cover-v2-embed,cover_r12_143.json,kitchen,none_visible,none,classical_luxury,modern_luxury,warm,bright,night_artificial,False,False,Pearl by Arteo,aspirational_realistic,ai_generated,"AI-typical smeared countertop decor, warped cabinet grilles and oven details; caption does not mention AI",medium,high,"Glossy white-and-gold marble kitchen with a curved under-lit island and crystal pendant, branded 'Pearl by Arteo'.",fantasy,A kitchen from lores!,none,,,False,designer_studio,en,kitchen,white;cream;gold;beige,marble;metal;glass,none,text_overlay,871000.0,embed_reel,0.9161882893226176,2_GOOD,0.022090225563909775,0.0004423558897243108,0.020024960290447015,1599.198396793587,-0.2930595887071192,0.5092609915461624,,,,"VERIFIED (public topic page, rounded)","VERIFIED (public embed, rounded, at fetch)",ESTIMATED (AI-assisted coding of cover frame + caption),401-1000,4-10,500k-1M,0.6,1.0,middle
CzmTyCxPNlo,glashaus.realestate,791000.0,791K,houses-on-malibu-beach,"$29,995,000 in malibu. this is paradise. listed by: @jademillsestates dre# 00526877",https://www.instagram.com/reel/CzmTyCxPNlo/,https://www.instagram.com/popular/houses-on-malibu-beach/,29.681050656660414,0.9166666666666666,1,location,location,2023-11-13T19:50:34.555000+00:00,2023,1046,19,Mon,ok,ok,reel,296K followers,296000.0,537.0,44335.0,322.0,607,29,False,0,4,False,False,"$29,995,000 in malibu. this is paradise.  listed by: @jademillsestates dre# 00526877 @Iamemanuelerizzo dre# 02142561 @bob.rubenstein.5 dre# 00782026 @coldwellbanker dre# 00616212  mls# 23-314205 . . . . #paradise #luxury #luxurylifestyle #luxuryhomesla #luxuryhomes #luxuryhome #luxuryhometour #luxuryhomedecor #luxuryhomedesign #luxuryhomesforsale #luxuryhouses #luxuryhouse #luxuryhousedesign #home #hometour #hometours #homedecor #homedesign #homesforsale #milliondollarlisting #homeinspiration #homegoals #housegoals #beachhouse #malibu #malibubeach #luxuryrealestate #luxuryhomeinteriors #houseshopping",cover-v2-embed,cover_r01_019.json,bedroom,house,ocean_beach,modern_luxury,minimalist,neutral,bright,daylight,True,False,,real_existing,real_footage,"phone footage of a real MLS-listed Malibu home; natural daylight, wrinkled bedding, real waves",medium,high,POV from the bed straight out through a fully opened glass wall to breaking ocean waves.,money,"$29,995,000 in malibu. this is paradise.",none,Malibu,"$29,995,000",False,real_estate,en,bedroom;terrace_outdoor,white;beige;grey;blue,wood;glass;fabric;metal,ocean_waves,view_reveal;bed_focus,296000.0,embed_reel,2.6722972972972974,3_VERY_GOOD,0.056049304677623264,0.0004070796460176991,0.007262884853952859,756.2141491395794,0.8566768987553577,7.189139299617134,Los Angeles/California,Los Angeles/California,Los Angeles/California,"VERIFIED (public topic page, rounded)","VERIFIED (public embed, rounded, at fetch)",ESTIMATED (AI-assisted coding of cover frame + caption),401-1000,21+,100k-500k,0.6,1.0,middle
DOlpM39kbd5,harmosai,752000.0,752K,desert-modern-house-tours;futuristic-home;futuristic-house;futuristic-houses,"When the desert sky turns dark, the real show begins. ​This is where architecture becomes an experience.",https://www.instagram.com/reel/DOlpM39kbd5/,https://www.instagram.com/popular/futuristic-house/,15.848261327713383,0.9166666666666666,4,future_arch;unusual_home,unusual_home,2025-09-14T15:46:08.468000+00:00,2025,375,15,Sun,ok,ok,reel,57K followers,57000.0,3672.0,47234.0,193.0,513,11,False,0,0,False,False,"When the desert sky turns dark, the real show begins.  ​This is where architecture becomes an experience. A glowing sanctuary that stands bold against the storm, where every warm light feels like an invitation. It's the perfect balance of raw nature and refined design.  ​This is the ultimate escape. The kind of place you find yourself and lose yourself all at once. ​ #ModernArchitecture #LuxuryHomes #DesertLiving #Aesthetic #NightPhotography #DreamHouse #VillaLife #Archidaily #MoodyGrams #Sanctuary #pakistan",cover-v2-embed,cover_r01_011.json,exterior_facade,villa,desert,dark_luxury,modern_luxury,cool,medium,blue_hour,False,False,,aspirational_realistic,ai_generated,"render-perfect AI look (flawless surfaces, generic furniture) from an account named 'harmosai'; caption itself does not say AI",low,high,"All-black cantilevered villa with glass balconies and warm downlights at dusk under a stormy sky, set in white gravel desert landscaping.",curiosity,"When the desert sky turns dark, the real show begins.",none,Pakistan (hashtag #pakistan only),,False,ai_creator,en,exterior_facade;terrace_outdoor;living_room,black;grey;white,glass;concrete;natural_stone;metal;plants,none,exterior_reveal,57000.0,embed_reel,13.192982456140351,4_VIRAL,0.06281117021276596,0.00025664893617021275,0.004086039717152898,2005.3333333333333,1.0223472794794801,10.528034016123042,Other,,Other,"VERIFIED (public topic page, rounded)","VERIFIED (public embed, rounded, at fetch)",ESTIMATED (AI-assisted coding of cover frame + caption),401-1000,11-20,10k-100k,1.0,1.606837606837607,top10
DUsw1h-Emra,luxurydreamhub,737000.0,737K,luxury-bedroom;luxury-bedroom-design;luxury-master-bedroom,A world of elegance and starlight. ✨🛏️ Experience the pinnacle of luxury in this dream-like s,https://www.instagram.com/reel/DUsw1h-Emra/,https://www.instagram.com/popular/luxury-bedroom/,2.4403973509933774,0.9090909090909091,3,luxury_room,luxury_room,2026-02-13T13:15:54.453000+00:00,2026,223,13,Fri,ok,ok,reel,1M followers,1000000.0,1144.0,34619.0,284.0,167,5,False,2,0,False,False,A world of elegance and starlight. ✨🛏️ Experience the pinnacle of luxury in this dream-like sanctuary. #bedroomgoals #interiordesign #luxuryhomes #aesthetic #homedecor,cover-v2-embed,cover_r03_040.json,bedroom,apartment,city_skyline,glam_feminine,warm_luxury,warm,bright,mixed,True,False,,stylized_dreamy,ai_generated,"typical AI artifacts: strands of fairy lights pour from the chandelier and merge into the bedspread, over-smooth fabrics, gold-veined floor pattern looks painted, letterboxed frame",medium,medium,"A crystal chandelier appears to spill a glowing curtain of fairy lights over a white bed strewn with white roses, with a city skyline behind sheer curtains.",aspirational,A world of elegance and starlight. ✨🛏️ Experience the pinnacle of luxury in this dream-like sanctuary. #bedroomgoals #in,none,,,False,theme_page,en,bedroom,white;beige;gold;grey,marble;fabric;glass;metal;plants,none,bed_focus,1000000.0,embed_reel,0.737,2_GOOD,0.04697286295793759,0.0003853459972862958,0.008203587625292469,3304.932735426009,0.383159434038113,2.4163477381192457,,,,"VERIFIED (public topic page, rounded)","VERIFIED (public embed, rounded, at fetch)",ESTIMATED (AI-assisted coding of cover frame + caption),151-400,4-10,500k-1M,0.5,0.8485895221646517,bottom50
DOY7KFpifBY,harmosai,728000.0,728K,futuristic-house;futuristic-houses;modern-villa,Let the storm roll in. ​There's a certain magic when a home feels like a fortress of warmth and light against a moody sky. Every glowing window and fl,https://www.instagram.com/reel/DOY7KFpifBY/,https://www.instagram.com/popular/modern-villa/,1.813200498132005,0.8333333333333334,3,future_arch;luxury_home,future_arch,2025-09-09T17:12:55.212000+00:00,2025,380,17,Tue,ok,ok,reel,57K followers,57000.0,3672.0,34601.0,140.0,532,9,True,0,0,False,True,"Let the storm roll in.  ​There's a certain magic when a home feels like a fortress of warmth and light against a moody sky. Every glowing window and flickering flame is a promise of sanctuary. This is the art of creating drama, where sharp lines meet soft light, and the architecture itself becomes the main character.  ​This is the kind of evening that feels like a movie scene. Who would you want to be here with?  ​#ModernArchitecture #LuxuryHomes #StormySkies #VillaLife #Aesthetic #CozyVibes #DreamHouse #Archidaily #moodygrams",cover-v2-embed,cover_r03_044.json,exterior_facade,villa,mountain,modern_luxury,dark_luxury,neutral,medium,blue_hour,False,False,,stylized_dreamy,ai_generated,"AI-image account (handle harmosai); overly smooth, perfectly composed render-like look with idealized dusk sky; caption does not state AI",low,high,Black-box cantilevered villa glowing against a moody dusk sky with a dark reflecting pool and fire pit lounge.,aspirational,Let the storm roll in.,question_engagement,,,False,ai_creator,en,exterior_facade;pool;terrace_outdoor;living_room,black;white;grey;gold,glass;concrete;natural_stone;water;plants;fire,fireplace,exterior_reveal;pool;dramatic_scale,57000.0,embed_reel,12.771929824561404,4_VIRAL,0.04752884615384615,0.0001923076923076923,0.004046125834513453,1915.7894736842106,0.945059495428356,8.811695790564066,,,,"VERIFIED (public topic page, rounded)","VERIFIED (public embed, rounded, at fetch)",ESTIMATED (AI-assisted coding of cover frame + caption),401-1000,4-10,10k-100k,0.8571428571428571,1.5555555555555556,middle
DISCNIXO4nK,2pdesigners,711000.0,711K,luxury-dining-room,This is what dining in style looks like. A luxurious dining room designed with intention—where every detail tells a story.,https://www.instagram.com/reel/DISCNIXO4nK/,https://www.instagram.com/popular/luxury-dining-room/,3.683937823834197,0.8333333333333334,1,luxury_room,luxury_room,2025-04-10T21:51:27.239000+00:00,2025,532,21,Thu,ok,ok,reel,134K followers,134000.0,1648.0,15904.0,129.0,419,4,True,3,0,False,True,"This is what dining in style looks like.  A luxurious dining room designed with intention—where every detail tells a story. From metallic tones on the furniture to textured walls that add depth and elegance, this space is all about refined beauty.  ✔ Noble finishes ✔ Sophisticated color palette ✔ Atmosphere made for unforgettable moments  Would you dine here every night?  #decor #DiningRoom #ElegantSpaces #Interiors",cover-v2-embed,cover_p1a_000.json,dining,none_visible,none,modern_luxury,,neutral,bright,mixed,False,False,,aspirational_realistic,3d_render,"CG render look: uniform textures, perfect reflections on lacquered table, soft upscaled render; rounded screen-capture corners",high,medium,High-angle view of a 14-seat lacquered dining table under a sculptural bronze loop pendant with a lit glass wine wall behind.,aspirational,This is what dining in style looks like.,question_engagement,,,False,designer_studio,en,dining,grey;beige;brown;white,glass;marble;wood;fabric;metal;plants,none,none,134000.0,embed_reel,5.3059701492537314,4_VIRAL,0.022368495077355836,0.00018143459915611815,0.008111167002012072,1336.4661654135339,0.6964066790892336,4.970575548507375,,,,"VERIFIED (public topic page, rounded)","VERIFIED (public embed, rounded, at fetch)",ESTIMATED (AI-assisted coding of cover frame + caption),401-1000,4-10,100k-500k,1.0,2.755813953488372,top10
DPnIV9tkjaZ,naturesms,690000.0,690K,house-in-the-forest,"Spend a night in a tree house, listen to the rain in the mountains, feel the wind in the",https://www.instagram.com/reel/DPnIV9tkjaZ/,https://www.instagram.com/popular/house-in-the-forest/,1.025260029717682,0.625,1,unusual_home,unusual_home,2025-10-10T02:08:53.940000+00:00,2025,349,2,Fri,ok,ok,reel,10M followers,10000000.0,3511.0,33386.0,227.0,165,1,False,0,0,False,False,"Spend a night in a tree house, listen to the rain in the mountains, feel the wind in the forest, and feel the peace of mind. Nothing else matters anymore. #naturesms",cover-v2-embed,cover_r02_028.json,exterior_facade,treehouse,forest,rustic_cozy,,neutral,medium,overcast_rain,False,False,,stylized_dreamy,ai_generated,"idealized AI look: treehouse fused seamlessly around giant mossy trunk, uniform rain streaks, smooth painterly foliage; not disclosed in caption",low,high,"Storybook two-level treehouse wrapped around a giant mossy tree in misty forest rain, a cozy escapist fantasy.",aspirational,"Spend a night in a tree house, listen to the rain in the mountains, feel the wind in the forest, and feel the peace of m",none,,,False,theme_page,en,exterior_facade;terrace_outdoor,green;brown;grey;yellow,wood;plants,rain;fog,exterior_reveal;unusual_architecture,10000000.0,embed_reel,0.069,1_NORMAL,0.04838550724637681,0.0003289855072463768,0.006799257173665608,1977.077363896848,-0.8039076584386967,0.15706967371293842,,,,"VERIFIED (public topic page, rounded)","VERIFIED (public embed, rounded, at fetch)",ESTIMATED (AI-assisted coding of cover frame + caption),151-400,1-3,1M+,0.875,1.7875647668393781,middle
DZvuMervgb5,roxy_carretero,674000.0,674K,home-decor,"Comment ""SHOP"" for links 🔗💌 🤎🤎 #homedecor #interiordesign #livingroomdecor #homeinspo #i",https://www.instagram.com/reel/DZvuMervgb5/,https://www.instagram.com/popular/home-decor/,0.8052568697729988,0.5,1,decor_commerce,decor_commerce,2026-06-18T23:27:31.120000+00:00,2026,98,23,Thu,ok,ok,reel,54K followers,54000.0,525.0,32480.0,1502.0,159,5,False,4,0,False,True,"Comment ""SHOP"" for links 🔗💌 🤎🤎 #homedecor #interiordesign #livingroomdecor #homeinspo #interiorinspo cozyhome modernhome neutraldecor homestyling homeaesthetic",cover-v2-embed,cover_q4_020.json,living_room,none_visible,none,organic_modern,warm_luxury,warm,medium,night_artificial,False,False,It this is your vibe,real_existing,real_footage,phone-camera footage of a styled real apartment corner with lamp glow and candles,high,high,"Cozy neutral corner with cream sofa, travertine drum tables, candles, olive tree and warm lamp glow reads as an easily shoppable vibe.",promotional,"Comment ""SHOP"" for links 🔗💌",comment_keyword,,,False,lifestyle_influencer,en,living_room,beige;white;brown;black,natural_stone;fabric;plants;metal;glass,none,text_overlay,54000.0,embed_reel,12.481481481481481,4_VIRAL,0.048189910979228485,0.002228486646884273,0.04624384236453202,6877.551020408163,-0.06562551577730001,0.8597545526642019,,,,"VERIFIED (public topic page, rounded)","VERIFIED (public embed, rounded, at fetch)",ESTIMATED (AI-assisted coding of cover frame + caption),151-400,4-10,10k-100k,0.6,1.0,middle
DNs9jiEWhVb,miladeshtiyaghi,656000.0,656K,house-in-the-forest,🖤 BLACK HOUSE 🖤🌳 A Minimal Sanctuary in Nature Designed by @miladeshtiyaghi Black House is,https://www.instagram.com/reel/DNs9jiEWhVb/,https://www.instagram.com/popular/house-in-the-forest/,0.974739970282318,0.5,1,unusual_home,unusual_home,2025-08-23T15:27:17.217000+00:00,2025,397,15,Sat,ok,ok,reel,642K followers,642000.0,1709.0,,211.0,658,5,True,4,1,False,False,"🖤 BLACK HOUSE 🖤🌳 A Minimal Sanctuary in Nature  Designed by @miladeshtiyaghi  Black House is more than architecture — it's an immersive experience of calm, contrast, and connection to the wild.  Monochrome tones blur the line between indoors and out. Floor-to-ceiling glass lets the forest breathe into every space. Inside, matte black textures, sculptural forms, and curated greenery create a mood that's grounded, intentional, and quietly luxurious.  This is where design meets stillness. Where the home dissolves into nature. Where every room feels like a frame of the forest. 🌱  Which part speaks to you most?  #luxury #black #house #architecture #design",cover-v2-embed,cover_r07_079.json,exterior_facade,villa,forest,dark_luxury,modern_luxury,cool,dark,blue_hour,False,False,,aspirational_realistic,ai_generated,garbled licence-plate lettering on the car and AI-typical polished render look; caption does not mention AI,low,high,"A black modern house glowing warm through floor-to-ceiling glass in a dark pine forest, with a black sports car in the driveway, projects moody luxury.",descriptive,🖤 BLACK HOUSE 🖤🌳 A Minimal Sanctuary in Nature,question_engagement,,,False,designer_studio,en,exterior_facade;living_room,black;grey;green;orange,glass;natural_stone;metal;plants,none,exterior_reveal,642000.0,embed_reel,1.0218068535825544,2_GOOD,,0.00032164634146341465,,1652.3929471032745,-0.26814476571433016,0.5393308145088767,,,,"VERIFIED (public topic page, rounded)","VERIFIED (public embed, rounded, at fetch)",ESTIMATED (AI-assisted coding of cover frame + caption),401-1000,4-10,500k-1M,0.8,1.7217847769028871,middle
DXw2UALMrdq,sunt_mrr,655000.0,655K,waterfall-house,Dream water villa Design: @sunt_mrr,https://www.instagram.com/reel/DXw2UALMrdq/,https://www.instagram.com/popular/waterfall-house/,3.5026737967914436,1.0,1,fantasy_dream,fantasy_dream,2026-04-30T16:54:54.191000+00:00,2026,147,16,Thu,ok,ok,reel,2M followers,2000000.0,728.0,35900.0,631.0,36,0,False,0,1,False,False,Dream water villa  Design: @sunt_mrr,cover-v2-embed,cover_r08_091.json,terrace_outdoor,villa,underwater,modern_luxury,organic_modern,cool,bright,daylight,False,False,,stylized_dreamy,ai_generated,"AI-typical look: over-smooth rock overhang, blobby turtle and coral shapes, idealized caustics in an over/under split shot; caption only says 'Design: @sunt_mrr', no AI disclosure",low,high,"Half-above, half-underwater split view of a glass villa tucked under a sea-cliff overhang with a turtle and coral in crystal water below is an instant fantasy scroll-stopper.",aspirational,Dream water villa,none,,,False,ai_creator,en,terrace_outdoor;living_room;stairs_hall,blue;white;grey;green,natural_stone;glass;water,none,unusual_architecture;water_feature;dramatic_scale,2000000.0,embed_reel,0.3275,1_NORMAL,0.05480916030534351,0.0009633587786259542,0.017576601671309193,4455.78231292517,0.26565466900295,1.8435489308971464,,,,"VERIFIED (public topic page, rounded)","VERIFIED (public embed, rounded, at fetch)",ESTIMATED (AI-assisted coding of cover frame + caption),1-50,0,1M+,0.2222222222222222,0.22586206896551725,bottom50
DMJPzybsNA-,harmosai,571000.0,571K,modern-villa,"Clean aesthetics, cutting-edge comfort. Discover the essence of modern villa living. #ModernVillas #ArchitecturalDesign #LuxuryLiving #ContemporaryHom",https://www.instagram.com/reel/DMJPzybsNA-/,https://www.instagram.com/popular/modern-villa/,1.24945295404814,0.6666666666666666,1,luxury_home,luxury_home,2025-07-15T22:02:44.368000+00:00,2025,436,22,Tue,ok,ok,reel,57K followers,57000.0,3672.0,35440.0,177.0,194,7,False,0,0,False,False,"Clean aesthetics, cutting-edge comfort.  Discover the essence of modern villa living.  #ModernVillas #ArchitecturalDesign #LuxuryLiving #ContemporaryHome #SleekStyle #DreamHouse #HomeInspiration",cover-v2-embed,cover_r02_022.json,exterior_facade,villa,desert,modern_luxury,dark_luxury,cool,medium,mixed,False,False,,aspirational_realistic,ai_generated,"account name harmosai; smooth idealized AI-image look with soft, slightly mushy background details; no disclosure in caption",low,medium,A monolithic black-marble villa with white slab bands and a lit sunken fire lounge stands out against a stormy sky.,descriptive,"Clean aesthetics, cutting-edge comfort.",none,,,False,ai_creator,en,exterior_facade;terrace_outdoor;garden_landscape,black;white;grey;green,marble;glass;concrete;metal;plants,none,exterior_reveal,57000.0,embed_reel,10.017543859649123,4_VIRAL,0.06206654991243433,0.0003099824868651489,0.004994356659142212,1309.633027522936,0.32818805113012667,2.129060737658913,,,,"VERIFIED (public topic page, rounded)","VERIFIED (public embed, rounded, at fetch)",ESTIMATED (AI-assisted coding of cover frame + caption),151-400,4-10,10k-100k,0.7142857142857143,1.2200854700854702,middle
DUs3gdrjNog,exploringdreamhomes,556000.0,556K,ai-generated-house,Pretty cool 😃❤️,https://www.instagram.com/reel/DUs3gdrjNog/,https://www.instagram.com/popular/ai-generated-house/,1.015525114155251,0.5833333333333334,1,ai,ai,2026-02-13T14:14:11.888000+00:00,2026,223,14,Fri,ok,ok,reel,177K followers,177000.0,167.0,31053.0,348.0,15,0,False,2,0,False,False,Pretty cool 😃❤️,cover-v2-embed,cover_r03_035.json,exterior_facade,house,none,rustic_cozy,traditional_regional,neutral,bright,overcast_rain,False,True,,aspirational_realistic,ai_generated,"typical AI look: overly perfect storybook facade, smeared figure on balcony, slightly malformed lanterns and planters; not disclosed",low,high,"Storybook white cottage with a steep gable, curved balcony and arched wooden door framed by white and red flowers.",descriptive,Pretty cool 😃❤️,none,,,False,theme_page,en,exterior_facade;terrace_outdoor;garden_landscape,white;grey;brown;green,wood;glass;plaster;plants;metal,none,exterior_reveal,177000.0,embed_reel,3.1412429378531073,3_VERY_GOOD,0.05585071942446043,0.0006258992805755395,0.011206646700801855,2493.2735426008967,0.333822539939643,2.1568628984560347,,,,"VERIFIED (public topic page, rounded)","VERIFIED (public embed, rounded, at fetch)",ESTIMATED (AI-assisted coding of cover frame + caption),1-50,0,100k-500k,0.6,1.0,middle
C1KX5HeozzE,beautifulhotels,551000.0,551K,luxury-cabin,@adinistorfoto discovers the ultimate mountain hideaway nestled amidst Transylvania's Apuseni mountains - the picturesque Nordland Cabin! 🇷🇴🏔️ This se,https://www.instagram.com/reel/C1KX5HeozzE/,https://www.instagram.com/popular/luxury-cabin/,1.1900647948164147,0.75,1,unusual_home,unusual_home,2023-12-22T16:30:32.854000+00:00,2023,1007,16,Fri,ok,ok,reel,6M followers,6000000.0,9121.0,19851.0,54.0,631,0,True,8,3,False,False,"@adinistorfoto discovers the ultimate mountain hideaway nestled amidst Transylvania's Apuseni mountains - the picturesque Nordland Cabin! 🇷🇴🏔️  This secluded A-frame refuge boasts a cozy bed, crackling fireplace, and a standalone bathtub offering serene views of snow-cloaked trees and the mesmerizing sunset over the mountains. ❄️✨ It blends modern luxury with the raw beauty of the mountains, creating a winter wonderland escape like no other! 😍  Who else is craving a getaway to this snowy mountain haven? Tag who you'd love to bring here! 🌄  📽 @adinistorfoto 📍 @nordlandcabin, Transylvania, Romania 🎶 Amistat - the night we met",cover-v2-embed,cover_r07_086.json,bedroom,cabin_chalet,snow,rustic_cozy,scandinavian,warm,medium,golden_hour,True,False,,real_existing,real_footage,credited photographer @adinistorfoto at a real named cabin; natural camera footage with real sunset light,medium,high,A bed-level view past a black clawfoot tub and glowing wood stove to snow-laden firs under a pink-orange sunset through floor-to-ceiling windows.,location,@adinistorfoto discovers the ultimate mountain hideaway nestled amidst Transylvania's Apuseni mountains - the picturesqu,tag_friend,"Nordland Cabin, Apuseni mountains, Transylvania, Romania",,False,media_publication,en,bedroom;bathroom,white;orange;brown;black,wood;glass;fabric;fire;metal;rattan;water,snow;fireplace,bed_focus;view_reveal,6000000.0,embed_reel,0.09183333333333334,1_NORMAL,0.03602722323049002,9.800362976406534e-05,0.002720265981562642,547.1698113207547,0.09966476084811693,1.257954001250074,Saudi/Qatar/Gulf,,Saudi/Qatar/Gulf,"VERIFIED (public topic page, rounded)","VERIFIED (public embed, rounded, at fetch)",ESTIMATED (AI-assisted coding of cover frame + caption),401-1000,0,1M+,0.6,1.0,middle
DWjQIN5Aemr,jareef__saifi,547000.0,547K,luxury-apartment-interior-design-ideas-2026;luxury-living-room-design,Ultra Luxury Living Room That Looks Straight Out of a Dream ✨ #livingroomdecor #interiordesign #shortvideo,https://www.instagram.com/reel/DWjQIN5Aemr/,https://www.instagram.com/popular/luxury-apartment-interior-design-ideas-2026/,2.1663366336633665,0.75,2,luxury_home;luxury_room,luxury_home,2026-03-31T13:39:43.435000+00:00,2026,177,13,Tue,ok,ok,reel,339K followers,339000.0,1244.0,4005.0,9.0,106,3,False,1,0,False,False,Ultra Luxury Living Room That Looks Straight Out of a Dream ✨ #livingroomdecor #interiordesign #shortvideo,cover-v2-embed,cover_r11_130.json,living_room,none_visible,none,modern_luxury,,neutral,medium,night_artificial,False,True,Jareef Saifi,aspirational_realistic,ai_generated,"smooth AI render look with posed generated woman, overly uniform marble and cove lighting; not disclosed in caption",high,medium,"Book-matched marble TV wall, LED cove ceiling and a posed woman with a remote sell a polished, attainable luxury living room.",aspirational,Ultra Luxury Living Room That Looks Straight Out of a Dream ✨ #livingroomdecor #interiordesign #shortvideo,none,,,False,ai_creator,en,living_room,white;grey;beige;black,marble;wood;fabric;glass;plants,none,person,339000.0,embed_reel,1.6135693215339233,2_GOOD,0.007321755027422303,1.6453382084095066e-05,0.0022471910112359553,3090.3954802259886,0.16625311240268204,1.4664022300132493,,,,"VERIFIED (public topic page, rounded)","VERIFIED (public embed, rounded, at fetch)",ESTIMATED (AI-assisted coding of cover frame + caption),51-150,1-3,100k-500k,1.0,2.8489583333333335,top10
Dbdx3LTORoR,elitebuildhq,539000.0,539K,ai-generated-house,I Built a Hidden Luxury Loft Behind a Waterfall | Ultimate Off-Grid AI Concept,https://www.instagram.com/reel/Dbdx3LTORoR/,https://www.instagram.com/popular/ai-generated-house/,0.9844748858447488,0.5,1,ai,ai,2026-07-31T17:16:01.279000+00:00,2026,55,17,Fri,ok,ok,reel,2M followers,2000000.0,317.0,7030.0,126.0,1167,0,False,0,0,False,False,"I Built a Hidden Luxury Loft Behind a Waterfall | Ultimate Off-Grid AI Concept . Step inside an incredible Hidden Luxury Loft built behind a breathtaking Waterfall in this cinematic AI-generated concept. Discover a Secret Underground House featuring a modern kitchen, cozy loft bedroom, handcrafted leather workshop, custom furniture, industrial architecture, and a fully functional Off-Grid Living space.  Watch the complete AI Build from rock excavation and structural framing to interior design, woodworking, luxury finishes, and realistic construction details. If you enjoy Hidden Bases, Underground Homes, Luxury Cabins, Tiny Houses, Cave Houses, Secret Shelters, Modern Architecture, DIY Construction, Engineering, and Realistic AI Videos, this video is for you.  Experience one of the most realistic AI Architecture concepts ever created, combining luxury living, off-grid survival, cinematic storytelling, and stunning home design into one unforgettable build.  Disclaimer: This video is an AI-generated concept created for entertainment and creative inspiration. The construction and engineering shown are fictional and should not be replicated in real life.",cover-v2-embed,cover_r02_027.json,kitchen,none_visible,none,industrial,rustic_cozy,warm,medium,night_artificial,False,False,,aspirational_realistic,ai_generated,caption explicitly says AI-generated concept with disclaimer; smooth AI look on objects,medium,high,"Cozy warm-lit maker loft: mezzanine bed over a dark kitchen, floating stairs, shelves of leather bags and a leather workbench - the reveal of an AI 'build' story.",curiosity,I Built a Hidden Luxury Loft Behind a Waterfall | Ultimate Off-Grid AI Concept,none,,,True,ai_creator,en,kitchen;bedroom;stairs_hall;other,brown;black;beige;cream,wood;metal;leather;plants;fabric,none,none,2000000.0,embed_reel,0.2695,1_NORMAL,0.013042671614100186,0.00023376623376623377,0.017923186344238975,9800.0,-0.17217129837508566,0.6727112670596579,,,,"VERIFIED (public topic page, rounded)","VERIFIED (public embed, rounded, at fetch)",ESTIMATED (AI-assisted coding of cover frame + caption),1000+,0,1M+,0.3333333333333333,0.13475,bottom50
DRe15ajgGtf,facade_designn,531000.0,531K,parametric-architecture,"✨When architecture dares to break the rules, magic happens... 😍This design blends nature,",https://www.instagram.com/reel/DRe15ajgGtf/,https://www.instagram.com/popular/parametric-architecture/,1.8216123499142367,0.75,1,future_arch,future_arch,2025-11-25T13:56:34.720000+00:00,2025,303,13,Tue,ok,ok,reel,47K followers,47000.0,237.0,8335.0,138.0,355,7,False,3,0,False,False,"✨When architecture dares to break the rules, magic happens...  😍This design blends nature, geometry, and modern aesthetics in a way that feels effortless yet unforgettable...  🌿A building that truly redefines what 'different' can look like…  #architecture #modernarchitecture #design #housedesign #luxuryarchitecture #architecturephotography #contemporary",cover-v2-embed,cover_r07_087.json,exterior_facade,unusual_structure,none,biophilic,organic_modern,neutral,medium,blue_hour,False,False,,stylized_dreamy,ai_generated,"typical AI architecture visual: soft smeared detail, glowing plant tops, inconsistent window mullions and blurred street cars",low,medium,"A tower of twisted, cantilevered timber-clad boxes with planted terraces rises over a wet street at dusk.",curiosity,"✨When architecture dares to break the rules, magic happens...",none,,,False,theme_page,en,exterior_facade;terrace_outdoor,brown;blue;grey;green,wood;glass;plants,none,exterior_reveal;unusual_architecture;dramatic_scale,47000.0,embed_reel,11.297872340425531,4_VIRAL,0.015696798493408663,0.0002598870056497175,0.016556688662267546,1752.4752475247524,0.5746368703326082,3.7552328408621505,,,,"VERIFIED (public topic page, rounded)","VERIFIED (public embed, rounded, at fetch)",ESTIMATED (AI-assisted coding of cover frame + caption),151-400,4-10,10k-100k,0.5,0.7831858407079646,bottom50
DUdAk3OjSIe,exploringdreamhomes,520000.0,520K,dream-house-design,Dream home 🥰🏡,https://www.instagram.com/reel/DUdAk3OjSIe/,https://www.instagram.com/popular/dream-house-design/,1.573373676248109,0.5833333333333334,1,fantasy_dream,fantasy_dream,2026-02-07T10:25:35.606000+00:00,2026,229,10,Sat,ok,ok,reel,177K followers,177000.0,167.0,27728.0,192.0,13,0,False,2,0,False,False,Dream home 🥰🏡,cover-v2-embed,cover_r13_154.json,exterior_facade,house,none,mediterranean,traditional_regional,warm,bright,daylight,False,False,,aspirational_realistic,ai_generated,"likely AI: overly polished idealized facade with smoothed stone and foliage textures, letterboxed frame; not disclosed in caption",low,medium,"Front view of a charming two-storey stone-clad house with terracotta roof tiles, white columns, orange accent wall and flower pots framed by trees.",aspirational,Dream home 🥰🏡,none,,,False,theme_page,en,exterior_facade;garden_landscape,white;orange;grey;green,natural_stone;wood;glass;metal;plants,none,exterior_reveal,177000.0,embed_reel,2.937853107344633,3_VERY_GOOD,0.053323076923076924,0.0003692307692307692,0.006924408540103866,2270.7423580786026,0.20458173797601373,1.6017020741552241,,,,"VERIFIED (public topic page, rounded)","VERIFIED (public embed, rounded, at fetch)",ESTIMATED (AI-assisted coding of cover frame + caption),1-50,0,100k-500k,0.4,0.935251798561151,bottom50
DZ2bymlKF2u,jareef__saifi,493000.0,493K,hotel-bathroom-designs,Luxury Spa Bathroom Transformation That Feels Like a 5-Star Hotel 🛁,https://www.instagram.com/reel/DZ2bymlKF2u/,https://www.instagram.com/popular/hotel-bathroom-designs/,1.2083333333333333,0.5833333333333334,1,hotel_resort,hotel_resort,2026-06-21T14:01:22.979000+00:00,2026,95,14,Sun,ok,ok,reel,339K followers,339000.0,1244.0,3718.0,29.0,67,0,False,1,0,False,False,Luxury Spa Bathroom Transformation That Feels Like a 5-Star Hotel 🛁,cover-v2-embed,cover_r11_133.json,bathroom,none_visible,none,modern_luxury,warm_luxury,warm,bright,mixed,False,False,JS,aspirational_realistic,ai_generated,"overly smooth uniform surfaces, blank blown-out windows, soft generic props typical of AI interior generators; not disclosed",medium,medium,Warm beige marble spa bathroom with backlit round mirror and freestanding tub; polished but generic.,aspirational,Luxury Spa Bathroom Transformation That Feels Like a 5-Star Hotel 🛁,none,,,False,ai_creator,en,bathroom,beige;white;gold;brown,marble;wood;glass;metal,none,none,339000.0,embed_reel,1.4542772861356932,2_GOOD,0.00754158215010142,5.882352941176471e-05,0.007799892415277031,5189.473684210527,-0.12806149315219034,0.7446265323761561,,,,"VERIFIED (public topic page, rounded)","VERIFIED (public embed, rounded, at fetch)",ESTIMATED (AI-assisted coding of cover frame + caption),51-150,0,100k-500k,0.8,2.5677083333333335,middle
DbD7dl9IYmf,travelask.world,486000.0,486K,como-lake-villas,🏰The most beautiful historic villas on Lake Como where you can stay 📍 Villa d'Este — a legend,https://www.instagram.com/reel/DbD7dl9IYmf/,https://www.instagram.com/popular/como-lake-villas/,13.462603878116344,0.8181818181818182,1,location,location,2026-07-21T16:19:39.347000+00:00,2026,65,16,Tue,ok,ok,reel,681K followers,681000.0,764.0,25222.0,259.0,1025,0,False,7,0,False,False,"🏰The most beautiful historic villas on Lake Como where you can stay  📍 Villa d'Este — a legendary lakeside villa with magnificent gardens, the iconic floating pool, and the timeless atmosphere of Italian aristocratic elegance.  📍 Passalacqua — one of Lake Como's most beautiful historic villas, transformed into a luxurious boutique hotel with exquisite interiors, terraced gardens, and panoramic lake views.  📍 Grand Hotel Villa Serbelloni — an elegant historic villa in the heart of Bellagio, featuring classic interiors, a private park, and breathtaking views over Lake Como.  📍 Villa Pliniana — a secluded historic villa available for exclusive private rental, offering complete privacy on the shores of Lake Como.  📍 Hotel Villa Cipressi — a romantic historic villa with cascading gardens leading down to the lake and spectacular views of Lake Como.  📍 Villa Sola Cabiati — a magnificent aristocratic villa with richly decorated halls, beautifully preserved historic interiors, and the opportunity for an exclusive stay.",cover-v2-embed,cover_r00_007.json,exterior_facade,villa,lake_river,classical_luxury,mediterranean,warm,bright,golden_hour,False,True,The Lake Como villas everyone dreams about,stylized_dreamy,ai_generated,"typical AI image look: flawless postcard composition with vintage cream convertible and driver, over-smooth flowers and stonework, idealized warm light",low,high,"Italianate villa with tower and arcades above Lake Como, a man in a vintage cream convertible on the lakeside road in the foreground.",location,🏰The most beautiful historic villas on Lake Como where you can stay,none,Lake Como,,False,media_publication,en,exterior_facade;garden_landscape;terrace_outdoor,beige;green;blue;cream,natural_stone;plaster;plants;water,none,text_overlay;exterior_reveal;person,681000.0,embed_reel,0.7136563876651982,2_GOOD,0.05189711934156378,0.0005329218106995885,0.01026881294108318,7476.923076923077,0.4327101475809116,2.7083834267490503,Lake Como/Italy,Lake Como/Italy,Lake Como/Italy,"VERIFIED (public topic page, rounded)","VERIFIED (public embed, rounded, at fetch)",ESTIMATED (AI-assisted coding of cover frame + caption),1000+,0,500k-1M,0.3333333333333333,0.37384615384615383,bottom50
DMatfy7RaBr,harmosai,468000.0,468K,saudi-arabia-architecture,"Saudi Arabia's real estate market is booming, driven by Vision 2030. Discover incredible investment opportu",https://www.instagram.com/reel/DMatfy7RaBr/,https://www.instagram.com/popular/saudi-arabia-architecture/,1.2413793103448276,0.5833333333333334,1,location,location,2025-07-22T16:49:14.575000+00:00,2025,429,16,Tue,ok,ok,reel,57K followers,57000.0,3672.0,31167.0,236.0,329,7,False,0,0,False,False,"Saudi Arabia's real estate market is booming, driven by Vision 2030.  Discover incredible investment opportunities and luxurious properties across Riyadh, Jeddah, and the Kingdom's visionary new cities. Your future begins here!  #SaudiRealEstate #Vision2030 #LuxuryProperty #InvestInKSA #RiyadhHomes #JeddahProperty #FutureCities",cover-v2-embed,cover_r03_034.json,exterior_facade,villa,desert,futuristic,dark_luxury,cool,dark,blue_hour,False,False,,stylized_dreamy,ai_generated,"AI-typical look: smeared, indistinct furniture and interior detail, too-perfect continuous LED contour lines; account name harmosai; caption does not disclose AI",low,high,"LED-traced, wave-shaped black villa above a glittering desert city at dusk reads as a futuristic dream home.",descriptive,"Saudi Arabia's real estate market is booming, driven by Vision 2030.",none,"Saudi Arabia (Riyadh, Jeddah)",,False,ai_creator,en,exterior_facade;terrace_outdoor;pool,black;grey;gold;blue,concrete;glass;water;plants,city_lights,exterior_reveal;unusual_architecture;pool,57000.0,embed_reel,8.210526315789474,4_VIRAL,0.06659615384615385,0.0005042735042735043,0.00757211152821895,1090.909090909091,0.29926417550202755,1.9918846072120782,Saudi/Qatar/Gulf,Saudi/Qatar/Gulf,Saudi/Qatar/Gulf,"VERIFIED (public topic page, rounded)","VERIFIED (public embed, rounded, at fetch)",ESTIMATED (AI-assisted coding of cover frame + caption),151-400,4-10,10k-100k,0.5714285714285714,1.0,middle
DVl4FLoiNZw,luxuryhouseview,461000.0,461K,futuristic-home;luxury-homes;luxury-house-tour;luxury-interior;luxury-interior-design;luxury-penthouse;modern-luxury-house-interiors;modern-villa,"Living in a masterpiece of light, space, and luxury💥💎✨. #LuxuryHome #ModernVilla #Dream",https://www.instagram.com/reel/DVl4FLoiNZw/,https://www.instagram.com/popular/luxury-interior/,1.64349376114082,0.8333333333333334,8,future_arch;interior_generic;luxury_home,future_arch,2026-03-07T17:35:55.306000+00:00,2026,201,17,Sat,ok,ok,reel,389K followers,389000.0,961.0,18696.0,111.0,120,5,False,3,0,False,False,"Living in a masterpiece of light, space, and luxury💥💎✨. #LuxuryHome #ModernVilla #DreamHome #LuxuryLiving #interiordesig",cover-v2-embed,cover_r00_010.json,living_room,villa,none,modern_luxury,warm_luxury,warm,medium,night_artificial,False,False,@LuxuryHouse,aspirational_realistic,3d_render,"CG render look: flawless mirror-gloss marble reflections, perfectly even cove lighting, sparkle particles over the windows",medium,medium,"Glossy double-height living room with gold-veined marble floor, sculptural curved stair and crystal chandeliers against a dusk sky.",aspirational,"Living in a masterpiece of light, space, and luxury💥💎✨. #LuxuryHome #ModernVilla #DreamHome #LuxuryLiving #interiordesig",none,,,False,theme_page,en,living_room;stairs_hall,beige;white;brown;black,marble;glass;leather;wood;metal;fabric;plants,stars,dramatic_scale,389000.0,embed_reel,1.1850899742930592,2_GOOD,0.04055531453362256,0.0002407809110629067,0.005937098844672657,2293.532338308458,0.18362324693432228,1.5262414601596563,,,,"VERIFIED (public topic page, rounded)","VERIFIED (public embed, rounded, at fetch)",ESTIMATED (AI-assisted coding of cover frame + caption),51-150,4-10,100k-500k,0.7,2.9177215189873418,middle
DUSRO7GAIke,facade_designn,461000.0,461K,house-on-cliff,🏛️Luxury cliffside villa with breathtaking ocean views 🌊✨ 🏠A modern architectural masterpiece,https://www.instagram.com/reel/DUSRO7GAIke/,https://www.instagram.com/popular/house-on-cliff/,2039.8230088495575,1.0,1,unusual_home,unusual_home,2026-02-03T06:19:30.021000+00:00,2026,233,6,Tue,ok,ok,reel,47K followers,47000.0,237.0,3253.0,25.0,342,5,False,5,0,False,False,"🏛️Luxury cliffside villa with breathtaking ocean views 🌊✨  🏠A modern architectural masterpiece featuring an infinity pool, panoramic terraces, and ultimate seaside living.  🏗️Perfect inspiration for luxury real estate, dream homes, and coastal lifestyle lovers.  #architecture #modernarchitecture #architecturephotography #design #housedesign",cover-v2-embed,cover_r13_156.json,exterior_facade,villa,cliff,modern_luxury,mediterranean,cool,bright,daylight,False,True,,aspirational_realistic,ai_generated,"hyper-clean oversaturated image with repetitive terrace geometry and slightly malformed parked cars, typical AI look; not disclosed in caption",low,high,"Sweeping aerial of a tiered white cliffside villa with infinity pool above the sea, with a circular face-photo inset of an older man in glasses implying a famous owner.",descriptive,🏛️Luxury cliffside villa with breathtaking ocean views 🌊✨,none,,,False,theme_page,en,exterior_facade;pool;terrace_outdoor;garden_landscape,blue;white;green;beige,glass;concrete;plants;water;natural_stone,ocean_waves,exterior_reveal;pool;view_reveal;dramatic_scale;person,47000.0,embed_reel,9.808510638297872,4_VIRAL,0.007056399132321041,5.422993492407809e-05,0.00768521364893944,1978.5407725321888,1.6841830009638998,48.326239397457684,,,,"VERIFIED (public topic page, rounded)","VERIFIED (public embed, rounded, at fetch)",ESTIMATED (AI-assisted coding of cover frame + caption),151-400,4-10,10k-100k,0.3333333333333333,0.6799410029498525,bottom50
DWjLuOqjin8,wayup_media,448000.0,448K,futuristic-house;ultra-modern-luxury-house-design,"This home has been nominated for Home of the Year! If you think it should win, check out @azdarchitects & @nastructures",https://www.instagram.com/reel/DWjLuOqjin8/,https://www.instagram.com/popular/futuristic-house/,1.1576227390180878,0.6666666666666666,2,future_arch;luxury_home,future_arch,2026-03-31T13:01:13.390000+00:00,2026,177,13,Tue,ok,ok,reel,941K followers,941000.0,3170.0,23949.0,261.0,421,4,False,0,7,False,False,"This home has been nominated for Home of the Year! If you think it should win, check out @azdarchitects & @nastructures bio and vote entry #19  Ultra luxury design, insane backyard, and even a car lift in the garage.  Home Architect: @azdarchitects Offsite Fabricated Framing: @nastructures Landscape Architect: @mosher_design Drone: @takeoffdroneproductions @imagesbycc  #architecture #modernhomedesign #luxuryrealestate",cover-v2-embed,cover_r08_094.json,exterior_facade,mansion,forest,modern_luxury,,neutral,medium,blue_hour,False,False,Nominated For: HOME OF THE YEAR,real_existing,real_footage,"real drone footage (caption credits drone operators), natural dusk light and autumn foliage",medium,high,"Dusk drone view of a sprawling modern mansion with a lit pool, fire pits and outdoor lounges in an autumn forest, framed by 'Home of the Year' award text.",status,"This home has been nominated for Home of the Year! If you think it should win, check out @azdarchitects & @nastructures ",link_in_bio,,,False,media_publication,en,exterior_facade;pool;terrace_outdoor;garden_landscape,green;brown;white;blue,glass;concrete;water;plants;fire,none,text_overlay;exterior_reveal;pool;dramatic_scale,941000.0,embed_reel,0.4760892667375133,1_NORMAL,0.053457589285714285,0.0005825892857142857,0.010898158586997369,2531.0734463276835,0.16468882005717078,1.4611298730070237,,,,"VERIFIED (public topic page, rounded)","VERIFIED (public embed, rounded, at fetch)",ESTIMATED (AI-assisted coding of cover frame + caption),401-1000,4-10,500k-1M,0.3333333333333333,0.14688524590163934,bottom50
DMfmp0gScp0,naturesms,440000.0,440K,futuristic-architecture-designs-2026,Architectural design that integrates into nature. #artchitectural #design #explore,https://www.instagram.com/reel/DMfmp0gScp0/,https://www.instagram.com/popular/futuristic-architecture-designs-2026/,4.695837780149413,0.9166666666666666,1,future_arch,future_arch,2025-07-24T14:25:38.841000+00:00,2025,427,14,Thu,ok,ok,reel,10M followers,10000000.0,3511.0,17805.0,219.0,82,3,False,0,0,False,False,Architectural design that integrates into nature. #artchitectural #design #explore,cover-v2-embed,cover_r12_136.json,other,unusual_structure,cliff,futuristic,biophilic,cool,medium,mixed,False,True,,stylized_dreamy,ai_generated,"concept-visualization look typical of AI architecture imagery: implausible terraced city under a huge rock overhang, soft indistinct distant figures; no AI disclosure in caption",low,high,"Terraced glass-fronted buildings lining a tree-lined canal inside a vast rock canyon, with tiny pedestrians emphasizing the scale.",descriptive,Architectural design that integrates into nature. #artchitectural #design #explore,none,,,False,theme_page,en,exterior_facade;garden_landscape,grey;green;white;black,natural_stone;water;plants;glass;concrete,none,unusual_architecture;dramatic_scale;water_feature,10000000.0,embed_reel,0.044,1_NORMAL,0.040465909090909094,0.0004977272727272727,0.012299915754001686,1030.4449648711943,-0.1299708264668067,0.7413600401499206,,,,"VERIFIED (public topic page, rounded)","VERIFIED (public embed, rounded, at fetch)",ESTIMATED (AI-assisted coding of cover frame + caption),51-150,1-3,1M+,0.75,1.1398963730569949,middle
DMHorJyNrHH,naturesms,438000.0,438K,forest-house,Who would you most like to live with in such a quiet and romantic forest villa. #naturesms,https://www.instagram.com/reel/DMHorJyNrHH/,https://www.instagram.com/popular/forest-house/,1.6559546313799622,0.6666666666666666,1,unusual_home,unusual_home,2025-07-15T07:01:31.965000+00:00,2025,436,7,Tue,ok,ok,reel,10M followers,10000000.0,3511.0,23774.0,105.0,90,1,False,0,0,False,True,Who would you most like to live with in such a quiet and romantic forest villa. #naturesms,cover-v2-embed,cover_r13_151.json,living_room,villa,mountain,dark_luxury,biophilic,neutral,dark,mixed,True,False,,stylized_dreamy,ai_generated,"typical AI composition: supercars parked on a raised indoor platform beside the sofa, open-air living room merging into rainy forested gorge, smoothed textures; no disclosure",low,high,Moody open living room with grey leather sofas and in-home supercar display opening onto a rain-soaked forested mountain valley.,question,Who would you most like to live with in such a quiet and romantic forest villa. #naturesms,question_engagement,,,False,theme_page,en,living_room;other;terrace_outdoor,grey;green;brown;black,leather;glass;natural_stone;wood;plants,rain,view_reveal;dramatic_scale,10000000.0,embed_reel,0.0438,1_NORMAL,0.05427853881278539,0.00023972602739726027,0.004416589551611004,1004.5871559633027,-0.4276915239981617,0.37351536866510443,,,,"VERIFIED (public topic page, rounded)","VERIFIED (public embed, rounded, at fetch)",ESTIMATED (AI-assisted coding of cover frame + caption),51-150,1-3,1M+,0.625,1.1347150259067358,middle
DThYGKkEokC,styltechinterior_official,405000.0,405K,luxury-kitchen,This Kitchen Looks Luxury on Another Level 😍🔥,https://www.instagram.com/reel/DThYGKkEokC/,https://www.instagram.com/popular/luxury-kitchen/,0.5680224403927069,0.4166666666666667,1,luxury_room,luxury_room,2026-01-15T06:36:41.121000+00:00,2026,252,6,Thu,ok,ok,reel,201K followers,201000.0,1199.0,5047.0,30.0,45,0,False,2,0,False,False,This Kitchen Looks Luxury on Another Level 😍🔥,cover-v2-embed,cover_p1a_000.json,kitchen,none_visible,none,modern_luxury,minimalist,neutral,medium,night_artificial,False,False,,real_existing,real_footage,"handheld phone-video look with compression noise, real branded appliances and reflections",high,medium,Glossy white handleless kitchen with smoked-glass LED-lit upper cabinets and black sink/faucet; ordinary phone walkthrough framing.,aspirational,This Kitchen Looks Luxury on Another Level 😍🔥,none,,,False,designer_studio,en,kitchen,white;black;grey;gold,marble;glass;metal,none,none,201000.0,embed_reel,2.014925373134328,3_VERY_GOOD,0.012461728395061728,7.407407407407407e-05,0.005944125222904696,1607.142857142857,-0.41643450683968203,0.3833235426020042,,,,"VERIFIED (public topic page, rounded)","VERIFIED (public embed, rounded, at fetch)",ESTIMATED (AI-assisted coding of cover frame + caption),1-50,0,100k-500k,0.6,1.0,middle
DacKAUwPv5s,roxy_carretero,397000.0,397K,living-room-decor,"Follow & Comment ""SHOP"" for links 🔗💌 Ever 🙂‍↔️ 🤍 Let me know if you're like me !!",https://www.instagram.com/reel/DacKAUwPv5s/,https://www.instagram.com/popular/living-room-decor/,0.634185303514377,0.36363636363636365,1,room_generic,room_generic,2026-07-06T05:37:06.617000+00:00,2026,80,5,Mon,ok,ok,reel,54K followers,54000.0,525.0,10476.0,170.0,212,5,False,4,0,False,True,"Follow & Comment ""SHOP"" for links 🔗💌  Ever 🙂‍↔️ 🤍 Let me know if you're like me !!  #homedecor #interiordesign #livingroomdecor #homeinspo #interiorinspo cozyhome modernhome neutraldecor homestyling homeaesthetic",cover-v2-embed,cover_q5_029.json,living_room,apartment,none,organic_modern,,warm,medium,night_artificial,False,False,,real_existing,real_footage,"phone-camera photo of an ordinary room: textured popcorn ceiling, visible sensor noise, realistic fabric wrinkles and imperfect curtain hang",high,medium,"Cozy warm-lit neutral living room with cream cloud-style sectional, travertine drum side tables, olive tree and linen curtains - relatable, shoppable styling rather than a dramatic hook.",promotional,"Follow & Comment ""SHOP"" for links 🔗💌",comment_keyword,,,False,lifestyle_influencer,en,living_room,cream;beige;amber;brown,fabric;natural_stone;plants;metal;wood,none,none,54000.0,embed_reel,7.351851851851852,4_VIRAL,0.026387909319899244,0.0004282115869017632,0.016227567773959527,4962.5,0.025569130118801534,1.060642755908438,,,,"VERIFIED (public topic page, rounded)","VERIFIED (public embed, rounded, at fetch)",ESTIMATED (AI-assisted coding of cover frame + caption),151-400,4-10,10k-100k,0.4,0.5890207715133531,bottom50
DLw-wW0NBEY,miladeshtiyaghi,381000.0,381K,desert-modern-house-tours;futuristic-house,Modern Hillside House 🌿🏡 Architecture & Interior designer: @miladeshtiyaghi This project reflects my vision of minimal,https://www.instagram.com/reel/DLw-wW0NBEY/,https://www.instagram.com/popular/futuristic-house/,8.02950474183351,0.75,2,future_arch;unusual_home,unusual_home,2025-07-06T11:51:56.993000+00:00,2025,445,11,Sun,ok,ok,reel,642K followers,642000.0,1709.0,,284.0,662,10,False,2,1,False,False,"Modern Hillside House 🌿🏡 Architecture & Interior designer: @miladeshtiyaghi  This project reflects my vision of minimalist, grounded luxury—where architecture feels weightless and nature leads the design. Elevated above the terrain, the villa blends clean geometry with soft lighting, an infinity pool, and open glazing that frames the landscape like living art.  Inside, the palette is quiet and warm—neutral tones, natural textures, and sculptural furniture designed for stillness and clarity. A home meant not just for living, but for being.  #Architecture #InteriorDesign #Minimalism #LuxuryLiving #luxury #losangeles #billionaire #millionaire #house #معماری",cover-v2-embed,cover_r06_070.json,exterior_facade,villa,mountain,modern_luxury,minimalist,cool,medium,blue_hour,False,False,,aspirational_realistic,ai_generated,"Midjourney-style aerial: over-perfect dusk glow, illogical stacked pool/terrace geometry, furniture rendered as soft blobs; caption presents it as the account's own design, no AI disclosure",low,high,Drone-style dusk view of a sprawling glass-and-white hillside villa with lit infinity pools above a glittering valley of city lights and mountains.,descriptive,Modern Hillside House 🌿🏡,none,Los Angeles (hashtag #losangeles),,False,designer_studio,en,exterior_facade;pool;terrace_outdoor;living_room,white;blue;orange;green,glass;concrete;water;plants,city_lights,exterior_reveal;pool;dramatic_scale,642000.0,embed_reel,0.5934579439252337,2_GOOD,,0.0007454068241469817,,856.1797752808989,0.23519976326375946,1.718698758525615,Los Angeles/California,,Los Angeles/California,"VERIFIED (public topic page, rounded)","VERIFIED (public embed, rounded, at fetch)",ESTIMATED (AI-assisted coding of cover frame + caption),401-1000,4-10,500k-1M,0.6,1.0,middle
DXeZzzbjsOp,wayup_media,380000.0,380K,luxury-homes;luxury-mansion,"I think I found my dream home… The backyard features a sports court, pool, and spa. Throughout the interior of the home you'll find Versace tile, artf",https://www.instagram.com/reel/DXeZzzbjsOp/,https://www.instagram.com/popular/luxury-homes/,0.9036860879904876,0.5,2,luxury_home,luxury_home,2026-04-23T12:59:30.576000+00:00,2026,154,12,Thu,ok,ok,reel,942K followers,942000.0,3170.0,25315.0,185.0,318,3,False,0,3,False,False,"I think I found my dream home… The backyard features a sports court, pool, and spa. Throughout the interior of the home you'll find Versace tile, artful moss walls, and a level of detail you don't see everyday  Agents: @tushar_vakhariya & @renee_lossia_acho FPV Drone Pilot: @t_fairbanks  #luxury #realestate #michigan",cover-v2-embed,cover_r04_054.json,exterior_facade,mansion,none,modern_luxury,,cool,medium,blue_hour,False,False,The Front VS The Back,real_existing,real_footage,real FPV drone footage with motion blur on the driveway; caption credits listing agents and FPV drone pilot,low,high,"Symmetrical white mansion with dark hip roofs at dusk seen down a long driveway, framed by a 'The Front VS The Back' comparison hook.",aspirational,I think I found my dream home…,none,Michigan (hashtag),,False,media_publication,en,exterior_facade;garden_landscape,blue;white;grey;green,concrete;plaster;glass;plants,none,text_overlay;exterior_reveal,942000.0,embed_reel,0.4033970276008493,1_NORMAL,0.06661842105263158,0.0004868421052631579,0.0073079202054118116,2467.5324675324673,-0.40640339051211727,0.39228040001697706,Other,,Other,"VERIFIED (public topic page, rounded)","VERIFIED (public embed, rounded, at fetch)",ESTIMATED (AI-assisted coding of cover frame + caption),151-400,1-3,500k-1M,0.25,0.12459016393442623,bottom50
DVKk1NDCOjL,divaa.finds,365000.0,365K,dream-room,"Every girl's dream 💗🛏️✨ A room that feels soft, cozy, and a little magical where everything is pink",https://www.instagram.com/reel/DVKk1NDCOjL/,https://www.instagram.com/popular/dream-room/,0.10428571428571429,0.3333333333333333,1,fantasy_dream,fantasy_dream,2026-02-25T03:08:13.279000+00:00,2026,211,3,Wed,ok,ok,reel,764K followers,764000.0,1203.0,32697.0,93.0,547,5,False,10,0,False,False,"Every girl's dream 💗🛏️✨ A room that feels soft, cozy, and a little magical where everything is pink, organized, and glowing just right. The kind of space that makes you excited to come home every single day 🤍  🎀 A dreamy vanity setup 🛏️ Fluffy bedding you never want to leave 💡 Soft lights that make the whole room glow 💖 Little details that make it feel like your world  Because every girl deserves a space that feels this special ✨ Comment ""dream"" if you want links to my setup 💕  Tags: #dreamroom #girlyroom #pinkroom #aestheticroom #divaafinds",cover-v2-embed,cover_r00_004.json,bedroom,none_visible,none,glam_feminine,,cool,medium,night_artificial,False,False,every girl's dream.,real_existing,real_footage,real phone footage of a vanity corner with purple LED strip glow,high,medium,Purple LED-strip glow over a white drawer desk and Hollywood bulb mirror sells an attainable 'every girl's dream' vanity setup.,aspirational,Every girl's dream 💗🛏️✨,comment_keyword,,,False,lifestyle_influencer,en,bedroom,purple;white;grey,fabric;glass;metal,none,text_overlay,764000.0,embed_reel,0.47774869109947643,1_NORMAL,0.08958082191780822,0.0002547945205479452,0.0028442976419855034,1729.8578199052133,-0.5537770857288704,0.2793977563482996,,,,"VERIFIED (public topic page, rounded)","VERIFIED (public embed, rounded, at fetch)",ESTIMATED (AI-assisted coding of cover frame + caption),401-1000,4-10,500k-1M,0.2,0.24333333333333335,bottom50
DTf1j0ZgTLk,luxurydreamhub,365000.0,365K,luxury-modern-beautiful-house,Modern luxury at its finest. ✨🏙️ #interiordesign #luxuryhomes #homedecor #modernliving #aesth,https://www.instagram.com/reel/DTf1j0ZgTLk/,https://www.instagram.com/popular/luxury-modern-beautiful-house/,1.483739837398374,0.5833333333333334,1,luxury_home,luxury_home,2026-01-14T16:15:39.532000+00:00,2026,253,16,Wed,ok,ok,reel,1M followers,1000000.0,1144.0,12014.0,65.0,97,5,False,2,0,False,False,Modern luxury at its finest. ✨🏙️ #interiordesign #luxuryhomes #homedecor #modernliving #aesthetic,cover-v2-embed,cover_r13_147.json,exterior_facade,villa,none,modern_luxury,minimalist,neutral,medium,blue_hour,False,False,,aspirational_realistic,ai_generated,idealized render-like aerial with overly smooth surfaces and soft AI-typical foliage; not disclosed in caption,low,high,"Elevated dusk view of a multi-level white-and-black modern villa with lit interiors, rooftop pool over the garage and a sweeping curved driveway.",aspirational,Modern luxury at its finest. ✨🏙️ #interiordesign #luxuryhomes #homedecor #modernliving #aesthetic,none,,,False,theme_page,en,exterior_facade;living_room;bedroom;garden_landscape,white;black;green;grey,glass;concrete;plaster;plants;water,none,exterior_reveal;water_feature,1000000.0,embed_reel,0.365,1_NORMAL,0.032915068493150686,0.00017808219178082192,0.0054103545863159646,1442.687747035573,-0.18265912074591745,0.6566604791814342,,,,"VERIFIED (public topic page, rounded)","VERIFIED (public embed, rounded, at fetch)",ESTIMATED (AI-assisted coding of cover frame + caption),51-150,4-10,500k-1M,0.4375,0.42026482440990215,bottom50
DXNO5bbDWVp,roomify.design,353000.0,353K,bedroom-design,"Day 5 of styling the same house… and this one might be my favorite 🤍 Search: modern luxury bedroom design From an empty room to a calm, high-end bedro",https://www.instagram.com/reel/DXNO5bbDWVp/,https://www.instagram.com/popular/bedroom-design/,0.3767342582710779,0.3333333333333333,1,room_generic,room_generic,2026-04-16T20:57:04.143000+00:00,2026,161,20,Thu,ok,ok,reel,62K followers,62000.0,152.0,3738.0,1991.0,528,5,True,4,0,False,True,"Day 5 of styling the same house… and this one might be my favorite 🤍  Search: modern luxury bedroom design  From an empty room to a calm, high-end bedroom — this is what happens when you keep it neutral, layered, and intentional.  Soft textures, warm light, and clean symmetry = timeless luxury ✨  🛍️ Want this exact bedroom setup? Comment ""BEDROOM"" and I'll send you all the pieces (Wayfair links included)  Save this for your dream bedroom 🤍 #bedroomdesign #luxuryinteriors #modernbedrooms #homedecorideas #interiordesigninspo",cover-v2-embed,cover_q1_007.json,bedroom,house,none,modern_luxury,organic_modern,warm,bright,golden_hour,False,False,,aspirational_realistic,ai_generated,"overly smooth render-like surfaces, idealized golden glow and perfect symmetry typical of AI image generation; 'empty room to' staging series",high,high,"Symmetrical warm-lit neutral bedroom with channel headboard, arched mirrors, chunky knit rug and sage pillows bathed in golden light.",curiosity,Day 5 of styling the same house… and this one might be my favorite 🤍,comment_keyword,,,False,ai_creator,en,bedroom,beige;white;green;gold,wood;fabric;glass;metal;plants,none,bed_focus,62000.0,embed_reel,5.693548387096774,4_VIRAL,0.010589235127478754,0.005640226628895184,0.5326377742108079,2192.5465838509317,-0.24462791771089523,0.5693405050714928,,,,"VERIFIED (public topic page, rounded)","VERIFIED (public embed, rounded, at fetch)",ESTIMATED (AI-assisted coding of cover frame + caption),401-1000,4-10,10k-100k,0.7142857142857143,1.0474777448071217,middle
DUqNpOZDtdX,wayup_media,348000.0,348K,luxury-house-tour;mansion-tour,Should we do more house tours with an FPV drone? This home has major curb appeal with a fire feature a,https://www.instagram.com/reel/DUqNpOZDtdX/,https://www.instagram.com/popular/luxury-house-tour/,1.0909090909090908,0.5833333333333334,2,luxury_home,luxury_home,2026-02-12T13:29:54.699000+00:00,2026,224,13,Thu,ok,ok,reel,941K followers,941000.0,3170.0,22751.0,205.0,388,3,True,0,5,False,False,"Should we do more house tours with an FPV drone?  This home has major curb appeal with a fire feature at the entry, plus a backyard with a pool and spa that makes you want summer to start early.  Builder: @sapphireluxuryhomes Landscaping: @sapphirelandscaping Agent: @realtysolutionsofmi Home Automation: @intellitech_mi FPV Drone Pilot: @t_fairbanks  #luxury #mansion #michiganrealestate",cover-v2-embed,cover_r02_028.json,exterior_facade,mansion,none,mediterranean,modern_luxury,cool,medium,blue_hour,False,False,"We flew a drone inside this home
Was it worth it? 😰",real_existing,real_footage,"real FPV drone footage with fisheye edge distortion; caption credits builder, agent and drone pilot",low,high,"Dusk FPV-drone view of a lit white estate with a fire-feature drive, plus a question overlay promising an indoor fly-through.",question,Should we do more house tours with an FPV drone?,question_engagement,Michigan,,False,media_publication,en,exterior_facade;garden_landscape,blue;green;white;yellow,plaster;glass;plants;fire,fireplace,text_overlay;exterior_reveal,941000.0,embed_reel,0.3698193411264612,1_NORMAL,0.06537643678160919,0.000589080459770115,0.009010592940969628,1553.5714285714287,-0.07075182035366712,0.8496658819366342,Other,,Other,"VERIFIED (public topic page, rounded)","VERIFIED (public embed, rounded, at fetch)",ESTIMATED (AI-assisted coding of cover frame + caption),151-400,1-3,500k-1M,0.16666666666666666,0.11409836065573771,bottom50
DU_6TszDUU9,roomify.design,337000.0,337K,virtual-staging,"Soft, warm, and everything you need🤍🧡 #luxurylivingrooms #virtualstaging #interiortransformation #beforeafter #realestate",https://www.instagram.com/reel/DU_6TszDUU9/,https://www.instagram.com/popular/virtual-staging/,43.986164589179666,1.0,1,ai,ai,2026-02-20T23:44:14.399000+00:00,2026,216,23,Fri,ok,ok,reel,62K followers,62000.0,152.0,3039.0,73.0,121,5,False,2,0,False,False,"Soft, warm, and everything you need🤍🧡 #luxurylivingrooms #virtualstaging #interiortransformation #beforeafter #realestate",cover-v2-embed,cover_r02_028.json,living_room,house,none,organic_modern,warm_luxury,warm,medium,golden_hour,True,False,,aspirational_realistic,ai_generated,caption tags #virtualstaging; overly smooth idealized textures and glowing sunset typical of AI staging (not explicitly disclosed),high,high,"Cream boucle sectional and chunky wood coffee table glowing in golden-hour light, a very shoppable cozy-luxury living room.",aspirational,"Soft, warm, and everything you need🤍🧡 #luxurylivingrooms #virtualstaging #interiortransformation #beforeafter #realestat",none,,,False,designer_studio,en,living_room;kitchen,beige;white;brown;orange,wood;fabric;marble;glass;metal,none,view_reveal,62000.0,embed_reel,5.435483870967742,4_VIRAL,0.00901780415430267,0.0002166172106824926,0.024021059559065482,1560.1851851851852,1.1665323283690392,14.673453102968278,,,,"VERIFIED (public topic page, rounded)","VERIFIED (public embed, rounded, at fetch)",ESTIMATED (AI-assisted coding of cover frame + caption),51-150,4-10,10k-100k,0.5714285714285714,1.0,middle
C_0p78vSxYJ,naturesms,334000.0,334K,indoor-pool,,https://www.instagram.com/reel/C_0p78vSxYJ/,https://www.instagram.com/popular/indoor-pool/,1.237037037037037,0.5833333333333334,1,pool,pool,2024-09-12T15:50:15.863000+00:00,2024,742,15,Thu,ok,ok,reel,10M followers,10000000.0,3511.0,12065.0,,0,0,False,0,0,False,False,,cover-v2-embed,cover_r03_044.json,living_room,villa,jungle_tropical,tropical,biophilic,warm,medium,overcast_rain,True,False,,stylized_dreamy,ai_generated,"AI-typical idealized image: soft uniform detail, warped small objects and repeated cushions; no disclosure",medium,high,"Glass-roofed lounge with beige sofas on a wood deck beside a pool, open to misty rainforest.",none,,none,,,False,theme_page,,living_room;pool;terrace_outdoor,beige;brown;green;grey,wood;glass;metal;fabric;water;plants,rain;fog,pool;view_reveal,10000000.0,embed_reel,0.0334,1_NORMAL,0.03612275449101796,,,450.13477088948787,-0.56679313940986,0.2711482841895487,,,,"VERIFIED (public topic page, rounded)","VERIFIED (public embed, rounded, at fetch)",ESTIMATED (AI-assisted coding of cover frame + caption),0,0,1M+,0.5,0.8652849740932642,bottom50
DQUUZF-EpAX,naturesms,319000.0,319K,cozy-winter-cabin,"On a snowy day, who would you most like to live with in such a cozy cave cabin? #naturesms",https://www.instagram.com/reel/DQUUZF-EpAX/,https://www.instagram.com/popular/cozy-winter-cabin/,1.8720657276995305,0.6666666666666666,1,cozy_ambience,cozy_ambience,2025-10-27T15:20:00.469000+00:00,2025,332,15,Mon,ok,ok,reel,10M followers,10000000.0,3511.0,8414.0,70.0,90,1,True,0,0,False,True,"On a snowy day, who would you most like to live with in such a cozy cave cabin? #naturesms",cover-v2-embed,cover_p1d_106.json,bedroom,unusual_structure,snow,rustic_cozy,,warm,medium,mixed,True,False,,stylized_dreamy,ai_generated,"Typical AI cozy-scene look: over-smooth cave rock, rope-hung canopy bed and floor-to-ceiling window set into a cave, idealized fur and knit textures; no disclosure",medium,high,"Cave bedroom with a hanging canopy bed, roaring fireplace, sleeping cat and snowy mountain view is maximal cozy escapism.",question,"On a snowy day, who would you most like to live with in such a cozy cave cabin? #naturesms",question_engagement,,,False,theme_page,en,bedroom;living_room;dining,beige;brown;white;grey,natural_stone;wood;glass;fabric;fire,snow;fireplace,bed_focus;view_reveal;unusual_architecture,10000000.0,embed_reel,0.0319,1_NORMAL,0.026376175548589342,0.00021943573667711599,0.008319467554076539,960.843373493976,-0.4720915427022687,0.3372162210925429,,,,"VERIFIED (public topic page, rounded)","VERIFIED (public embed, rounded, at fetch)",ESTIMATED (AI-assisted coding of cover frame + caption),51-150,1-3,1M+,0.375,0.8264248704663213,bottom50
DTvByw5kyek,siyad_abdali,316000.0,316K,dream-bedroom,A Dreamy Bunk Bed Room Made for Warm Nights and Quiet Moments,https://www.instagram.com/reel/DTvByw5kyek/,https://www.instagram.com/popular/dream-bedroom/,0.4795144157814871,0.4166666666666667,1,luxury_room,luxury_room,2026-01-20T13:51:09.900000+00:00,2026,247,13,Tue,ok,ok,reel,4M followers,4000000.0,2110.0,15214.0,63.0,61,0,False,0,0,False,False,A Dreamy Bunk Bed Room Made for Warm Nights and Quiet Moments,cover-v2-embed,cover_r09_103.json,bedroom,apartment,city_skyline,glam_feminine,maximalist,warm,medium,night_artificial,True,False,,stylized_dreamy,ai_generated,"typical AI look: impossibly dense star-speckled ceiling, over-plush pink bedding everywhere, smeared small decor details and snowy night city through windows; no disclosure in caption",medium,high,"Ultra-cozy pink loft bunk room wrapped in fairy lights with a starry ceiling, a cat on a sea of cushions and snow falling over a night city outside.",descriptive,A Dreamy Bunk Bed Room Made for Warm Nights and Quiet Moments,none,,,False,ai_creator,en,bedroom,pink;white;beige,fabric;glass;wood;plants,snow;stars;city_lights,bed_focus,4000000.0,embed_reel,0.079,1_NORMAL,0.04814556962025317,0.00019936708860759494,0.004140922834231629,1279.3522267206479,-0.9529149441649737,0.11145127876510313,,,,"VERIFIED (public topic page, rounded)","VERIFIED (public embed, rounded, at fetch)",ESTIMATED (AI-assisted coding of cover frame + caption),51-150,0,1M+,0.16666666666666666,0.06945054945054945,bottom50
DV3t286gJp6,roomify.design,301000.0,301K,green-minimalist-interior-design,"Turning an empty space into a luxury living & dining room. The right layout, textures and lighting make all the difference. Would you live here? Sage",https://www.instagram.com/reel/DV3t286gJp6/,https://www.instagram.com/popular/green-minimalist-interior-design/,2.9209121785541,0.8333333333333334,1,style,style,2026-03-14T15:52:55.630000+00:00,2026,194,15,Sat,ok,ok,reel,62K followers,62000.0,152.0,3777.0,98.0,257,5,True,0,0,False,True,"Turning an empty space into a luxury living & dining room.  The right layout, textures and lighting make all the difference.  Would you live here?  Sage green living room design #homestaging #beforeandafter #interiordesign #luxurybedroom #roomtransformation",cover-v2-embed,cover_r12_145.json,living_room,none_visible,none,organic_modern,warm_luxury,warm,medium,mixed,False,False,,aspirational_realistic,ai_generated,"idealized uniformly soft AI-staging look (boucle, vases, candles too perfect), virtual-staging account doing empty-room-to-luxury transformations; no explicit AI disclosure",high,high,"Sage-green open living/dining room with boucle seating, round wood coffee table and glass-globe chandelier - a polished, shoppable 'after' shot with no text hook.",descriptive,Turning an empty space into a luxury living & dining room.,question_engagement,,,False,designer_studio,en,living_room;dining,white;beige;green;brown,wood;fabric;plants;glass;metal,none,none,62000.0,embed_reel,4.854838709677419,3_VERY_GOOD,0.012548172757475082,0.0003255813953488372,0.025946518400847232,1551.5463917525774,0.5496833507093423,3.545547848435294,,,,"VERIFIED (public topic page, rounded)","VERIFIED (public embed, rounded, at fetch)",ESTIMATED (AI-assisted coding of cover frame + caption),151-400,4-10,10k-100k,0.42857142857142855,0.8931750741839762,bottom50
DJIOmcFuzX4,2pdesigners,298000.0,298K,kitchen-design,Your kitchen deserves charm without losing functionality. Designing a stylish and practical space is all about smart,https://www.instagram.com/reel/DJIOmcFuzX4/,https://www.instagram.com/popular/kitchen-design/,0.2384,0.25,1,room_generic,room_generic,2025-05-01T22:58:45.348000+00:00,2025,511,22,Thu,ok,ok,reel,134K followers,134000.0,1649.0,6360.0,51.0,436,3,False,3,0,False,False,"Your kitchen deserves charm without losing functionality.  Designing a stylish and practical space is all about smart contrasts and thoughtful details: ✔ Mix two tones natural wood for warmth, solid color for sophistication ✔ Use mirrors to visually expand the space ✔ Invest in layered lighting to create both function and ambiance  Because a well designed kitchen makes everyday living feel extraordinary.  #kitchen #interiors #design",cover-v2-embed,cover_q3_018.json,kitchen,none_visible,none,modern_luxury,minimalist,warm,bright,mixed,False,False,,aspirational_realistic,3d_render,"CGI render look: perfect marble veining, uniform recessed and LED lighting, no real-camera noise",medium,high,Sleek wood-veneer kitchen with a white marble waterfall island and glowing under-cabinet backsplash; polished designer render.,aspirational,Your kitchen deserves charm without losing functionality.,none,,,False,designer_studio,en,kitchen;dining,white;brown;grey;beige,wood;marble;metal;glass;plants,none,none,134000.0,embed_reel,2.2238805970149254,3_VERY_GOOD,0.02134228187919463,0.00017114093959731544,0.008018867924528302,583.1702544031311,-0.8108527075993744,0.15457786065407328,,,,"VERIFIED (public topic page, rounded)","VERIFIED (public embed, rounded, at fetch)",ESTIMATED (AI-assisted coding of cover frame + caption),401-1000,1-3,100k-500k,0.8,1.1550387596899225,middle
DMff66LTcEc,luxurydreamhub,295000.0,295K,modern-living-room,Clean lines and chic vibes. This is my kind of living space! Obsessed with the minimalist and modern,https://www.instagram.com/reel/DMff66LTcEc/,https://www.instagram.com/popular/modern-living-room/,0.7804232804232805,0.5,1,room_generic,room_generic,2025-07-24T13:26:48.815000+00:00,2025,427,13,Thu,ok,ok,reel,1M followers,1000000.0,1144.0,13840.0,57.0,393,18,False,1,0,False,False,Clean lines and chic vibes. This is my kind of living space! Obsessed with the minimalist and modern aesthetic. ✨ #InteriorDesign #LivingRoomGoals #ModernHome #HomeStyling #MinimalistDesign #InteriorInspiration #DesignInspo #DreamHome #ChicDecor #LivingRoomIdeas #ApartmentTherapy #ContemporaryDesign #SleekDesign #HomeSweetHome #LuxuryInteriors #ModernLiving #SmartHome #ArchitecturalLighting,cover-v2-embed,cover_q0_000.json,living_room,apartment,city_skyline,minimalist,modern_luxury,cool,bright,mixed,True,False,,real_existing,real_footage,"real camera footage of an actual apartment with AC vent grille, recessed spots and residential towers outside",medium,high,"All-white minimalist living room with linear LED ceiling lines, black leather sofa and a blue moon-like projection on the ceiling.",aspirational,Clean lines and chic vibes. This is my kind of living space! Obsessed with the minimalist and modern aesthetic. ✨ #Inter,none,,,False,theme_page,en,living_room,white;grey;black;blue,leather;marble;glass;fabric;plants,none,none,1000000.0,embed_reel,0.295,1_NORMAL,0.04691525423728814,0.00019322033898305085,0.004118497109826589,690.8665105386417,-0.21879656219859028,0.6042316050257847,,,,"VERIFIED (public topic page, rounded)","VERIFIED (public embed, rounded, at fetch)",ESTIMATED (AI-assisted coding of cover frame + caption),151-400,11-20,500k-1M,0.375,0.33966609096142775,bottom50
DWPBYwkEoht,theluxuryhomeshow,290000.0,290K,luxury-homes;luxury-house-tour,"Welcome to $34 million of pure Florida luxury. This residence pushes the boundaries of design with a post-tension build that eliminates all columns, c",https://www.instagram.com/reel/DWPBYwkEoht/,https://www.instagram.com/popular/luxury-homes/,0.9090909090909091,0.5,2,luxury_home,luxury_home,2026-03-23T17:06:05.985000+00:00,2026,185,17,Mon,ok,ok,reel,2M followers,2000000.0,2361.0,18297.0,201.0,839,0,False,0,1,False,False,"Welcome to $34 million of pure Florida luxury. This residence pushes the boundaries of design with a post-tension build that eliminates all columns, creating a seamless flow from the minimalist kitchen to the expansive waterfront lounge.  Every element is bespoke, including the floating staircase and a glass lift that anchors the open-plan entertainment space.  Beyond the living areas, the home trades traditional decor for high-octane inspiration, featuring a hypercar-themed office and a garage that functions as a private museum.  Housing icons like the McLaren Senna and an electric Rolls-Royce, this is more than a home, it's a gallery for the elite collector. Unreal design meets unmatched performance.  For more information, reach out directly to @howardpanes.  The full tour is available on The Luxury Home Show YouTube channel.",cover-v2-embed,cover_r01_022.json,pool,villa,none,modern_luxury,minimalist,cool,bright,daylight,False,False,,real_existing,real_footage,"smartphone photo of a real listed Florida residence with natural sky, reflections and foreground grasses",low,high,Palm frond framing a crisp white two-storey modern villa with glass balconies above a turquoise pool under deep blue sky.,money,Welcome to $34 million of pure Florida luxury. This residence pushes the boundaries of design with a post-tension build,dm,Florida,$34 million,False,media_publication,en,pool;exterior_facade;terrace_outdoor,white;blue;black;green,glass;plaster;water;plants;fabric,none,exterior_reveal;pool,2000000.0,embed_reel,0.145,1_NORMAL,0.06309310344827586,0.0006931034482758621,0.010985407443843253,1567.5675675675675,-0.6767149932070373,0.2105159502514959,Miami/Florida,,Miami/Florida,"VERIFIED (public topic page, rounded)","VERIFIED (public embed, rounded, at fetch)",ESTIMATED (AI-assisted coding of cover frame + caption),401-1000,0,1M+,0.7777777777777778,1.4356435643564356,middle
DLsDLeYydeX,arteo_luxury,287000.0,287K,luxury-interior-design,Luxury interiors by Arteo! A living room should speak your soul—this one whispers elegance in,https://www.instagram.com/reel/DLsDLeYydeX/,https://www.instagram.com/popular/luxury-interior-design/,0.23916666666666667,0.16666666666666666,1,interior_generic,interior_generic,2025-07-04T13:54:24.138000+00:00,2025,447,13,Fri,ok,ok,reel,871K followers,871000.0,1041.0,3395.0,39.0,627,13,False,0,0,False,False,"Luxury interiors by Arteo!  A living room should speak your soul—this one whispers elegance in every detail. With golden undertones, soft textures, and artful lighting, the space becomes more than just a living room—it becomes an experience. The blend of modern design and serene comfort brings a calm rhythm to everyday moments. This living room doesn't just look luxurious, it feels like home. Let your living room be where style meets soul.  #livingroom #luxuryinteriors #luxurylivingroom #luxuryroom #luxuryinteriordesign #interiordesign #interiors #luxurydesign #design #luxurylife #luxurylives #luxurylifestyle #bangalore",cover-v2-embed,cover_q1_009.json,living_room,none_visible,none,modern_luxury,warm_luxury,warm,medium,mixed,False,False,Solé by Arteo,aspirational_realistic,ai_generated,"hyper-smooth symmetrical render look, blobby indistinct decor objects on the coffee table, too-perfect mirror reflections on the marble floor; AI not disclosed in caption",medium,high,Symmetrical beige-and-gold living room with glowing cove ceiling and mirror-glossy marble floor; polished but generic luxury look branded with a text tag.,promotional,Luxury interiors by Arteo!,none,Bangalore,,False,designer_studio,en,living_room,beige;brown;gold;white,marble;wood;fabric;metal;plants,none,text_overlay,871000.0,embed_reel,0.32950631458094143,1_NORMAL,0.011829268292682927,0.00013588850174216027,0.011487481590574375,642.0581655480985,-0.8796540853896538,0.13193071454496352,India,,India,"VERIFIED (public topic page, rounded)","VERIFIED (public embed, rounded, at fetch)",ESTIMATED (AI-assisted coding of cover frame + caption),401-1000,11-20,500k-1M,0.4,0.35964912280701755,bottom50
DblRAjFsijT,aiforarchitects,267000.0,267K,jamesedition-luxury-homes,"Some estates are built. This one was composed. 🤍🌿 Cream limestone, blue and white porcelain, endless hydrangeas, and light pourin",https://www.instagram.com/reel/DblRAjFsijT/,https://www.instagram.com/popular/jamesedition-luxury-homes/,1.756578947368421,0.75,1,luxury_home,luxury_home,2026-08-03T15:02:52.004000+00:00,2026,52,15,Mon,ok,ok,reel,1M followers,1000000.0,513.0,12345.0,133.0,343,0,False,3,1,False,False,"Some estates are built. This one was composed. 🤍🌿  Cream limestone, blue and white porcelain, endless hydrangeas, and light pouring through every arched window. Timeless French elegance from the gates to the last room.  Designed by @aiforarchitects  📩 For private commissions and inquiries: www.aiforarchitects.co | WhatsApp: +1 (656) 200-3368",cover-v2-embed,cover_r04_051.json,exterior_facade,mansion,forest,classical_luxury,neoclassical,warm,bright,golden_hour,False,False,,aspirational_realistic,ai_generated,"account and caption credit @aiforarchitects; flawless symmetry, identical cypresses and hydrangea beds and perfectly regular shadow stripes typical of AI imagery",low,high,Symmetrical cypress-and-hydrangea allee with striped shadows leading to a cream limestone French chateau with mansard roof.,aspirational,Some estates are built. This one was composed. 🤍🌿,dm,,,True,ai_creator,en,exterior_facade;garden_landscape,green;beige;white;blue,natural_stone;plants;glass;metal;water,none,exterior_reveal;dramatic_scale,1000000.0,embed_reel,0.267,1_NORMAL,0.04623595505617978,0.0004981273408239701,0.010773592547590118,5134.615384615385,0.0026461377533941177,1.0061115571663624,,,,"VERIFIED (public topic page, rounded)","VERIFIED (public embed, rounded, at fetch)",ESTIMATED (AI-assisted coding of cover frame + caption),151-400,0,500k-1M,0.2857142857142857,0.1335,bottom50
DUeYNKFEVZ4,2pdesigners,258000.0,258K,luxury-living-room,"In this project, we used the exclusivity of our @innovareinteriors furniture collection to create a truly spectacular result.",https://www.instagram.com/reel/DUeYNKFEVZ4/,https://www.instagram.com/popular/luxury-living-room/,1.1466666666666667,0.5833333333333334,1,luxury_room,luxury_room,2026-02-07T23:11:18.755000+00:00,2026,229,23,Sat,ok,ok,reel,134K followers,134000.0,1648.0,4881.0,73.0,625,4,False,0,1,False,False,"In this project, we used the exclusivity of our @innovareinteriors furniture collection to create a truly spectacular result.  This living room was thoughtfully designed with refined details that elevate the entire space. Touches of green bring freshness and balance, while the gold accents on the chandelier add a subtle layer of sophistication.  Rich materials, layered textures, and elegant curves in the furniture create movement, warmth, and visual interest.  A space where design speaks through details bold yet harmonious, luxurious yet inviting.  #luxuryinteriors #interiordesign #livingroomdesign #exclusivefurniture",cover-v2-embed,cover_r09_103.json,living_room,none_visible,none,modern_luxury,,neutral,bright,daylight,False,False,,aspirational_realistic,3d_render,clean CG visualization with artificial depth-of-field blur and flawless surfaces; designer studio showcasing its furniture collection,high,high,"Soft-focus render of a cream sofa, gold-legged side tables and a glass-cube chandelier; calm and catalog-like rather than scroll-stopping.",promotional,"In this project, we used the exclusivity of our @innovareinteriors furniture collection to create a truly spectacular re",none,,,False,designer_studio,en,living_room;dining,beige;white;brown;gold,fabric;metal;glass;wood;plants;marble,none,none,134000.0,embed_reel,1.9253731343283582,2_GOOD,0.018918604651162792,0.0002829457364341085,0.014955951649252203,1126.6375545851529,0.27234475449080936,1.8721677270889083,,,,"VERIFIED (public topic page, rounded)","VERIFIED (public embed, rounded, at fetch)",ESTIMATED (AI-assisted coding of cover frame + caption),401-1000,4-10,100k-500k,0.6,1.0,middle
DWDRWQgEves,styltechinterior_official,248000.0,248K,bedroom-design;dream-bedroom-decor-ideas,This Bedroom Setup Looks Too Good 😍✨,https://www.instagram.com/reel/DWDRWQgEves/,https://www.instagram.com/popular/bedroom-design/,0.3159235668789809,0.3333333333333333,2,luxury_room;room_generic,luxury_room,2026-03-19T03:34:40.921000+00:00,2026,189,3,Thu,ok,ok,reel,201K followers,201000.0,1199.0,6840.0,19.0,36,0,False,2,0,False,False,This Bedroom Setup Looks Too Good 😍✨,cover-v2-embed,cover_r08_100.json,bedroom,none_visible,none,modern_luxury,,neutral,bright,night_artificial,False,False,,real_existing,real_footage,"real completed site with ceiling fan, switchboard and wide-lens distortion from phone camera",medium,medium,Grey upholstered bed with gold inlays under bright yellow LED cove ceiling; typical Indian modular-interior showcase.,aspirational,This Bedroom Setup Looks Too Good 😍✨,none,,,False,designer_studio,en,bedroom,grey;white;yellow;gold,fabric;glass;metal;wood,none,bed_focus,201000.0,embed_reel,1.2338308457711442,2_GOOD,0.027580645161290322,7.661290322580645e-05,0.002777777777777778,1312.1693121693122,-0.6368508368023693,0.2307539602386902,,,,"VERIFIED (public topic page, rounded)","VERIFIED (public embed, rounded, at fetch)",ESTIMATED (AI-assisted coding of cover frame + caption),1-50,0,100k-500k,0.4,0.6123456790123457,bottom50
DSu0uzegdeM,luxurydreamhub,241000.0,241K,futuristic-home;futuristic-house;futuristic-houses,"Defining modern luxury: where sleek architecture meets timeless elegance. 🌙✨ Your dream home, reimagined.",https://www.instagram.com/reel/DSu0uzegdeM/,https://www.instagram.com/popular/futuristic-house/,0.8591800356506238,0.5,3,future_arch,future_arch,2025-12-26T15:25:38.070000+00:00,2025,272,15,Fri,ok,ok,reel,1M followers,1000000.0,1144.0,12865.0,53.0,173,5,False,4,0,False,False,"Defining modern luxury: where sleek architecture meets timeless elegance. 🌙✨ Your dream home, reimagined. 🏠💎 #modernarchitecture #luxuryhomes #homedesign #mansion #aesthetic",cover-v2-embed,cover_r04_055.json,exterior_facade,villa,none,modern_luxury,minimalist,neutral,medium,blue_hour,False,False,,aspirational_realistic,ai_generated,"render-like flawless LED lighting and reflections, smeared plant details typical of AI imagery; not disclosed",low,high,LED-lined flat-roof modern villa glowing at dusk with a luxury car and reflecting water in front: classic dream-home exterior.,aspirational,"Defining modern luxury: where sleek architecture meets timeless elegance. 🌙✨ Your dream home, reimagined. 🏠💎 #modernarch",none,,,False,theme_page,en,exterior_facade;living_room;terrace_outdoor;garden_landscape,black;grey;white;beige,glass;concrete;natural_stone;plants;water,none,exterior_reveal;water_feature,1000000.0,embed_reel,0.241,1_NORMAL,0.053381742738589213,0.00021991701244813278,0.004119704624951419,886.0294117647059,-0.28983855155037996,0.5130520750344224,,,,"VERIFIED (public topic page, rounded)","VERIFIED (public embed, rounded, at fetch)",ESTIMATED (AI-assisted coding of cover frame + caption),151-400,4-10,500k-1M,0.3125,0.27748992515831894,bottom50
DSh3QjJAOcv,facade_designn,239000.0,239K,modern-architecture,✨A sculptural glass facade rising above the city… 🌿This modern high-rise blends fluid architectu,https://www.instagram.com/reel/DSh3QjJAOcv/,https://www.instagram.com/popular/modern-architecture/,0.08101694915254237,0.16666666666666666,1,architecture,architecture,2025-12-21T14:37:35.467000+00:00,2025,277,14,Sun,ok,ok,reel,47K followers,47000.0,237.0,5444.0,174.0,332,5,False,3,0,False,False,"✨A sculptural glass facade rising above the city…  🌿This modern high-rise blends fluid architectural lines with transparency, light, and urban elegance…  😍Designed to reflect the sky, the city, and the future of contemporary architecture…  #architecture #modernarchitecture #architecturephotography #luxuryarchitecture #contemporary",cover-v2-embed,cover_r00_000.json,exterior_facade,apartment,lake_river,organic_modern,futuristic,cool,medium,overcast_rain,False,False,,stylized_dreamy,ai_generated,"hyper-HDR AI look with dramatic streaked storm sky, irregular wavy slab lines and smeared lower-level details; caption does not disclose AI",low,high,"A rippling glass tower lit warm from inside against a brooding storm sky, doubled in a reflecting pool, is a dramatic hero shot.",descriptive,✨A sculptural glass facade rising above the city…,none,,,False,theme_page,en,exterior_facade,grey;white;green;gold,glass;metal;concrete;water;plants,none,unusual_architecture;dramatic_scale;exterior_reveal,47000.0,embed_reel,5.085106382978723,4_VIRAL,0.022778242677824266,0.0007280334728033473,0.0319617927994122,862.8158844765343,-0.7036038595089864,0.1978773750094336,,,,"VERIFIED (public topic page, rounded)","VERIFIED (public embed, rounded, at fetch)",ESTIMATED (AI-assisted coding of cover frame + caption),151-400,4-10,10k-100k,0.16666666666666666,0.3525073746312684,bottom50
DLcijPxNikv,miladeshtiyaghi,230000.0,230K,biophilic-design;tropical-house;tropical-house-architecture-styles,🌿 Welcome to the Jungle Home Not just a house — a sanctuary rooted in the heart of the forest. This retreat doesn't sit on the land. It breathes with it.,https://www.instagram.com/reel/DLcijPxNikv/,https://www.instagram.com/popular/biophilic-design/,2.5513033832501386,0.75,3,architecture;style,style,2025-06-28T13:20:40.891000+00:00,2025,453,13,Sat,ok,ok,reel,642K followers,642000.0,1709.0,,176.0,1376,12,True,14,1,False,False,"🌿 Welcome to the Jungle Home Not just a house — a sanctuary rooted in the heart of the forest. This retreat doesn't sit on the land. It breathes with it.  Designed to harmonize with its tropical surroundings, this architectural escape merges raw natural elements with serene, intentional living.  🪵 Crafted from the Earth: stone, wood, water, and soul. 💧 A cascading water stair flows from top to bottom, connecting every level like a living vein. 🌱 Native plants flourish among tiered ponds and tranquil walkways. 🏡 Warm interiors glow softly under wide overhangs — always open, always in touch with the trees.  Inspired by organic architecture and tropical modernism, this home doesn't intrude on the landscape — it becomes part of it.  Every element — from material choices to the flow of light and water — was selected to create balance, calm the spirit, and reconnect you with the rhythms of the natural world. 🌞🌧️🌀  📐 Designed for peace. 🌎 Built sustainably. ✨ Meant to dissolve into the green.  This is more than architecture. This is living with nature.  Jungle House 🌱🤎🪵 Architect & Interior Designer: @miladeshtiyaghi  Which element speaks to you most?  #JungleHouse #BiophilicDesign #TropicalModernism #DesignInNature #SustainableArchitecture #ModernSanctuary #ZenArchitecture #InteriorInspiration #OrganicDesign #LiveWithNature #DesignThatHeals #ArchitectureLovers",cover-v2-embed,cover_p1a_001.json,exterior_facade,house,jungle_tropical,biophilic,tropical,warm,medium,mixed,False,False,,stylized_dreamy,ai_generated,"Midjourney-style image: idealized painterly foliage, cantilevered slabs merging into moss rocks, too-perfect composition",low,high,"Cantilevered glass house set into dense jungle, with a small waterfall spilling into a mossy pond and warm interior lamps glowing; lush dream-home escapism.",aspirational,🌿 Welcome to the Jungle Home,question_engagement,,,False,designer_studio,en,exterior_facade;garden_landscape;living_room,green;brown;grey;beige,wood;natural_stone;glass;water;plants,none,exterior_reveal;water_feature;unusual_architecture,642000.0,embed_reel,0.3582554517133956,1_NORMAL,,0.0007652173913043479,,507.7262693156733,0.10221442793675595,1.26536095077034,,,,"VERIFIED (public topic page, rounded)","VERIFIED (public embed, rounded, at fetch)",ESTIMATED (AI-assisted coding of cover frame + caption),1000+,11-20,500k-1M,0.4,0.6036745406824147,bottom50
DQ9ghxvjE3c,aiforarchitects,226000.0,226K,miami-mansion,"A residence where structure, view, and light converge into pure geometry. This Miami wat",https://www.instagram.com/reel/DQ9ghxvjE3c/,https://www.instagram.com/popular/miami-mansion/,4.621676891615542,0.75,1,location,location,2025-11-12T15:14:54.776000+00:00,2025,316,15,Wed,ok,ok,reel,1M followers,1000000.0,513.0,12643.0,254.0,596,0,False,1,1,False,False,"A residence where structure, view, and light converge into pure geometry.  This Miami waterfront mansion was designed as an architectural experience — a seamless flow between the indoors and the horizon. Stone, glass, and water become one continuous composition, elevated by subtle lines of light guiding every movement.  Each space, from the floating master suite to the linear infinity pool and private helipad, embodies precision and restraint — architecture as emotion, not ornament.  Concept by AI for Architects 📩 info@aiforarchitects.co www.aiforarchitects.co | WhatsApp: +1 (656) 200-3368",cover-v2-embed,cover_r02_025.json,pool,mansion,ocean_beach,modern_luxury,minimalist,cool,medium,blue_hour,False,False,,aspirational_realistic,ai_generated,caption 'Concept by AI for Architects' and AI account; overly smooth render-like surfaces,low,high,A helicopter hovering over a glowing waterfront infinity pool at blue hour turns a minimalist mansion into a billionaire fantasy shot.,descriptive,"A residence where structure, view, and light converge into pure geometry.",dm,Miami,,True,ai_creator,en,pool;terrace_outdoor;exterior_facade;living_room,blue;white;beige;black,natural_stone;glass;water;fabric;plants,city_lights,pool;exterior_reveal;dramatic_scale;water_feature,1000000.0,embed_reel,0.226,1_NORMAL,0.05594247787610619,0.0011238938053097344,0.020090168472672625,715.1898734177215,0.12695866832204958,1.3395491968568207,Miami/Florida,Miami/Florida,Miami/Florida,"VERIFIED (public topic page, rounded)","VERIFIED (public embed, rounded, at fetch)",ESTIMATED (AI-assisted coding of cover frame + caption),401-1000,0,500k-1M,0.14285714285714285,0.113,bottom50
DcTD9ufyBUd,theluxuryhomeshow,218000.0,218K,luxury-villa,"In Europe's most exclusive residential enclave, Villa Enso establishes a new benchmark",https://www.instagram.com/reel/DcTD9ufyBUd/,https://www.instagram.com/popular/luxury-villa/,0.7744227353463587,0.5,1,luxury_home,luxury_home,2026-08-21T09:53:57.016000+00:00,2026,34,9,Fri,ok,ok,reel,2M followers,2000000.0,2361.0,10774.0,115.0,771,0,False,0,2,False,False,"In Europe's most exclusive residential enclave, Villa Enso establishes a new benchmark for private estate design.  Sited against panoramic mountain backdrops, this 16-bedroom estate pairs seamless indoor-outdoor flow with world-class amenities built for serious car enthusiasts. The subterranean level serves as the residence's crown jewel, housing a full Formula 1 museum featuring genuine race engines, iconic road cars, and a center-stage F1 vehicle.  Adjacent to the collection, an indoor pool and wellness spa allow you to swim alongside your supercars, while a private lounge bar, games suite, and tiered cinema ensure you never have to leave the gates.  Listed with @adam.terrameridiana @terrameridiana  Watch the full tour on The Luxury Home Show YouTube channel.",cover-v2-embed,cover_p1c_073.json,pool,mansion,mountain,modern_luxury,mediterranean,neutral,bright,daylight,False,False,,real_existing,real_footage,real aerial drone photography of a listed property (caption names listing agents),low,high,Bright aerial of a vast white estate with a long palm-lined infinity pool and rows of white loungers against green hills: sheer scale and symmetry.,status,"In Europe's most exclusive residential enclave, Villa Enso establishes a new benchmark for private estate design.",none,Europe,,False,media_publication,en,pool;terrace_outdoor;exterior_facade;garden_landscape,white;blue;green;black,glass;natural_stone;water;plants;fabric,none,pool;exterior_reveal;dramatic_scale,2000000.0,embed_reel,0.109,1_NORMAL,0.04942201834862385,0.0005275229357798165,0.010673844440319288,6411.764705882353,-0.8426861882776354,0.14365270615544135,Other,,Other,"VERIFIED (public topic page, rounded)","VERIFIED (public embed, rounded, at fetch)",ESTIMATED (AI-assisted coding of cover frame + caption),401-1000,0,1M+,0.6666666666666666,1.0792079207920793,middle
DVIm05-DW6M,exploringdreamhomes,208000.0,208K,dream-house,Dreamy ❤️🍀,https://www.instagram.com/reel/DVIm05-DW6M/,https://www.instagram.com/popular/dream-house/,0.24115942028985507,0.4166666666666667,1,luxury_home,luxury_home,2026-02-24T08:47:10.549000+00:00,2026,212,8,Tue,ok,ok,reel,177K followers,177000.0,167.0,9508.0,129.0,10,0,False,2,0,False,False,Dreamy ❤️🍀,cover-v2-embed,cover_p1b_038.json,exterior_facade,house,snow,organic_modern,rustic_cozy,neutral,medium,mixed,False,False,,stylized_dreamy,ai_generated,"typical AI smoothness, snow on roof merges oddly with curved roofline, idealized warm interior glow",low,high,"Snow-covered white stucco house with arched black windows, wreathed black door and warm interior glow at dusk.",aspirational,Dreamy ❤️🍀,none,,,False,theme_page,en,exterior_facade;terrace_outdoor,white;black;grey;gold,plaster;glass;natural_stone;metal;plants,snow,exterior_reveal;door_or_threshold,177000.0,embed_reel,1.1751412429378532,2_GOOD,0.04571153846153846,0.0006201923076923077,0.013567522086663862,981.1320754716982,-0.7436840040647463,0.18043301075305104,,,,"VERIFIED (public topic page, rounded)","VERIFIED (public embed, rounded, at fetch)",ESTIMATED (AI-assisted coding of cover frame + caption),1-50,0,100k-500k,0.2,0.37410071942446044,bottom50
DJrVdhtowGH,theluxuryhomeshow,202000.0,202K,mansion-tour,"Inside a $70,000,000 Mansion in California.. wait for the basement 😲 To meet the owner, @michael",https://www.instagram.com/reel/DJrVdhtowGH/,https://www.instagram.com/popular/mansion-tour/,0.5889212827988338,0.4166666666666667,1,luxury_home,luxury_home,2025-05-15T14:12:07.476000+00:00,2025,497,14,Thu,ok,ok,reel,2M followers,2000000.0,2361.0,8605.0,177.0,197,0,False,1,2,False,False,"Inside a $70,000,000 Mansion in California.. wait for the basement 😲  To meet the owner, @michael_amini, the full tour is on our YouTube channel!  Listed for sale with Marcy Weinstein of @mwaluxury",cover-v2-embed,cover_r08_099.json,exterior_facade,mansion,none,neoclassical,classical_luxury,neutral,bright,daylight,False,True,,real_existing,real_footage,wide-angle phone footage with real shadows of camera operator on the steps,low,high,Host in white with arms spread on grand stone steps in front of a symmetrical columned mansion under blue sky.,money,"Inside a $70,000,000 Mansion in California.. wait for the basement 😲",none,California,"$70,000,000",False,media_publication,en,exterior_facade;garden_landscape,blue;beige;white;green,natural_stone;plants;metal;glass,none,person;exterior_reveal;dramatic_scale,2000000.0,embed_reel,0.101,1_NORMAL,0.0425990099009901,0.0008762376237623763,0.020569436374201045,406.43863179074447,-0.5614588247638554,0.27449925824747057,Los Angeles/California,,Los Angeles/California,"VERIFIED (public topic page, rounded)","VERIFIED (public embed, rounded, at fetch)",ESTIMATED (AI-assisted coding of cover frame + caption),151-400,0,1M+,0.5555555555555556,1.0,middle
DQzSlpiiHVN,theluxuryhomeshow,195000.0,195K,scandinavian-interior-design;scandinavian-interior-design-styles,"Inside interior stylist Sara Mungeam's (@houseobsessed) London home, a study in Scandinavian",https://www.instagram.com/reel/DQzSlpiiHVN/,https://www.instagram.com/popular/scandinavian-interior-design/,9.535452322738386,0.75,2,style,style,2025-11-08T16:00:42.142000+00:00,2025,320,16,Sat,ok,ok,reel,2M followers,2000000.0,2361.0,2572.0,28.0,306,0,False,0,1,False,False,"Inside interior stylist Sara Mungeam's (@houseobsessed) London home, a study in Scandinavian-inspired design and quiet sophistication.  Defined by clean lines, tactile materials, and an effortless sense of flow, the space balances minimalism with warmth.  To see the full tour, head to our YouTube channel.",cover-v2-embed,cover_r04_053.json,stairs_hall,house,none,scandinavian,organic_modern,warm,medium,mixed,False,True,,real_existing,real_footage,professional camera photo/footage of a real named London home with the homeowner and her dog,medium,high,"The stylist-homeowner poses with her whippet in an oversized timber front door, framing an oak staircase and a brass globe-cluster pendant.",descriptive,"Inside interior stylist Sara Mungeam's (@houseobsessed) London home, a study in Scandinavian-inspired design and quiet s",link_in_bio,London,,False,media_publication,en,stairs_hall,beige;brown;black;grey,wood;concrete;metal;glass,none,person;door_or_threshold,2000000.0,embed_reel,0.0975,1_NORMAL,0.01318974358974359,0.00014358974358974358,0.01088646967340591,609.375,-0.11304372095736392,0.770825865174396,London/UK,,London/UK,"VERIFIED (public topic page, rounded)","VERIFIED (public embed, rounded, at fetch)",ESTIMATED (AI-assisted coding of cover frame + caption),151-400,0,1M+,0.4444444444444444,0.9653465346534653,bottom50
DVBZs-rgYvC,jareef__saifi,192000.0,192K,interior-design-ideas;living-room-design;luxury-living-room;modern-living-room,A Calm & Classy Modern Lifestyle Living Room ✨🏡 #livingroomdecor #interiordesign #reelsvideo,https://www.instagram.com/reel/DVBZs-rgYvC/,https://www.instagram.com/popular/luxury-living-room/,0.8533333333333334,0.5,4,interior_generic;luxury_room;room_generic,luxury_room,2026-02-21T13:37:48.848000+00:00,2026,215,13,Sat,ok,ok,reel,339K followers,339000.0,1244.0,938.0,6.0,92,3,False,2,0,False,False,A Calm & Classy Modern Lifestyle Living Room ✨🏡 #livingroomdecor #interiordesign #reelsvideo,cover-v2-embed,cover_r07_083.json,living_room,none_visible,none,modern_luxury,warm_luxury,warm,medium,mixed,False,True,,aspirational_realistic,ai_generated,"typical AI-image look: overly smooth surfaces, symmetrical staging and a posed model; no AI disclosure in caption",high,high,"A woman poses on a beige sofa in a warm LED-lit living room with a double-ring chandelier, live-edge wood coffee table and green velvet armchairs.",descriptive,A Calm & Classy Modern Lifestyle Living Room ✨🏡 #livingroomdecor #interiordesign #reelsvideo,none,,,False,ai_creator,en,living_room,beige;brown;green;white,wood;fabric;leather;metal;plaster;plants,none,person,339000.0,embed_reel,0.5663716814159292,2_GOOD,0.004885416666666666,3.125e-05,0.006396588486140725,893.0232558139535,-0.5639079447267314,0.27295562921662925,,,,"VERIFIED (public topic page, rounded)","VERIFIED (public embed, rounded, at fetch)",ESTIMATED (AI-assisted coding of cover frame + caption),51-150,1-3,100k-500k,0.6,1.0,middle
DbTRDeMyaOy,naturesms,189000.0,189K,biophilic-bedroom-design,What kind of person would like this kind of atmosphere? #rainyday #rainforest,https://www.instagram.com/reel/DbTRDeMyaOy/,https://www.instagram.com/popular/biophilic-bedroom-design/,1.5303643724696356,0.6666666666666666,1,style,style,2026-07-27T15:16:56.178000+00:00,2026,59,15,Mon,ok,ok,reel,10M followers,10000000.0,3511.0,9250.0,83.0,86,3,True,0,0,False,False,What kind of person would like this kind of atmosphere? #rainyday #rainforest #explore,cover-v2-embed,cover_r13_147.json,bedroom,cabin_chalet,jungle_tropical,rustic_cozy,biophilic,warm,medium,overcast_rain,True,False,,stylized_dreamy,ai_generated,"typical AI mood-image look (idealized cabin, soft painterly rain and foliage, letterboxed still); not disclosed",low,medium,"Rumpled olive bed on a wooden floor facing a floor-to-ceiling glass corner onto a misty, rain-soaked rainforest, a pure cozy-escape mood.",question,What kind of person would like this kind of atmosphere? #rainyday #rainforest #explore,question_engagement,,,False,theme_page,en,bedroom,brown;green;grey;black,wood;glass;fabric;plants;rattan,rain;fog,view_reveal;bed_focus,10000000.0,embed_reel,0.0189,1_NORMAL,0.04894179894179894,0.00043915343915343916,0.008972972972972972,3203.3898305084745,-0.9666406301943338,0.10798398980774096,,,,"VERIFIED (public topic page, rounded)","VERIFIED (public embed, rounded, at fetch)",ESTIMATED (AI-assisted coding of cover frame + caption),51-150,1-3,1M+,0.25,0.4896373056994819,bottom50
DdG5HwoOmiA,wayup_media,166000.0,166K,dream-house;jamesedition-luxury-homes;luxury-house-tour,Let's just stay in tonight 😌 Interior Design: @house_of_reem #luxuryrealestate #mansion,https://www.instagram.com/reel/DdG5HwoOmiA/,https://www.instagram.com/popular/dream-house/,1.0921052631578947,0.5833333333333334,3,luxury_home,luxury_home,2026-09-10T12:59:42.505000+00:00,2026,14,12,Thu,ok,ok,reel,941K followers,941000.0,3170.0,10571.0,250.0,89,2,False,1,1,False,False,Let's just stay in tonight 😌  Interior Design: @house_of_reem  #luxuryrealestate #mansion,cover-v2-embed,cover_r00_010.json,pool,mansion,none,classical_luxury,neoclassical,neutral,medium,blue_hour,False,False,She said let’s have date night at home,real_existing,real_footage,"real camera footage at dusk: overcast sky, rippling water, ordinary neighbourhood trees and poles in background",medium,high,"Dusk backyard of a limestone chateau-style mansion with fire bowl and in-pool loungers, paired with a relatable 'date night at home' joke.",aspirational,Let's just stay in tonight 😌,none,,,False,media_publication,en,pool;terrace_outdoor;exterior_facade,white;blue;beige;grey,natural_stone;water;fire;glass;metal;fabric,fireplace,text_overlay;pool;exterior_reveal,941000.0,embed_reel,0.17640807651434645,1_NORMAL,0.06368072289156626,0.0015060240963855422,0.023649607416516887,11857.142857142857,-1.1810053215580827,0.06591658182117431,,,,"VERIFIED (public topic page, rounded)","VERIFIED (public embed, rounded, at fetch)",ESTIMATED (AI-assisted coding of cover frame + caption),51-150,1-3,500k-1M,0.08333333333333333,0.05442622950819672,bottom50
DSxdffvjsz7,beautifulhotels,166000.0,166K,arctic-treehouse-hotel-rovaniemi,"Ever dreamed of sleeping under the northern lights? Start with these Lapland stays. 💫 🌲 Kuuru Lakeside, Salla (@tjbetrippin): Secluded cabins on a fro",https://www.instagram.com/reel/DSxdffvjsz7/,https://www.instagram.com/popular/arctic-treehouse-hotel-rovaniemi/,0.9940119760479041,0.5,1,hotel_resort,hotel_resort,2025-12-27T16:00:17.336000+00:00,2025,271,16,Sat,ok,ok,reel,6M followers,6000000.0,9121.0,3853.0,33.0,999,0,True,8,5,False,True,"Ever dreamed of sleeping under the northern lights? Start with these Lapland stays. 💫  🌲 Kuuru Lakeside, Salla (@tjbetrippin): Secluded cabins on a frozen lake, surrounded by forest and silence. Perfect for slow mornings, snowshoeing, and total disconnect.  🌌 Arctic TreeHouse Hotel, Rovaniemi (@juliagal_): Modern design meets the Arctic wilderness. Elevated suites with panoramic windows made for watching snowfall and auroras from bed.  ✨ Aurora Collection, Inari (@melindaalicia): Intimate glass cabins deep in Sámi land, designed for uninterrupted northern lights viewing far from city lights.  🔥 Levi Foxfires, Levi (@momentsofgregory): Glass-roofed villas with private hot tubs and fireplaces. Cozy, remote, and ideal for winter nights under the stars.  🌠 Levin Iglut Glass Igloos, Kittilä (@leviniglut): Glass-roofed villas with private hot tubs and fireplaces, cosy, remote, and ideal for winter nights under the stars.  If you had three nights in Lapland, which stay would you choose? ❄️🏔️",cover-v2-embed,cover_r13_153.json,terrace_outdoor,cabin_chalet,snow,rustic_cozy,traditional_regional,cool,medium,blue_hour,False,False,5 bucket list stays in Lapland ✨❄️,real_existing,real_footage,real camera footage of snowy forest with footprints and natural dusk light,low,high,"Pink-purple Arctic dusk over deep snow with candle lanterns, a wooden hot tub and a string-lit kota hut; listicle text hook.",question,Ever dreamed of sleeping under the northern lights? Start with these Lapland stays. 💫,question_engagement,"Lapland, Finland (Salla, Rovaniemi, Inari, Levi, Kittilä)",,False,media_publication,en,terrace_outdoor;exterior_facade,white;pink;purple;brown,wood;water;glass;fire,snow,text_overlay;water_feature,6000000.0,embed_reel,0.027666666666666666,1_NORMAL,0.023210843373493977,0.00019879518072289158,0.008564754736568907,612.5461254612546,-0.49131446828560077,0.322615724760284,Nordics/Iceland/Faroe,,Nordics/Iceland/Faroe,"VERIFIED (public topic page, rounded)","VERIFIED (public embed, rounded, at fetch)",ESTIMATED (AI-assisted coding of cover frame + caption),401-1000,0,1M+,0.4,0.30127041742286753,bottom50
DUWZXEPiLip,luxuryhouseview,159000.0,159K,futuristic-house;futuristic-houses,"Not just a home, it's a lifestyle illuminated in elegance.""🖤💎 #LuxuryHome #ModernVilla #DreamHouse #EliteLiving",https://www.instagram.com/reel/DUWZXEPiLip/,https://www.instagram.com/popular/futuristic-house/,0.3960149439601494,0.3333333333333333,2,future_arch,future_arch,2026-02-04T20:47:28.760000+00:00,2026,232,20,Wed,ok,ok,reel,389K followers,389000.0,961.0,12334.0,93.0,122,5,False,2,0,False,False,"Not just a home, it's a lifestyle illuminated in elegance.""🖤💎 #LuxuryHome #ModernVilla #DreamHouse #EliteLiving #nightview",cover-v2-embed,cover_r07_087.json,pool,villa,mountain,modern_luxury,dark_luxury,cool,medium,blue_hour,False,False,,aspirational_realistic,unclear,"very smooth, heavily processed night image with LED-lined pool whose reflections look slightly off; could be AI or an edited photo, not clearly decidable from the still; partial watermark",low,medium,Blue-hour shot of a black-and-white modern villa with LED strip lighting outlining every edge and a glowing infinity pool in the foreground.,aspirational,"Not just a home, it's a lifestyle illuminated in elegance.""🖤💎",none,,,False,theme_page,en,pool;exterior_facade;terrace_outdoor;living_room,blue;black;white;gold,glass;marble;water;metal;plants,none,exterior_reveal;pool,389000.0,embed_reel,0.4087403598971722,1_NORMAL,0.07757232704402515,0.0005849056603773585,0.0075401329657856335,685.3448275862069,-0.10576611602051442,0.7838516628414648,,,,"VERIFIED (public topic page, rounded)","VERIFIED (public embed, rounded, at fetch)",ESTIMATED (AI-assisted coding of cover frame + caption),51-150,4-10,100k-500k,0.6,1.0063291139240507,middle
DZ5u1gbI4fE,luxuryhouseview,157000.0,157K,luxury-house,Such A Home Where luxury meets starlight and every corner feels like a dream. ✨💎🌙,https://www.instagram.com/reel/DZ5u1gbI4fE/,https://www.instagram.com/popular/luxury-house/,0.08971428571428572,0.25,1,luxury_home,luxury_home,2026-06-22T20:45:31.535000+00:00,2026,94,20,Mon,ok,ok,reel,389K followers,389000.0,961.0,5675.0,28.0,136,4,False,3,0,False,False,Such A Home Where luxury meets starlight and every corner feels like a dream. ✨💎🌙 #LuxuryVibes #HomeAesthetic #Beautiful Homes #cozyhome,cover-v2-embed,cover_p1a_002.json,living_room,none_visible,none,modern_luxury,,warm,medium,night_artificial,False,False,@Luxuryhouseview,stylized_dreamy,3d_render,"clean CG interior render look (flawless gold-veined marble, uniform cove lighting) with added sparkle particle effects; no AI mention in caption",medium,medium,"Glossy gold-veined marble living room render with a star-field ceiling, sparkle particles and a linear fireplace - dreamy 'starlight luxury' feel.",aspirational,Such A Home Where luxury meets starlight and every corner feels like a dream. ✨💎🌙,none,,,False,theme_page,en,living_room,white;beige;gold;black,marble;glass;fire;fabric;plants,fireplace;stars,none,389000.0,embed_reel,0.40359897172236503,1_NORMAL,0.03614649681528662,0.000178343949044586,0.004933920704845815,1670.212765957447,-0.8640826075740178,0.13674686933120758,,,,"VERIFIED (public topic page, rounded)","VERIFIED (public embed, rounded, at fetch)",ESTIMATED (AI-assisted coding of cover frame + caption),51-150,4-10,100k-500k,0.5,0.9936708860759493,bottom50
DX9qPgcSaV5,theluxuryhomeshow,150000.0,150K,luxury-real-estate-mansion-exterior,"Inside a $19.5M mansion in Miami, Florida. Situated on 2 irreplaceable acres off Old Cutler Road, this",https://www.instagram.com/reel/DX9qPgcSaV5/,https://www.instagram.com/popular/luxury-real-estate-mansion-exterior/,0.5813953488372093,0.4166666666666667,1,luxury_home,luxury_home,2026-05-05T16:19:33.521000+00:00,2026,142,16,Tue,ok,ok,reel,2M followers,2000000.0,2361.0,4826.0,48.0,471,0,False,0,2,False,False,"Inside a $19.5M mansion in Miami, Florida.  Situated on 2 irreplaceable acres off Old Cutler Road, this residence features a 90ft linear cascading waterfall that leads you right to the front door.  With 9 bedrooms, 11,500 sq. ft., and a primary suite that feels more like a luxury resort, this home isn't just about scale, it's about a timeless way of living.  Listed by @michaelmartinezrealtor @onesir.  The full tour is now live on The Luxury Home Show YouTube channel.",cover-v2-embed,cover_r07_082.json,exterior_facade,mansion,none,neoclassical,tropical,neutral,bright,daylight,False,False,"European estate,",real_existing,real_footage,aerial drone footage of a real listed Miami estate with natural shadows and neighbouring houses; caption names listing agents,low,high,"Aerial reveal of a white European-style estate with a long pool, palm-lined lawn, pool house and cascading water-feature driveway, with an elegant serif subtitle.",money,"Inside a $19.5M mansion in Miami, Florida.",none,"Old Cutler Road, Miami, Florida",$19.5M,False,media_publication,en,exterior_facade;pool;garden_landscape;terrace_outdoor,white;green;grey;blue,plaster;natural_stone;water;plants;glass;metal,none,text_overlay;exterior_reveal;pool;dramatic_scale;water_feature,2000000.0,embed_reel,0.075,1_NORMAL,0.03217333333333333,0.00032,0.009946125155408206,1056.338028169014,-0.13564052493838563,0.7317445138574811,Miami/Florida,,Miami/Florida,"VERIFIED (public topic page, rounded)","VERIFIED (public embed, rounded, at fetch)",ESTIMATED (AI-assisted coding of cover frame + caption),401-1000,0,1M+,0.3333333333333333,0.7425742574257426,bottom50
DWtiyElocII,beautifulhotels,143000.0,143K,maldives-villa,Milaidhoo Maldives is a hotel that offers a more understated take on an island stay 🌴 Set within the Baa Atoll,https://www.instagram.com/reel/DWtiyElocII/,https://www.instagram.com/popular/maldives-villa/,0.20575539568345325,0.08333333333333333,1,location,location,2026-04-04T13:35:07.812000+00:00,2026,173,13,Sat,ok,ok,reel,6M followers,6000000.0,9121.0,6615.0,72.0,767,0,True,4,0,False,True,"Milaidhoo Maldives is a hotel that offers a more understated take on an island stay 🌴  Set within the Baa Atoll UNESCO Biosphere Reserve, the resort is surrounded by a protected house reef you can swim to directly from the beach or your villa. It's also just a short distance from Hanifaru Bay, known for its seasonal gatherings of manta rays.  The villas are designed with an open, understated feel, blending indoor and outdoor living with uninterrupted views across the ocean. Everything is spaced out to keep the atmosphere calm and low-key.  💡 Top tip: Spend time exploring the house reef, it's one of the easiest ways to experience the marine life without needing to leave the island.  Would you stay here?  📽️ Beautiful Destinations Original 📍Milaidhoo Maldives",cover-v2-embed,cover_r01_013.json,exterior_facade,hotel_resort,ocean_beach,tropical,,cool,bright,daylight,False,False,Welcome to...,real_existing,real_footage,drone aerial of a real resort with visible reef texture and natural water gradients; caption credits a Beautiful Destinations original,low,high,"High drone shot of a curved chain of thatched overwater villas with private plunge pools around a turquoise lagoon, teased with a 'Welcome to...' overlay.",descriptive,Milaidhoo Maldives is a hotel that offers a more understated take on an island stay 🌴,question_engagement,"Milaidhoo Maldives, Baa Atoll",,False,media_publication,en,exterior_facade;pool,turquoise;blue;white;brown,wood;water;plants,none,text_overlay;exterior_reveal;dramatic_scale,6000000.0,embed_reel,0.023833333333333335,1_NORMAL,0.04625874125874126,0.0005034965034965035,0.010884353741496598,826.5895953757225,-1.5882668087971814,0.025806742663982984,Maldives,Maldives,Maldives,"VERIFIED (public topic page, rounded)","VERIFIED (public embed, rounded, at fetch)",ESTIMATED (AI-assisted coding of cover frame + caption),401-1000,0,1M+,0.2,0.2595281306715064,bottom50
DTBRF1fEi8h,glashaus.realestate,140000.0,140K,houses-on-malibu-beach,"$42,900,000 in malibu",https://www.instagram.com/reel/DTBRF1fEi8h/,https://www.instagram.com/popular/houses-on-malibu-beach/,5.25328330206379,0.8333333333333334,1,location,location,2026-01-02T19:19:46.583000+00:00,2026,265,19,Fri,ok,ok,reel,296K followers,296000.0,537.0,8772.0,68.0,21,0,False,0,0,False,False,"$42,900,000 in malibu",cover-v2-embed,cover_r03_039.json,stairs_hall,house,ocean_beach,minimalist,modern_luxury,warm,bright,daylight,True,False,,real_existing,real_footage,"real listing walkthrough footage with natural sun patches on floor, lens perspective and ceiling fixtures (smoke detector, vents)",medium,high,A long pale-oak and stone-paneled corridor with art and a marble-top console pulls the eye to a floor-to-ceiling ocean view at its end.,money,"$42,900,000 in malibu",none,Malibu,"$42,900,000",False,real_estate,en,stairs_hall;living_room,beige;white;black;blue,wood;natural_stone;glass;marble;fabric,none,view_reveal;empty_room,296000.0,embed_reel,0.47297297297297297,1_NORMAL,0.06265714285714286,0.0004857142857142857,0.007751937984496124,528.3018867924528,0.10462845093591894,1.2724140353304654,Los Angeles/California,Los Angeles/California,Los Angeles/California,"VERIFIED (public topic page, rounded)","VERIFIED (public embed, rounded, at fetch)",ESTIMATED (AI-assisted coding of cover frame + caption),1-50,0,100k-500k,0.4,0.17699115044247787,bottom50
DX7bDuTuvID,elitebuildhq,138000.0,138K,container-home-luxury-models-2026,The Future of Modular Living . This luxury container courtyard home build redefines modern architecture. Experience how industrial shipping containers,https://www.instagram.com/reel/DX7bDuTuvID/,https://www.instagram.com/popular/container-home-luxury-models-2026/,0.6287015945330297,0.5,1,unusual_home,unusual_home,2026-05-04T19:28:23.808000+00:00,2026,143,19,Mon,ok,ok,reel,2M followers,2000000.0,317.0,2421.0,9.0,390,1,False,0,0,False,False,The Future of Modular Living . This luxury container courtyard home build redefines modern architecture. Experience how industrial shipping containers transform into a unique circular living space that blends perfectly with the landscape. A true masterpiece of DIY construction and sustainable design. This is more than just a house; it's a lifestyle statement by Elite Build. . #EliteBuild,cover-v2-embed,cover_r10_123.json,exterior_facade,unusual_structure,none,industrial,modern_luxury,warm,medium,blue_hour,False,False,,aspirational_realistic,ai_generated,"garbled container markings and placards, over-symmetrical flawless aerial composition typical of AI imagery; not disclosed in caption",low,high,An aerial dusk view of a stone-clad shipping-container courtyard home wrapped around a glowing fire pit in open grassland.,aspirational,The Future of Modular Living,none,,,False,theme_page,en,exterior_facade;terrace_outdoor;living_room;bedroom,grey;beige;orange;black,natural_stone;metal;glass;wood;fire;plants,fireplace,exterior_reveal;unusual_architecture,2000000.0,embed_reel,0.069,1_NORMAL,0.017543478260869567,6.521739130434782e-05,0.0037174721189591076,965.034965034965,-0.5869605054859888,0.25884482965902694,,,,"VERIFIED (public topic page, rounded)","VERIFIED (public embed, rounded, at fetch)",ESTIMATED (AI-assisted coding of cover frame + caption),151-400,1-3,1M+,0.16666666666666666,0.0345,bottom50
DTnOUBCkiKU,naturesms,133000.0,133K,mountain-house,"Once I have no more worries, I will retire to the ends of the earth, making my home a secluded old house deep in the mountains, far from the hustle an",https://www.instagram.com/reel/DTnOUBCkiKU/,https://www.instagram.com/popular/mountain-house/,0.6519607843137255,0.4166666666666667,1,unusual_home,unusual_home,2026-01-17T13:06:38.302000+00:00,2026,250,13,Sat,ok,ok,reel,10M followers,10000000.0,3511.0,4188.0,56.0,171,0,False,0,0,False,False,"Once I have no more worries, I will retire to the ends of the earth, making my home a secluded old house deep in the mountains, far from the hustle and bustle of the city.",cover-v2-embed,cover_r02_023.json,garden_landscape,house,mountain,traditional_regional,rustic_cozy,cool,medium,overcast_rain,False,False,,stylized_dreamy,ai_generated,"painterly-smooth, too-perfect composition (mist-wrapped peaks, evenly spread chickens, glowing interior, blossom trees) typical of AI 'healing countryside' clips; no disclosure, so judgement is moderate-confidence",low,high,"Old tiled-roof farmhouse under misty green mountains in soft rain, with chickens and a vegetable patch by a stream, sells a quiet retreat-from-the-city fantasy.",aspirational,"Once I have no more worries, I will retire to the ends of the earth, making my home a secluded old house deep in the mou",none,,,False,theme_page,en,garden_landscape;exterior_facade,green;grey;white;brown,wood;natural_stone;plants;water,rain;fog,exterior_reveal,10000000.0,embed_reel,0.0133,1_NORMAL,0.03148872180451128,0.0004210526315789474,0.013371537726838587,532.0,-1.2168366091378602,0.06069646397025831,,,,"VERIFIED (public topic page, rounded)","VERIFIED (public embed, rounded, at fetch)",ESTIMATED (AI-assisted coding of cover frame + caption),151-400,0,1M+,0.125,0.344559585492228,bottom50
DWqCiqSz5-h,luxurydreamhub,133000.0,133K,ultra-modern-luxury-house-design,Grandeur in every detail. 🏛️✨ There's nothing quite like the striking elegance of a modern masterpiece at night. 🌌🏠 #luxuryhomes #modernarchit,https://www.instagram.com/reel/DWqCiqSz5-h/,https://www.instagram.com/popular/ultra-modern-luxury-house-design/,0.34366925064599485,0.3333333333333333,1,luxury_home,luxury_home,2026-04-03T04:55:41.054000+00:00,2026,174,4,Fri,ok,ok,reel,1M followers,1000000.0,1144.0,2462.0,19.0,233,5,False,4,0,False,False,Grandeur in every detail. 🏛️✨ There's nothing quite like the striking elegance of a modern masterpiece at night. 🌌🏠 #luxuryhomes #modernarchitecture #mansion #homedesign #exterior aesthetic dreamhome luxurylifestyle explorepage viral,cover-v2-embed,cover_r12_139.json,exterior_facade,villa,none,modern_luxury,,neutral,medium,mixed,False,False,LUXURYDREAMHUB,stylized_dreamy,ai_generated,"typical AI look: glossy miniature marble villa model on a glass turntable with lit interiors, CAD monitors with generic unreadable UI; caption does not disclose AI",low,high,"A glowing miniature marble-clad villa model on a desk in front of CAD monitors and blueprints, a blueprint-to-model concept that intrigues more than it shows a real home.",aspirational,Grandeur in every detail. 🏛️✨ There's nothing quite like the striking elegance of a modern masterpiece at night. 🌌🏠 #lux,none,,,False,theme_page,en,exterior_facade;office,grey;black;white;beige,marble;glass;wood;plants;metal,none,text_overlay;exterior_reveal,1000000.0,embed_reel,0.133,1_NORMAL,0.01851127819548872,0.00014285714285714287,0.007717303005686434,764.3678160919541,-1.0267200126576395,0.09403293405154847,,,,"VERIFIED (public topic page, rounded)","VERIFIED (public embed, rounded, at fetch)",ESTIMATED (AI-assisted coding of cover frame + caption),151-400,4-10,500k-1M,0.25,0.15313759355210133,bottom50
DWY_6A-EVKS,2pdesigners,107000.0,107K,luxury-interior;modern-luxury-house-interiors,A breathtaking home unfolding right before your eyes. Every detail is composed with intention from,https://www.instagram.com/reel/DWY_6A-EVKS/,https://www.instagram.com/popular/luxury-interior/,0.2030360531309298,0.25,2,interior_generic;luxury_home,luxury_home,2026-03-27T14:05:34.165000+00:00,2026,181,14,Fri,ok,ok,reel,134K followers,134000.0,1648.0,2615.0,17.0,430,5,True,0,0,False,False,"A breathtaking home unfolding right before your eyes.  Every detail is composed with intention from the refined materials to the harmonious palette creating a space that feels both striking and serene. An interior that reveals its beauty gradually, leaving a lasting impression.  Not just seen… but experienced.  Which detail stayed with you the most?  #luxuryinteriors #interiordesign #eleganthome #modernluxury #highendinteriors",cover-v2-embed,cover_r12_138.json,stairs_hall,none_visible,none,modern_luxury,warm_luxury,neutral,bright,mixed,False,False,,aspirational_realistic,3d_render,"CG render look: flawless mirror-polished floor reflections, perfectly clean geometry and uniform lighting with no camera noise",medium,high,"Double-height foyer with a cascade of gold linear pendants, floating wood stair with glass rail and a round orchid table leading into the living area.",aspirational,A breathtaking home unfolding right before your eyes.,question_engagement,,,False,designer_studio,en,stairs_hall;living_room,white;beige;brown;gold,marble;wood;glass;metal;plants;fabric,none,dramatic_scale,134000.0,embed_reel,0.7985074626865671,2_GOOD,0.0244392523364486,0.0001588785046728972,0.00650095602294455,591.1602209944751,-0.4632299133597765,0.3441676818510444,,,,"VERIFIED (public topic page, rounded)","VERIFIED (public embed, rounded, at fetch)",ESTIMATED (AI-assisted coding of cover frame + caption),401-1000,4-10,100k-500k,0.4,0.41472868217054265,bottom50
DCpBWeEvMTm,glashaus.realestate,100000.0,100K,malibu-house,"$34,000,000 in malibu available off-market #views #view #viewforview #hollywoodhil",https://www.instagram.com/reel/DCpBWeEvMTm/,https://www.instagram.com/popular/malibu-house/,1.0198878123406425,0.5833333333333334,1,location,location,2024-11-21T16:58:09.506000+00:00,2024,672,16,Thu,ok,ok,reel,296K followers,296000.0,537.0,7804.0,134.0,457,29,False,0,0,False,False,"$34,000,000 in malibu  available off-market  #views #view #viewforview #hollywoodhills #hollywoodhillsrealestate #luxuryhome #luxuryhomes #luxuryhometour #hometour #hometours #housetour #housetours #luxuryhomedecor #luxuryhomedesign #luxuryhomebuilder #luxuryhomesforsale #luxuryhomestyle #luxuryhomestaging #luxuryhomeinteriors #luxuryhomestyles #luxuryhomedecoration #home #homedesign #homedecor #homestyle #homeinspiration #house #housedesign #housegoals",cover-v2-embed,cover_r05_064.json,bedroom,mansion,ocean_beach,modern_luxury,minimalist,neutral,bright,daylight,True,False,,real_existing,real_footage,real gimbal footage of a staged primary bedroom with corner floor-to-ceiling glass onto an ocean-view terrace; natural light falloff and slight lens distortion,high,high,"Minimal primary suite with travertine fireplace wall, dark curved sofa at the foot of the bed and corner glass opening to a Pacific-view terrace.",money,"$34,000,000 in malibu",none,Malibu,"$34,000,000",False,real_estate,en,bedroom;terrace_outdoor,white;beige;black;blue,glass;natural_stone;wood;fabric;plants,none,view_reveal;bed_focus,296000.0,embed_reel,0.33783783783783783,1_NORMAL,0.07804,0.00134,0.01717068170169144,148.8095238095238,-0.07698313472486945,0.8375618071453469,Los Angeles/California,Los Angeles/California,Los Angeles/California,"VERIFIED (public topic page, rounded)","VERIFIED (public embed, rounded, at fetch)",ESTIMATED (AI-assisted coding of cover frame + caption),401-1000,21+,100k-500k,0.2,0.1264222503160556,bottom50
Db747p-SpGY,theluxuryhomeshow,99700.0,99.7K,house-tour,"We visited one of our subscriber's home! Spanning three expansive levels, this Ealing esta",https://www.instagram.com/reel/Db747p-SpGY/,https://www.instagram.com/popular/house-tour/,0.5060913705583756,0.4166666666666667,1,luxury_home,luxury_home,2026-08-12T09:55:00.949000+00:00,2026,43,9,Wed,ok,ok,reel,2M followers,2000000.0,2361.0,2157.0,39.0,954,0,True,0,0,False,True,"We visited one of our subscriber's home!  Spanning three expansive levels, this Ealing estate pairs period scale with complete smart-home integration by Palladium AV, operating lighting scenes, electric gates, and climate controls via touchscreens in every room. From the restored antique lamp post and stained-glass entry foyer to the 3-meter-high ceilings, every detail balances architectural tradition with modern luxury.  The executive study caters to automotive passion with Ferrari artwork and direct garden views, while the formal reception room features coffered ceilings with hidden LED coving, a real gas fireplace with a limestone surround, and integrated Lyngdorf wall speakers.  Outside, the heated garden summer house enables year-round alfresco dining framing views across the neighboring cricket grounds.  Do you think we should tour your home next? Drop a yes in the comment!  Watch the full tour on The Luxury Home Show YouTube channel.",cover-v2-embed,cover_p1d_109.json,stairs_hall,house,none,modern_luxury,classical_luxury,neutral,medium,mixed,True,True,,real_existing,real_footage,"real camera footage of a host in a real home, with natural skin and fabric detail",medium,high,"A smiling host in a patterned dress leans in a sage-green front doorway, in front of a dark staircase, drop-crystal chandelier and glazed living area.",descriptive,We visited one of our subscriber's home!,comment_keyword,Ealing,,False,media_publication,en,stairs_hall;living_room,black;green;red;beige,wood;glass;metal;fabric;plants,none,person;door_or_threshold,2000000.0,embed_reel,0.04985,1_NORMAL,0.021634904714142426,0.00039117352056168504,0.01808066759388039,2318.6046511627906,-0.8359655668164568,0.14589299274381623,Other,,Other,"VERIFIED (public topic page, rounded)","VERIFIED (public embed, rounded, at fetch)",ESTIMATED (AI-assisted coding of cover frame + caption),401-1000,0,1M+,0.2222222222222222,0.49356435643564356,bottom50
DNLDYTptD9X,miladeshtiyaghi,94800.0,94.8K,house-in-the-forest,🏞✨ A house suspended between mist and forest Designed in the heart of Brazil's lush j,https://www.instagram.com/reel/DNLDYTptD9X/,https://www.instagram.com/popular/house-in-the-forest/,0.14086181277860327,0.25,1,unusual_home,unusual_home,2025-08-10T11:24:00.300000+00:00,2025,410,11,Sun,ok,ok,reel,642K followers,642000.0,1709.0,,54.0,652,8,False,4,1,False,False,"🏞✨ A house suspended between mist and forest  Designed in the heart of Brazil's lush jungles, this project aims for complete harmony with nature. The floating terraces and minimal lines create the sensation of drifting among the clouds, while natural materials and open spaces dissolve the boundary between home and wilderness.  This is not just a place to live — it's a sensory experience of peace, silence, and connection to the earth.  📍 Location: Brazil 👤 Architect & Interior Designer: @miladeshtiyaghi  #ModernArchitecture #ForestHouse #MinimalDesign #BrazilVilla #ArchitectureInNature #SuspendedHouse #ContemporaryArchitecture #SustainableDesign",cover-v2-embed,cover_r01_016.json,exterior_facade,villa,jungle_tropical,minimalist,biophilic,cool,medium,overcast_rain,False,False,,aspirational_realistic,ai_generated,"Midjourney-style aerial: over-uniform idealized foliage, soft undefined interior furniture, too-perfect cantilever composition; caption presents it as own design with no AI disclosure (same account's other covers coded AI)",low,high,Aerial view of a cantilevered concrete house with green roofs and an infinity-edge pool floating over a misty jungle slope.,descriptive,🏞✨ A house suspended between mist and forest,none,Brazil,,False,designer_studio,en,exterior_facade;pool;terrace_outdoor,green;grey;white;brown,concrete;glass;wood;water;plants,fog,exterior_reveal;pool;dramatic_scale,642000.0,embed_reel,0.14766355140186915,1_NORMAL,,0.000569620253164557,,231.21951219512195,-1.1082402677519245,0.0779398799015876,Other,,Other,"VERIFIED (public topic page, rounded)","VERIFIED (public embed, rounded, at fetch)",ESTIMATED (AI-assisted coding of cover frame + caption),401-1000,4-10,500k-1M,0.2,0.24881889763779527,bottom50
DHdynV8tEzO,arteo_luxury,93100.0,93.1K,luxury-living-room;luxury-living-room-design,A golden living! Luxury is a feeling. This living room is the perfect harmony of opulence and serenity,https://www.instagram.com/reel/DHdynV8tEzO/,https://www.instagram.com/popular/luxury-living-room/,0.4137777777777778,0.4166666666666667,2,luxury_room,luxury_room,2025-03-21T14:54:42.898000+00:00,2025,552,14,Fri,ok,ok,reel,871K followers,871000.0,1041.0,1347.0,19.0,805,14,False,0,0,False,False,"A golden living!  Luxury is a feeling. This living room is the perfect harmony of opulence and serenity, where every curve and texture speaks of refined elegance. The plush, circular seating invites warmth and connection, making the living room a space of both grandeur and comfort. Golden accents glisten under soft lighting, enhancing the timeless beauty of the decor. The ceiling mirrors the artistry below, amplifying the richness of the space with a touch of ethereal charm. Every detail, from the sculptural centerpiece to the sheer drapery, turns this living room into a sanctuary of modern luxury.  #luxuryroom #livingroom #luxuryinteriors #luxurylivingroom #luxuryroom #luxurykidsbed #luxuryinteriordesign #interiordesign #interiors #luxurydesign #design #luxurylife #luxurylives #luxurylifestyle",cover-v2-embed,cover_r00_008.json,living_room,none_visible,none,modern_luxury,warm_luxury,warm,bright,mixed,False,False,Aurum by Arteo,stylized_dreamy,ai_generated,"incoherent mirrored-ceiling reflection with melted gold ornaments and feather shapes, typical AI-image artifacts; not disclosed in caption",medium,high,"Cream-and-gold living room with curved sofa and glossy marble floor, branded with an 'Aurum by Arteo' label.",descriptive,A golden living!,none,,,False,designer_studio,en,living_room,beige;white;gold;brown,marble;fabric;metal;glass;plants,none,text_overlay,871000.0,embed_reel,0.10688863375430539,1_NORMAL,0.014468313641245971,0.00020408163265306123,0.014105419450631032,168.65942028985506,-0.5505195823640429,0.28150130831641373,,,,"VERIFIED (public topic page, rounded)","VERIFIED (public embed, rounded, at fetch)",ESTIMATED (AI-assisted coding of cover frame + caption),401-1000,11-20,500k-1M,0.2,0.11666666666666667,bottom50
DVMlogokVX5,2pdesigners,91700.0,91.7K,dubai-luxury-interior-design-trends,"A dream home is more than a vision, it's a feeling. It's where elegance meets comfort, and every detai",https://www.instagram.com/reel/DVMlogokVX5/,https://www.instagram.com/popular/dubai-luxury-interior-design-trends/,0.22365853658536586,0.25,1,location,location,2026-02-25T21:53:42.442000+00:00,2026,211,21,Wed,ok,ok,reel,134K followers,134000.0,1648.0,2146.0,21.0,384,5,False,0,0,False,False,"A dream home is more than a vision, it's a feeling.  It's where elegance meets comfort, and every detail reflects intention and identity.  Timeless materials, thoughtful design, and harmonious spaces transform daily life into something extraordinary.  Because a true dream home isn't just seen, it's experienced.  #luxuryinteriors #interiordesign #dreamhome #eleganthome #modernluxury",cover-v2-embed,cover_r04_051.json,stairs_hall,villa,none,modern_luxury,minimalist,neutral,bright,mixed,False,False,AM I DREAMING?,aspirational_realistic,3d_render,"clean CG render look: perfectly uniform glossy floor reflections, noise-free lighting, spotless staging; interior-design studio account",medium,high,"Double-height white-marble foyer with a cascading gold linear-pendant chandelier and floating wood stair, overlaid with 'AM I DREAMING?'.",aspirational,"A dream home is more than a vision, it's a feeling.",none,,,False,designer_studio,en,stairs_hall;living_room,white;beige;brown;gold,marble;wood;glass;metal;plants;fabric,none,text_overlay;dramatic_scale,134000.0,embed_reel,0.6843283582089552,2_GOOD,0.023402399127589967,0.00022900763358778625,0.0097856477166822,434.5971563981043,-0.6228537701726655,0.23831217471548827,,Dubai/UAE,Dubai/UAE,"VERIFIED (public topic page, rounded)","VERIFIED (public embed, rounded, at fetch)",ESTIMATED (AI-assisted coding of cover frame + caption),151-400,4-10,100k-500k,0.2,0.3554263565891473,bottom50
DaQIlELqWml,jareef__saifi,78500.0,78.5K,hotel-suite-design-ideas,Luxury Hotel-Style Bedroom Transformation 😱,https://www.instagram.com/reel/DaQIlELqWml/,https://www.instagram.com/popular/hotel-suite-design-ideas/,1.8779904306220097,0.8181818181818182,1,hotel_resort,hotel_resort,2026-07-01T13:33:45.840000+00:00,2026,85,13,Wed,ok,ok,reel,339K followers,339000.0,1244.0,652.0,,43,0,False,1,0,False,False,Luxury Hotel-Style Bedroom Transformation 😱,cover-v2-embed,cover_r11_129.json,bedroom,none_visible,none,modern_luxury,warm_luxury,warm,medium,mixed,False,False,JS,aspirational_realistic,ai_generated,"idealized over-smooth CG look (glossy marble, uniform cove glow, soft decor details) typical of AI 'transformation' reels; not disclosed in caption",high,high,"Hotel-style beige bedroom with cove lighting, upholstered panel wall and glossy marble floor, polished but generic.",aspirational,Luxury Hotel-Style Bedroom Transformation 😱,none,,,False,ai_creator,en,bedroom,beige;brown;white;gold,marble;fabric;glass;metal,none,bed_focus,339000.0,embed_reel,0.23156342182890854,1_NORMAL,0.008305732484076433,,,923.5294117647059,-0.3295930171749344,0.46817366721705206,,,,"VERIFIED (public topic page, rounded)","VERIFIED (public embed, rounded, at fetch)",ESTIMATED (AI-assisted coding of cover frame + caption),1-50,0,100k-500k,0.4,0.4088541666666667,bottom50
DDPTr1JRD-S,interior_home_design1,72100.0,72.1K,ai-house-design;ai-interior,Euphoria Drips from Every Raindrop in this Bedroom By: @cozyzen.ai @interior_home_design1 #cozybedroom #rainyday #interiordesign #home,https://www.instagram.com/reel/DDPTr1JRD-S/,https://www.instagram.com/popular/ai-interior/,1.0990853658536586,0.5833333333333334,2,ai,ai,2024-12-06T13:49:30.091000+00:00,2024,657,13,Fri,ok,ok,reel,688K followers,688000.0,2699.0,1944.0,27.0,245,16,False,0,2,False,False,Euphoria Drips from Every Raindrop in this Bedroom  By: @cozyzen.ai @interior_home_design1  #cozybedroom #rainyday #interiordesign #home #cozy #house #ai #aiart #travel #architecture #homedesign #luxury #aiartwork #room #bedroominspo #midjourney,cover-v2-embed,cover_r01_015.json,bedroom,apartment,rain_window,scandinavian,futuristic,neutral,medium,mixed,True,False,,stylized_dreamy,ai_generated,caption tags #ai #aiart #midjourney and credits @cozyzen.ai; stacked-bed layout typical of AI imagery,low,medium,"Three stacked round and loft beds linked by LED-lit stairs in a white loft, with rain-streaked windows and a porthole window onto a city skyline.",aspirational,Euphoria Drips from Every Raindrop in this Bedroom,none,,,True,theme_page,en,bedroom;office,white;grey;blue;orange,wood;fabric;glass;plaster,rain,bed_focus;view_reveal;unusual_architecture,688000.0,embed_reel,0.10479651162790697,1_NORMAL,0.0269625520110957,0.00037447988904299584,0.013888888888888888,109.74124809741248,-0.8993993931284909,0.12606676451465088,,,,"VERIFIED (public topic page, rounded)","VERIFIED (public embed, rounded, at fetch)",ESTIMATED (AI-assisted coding of cover frame + caption),151-400,11-20,500k-1M,1.0,2.6218181818181816,top10
DWTg57XsQuL,sunt_mrr,69900.0,69.9K,futuristic-houses,Circle villa Design: @sunt_mrr #midjourney #villa #ai #houses #circle,https://www.instagram.com/reel/DWTg57XsQuL/,https://www.instagram.com/popular/futuristic-houses/,0.12156521739130435,0.16666666666666666,1,future_arch,future_arch,2026-03-25T10:58:28.360000+00:00,2026,183,10,Wed,ok,ok,reel,2M followers,2000000.0,728.0,2270.0,73.0,70,5,False,0,1,False,False,Circle villa Design: @sunt_mrr  #midjourney #villa #ai #houses #circle,cover-v2-embed,cover_r11_128.json,exterior_facade,villa,mountain,organic_modern,brutalist,warm,bright,daylight,False,False,,stylized_dreamy,ai_generated,caption hashtags #midjourney #ai,low,high,A giant textured concrete ring window frames a round daybed interior against a green mountain backdrop - striking geometric hook.,descriptive,Circle villa,none,,,True,ai_creator,en,exterior_facade;bedroom;garden_landscape,brown;green;white;blue,concrete;wood;glass;natural_stone;plants;fabric,none,unusual_architecture;exterior_reveal,2000000.0,embed_reel,0.03495,1_NORMAL,0.03247496423462089,0.0010443490701001431,0.032158590308370046,381.9672131147541,-0.46072827402979544,0.34615589019258963,,,,"VERIFIED (public topic page, rounded)","VERIFIED (public embed, rounded, at fetch)",ESTIMATED (AI-assisted coding of cover frame + caption),51-150,4-10,1M+,0.1111111111111111,0.02410344827586207,bottom50
DT8XKMXiJRh,travelask.world,69400.0,69.4K,arctic-treehouse-hotel-rovaniemi,♥️Save this: the most romantic and secluded hotels in Lapland 📍 Arctic TreeHouse Hotel (Rovaniemi) — designer cabins hidden in the forest with panoram,https://www.instagram.com/reel/DT8XKMXiJRh/,https://www.instagram.com/popular/arctic-treehouse-hotel-rovaniemi/,0.4155688622754491,0.4166666666666667,1,hotel_resort,hotel_resort,2026-01-25T18:07:59.496000+00:00,2026,242,18,Sun,ok,ok,reel,681K followers,681000.0,764.0,1713.0,41.0,1194,0,False,7,6,False,False,"♥️Save this: the most romantic and secluded hotels in Lapland  📍 Arctic TreeHouse Hotel (Rovaniemi) — designer cabins hidden in the forest with panoramic windows, soft lighting, and a strong sense of privacy. Perfect for quiet evenings for two. @arctictreehousehotel  📍 Wilderness Hotel Muotka (Inari) — a remote lodge in the tundra with fireplaces, saunas, very few guests, and complete silence all around. A true ""just us and the North"" escape. @wildernesshotels  📍 Wilderness Hotel Nellim (Lake Inari) — a cozy lakeside hotel with fireplaces, spa facilities, and an atmosphere of total disconnection from the outside world. @wildernesshotels  📍 Apukka Resort (Rovaniemi) — glass igloos and private cabins where you can watch the starry sky straight from your bed, plus spa facilities and warm, inviting interiors. @apukkaresort  📍 Arctic SnowHotel & Glass Igloos (Rovaniemi) — a unique romantic experience combining a snow hotel with glass igloos for unforgettable nights under the northern sky. @arcticsnowhotel  📍 Arctic Light Hotel (Rovaniemi) — an intimate boutique hotel with a warm atmosphere, stylish rooms, and high-level service for a calm and elegant city stay. @arctic_light_hotel",cover-v2-embed,cover_r11_129.json,bedroom,unusual_structure,snow,rustic_cozy,,neutral,medium,mixed,True,False,This & your favorite person,stylized_dreamy,ai_generated,"typical AI image look: cloud-like foam in the tub, uniformly scattered petals, over-smooth textures and idealized balloon cluster; not disclosed",low,high,"Romantic glass-dome igloo bedroom in a snowy forest with heart balloons and a petal bath, plus a relatable 'your favorite person' text hook.",location,♥️Save this: the most romantic and secluded hotels in Lapland,save_share,"Lapland (Rovaniemi, Inari, Lake Inari)",,False,media_publication,en,bedroom;bathroom,white;red;grey,glass;fabric;water;wood;metal,snow,text_overlay;bed_focus;view_reveal;unusual_architecture,681000.0,embed_reel,0.10190895741556534,1_NORMAL,0.02468299711815562,0.0005907780979827089,0.023934617629889084,286.77685950413223,-0.42809077085460123,0.3731721538218094,Nordics/Iceland/Faroe,,Nordics/Iceland/Faroe,"VERIFIED (public topic page, rounded)","VERIFIED (public embed, rounded, at fetch)",ESTIMATED (AI-assisted coding of cover frame + caption),1000+,0,500k-1M,0.16666666666666666,0.053384615384615385,bottom50
DWWZZK6TWCF,luxurydreamhub,63000.0,63K,luxury-apartment,"Living life in the high-definition of luxury. ✨ From the grand chandeliers to the sprawling skyline views, this is what penthouse dreams are made of.",https://www.instagram.com/reel/DWWZZK6TWCF/,https://www.instagram.com/popular/luxury-apartment/,1.0561609388097233,0.5833333333333334,1,luxury_home,luxury_home,2026-03-26T13:50:33.293000+00:00,2026,182,13,Thu,ok,ok,reel,1M followers,1000000.0,1144.0,3072.0,23.0,282,5,False,3,0,False,False,"Living life in the high-definition of luxury. ✨ From the grand chandeliers to the sprawling skyline views, this is what penthouse dreams are made of. 🥂🏙️ #penthouse #luxuryliving #interiordesign #modernmansion #homedecor interiorinspo dreamhome luxuryhomes livingroomgoals aesthetic",cover-v2-embed,cover_r08_099.json,living_room,penthouse,city_skyline,modern_luxury,glam_feminine,warm,bright,night_artificial,True,False,,stylized_dreamy,ai_generated,"typical AI artifacts: melting fur rug texture, warped chandeliers and nonsensical glowing wall logo, over-smooth glossy surfaces",medium,medium,"Double-height glossy living room with cascading crystal chandeliers, tufted leather sofas and night city lights through the glass.",aspirational,"Living life in the high-definition of luxury. ✨ From the grand chandeliers to the sprawling skyline views, this is what ",none,,,False,theme_page,en,living_room,beige;white;black;gold,leather;glass;fabric;metal,city_lights,dramatic_scale;view_reveal,1000000.0,embed_reel,0.063,1_NORMAL,0.04876190476190476,0.0003650793650793651,0.007486979166666667,346.15384615384613,-0.8434886997747592,0.1433875024611691,,,,"VERIFIED (public topic page, rounded)","VERIFIED (public embed, rounded, at fetch)",ESTIMATED (AI-assisted coding of cover frame + caption),151-400,4-10,500k-1M,0.15625,0.07253886010362694,bottom50
DYsApjVBTYq,luxurydreamhub,63000.0,63K,luxury-apartment-interior-design-ideas-2026,"City lights outside, pure luxury inside. ✨🌃 The ultimate living room setup where sleek modern design meets a",https://www.instagram.com/reel/DYsApjVBTYq/,https://www.instagram.com/popular/luxury-apartment-interior-design-ideas-2026/,0.2495049504950495,0.3333333333333333,1,luxury_home,luxury_home,2026-05-23T16:20:25.091000+00:00,2026,124,16,Sat,ok,ok,reel,1M followers,1000000.0,1144.0,2315.0,25.0,262,5,False,4,0,False,False,"City lights outside, pure luxury inside. ✨🌃 The ultimate living room setup where sleek modern design meets a warm, golden glow. 🛋️🥂 #interiordesign #luxuryhomes #livingroomdecor #aesthetic #modernliving homedesign cityview interiorinspiration reelsviral trending",cover-v2-embed,cover_p1f_018.json,stairs_hall,none_visible,none,dark_luxury,modern_luxury,warm,medium,night_artificial,False,False,,aspirational_realistic,3d_render,"clean CG render look: mirror-perfect floor reflections, noise-free warm cove lighting, no real-world clutter",medium,high,Moody warm-lit corridor with mirror-glossy marble floor and backlit onyx niches opening onto a lounge with a sculptural white chair; the city view promised in the caption is not on the cover.,aspirational,"City lights outside, pure luxury inside. ✨🌃 The ultimate living room setup where sleek modern design meets a warm, golde",none,,,False,theme_page,en,stairs_hall;living_room,black;beige;white;brown,marble;natural_stone;glass;metal;fabric,none,door_or_threshold,1000000.0,embed_reel,0.063,1_NORMAL,0.03674603174603175,0.0003968253968253968,0.01079913606911447,508.06451612903226,-0.992116222852921,0.10183188362190594,,,,"VERIFIED (public topic page, rounded)","VERIFIED (public embed, rounded, at fetch)",ESTIMATED (AI-assisted coding of cover frame + caption),151-400,4-10,500k-1M,0.15625,0.07253886010362694,bottom50
DXCuw34jVm4,roomify.design,62000.0,62K,dream-kitchen,Day 3 of designing my dream home… and this kitchen changed everything ✨ Luxury kitchen transformation From empty space → a kitchen that feels straight,https://www.instagram.com/reel/DXCuw34jVm4/,https://www.instagram.com/popular/dream-kitchen/,0.14639905548996457,0.25,1,luxury_room,luxury_room,2026-04-12T19:03:52.522000+00:00,2026,165,19,Sun,ok,ok,reel,62K followers,62000.0,152.0,557.0,30.0,460,5,True,4,0,False,True,"Day 3 of designing my dream home… and this kitchen changed everything ✨  Luxury kitchen transformation  From empty space → a kitchen that feels straight out of a $5M home 🤍  The mix of marble + warm wood is everything. Clean lines, soft light, and a space that actually feels like home  Built step-by-step — no shortcuts  Would you keep this or change it? 👀  Save this for your dream home ✨  #luxurykitchen #kitchendesign #interiordesign #modernhome #homedecor",cover-v2-embed,cover_r09_103.json,kitchen,none_visible,none,warm_luxury,modern_luxury,warm,bright,golden_hour,False,False,,aspirational_realistic,ai_generated,flawless golden-hour glow and AI-typical smooth rendering of stools and marble veining; 'designing my dream home' series with no disclosure in caption,high,high,"Golden-hour sunbeams across a curved marble waterfall island on a fluted wood base, quilted cream barstools and a brass range hood.",curiosity,Day 3 of designing my dream home… and this kitchen changed everything ✨,question_engagement,,$5M,False,ai_creator,en,kitchen;terrace_outdoor,white;beige;gold;brown,marble;wood;metal;glass;fabric;plants,none,none,62000.0,embed_reel,1.0,2_GOOD,0.008983870967741935,0.0004838709677419355,0.05385996409335727,375.75757575757575,-0.48284059350040437,0.328972357045042,,,,"VERIFIED (public topic page, rounded)","VERIFIED (public embed, rounded, at fetch)",ESTIMATED (AI-assisted coding of cover frame + caption),401-1000,4-10,10k-100k,0.2857142857142857,0.18397626112759644,bottom50
DXFzOSZiBeX,roomify.design,55400.0,55.4K,luxury-dining-room,This dining room just made the whole house feel complete… 🌸✨ From empty space → a soft luxury dining,https://www.instagram.com/reel/DXFzOSZiBeX/,https://www.instagram.com/popular/luxury-dining-room/,0.28704663212435233,0.25,1,luxury_room,luxury_room,2026-04-13T23:40:33.932000+00:00,2026,164,23,Mon,ok,ok,reel,62K followers,62000.0,152.0,508.0,171.0,369,5,True,4,0,False,True,"This dining room just made the whole house feel complete… 🌸✨  From empty space → a soft luxury dining setup that actually feels like home  Modern warm dining room design  Would you keep it neutral or add this blush touch? 👇  🛍️ Wayfair picks dropping soon — comment ""dining"" if you want them first  #interiordesign #luxuryhomes #dinningroomdesign #modernhome #homedecor",cover-v2-embed,cover_r07_084.json,dining,house,none,organic_modern,warm_luxury,warm,bright,golden_hour,False,False,,aspirational_realistic,ai_generated,"flawless idealized render-like image with uniform glow, sun shafts and lit candles everywhere, typical of AI imagery; caption describes an 'empty space' transformed; no explicit AI disclosure, not certain",high,high,"A sun-drenched warm dining room with a pink blossom centerpiece, cream chairs and a lit fireplace behind, polished and idealized.",descriptive,This dining room just made the whole house feel complete… 🌸✨,comment_keyword,,,False,ai_creator,en,dining;living_room,white;beige;brown;pink,wood;fabric;glass;metal;natural_stone;plants;fire,fireplace,none,62000.0,embed_reel,0.8935483870967742,2_GOOD,0.009169675090252707,0.0030866425992779785,0.33661417322834647,337.8048780487805,-0.25541000374517997,0.555379693216745,,,,"VERIFIED (public topic page, rounded)","VERIFIED (public embed, rounded, at fetch)",ESTIMATED (AI-assisted coding of cover frame + caption),151-400,4-10,10k-100k,0.14285714285714285,0.16439169139465876,bottom50
DAoR8NbK5yp,theluxuryhomeshow,53900.0,53.9K,miami-mansion,"What $9,000,000 Buys You in Miami, Florida 🇺🇸 Boasting 21-foot ceilings and an open la",https://www.instagram.com/reel/DAoR8NbK5yp/,https://www.instagram.com/popular/miami-mansion/,1.1022494887525562,0.5833333333333334,1,location,location,2024-10-02T17:01:05.551000+00:00,2024,722,17,Wed,ok,ok,reel,2M followers,2000000.0,2361.0,1324.0,9.0,316,5,True,2,1,False,False,"What $9,000,000 Buys You in Miami, Florida 🇺🇸  Boasting 21-foot ceilings and an open layout, this home provides expansive living areas with tranquil views of the backyard 🤩  What do you think? 😍  Listed for sale by @michaelmartinezrealtor  #theluxuryhomeshow #luxurylifestyle #miamihomes #luxuryhousetours #dreamhome",cover-v2-embed,cover_r03_034.json,exterior_facade,mansion,none,modern_luxury,minimalist,cool,medium,blue_hour,False,False,,real_existing,real_footage,professional real-estate listing footage of a listed Miami home (listing agent tagged in caption),low,high,Symmetrical blue-hour facade with a glowing glass stair tower and grass-jointed pavers delivers a clean listing-style money shot.,money,"What $9,000,000 Buys You in Miami, Florida 🇺🇸",question_engagement,"Miami, Florida","$9,000,000",False,theme_page,en,exterior_facade;stairs_hall;living_room,blue;white;grey;green,glass;concrete;wood;plants,none,exterior_reveal,2000000.0,embed_reel,0.02695,1_NORMAL,0.024564007421150277,0.00016697588126159555,0.006797583081570997,74.65373961218836,-0.6363507849174783,0.23101980614093212,Miami/Florida,Miami/Florida,Miami/Florida,"VERIFIED (public topic page, rounded)","VERIFIED (public embed, rounded, at fetch)",ESTIMATED (AI-assisted coding of cover frame + caption),151-400,4-10,1M+,0.1111111111111111,0.26683168316831685,bottom50
DV6PVtjATXq,jareef__saifi,53000.0,53K,luxury-bathroom,Luxury Bathroom Interior With Stone Wall & Marble Floor ✨ #bathroomdesign #interiordesign,https://www.instagram.com/reel/DV6PVtjATXq/,https://www.instagram.com/popular/luxury-bathroom/,0.11288604898828541,0.08333333333333333,1,luxury_room,luxury_room,2026-03-15T15:23:57.983000+00:00,2026,193,15,Sun,ok,ok,reel,339K followers,339000.0,1244.0,326.0,,100,3,False,1,0,False,False,Luxury Bathroom Interior With Stone Wall & Marble Floor ✨ #bathroomdesign #interiordesign #homedecor,cover-v2-embed,cover_r10_114.json,bathroom,none_visible,none,modern_luxury,warm_luxury,warm,bright,night_artificial,False,True,Jareef Saifi,aspirational_realistic,ai_generated,"typical AI look: uncanny posed woman with open mouth, overly smooth render surfaces, floating gold fittings",medium,medium,"A woman in cream poses in a warm-lit bathroom with a cracked-stone feature wall, marble floor and freestanding marble tub with gold taps.",descriptive,Luxury Bathroom Interior With Stone Wall & Marble Floor ✨ #bathroomdesign #interiordesign #homedecor,none,,,False,ai_creator,en,bathroom,beige;white;gold;cream,natural_stone;marble;glass;metal;wood;plants;fabric,none,person,339000.0,embed_reel,0.15634218289085547,1_NORMAL,0.006150943396226415,,,274.61139896373055,-1.0914911696439202,0.08100444118594023,,,,"VERIFIED (public topic page, rounded)","VERIFIED (public embed, rounded, at fetch)",ESTIMATED (AI-assisted coding of cover frame + caption),51-150,1-3,100k-500k,0.2,0.2760416666666667,bottom50
DPJHwVHiMGl,luxuryhouseview,53000.0,53K,glass-house-photos,"""A glasshouse of dreams – living inside a postcard 🌿🏞️"" #DreamHome #LuxuryLiving #MountainView #NatureAnd",https://www.instagram.com/reel/DPJHwVHiMGl/,https://www.instagram.com/popular/glass-house-photos/,1.0,0.5454545454545454,1,unusual_home,unusual_home,2025-09-28T10:26:32.680000+00:00,2025,361,10,Sun,ok,ok,reel,389K followers,389000.0,961.0,2355.0,26.0,210,10,False,2,0,False,False,"""A glasshouse of dreams – living inside a postcard 🌿🏞️"" #DreamHome #LuxuryLiving #MountainView #NatureAndLuxury #GlassHouseVibes #ModernArchitecture #InteriorGoals #LuxuryHomeDesign #NatureLovers #HeavenOnEarth",cover-v2-embed,cover_r00_006.json,living_room,villa,mountain,modern_luxury,biophilic,neutral,medium,overcast_rain,True,False,,stylized_dreamy,ai_generated,"typical AI-video look: supercars displayed inside the living room, rain streaks, over-smooth idealized details; not disclosed",low,medium,Open living room with parked supercars facing a rain-soaked jungle mountain valley; moody cinematic fantasy.,aspirational,"""A glasshouse of dreams – living inside a postcard 🌿🏞️"" #DreamHome #LuxuryLiving #MountainView #NatureAndLuxury #GlassHo",none,,,False,theme_page,en,living_room,grey;green;black;brown,glass;leather;natural_stone;plants;wood,rain,view_reveal,389000.0,embed_reel,0.13624678663239073,1_NORMAL,0.044433962264150945,0.0004905660377358491,0.011040339702760084,146.81440443213296,-0.29042222357219116,0.5123630195245202,,,,"VERIFIED (public topic page, rounded)","VERIFIED (public embed, rounded, at fetch)",ESTIMATED (AI-assisted coding of cover frame + caption),151-400,4-10,100k-500k,0.4,0.33544303797468356,bottom50
DXY-_sGgYkN,luxurydreamhub,50900.0,50.9K,luxury-dining-room,Dine in elegance where every detail shines. ✨🕯️ A touch of luxury for the perfect evening.,https://www.instagram.com/reel/DXY-_sGgYkN/,https://www.instagram.com/popular/luxury-dining-room/,0.26373056994818656,0.16666666666666666,1,luxury_room,luxury_room,2026-04-21T10:29:00.006000+00:00,2026,156,10,Tue,ok,ok,reel,1M followers,1000000.0,1144.0,1699.0,10.0,210,5,False,4,0,False,False,Dine in elegance where every detail shines. ✨🕯️ A touch of luxury for the perfect evening. 🥂🤍 #interiordesign #homedecor #luxurylifestyle #diningroom #aesthetic homedesign interiorinspiration tablesetting viral,cover-v2-embed,cover_r04_052.json,dining,none_visible,none,modern_luxury,classical_luxury,warm,bright,mixed,False,False,,aspirational_realistic,ai_generated,"typical AI artifacts: mirror reflection shows a sofa scene that does not match the room, identical flower heads, soft smeared details; letterboxed frame",medium,medium,"Bright cream dining room with a cascading crystal chandelier, marble table, tufted chairs and white tulip bouquets, letterboxed in black bars.",aspirational,Dine in elegance where every detail shines. ✨🕯️ A touch of luxury for the perfect evening. 🥂🤍,none,,,False,theme_page,en,dining,white;beige;gold;black,marble;glass;fabric;wood;plants,none,none,1000000.0,embed_reel,0.0509,1_NORMAL,0.03337917485265226,0.00019646365422396856,0.005885815185403178,326.28205128205127,-0.8569925715928076,0.13899764059165945,,,,"VERIFIED (public topic page, rounded)","VERIFIED (public embed, rounded, at fetch)",ESTIMATED (AI-assisted coding of cover frame + caption),151-400,4-10,500k-1M,0.0625,0.05860679332181923,bottom50
DYFCWkgPLu1,styltechinterior_official,45500.0,45.5K,hotel-bathroom-designs,This Bathroom Looks More Expensive Than A Hotel 😍✨,https://www.instagram.com/reel/DYFCWkgPLu1/,https://www.instagram.com/popular/hotel-bathroom-designs/,0.11151960784313726,0.16666666666666666,1,hotel_resort,hotel_resort,2026-05-08T13:04:55.321000+00:00,2026,139,13,Fri,ok,ok,reel,201K followers,201000.0,1199.0,333.0,,50,0,False,2,0,False,False,This Bathroom Looks More Expensive Than A Hotel 😍✨,cover-v2-embed,cover_r13_148.json,bathroom,none_visible,none,minimalist,modern_luxury,neutral,bright,mixed,False,False,😳😊,real_existing,real_footage,wide-angle phone walkthrough of a real finished bathroom with visible exhaust fan and fixtures,medium,medium,"Walk-in wet-room bathroom with large grey tiles, smoked-glass partition, rain shower and lit wall niche; emoji stickers tease a reaction.",status,This Bathroom Looks More Expensive Than A Hotel 😍✨,none,,,False,designer_studio,en,bathroom,white;grey;black;brown,glass;metal;wood,none,empty_room,201000.0,embed_reel,0.2263681592039801,1_NORMAL,0.007318681318681319,,,327.33812949640287,-1.056728883221973,0.08775484768898455,,,,"VERIFIED (public topic page, rounded)","VERIFIED (public embed, rounded, at fetch)",ESTIMATED (AI-assisted coding of cover frame + caption),1-50,0,100k-500k,0.2,0.11234567901234568,bottom50
DLzbWRZuMf-,interior_home_design1,43100.0,43.1K,ai-house;futuristic-home,What are your thoughts about this design?🍃 by @zenform @interior_home_design1 #interiordesign #home #ai #house,https://www.instagram.com/reel/DLzbWRZuMf-/,https://www.instagram.com/popular/ai-house/,1.143236074270557,0.6666666666666666,2,ai;future_arch,ai,2025-07-07T10:40:16.524000+00:00,2025,444,10,Mon,ok,ok,reel,688K followers,688000.0,2699.0,2412.0,76.0,149,8,True,1,2,False,False,What are your thoughts about this design?🍃  by @zenform @interior_home_design1  #interiordesign #home #ai #house #aiart #architecture #luxury #travel,cover-v2-embed,cover_r01_015.json,pool,villa,jungle_tropical,organic_modern,biophilic,cool,medium,overcast_rain,False,False,,stylized_dreamy,ai_generated,caption tags #ai #aiart; smooth AI look of the stone forms and misty backdrop,low,high,"Dark-stone domed villa with rooftop planters and a free-form pool on a wet flagstone terrace, set into a misty jungle mountainside.",question,What are your thoughts about this design?🍃,question_engagement,,,True,theme_page,en,pool;terrace_outdoor;exterior_facade,grey;green;black;brown,natural_stone;water;plants;glass;wood;fabric,fog,pool;exterior_reveal;unusual_architecture,688000.0,embed_reel,0.0626453488372093,1_NORMAL,0.055962877030162415,0.0017633410672853829,0.03150912106135987,97.07207207207207,-0.6187349990682623,0.2405830359097097,,,,"VERIFIED (public topic page, rounded)","VERIFIED (public embed, rounded, at fetch)",ESTIMATED (AI-assisted coding of cover frame + caption),51-150,4-10,500k-1M,0.875,1.5672727272727274,middle
DOkAk0DCK8j,luxuryhouseview,43000.0,43K,dream-home,Cozy home 🏡 #cozyathome #nature #LuxuryHome #DreamInterior #RoyalLook #interiorgoals,https://www.instagram.com/reel/DOkAk0DCK8j/,https://www.instagram.com/popular/dream-home/,0.018695652173913044,0.08333333333333333,1,luxury_home,luxury_home,2025-09-14T00:31:54.335000+00:00,2025,375,0,Sun,ok,ok,reel,389K followers,389000.0,961.0,1354.0,14.0,260,19,False,1,0,False,False,Cozy home 🏡 #cozyathome #nature #LuxuryHome #DreamInterior #RoyalLook #interiorgoals #Luxury Lifestyle #viralreels #DreamHouse #instagramreels #PalaceVibes #InteriorDesign #tranding #foryou #LuxuryLiving #homegoals #mansionstyle #opulentliving #aesthetichome #,cover-v2-embed,cover_r09_105.json,living_room,cabin_chalet,snow,dark_luxury,modern_luxury,warm,dark,night_artificial,True,False,,stylized_dreamy,ai_generated,"typical AI-image look: over-smooth surfaces, inconsistent window mullions, glowing snow-covered chalets outside, Tom and Jerry cartoon pasted on the TV; no AI disclosure",medium,high,"Double-height dark wood living room with glass globe pendants, live-edge coffee table and floor-to-ceiling windows onto a snowy forest village at night, with a Tom and Jerry cartoon on the TV - cozy winter-escape mood.",descriptive,Cozy home 🏡,none,,,False,theme_page,en,living_room,black;brown;grey;gold,wood;glass;fabric;metal;plants,snow,view_reveal;dramatic_scale,389000.0,embed_reel,0.11053984575835475,1_NORMAL,0.031488372093023256,0.0003255813953488372,0.0103397341211226,114.66666666666667,-1.638555850390524,0.022984981027649683,,,,"VERIFIED (public topic page, rounded)","VERIFIED (public embed, rounded, at fetch)",ESTIMATED (AI-assisted coding of cover frame + caption),151-400,11-20,100k-500k,0.3,0.2721518987341772,bottom50
DTa6Fw6iCrI,luxuryhouseview,38400.0,38.4K,luxury-bedroom,"Royal vibes, peaceful nights.💎✨ : #LuxuryHome #LuxuryBedroom #RoyalBedroom #DreamHome #interiorg",https://www.instagram.com/reel/DTa6Fw6iCrI/,https://www.instagram.com/popular/luxury-bedroom/,0.1103448275862069,0.3333333333333333,1,luxury_room,luxury_room,2026-01-12T18:19:02.606000+00:00,2026,255,18,Mon,ok,ok,reel,389K followers,389000.0,961.0,1911.0,11.0,100,5,False,2,0,False,False,"Royal vibes, peaceful nights.💎✨ : #LuxuryHome #LuxuryBedroom #RoyalBedroom #DreamHome #interiorgoals",cover-v2-embed,cover_p1d_107.json,bedroom,none_visible,none,modern_luxury,glam_feminine,warm,bright,mixed,False,False,,stylized_dreamy,ai_generated,"typical AI artifacts: smeared/warped details, implausible glowing floor inset mirroring the chandelier, over-smooth glossy surfaces; not disclosed in caption",medium,medium,"Wide-angle glossy cream bedroom with LED-tiered ceiling, crystal chandelier and white marble floor, reading as over-the-top 'royal' luxury.",aspirational,"Royal vibes, peaceful nights.💎✨ : #LuxuryHome #LuxuryBedroom #RoyalBedroom #DreamHome #interiorgoals",none,,,False,theme_page,en,bedroom,white;beige;gold;black,marble;fabric;glass;metal;plants,none,bed_focus;dramatic_scale,389000.0,embed_reel,0.09871465295629821,1_NORMAL,0.049765625,0.00028645833333333333,0.0057561486132914706,150.58823529411765,-0.7081989137834853,0.1957947696905584,,,,"VERIFIED (public topic page, rounded)","VERIFIED (public embed, rounded, at fetch)",ESTIMATED (AI-assisted coding of cover frame + caption),51-150,4-10,100k-500k,0.2,0.2430379746835443,bottom50
DCO8KlbODXG,interior_home_design1,38100.0,38.1K,futuristic-architecture,Futuristic yet in harmony with nature Genrated by @matitectura using Midjourney,https://www.instagram.com/reel/DCO8KlbODXG/,https://www.instagram.com/popular/futuristic-architecture/,0.23161094224924011,0.25,1,future_arch,future_arch,2024-11-11T13:52:35.471000+00:00,2024,682,13,Mon,ok,ok,reel,688K followers,688000.0,2699.0,1894.0,22.0,375,25,False,0,2,False,False,Futuristic yet in harmony with nature  Genrated by @matitectura using Midjourney @interior_home_design1  #architecture #concept #aiart #ai #aiartist #artwork #midjourneyarchitect #austria #midjourney #midjourneyarchitecture #winter #tirol #villa #ruin #house #designboom #home #design #archilovers #architecturephotography #aiarchitecture #casestudy #architecture #ai #luxury,cover-v2-embed,cover_r08_094.json,exterior_facade,unusual_structure,mountain,futuristic,organic_modern,cool,medium,overcast_rain,False,False,,stylized_dreamy,ai_generated,caption says generated using Midjourney; smooth idealized Midjourney look,low,high,"A teardrop-shaped glass-and-concrete building set into an alpine meadow, with snowy peaks reflected in its glazed face.",descriptive,Futuristic yet in harmony with nature,none,"Tirol, Austria",,True,theme_page,en,exterior_facade;garden_landscape,green;grey;white;blue,glass;concrete;plants,none,unusual_architecture;exterior_reveal;dramatic_scale,688000.0,embed_reel,0.05537790697674418,1_NORMAL,0.049711286089238846,0.0005774278215223097,0.011615628299894404,55.86510263929619,-1.0181196398570536,0.09591363713182056,Other,,Other,"VERIFIED (public topic page, rounded)","VERIFIED (public embed, rounded, at fetch)",ESTIMATED (AI-assisted coding of cover frame + caption),151-400,21+,500k-1M,0.75,1.3854545454545455,middle
DPNv9U0CIMa,luxuryhouseview,34900.0,34.9K,villa-with-pool,"""Slide into paradise 🌊🏡 Where luxury meets fun and every day feels like a holiday 🏖️💦"" #DreamHouse #LuxuryLiving #PoolVilla",https://www.instagram.com/reel/DPNv9U0CIMa/,https://www.instagram.com/popular/villa-with-pool/,0.20960960960960962,0.3333333333333333,1,pool,pool,2025-09-30T05:34:48.385000+00:00,2025,359,5,Tue,ok,ok,reel,389K followers,389000.0,961.0,680.0,41.0,228,10,False,4,0,False,False,"""Slide into paradise 🌊🏡 Where luxury meets fun and every day feels like a holiday 🏖️💦"" #DreamHouse #LuxuryLiving #PoolVilla #SeasideParadise #OceanView #LuxuryLifestyle #ModernVilla #VacationVibes #UniqueHomes #ResortStyleLiving",cover-v2-embed,cover_r11_130.json,pool,villa,ocean_beach,other,organic_modern,cool,bright,daylight,True,False,,stylized_dreamy,ai_generated,"typical AI artifacts: soft dreamy glow, warped railings, garbled lettering on the tray in the foreground",low,medium,A water slide running from a loft bed nook into an indoor pool with an ocean view is a playful fantasy scroll-stopper.,aspirational,"""Slide into paradise 🌊🏡 Where luxury meets fun and every day feels like a holiday 🏖️💦"" #DreamHouse #LuxuryLiving",none,,,False,theme_page,en,pool;bedroom;living_room;stairs_hall,light blue;white;beige;turquoise,water;plaster;fabric;glass;plants,none,pool;water_feature;unusual_architecture;view_reveal,389000.0,embed_reel,0.0897172236503856,1_NORMAL,0.019484240687679084,0.001174785100286533,0.060294117647058824,97.21448467966574,-1.1463354452077312,0.07139446685225058,,,,"VERIFIED (public topic page, rounded)","VERIFIED (public embed, rounded, at fetch)",ESTIMATED (AI-assisted coding of cover frame + caption),151-400,4-10,100k-500k,0.1,0.2208860759493671,bottom50
DFIVxyvukb1,interior_home_design1,32900.0,32.9K,ai-interior-design,"Snowfall meets winter wonder – snow outside, warmth inside By: @cozyzen.ai @interior_home_design1",https://www.instagram.com/reel/DFIVxyvukb1/,https://www.instagram.com/popular/ai-interior-design/,0.01913346903169526,0.25,1,ai,ai,2025-01-22T13:55:53.784000+00:00,2025,610,13,Wed,ok,ok,reel,688K followers,688000.0,2699.0,1211.0,18.0,151,7,False,0,2,False,False,"Snowfall meets winter wonder – snow outside, warmth inside  By: @cozyzen.ai @interior_home_design1  #ai #home #house #cozy #cozyhome #midjourney #aiart",cover-v2-embed,cover_r08_097.json,living_room,house,snow,scandinavian,rustic_cozy,neutral,medium,overcast_rain,True,False,,stylized_dreamy,ai_generated,caption tags #ai #midjourney #aiart and credits @cozyzen.ai; smooth AI look with odd railing/car details,medium,high,"Double-height loft with floor-to-ceiling windows onto a snowy pine forest, a glowing fireplace and a mezzanine bed - maximal cozy-winter fantasy.",aspirational,"Snowfall meets winter wonder – snow outside, warmth inside",none,,,True,theme_page,en,living_room;bedroom;office;stairs_hall,white;brown;grey;black,wood;glass;fabric;plants;fire,snow;fireplace,view_reveal;dramatic_scale,688000.0,embed_reel,0.047819767441860464,1_NORMAL,0.036808510638297876,0.000547112462006079,0.01486374896779521,53.9344262295082,-1.290148634962136,0.051268588996012984,,,,"VERIFIED (public topic page, rounded)","VERIFIED (public embed, rounded, at fetch)",ESTIMATED (AI-assisted coding of cover frame + caption),151-400,4-10,500k-1M,0.625,1.1963636363636363,middle
DXfo1kCCWpx,roxy_carretero,23200.0,23.2K,bedroom-decor;dream-bedroom-decor-ideas,"Comment ""SHOP"" for links 🔗💌 Así va quedando la habitación 🥰✨ #bedroomdecor #cozybedroom",https://www.instagram.com/reel/DXfo1kCCWpx/,https://www.instagram.com/popular/bedroom-decor/,0.029554140127388533,0.16666666666666666,2,luxury_room;room_generic,luxury_room,2026-04-24T00:30:03.741000+00:00,2026,153,0,Fri,ok,ok,reel,54K followers,54000.0,525.0,516.0,63.0,440,5,False,4,0,True,True,"Comment ""SHOP"" for links 🔗💌 Así va quedando la habitación 🥰✨ #bedroomdecor #cozybedroom #bedroominspo #neutralhome #cozyhomevibes homedecorideas bedroomgoals minimalhome aestheticroom warmhome softaesthetic homestyle interiorinspo cozycorners bedroomstyling modernhome neutraldecor homeinspiration cleanaesthetic bedroomdetails amazonhomefinds ltkhome shopmyhome homelinks reelsinstagram reelsviral explorepage fyp viralreels homedecorreels",cover-v2-embed,cover_r09_112.json,bedroom,none_visible,none,minimalist,,warm,medium,mixed,False,False,,real_existing,real_footage,"smartphone photo of a lived-in room: carpet, window blinds, real mirror reflection and sensor noise",high,medium,"Soft warm-glow bedroom corner with ruffle paper pendant and backlit arched floor mirror; relatable, shoppable decor.",promotional,"Comment ""SHOP"" for links 🔗💌 Así va quedando la habitación 🥰✨ #bedroomdecor #cozybedroom #bedroominspo #neutralhome #cozy",comment_keyword,,,False,lifestyle_influencer,es,bedroom,white;beige;gold;grey,fabric;glass,none,bed_focus,54000.0,embed_reel,0.42962962962962964,1_NORMAL,0.02224137931034483,0.0027155172413793104,0.12209302325581395,151.63398692810458,-1.229781616229042,0.05891398282066905,,,,"VERIFIED (public topic page, rounded)","VERIFIED (public embed, rounded, at fetch)",ESTIMATED (AI-assisted coding of cover frame + caption),401-1000,4-10,10k-100k,0.2,0.034421364985163204,bottom50
DMfatntsTfn,interior_home_design1,22100.0,22.1K,cliff-house,What do you think of this design? By: @whatif.real @interior_home_design1 #luxuryliving,https://www.instagram.com/reel/DMfatntsTfn/,https://www.instagram.com/popular/cliff-house/,1.2043596730245232,0.5833333333333334,1,unusual_home,unusual_home,2025-07-24T12:41:18.516000+00:00,2025,427,12,Thu,ok,ok,reel,688K followers,688000.0,2699.0,457.0,14.0,452,25,True,0,2,False,False,What do you think of this design? By: @whatif.real @interior_home_design1  #luxuryliving #dreamhome #modernarchitecture #architecturalphotography #epiclandscapes #scenicviews #luxurylifestyle #naturelovers #wanderlust #earthfocus #exploretheworld #designinspiration #architecturelovers #naturelsart #luxuryrealestate #architecturaldesign #landscapelovers #ourplanetdaily #homegoals #travelgoals #aiart #aiarchitecture #lighthouse #lighthouses #seastorm,cover-v2-embed,cover_r00_011.json,exterior_facade,unusual_structure,cliff,modern_luxury,traditional_regional,cool,medium,overcast_rain,False,False,📍glass cabin built in old lighthouse in Spain,stylized_dreamy,ai_generated,"caption hashtags #aiart #aiarchitecture, credited to @whatif.real; idealized storm scene with render-smooth surfaces",low,high,Warm-lit glass cabin wrapped around an old stone lighthouse on a cliff with huge storm waves crashing below is a dramatic fantasy-escape image.,question,What do you think of this design?,question_engagement,Spain,,True,theme_page,en,exterior_facade;dining;living_room,blue;grey;white;brown,glass;natural_stone;water;metal,ocean_waves,text_overlay;exterior_reveal;unusual_architecture;dramatic_scale,688000.0,embed_reel,0.03212209302325581,1_NORMAL,0.02067873303167421,0.0006334841628959276,0.030634573304157548,51.75644028103044,-0.7462846648506871,0.17935576271364387,Ibiza/Spain,,Ibiza/Spain,"VERIFIED (public topic page, rounded)","VERIFIED (public embed, rounded, at fetch)",ESTIMATED (AI-assisted coding of cover frame + caption),401-1000,21+,500k-1M,0.5,0.8036363636363636,bottom50
DDuP9CtudEZ,interior_home_design1,20900.0,20.9K,desert-modern-house-tours,What are your thoughts on this modern bungalow in desert ? By: @hut @interior_home_design1 #interiordesign #home #resorts #lasvegas #luxurylifestyle #,https://www.instagram.com/reel/DDuP9CtudEZ/,https://www.instagram.com/popular/desert-modern-house-tours/,0.440463645943098,0.3333333333333333,1,unusual_home,unusual_home,2024-12-18T14:13:21.332000+00:00,2024,645,14,Wed,ok,ok,reel,688K followers,688000.0,2699.0,918.0,9.0,272,17,True,0,2,False,False,What are your thoughts on this modern bungalow in desert ?  By: @hut @interior_home_design1  #interiordesign #home #resorts #lasvegas #luxurylifestyle #desert #arizona #house #mansion #ai #aiart #aiarchitecture #midjourney #homedecor #homedesign #architecture #archilovers,cover-v2-embed,cover_r00_006.json,exterior_facade,house,desert,modern_luxury,organic_modern,warm,medium,golden_hour,False,False,,aspirational_realistic,ai_generated,caption hashtags #ai #aiart #aiarchitecture #midjourney,low,high,Glowing glass-fronted stone bungalow with an infinity pool among desert boulders at dusk; a striking exterior reveal.,question,What are your thoughts on this modern bungalow in desert ?,question_engagement,,,True,theme_page,en,exterior_facade;pool;terrace_outdoor;living_room,beige;orange;grey;blue,natural_stone;glass;water;concrete,none,exterior_reveal;pool,688000.0,embed_reel,0.030377906976744185,1_NORMAL,0.04392344497607655,0.000430622009569378,0.00980392156862745,32.4031007751938,-1.0396347115876108,0.09127782613495333,,,,"VERIFIED (public topic page, rounded)","VERIFIED (public embed, rounded, at fetch)",ESTIMATED (AI-assisted coding of cover frame + caption),151-400,11-20,500k-1M,0.375,0.76,bottom50
DKKJ1woOWme,interior_home_design1,16100.0,16.1K,future-home,Cliffside Escape with Swinging Beds By: @luxquisit @interior_home_design1 #interiordesign,https://www.instagram.com/reel/DKKJ1woOWme/,https://www.instagram.com/popular/future-home/,0.08821917808219178,0.25,1,future_arch,future_arch,2025-05-27T13:27:01.929000+00:00,2025,485,13,Tue,ok,ok,reel,688K followers,688000.0,2699.0,730.0,14.0,179,11,False,0,2,False,False,Cliffside Escape with Swinging Beds By: @luxquisit @interior_home_design1  #interiordesign #home #ai #house #aiart #architecture #homedesign #homedecor #luxury #travel #dreamhouse,cover-v2-embed,cover_r11_130.json,exterior_facade,unusual_structure,cliff,rustic_cozy,warm_luxury,neutral,dark,blue_hour,False,False,,stylized_dreamy,ai_generated,caption tags #ai #aiart and credits AI creator @luxquisit; smooth render-like stone tower fused into cliff overhang,low,high,A multi-storey stone tower with glowing amber windows clinging to a sheer cliff at dusk creates an instant 'does this exist?' moment.,descriptive,Cliffside Escape with Swinging Beds,none,,,True,theme_page,en,exterior_facade,grey;dark green;orange,natural_stone;glass;metal;plants,none,exterior_reveal;unusual_architecture;dramatic_scale,688000.0,embed_reel,0.023401162790697674,1_NORMAL,0.0453416149068323,0.0008695652173913044,0.019178082191780823,33.1958762886598,-1.324519174086427,0.04736753949605943,,,,"VERIFIED (public topic page, rounded)","VERIFIED (public embed, rounded, at fetch)",ESTIMATED (AI-assisted coding of cover frame + caption),151-400,11-20,500k-1M,0.25,0.5854545454545454,bottom50
DKZqtdnNMBk,interior_home_design1,15700.0,15.7K,futuristic-house,Majestic White Mansion Above the Mountains By: @luxquisit @interior_home_design1 #ai #house #home #interiordesign,https://www.instagram.com/reel/DKZqtdnNMBk/,https://www.instagram.com/popular/futuristic-house/,0.039103362391033625,0.16666666666666666,1,future_arch,future_arch,2025-06-02T14:02:51.943000+00:00,2025,479,14,Mon,ok,ok,reel,688K followers,688000.0,2699.0,598.0,9.0,179,10,False,0,2,False,False,Majestic White Mansion Above the Mountains  By: @luxquisit @interior_home_design1  #ai #house #home #interiordesign #aiart #architecture #homedesign #travel #luxury #homesweethome,cover-v2-embed,cover_r09_106.json,exterior_facade,mansion,cliff,classical_luxury,neoclassical,cool,medium,blue_hour,False,False,,stylized_dreamy,ai_generated,caption hashtags #ai and #aiart; idealized white palace cantilevered over a cliff,low,high,Aerial dusk view of a glowing white arched-window mansion with rooftop pool clinging to a cliff edge above a valley town.,aspirational,Majestic White Mansion Above the Mountains,none,,,True,theme_page,en,exterior_facade;terrace_outdoor;pool,white;grey;green;gold,natural_stone;marble;plaster;glass;water;plants,city_lights,exterior_reveal;unusual_architecture;dramatic_scale;pool,688000.0,embed_reel,0.022819767441860466,1_NORMAL,0.038089171974522294,0.0005732484076433121,0.015050167224080268,32.77661795407098,-1.2270826680619509,0.05928124718390597,,,,"VERIFIED (public topic page, rounded)","VERIFIED (public embed, rounded, at fetch)",ESTIMATED (AI-assisted coding of cover frame + caption),151-400,4-10,500k-1M,0.125,0.5709090909090909,bottom50
DOWAQw0kdBU,harmosai,15200.0,15.2K,futuristic-house;luxury-modern-beautiful-house;modern-villa;ultra-modern-luxury-house-design,"True architectural mastery doesn't just create a structure; it frames a perspective. ​This black modern villa exemplifies minimalist design, using cle",https://www.instagram.com/reel/DOWAQw0kdBU/,https://www.instagram.com/popular/modern-villa/,0.061788617886178863,0.08333333333333333,4,future_arch;luxury_home,future_arch,2025-09-08T13:59:48.034000+00:00,2025,381,13,Mon,ok,ok,reel,57K followers,57000.0,3672.0,545.0,,561,5,False,0,0,False,False,"True architectural mastery doesn't just create a structure; it frames a perspective.  ​This black modern villa exemplifies minimalist design, using clean lines and dark tones to create a powerful contrast against the canvas of a magical, star-filled sky. It's a testament to the idea that a home can be both a sanctuary and a viewpoint for the wonders of the universe.  ​This is where modern luxury meets celestial beauty, a perfect fusion of sophisticated design and natural awe. ​ #Architecture #ModernDesign #LuxuryRealEstate #HomeInspiration #MinimalistHome",cover-v2-embed,cover_r03_042.json,exterior_facade,villa,none,modern_luxury,dark_luxury,cool,dark,blue_hour,False,False,,aspirational_realistic,ai_generated,Midjourney-style architecture image with soft melted plant and railing detail; letterboxed low-res frame; account name contains 'ai'; caption does not say AI,low,medium,"Black stone modern villa at blue hour with LED strip-lit cantilevers, glowing glass rooms and lit stairs under dramatic clouds, letterboxed with black bars.",aspirational,True architectural mastery doesn't just create a structure; it frames a perspective.,none,,,False,ai_creator,en,exterior_facade;terrace_outdoor;living_room,black;grey;blue;gold,natural_stone;glass;concrete;metal;plants,none,exterior_reveal,57000.0,embed_reel,0.26666666666666666,1_NORMAL,0.03585526315789474,,,39.89501312335958,-0.735228295939909,0.1839804615612276,,,,"VERIFIED (public topic page, rounded)","VERIFIED (public embed, rounded, at fetch)",ESTIMATED (AI-assisted coding of cover frame + caption),401-1000,4-10,10k-100k,0.42857142857142855,0.03247863247863248,bottom50
DMdeL4IR17d,harmosai,15000.0,15K,los-angeles-house,"Experience the unparalleled lifestyle of Los Angeles. From iconic luxury estates to vibrant urban living, discover a diverse real estate market with e",https://www.instagram.com/reel/DMdeL4IR17d/,https://www.instagram.com/popular/los-angeles-house/,0.061224489795918366,0.09090909090909091,1,location,location,2025-07-23T18:33:10.377000+00:00,2025,428,18,Wed,ok,ok,reel,57K followers,57000.0,3672.0,744.0,24.0,322,7,False,0,0,False,False,"Experience the unparalleled lifestyle of Los Angeles. From iconic luxury estates to vibrant urban living, discover a diverse real estate market with endless opportunities. Find your piece of the California dream in LA! #LARealEstate #LosAngelesProperty #LuxuryHomes #CaliforniaLiving #InvestInLA #DreamHome #HollywoodHills",cover-v2-embed,cover_r10_122.json,exterior_facade,mansion,ocean_beach,modern_luxury,minimalist,cool,bright,daylight,False,False,,aspirational_realistic,ai_generated,"smooth synthetic aerial with soft, slightly melted detail on trees and roof panels typical of AI video; account name 'harmosai' and high post count; caption does not state AI",low,high,"Aerial of a huge white modernist mansion with solar roof, glass volumes and pool deck on a hilltop over a wide blue ocean.",aspirational,"Experience the unparalleled lifestyle of Los Angeles. From iconic luxury estates to vibrant urban living, discover a div",none,Los Angeles / Hollywood Hills,,False,ai_creator,en,exterior_facade;pool;terrace_outdoor,white;blue;grey;black,concrete;glass;water;plants;metal,none,exterior_reveal;pool;dramatic_scale,57000.0,embed_reel,0.2631578947368421,1_NORMAL,0.0496,0.0016,0.03225806451612903,35.046728971962615,-0.602659875053376,0.24965491755226485,Los Angeles/California,Los Angeles/California,Los Angeles/California,"VERIFIED (public topic page, rounded)","VERIFIED (public embed, rounded, at fetch)",ESTIMATED (AI-assisted coding of cover frame + caption),151-400,4-10,10k-100k,0.2857142857142857,0.03205128205128205,bottom50
DPvidSqDrUT,harmosai,9648.0,"9,648",modern-architecture,The Monolith of Grace: Redefining Form in Luxury Architecture We're sharing a conceptual visi,https://www.instagram.com/reel/DPvidSqDrUT/,https://www.instagram.com/popular/modern-architecture/,0.003270508474576271,0.08333333333333333,1,architecture,architecture,2025-10-13T08:31:00.909000+00:00,2025,346,8,Mon,ok,ok,reel,57K followers,57000.0,3672.0,456.0,,953,8,False,0,0,False,False,"The Monolith of Grace: Redefining Form in Luxury Architecture  We're sharing a conceptual vision where brutalist precision achieves minimalist grace. This towering geometric villa, captured here in ultra-detailed realism, is a masterclass in challenging conventional design constraints.  Observe the monolithic symmetry and the strategic use of cantilevered terraces that appear to float, integrating sculpted greenery into the structure itself. The design achieves a seamless fusion of earth and structure, culminating in an infinity pool that dissolves into the horizon.  This project exemplifies the power of Architectural Storytelling, where light, shadow, and geometry combine to create a monumental sculpture of enduring value. A true benchmark for next-generation luxury residential design.  #ArchitectureDesign #LuxuryRealEstate #BrutalistArchitecture #MinimalistDesign #DesignInnovation #ArchitecturalStorytelling #FutureOfLiving #HighEndDesign",cover-v2-embed,cover_r03_044.json,exterior_facade,villa,forest,brutalist,modern_luxury,neutral,medium,golden_hour,False,False,,stylized_dreamy,ai_generated,AI-image account (handle harmosai); smeared vegetation and render-smooth surfaces; caption calls it a 'conceptual vision' without saying AI,low,high,Stacked concrete monolith villa with a cantilevered infinity pool and planted terraces above a pine forest at low sun.,descriptive,The Monolith of Grace: Redefining Form in Luxury Architecture,none,,,False,ai_creator,en,exterior_facade;pool;terrace_outdoor;living_room,grey;black;green;gold,concrete;glass;wood;water;plants,none,exterior_reveal;pool;unusual_architecture,57000.0,embed_reel,0.16926315789473684,1_NORMAL,0.0472636815920398,,,27.884393063583815,-2.136746424900659,0.007298835489897782,,,,"VERIFIED (public topic page, rounded)","VERIFIED (public embed, rounded, at fetch)",ESTIMATED (AI-assisted coding of cover frame + caption),401-1000,4-10,10k-100k,0.14285714285714285,0.020615384615384615,bottom50
