handle,n_reels_sample,followers,posts,median_views,max_views,sum_views,median_vpf,max_vpf,median_topic_index,median_adj_factor,first_post_seen,last_post_seen,topics,account_kind,production_mode,style_mode,room_mode,realism_mode,language_mode,share_ai_generated,top_reel_url,instagram_url,follower_status,views_status
siyad_abdali,6,4000000.0,2110.0,4550000.0,282000000.0,402716000.0,1.1375,70.5,29.296569456149292,5.672994753218346,2024-07-11T16:46:11.537000+00:00,2026-01-20T13:51:09.900000+00:00,ai-house-design;cozy-winter-cabin;dream-bedroom;dream-home;dream-room;modern-living-room,ai_creator,ai_generated,glam_feminine,bedroom,stylized_dreamy,en,1.0,https://www.instagram.com/reel/C_Pf1dboaeJ/,https://www.instagram.com/siyad_abdali/,"VERIFIED (public embed page, rounded, 2026-09-25)","VERIFIED (public topic pages; sample, not full account history)"
drcozyvibes,3,584000.0,978.0,421000.0,155000000.0,155672000.0,0.5753424657534247,0.7208904109589042,7.943396226415095,2.0055588481116127,2024-07-02T15:20:06.780000+00:00,2024-08-11T14:25:16.981000+00:00,cozy-cabin-in-the-snow;cozy-rain;cozy-winter-cabin;glass-house-photos,theme_page,ai_generated,rustic_cozy,bedroom,stylized_dreamy,en,1.0,https://www.instagram.com/reel/C87NQHRtm6B/,https://www.instagram.com/drcozyvibes/,"VERIFIED (public embed page, rounded, 2026-09-25)","VERIFIED (public topic pages; sample, not full account history)"
ai.poly_,1,14000.0,30.0,147000000.0,147000000.0,147000000.0,10500.0,10500.0,55.471698113207545,209.32636842618368,2026-05-22T10:17:27.635000+00:00,2026-05-22T10:17:27.635000+00:00,ai-art,ai_creator,ai_generated,other,none_person_only,stylized_dreamy,ru,1.0,https://www.instagram.com/reel/DYoyUS9NlAr/,https://www.instagram.com/ai.poly_/,"VERIFIED (public embed page, rounded, 2026-09-25)","VERIFIED (public topic pages; sample, not full account history)"
ifonly.ai,1,1000000.0,419.0,136000000.0,136000000.0,136000000.0,136.0,136.0,974.561089215335,199.63901341458137,2024-08-22T10:30:00.193000+00:00,2024-08-22T10:30:00.193000+00:00,ai-house-design,ai_creator,,,,,en,,https://www.instagram.com/reel/C--Al6UA6GE/,https://www.instagram.com/ifonly.ai/,"VERIFIED (public embed page, rounded, 2026-09-25)","VERIFIED (public topic pages; sample, not full account history)"
paulmarkkitchens,3,304000.0,865.0,68350000.0,135000000.0,136700000.0,224.83552631578948,444.07894736842104,89.46335078534031,44.00688418300375,2024-10-15T20:07:50.112000+00:00,2025-05-23T18:26:41.369000+00:00,outdoor-kitchen,brand_manufacturer,real_footage,modern_luxury,exterior_facade,real_existing,en,0.0,https://www.instagram.com/reel/DBKFpVDoZzM/,https://www.instagram.com/paulmarkkitchens/,"VERIFIED (public embed page, rounded, 2026-09-25)","VERIFIED (public topic pages; sample, not full account history)"
polliviva,1,48000.0,264.0,97200000.0,97200000.0,97200000.0,2025.0,2025.0,36.679245283018865,77.78643904203986,2026-07-05T18:15:35.657000+00:00,2026-07-05T18:15:35.657000+00:00,ai-art,ai_creator,ai_generated,other,bathroom,fantasy_impossible,ru,1.0,https://www.instagram.com/reel/Daa8AwIMNMt/,https://www.instagram.com/polliviva/,"VERIFIED (public embed page, rounded, 2026-09-25)","VERIFIED (public topic pages; sample, not full account history)"
sandiwara_multiverse.99,1,402000.0,79.0,85200000.0,85200000.0,85200000.0,211.9402985074627,211.9402985074627,32.15094339622642,19.129861119595144,2026-07-20T00:42:50.114000+00:00,2026-07-20T00:42:50.114000+00:00,treehouse,ai_creator,ai_generated,traditional_regional,exterior_facade,stylized_dreamy,en,1.0,https://www.instagram.com/reel/Da_rdPUj1jN/,https://www.instagram.com/sandiwara_multiverse.99/,"VERIFIED (public embed page, rounded, 2026-09-25)","VERIFIED (public topic pages; sample, not full account history)"
cairo_ia,1,944000.0,219.0,81100000.0,81100000.0,81100000.0,85.91101694915254,85.91101694915254,419.12144702842374,164.2719904473151,2026-03-08T22:04:50.481000+00:00,2026-03-08T22:04:50.481000+00:00,outdoor-living,ai_creator,ai_generated,rustic_cozy,terrace_outdoor,aspirational_realistic,en,1.0,https://www.instagram.com/reel/DVo7prsEaRf/,https://www.instagram.com/cairo_ia/,"VERIFIED (public embed page, rounded, 2026-09-25)","VERIFIED (public topic pages; sample, not full account history)"
manhwa_diablo,2,331000.0,115.0,39552000.0,78400000.0,79104000.0,119.49244712990937,236.85800604229607,37.056907780185966,26.292484643443736,2026-01-29T04:07:14.389000+00:00,2026-02-25T04:12:36.429000+00:00,backyard-design;garden-design;landscape-design;luxury-garden,theme_page,ai_generated,modern_luxury,garden_landscape,aspirational_realistic,en,0.5,https://www.instagram.com/reel/DUFKH1-CZmG/,https://www.instagram.com/manhwa_diablo/,"VERIFIED (public embed page, rounded, 2026-09-25)","VERIFIED (public topic pages; sample, not full account history)"
shellychicboutique,1,,,77200000.0,77200000.0,77200000.0,,,55.142857142857146,,2026-02-26T11:12:55.927000+00:00,2026-02-26T11:12:55.927000+00:00,home-decor-ideas,,,,,,,,https://www.instagram.com/reel/DVOBGNPERF3/,https://www.instagram.com/shellychicboutique/,UNKNOWN,"VERIFIED (public topic pages; sample, not full account history)"
kellmarcel,1,126000.0,443.0,74900000.0,74900000.0,74900000.0,594.4444444444445,594.4444444444445,53.5,37.16266229434203,2024-07-07T16:10:35.311000+00:00,2024-07-07T16:10:35.311000+00:00,home-decor-ideas,lifestyle_influencer,real_footage,minimalist,living_room,real_existing,en,0.0,https://www.instagram.com/reel/C9ILALrMKjw/,https://www.instagram.com/kellmarcel/,"VERIFIED (public embed page, rounded, 2026-09-25)","VERIFIED (public topic pages; sample, not full account history)"
natural_._scenery,1,,,74100000.0,74100000.0,74100000.0,,,131.9679430097952,,2025-04-06T17:40:39.747000+00:00,2025-04-06T17:40:39.747000+00:00,cozy-rain;rain-cozy,theme_page,real_footage,other,bedroom,real_existing,en,0.0,https://www.instagram.com/reel/DIHSUx1PJ8j/,https://www.instagram.com/natural_._scenery/,UNKNOWN,"VERIFIED (public topic pages; sample, not full account history)"
clarazrd,2,297000.0,282.0,36800000.0,72100000.0,73600000.0,123.9057239057239,242.76094276094275,27.4816091954023,18.04413267953991,2024-11-17T17:47:59.527000+00:00,2025-07-21T16:39:27.750000+00:00,luxury-penthouse;penthouse-tour,lifestyle_influencer,real_footage,minimalist,living_room,real_existing,en,0.0,https://www.instagram.com/reel/DMYHlSWuqZK/,https://www.instagram.com/clarazrd/,"VERIFIED (public embed page, rounded, 2026-09-25)","VERIFIED (public topic pages; sample, not full account history)"
syifa_in_switzerland,3,3000000.0,2642.0,6600000.0,71800000.0,78617000.0,12.002833333333333,23.933333333333334,8.997955010224949,33.534863845204924,2025-08-20T08:08:32.598000+00:00,2026-03-16T10:45:56.209000+00:00,swiss-chalet,lifestyle_influencer,real_footage,traditional_regional,garden_landscape,real_existing,en,0.0,https://www.instagram.com/reel/DSzbGfUjOwu/,https://www.instagram.com/syifa_in_switzerland/,"VERIFIED (public embed page, rounded, 2026-09-25)","VERIFIED (public topic pages; sample, not full account history)"
travelwithjaro,1,1000000.0,874.0,66500000.0,66500000.0,66500000.0,66.5,66.5,95.68345323741008,27.743107133350787,2026-04-23T02:16:04.606000+00:00,2026-04-23T02:16:04.606000+00:00,maldives-villa,lifestyle_influencer,real_footage,tropical,exterior_facade,real_existing,en,0.0,https://www.instagram.com/reel/DXdQLKSjlH2/,https://www.instagram.com/travelwithjaro/,"VERIFIED (public embed page, rounded, 2026-09-25)","VERIFIED (public topic pages; sample, not full account history)"
timelessdiaries,1,65000.0,977.0,60700000.0,60700000.0,60700000.0,933.8461538461538,933.8461538461538,113.35200746965452,198.19518388417197,2026-08-11T14:59:38.088000+00:00,2026-08-11T14:59:38.088000+00:00,faroe-islands-luxury-villas,theme_page,real_footage,traditional_regional,exterior_facade,real_existing,en,0.0,https://www.instagram.com/reel/Db52_4HxXQE/,https://www.instagram.com/timelessdiaries/,"VERIFIED (public embed page, rounded, 2026-09-25)","VERIFIED (public topic pages; sample, not full account history)"
earthfm_net,2,757000.0,208.0,35300000.0,58500000.0,70600000.0,46.63143989431968,77.2787318361955,10.231884057971014,2.743491529818631,2024-05-22T13:46:57.897000+00:00,2024-05-28T12:30:28.086000+00:00,rainy-day,theme_page,unclear,minimalist,bedroom,aspirational_realistic,en,0.0,https://www.instagram.com/reel/C7gyA-OyA7m/,https://www.instagram.com/earthfm_net/,"VERIFIED (public embed page, rounded, 2026-09-25)","VERIFIED (public topic pages; sample, not full account history)"
interiorbyuma22,1,295000.0,455.0,55500000.0,55500000.0,55500000.0,188.135593220339,188.135593220339,70.70063694267516,41.863718258796865,2026-06-11T06:30:38.864000+00:00,2026-06-11T06:30:38.864000+00:00,dream-bedroom-decor-ideas;luxury-interior-design,designer_studio,3d_render,futuristic,bedroom,stylized_dreamy,en,0.0,https://www.instagram.com/reel/DZb4Qkbhr9V/,https://www.instagram.com/interiorbyuma22/,"VERIFIED (public embed page, rounded, 2026-09-25)","VERIFIED (public topic pages; sample, not full account history)"
architectanddesign,2,8400000.0,6771.0,28800000.0,55200000.0,57600000.0,3.592857142857143,6.9,8.664725643896976,1.5199889564665034,2024-08-19T14:00:12.567000+00:00,2026-03-14T10:00:16.772000+00:00,architecture;rooftop-pool,media_publication,real_footage,futuristic,exterior_facade,real_existing,en,0.0,https://www.instagram.com/reel/DV3FgFVjJLx/,https://www.instagram.com/architectanddesign/,"VERIFIED (public embed page, rounded, 2026-09-25)","VERIFIED (public topic pages; sample, not full account history)"
alshifarealtor.dxb,1,47000.0,115.0,54300000.0,54300000.0,54300000.0,1155.3191489361702,1155.3191489361702,170.21943573667713,138.70008649328665,2026-09-12T14:53:50.244000+00:00,2026-09-12T14:53:50.244000+00:00,dubai-villa,real_estate,real_footage,modern_luxury,exterior_facade,real_existing,en,0.0,https://www.instagram.com/reel/DdMPxaloS3f/,https://www.instagram.com/alshifarealtor.dxb/,"VERIFIED (public embed page, rounded, 2026-09-25)","VERIFIED (public topic pages; sample, not full account history)"
swissaround,2,3000000.0,660.0,27300000.0,49200000.0,54600000.0,9.1,16.4,37.218813905930475,25.4246020515738,2022-10-01T12:42:35.973000+00:00,2023-10-28T12:46:35.901000+00:00,swiss-chalet,lifestyle_influencer,real_footage,traditional_regional,exterior_facade,real_existing,en,0.0,https://www.instagram.com/reel/CjK-ec2DtzZ/,https://www.instagram.com/swissaround/,"VERIFIED (public embed page, rounded, 2026-09-25)","VERIFIED (public topic pages; sample, not full account history)"
gautamsinghania99,1,12000000.0,2067.0,48700000.0,48700000.0,48700000.0,4.058333333333334,4.058333333333334,439.53068592057764,20.085031210616425,2026-03-05T04:11:32.460000+00:00,2026-03-05T04:11:32.460000+00:00,real-estate,real_estate,3d_render,modern_luxury,exterior_facade,aspirational_realistic,en,0.0,https://www.instagram.com/reel/DVfSb-Jkk-a/,https://www.instagram.com/gautamsinghania99/,"VERIFIED (public embed page, rounded, 2026-09-25)","VERIFIED (public topic pages; sample, not full account history)"
soothenests,4,2000000.0,2119.0,6950000.0,45100000.0,61500000.0,3.4749999999999996,22.55,16.436268198698105,3.334233439290731,2024-08-29T10:01:37.317000+00:00,2025-09-18T12:16:00.243000+00:00,ai-cozy-cabin;dream-bedroom;dream-bedrooms;luxury-bedroom,theme_page,ai_generated,biophilic,bedroom,stylized_dreamy,en,1.0,https://www.instagram.com/reel/DBWhf0koR7_/,https://www.instagram.com/soothenests/,"VERIFIED (public embed page, rounded, 2026-09-25)","VERIFIED (public topic pages; sample, not full account history)"
karissa.brighton,2,,,19198000.0,37700000.0,38396000.0,,,24.148427672955975,,2025-01-06T19:58:55.688000+00:00,2025-03-30T21:03:05.598000+00:00,amazon-home-finds,,,,,,,,https://www.instagram.com/reel/DH1n7TSuL-3/,https://www.instagram.com/karissa.brighton/,UNKNOWN,"VERIFIED (public topic pages; sample, not full account history)"
longingtocomehome,1,130000.0,174.0,36000000.0,36000000.0,36000000.0,276.9230769230769,276.9230769230769,56.60377358490566,48.072433526165945,2025-02-19T13:26:48.847000+00:00,2025-02-19T13:26:48.847000+00:00,home-library,lifestyle_influencer,real_footage,classical_luxury,other,real_existing,en,0.0,https://www.instagram.com/reel/DGQYtSbOz6S/,https://www.instagram.com/longingtocomehome/,"VERIFIED (public embed page, rounded, 2026-09-25)","VERIFIED (public topic pages; sample, not full account history)"
aiforarchitects,7,1000000.0,513.0,2000000.0,34700000.0,43403000.0,2.0,34.7,4.621676891615542,1.3395491968568207,2024-06-10T17:12:33.527000+00:00,2026-08-20T15:06:44.871000+00:00,dream-home;jamesedition-luxury-homes;los-angeles-house;luxury-mansion;luxury-real-estate-mansion-exterior;luxury-resort;miami-mansion,ai_creator,ai_generated,classical_luxury,exterior_facade,aspirational_realistic,en,1.0,https://www.instagram.com/reel/DHBihXfMPDA/,https://www.instagram.com/aiforarchitects/,"VERIFIED (public embed page, rounded, 2026-09-25)","VERIFIED (public topic pages; sample, not full account history)"
elysian__living,1,1000000.0,587.0,34000000.0,34000000.0,34000000.0,34.0,34.0,9.855072463768115,2.3198599176949455,2026-04-19T22:54:23.784000+00:00,2026-04-19T22:54:23.784000+00:00,rainy-day,lifestyle_influencer,real_footage,organic_modern,living_room,real_existing,en,0.0,https://www.instagram.com/reel/DXVKtYnjXXe/,https://www.instagram.com/elysian__living/,"VERIFIED (public embed page, rounded, 2026-09-25)","VERIFIED (public topic pages; sample, not full account history)"
archstudent.marteen,2,51000.0,51.0,18850000.0,32000000.0,37700000.0,369.6078431372549,627.4509803921569,1.6042553191489362,2.0116634753148643,2025-12-27T18:13:28.040000+00:00,2026-03-24T17:23:43.261000+00:00,architecture,lifestyle_influencer,real_footage,other,other,real_existing,en,0.0,https://www.instagram.com/reel/DSxsu7HiQdV/,https://www.instagram.com/archstudent.marteen/,"VERIFIED (public embed page, rounded, 2026-09-25)","VERIFIED (public topic pages; sample, not full account history)"
nice_tower,2,,,18400000.0,31500000.0,36800000.0,,,1.5659574468085107,,2026-02-05T20:28:24.312000+00:00,2026-03-05T12:02:47.286000+00:00,architecture,,,,,,,,https://www.instagram.com/reel/DVgIXfOiIOq/,https://www.instagram.com/nice_tower/,UNKNOWN,"VERIFIED (public topic pages; sample, not full account history)"
pupina,1,159000.0,3061.0,29000000.0,29000000.0,29000000.0,182.38993710691824,182.38993710691824,17.575757575757574,35.607018976676166,2024-01-18T17:26:52.964000+00:00,2024-01-18T17:26:52.964000+00:00,amalfi-coast,lifestyle_influencer,real_footage,mediterranean,exterior_facade,real_existing,other,0.0,https://www.instagram.com/reel/C2P_zWltLff/,https://www.instagram.com/pupina/,"VERIFIED (public embed page, rounded, 2026-09-25)","VERIFIED (public topic pages; sample, not full account history)"
homebyhyla,1,168000.0,94.0,28600000.0,28600000.0,28600000.0,170.23809523809524,170.23809523809524,435.9756097560976,43.571619144791825,2024-02-03T17:45:17.123000+00:00,2024-02-03T17:45:17.123000+00:00,ai-home-design;ai-interior;ai-interior-design;ai-interior-designer,designer_studio,3d_render,organic_modern,living_room,aspirational_realistic,fr,0.0,https://www.instagram.com/reel/C25OoI1IRag/,https://www.instagram.com/homebyhyla/,"VERIFIED (public embed page, rounded, 2026-09-25)","VERIFIED (public topic pages; sample, not full account history)"
north_cascades_haven,2,,,14079000.0,27900000.0,28158000.0,,,69.47393605452041,,2026-02-28T18:17:32.748000+00:00,2026-08-13T17:26:50.026000+00:00,cabin;cozy-cabin-in-the-snow,,,,,,,,https://www.instagram.com/reel/Db_Rbvopxsw/,https://www.instagram.com/north_cascades_haven/,UNKNOWN,"VERIFIED (public topic pages; sample, not full account history)"
shri_bk_babu,1,355000.0,127.0,26800000.0,26800000.0,26800000.0,75.49295774647888,75.49295774647888,9.084745762711865,8.618607211661956,2026-06-18T03:49:22.548000+00:00,2026-06-18T03:49:22.548000+00:00,modern-architecture,ai_creator,ai_generated,other,exterior_facade,fantasy_impossible,en,1.0,https://www.instagram.com/reel/DZtnXgNxk_G/,https://www.instagram.com/shri_bk_babu/,"VERIFIED (public embed page, rounded, 2026-09-25)","VERIFIED (public topic pages; sample, not full account history)"
diniz_nasaroba,2,293000.0,52.0,13100000.0,25000000.0,26200000.0,44.7098976109215,85.32423208191126,15.477351055211523,8.43247152052142,2026-03-27T15:02:12.746000+00:00,2026-03-30T14:47:44.393000+00:00,garden-design;luxury-garden,ai_creator,ai_generated,tropical,garden_landscape,aspirational_realistic,en,1.0,https://www.instagram.com/reel/DWZGY4YjvrK/,https://www.instagram.com/diniz_nasaroba/,"VERIFIED (public embed page, rounded, 2026-09-25)","VERIFIED (public topic pages; sample, not full account history)"
sunt_mrr,9,2000000.0,728.0,2900000.0,24500000.0,48324900.0,1.45,12.25,20.78108204944464,3.090435969563165,2024-09-04T12:06:50.509000+00:00,2026-04-30T16:54:54.191000+00:00,ai-generated-house;ai-house-design;bali-infinity-pool-villas;bali-luxury-villas-with-private-pools;cliff-house;faroe-islands-luxury-villas;future-house;futuristic-houses;overwater-villa;tropical-house-architecture-styles;underwater-hotel;waterfall-house,ai_creator,ai_generated,tropical,exterior_facade,stylized_dreamy,en,1.0,https://www.instagram.com/reel/DNS1_gYMh2a/,https://www.instagram.com/sunt_mrr/,"VERIFIED (public embed page, rounded, 2026-09-25)","VERIFIED (public topic pages; sample, not full account history)"
elitebuildhq,6,2000000.0,317.0,4000000.0,24000000.0,49977000.0,2.0,12.0,7.080430235048015,2.666877541903806,2026-04-09T00:08:51.968000+00:00,2026-07-31T17:16:01.279000+00:00,ai-generated-house;container-home-luxury-models-2026;inside-underground-bunker-house;modern-architecture;underground-house,theme_page,ai_generated,industrial,exterior_facade,aspirational_realistic,en,0.6666666666666666,https://www.instagram.com/reel/DW4-fMTiB96/,https://www.instagram.com/elitebuildhq/,"VERIFIED (public embed page, rounded, 2026-09-25)","VERIFIED (public topic pages; sample, not full account history)"
cocinasintegralesjv,1,32000.0,140.0,24000000.0,24000000.0,24000000.0,750.0,750.0,192.30769230769232,78.78081828044174,2025-05-14T15:18:24.930000+00:00,2025-05-14T15:18:24.930000+00:00,walk-in-closet,contractor_trade,real_footage,modern_luxury,closet,real_existing,es,0.0,https://www.instagram.com/reel/DJo4QLktHJz/,https://www.instagram.com/cocinasintegralesjv/,"VERIFIED (public embed page, rounded, 2026-09-25)","VERIFIED (public topic pages; sample, not full account history)"
kohlectcabins,2,434000.0,1624.0,11935300.0,23800000.0,23870600.0,0.16267281105990783,0.16267281105990783,31.406635016211208,0.13975059957594485,2024-07-20T17:43:56.740000+00:00,2026-01-18T13:40:22.776000+00:00,cozy-cabin;mountain-house,theme_page,ai_generated,rustic_cozy,exterior_facade,stylized_dreamy,en,0.5,https://www.instagram.com/reel/C9p0BU1v_q-/,https://www.instagram.com/kohlectcabins/,"VERIFIED (public embed page, rounded, 2026-09-25)","VERIFIED (public topic pages; sample, not full account history)"
lisi.quietdiaries,2,153000.0,128.0,11412000.0,22700000.0,22824000.0,74.58823529411765,148.36601307189542,20.234042553191486,14.815175755564129,2025-11-08T20:34:21.483000+00:00,2026-02-26T21:17:14.664000+00:00,quiet-luxury,lifestyle_influencer,real_footage,minimalist,living_room,real_existing,en,0.0,https://www.instagram.com/reel/DQzx59pEsqO/,https://www.instagram.com/lisi.quietdiaries/,"VERIFIED (public embed page, rounded, 2026-09-25)","VERIFIED (public topic pages; sample, not full account history)"
wayup_media,12,942000.0,3170.0,3050000.0,22700000.0,64442000.0,3.2412327311370883,24.12327311370882,6.183365546480454,2.2285119902504724,2022-12-02T14:03:51.170000+00:00,2026-09-10T12:59:42.505000+00:00,desert-modern-house-tours;dream-home;dream-house;futuristic-house;jamesedition-luxury-homes;luxury-homes;luxury-house-tour;luxury-mansion;luxury-real-estate;luxury-real-estate-mansion-exterior;mansion-tour;mountain-house;real-estate;ultra-modern-luxury-house-design,media_publication,real_footage,modern_luxury,exterior_facade,real_existing,en,0.0,https://www.instagram.com/reel/DQ4OUB3Di0Y/,https://www.instagram.com/wayup_media/,"VERIFIED (public embed page, rounded, 2026-09-25)","VERIFIED (public topic pages; sample, not full account history)"
poool__creator,1,344000.0,115.0,22100000.0,22100000.0,22100000.0,64.24418604651163,64.24418604651163,26.388059701492537,13.141249926730882,2026-03-20T22:02:08.780000+00:00,2026-03-20T22:02:08.780000+00:00,garden-design,contractor_trade,real_footage,other,garden_landscape,real_existing,en,0.0,https://www.instagram.com/reel/DWH04cZjysm/,https://www.instagram.com/poool__creator/,"VERIFIED (public embed page, rounded, 2026-09-25)","VERIFIED (public topic pages; sample, not full account history)"
iz__designs,1,109000.0,74.0,21900000.0,21900000.0,21900000.0,200.91743119266056,200.91743119266056,23.422459893048128,80.78489018618465,2024-05-07T17:17:34.448000+00:00,2024-05-07T17:17:34.448000+00:00,ai-interior-design;ai-interior-designer,designer_studio,3d_render,modern_luxury,living_room,aspirational_realistic,en,0.0,https://www.instagram.com/reel/C6rOLbLriyx/,https://www.instagram.com/iz__designs/,"VERIFIED (public embed page, rounded, 2026-09-25)","VERIFIED (public topic pages; sample, not full account history)"
feliciaheesen,1,1000000.0,516.0,21800000.0,21800000.0,21800000.0,21.8,21.8,15.571428571428571,4.105165074122895,2026-03-12T16:16:59.677000+00:00,2026-03-12T16:16:59.677000+00:00,home-decor-ideas,lifestyle_influencer,real_footage,other,other,real_existing,en,0.0,https://www.instagram.com/reel/DVynBeiCoLa/,https://www.instagram.com/feliciaheesen/,"VERIFIED (public embed page, rounded, 2026-09-25)","VERIFIED (public topic pages; sample, not full account history)"
magnitudeconstruction,1,115000.0,1473.0,21100000.0,21100000.0,21100000.0,183.47826086956522,183.47826086956522,74.95559502664298,52.87313833691576,2024-12-20T15:55:08.139000+00:00,2024-12-20T15:55:08.139000+00:00,luxury-villa,contractor_trade,real_footage,modern_luxury,pool,real_existing,en,0.0,https://www.instagram.com/reel/DDzlMQJCaJL/,https://www.instagram.com/magnitudeconstruction/,"VERIFIED (public embed page, rounded, 2026-09-25)","VERIFIED (public topic pages; sample, not full account history)"
nicolemsunderland,2,,,10547150.0,21000000.0,21094300.0,,,12.667219780275492,,2023-12-21T01:35:48.894000+00:00,2025-03-18T00:18:28.676000+00:00,bora-bora-luxury-hotels;overwater-villa,,,,,,,,https://www.instagram.com/reel/C1GMtBitz8c/,https://www.instagram.com/nicolemsunderland/,UNKNOWN,"VERIFIED (public topic pages; sample, not full account history)"
castlepics,1,,,20000000.0,20000000.0,20000000.0,,,1.702127659574468,,2026-02-06T08:49:59.265000+00:00,2026-02-06T08:49:59.265000+00:00,architecture,,,,,,,,https://www.instagram.com/reel/DUaQ1wEApi4/,https://www.instagram.com/castlepics/,UNKNOWN,"VERIFIED (public topic pages; sample, not full account history)"
ghstudio._,1,928000.0,759.0,19700000.0,19700000.0,19700000.0,21.228448275862068,21.228448275862068,29.27191679049034,13.632659940017039,2025-10-15T06:29:43.490000+00:00,2025-10-15T06:29:43.490000+00:00,house-in-the-forest,other,unclear,other,other,fantasy_impossible,en,0.0,https://www.instagram.com/reel/DP0eKr0joHI/,https://www.instagram.com/ghstudio._/,"VERIFIED (public embed page, rounded, 2026-09-25)","VERIFIED (public topic pages; sample, not full account history)"
jiqbalrealtor,1,110000.0,28.0,19500000.0,19500000.0,19500000.0,177.27272727272728,177.27272727272728,13.0,13.995300159259005,2023-10-07T16:10:06.660000+00:00,2023-10-07T16:10:06.660000+00:00,luxury-penthouse,real_estate,real_footage,minimalist,stairs_hall,real_existing,en,0.0,https://www.instagram.com/reel/CyGpI71u_QA/,https://www.instagram.com/jiqbalrealtor/,"VERIFIED (public embed page, rounded, 2026-09-25)","VERIFIED (public topic pages; sample, not full account history)"
sanyamboraarchitects,1,32000.0,96.0,19300000.0,19300000.0,19300000.0,603.125,603.125,1.6425531914893616,2.561367535507891,2026-04-07T14:11:10.547000+00:00,2026-04-07T14:11:10.547000+00:00,architecture,designer_studio,ai_generated,other,bathroom,aspirational_realistic,en,1.0,https://www.instagram.com/reel/DW1VSs9DdYd/,https://www.instagram.com/sanyamboraarchitects/,"VERIFIED (public embed page, rounded, 2026-09-25)","VERIFIED (public topic pages; sample, not full account history)"
_velvet_abode,1,16000.0,101.0,18900000.0,18900000.0,18900000.0,1181.25,1181.25,42.23463687150838,37.42889533585795,2026-07-17T18:32:10.951000+00:00,2026-07-17T18:32:10.951000+00:00,room-makeover,lifestyle_influencer,real_footage,rustic_cozy,bedroom,real_existing,en,0.0,https://www.instagram.com/reel/Da53cv3Tc-Q/,https://www.instagram.com/_velvet_abode/,"VERIFIED (public embed page, rounded, 2026-09-25)","VERIFIED (public topic pages; sample, not full account history)"
jetset_anna,2,711000.0,1422.0,10500000.0,18800000.0,21000000.0,14.767932489451477,26.441631504922643,25.163302381025694,7.900159043162459,2022-08-14T06:42:08.252000+00:00,2025-02-07T07:29:23.592000+00:00,amalfi-coast;lake-como-villa;luxury-homes-on-the-amalfi-coast,lifestyle_influencer,real_footage,classical_luxury,other,real_existing,en,0.0,https://www.instagram.com/reel/ChOvEWRq9Og/,https://www.instagram.com/jetset_anna/,"VERIFIED (public embed page, rounded, 2026-09-25)","VERIFIED (public topic pages; sample, not full account history)"
reschio,1,2000000.0,3329.0,18800000.0,18800000.0,18800000.0,9.4,9.4,27.893175074183976,16.682953314578057,2024-07-24T16:02:46.228000+00:00,2024-07-24T16:02:46.228000+00:00,luxury-pool,other,real_footage,mediterranean,pool,real_existing,en,0.0,https://www.instagram.com/reel/C9z7ny9syhE/,https://www.instagram.com/reschio/,"VERIFIED (public embed page, rounded, 2026-09-25)","VERIFIED (public topic pages; sample, not full account history)"
thehomopien,1,546000.0,378.0,18500000.0,18500000.0,18500000.0,33.88278388278388,33.88278388278388,35.95724003887269,22.63694884200415,2026-04-03T18:31:12.204000+00:00,2026-04-03T18:31:12.204000+00:00,inside-underground-bunker-house,ai_creator,ai_generated,other,other,aspirational_realistic,en,1.0,https://www.instagram.com/reel/DWrf3s5kzC7/,https://www.instagram.com/thehomopien/,"VERIFIED (public embed page, rounded, 2026-09-25)","VERIFIED (public topic pages; sample, not full account history)"
karolaineponci,1,,,18100000.0,18100000.0,18100000.0,,,10.969696969696969,,2024-06-28T23:47:08.891000+00:00,2024-06-28T23:47:08.891000+00:00,amalfi-coast,,,,,,,,https://www.instagram.com/reel/C8x0GQBOeG9/,https://www.instagram.com/karolaineponci/,UNKNOWN,"VERIFIED (public topic pages; sample, not full account history)"
diycraftstvofficial,4,6000000.0,1597.0,3450000.0,17600000.0,25500000.0,0.575,2.933333333333333,4.720113982347575,1.3822601747484229,2026-01-03T11:49:29.491000+00:00,2026-04-04T12:51:38.933000+00:00,a-frame-modern-cabins;container-home-luxury-models-2026;infinity-pools;underground-house,theme_page,ai_generated,industrial,exterior_facade,aspirational_realistic,en,1.0,https://www.instagram.com/reel/DWtdzmuDh4P/,https://www.instagram.com/diycraftstvofficial/,"VERIFIED (public embed page, rounded, 2026-09-25)","VERIFIED (public topic pages; sample, not full account history)"
ariffathulhakim,2,1000000.0,1777.0,8848000.0,17400000.0,17696000.0,8.847999999999999,17.4,2.841393558080571,1.3747193788018706,2025-07-15T23:00:14.986000+00:00,2025-10-22T02:14:11.623000+00:00,luxury-cabin;rainy-day,lifestyle_influencer,real_footage,other,exterior_facade,real_existing,en,0.0,https://www.instagram.com/reel/DMJWZAYxYLS/,https://www.instagram.com/ariffathulhakim/,"VERIFIED (public embed page, rounded, 2026-09-25)","VERIFIED (public topic pages; sample, not full account history)"
design_x_interior,2,88000.0,379.0,8895000.0,17400000.0,17790000.0,102.2159090909091,200.0,25.928571428571427,19.156485741537033,2026-01-31T11:50:23.346000+00:00,2026-03-30T11:59:24.538000+00:00,luxury-bedroom-design;luxury-room,designer_studio,ai_generated,dark_luxury,bedroom,aspirational_realistic,en,1.0,https://www.instagram.com/reel/DULItzMjQq7/,https://www.instagram.com/design_x_interior/,"VERIFIED (public embed page, rounded, 2026-09-25)","VERIFIED (public topic pages; sample, not full account history)"
gabscanu,1,505000.0,1386.0,17100000.0,17100000.0,17100000.0,33.86138613861386,33.86138613861386,19.24592009003939,47.658344794997575,2023-03-09T10:13:55.608000+00:00,2023-03-09T10:13:55.608000+00:00,overwater-villa,lifestyle_influencer,real_footage,tropical,exterior_facade,real_existing,en,0.0,https://www.instagram.com/reel/CpkH2qfguh_/,https://www.instagram.com/gabscanu/,"VERIFIED (public embed page, rounded, 2026-09-25)","VERIFIED (public topic pages; sample, not full account history)"
kratosdigitalarts,1,90000.0,242.0,17100000.0,17100000.0,17100000.0,190.0,190.0,6.452830188679245,10.198887686337466,2026-06-30T08:07:40.269000+00:00,2026-06-30T08:07:40.269000+00:00,ai-art,ai_creator,ai_generated,rustic_cozy,terrace_outdoor,fantasy_impossible,en,1.0,https://www.instagram.com/reel/DaM-d0KTKUQ/,https://www.instagram.com/kratosdigitalarts/,"VERIFIED (public embed page, rounded, 2026-09-25)","VERIFIED (public topic pages; sample, not full account history)"
jonaways,1,84000.0,469.0,16600000.0,16600000.0,16600000.0,197.61904761904762,197.61904761904762,36.72566371681416,19.10074086897365,2026-04-17T13:45:17.201000+00:00,2026-04-17T13:45:17.201000+00:00,bali-luxury-villas-with-private-pools,lifestyle_influencer,real_footage,biophilic,exterior_facade,real_existing,en,0.0,https://www.instagram.com/reel/DXPCR1cE_iL/,https://www.instagram.com/jonaways/,"VERIFIED (public embed page, rounded, 2026-09-25)","VERIFIED (public topic pages; sample, not full account history)"
imtiazsahib33,2,120000.0,287.0,8308800.0,16600000.0,16617600.0,69.24000000000001,138.33333333333334,7.488778729157278,15.155947894738645,2026-04-24T18:32:22.809000+00:00,2026-05-03T20:01:24.742000+00:00,underground-house,other,ai_generated,cyberpunk,garden_landscape,aspirational_realistic,en,0.5,https://www.instagram.com/reel/DX46CqWjZej/,https://www.instagram.com/imtiazsahib33/,"VERIFIED (public embed page, rounded, 2026-09-25)","VERIFIED (public topic pages; sample, not full account history)"
swaraagharat,1,5000.0,142.0,16500000.0,16500000.0,16500000.0,3300.0,3300.0,68.04123711340206,151.61869556157808,2026-04-05T16:26:17.468000+00:00,2026-04-05T16:26:17.468000+00:00,maldives-resort,lifestyle_influencer,real_footage,tropical,exterior_facade,real_existing,en,0.0,https://www.instagram.com/reel/DWwbKkRknNK/,https://www.instagram.com/swaraagharat/,"VERIFIED (public embed page, rounded, 2026-09-25)","VERIFIED (public topic pages; sample, not full account history)"
edin.flat,1,56000.0,146.0,16100000.0,16100000.0,16100000.0,287.5,287.5,19.23536439665472,20.19080280572764,2026-08-07T14:04:12.081000+00:00,2026-08-07T14:04:12.081000+00:00,home-decor,lifestyle_influencer,real_footage,organic_modern,living_room,real_existing,en,0.0,https://www.instagram.com/reel/DbvdeXsNDcc/,https://www.instagram.com/edin.flat/,"VERIFIED (public embed page, rounded, 2026-09-25)","VERIFIED (public topic pages; sample, not full account history)"
myplants.uae,2,123000.0,547.0,8278500.0,15600000.0,16557000.0,67.30487804878048,126.82926829268293,16.26424361493124,19.842283344493417,2026-05-12T11:20:51.295000+00:00,2026-05-13T03:17:49.079000+00:00,landscape-design-ai,contractor_trade,ai_generated,mediterranean,garden_landscape,aspirational_realistic,en,1.0,https://www.instagram.com/reel/DYPJn3DMuaV/,https://www.instagram.com/myplants.uae/,"VERIFIED (public embed page, rounded, 2026-09-25)","VERIFIED (public topic pages; sample, not full account history)"
elarch.studio,3,540000.0,3243.0,5500000.0,15500000.0,21036500.0,10.185185185185185,28.703703703703702,22.357723577235774,13.19983217689468,2024-09-14T15:10:08.684000+00:00,2025-11-03T12:31:32.250000+00:00,luxury-home-theater-ideas;luxury-modern-beautiful-house;ultra-modern-luxury-house-design,designer_studio,3d_render,modern_luxury,exterior_facade,aspirational_realistic,en,0.0,https://www.instagram.com/reel/C_5u72pxVBx/,https://www.instagram.com/elarch.studio/,"VERIFIED (public embed page, rounded, 2026-09-25)","VERIFIED (public topic pages; sample, not full account history)"
architect_hitesh,2,262000.0,928.0,7574500.0,14900000.0,15149000.0,28.910305343511453,56.87022900763359,16.574398249452955,13.838638328208074,2025-12-13T13:52:37.259000+00:00,2025-12-18T08:18:43.738000+00:00,modern-villa,designer_studio,ai_generated,modern_luxury,exterior_facade,aspirational_realistic,en,1.0,https://www.instagram.com/reel/DSNLwLZCKcD/,https://www.instagram.com/architect_hitesh/,"VERIFIED (public embed page, rounded, 2026-09-25)","VERIFIED (public topic pages; sample, not full account history)"
greengenielandscapes,1,1000000.0,301.0,14800000.0,14800000.0,14800000.0,14.8,14.8,13.615455381784729,5.839330825797642,2026-04-04T07:49:01.397000+00:00,2026-04-04T07:49:01.397000+00:00,luxury-garden,contractor_trade,real_footage,modern_luxury,terrace_outdoor,real_existing,en,0.0,https://www.instagram.com/reel/DWs7LG-EoZT/,https://www.instagram.com/greengenielandscapes/,"VERIFIED (public embed page, rounded, 2026-09-25)","VERIFIED (public topic pages; sample, not full account history)"
archibible,2,220000.0,1206.0,7373000.0,14300000.0,14746000.0,33.513636363636365,65.0,17.830713422007257,9.720254027881154,2025-05-15T21:44:05.694000+00:00,2025-06-20T21:54:37.064000+00:00,midjourney-architecture,ai_creator,ai_generated,futuristic,exterior_facade,fantasy_impossible,en,1.0,https://www.instagram.com/reel/DLI3AbXsnNC/,https://www.instagram.com/archibible/,"VERIFIED (public embed page, rounded, 2026-09-25)","VERIFIED (public topic pages; sample, not full account history)"
nostalgicraindrops,3,713000.0,151.0,3900000.0,14100000.0,19100000.0,5.46984572230014,19.775596072931275,1.9590382902938557,1.9401708491965561,2024-05-30T19:44:48.214000+00:00,2025-05-13T15:56:03.114000+00:00,cozy-rain;rain-cozy;rain-sounds,theme_page,ai_generated,rustic_cozy,bedroom,aspirational_realistic,en,0.6666666666666666,https://www.instagram.com/reel/C7mtT4-yj7n/,https://www.instagram.com/nostalgicraindrops/,"VERIFIED (public embed page, rounded, 2026-09-25)","VERIFIED (public topic pages; sample, not full account history)"
spirithiker,1,,,13800000.0,13800000.0,13800000.0,,,8.625,,2024-03-27T22:56:39.709000+00:00,2024-03-27T22:56:39.709000+00:00,treehouse-hotel,,,,,,,,https://www.instagram.com/reel/C5CQZGiP15N/,https://www.instagram.com/spirithiker/,UNKNOWN,"VERIFIED (public topic pages; sample, not full account history)"
juliagal_,4,4000000.0,1232.0,4591500.0,13600000.0,22885000.0,1.147875,3.4,27.709148394700055,4.3504382345095,2025-01-18T18:28:03.811000+00:00,2026-07-21T07:06:15.775000+00:00,best-rooftop-pools;luxury-hotel;luxury-hotel-suite,lifestyle_influencer,real_footage,mediterranean,pool,real_existing,en,0.0,https://www.instagram.com/reel/DRnDRfOjAbX/,https://www.instagram.com/juliagal_/,"VERIFIED (public embed page, rounded, 2026-09-25)","VERIFIED (public topic pages; sample, not full account history)"
proud_and_property,2,50000.0,2592.0,7188500.0,13500000.0,14377000.0,143.77,270.0,3.1853540372670808,10.415561894493568,2026-04-08T11:31:36.435000+00:00,2026-04-18T15:49:11.190000+00:00,dream-home;luxury-house,real_estate,real_footage,modern_luxury,exterior_facade,real_existing,en,0.0,https://www.instagram.com/reel/DW3n03NCOri/,https://www.instagram.com/proud_and_property/,"VERIFIED (public embed page, rounded, 2026-09-25)","VERIFIED (public topic pages; sample, not full account history)"
calm_neststudio,3,156000.0,1020.0,172000.0,13100000.0,13300300.0,0.6419871794871795,1.1025641025641026,1.215547703180212,0.31278728405673256,2025-11-28T15:23:31.860000+00:00,2026-04-04T12:56:37.941000+00:00,cozy-rain;rain-cozy;rain-sounds,theme_page,ai_generated,japandi,bedroom,stylized_dreamy,en,1.0,https://www.instagram.com/reel/DS_uPLMlNwQ/,https://www.instagram.com/calm_neststudio/,"VERIFIED (public embed page, rounded, 2026-09-25)","VERIFIED (public topic pages; sample, not full account history)"
homeofmerve,1,459000.0,456.0,13100000.0,13100000.0,13100000.0,28.540305010893245,28.540305010893245,30.536130536130536,12.22695975090852,2023-07-27T15:25:17.408000+00:00,2023-07-27T15:25:17.408000+00:00,bedroom-decor;bedroom-design;cozy-bedroom-ideas;dream-bedroom-decor-ideas,lifestyle_influencer,real_footage,scandinavian,bedroom,real_existing,de,0.0,https://www.instagram.com/reel/CvNKxqDtAj1/,https://www.instagram.com/homeofmerve/,"VERIFIED (public embed page, rounded, 2026-09-25)","VERIFIED (public topic pages; sample, not full account history)"
lk4id,1,2000000.0,674.0,13000000.0,13000000.0,13000000.0,6.5,6.5,217.9379715004191,15.164607329450945,2023-09-13T07:00:33.513000+00:00,2023-09-13T07:00:33.513000+00:00,futuristic-interior;luxury-apartment,designer_studio,3d_render,dark_luxury,living_room,stylized_dreamy,en,0.0,https://www.instagram.com/reel/CxH3K5IL2w6/,https://www.instagram.com/lk4id/,"VERIFIED (public embed page, rounded, 2026-09-25)","VERIFIED (public topic pages; sample, not full account history)"
holayasmin_,1,408000.0,692.0,12700000.0,12700000.0,12700000.0,31.127450980392158,31.127450980392158,42.12271973466003,16.01444982181342,2025-05-11T07:09:44.244000+00:00,2025-05-11T07:09:44.244000+00:00,cottagecore-living-room-design,lifestyle_influencer,real_footage,rustic_cozy,living_room,real_existing,en,0.0,https://www.instagram.com/reel/DJgR8XtsFQ2/,https://www.instagram.com/holayasmin_/,"VERIFIED (public embed page, rounded, 2026-09-25)","VERIFIED (public topic pages; sample, not full account history)"
not_your_basic_build,1,974000.0,178.0,12600000.0,12600000.0,12600000.0,12.936344969199178,12.936344969199178,11.35646687697161,8.631877687789798,2026-02-14T18:34:43.352000+00:00,2026-02-14T18:34:43.352000+00:00,underground-house,ai_creator,ai_generated,mediterranean,garden_landscape,aspirational_realistic,en,1.0,https://www.instagram.com/reel/DUv6Hefgpjs/,https://www.instagram.com/not_your_basic_build/,"VERIFIED (public embed page, rounded, 2026-09-25)","VERIFIED (public topic pages; sample, not full account history)"
lakecomo_boat,2,1000000.0,1936.0,12400000.0,12400000.0,24800000.0,12.4,12.4,174.30872481684065,32.934321120558046,2025-05-18T06:12:11.426000+00:00,2026-05-03T06:10:10.775000+00:00,como-lake-villas;lake-como-villa,other,real_footage,mediterranean,exterior_facade,real_existing,en,0.0,https://www.instagram.com/reel/DJyM7Akq1RY/,https://www.instagram.com/lakecomo_boat/,"VERIFIED (public embed page, rounded, 2026-09-25)","VERIFIED (public topic pages; sample, not full account history)"
zinapoyalar_uz,1,88000.0,195.0,11800000.0,11800000.0,11800000.0,134.0909090909091,134.0909090909091,1.004255319148936,0.9757162624516352,2026-02-24T11:57:29.136000+00:00,2026-02-24T11:57:29.136000+00:00,architecture,theme_page,ai_generated,modern_luxury,stairs_hall,stylized_dreamy,en,1.0,https://www.instagram.com/reel/DVI8mxrjUGN/,https://www.instagram.com/zinapoyalar_uz/,"VERIFIED (public embed page, rounded, 2026-09-25)","VERIFIED (public topic pages; sample, not full account history)"
jen.casanovas.ibiza,1,5000.0,71.0,11700000.0,11700000.0,11700000.0,2340.0,2340.0,0.9957446808510638,3.6995219279692635,2026-02-23T12:18:43.967000+00:00,2026-02-23T12:18:43.967000+00:00,architecture,real_estate,real_footage,minimalist,other,real_existing,en,0.0,https://www.instagram.com/reel/DVGaPhTDQO8/,https://www.instagram.com/jen.casanovas.ibiza/,"VERIFIED (public embed page, rounded, 2026-09-25)","VERIFIED (public topic pages; sample, not full account history)"
poladcrete,1,101000.0,143.0,11700000.0,11700000.0,11700000.0,115.84158415841584,115.84158415841584,19.29101401483924,20.443684127327778,2026-02-17T02:49:41.188000+00:00,2026-02-17T02:49:41.188000+00:00,backyard-design,contractor_trade,ai_generated,minimalist,garden_landscape,aspirational_realistic,en,1.0,https://www.instagram.com/reel/DU18Wc1kQNI/,https://www.instagram.com/poladcrete/,"VERIFIED (public embed page, rounded, 2026-09-25)","VERIFIED (public topic pages; sample, not full account history)"
ai.design.ideas,3,136000.0,249.0,343000.0,11300000.0,11702500.0,2.5220588235294117,83.08823529411765,8.909090909090908,4.9359280832995305,2025-12-31T21:38:38.144000+00:00,2026-01-24T09:00:40.931000+00:00,industrial-chic-interior-design;industrial-interior,ai_creator,ai_generated,industrial,kitchen,aspirational_realistic,en,1.0,https://www.instagram.com/reel/DS8X3AKk_vU/,https://www.instagram.com/ai.design.ideas/,"VERIFIED (public embed page, rounded, 2026-09-25)","VERIFIED (public topic pages; sample, not full account history)"
mycozycorner_28,1,8000.0,106.0,11200000.0,11200000.0,11200000.0,1400.0,1400.0,8.0,20.174528164476687,2026-03-06T14:32:57.034000+00:00,2026-03-06T14:32:57.034000+00:00,home-decor-ideas,lifestyle_influencer,real_footage,other,living_room,real_existing,en,0.0,https://www.instagram.com/reel/DVi-WL4kRm2/,https://www.instagram.com/mycozycorner_28/,"VERIFIED (public embed page, rounded, 2026-09-25)","VERIFIED (public topic pages; sample, not full account history)"
sellingwithsimmrit,1,75000.0,310.0,10700000.0,10700000.0,10700000.0,142.66666666666666,142.66666666666666,33.542319749216304,21.96524287894993,2026-08-20T15:31:17.745000+00:00,2026-08-20T15:31:17.745000+00:00,dubai-villa,real_estate,real_footage,modern_luxury,exterior_facade,real_existing,en,0.0,https://www.instagram.com/reel/DcRFxpMITCJ/,https://www.instagram.com/sellingwithsimmrit/,"VERIFIED (public embed page, rounded, 2026-09-25)","VERIFIED (public topic pages; sample, not full account history)"
northern___bear,1,29000.0,413.0,10400000.0,10400000.0,10400000.0,358.62068965517244,358.62068965517244,468.4684684684685,257.73794832795556,2026-06-24T17:45:54.355000+00:00,2026-06-24T17:45:54.355000+00:00,hunza-valley-luxury-resorts,theme_page,real_footage,traditional_regional,garden_landscape,real_existing,en,0.0,https://www.instagram.com/reel/DZ-j3rtI5AA/,https://www.instagram.com/northern___bear/,"VERIFIED (public embed page, rounded, 2026-09-25)","VERIFIED (public topic pages; sample, not full account history)"
_jeni__va,1,,,10300000.0,10300000.0,10300000.0,,,2.942857142857143,,2026-02-26T17:12:04.159000+00:00,2026-02-26T17:12:04.159000+00:00,dream-room,other,real_footage,other,bedroom,real_existing,,0.0,https://www.instagram.com/reel/DVOqMmzCRgK/,https://www.instagram.com/_jeni__va/,UNKNOWN,"VERIFIED (public topic pages; sample, not full account history)"
abdullahaslanoglu_,2,68000.0,133.0,5193500.0,10200000.0,10387000.0,76.375,150.0,16.522191807605825,15.805016155589371,2024-08-12T14:37:21.605000+00:00,2024-08-24T15:35:31.797000+00:00,luxury-dining-room;modern-house;modern-villa,designer_studio,3d_render,modern_luxury,dining,aspirational_realistic,en,0.0,https://www.instagram.com/reel/C-ks822KeDg/,https://www.instagram.com/abdullahaslanoglu_/,"VERIFIED (public embed page, rounded, 2026-09-25)","VERIFIED (public topic pages; sample, not full account history)"
aura.__.films,1,23000.0,636.0,10000000.0,10000000.0,10000000.0,434.7826086956522,434.7826086956522,2.898550724637681,3.9828332550497456,2025-05-29T04:28:50.017000+00:00,2025-05-29T04:28:50.017000+00:00,rainy-day,theme_page,real_footage,other,other,real_existing,en,0.0,https://www.instagram.com/reel/DKOV1oESWwa/,https://www.instagram.com/aura.__.films/,"VERIFIED (public embed page, rounded, 2026-09-25)","VERIFIED (public topic pages; sample, not full account history)"
predmet_ai,1,447000.0,313.0,9900000.0,9900000.0,9900000.0,22.14765100671141,22.14765100671141,45.6221198156682,41.52716761871699,2025-08-07T17:41:05.871000+00:00,2025-08-07T17:41:05.871000+00:00,ai-render,ai_creator,ai_generated,futuristic,exterior_facade,stylized_dreamy,en,1.0,https://www.instagram.com/reel/DNEAJl7TQ8U/,https://www.instagram.com/predmet_ai/,"VERIFIED (public embed page, rounded, 2026-09-25)","VERIFIED (public topic pages; sample, not full account history)"
luxuriatetouche,2,4000000.0,1760.0,5900000.0,9700000.0,11800000.0,1.4749999999999999,2.425,15.709304280179978,2.545479192701631,2025-04-27T16:47:30.306000+00:00,2025-07-29T16:48:26.163000+00:00,dream-house-design;ultra-modern-luxury-house-design,theme_page,3d_render,classical_luxury,exterior_facade,aspirational_realistic,en,0.5,https://www.instagram.com/reel/DI9Q70Uo8fB/,https://www.instagram.com/luxuriatetouche/,"VERIFIED (public embed page, rounded, 2026-09-25)","VERIFIED (public topic pages; sample, not full account history)"
explaining.architecturee,1,403000.0,291.0,9700000.0,9700000.0,9700000.0,24.069478908188586,24.069478908188586,0.825531914893617,0.3936868658555894,2026-05-03T17:37:08.722000+00:00,2026-05-03T17:37:08.722000+00:00,architecture,theme_page,3d_render,other,other,stylized_dreamy,en,0.0,https://www.instagram.com/reel/DX4piBMuBnd/,https://www.instagram.com/explaining.architecturee/,"VERIFIED (public embed page, rounded, 2026-09-25)","VERIFIED (public topic pages; sample, not full account history)"
calm_and_cozy_moments,1,332000.0,207.0,9400000.0,9400000.0,9400000.0,28.313253012048193,28.313253012048193,91.21785540999515,50.514346629962375,2026-01-06T14:14:57.003000+00:00,2026-01-06T14:14:57.003000+00:00,green-minimalist-interior-design,lifestyle_influencer,real_footage,biophilic,living_room,real_existing,en,0.0,https://www.instagram.com/reel/DTLBYuJCEXv/,https://www.instagram.com/calm_and_cozy_moments/,"VERIFIED (public embed page, rounded, 2026-09-25)","VERIFIED (public topic pages; sample, not full account history)"
buildcraft.hq,1,890000.0,225.0,9200000.0,9200000.0,9200000.0,10.337078651685394,10.337078651685394,50.41095890410959,23.996831819641038,2026-04-09T11:21:26.929000+00:00,2026-04-09T11:21:26.929000+00:00,future-home,ai_creator,ai_generated,minimalist,exterior_facade,aspirational_realistic,en,1.0,https://www.instagram.com/reel/DW6LdVcDGeh/,https://www.instagram.com/buildcraft.hq/,"VERIFIED (public embed page, rounded, 2026-09-25)","VERIFIED (public topic pages; sample, not full account history)"
day_design_101,2,145000.0,227.0,5300000.0,9200000.0,10600000.0,36.772030651341,63.888888888888886,14.971751412429379,8.922136105781801,2026-07-09T14:18:31.435000+00:00,2026-07-19T14:04:28.845000+00:00,landscape-design,theme_page,ai_generated,organic_modern,garden_landscape,aspirational_realistic,en,1.0,https://www.instagram.com/reel/Da-iZyqNJ-P/,https://www.instagram.com/day_design_101/,"VERIFIED (public embed page, rounded, 2026-09-25)","VERIFIED (public topic pages; sample, not full account history)"
psychologyfacts0099,1,,,9000000.0,9000000.0,9000000.0,,,21.55688622754491,,2026-02-23T13:00:37.261000+00:00,2026-02-23T13:00:37.261000+00:00,interior-styling,,,,,,,,https://www.instagram.com/reel/DVGfCUaCIZa/,https://www.instagram.com/psychologyfacts0099/,UNKNOWN,"VERIFIED (public topic pages; sample, not full account history)"
designevolutionn,1,26000.0,69.0,8900000.0,8900000.0,8900000.0,342.3076923076923,342.3076923076923,8.187672493100276,19.355218187126994,2026-07-26T18:11:31.726000+00:00,2026-07-26T18:11:31.726000+00:00,luxury-garden,ai_creator,ai_generated,classical_luxury,garden_landscape,stylized_dreamy,en,1.0,https://www.instagram.com/reel/DbRAPWasT_E/,https://www.instagram.com/designevolutionn/,"VERIFIED (public embed page, rounded, 2026-09-25)","VERIFIED (public topic pages; sample, not full account history)"
soldbytyler,2,12000.0,288.0,5250000.0,8800000.0,10500000.0,437.5,733.3333333333334,48.380237740635536,77.78666807596903,2026-01-01T01:33:07.574000+00:00,2026-04-06T18:42:29.226000+00:00,malibu-house;real-estate,real_estate,real_footage,mediterranean,pool,real_existing,en,0.0,https://www.instagram.com/reel/DWzPi-IgcuY/,https://www.instagram.com/soldbytyler/,"VERIFIED (public embed page, rounded, 2026-09-25)","VERIFIED (public topic pages; sample, not full account history)"
wifizei,1,,,8600000.0,8600000.0,8600000.0,,,27.086614173228348,,2024-12-15T20:05:47.854000+00:00,2024-12-15T20:05:47.854000+00:00,luxury-life;luxury-lifestyle,theme_page,unclear,modern_luxury,other,aspirational_realistic,en,0.0,https://www.instagram.com/reel/DDnJ5x6tfYm/,https://www.instagram.com/wifizei/,UNKNOWN,"VERIFIED (public topic pages; sample, not full account history)"
ryanserhant,1,3000000.0,1754.0,8400000.0,8400000.0,8400000.0,2.8,2.8,55.26315789473684,18.93510168953654,2026-06-08T14:15:47.487000+00:00,2026-06-08T14:15:47.487000+00:00,jamesedition-luxury-homes,real_estate,real_footage,mediterranean,exterior_facade,real_existing,en,0.0,https://www.instagram.com/reel/DZU_GwjO1sk/,https://www.instagram.com/ryanserhant/,"VERIFIED (public embed page, rounded, 2026-09-25)","VERIFIED (public topic pages; sample, not full account history)"
ell.glamhome,2,1000000.0,172.0,4750000.0,8200000.0,9500000.0,4.75,8.2,6.9152511081276735,3.050996816179068,2024-11-15T15:51:44.639000+00:00,2026-02-06T19:06:42.874000+00:00,bedroom-design;dream-bedroom;dream-room,lifestyle_influencer,real_footage,glam_feminine,bedroom,real_existing,en,0.0,https://www.instagram.com/reel/DUbXaywiEol/,https://www.instagram.com/ell.glamhome/,"VERIFIED (public embed page, rounded, 2026-09-25)","VERIFIED (public topic pages; sample, not full account history)"
luxurydreamhub,16,1000000.0,1144.0,868500.0,8200000.0,25947900.0,0.8685,8.2,2.5121883395793763,0.6972217112070693,2025-07-24T13:26:48.815000+00:00,2026-05-23T16:20:25.091000+00:00,dream-bedrooms;dream-home;dubai-luxury-interior-design-trends;futuristic-home;futuristic-house;futuristic-houses;futuristic-interior;luxury-apartment;luxury-apartment-interior-design-ideas-2026;luxury-bedroom;luxury-bedroom-design;luxury-dining-room;luxury-interior;luxury-interior-design;luxury-kitchen-design;luxury-master-bedroom;luxury-modern-beautiful-house;luxury-room;modern-living-room;modern,theme_page,ai_generated,modern_luxury,living_room,stylized_dreamy,en,0.8125,https://www.instagram.com/reel/DOHJ3rMgVna/,https://www.instagram.com/luxurydreamhub/,"VERIFIED (public embed page, rounded, 2026-09-25)","VERIFIED (public topic pages; sample, not full account history)"
thecozyeditx,1,56000.0,110.0,8000000.0,8000000.0,8000000.0,142.85714285714286,142.85714285714286,14.311270125223613,13.759678234282333,2026-08-24T06:28:20.742000+00:00,2026-08-24T06:28:20.742000+00:00,cozy-room,theme_page,real_footage,rustic_cozy,bedroom,real_existing,en,0.0,https://www.instagram.com/reel/Dcaa0dWt5M-/,https://www.instagram.com/thecozyeditx/,"VERIFIED (public embed page, rounded, 2026-09-25)","VERIFIED (public topic pages; sample, not full account history)"
utahrealestatepaige,1,118000.0,768.0,8000000.0,8000000.0,8000000.0,67.79661016949153,67.79661016949153,72.20216606498195,28.657241917343185,2021-12-03T14:20:18.674000+00:00,2021-12-03T14:20:18.674000+00:00,real-estate,real_estate,real_footage,other,office,real_existing,en,0.0,https://www.instagram.com/reel/CXBhl3MhCSp/,https://www.instagram.com/utahrealestatepaige/,"VERIFIED (public embed page, rounded, 2026-09-25)","VERIFIED (public topic pages; sample, not full account history)"
capsulecastle2025,2,191000.0,749.0,4140500.0,8000000.0,8281000.0,21.67801047120419,41.8848167539267,39.15366430260047,16.22298826273689,2025-04-07T03:23:58.435000+00:00,2026-06-02T09:15:51.894000+00:00,capsule-castle-luxury-space-capsule-houses,brand_manufacturer,real_footage,futuristic,exterior_facade,real_existing,en,0.0,https://www.instagram.com/reel/DIIVFFFR6zb/,https://www.instagram.com/capsulecastle2025/,"VERIFIED (public embed page, rounded, 2026-09-25)","VERIFIED (public topic pages; sample, not full account history)"
lisaabue,1,71000.0,1392.0,8000000.0,8000000.0,8000000.0,112.67605633802818,112.67605633802818,11.510791366906474,11.499593026992462,2026-05-17T09:38:45.334000+00:00,2026-05-17T09:38:45.334000+00:00,maldives-villa,lifestyle_influencer,real_footage,tropical,exterior_facade,real_existing,en,0.0,https://www.instagram.com/reel/DYb16b-sSeI/,https://www.instagram.com/lisaabue/,"VERIFIED (public embed page, rounded, 2026-09-25)","VERIFIED (public topic pages; sample, not full account history)"
ambitiouskitchen,1,1000000.0,7156.0,7900000.0,7900000.0,7900000.0,7.9,7.9,11.600587371512482,4.114914723719113,2023-12-03T20:20:14.739000+00:00,2023-12-03T20:20:14.739000+00:00,kitchen-inspiration,lifestyle_influencer,real_footage,organic_modern,kitchen,real_existing,en,0.0,https://www.instagram.com/reel/C0Z3E2dPZpN/,https://www.instagram.com/ambitiouskitchen/,"VERIFIED (public embed page, rounded, 2026-09-25)","VERIFIED (public topic pages; sample, not full account history)"
ryanknoch,1,,,7800000.0,7800000.0,7800000.0,,,14.800759013282732,,2023-12-05T18:00:20.245000+00:00,2023-12-05T18:00:20.245000+00:00,modern-luxury-house-interiors,,,,,,,,https://www.instagram.com/reel/C0ewp4eRrH8/,https://www.instagram.com/ryanknoch/,UNKNOWN,"VERIFIED (public topic pages; sample, not full account history)"
tuesday_leroux,2,1000000.0,402.0,5850000.0,7800000.0,11700000.0,5.85,7.8,51.24756300416749,9.2865344631885,2025-06-22T17:20:54.884000+00:00,2026-02-12T18:42:16.343000+00:00,luxury-homes;luxury-house;luxury-house-tour;luxury-mansion;luxury-real-estate-mansion-exterior;luxury-villa;mansion-tour;miami-mansion,lifestyle_influencer,real_footage,modern_luxury,pool,real_existing,en,0.0,https://www.instagram.com/reel/DLNhRhFykn0/,https://www.instagram.com/tuesday_leroux/,"VERIFIED (public embed page, rounded, 2026-09-25)","VERIFIED (public topic pages; sample, not full account history)"
jordi.koalitic,1,7000000.0,1078.0,7700000.0,7700000.0,7700000.0,1.1,1.1,4.162162162162162,3.34487218242794,2020-10-01T12:55:11.682000+00:00,2020-10-01T12:55:11.682000+00:00,infinity-pools,lifestyle_influencer,real_footage,minimalist,pool,real_existing,en,0.0,https://www.instagram.com/reel/CFzTn80qKjM/,https://www.instagram.com/jordi.koalitic/,"VERIFIED (public embed page, rounded, 2026-09-25)","VERIFIED (public topic pages; sample, not full account history)"
desertmidmod.atx,1,,,7700000.0,7700000.0,7700000.0,,,10.078534031413612,,2025-07-08T13:45:23.169000+00:00,2025-07-08T13:45:23.169000+00:00,outdoor-kitchen,,,,,,,,https://www.instagram.com/reel/DL2VU8EOcNX/,https://www.instagram.com/desertmidmod.atx/,UNKNOWN,"VERIFIED (public topic pages; sample, not full account history)"
eloisepreen,4,,,2102000.0,7600000.0,11931000.0,,,7.1307046771995495,,2026-03-02T16:00:11.597000+00:00,2026-07-29T07:39:13.776000+00:00,art-deco-interior-design;mid-century-modern;mid-century-modern-living-room-ideas,,,,,,,,https://www.instagram.com/reel/DbDFrUEK-mt/,https://www.instagram.com/eloisepreen/,UNKNOWN,"VERIFIED (public topic pages; sample, not full account history)"
nouxri,3,120000.0,227.0,452000.0,7500000.0,7987900.0,3.7666666666666666,62.5,2.027027027027027,3.4150720082393824,2025-11-10T00:59:03.201000+00:00,2025-12-03T19:15:25.397000+00:00,dubai-luxury;ibiza-villa;rooftop-pool,lifestyle_influencer,real_footage,modern_luxury,pool,real_existing,en,0.0,https://www.instagram.com/reel/DQ20_hkCG1S/,https://www.instagram.com/nouxri/,"VERIFIED (public embed page, rounded, 2026-09-25)","VERIFIED (public topic pages; sample, not full account history)"
traveltomtom,1,995000.0,2694.0,7500000.0,7500000.0,7500000.0,7.5376884422110555,7.5376884422110555,30.927835051546392,5.796573944085165,2026-06-16T10:18:11.486000+00:00,2026-06-16T10:18:11.486000+00:00,maldives-resort;maldives-villa,lifestyle_influencer,real_footage,tropical,exterior_facade,real_existing,en,0.0,https://www.instagram.com/reel/DZpKRhivkRG/,https://www.instagram.com/traveltomtom/,"VERIFIED (public embed page, rounded, 2026-09-25)","VERIFIED (public topic pages; sample, not full account history)"
erisa_mema,1,359000.0,257.0,7500000.0,7500000.0,7500000.0,20.891364902506965,20.891364902506965,0.6382978723404256,0.32130954456205973,2026-02-22T23:31:55.935000+00:00,2026-02-22T23:31:55.935000+00:00,architecture,other,real_footage,other,other,real_existing,en,0.0,https://www.instagram.com/reel/DVFCfTjD8aF/,https://www.instagram.com/erisa_mema/,"VERIFIED (public embed page, rounded, 2026-09-25)","VERIFIED (public topic pages; sample, not full account history)"
sireen.design,1,94000.0,127.0,7400000.0,7400000.0,7400000.0,78.72340425531915,78.72340425531915,4.303576621110788,29.254306240250372,2024-02-16T15:12:33.867000+00:00,2024-02-16T15:12:33.867000+00:00,ai-interior-design,designer_studio,3d_render,modern_luxury,living_room,aspirational_realistic,en,0.0,https://www.instagram.com/reel/C3abe85I_vw/,https://www.instagram.com/sireen.design/,"VERIFIED (public embed page, rounded, 2026-09-25)","VERIFIED (public topic pages; sample, not full account history)"
oykuwear,1,752000.0,3816.0,7400000.0,7400000.0,7400000.0,9.840425531914894,9.840425531914894,7.4,2.1560180526832715,2026-07-14T20:42:19.768000+00:00,2026-07-14T20:42:19.768000+00:00,tulum,brand_manufacturer,,,,,tr,,https://www.instagram.com/reel/DayX9WPuh-V/,https://www.instagram.com/oykuwear/,"VERIFIED (public embed page, rounded, 2026-09-25)","VERIFIED (public topic pages; sample, not full account history)"
almostlove21,2,175000.0,95.0,4850000.0,7300000.0,9700000.0,13.714285714285714,13.714285714285714,3.1895476616406846,2.4226539415867308,2026-02-21T02:36:32.925000+00:00,2026-06-18T13:17:23.330000+00:00,cozy-room;dream-room,lifestyle_influencer,real_footage,other,bedroom,real_existing,en,0.0,https://www.instagram.com/reel/DVAOBuiEjci/,https://www.instagram.com/almostlove21/,"VERIFIED (public embed page, rounded, 2026-09-25)","VERIFIED (public topic pages; sample, not full account history)"
ki.render,1,19000.0,66.0,7300000.0,7300000.0,7300000.0,384.2105263157895,384.2105263157895,7.807486631016043,60.958642133186466,2023-08-23T18:31:23.669000+00:00,2023-08-23T18:31:23.669000+00:00,ai-interior-design;ai-interior-designer,designer_studio,3d_render,organic_modern,living_room,aspirational_realistic,en,0.0,https://www.instagram.com/reel/CwTBiWeK6uY/,https://www.instagram.com/ki.render/,"VERIFIED (public embed page, rounded, 2026-09-25)","VERIFIED (public topic pages; sample, not full account history)"
mona.co98000,1,624000.0,3522.0,7300000.0,7300000.0,7300000.0,11.698717948717949,11.698717948717949,3.5609756097560976,2.107233540211269,2026-07-08T17:54:04.234000+00:00,2026-07-08T17:54:04.234000+00:00,monaco,theme_page,real_footage,classical_luxury,none_person_only,real_existing,other,0.0,https://www.instagram.com/reel/Dain7u4qfku/,https://www.instagram.com/mona.co98000/,"VERIFIED (public embed page, rounded, 2026-09-25)","VERIFIED (public topic pages; sample, not full account history)"
iambeccaluna,1,274000.0,2377.0,7300000.0,7300000.0,7300000.0,26.642335766423358,26.642335766423358,20.082530949105916,6.387004952232362,2026-03-09T03:42:49.242000+00:00,2026-03-09T03:42:49.242000+00:00,cabin;house-in-forest,lifestyle_influencer,real_footage,rustic_cozy,exterior_facade,real_existing,en,0.0,https://www.instagram.com/reel/DVpiVHgkQVw/,https://www.instagram.com/iambeccaluna/,"VERIFIED (public embed page, rounded, 2026-09-25)","VERIFIED (public topic pages; sample, not full account history)"
astralserenity,1,222000.0,38.0,7200000.0,7200000.0,7200000.0,32.432432432432435,32.432432432432435,10.925644916540213,9.817852622734687,2024-02-03T15:31:14.554000+00:00,2024-02-03T15:31:14.554000+00:00,dream-bedroom;dream-bedrooms,ai_creator,ai_generated,rustic_cozy,bedroom,stylized_dreamy,en,1.0,https://www.instagram.com/reel/C24_SYQxzLT/,https://www.instagram.com/astralserenity/,"VERIFIED (public embed page, rounded, 2026-09-25)","VERIFIED (public topic pages; sample, not full account history)"
craftlab2050,1,50000.0,129.0,7100000.0,7100000.0,7100000.0,142.0,142.0,2.6792452830188678,4.22583914680936,2026-08-29T08:40:31.201000+00:00,2026-08-29T08:40:31.201000+00:00,treehouse,ai_creator,ai_generated,rustic_cozy,terrace_outdoor,stylized_dreamy,en,1.0,https://www.instagram.com/reel/Dcnh66ERGzY/,https://www.instagram.com/craftlab2050/,"VERIFIED (public embed page, rounded, 2026-09-25)","VERIFIED (public topic pages; sample, not full account history)"
shanwicki,3,60000.0,1797.0,2900000.0,7000000.0,9989400.0,48.333333333333336,116.66666666666667,10.720887245841036,11.442195974674684,2025-06-25T04:54:43.818000+00:00,2025-11-14T17:54:08.939000+00:00,glamping-ideas,lifestyle_influencer,real_footage,other,bedroom,real_existing,en,0.0,https://www.instagram.com/reel/DLT6Q7IsIZp/,https://www.instagram.com/shanwicki/,"VERIFIED (public embed page, rounded, 2026-09-25)","VERIFIED (public topic pages; sample, not full account history)"
positanese.tour,1,201000.0,1087.0,7000000.0,7000000.0,7000000.0,34.82587064676617,34.82587064676617,4.242424242424242,7.702380275597604,2022-11-29T11:21:32.931000+00:00,2022-11-29T11:21:32.931000+00:00,amalfi-coast,other,real_footage,mediterranean,other,real_existing,en,0.0,https://www.instagram.com/reel/CliwGcVJ29F/,https://www.instagram.com/positanese.tour/,"VERIFIED (public embed page, rounded, 2026-09-25)","VERIFIED (public topic pages; sample, not full account history)"
11.asiya.11,1,8000.0,480.0,6900000.0,6900000.0,6900000.0,862.5,862.5,7.290015847860539,28.265027432739366,2025-11-27T12:46:17.800000+00:00,2025-11-27T12:46:17.800000+00:00,dream-life,lifestyle_influencer,real_footage,other,other,real_existing,ru,0.0,https://www.instagram.com/reel/DRj3cZ3jQj7/,https://www.instagram.com/11.asiya.11/,"VERIFIED (public embed page, rounded, 2026-09-25)","VERIFIED (public topic pages; sample, not full account history)"
kerala_architectures,2,239000.0,1006.0,3647000.0,6900000.0,7294000.0,15.26287753595162,28.87029288702929,15.323529411764707,8.564457579763939,2025-08-08T04:21:59.028000+00:00,2025-09-04T06:23:28.610000+00:00,tropical-house-architecture-styles,theme_page,real_footage,minimalist,exterior_facade,aspirational_realistic,en,0.0,https://www.instagram.com/reel/DNFJflNzAYj/,https://www.instagram.com/kerala_architectures/,"VERIFIED (public embed page, rounded, 2026-09-25)","VERIFIED (public topic pages; sample, not full account history)"
simplevision_andro,1,643000.0,124.0,6800000.0,6800000.0,6800000.0,10.57542768273717,10.57542768273717,2.305084745762712,1.6563587515048162,2026-04-07T08:59:33.420000+00:00,2026-04-07T08:59:33.420000+00:00,modern-architecture,designer_studio,3d_render,minimalist,terrace_outdoor,aspirational_realistic,en,0.0,https://www.instagram.com/reel/DW0xoVpj7No/,https://www.instagram.com/simplevision_andro/,"VERIFIED (public embed page, rounded, 2026-09-25)","VERIFIED (public topic pages; sample, not full account history)"
journey.more,1,222000.0,885.0,6700000.0,6700000.0,6700000.0,30.18018018018018,30.18018018018018,20.426829268292682,24.71286084234983,2022-08-23T00:28:19.174000+00:00,2022-08-23T00:28:19.174000+00:00,a-frame-modern-cabins,theme_page,real_footage,rustic_cozy,exterior_facade,real_existing,en,0.0,https://www.instagram.com/reel/ChlPcTGjdAh/,https://www.instagram.com/journey.more/,"VERIFIED (public embed page, rounded, 2026-09-25)","VERIFIED (public topic pages; sample, not full account history)"
luxurypropertyvlogs,1,540000.0,1054.0,6700000.0,6700000.0,6700000.0,12.407407407407407,12.407407407407407,73.74793615850302,16.749117851612205,2024-09-11T08:10:20.958000+00:00,2024-09-11T08:10:20.958000+00:00,luxury-home-theater-ideas,real_estate,real_footage,modern_luxury,home_theater,real_existing,en,0.0,https://www.instagram.com/reel/C_xQgjiyYzp/,https://www.instagram.com/luxurypropertyvlogs/,"VERIFIED (public embed page, rounded, 2026-09-25)","VERIFIED (public topic pages; sample, not full account history)"
lovedwellstudio,1,74000.0,265.0,6700000.0,6700000.0,6700000.0,90.54054054054055,90.54054054054055,6.802030456852792,14.977786578565414,2024-02-01T18:24:25.063000+00:00,2024-02-01T18:24:25.063000+00:00,ai-home-design,ai_creator,ai_generated,scandinavian,stairs_hall,aspirational_realistic,en,1.0,https://www.instagram.com/reel/C20JhAHLOGJ/,https://www.instagram.com/lovedwellstudio/,"VERIFIED (public embed page, rounded, 2026-09-25)","VERIFIED (public topic pages; sample, not full account history)"
binas_home,1,56000.0,235.0,6700000.0,6700000.0,6700000.0,119.64285714285714,119.64285714285714,22.71186440677966,6.220344921466328,2025-02-10T19:40:09.655000+00:00,2025-02-10T19:40:09.655000+00:00,luxury-bathroom-design;luxury-bathroom-interior-design-inspiration;quiet-luxury-bathroom,lifestyle_influencer,real_footage,minimalist,bathroom,real_existing,de,0.0,https://www.instagram.com/reel/DF54R4vKbJu/,https://www.instagram.com/binas_home/,"VERIFIED (public embed page, rounded, 2026-09-25)","VERIFIED (public topic pages; sample, not full account history)"
visionbuildofficial,3,50000.0,479.0,2300000.0,6600000.0,8910500.0,46.0,132.0,2.23728813559322,5.308529636190896,2026-01-31T16:00:33.927000+00:00,2026-05-02T16:01:34.006000+00:00,futuristic-architecture-designs-2026;modern-architecture;modern-house,ai_creator,ai_generated,futuristic,exterior_facade,fantasy_impossible,en,1.0,https://www.instagram.com/reel/DW8_CcQESn8/,https://www.instagram.com/visionbuildofficial/,"VERIFIED (public embed page, rounded, 2026-09-25)","VERIFIED (public topic pages; sample, not full account history)"
stayvista_official,1,835000.0,7121.0,6500000.0,6500000.0,6500000.0,7.7844311377245505,7.7844311377245505,3.5135135135135136,7.632657350572407,2024-02-20T13:15:32.106000+00:00,2024-02-20T13:15:32.106000+00:00,infinity-pools,other,real_footage,modern_luxury,pool,real_existing,en,0.0,https://www.instagram.com/reel/C3khRTYoTcD/,https://www.instagram.com/stayvista_official/,"VERIFIED (public embed page, rounded, 2026-09-25)","VERIFIED (public topic pages; sample, not full account history)"
cosyacademia,1,,,6300000.0,6300000.0,6300000.0,,,1.6363636363636365,,2025-09-06T18:17:45.262000+00:00,2025-09-06T18:17:45.262000+00:00,cozy-rain,lifestyle_influencer,real_footage,rustic_cozy,other,real_existing,en,0.0,https://www.instagram.com/reel/DORUMUqkc2W/,https://www.instagram.com/cosyacademia/,UNKNOWN,"VERIFIED (public topic pages; sample, not full account history)"
girardteam,1,34000.0,2076.0,6300000.0,6300000.0,6300000.0,185.2941176470588,185.2941176470588,72.66435986159169,51.177634118617654,2024-07-06T13:06:43.487000+00:00,2024-07-06T13:06:43.487000+00:00,home-theater,real_estate,real_footage,modern_luxury,home_theater,real_existing,en,0.0,https://www.instagram.com/reel/C9FRKpjOSoi/,https://www.instagram.com/girardteam/,"VERIFIED (public embed page, rounded, 2026-09-25)","VERIFIED (public topic pages; sample, not full account history)"
bbqislandsanddesigns,1,141000.0,1687.0,6200000.0,6200000.0,6200000.0,43.97163120567376,43.97163120567376,32.041343669250644,5.717706072118053,2026-02-14T20:08:31.956000+00:00,2026-02-14T20:08:31.956000+00:00,outdoor-kitchen;outdoor-living,contractor_trade,real_footage,other,terrace_outdoor,real_existing,en,0.0,https://www.instagram.com/reel/DUwE2j9kger/,https://www.instagram.com/bbqislandsanddesigns/,"VERIFIED (public embed page, rounded, 2026-09-25)","VERIFIED (public topic pages; sample, not full account history)"
smallcountryhome,1,64000.0,988.0,6200000.0,6200000.0,6200000.0,96.875,96.875,7.407407407407407,7.304608473100527,2026-07-21T00:01:31.043000+00:00,2026-07-21T00:01:31.043000+00:00,home-decor,lifestyle_influencer,real_footage,rustic_cozy,bedroom,real_existing,en,0.0,https://www.instagram.com/reel/DbCLhflMhzB/,https://www.instagram.com/smallcountryhome/,"VERIFIED (public embed page, rounded, 2026-09-25)","VERIFIED (public topic pages; sample, not full account history)"
majestic_manors_assam,1,49000.0,105.0,6200000.0,6200000.0,6200000.0,126.53061224489795,126.53061224489795,18.759455370650528,34.82080934842292,2025-06-07T05:45:22.737000+00:00,2025-06-07T05:45:22.737000+00:00,dream-house-design,contractor_trade,real_footage,modern_luxury,exterior_facade,real_existing,en,0.0,https://www.instagram.com/reel/DKlpwIsBsfB/,https://www.instagram.com/majestic_manors_assam/,"VERIFIED (public embed page, rounded, 2026-09-25)","VERIFIED (public topic pages; sample, not full account history)"
inside_142,1,211000.0,1259.0,6200000.0,6200000.0,6200000.0,29.38388625592417,29.38388625592417,52.99145299145299,11.963608433360971,2024-07-07T10:06:56.583000+00:00,2024-07-07T10:06:56.583000+00:00,dream-kitchens;kitchen-design;kitchen-inspiration;modern-kitchen;organic-modern-kitchen-designs,lifestyle_influencer,real_footage,minimalist,kitchen,real_existing,en,0.0,https://www.instagram.com/reel/C9HhYw3MmE_/,https://www.instagram.com/inside_142/,"VERIFIED (public embed page, rounded, 2026-09-25)","VERIFIED (public topic pages; sample, not full account history)"
mollybowenco,1,67000.0,307.0,6200000.0,6200000.0,6200000.0,92.53731343283582,92.53731343283582,13.596491228070175,5.293028269015413,2023-07-26T17:25:03.669000+00:00,2023-07-26T17:25:03.669000+00:00,luxury-bathroom-design;quiet-luxury-bathroom,designer_studio,real_footage,organic_modern,bathroom,real_existing,en,0.0,https://www.instagram.com/reel/CvKzsAuN3pS/,https://www.instagram.com/mollybowenco/,"VERIFIED (public embed page, rounded, 2026-09-25)","VERIFIED (public topic pages; sample, not full account history)"
arunashokanphotography,1,19000.0,122.0,6100000.0,6100000.0,6100000.0,321.05263157894734,321.05263157894734,49.392712550607285,65.30353884988055,2025-10-08T07:42:44.967000+00:00,2025-10-08T07:42:44.967000+00:00,biophilic-bedroom-design,other,real_footage,biophilic,bedroom,real_existing,en,0.0,https://www.instagram.com/reel/DPik9aHAdpr/,https://www.instagram.com/arunashokanphotography/,"VERIFIED (public embed page, rounded, 2026-09-25)","VERIFIED (public topic pages; sample, not full account history)"
zeynepshome,1,724000.0,1654.0,6100000.0,6100000.0,6100000.0,8.425414364640885,8.425414364640885,36.5050867743866,13.822171200254294,2023-03-18T18:05:40.384000+00:00,2023-03-18T18:05:40.384000+00:00,minimalist-interior,lifestyle_influencer,real_footage,minimalist,living_room,real_existing,en,0.0,https://www.instagram.com/reel/Cp8I_tjjOng/,https://www.instagram.com/zeynepshome/,"VERIFIED (public embed page, rounded, 2026-09-25)","VERIFIED (public topic pages; sample, not full account history)"
homemaking55,1,230000.0,71.0,6100000.0,6100000.0,6100000.0,26.52173913043478,26.52173913043478,2.30188679245283,1.7783486226017347,2026-09-09T02:04:32.728000+00:00,2026-09-09T02:04:32.728000+00:00,treehouse,ai_creator,ai_generated,traditional_regional,exterior_facade,fantasy_impossible,en,1.0,https://www.instagram.com/reel/DdDJWU_zC1F/,https://www.instagram.com/homemaking55/,"VERIFIED (public embed page, rounded, 2026-09-25)","VERIFIED (public topic pages; sample, not full account history)"
relaxationreflections_,2,12000.0,818.0,3026250.0,6000000.0,6052500.0,252.1875,500.0,5.389581478183437,36.05765736518643,2026-03-30T17:01:40.638000+00:00,2026-06-16T23:00:23.083000+00:00,rain-cozy,ai_creator,ai_generated,rustic_cozy,bedroom,stylized_dreamy,en,1.0,https://www.instagram.com/reel/DZqhf_pAUW6/,https://www.instagram.com/relaxationreflections_/,"VERIFIED (public embed page, rounded, 2026-09-25)","VERIFIED (public topic pages; sample, not full account history)"
stylarc,1,2000000.0,990.0,6000000.0,6000000.0,6000000.0,3.0,3.0,23.25581395348837,29.269780554299253,2025-01-04T11:05:04.793000+00:00,2025-01-04T11:05:04.793000+00:00,luxury-real-estate-mansion-exterior,designer_studio,3d_render,modern_luxury,exterior_facade,aspirational_realistic,en,0.0,https://www.instagram.com/reel/DEZr68gOpD0/,https://www.instagram.com/stylarc/,"VERIFIED (public embed page, rounded, 2026-09-25)","VERIFIED (public topic pages; sample, not full account history)"
lena_nichi_art,1,203000.0,206.0,6000000.0,6000000.0,6000000.0,29.55665024630542,29.55665024630542,17.830609212481427,8.291235066107292,2026-04-16T16:34:45.872000+00:00,2026-04-16T16:34:45.872000+00:00,ai-cozy-cabin,ai_creator,ai_generated,rustic_cozy,bedroom,stylized_dreamy,en,1.0,https://www.instagram.com/reel/DXMw4QLjB35/,https://www.instagram.com/lena_nichi_art/,"VERIFIED (public embed page, rounded, 2026-09-25)","VERIFIED (public topic pages; sample, not full account history)"
belinomebel,1,346000.0,396.0,5900000.0,5900000.0,5900000.0,17.052023121387283,17.052023121387283,9.857978279030911,14.32984292550121,2026-07-30T09:31:02.580000+00:00,2026-07-30T09:31:02.580000+00:00,modern-kitchen,brand_manufacturer,real_footage,modern_luxury,kitchen,real_existing,en,0.0,https://www.instagram.com/reel/DbaX2stoUyc/,https://www.instagram.com/belinomebel/,"VERIFIED (public embed page, rounded, 2026-09-25)","VERIFIED (public topic pages; sample, not full account history)"
theluxuryhomeshow,9,2000000.0,2361.0,202000.0,5800000.0,8508600.0,0.101,2.9,0.9090909090909091,0.27449925824747057,2024-10-02T17:01:05.551000+00:00,2026-08-21T09:53:57.016000+00:00,house-tour;luxury-homes;luxury-house-tour;luxury-mansion;luxury-real-estate-mansion-exterior;luxury-villa;mansion-tour;miami-mansion;scandinavian-interior-design;scandinavian-interior-design-styles,media_publication,real_footage,modern_luxury,exterior_facade,real_existing,en,0.0,https://www.instagram.com/reel/DBvoA6IIZqo/,https://www.instagram.com/theluxuryhomeshow/,"VERIFIED (public embed page, rounded, 2026-09-25)","VERIFIED (public topic pages; sample, not full account history)"
leylaa__asgarii,1,60000.0,271.0,5800000.0,5800000.0,5800000.0,96.66666666666667,96.66666666666667,6.2032085561497325,20.740958177422318,2024-06-26T15:42:05.537000+00:00,2024-06-26T15:42:05.537000+00:00,ai-interior-designer,designer_studio,3d_render,japandi,living_room,aspirational_realistic,en,0.0,https://www.instagram.com/reel/C8ry_2ENAqh/,https://www.instagram.com/leylaa__asgarii/,"VERIFIED (public embed page, rounded, 2026-09-25)","VERIFIED (public topic pages; sample, not full account history)"
divaa.finds,5,764000.0,1203.0,1500000.0,5800000.0,13265000.0,1.963350785340314,7.591623036649215,1.6008537886873,1.1031813428452741,2024-10-31T23:14:22.878000+00:00,2026-03-12T19:11:42.013000+00:00,bedroom-decor;bedroom-design;cozy-bedroom-ideas;dream-bedroom;dream-bedroom-decor-ideas;dream-room,lifestyle_influencer,real_footage,glam_feminine,bedroom,real_existing,en,0.0,https://www.instagram.com/reel/DBzntoio6aS/,https://www.instagram.com/divaa.finds/,"VERIFIED (public embed page, rounded, 2026-09-25)","VERIFIED (public topic pages; sample, not full account history)"
tiffany_design_studio,1,2000000.0,715.0,5800000.0,5800000.0,5800000.0,2.9,2.9,33.819241982507286,7.072529453830252,2024-09-29T13:29:19.911000+00:00,2024-09-29T13:29:19.911000+00:00,dreamy-walk-in-closet-designs-ideas,designer_studio,3d_render,minimalist,closet,aspirational_realistic,en,0.0,https://www.instagram.com/reel/DAgLUmnMdK6/,https://www.instagram.com/tiffany_design_studio/,"VERIFIED (public embed page, rounded, 2026-09-25)","VERIFIED (public topic pages; sample, not full account history)"
enteheaven,1,8000.0,52.0,5700000.0,5700000.0,5700000.0,712.5,712.5,12.737430167597765,15.610249355207701,2026-08-14T15:30:08.668000+00:00,2026-08-14T15:30:08.668000+00:00,room-makeover,lifestyle_influencer,real_footage,scandinavian,bedroom,real_existing,en,0.0,https://www.instagram.com/reel/DcBo39hzatO/,https://www.instagram.com/enteheaven/,"VERIFIED (public embed page, rounded, 2026-09-25)","VERIFIED (public topic pages; sample, not full account history)"
sala.khaoyai,1,43000.0,1185.0,5700000.0,5700000.0,5700000.0,132.5581395348837,132.5581395348837,3.081081081081081,26.79961096838409,2024-05-15T11:00:41.031000+00:00,2024-05-15T11:00:41.031000+00:00,infinity-pools,other,real_footage,minimalist,pool,real_existing,en,0.0,https://www.instagram.com/reel/C6_JZ_3CBEw/,https://www.instagram.com/sala.khaoyai/,"VERIFIED (public embed page, rounded, 2026-09-25)","VERIFIED (public topic pages; sample, not full account history)"
capsulecastle004,2,246000.0,369.0,2865900.0,5700000.0,5731800.0,11.65026381284221,23.170731707317074,27.100709219858157,9.975699540222992,2026-06-05T02:37:59.399000+00:00,2026-09-02T07:17:11.995000+00:00,capsule-castle-luxury-space-capsule-houses,brand_manufacturer,real_footage,futuristic,exterior_facade,real_existing,en,0.0,https://www.instagram.com/reel/DZMA3SHRsy-/,https://www.instagram.com/capsulecastle004/,"VERIFIED (public embed page, rounded, 2026-09-25)","VERIFIED (public topic pages; sample, not full account history)"
survival.stuffs,1,129000.0,1000.0,5700000.0,5700000.0,5700000.0,44.18604651162791,44.18604651162791,8.469539375928678,9.926200922277383,2025-08-13T11:06:54.944000+00:00,2025-08-13T11:06:54.944000+00:00,house-in-the-forest,theme_page,real_footage,rustic_cozy,other,real_existing,en,0.0,https://www.instagram.com/reel/DNSvzxDyaHq/,https://www.instagram.com/survival.stuffs/,"VERIFIED (public embed page, rounded, 2026-09-25)","VERIFIED (public topic pages; sample, not full account history)"
theimagehs,1,137000.0,432.0,5600000.0,5600000.0,5600000.0,40.87591240875913,40.87591240875913,13.54292623941959,9.213549092977928,2025-08-19T15:41:31.158000+00:00,2025-08-19T15:41:31.158000+00:00,midjourney-architecture,ai_creator,ai_generated,futuristic,exterior_facade,fantasy_impossible,en,1.0,https://www.instagram.com/reel/DNisARex_K2/,https://www.instagram.com/theimagehs/,"VERIFIED (public embed page, rounded, 2026-09-25)","VERIFIED (public topic pages; sample, not full account history)"
travel_withben,3,590000.0,1813.0,873000.0,5600000.0,6568200.0,1.4796610169491526,9.491525423728813,4.365,2.447887144662752,2025-12-20T21:50:12.923000+00:00,2026-05-20T07:01:02.805000+00:00,london-apartment,lifestyle_influencer,real_footage,modern_luxury,bedroom,real_existing,en,0.0,https://www.instagram.com/reel/DXbZGIqCCOk/,https://www.instagram.com/travel_withben/,"VERIFIED (public embed page, rounded, 2026-09-25)","VERIFIED (public topic pages; sample, not full account history)"
kelseyinlondon,2,794000.0,2404.0,3200000.0,5400000.0,6400000.0,4.030226700251889,6.801007556675063,22.736617752461427,5.640314042465533,2023-09-24T11:06:08.017000+00:00,2025-10-19T07:26:57.295000+00:00,luxury-hotel;luxury-resort;marrakech-riad,lifestyle_influencer,real_footage,mediterranean,pool,real_existing,en,0.0,https://www.instagram.com/reel/CxkoBKcMO7k/,https://www.instagram.com/kelseyinlondon/,"VERIFIED (public embed page, rounded, 2026-09-25)","VERIFIED (public topic pages; sample, not full account history)"
luxuryresorts,1,784000.0,3646.0,5400000.0,5400000.0,5400000.0,6.887755102040816,6.887755102040816,22.2680412371134,4.66566377492587,2024-04-03T09:20:25.581000+00:00,2024-04-03T09:20:25.581000+00:00,maldives-resort,theme_page,real_footage,tropical,exterior_facade,real_existing,en,0.0,https://www.instagram.com/reel/C5S0i8KPhIB/,https://www.instagram.com/luxuryresorts/,"VERIFIED (public embed page, rounded, 2026-09-25)","VERIFIED (public topic pages; sample, not full account history)"
tomaslasoargos,1,775000.0,1818.0,5400000.0,5400000.0,5400000.0,6.967741935483871,6.967741935483871,50.60918462980319,24.17565786408437,2023-06-14T16:51:16.600000+00:00,2023-06-14T16:51:16.600000+00:00,ibiza-villa,real_estate,real_footage,organic_modern,living_room,real_existing,en,0.0,https://www.instagram.com/reel/Ctemb0PtXuZ/,https://www.instagram.com/tomaslasoargos/,"VERIFIED (public embed page, rounded, 2026-09-25)","VERIFIED (public topic pages; sample, not full account history)"
pahome_official,2,440000.0,1184.0,2748300.0,5400000.0,5496600.0,6.246136363636364,12.272727272727273,16.025072886297377,6.803863032107048,2025-06-01T12:50:23.754000+00:00,2025-07-01T01:32:45.099000+00:00,dreamy-walk-in-closet-designs-ideas,brand_manufacturer,real_footage,modern_luxury,closet,real_existing,en,0.0,https://www.instagram.com/reel/DKW9nzYxrxM/,https://www.instagram.com/pahome_official/,"VERIFIED (public embed page, rounded, 2026-09-25)","VERIFIED (public topic pages; sample, not full account history)"
quingable,1,495000.0,1161.0,5400000.0,5400000.0,5400000.0,10.909090909090908,10.909090909090908,137.75510204081633,26.323031330700527,2023-04-27T16:15:40.074000+00:00,2023-04-27T16:15:40.074000+00:00,marrakech-riad,lifestyle_influencer,real_footage,traditional_regional,pool,real_existing,en,0.0,https://www.instagram.com/reel/Cri8NAouqCI/,https://www.instagram.com/quingable/,"VERIFIED (public embed page, rounded, 2026-09-25)","VERIFIED (public topic pages; sample, not full account history)"
architecturaai_,1,22700.0,833.0,5400000.0,5400000.0,5400000.0,237.88546255506608,237.88546255506608,5.482233502538071,20.97923525685483,2026-02-04T08:00:40.267000+00:00,2026-02-04T08:00:40.267000+00:00,ai-home-design,ai_creator,ai_generated,minimalist,living_room,stylized_dreamy,en,1.0,https://www.instagram.com/reel/DUVBmy5DcTo/,https://www.instagram.com/architecturaai_/,"VERIFIED (public embed page, rounded, 2026-09-25)","VERIFIED (public topic pages; sample, not full account history)"
starlight_retreats,3,,,1100000.0,5400000.0,7001000.0,,,5.526751241036956,,2024-11-03T15:27:23.989000+00:00,2025-09-18T19:00:38.534000+00:00,lake-house;luxury-cabin;unique-airbnb,,,,,,,,https://www.instagram.com/reel/DB_v0uWR06c/,https://www.instagram.com/starlight_retreats/,UNKNOWN,"VERIFIED (public topic pages; sample, not full account history)"
sellierknightsbridge,1,363000.0,2065.0,5400000.0,5400000.0,5400000.0,14.87603305785124,14.87603305785124,2.6341463414634148,2.0082674540247085,2026-08-23T11:28:59.346000+00:00,2026-08-23T11:28:59.346000+00:00,monaco,other,real_footage,classical_luxury,other,real_existing,en,0.0,https://www.instagram.com/reel/DcYYbj8sCnY/,https://www.instagram.com/sellierknightsbridge/,"VERIFIED (public embed page, rounded, 2026-09-25)","VERIFIED (public topic pages; sample, not full account history)"
beautifulhotels,5,6000000.0,9121.0,551000.0,5400000.0,10360000.0,0.09183333333333334,0.9,1.1900647948164147,0.5674497167831736,2023-08-17T16:10:57.847000+00:00,2026-04-04T13:35:07.812000+00:00,arctic-treehouse-hotel-rovaniemi;dubai-luxury;lake-como-villa;luxury-cabin;maldives-villa,media_publication,real_footage,rustic_cozy,bedroom,real_existing,en,0.0,https://www.instagram.com/reel/C7PFB2NIp-e/,https://www.instagram.com/beautifulhotels/,"VERIFIED (public embed page, rounded, 2026-09-25)","VERIFIED (public topic pages; sample, not full account history)"
yakeandmarie,1,207000.0,674.0,5300000.0,5300000.0,5300000.0,25.603864734299517,25.603864734299517,8.617886178861788,11.349457381643536,2024-05-05T16:43:33.875000+00:00,2024-05-05T16:43:33.875000+00:00,unique-airbnb,lifestyle_influencer,real_footage,scandinavian,exterior_facade,real_existing,en,0.0,https://www.instagram.com/reel/C6mAslNRKVU/,https://www.instagram.com/yakeandmarie/,"VERIFIED (public embed page, rounded, 2026-09-25)","VERIFIED (public topic pages; sample, not full account history)"
ghazale_siami,1,34000.0,122.0,5300000.0,5300000.0,5300000.0,155.88235294117646,155.88235294117646,80.79268292682927,27.217337507496666,2025-01-13T15:19:57.970000+00:00,2025-01-13T15:19:57.970000+00:00,ai-interior;ai-interior-design;living-room-design,designer_studio,3d_render,minimalist,living_room,aspirational_realistic,en,0.0,https://www.instagram.com/reel/DExUPqcsNfS/,https://www.instagram.com/ghazale_siami/,"VERIFIED (public embed page, rounded, 2026-09-25)","VERIFIED (public topic pages; sample, not full account history)"
beautifuldestinations,3,24000000.0,13984.0,2300000.0,5300000.0,8306000.0,0.09583333333333334,0.22083333333333333,14.632124352331607,1.053382553993193,2022-07-13T05:30:14.616000+00:00,2025-10-01T13:00:11.992000+00:00,cook-islands-luxury-resorts;luxury-homes-on-the-amalfi-coast;overwater-villa,media_publication,real_footage,mediterranean,bathroom,real_existing,en,0.0,https://www.instagram.com/reel/CwiGO2pqT6I/,https://www.instagram.com/beautifuldestinations/,"VERIFIED (public embed page, rounded, 2026-09-25)","VERIFIED (public topic pages; sample, not full account history)"
lux_mommy,1,183000.0,2129.0,5300000.0,5300000.0,5300000.0,28.961748633879782,28.961748633879782,15.406976744186046,13.54231105919479,2023-09-21T17:37:13.986000+00:00,2023-09-21T17:37:13.986000+00:00,luxury-closet,lifestyle_influencer,real_footage,glam_feminine,closet,real_existing,en,0.0,https://www.instagram.com/reel/CxdmZCUugqp/,https://www.instagram.com/lux_mommy/,"VERIFIED (public embed page, rounded, 2026-09-25)","VERIFIED (public topic pages; sample, not full account history)"
yesiinna,1,64000.0,902.0,5200000.0,5200000.0,5200000.0,81.25,81.25,12.121212121212121,21.605416030331636,2022-11-10T03:26:47.118000+00:00,2022-11-10T03:26:47.118000+00:00,cozy-bedroom-ideas,lifestyle_influencer,real_footage,rustic_cozy,bedroom,real_existing,en,0.0,https://www.instagram.com/reel/Ckw-qi6pNFX/,https://www.instagram.com/yesiinna/,"VERIFIED (public embed page, rounded, 2026-09-25)","VERIFIED (public topic pages; sample, not full account history)"
kevouthere,1,218000.0,1990.0,5200000.0,5200000.0,5200000.0,23.853211009174313,23.853211009174313,8.018504240555128,10.423219535368817,2025-02-03T11:37:04.550000+00:00,2025-02-03T11:37:04.550000+00:00,cyberpunk-city,lifestyle_influencer,real_footage,cyberpunk,exterior_facade,real_existing,en,0.0,https://www.instagram.com/reel/DFm_bimp4xS/,https://www.instagram.com/kevouthere/,"VERIFIED (public embed page, rounded, 2026-09-25)","VERIFIED (public topic pages; sample, not full account history)"
raina__firdous,1,17000.0,322.0,5200000.0,5200000.0,5200000.0,305.88235294117646,305.88235294117646,25.49019607843137,46.83992546679731,2026-04-09T12:13:02.908000+00:00,2026-04-09T12:13:02.908000+00:00,mountain-house,theme_page,real_footage,traditional_regional,garden_landscape,real_existing,en,0.0,https://www.instagram.com/reel/DW6RXQxj8c1/,https://www.instagram.com/raina__firdous/,"VERIFIED (public embed page, rounded, 2026-09-25)","VERIFIED (public topic pages; sample, not full account history)"
hidayabll,1,,,5200000.0,5200000.0,5200000.0,,,1.4857142857142858,,2025-06-29T17:40:24.459000+00:00,2025-06-29T17:40:24.459000+00:00,dream-room,lifestyle_influencer,real_footage,glam_feminine,other,real_existing,en,0.0,https://www.instagram.com/reel/DLflEaZI6cs/,https://www.instagram.com/hidayabll/,UNKNOWN,"VERIFIED (public topic pages; sample, not full account history)"
rambleonpines,1,,,5100000.0,5100000.0,5100000.0,,,14.030261348005501,,2026-08-18T12:25:27.093000+00:00,2026-08-18T12:25:27.093000+00:00,cozy-cabin;house-in-forest,other,real_footage,rustic_cozy,exterior_facade,real_existing,en,0.0,https://www.instagram.com/reel/DcLm6uuRRxD/,https://www.instagram.com/rambleonpines/,UNKNOWN,"VERIFIED (public topic pages; sample, not full account history)"
tasnim_amara_,1,58000.0,662.0,5100000.0,5100000.0,5100000.0,87.93103448275862,87.93103448275862,2.4878048780487805,4.472041898246852,2026-06-30T00:59:55.191000+00:00,2026-06-30T00:59:55.191000+00:00,monaco,lifestyle_influencer,real_footage,classical_luxury,lobby_common,real_existing,en,0.0,https://www.instagram.com/reel/DaMNg3vMpXG/,https://www.instagram.com/tasnim_amara_/,"VERIFIED (public embed page, rounded, 2026-09-25)","VERIFIED (public topic pages; sample, not full account history)"
interiorsby_nn_designstudio,1,5000.0,394.0,5000000.0,5000000.0,5000000.0,1000.0,1000.0,55.0357732526142,111.66222065369881,2024-06-02T05:29:50.963000+00:00,2024-06-02T05:29:50.963000+00:00,luxury-home-theater-ideas,designer_studio,real_footage,modern_luxury,home_theater,real_existing,en,0.0,https://www.instagram.com/reel/C7s52pNPGQs/,https://www.instagram.com/interiorsby_nn_designstudio/,"VERIFIED (public embed page, rounded, 2026-09-25)","VERIFIED (public topic pages; sample, not full account history)"
architectkhyatisaini,1,11000.0,138.0,5000000.0,5000000.0,5000000.0,454.54545454545456,454.54545454545456,2.1739130434782608,14.164320283354003,2026-04-19T13:11:37.742000+00:00,2026-04-19T13:11:37.742000+00:00,dream-home,designer_studio,ai_generated,rustic_cozy,terrace_outdoor,aspirational_realistic,en,1.0,https://www.instagram.com/reel/DXUIBEajIwd/,https://www.instagram.com/architectkhyatisaini/,"VERIFIED (public embed page, rounded, 2026-09-25)","VERIFIED (public topic pages; sample, not full account history)"
thesecretgardenglamping,1,337000.0,1373.0,5000000.0,5000000.0,5000000.0,14.836795252225519,14.836795252225519,3.125,6.286323210655367,2023-10-24T18:09:15.217000+00:00,2023-10-24T18:09:15.217000+00:00,treehouse-hotel,other,,,,,en,,https://www.instagram.com/reel/CyyoSb8MreO/,https://www.instagram.com/thesecretgardenglamping/,"VERIFIED (public embed page, rounded, 2026-09-25)","VERIFIED (public topic pages; sample, not full account history)"
chasiteyy,1,164000.0,1336.0,5000000.0,5000000.0,5000000.0,30.48780487804878,30.48780487804878,1.2987012987012987,2.6019103575552336,2024-07-26T19:39:26.622000+00:00,2024-07-26T19:39:26.622000+00:00,cozy-rain,lifestyle_influencer,real_footage,rustic_cozy,terrace_outdoor,real_existing,en,0.0,https://www.instagram.com/reel/C95eAgivlvI/,https://www.instagram.com/chasiteyy/,"VERIFIED (public embed page, rounded, 2026-09-25)","VERIFIED (public topic pages; sample, not full account history)"
eliyahu_zeituni,1,705000.0,596.0,5000000.0,5000000.0,5000000.0,7.092198581560283,7.092198581560283,2.7027027027027026,6.3548697328685995,2026-01-28T13:34:48.097000+00:00,2026-01-28T13:34:48.097000+00:00,infinity-pools,contractor_trade,3d_render,minimalist,pool,aspirational_realistic,en,0.0,https://www.instagram.com/reel/DUDmR6kDKby/,https://www.instagram.com/eliyahu_zeituni/,"VERIFIED (public embed page, rounded, 2026-09-25)","VERIFIED (public topic pages; sample, not full account history)"
uniqchalets,4,684000.0,655.0,1475500.0,5000000.0,8054000.0,2.1571637426900585,7.309941520467836,1.7585953300239014,0.8652109591244993,2024-08-20T08:54:21.045000+00:00,2026-09-20T08:58:16.245000+00:00,chalet;lake-house,theme_page,real_footage,scandinavian,terrace_outdoor,real_existing,en,0.0,https://www.instagram.com/reel/DdJPLxqMGaP/,https://www.instagram.com/uniqchalets/,"VERIFIED (public embed page, rounded, 2026-09-25)","VERIFIED (public topic pages; sample, not full account history)"
meolafrancesco,1,806000.0,2256.0,4900000.0,4900000.0,4900000.0,6.079404466501241,6.079404466501241,2.0260492040520983,3.554031534657694,2024-03-17T16:21:59.733000+00:00,2024-03-17T16:21:59.733000+00:00,lake-como-villa,lifestyle_influencer,real_footage,classical_luxury,terrace_outdoor,real_existing,en,0.0,https://www.instagram.com/reel/C4nzRuuIns9/,https://www.instagram.com/meolafrancesco/,"VERIFIED (public embed page, rounded, 2026-09-25)","VERIFIED (public topic pages; sample, not full account history)"
aureliestory,5,3000000.0,2696.0,3200000.0,4900000.0,13897000.0,1.0666666666666667,1.6333333333333333,16.842105263157894,1.882594964725365,2024-05-06T17:42:34.462000+00:00,2026-08-28T18:37:02.953000+00:00,dubai-luxury;ibiza-luxury-villas-sea-view;marrakech-riad;rooftop-pool;saudi-arabia-architecture,lifestyle_influencer,real_footage,modern_luxury,pool,real_existing,en,0.0,https://www.instagram.com/reel/DcmBZJINnDz/,https://www.instagram.com/aureliestory/,"VERIFIED (public embed page, rounded, 2026-09-25)","VERIFIED (public topic pages; sample, not full account history)"
hockinghillstreehousecabins,1,264000.0,1151.0,4900000.0,4900000.0,4900000.0,18.560606060606062,18.560606060606062,3.0625,6.905743502807961,2023-04-11T21:30:21.960000+00:00,2023-04-11T21:30:21.960000+00:00,treehouse-hotel,other,real_footage,rustic_cozy,kitchen,real_existing,en,0.0,https://www.instagram.com/reel/Cq6Tf7Xu5AO/,https://www.instagram.com/hockinghillstreehousecabins/,"VERIFIED (public embed page, rounded, 2026-09-25)","VERIFIED (public topic pages; sample, not full account history)"
ourabi_1,1,219000.0,393.0,4800000.0,4800000.0,4800000.0,21.91780821917808,21.91780821917808,1.2972972972972974,2.372363189756633,2025-12-15T06:54:04.211000+00:00,2025-12-15T06:54:04.211000+00:00,dubai-luxury,lifestyle_influencer,real_footage,modern_luxury,other,real_existing,en,0.0,https://www.instagram.com/reel/DSRlcXtD7Ex/,https://www.instagram.com/ourabi_1/,"VERIFIED (public embed page, rounded, 2026-09-25)","VERIFIED (public topic pages; sample, not full account history)"
alecmonopoly,1,2000000.0,740.0,4800000.0,4800000.0,4800000.0,2.4,2.4,3.6923076923076925,0.8037923882628795,2026-08-02T12:50:00.852000+00:00,2026-08-02T12:50:00.852000+00:00,mykonos,lifestyle_influencer,real_footage,traditional_regional,none_person_only,real_existing,en,0.0,https://www.instagram.com/reel/DbidAodypdn/,https://www.instagram.com/alecmonopoly/,"VERIFIED (public embed page, rounded, 2026-09-25)","VERIFIED (public topic pages; sample, not full account history)"
mycozeebed,1,27000.0,143.0,4700000.0,4700000.0,4700000.0,174.07407407407408,174.07407407407408,1.3428571428571427,17.17878469337612,2025-09-19T23:53:54.288000+00:00,2025-09-19T23:53:54.288000+00:00,dream-room,lifestyle_influencer,real_footage,glam_feminine,bedroom,real_existing,en,0.0,https://www.instagram.com/reel/DOzY_vLgA0U/,https://www.instagram.com/mycozeebed/,"VERIFIED (public embed page, rounded, 2026-09-25)","VERIFIED (public topic pages; sample, not full account history)"
crbengineer,1,22000.0,853.0,4700000.0,4700000.0,4700000.0,213.63636363636363,213.63636363636363,0.4,0.7432226777694724,2026-02-24T01:43:49.642000+00:00,2026-02-24T01:43:49.642000+00:00,architecture,contractor_trade,ai_generated,other,bathroom,aspirational_realistic,en,1.0,https://www.instagram.com/reel/DVH2YNYk1i9/,https://www.instagram.com/crbengineer/,"VERIFIED (public embed page, rounded, 2026-09-25)","VERIFIED (public topic pages; sample, not full account history)"
shieldvipbodyguards,1,9000.0,116.0,4700000.0,4700000.0,4700000.0,522.2222222222222,522.2222222222222,3.6153846153846154,9.853211783127218,2026-06-27T21:36:55.368000+00:00,2026-06-27T21:36:55.368000+00:00,mykonos,other,real_footage,traditional_regional,other,real_existing,en,0.0,https://www.instagram.com/reel/DaGssU3sG6g/,https://www.instagram.com/shieldvipbodyguards/,"VERIFIED (public embed page, rounded, 2026-09-25)","VERIFIED (public topic pages; sample, not full account history)"
luxuryhouseview,10,389000.0,961.0,158000.0,4700000.0,10546300.0,0.40616966580976865,12.082262210796916,0.6980074719800747,0.6481073411829925,2025-09-01T21:19:48.702000+00:00,2026-06-22T20:45:31.535000+00:00,dream-home;futuristic-home;futuristic-house;futuristic-houses;futuristic-interior;glass-house-photos;luxury-bedroom;luxury-homes;luxury-house;luxury-house-tour;luxury-interior;luxury-interior-design;luxury-penthouse;modern-luxury-house-interiors;modern-villa;villa-with-pool,theme_page,ai_generated,modern_luxury,living_room,stylized_dreamy,en,0.5,https://www.instagram.com/reel/DOExDYCiEYm/,https://www.instagram.com/luxuryhouseview/,"VERIFIED (public embed page, rounded, 2026-09-25)","VERIFIED (public topic pages; sample, not full account history)"
im_ericwang,1,1000000.0,449.0,4700000.0,4700000.0,4700000.0,4.7,4.7,12.020460358056265,3.3690032187924523,2026-09-04T21:00:46.353000+00:00,2026-09-04T21:00:46.353000+00:00,mid-century-modern,lifestyle_influencer,real_footage,mid_century,stairs_hall,real_existing,en,0.0,https://www.instagram.com/reel/Dc4TZ7cSw6J/,https://www.instagram.com/im_ericwang/,"VERIFIED (public embed page, rounded, 2026-09-25)","VERIFIED (public topic pages; sample, not full account history)"
poppet_tales,1,11000.0,28.0,4700000.0,4700000.0,4700000.0,427.27272727272725,427.27272727272725,5.449275362318841,14.950662648112907,2026-09-16T00:02:15.043000+00:00,2026-09-16T00:02:15.043000+00:00,dream-house,ai_creator,ai_generated,other,exterior_facade,stylized_dreamy,en,1.0,https://www.instagram.com/reel/DdU86vVKLSA/,https://www.instagram.com/poppet_tales/,"VERIFIED (public embed page, rounded, 2026-09-25)","VERIFIED (public topic pages; sample, not full account history)"
processlabstudio,1,10000.0,32.0,4600000.0,4600000.0,4600000.0,460.0,460.0,4.146011716989635,26.824319246507734,2026-03-13T17:20:38.766000+00:00,2026-03-13T17:20:38.766000+00:00,underground-house,ai_creator,ai_generated,modern_luxury,exterior_facade,aspirational_realistic,en,1.0,https://www.instagram.com/reel/DV1TGjKguzz/,https://www.instagram.com/processlabstudio/,"VERIFIED (public embed page, rounded, 2026-09-25)","VERIFIED (public topic pages; sample, not full account history)"
pmkpod,1,23000.0,206.0,4600000.0,4600000.0,4600000.0,200.0,200.0,6.020942408376963,9.90586803095363,2026-02-01T08:28:04.596000+00:00,2026-02-01T08:28:04.596000+00:00,outdoor-kitchen,brand_manufacturer,real_footage,modern_luxury,kitchen,real_existing,en,0.0,https://www.instagram.com/reel/DUNWW5NiL9l/,https://www.instagram.com/pmkpod/,"VERIFIED (public embed page, rounded, 2026-09-25)","VERIFIED (public topic pages; sample, not full account history)"
toptravelplaces_,2,315000.0,2059.0,2313850.0,4600000.0,4627700.0,7.345555555555555,14.603174603174603,41.69099099099099,22.630462669554994,2025-07-21T18:28:54.062000+00:00,2026-01-02T13:13:00.161000+00:00,bora-bora-luxury-hotels;maldives-resort;overwater-villa,theme_page,real_footage,tropical,exterior_facade,real_existing,en,0.0,https://www.instagram.com/reel/DTAnHgUEhg4/,https://www.instagram.com/toptravelplaces_/,"VERIFIED (public embed page, rounded, 2026-09-25)","VERIFIED (public topic pages; sample, not full account history)"
capsulecastle_tinyhome,1,14000.0,200.0,4600000.0,4600000.0,4600000.0,328.57142857142856,328.57142857142856,43.498817966903076,61.18201409876615,2026-05-13T07:51:19.652000+00:00,2026-05-13T07:51:19.652000+00:00,capsule-castle-luxury-space-capsule-houses,brand_manufacturer,real_footage,futuristic,exterior_facade,real_existing,en,0.0,https://www.instagram.com/reel/DYRWcHFg0hG/,https://www.instagram.com/capsulecastle_tinyhome/,"VERIFIED (public embed page, rounded, 2026-09-25)","VERIFIED (public topic pages; sample, not full account history)"
lawrencewalton_,4,547000.0,560.0,1001000.0,4500000.0,6526800.0,1.829981718464351,8.226691042047532,1.1456987964131065,0.7490730473356578,2025-03-30T07:40:31.998000+00:00,2026-07-10T20:25:20.263000+00:00,amalfi-coast;luxury-resort;maldives-villa;underwater-hotel,lifestyle_influencer,real_footage,futuristic,pool,real_existing,en,0.0,https://www.instagram.com/reel/DaMxFSsurc5/,https://www.instagram.com/lawrencewalton_/,"VERIFIED (public embed page, rounded, 2026-09-25)","VERIFIED (public topic pages; sample, not full account history)"
pune_designer,1,15000.0,136.0,4500000.0,4500000.0,4500000.0,300.0,300.0,3.6,6.500195444299254,2026-04-08T04:32:51.864000+00:00,2026-04-08T04:32:51.864000+00:00,kitchen-design,designer_studio,real_footage,modern_luxury,kitchen,real_existing,en,0.0,https://www.instagram.com/reel/DW2355fiMXs/,https://www.instagram.com/pune_designer/,"VERIFIED (public embed page, rounded, 2026-09-25)","VERIFIED (public topic pages; sample, not full account history)"
tripuntraveled,1,86000.0,1096.0,4500000.0,4500000.0,4500000.0,52.325581395348834,52.325581395348834,5.9760956175298805,8.671460393458801,2026-07-06T14:49:00.470000+00:00,2026-07-06T14:49:00.470000+00:00,cabins,lifestyle_influencer,real_footage,traditional_regional,exterior_facade,real_existing,en,0.0,https://www.instagram.com/reel/DadJKiuzUIt/,https://www.instagram.com/tripuntraveled/,"VERIFIED (public embed page, rounded, 2026-09-25)","VERIFIED (public topic pages; sample, not full account history)"
georgios_tataridis,2,321000.0,321.0,2630500.0,4500000.0,5261000.0,8.194704049844237,14.018691588785046,7.7798523018283605,3.279912647675343,2026-01-22T12:21:26.477000+00:00,2026-03-26T13:41:55.408000+00:00,dubai-luxury-interior-design-trends;futuristic-interior;luxury-bedroom-design;luxury-interior,designer_studio,3d_render,dark_luxury,bedroom,aspirational_realistic,en,0.0,https://www.instagram.com/reel/DWWYZ87iiV4/,https://www.instagram.com/georgios_tataridis/,"VERIFIED (public embed page, rounded, 2026-09-25)","VERIFIED (public topic pages; sample, not full account history)"
customcontainerliving,1,83000.0,530.0,4500000.0,4500000.0,4500000.0,54.21686746987952,54.21686746987952,8.982035928143713,14.133144771915521,2023-11-15T18:49:17.166000+00:00,2023-11-15T18:49:17.166000+00:00,container-house,brand_manufacturer,real_footage,industrial,exterior_facade,real_existing,en,0.0,https://www.instagram.com/reel/CzrWW5KuLZV/,https://www.instagram.com/customcontainerliving/,"VERIFIED (public embed page, rounded, 2026-09-25)","VERIFIED (public topic pages; sample, not full account history)"
gumaanresorts,1,22000.0,147.0,4400000.0,4400000.0,4400000.0,200.0,200.0,198.19819819819818,124.082170863799,2025-06-15T14:25:34.492000+00:00,2025-06-15T14:25:34.492000+00:00,hunza-valley-luxury-resorts,other,real_footage,other,hotel_room,real_existing,en,0.0,https://www.instagram.com/reel/DK7LpKhtdth/,https://www.instagram.com/gumaanresorts/,"VERIFIED (public embed page, rounded, 2026-09-25)","VERIFIED (public topic pages; sample, not full account history)"
idkwip_hiii,1,,,4400000.0,4400000.0,4400000.0,,,1.6603773584905661,,2025-08-07T02:12:59.569000+00:00,2025-08-07T02:12:59.569000+00:00,ai-art,,,,,,,,https://www.instagram.com/reel/DNCV78sILmt/,https://www.instagram.com/idkwip_hiii/,UNKNOWN,"VERIFIED (public topic pages; sample, not full account history)"
dubai._dreamer,1,150000.0,558.0,4400000.0,4400000.0,4400000.0,29.333333333333332,29.333333333333332,1.1891891891891893,2.595729196670662,2025-04-02T12:11:49.113000+00:00,2025-04-02T12:11:49.113000+00:00,dubai-luxury,theme_page,real_footage,other,other,real_existing,en,0.0,https://www.instagram.com/reel/DH8ZgwQC7Yy/,https://www.instagram.com/dubai._dreamer/,"VERIFIED (public embed page, rounded, 2026-09-25)","VERIFIED (public topic pages; sample, not full account history)"
ayeshadeary5,4,16500.0,28.0,368000.0,4400000.0,5165800.0,22.581439393939394,275.0,0.420210656266963,1.3262934829723705,2024-07-29T10:44:32.982000+00:00,2025-09-14T10:30:48.601000+00:00,dream-bedroom;dream-bedrooms,theme_page,ai_generated,rustic_cozy,bedroom,stylized_dreamy,en,1.0,https://www.instagram.com/reel/C-APLc-yI85/,https://www.instagram.com/ayeshadeary5/,"VERIFIED (public embed page, rounded, 2026-09-25)","VERIFIED (public topic pages; sample, not full account history)"
karachidaily_information,1,,,4400000.0,4400000.0,4400000.0,,,6.048109965635739,,2026-09-23T09:57:16.039000+00:00,2026-09-23T09:57:16.039000+00:00,furniture-design,,,,,,,,https://www.instagram.com/reel/DdoCk5XIV2q/,https://www.instagram.com/karachidaily_information/,UNKNOWN,"VERIFIED (public topic pages; sample, not full account history)"
mohsin_kamal7,1,102000.0,729.0,4400000.0,4400000.0,4400000.0,43.13725490196079,43.13725490196079,11.671087533156498,14.265040382123857,2025-05-15T17:46:12.528000+00:00,2025-05-15T17:46:12.528000+00:00,saudi-arabia-architecture,lifestyle_influencer,real_footage,futuristic,exterior_facade,real_existing,en,0.0,https://www.instagram.com/reel/DJrt9hroUr2/,https://www.instagram.com/mohsin_kamal7/,"VERIFIED (public embed page, rounded, 2026-09-25)","VERIFIED (public topic pages; sample, not full account history)"
surendra_garhwal__,1,2000000.0,1338.0,4300000.0,4300000.0,4300000.0,2.15,2.15,30.3886925795053,3.972736661690999,2023-04-20T16:51:19.357000+00:00,2023-04-20T16:51:19.357000+00:00,rain-sounds,theme_page,unclear,other,garden_landscape,stylized_dreamy,en,0.0,https://www.instagram.com/reel/CrQ-uByM9t-/,https://www.instagram.com/surendra_garhwal__/,"VERIFIED (public embed page, rounded, 2026-09-25)","VERIFIED (public topic pages; sample, not full account history)"
iselin.travel,3,22000.0,323.0,893000.0,4300000.0,5289200.0,40.59090909090909,195.45454545454547,2.4354430379746836,3.3609098614901396,2026-01-11T15:40:56.293000+00:00,2026-04-09T11:59:30.047000+00:00,beach-house;dream-life;future-house;tropical-house,lifestyle_influencer,real_footage,tropical,garden_landscape,real_existing,en,0.0,https://www.instagram.com/reel/DTYDM5GCPg1/,https://www.instagram.com/iselin.travel/,"VERIFIED (public embed page, rounded, 2026-09-25)","VERIFIED (public topic pages; sample, not full account history)"
hafezi.architects,4,606000.0,359.0,368000.0,4300000.0,5174000.0,0.6072607260726073,7.095709570957096,4.194727136598081,1.1512510615583502,2024-05-31T09:08:50.281000+00:00,2026-03-30T11:23:32.672000+00:00,beverly-hills-mansion;desert-modern-house-tours;jamesedition-luxury-homes;luxury-interior,designer_studio,ai_generated,classical_luxury,exterior_facade,aspirational_realistic,en,0.75,https://www.instagram.com/reel/C7oJU0IMutA/,https://www.instagram.com/hafezi.architects/,"VERIFIED (public embed page, rounded, 2026-09-25)","VERIFIED (public topic pages; sample, not full account history)"
novahotelboutique,1,4000.0,108.0,4200000.0,4200000.0,4200000.0,1050.0,1050.0,70.76663858466723,97.37338020519081,2026-05-13T16:07:33.659000+00:00,2026-05-13T16:07:33.659000+00:00,boutique-hotel,other,real_footage,modern_luxury,hotel_room,real_existing,other,0.0,https://www.instagram.com/reel/DYSPOohMh_d/,https://www.instagram.com/novahotelboutique/,"VERIFIED (public embed page, rounded, 2026-09-25)","VERIFIED (public topic pages; sample, not full account history)"
anderalencar,2,478000.0,3743.0,2363000.0,4200000.0,4726000.0,4.943514644351465,8.786610878661088,6.804524842452767,3.4677596995288837,2024-01-17T22:02:51.003000+00:00,2024-02-21T21:50:23.930000+00:00,ai-architecture;ai-render,designer_studio,3d_render,organic_modern,exterior_facade,aspirational_realistic,en,0.5,https://www.instagram.com/reel/C2N6luRLzhO/,https://www.instagram.com/anderalencar/,"VERIFIED (public embed page, rounded, 2026-09-25)","VERIFIED (public topic pages; sample, not full account history)"
cozyzen.ai,3,498000.0,2305.0,27000.0,4100000.0,4145300.0,0.05421686746987952,8.23293172690763,0.4854111405835544,0.11881844390677702,2024-08-05T06:17:42.795000+00:00,2026-08-28T16:28:12.264000+00:00,ai-cozy-cabin;ai-house,ai_creator,ai_generated,rustic_cozy,bedroom,stylized_dreamy,en,1.0,https://www.instagram.com/reel/C-RyNNZMIaO/,https://www.instagram.com/cozyzen.ai/,"VERIFIED (public embed page, rounded, 2026-09-25)","VERIFIED (public topic pages; sample, not full account history)"
dshousetransformation,1,441000.0,176.0,4100000.0,4100000.0,4100000.0,9.297052154195011,9.297052154195011,4.16243654822335,3.9773834271935553,2025-12-17T14:00:30.016000+00:00,2025-12-17T14:00:30.016000+00:00,ai-home-design,ai_creator,ai_generated,other,bedroom,aspirational_realistic,en,1.0,https://www.instagram.com/reel/DSXf1Yzj91c/,https://www.instagram.com/dshousetransformation/,"VERIFIED (public embed page, rounded, 2026-09-25)","VERIFIED (public topic pages; sample, not full account history)"
jad.soflo,1,19000.0,187.0,4100000.0,4100000.0,4100000.0,215.78947368421052,215.78947368421052,3.6639857015192137,8.136196411458807,2026-08-10T12:45:55.386000+00:00,2026-08-10T12:45:55.386000+00:00,luxury-real-estate,real_estate,real_footage,modern_luxury,exterior_facade,real_existing,en,0.0,https://www.instagram.com/reel/Db3C5qwyORl/,https://www.instagram.com/jad.soflo/,"VERIFIED (public embed page, rounded, 2026-09-25)","VERIFIED (public topic pages; sample, not full account history)"
astralgate.ai,2,44000.0,207.0,2061850.0,4100000.0,4123700.0,46.86022727272727,93.18181818181819,0.778056603773585,1.7185736863122734,2026-05-23T00:05:25.349000+00:00,2026-07-02T20:12:25.330000+00:00,ai-art,ai_creator,ai_generated,classical_luxury,other,fantasy_impossible,en,1.0,https://www.instagram.com/reel/DaTa_zMs6HT/,https://www.instagram.com/astralgate.ai/,"VERIFIED (public embed page, rounded, 2026-09-25)","VERIFIED (public topic pages; sample, not full account history)"
millionaire1ife,1,172000.0,4.0,4100000.0,4100000.0,4100000.0,23.837209302325583,23.837209302325583,8.807733619763695,11.7351591634853,2025-06-17T16:28:34.085000+00:00,2025-06-17T16:28:34.085000+00:00,luxury-lifestyle,theme_page,real_footage,other,other,real_existing,en,0.0,https://www.instagram.com/reel/DLAjTvmIRre/,https://www.instagram.com/millionaire1ife/,"VERIFIED (public embed page, rounded, 2026-09-25)","VERIFIED (public topic pages; sample, not full account history)"
dwanderess,2,399000.0,1843.0,2074000.0,4000000.0,4148000.0,5.197994987468672,10.025062656641603,0.8718073436452597,2.0745324293066574,2026-02-26T20:39:34.478000+00:00,2026-05-14T15:53:17.812000+00:00,amalfi-coast;lake-como-villa,lifestyle_influencer,real_footage,mediterranean,garden_landscape,real_existing,en,0.0,https://www.instagram.com/reel/DVPB8a6kReM/,https://www.instagram.com/dwanderess/,"VERIFIED (public embed page, rounded, 2026-09-25)","VERIFIED (public topic pages; sample, not full account history)"
whatif.real,2,385000.0,71.0,2047500.0,3900000.0,4095000.0,5.3181818181818175,10.12987012987013,43.03095304602638,15.693196183261561,2025-05-02T13:46:57.232000+00:00,2025-05-07T13:55:58.043000+00:00,cliff-house;luxury-homes-on-the-amalfi-coast,ai_creator,ai_generated,mediterranean,exterior_facade,stylized_dreamy,en,1.0,https://www.instagram.com/reel/DJJ0Py7tCT0/,https://www.instagram.com/whatif.real/,"VERIFIED (public embed page, rounded, 2026-09-25)","VERIFIED (public topic pages; sample, not full account history)"
caropeony,2,507000.0,1410.0,2006500.0,3900000.0,4013000.0,3.9575936883629192,7.6923076923076925,3.6200737247248873,1.286063150436658,2024-08-06T15:14:10.687000+00:00,2025-04-24T15:13:44.394000+00:00,cozy-bedroom-ideas;cozy-room,lifestyle_influencer,real_footage,scandinavian,bedroom,real_existing,en,0.0,https://www.instagram.com/reel/C-VUZRTMG6D/,https://www.instagram.com/caropeony/,"VERIFIED (public embed page, rounded, 2026-09-25)","VERIFIED (public topic pages; sample, not full account history)"
moonsleep.co,1,148000.0,150.0,3900000.0,3900000.0,3900000.0,26.35135135135135,26.35135135135135,3.12,6.180263601038252,2026-03-10T15:46:11.158000+00:00,2026-03-10T15:46:11.158000+00:00,bedroom-decor,brand_manufacturer,real_footage,rustic_cozy,bedroom,real_existing,en,0.0,https://www.instagram.com/reel/DVtZ6E-jYeI/,https://www.instagram.com/moonsleep.co/,"VERIFIED (public embed page, rounded, 2026-09-25)","VERIFIED (public topic pages; sample, not full account history)"
luxuviouz,1,16000.0,80.0,3900000.0,3900000.0,3900000.0,243.75,243.75,1.054054054054054,6.553238640704326,2024-10-18T11:17:15.458000+00:00,2024-10-18T11:17:15.458000+00:00,dubai-luxury,theme_page,real_footage,modern_luxury,pool,real_existing,en,0.0,https://www.instagram.com/reel/DBQ3T40sm6V/,https://www.instagram.com/luxuviouz/,"VERIFIED (public embed page, rounded, 2026-09-25)","VERIFIED (public topic pages; sample, not full account history)"
hm_architecture078,1,11000.0,112.0,3900000.0,3900000.0,3900000.0,354.54545454545456,354.54545454545456,1.6956521739130435,11.048169821016131,2026-04-18T09:50:16.196000+00:00,2026-04-18T09:50:16.196000+00:00,dream-home,designer_studio,3d_render,dark_luxury,other,aspirational_realistic,en,0.0,https://www.instagram.com/reel/DXRMLZVjWUC/,https://www.instagram.com/hm_architecture078/,"VERIFIED (public embed page, rounded, 2026-09-25)","VERIFIED (public topic pages; sample, not full account history)"
propertymatter7,1,847000.0,2090.0,3800000.0,3800000.0,3800000.0,4.48642266824085,4.48642266824085,2.1714285714285713,2.300127354358776,2025-02-25T18:35:31.991000+00:00,2025-02-25T18:35:31.991000+00:00,luxury-house,real_estate,real_footage,modern_luxury,exterior_facade,real_existing,en,0.0,https://www.instagram.com/reel/DGgYzqfCnkk/,https://www.instagram.com/propertymatter7/,"VERIFIED (public embed page, rounded, 2026-09-25)","VERIFIED (public topic pages; sample, not full account history)"
inakiencasas,2,238000.0,185.0,2400000.0,3800000.0,4800000.0,10.084033613445378,15.966386554621849,27.24173117522871,13.657595112027396,2025-09-26T18:58:11.484000+00:00,2026-08-24T18:10:19.428000+00:00,desert-house-interior-design-ideas;tulum,real_estate,real_footage,minimalist,exterior_facade,real_existing,en,0.0,https://www.instagram.com/reel/DPE4t_hkfJ2/,https://www.instagram.com/inakiencasas/,"VERIFIED (public embed page, rounded, 2026-09-25)","VERIFIED (public topic pages; sample, not full account history)"
fortune.sketches,2,791000.0,1414.0,1926000.0,3800000.0,3852000.0,2.4348925410872315,4.804045512010114,9.456191243620736,2.912072715351244,2024-09-04T17:25:14.352000+00:00,2025-11-27T15:30:07.384000+00:00,future-home;mountain-house,theme_page,ai_generated,mediterranean,exterior_facade,aspirational_realistic,en,1.0,https://www.instagram.com/reel/C_gOckLuO36/,https://www.instagram.com/fortune.sketches/,"VERIFIED (public embed page, rounded, 2026-09-25)","VERIFIED (public topic pages; sample, not full account history)"
zohrastacey,1,98000.0,214.0,3800000.0,3800000.0,3800000.0,38.775510204081634,38.775510204081634,6.767586821015138,2.515883379175875,2026-01-24T00:31:52.417000+00:00,2026-01-24T00:31:52.417000+00:00,cozy-rain;rain-cozy;rainy-day,lifestyle_influencer,real_footage,rustic_cozy,bedroom,real_existing,en,0.0,https://www.instagram.com/reel/DT35gFED4kH/,https://www.instagram.com/zohrastacey/,"VERIFIED (public embed page, rounded, 2026-09-25)","VERIFIED (public topic pages; sample, not full account history)"
theharper_home,1,288000.0,652.0,3800000.0,3800000.0,3800000.0,13.194444444444445,13.194444444444445,4.840764331210191,2.898719788184987,2022-06-24T06:42:48.578000+00:00,2022-06-24T06:42:48.578000+00:00,dream-bedroom-decor-ideas,lifestyle_influencer,real_footage,glam_feminine,bedroom,real_existing,en,0.0,https://www.instagram.com/reel/CfLampUqnSP/,https://www.instagram.com/theharper_home/,"VERIFIED (public embed page, rounded, 2026-09-25)","VERIFIED (public topic pages; sample, not full account history)"
katie.fischer,2,555000.0,944.0,2450000.0,3800000.0,4900000.0,4.414414414414415,6.846846846846847,6.694681355129116,2.2111400121617057,2024-07-25T20:11:44.931000+00:00,2024-08-29T20:08:04.665000+00:00,cottagecore-living-room-design;home-decor-ideas,lifestyle_influencer,real_footage,organic_modern,living_room,real_existing,en,0.0,https://www.instagram.com/reel/C_RET-wA12c/,https://www.instagram.com/katie.fischer/,"VERIFIED (public embed page, rounded, 2026-09-25)","VERIFIED (public topic pages; sample, not full account history)"
zuber_zooby,1,273000.0,1844.0,3700000.0,3700000.0,3700000.0,13.553113553113553,13.553113553113553,22.22222222222222,8.932355810445232,2025-10-10T11:00:15.647000+00:00,2025-10-10T11:00:15.647000+00:00,villa-with-pool,lifestyle_influencer,real_footage,other,pool,real_existing,en,0.0,https://www.instagram.com/reel/DPoFJxjDDUH/,https://www.instagram.com/zuber_zooby/,"VERIFIED (public embed page, rounded, 2026-09-25)","VERIFIED (public topic pages; sample, not full account history)"
hannahninavr,1,14000.0,814.0,3700000.0,3700000.0,3700000.0,264.2857142857143,264.2857142857143,9.711286089238845,25.417315092187938,2026-07-20T22:04:07.452000+00:00,2026-07-20T22:04:07.452000+00:00,cozy-cabin,lifestyle_influencer,real_footage,rustic_cozy,exterior_facade,real_existing,en,0.0,https://www.instagram.com/reel/DbB-FrhiTtE/,https://www.instagram.com/hannahninavr/,"VERIFIED (public embed page, rounded, 2026-09-25)","VERIFIED (public topic pages; sample, not full account history)"
stylishnorrastudios,2,40000.0,502.0,2227500.0,3700000.0,4455000.0,55.6875,92.5,10.432313449262601,11.280231563475885,2026-06-20T18:06:14.065000+00:00,2026-07-15T18:25:26.784000+00:00,industrial-chic-interior-design;modern-architecture,designer_studio,ai_generated,biophilic,dining,aspirational_realistic,en,0.5,https://www.instagram.com/reel/DZ0TBEsOgkU/,https://www.instagram.com/stylishnorrastudios/,"VERIFIED (public embed page, rounded, 2026-09-25)","VERIFIED (public topic pages; sample, not full account history)"
mt.constructiondiary,1,370000.0,37.0,3700000.0,3700000.0,3700000.0,10.0,10.0,1.3962264150943395,0.8636192054944954,2026-07-03T14:41:17.710000+00:00,2026-07-03T14:41:17.710000+00:00,treehouse,ai_creator,ai_generated,other,garden_landscape,stylized_dreamy,en,1.0,https://www.instagram.com/reel/DaVZ5bazq-8/,https://www.instagram.com/mt.constructiondiary/,"VERIFIED (public embed page, rounded, 2026-09-25)","VERIFIED (public topic pages; sample, not full account history)"
siriorsinterior,2,547000.0,2727.0,2104000.0,3700000.0,4208000.0,3.846435100548446,6.764168190127971,6.045977011494253,9.147013333389435,2025-01-17T12:09:24.950000+00:00,2025-05-28T11:05:05.590000+00:00,luxury-bedroom;luxury-bedroom-design,designer_studio,3d_render,modern_luxury,bedroom,aspirational_realistic,id,0.0,https://www.instagram.com/reel/DE7Rnh-vZQf/,https://www.instagram.com/siriorsinterior/,"VERIFIED (public embed page, rounded, 2026-09-25)","VERIFIED (public topic pages; sample, not full account history)"
_fettaa,1,,,3700000.0,3700000.0,3700000.0,,,96.1038961038961,,2026-07-24T14:53:34.361000+00:00,2026-07-24T14:53:34.361000+00:00,industrial-chic-interior-design,,,,,,,,https://www.instagram.com/reel/DbLf_ugBpvN/,https://www.instagram.com/_fettaa/,UNKNOWN,"VERIFIED (public topic pages; sample, not full account history)"
islandgal_5homedecor,3,497000.0,993.0,1000000.0,3700000.0,4991000.0,2.0161290322580645,7.44466800804829,2.6455026455026456,2.843168962095715,2024-08-07T01:13:18.956000+00:00,2026-03-28T14:26:43.245000+00:00,interior-styling;modern-living-room;outdoor-living,lifestyle_influencer,real_footage,modern_luxury,living_room,real_existing,en,0.0,https://www.instagram.com/reel/C-WY9fJxYJX/,https://www.instagram.com/islandgal_5homedecor/,"VERIFIED (public embed page, rounded, 2026-09-25)","VERIFIED (public topic pages; sample, not full account history)"
selahridgeresort,1,119000.0,811.0,3700000.0,3700000.0,3700000.0,31.092436974789916,31.092436974789916,2.3125,7.5694563507024455,2025-12-22T12:00:55.281000+00:00,2025-12-22T12:00:55.281000+00:00,treehouse-hotel,other,real_footage,rustic_cozy,terrace_outdoor,real_existing,en,0.0,https://www.instagram.com/reel/DSkKH8MDKMq/,https://www.instagram.com/selahridgeresort/,"VERIFIED (public embed page, rounded, 2026-09-25)","VERIFIED (public topic pages; sample, not full account history)"
philkeandesigngroup,1,11000.0,1739.0,3700000.0,3700000.0,3700000.0,336.3636363636364,336.3636363636364,21.574344023323615,39.01508247039487,2025-12-10T21:19:11.005000+00:00,2025-12-10T21:19:11.005000+00:00,dream-closet;dreamy-walk-in-closet-designs-ideas;luxury-closet,designer_studio,real_footage,modern_luxury,closet,real_existing,en,0.0,https://www.instagram.com/reel/DSGQeRiEvi1/,https://www.instagram.com/philkeandesigngroup/,"VERIFIED (public embed page, rounded, 2026-09-25)","VERIFIED (public topic pages; sample, not full account history)"
pride_and__property,2,1000000.0,4204.0,3100000.0,3700000.0,6200000.0,3.1,3.7,7.978498769784437,2.4193852294374967,2024-06-26T18:26:50.449000+00:00,2025-12-09T16:40:12.029000+00:00,luxury-bathroom;luxury-bedroom-design,real_estate,real_footage,modern_luxury,bedroom,real_existing,en,0.0,https://www.instagram.com/reel/C8sF2f8SPUf/,https://www.instagram.com/pride_and__property/,"VERIFIED (public embed page, rounded, 2026-09-25)","VERIFIED (public topic pages; sample, not full account history)"
ericrax_,1,48000.0,10.0,3600000.0,3600000.0,3600000.0,75.0,75.0,16.551724137931036,20.089993962292887,2026-01-15T02:08:26.263000+00:00,2026-01-15T02:08:26.263000+00:00,penthouse-tour,lifestyle_influencer,real_footage,cyberpunk,stairs_hall,real_existing,en,0.0,https://www.instagram.com/reel/DTg5ZdfCUtE/,https://www.instagram.com/ericrax_/,"VERIFIED (public embed page, rounded, 2026-09-25)","VERIFIED (public topic pages; sample, not full account history)"
markmargulies,1,63000.0,577.0,3600000.0,3600000.0,3600000.0,57.142857142857146,57.142857142857146,75.86933614330874,48.09537510060773,2026-01-11T20:06:46.976000+00:00,2026-01-11T20:06:46.976000+00:00,desert-modern-house-tours,other,real_footage,organic_modern,exterior_facade,real_existing,en,0.0,https://www.instagram.com/reel/DTYhn_zkTeJ/,https://www.instagram.com/markmargulies/,"VERIFIED (public embed page, rounded, 2026-09-25)","VERIFIED (public topic pages; sample, not full account history)"
em_henderson,1,1000000.0,7333.0,3600000.0,3600000.0,3600000.0,3.6,3.6,8.500590318772137,5.203309179095555,2026-03-26T23:18:09.293000+00:00,2026-03-26T23:18:09.293000+00:00,dream-kitchen;kitchen-inspiration,designer_studio,real_footage,rustic_cozy,kitchen,real_existing,en,0.0,https://www.instagram.com/reel/DWXaWZaAefE/,https://www.instagram.com/em_henderson/,"VERIFIED (public embed page, rounded, 2026-09-25)","VERIFIED (public topic pages; sample, not full account history)"
styltechinterior_official,5,201000.0,1199.0,405000.0,3600000.0,5292500.0,2.014925373134328,17.91044776119403,0.5680224403927069,0.3833235426020042,2026-01-15T06:36:41.121000+00:00,2026-05-08T13:04:55.321000+00:00,bedroom-design;dream-bedroom-decor-ideas;hotel-bathroom-designs;kitchen-design;living-room-design;luxury-kitchen;modern-living-room,designer_studio,real_footage,modern_luxury,kitchen,real_existing,en,0.0,https://www.instagram.com/reel/DVn8laHklGZ/,https://www.instagram.com/styltechinterior_official/,"VERIFIED (public embed page, rounded, 2026-09-25)","VERIFIED (public topic pages; sample, not full account history)"
louis_brg13,1,10000.0,2.0,3600000.0,3600000.0,3600000.0,360.0,360.0,1.7560975609756098,7.182713047146334,2026-07-24T16:38:12.107000+00:00,2026-07-24T16:38:12.107000+00:00,monaco,other,real_footage,other,other,real_existing,en,0.0,https://www.instagram.com/reel/DbLr-DZAkNo/,https://www.instagram.com/louis_brg13/,"VERIFIED (public embed page, rounded, 2026-09-25)","VERIFIED (public topic pages; sample, not full account history)"
takemyhearteverywhere,3,1000000.0,1289.0,409000.0,3600000.0,4226000.0,0.409,3.6,1.1421052631578947,0.6082193000927778,2025-05-14T16:38:36.559000+00:00,2026-02-23T18:14:52.433000+00:00,lake-como-villa;luxury-homes-on-the-amalfi-coast;rooftop-pool,lifestyle_influencer,real_footage,mediterranean,garden_landscape,real_existing,en,0.0,https://www.instagram.com/reel/DVHC_-cDC3T/,https://www.instagram.com/takemyhearteverywhere/,"VERIFIED (public embed page, rounded, 2026-09-25)","VERIFIED (public topic pages; sample, not full account history)"
tereknotderek,2,231000.0,31.0,1809350.0,3600000.0,3618700.0,7.8326839826839825,15.584415584415584,4.601139437059614,5.258214221597963,2023-05-13T17:55:01.029000+00:00,2024-11-21T20:36:32.730000+00:00,dream-kitchen;houses-on-malibu-beach,lifestyle_influencer,real_footage,modern_luxury,bedroom,real_existing,en,0.0,https://www.instagram.com/reel/DCpaV_AsdaI/,https://www.instagram.com/tereknotderek/,"VERIFIED (public embed page, rounded, 2026-09-25)","VERIFIED (public topic pages; sample, not full account history)"
arteo_luxury,5,871000.0,1041.0,798000.0,3500000.0,7178100.0,0.9161882893226176,4.018369690011481,1.2839903459372486,0.5092609915461624,2024-03-02T15:00:00.600000+00:00,2025-10-12T16:36:59.607000+00:00,luxury-bathroom-design;luxury-bathroom-interior-design-inspiration;luxury-interior-design;luxury-kitchen;luxury-kitchen-design;luxury-living-room;luxury-living-room-design,designer_studio,ai_generated,modern_luxury,kitchen,aspirational_realistic,en,1.0,https://www.instagram.com/reel/DPt1R0_E6oS/,https://www.instagram.com/arteo_luxury/,"VERIFIED (public embed page, rounded, 2026-09-25)","VERIFIED (public topic pages; sample, not full account history)"
alansarii0,1,65000.0,206.0,3500000.0,3500000.0,3500000.0,53.84615384615385,53.84615384615385,6.5359477124183005,11.428058378823758,2025-08-31T08:15:55.670000+00:00,2025-08-31T08:15:55.670000+00:00,faroe-islands-luxury-villas,lifestyle_influencer,real_footage,other,other,real_existing,en,0.0,https://www.instagram.com/reel/DOAyjKeiDnr/,https://www.instagram.com/alansarii0/,"VERIFIED (public embed page, rounded, 2026-09-25)","VERIFIED (public topic pages; sample, not full account history)"
rvnxii_,2,21000.0,115.0,1769950.0,3500000.0,3539900.0,84.28333333333333,166.66666666666666,0.47836486486486485,2.618895026980326,2026-07-21T17:02:50.933000+00:00,2026-09-08T14:43:30.812000+00:00,dubai-luxury,theme_page,real_footage,other,other,real_existing,en,0.0,https://www.instagram.com/reel/DbEAZ8uNqaB/,https://www.instagram.com/rvnxii_/,"VERIFIED (public embed page, rounded, 2026-09-25)","VERIFIED (public topic pages; sample, not full account history)"
veerhomesjaipur,1,62000.0,1617.0,3500000.0,3500000.0,3500000.0,56.45161290322581,56.45161290322581,10.590015128593041,17.608363356788544,2025-10-12T06:35:41.014000+00:00,2025-10-12T06:35:41.014000+00:00,dream-house-design,real_estate,real_footage,modern_luxury,exterior_facade,real_existing,en,0.0,https://www.instagram.com/reel/DPswds-k8kt/,https://www.instagram.com/veerhomesjaipur/,"VERIFIED (public embed page, rounded, 2026-09-25)","VERIFIED (public topic pages; sample, not full account history)"
abiinteriors,1,462000.0,3757.0,3500000.0,3500000.0,3500000.0,7.575757575757576,7.575757575757576,122.37762237762237,26.369193278846247,2023-11-29T08:33:12.829000+00:00,2023-11-29T08:33:12.829000+00:00,mediterranean-house;mediterranean-villa;modern-mediterranean-houses,media_publication,real_footage,mediterranean,exterior_facade,real_existing,en,0.0,https://www.instagram.com/reel/C0OS-5SLMfO/,https://www.instagram.com/abiinteriors/,"VERIFIED (public embed page, rounded, 2026-09-25)","VERIFIED (public topic pages; sample, not full account history)"
daves_home,1,271000.0,999.0,3400000.0,3400000.0,3400000.0,12.546125461254613,12.546125461254613,24.63768115942029,8.212533056676717,2023-10-22T09:04:50.908000+00:00,2023-10-22T09:04:50.908000+00:00,minimalist-art-deco-interior-design,lifestyle_influencer,real_footage,mid_century,stairs_hall,real_existing,en,0.0,https://www.instagram.com/reel/CysgZWBsyAD/,https://www.instagram.com/daves_home/,"VERIFIED (public embed page, rounded, 2026-09-25)","VERIFIED (public topic pages; sample, not full account history)"
limarie.gabriel_realtor,1,5000.0,599.0,3400000.0,3400000.0,3400000.0,680.0,680.0,30.685920577617328,53.42264318582336,2026-04-07T02:02:57.484000+00:00,2026-04-07T02:02:57.484000+00:00,real-estate,real_estate,real_footage,other,kitchen,real_existing,en,0.0,https://www.instagram.com/reel/DW0B9E5uY3q/,https://www.instagram.com/limarie.gabriel_realtor/,"VERIFIED (public embed page, rounded, 2026-09-25)","VERIFIED (public topic pages; sample, not full account history)"
erikvanconover,1,876000.0,229.0,3400000.0,3400000.0,3400000.0,3.8812785388127855,3.8812785388127855,2.2666666666666666,0.9246610151387535,2023-03-20T12:32:34.829000+00:00,2023-03-20T12:32:34.829000+00:00,luxury-penthouse,lifestyle_influencer,real_footage,modern_luxury,terrace_outdoor,real_existing,en,0.0,https://www.instagram.com/reel/CqAsd0aAzsn/,https://www.instagram.com/erikvanconover/,"VERIFIED (public embed page, rounded, 2026-09-25)","VERIFIED (public topic pages; sample, not full account history)"
butnomatter.theroadislife,2,969000.0,1720.0,2250000.0,3300000.0,4500000.0,2.321981424148607,3.4055727554179565,17.52892561983471,4.968028921567846,2025-08-21T16:29:04.719000+00:00,2026-01-30T17:16:50.012000+00:00,amalfi-coast;ibiza-luxury-villas-sea-view,lifestyle_influencer,real_footage,mediterranean,other,real_existing,en,0.0,https://www.instagram.com/reel/DUJJR4Bjbq5/,https://www.instagram.com/butnomatter.theroadislife/,"VERIFIED (public embed page, rounded, 2026-09-25)","VERIFIED (public topic pages; sample, not full account history)"
lvrannx,1,201000.0,272.0,3300000.0,3300000.0,3300000.0,16.417910447761194,16.417910447761194,18.08219178082192,17.26238288416722,2025-08-02T21:03:36.269000+00:00,2025-08-02T21:03:36.269000+00:00,future-home,theme_page,real_footage,maximalist,stairs_hall,real_existing,en,0.0,https://www.instagram.com/reel/DM3fWa6M8e9/,https://www.instagram.com/lvrannx/,"VERIFIED (public embed page, rounded, 2026-09-25)","VERIFIED (public topic pages; sample, not full account history)"
prinzessavideo_ai,1,19000.0,45.0,3300000.0,3300000.0,3300000.0,173.68421052631578,173.68421052631578,50.30487804878049,22.247524953362042,2025-12-11T17:21:21.520000+00:00,2025-12-11T17:21:21.520000+00:00,ai-interior;ai-interior-design,ai_creator,ai_generated,minimalist,living_room,aspirational_realistic,ru,1.0,https://www.instagram.com/reel/DSIaDRLjGMU/,https://www.instagram.com/prinzessavideo_ai/,"VERIFIED (public embed page, rounded, 2026-09-25)","VERIFIED (public topic pages; sample, not full account history)"
goated_arts,1,569000.0,270.0,3300000.0,3300000.0,3300000.0,5.799648506151143,5.799648506151143,1.2452830188679245,0.8308240131830785,2026-05-05T15:40:05.534000+00:00,2026-05-05T15:40:05.534000+00:00,ai-art,ai_creator,ai_generated,other,other,fantasy_impossible,en,1.0,https://www.instagram.com/reel/DX9lucizeV0/,https://www.instagram.com/goated_arts/,"VERIFIED (public embed page, rounded, 2026-09-25)","VERIFIED (public topic pages; sample, not full account history)"
tarakanovadesign,2,347000.0,3725.0,1760500.0,3300000.0,3521000.0,5.073487031700289,9.510086455331413,32.59436829276014,6.479114027776296,2025-12-29T18:39:25.866000+00:00,2026-03-16T17:44:47.562000+00:00,luxury-interior;neoclassical-interior,designer_studio,real_footage,classical_luxury,living_room,real_existing,en,0.0,https://www.instagram.com/reel/DS25S1ojBv8/,https://www.instagram.com/tarakanovadesign/,"VERIFIED (public embed page, rounded, 2026-09-25)","VERIFIED (public topic pages; sample, not full account history)"
05kai_562,1,8000.0,37.0,3300000.0,3300000.0,3300000.0,412.5,412.5,1.11864406779661,6.254205973136439,2026-04-13T20:58:27.100000+00:00,2026-04-13T20:58:27.100000+00:00,modern-architecture,ai_creator,ai_generated,other,other,fantasy_impossible,en,1.0,https://www.instagram.com/reel/DXFgq7hpmOu/,https://www.instagram.com/05kai_562/,"VERIFIED (public embed page, rounded, 2026-09-25)","VERIFIED (public topic pages; sample, not full account history)"
the_conscious_dreamers,1,62000.0,551.0,3300000.0,3300000.0,3300000.0,53.225806451612904,53.225806451612904,1.7837837837837838,13.07495511717063,2026-03-02T12:35:46.234000+00:00,2026-03-02T12:35:46.234000+00:00,infinity-pools,lifestyle_influencer,real_footage,modern_luxury,pool,real_existing,en,0.0,https://www.instagram.com/reel/DVYdwbwk-1G/,https://www.instagram.com/the_conscious_dreamers/,"VERIFIED (public embed page, rounded, 2026-09-25)","VERIFIED (public topic pages; sample, not full account history)"
tulumbeachdiaries,1,29000.0,110.0,3300000.0,3300000.0,3300000.0,113.79310344827586,113.79310344827586,3.3,4.40726329538534,2026-09-13T20:28:11.717000+00:00,2026-09-13T20:28:11.717000+00:00,tulum,lifestyle_influencer,real_footage,tropical,other,real_existing,en,0.0,https://www.instagram.com/reel/DdPa1M2JE6l/,https://www.instagram.com/tulumbeachdiaries/,"VERIFIED (public embed page, rounded, 2026-09-25)","VERIFIED (public topic pages; sample, not full account history)"
archimyst1,1,556000.0,292.0,3200000.0,3200000.0,3200000.0,5.755395683453237,5.755395683453237,6.349206349206349,3.6094839532825818,2026-04-29T15:56:26.840000+00:00,2026-04-29T15:56:26.840000+00:00,interior-design-ideas,theme_page,ai_generated,modern_luxury,stairs_hall,aspirational_realistic,en,1.0,https://www.instagram.com/reel/DXuK0-_iKVV/,https://www.instagram.com/archimyst1/,"VERIFIED (public embed page, rounded, 2026-09-25)","VERIFIED (public topic pages; sample, not full account history)"
theelitespaces,1,22000.0,639.0,3100000.0,3100000.0,3100000.0,140.9090909090909,140.9090909090909,13.777777777777779,52.36938653877393,2024-08-03T09:01:15.589000+00:00,2024-08-03T09:01:15.589000+00:00,luxury-living-room;luxury-living-room-design,theme_page,real_footage,neoclassical,living_room,real_existing,en,0.0,https://www.instagram.com/reel/C-M7VT2POMk/,https://www.instagram.com/theelitespaces/,"VERIFIED (public embed page, rounded, 2026-09-25)","VERIFIED (public topic pages; sample, not full account history)"
med_student5,1,2000.0,90.0,3100000.0,3100000.0,3100000.0,1550.0,1550.0,0.8985507246376812,3.869326061858022,2026-04-28T17:27:40.370000+00:00,2026-04-28T17:27:40.370000+00:00,rainy-day,theme_page,real_footage,other,terrace_outdoor,real_existing,en,0.0,https://www.instagram.com/reel/DXrweQ8jCIC/,https://www.instagram.com/med_student5/,"VERIFIED (public embed page, rounded, 2026-09-25)","VERIFIED (public topic pages; sample, not full account history)"
rebeccalouise_reallife,1,264000.0,411.0,3000000.0,3000000.0,3000000.0,11.363636363636363,11.363636363636363,24.03846153846154,3.6703791091087052,2024-03-25T05:59:38.931000+00:00,2024-03-25T05:59:38.931000+00:00,walk-in-closet,lifestyle_influencer,real_footage,glam_feminine,closet,real_existing,en,0.0,https://www.instagram.com/reel/C47SahtKIlX/,https://www.instagram.com/rebeccalouise_reallife/,"VERIFIED (public embed page, rounded, 2026-09-25)","VERIFIED (public topic pages; sample, not full account history)"
sagephillipshome,1,563000.0,1214.0,3000000.0,3000000.0,3000000.0,5.328596802841918,5.328596802841918,21.52080344332855,8.481563628730724,2026-02-13T15:47:37.865000+00:00,2026-02-13T15:47:37.865000+00:00,organic-modern,lifestyle_influencer,real_footage,organic_modern,bedroom,real_existing,en,0.0,https://www.instagram.com/reel/DUtCMyYEVvs/,https://www.instagram.com/sagephillipshome/,"VERIFIED (public embed page, rounded, 2026-09-25)","VERIFIED (public topic pages; sample, not full account history)"
urban_lifestyle_lab,4,250000.0,4660.0,1060000.0,3000000.0,5133600.0,4.24,12.0,6.292226933808346,4.673374915889468,2025-10-04T23:24:41.982000+00:00,2026-03-04T22:41:34.219000+00:00,future-house;futuristic-architecture;futuristic-home;futuristic-house;futuristic-houses;luxury-homes;luxury-mansion;luxury-modern-beautiful-house,ai_creator,ai_generated,dark_luxury,exterior_facade,fantasy_impossible,en,1.0,https://www.instagram.com/reel/DTwE4CFjKFK/,https://www.instagram.com/urban_lifestyle_lab/,"VERIFIED (public embed page, rounded, 2026-09-25)","VERIFIED (public topic pages; sample, not full account history)"
eigsticonstruction,1,8000.0,172.0,3000000.0,3000000.0,3000000.0,375.0,375.0,2.4,5.814549642208083,2026-02-20T01:16:13.909000+00:00,2026-02-20T01:16:13.909000+00:00,kitchen-design,contractor_trade,real_footage,other,kitchen,real_existing,en,0.0,https://www.instagram.com/reel/DU9gCl-Du3V/,https://www.instagram.com/eigsticonstruction/,"VERIFIED (public embed page, rounded, 2026-09-25)","VERIFIED (public topic pages; sample, not full account history)"
riya_realtor,1,62000.0,690.0,3000000.0,3000000.0,3000000.0,48.38709677419355,48.38709677419355,1.7142857142857142,6.168103670596967,2025-06-13T15:41:49.748000+00:00,2025-06-13T15:41:49.748000+00:00,luxury-house,real_estate,real_footage,modern_luxury,exterior_facade,real_existing,hi,0.0,https://www.instagram.com/reel/DK2Kx6tyuNR/,https://www.instagram.com/riya_realtor/,"VERIFIED (public embed page, rounded, 2026-09-25)","VERIFIED (public topic pages; sample, not full account history)"
gamsung__stay,1,121000.0,1334.0,3000000.0,3000000.0,3000000.0,24.793388429752067,24.793388429752067,2.843601895734597,5.338446848681123,2025-01-09T10:58:49.154000+00:00,2025-01-09T10:58:49.154000+00:00,luxury-resort,theme_page,real_footage,futuristic,pool,real_existing,other,0.0,https://www.instagram.com/reel/DEmjLd0z4G9/,https://www.instagram.com/gamsung__stay/,"VERIFIED (public embed page, rounded, 2026-09-25)","VERIFIED (public topic pages; sample, not full account history)"
thehouserealty,4,265000.0,3093.0,100450.0,2900000.0,3155200.0,0.3790566037735849,10.943396226415095,0.47371504157218447,0.5626265524266054,2025-07-20T11:58:23.713000+00:00,2026-07-16T07:51:57.108000+00:00,bali-luxury-villas-with-private-pools;bali-villa;tropical-villa,real_estate,real_footage,tropical,exterior_facade,real_existing,en,0.0,https://www.instagram.com/reel/DWbYY55k3v4/,https://www.instagram.com/thehouserealty/,"VERIFIED (public embed page, rounded, 2026-09-25)","VERIFIED (public topic pages; sample, not full account history)"
alwaysstylish_home,1,437000.0,1662.0,2900000.0,2900000.0,2900000.0,6.636155606407323,6.636155606407323,3.647798742138365,3.496504680351567,2025-12-27T13:25:39.550000+00:00,2025-12-27T13:25:39.550000+00:00,amazon-home-finds,lifestyle_influencer,real_footage,other,stairs_hall,real_existing,en,0.0,https://www.instagram.com/reel/DSxLy9CgH-2/,https://www.instagram.com/alwaysstylish_home/,"VERIFIED (public embed page, rounded, 2026-09-25)","VERIFIED (public topic pages; sample, not full account history)"
caboconkaty,1,13000.0,52.0,2900000.0,2900000.0,2900000.0,223.07692307692307,223.07692307692307,2.9,5.636675526242777,2026-07-05T16:26:27.330000+00:00,2026-07-05T16:26:27.330000+00:00,tulum,lifestyle_influencer,real_footage,other,other,real_existing,en,0.0,https://www.instagram.com/reel/DaavhZUxxrL/,https://www.instagram.com/caboconkaty/,"VERIFIED (public embed page, rounded, 2026-09-25)","VERIFIED (public topic pages; sample, not full account history)"
benignitiles,1,184000.0,442.0,2900000.0,2900000.0,2900000.0,15.76086956521739,15.76086956521739,4.3026706231454,7.8549387873427445,2025-05-24T16:58:37.051000+00:00,2025-05-24T16:58:37.051000+00:00,luxury-pool,brand_manufacturer,real_footage,other,pool,real_existing,en,0.0,https://www.instagram.com/reel/DKCzq1ROSYc/,https://www.instagram.com/benignitiles/,"VERIFIED (public embed page, rounded, 2026-09-25)","VERIFIED (public topic pages; sample, not full account history)"
greenitecture,1,341000.0,1001.0,2800000.0,2800000.0,2800000.0,8.211143695014663,8.211143695014663,31.05934553521908,20.70893443635316,2024-02-13T17:09:23.157000+00:00,2024-02-13T17:09:23.157000+00:00,biophilic-design;tropical-house,theme_page,real_footage,tropical,terrace_outdoor,real_existing,en,0.0,https://www.instagram.com/reel/C3S6d8-RtGv/,https://www.instagram.com/greenitecture/,"VERIFIED (public embed page, rounded, 2026-09-25)","VERIFIED (public topic pages; sample, not full account history)"
quaintandsimple,2,26000.0,756.0,1803000.0,2800000.0,3606000.0,69.34615384615384,107.6923076923077,6.677777777777778,23.684070387585365,2024-05-29T19:18:46.425000+00:00,2025-01-23T02:23:56.171000+00:00,indoor-pool,lifestyle_influencer,real_footage,rustic_cozy,pool,real_existing,en,0.0,https://www.instagram.com/reel/DFJrYmZJDx7/,https://www.instagram.com/quaintandsimple/,"VERIFIED (public embed page, rounded, 2026-09-25)","VERIFIED (public topic pages; sample, not full account history)"
roxy_carretero,5,54000.0,525.0,674000.0,2800000.0,4894200.0,12.481481481481481,51.851851851851855,0.8052568697729988,1.060642755908438,2026-04-24T00:30:03.741000+00:00,2026-07-17T07:15:32.247000+00:00,bedroom-decor;cozy-bedroom-ideas;dream-bedroom-decor-ideas;home-decor;living-room-decor,lifestyle_influencer,real_footage,organic_modern,living_room,real_existing,en,0.0,https://www.instagram.com/reel/Da4qA2fP2XS/,https://www.instagram.com/roxy_carretero/,"VERIFIED (public embed page, rounded, 2026-09-25)","VERIFIED (public topic pages; sample, not full account history)"
luxe.visionnaire,1,26000.0,276.0,2800000.0,2800000.0,2800000.0,107.6923076923077,107.6923076923077,1.6,8.643796923037234,2025-08-08T13:38:17.172000+00:00,2025-08-08T13:38:17.172000+00:00,luxury-house,theme_page,real_footage,neoclassical,exterior_facade,real_existing,en,0.0,https://www.instagram.com/reel/DNGJKD9ytTJ/,https://www.instagram.com/luxe.visionnaire/,"VERIFIED (public embed page, rounded, 2026-09-25)","VERIFIED (public topic pages; sample, not full account history)"
ananewyork,1,,,2800000.0,2800000.0,2800000.0,,,29.803086748270356,,2023-03-29T21:37:11.794000+00:00,2023-03-29T21:37:11.794000+00:00,luxury-hotel-suite,,,,,,,,https://www.instagram.com/reel/CqY18lMp6hh/,https://www.instagram.com/ananewyork/,UNKNOWN,"VERIFIED (public topic pages; sample, not full account history)"
travelask.world,6,681000.0,764.0,1300000.0,2700000.0,8355400.0,1.9089574155653453,3.9647577092511015,9.725313915106076,3.70315851212285,2025-01-28T08:06:28.951000+00:00,2026-09-09T14:47:27.844000+00:00,arctic-treehouse-hotel-rovaniemi;cabins;como-lake-villas;marrakech-riad;mediterranean-villa;treehouse;treehouse-hotel,media_publication,ai_generated,rustic_cozy,exterior_facade,stylized_dreamy,en,0.8333333333333334,https://www.instagram.com/reel/DdEgqHFozBe/,https://www.instagram.com/travelask.world/,"VERIFIED (public embed page, rounded, 2026-09-25)","VERIFIED (public topic pages; sample, not full account history)"
neuraltransform,3,83000.0,97.0,1600000.0,2700000.0,4463000.0,19.27710843373494,32.53012048192771,1.9104477611940298,1.8499327652190842,2026-02-27T19:16:05.946000+00:00,2026-03-13T19:15:58.356000+00:00,garden-design;infinity-pools;landscape-design-ai;luxury-pool,ai_creator,ai_generated,modern_luxury,garden_landscape,aspirational_realistic,en,1.0,https://www.instagram.com/reel/DVRdL5wkkIK/,https://www.instagram.com/neuraltransform/,"VERIFIED (public embed page, rounded, 2026-09-25)","VERIFIED (public topic pages; sample, not full account history)"
liasrvz,1,17000.0,229.0,2700000.0,2700000.0,2700000.0,158.8235294117647,158.8235294117647,4.787234042553192,9.79494158805025,2026-07-31T19:19:29.484000+00:00,2026-07-31T19:19:29.484000+00:00,quiet-luxury,lifestyle_influencer,real_footage,dark_luxury,exterior_facade,real_existing,en,0.0,https://www.instagram.com/reel/Dbd__f5ssd8/,https://www.instagram.com/liasrvz/,"VERIFIED (public embed page, rounded, 2026-09-25)","VERIFIED (public topic pages; sample, not full account history)"
jaseel_pm.le,1,51000.0,343.0,2700000.0,2700000.0,2700000.0,52.94117647058823,52.94117647058823,8.463949843260188,6.638202446122667,2025-09-10T13:57:12.152000+00:00,2025-09-10T13:57:12.152000+00:00,dubai-villa,real_estate,real_footage,modern_luxury,exterior_facade,real_existing,en,0.0,https://www.instagram.com/reel/DObJje_gWha/,https://www.instagram.com/jaseel_pm.le/,"VERIFIED (public embed page, rounded, 2026-09-25)","VERIFIED (public topic pages; sample, not full account history)"
antt,2,57000.0,2.0,1428500.0,2700000.0,2857000.0,25.06140350877193,47.36842105263158,1.2609195402298852,1.394320749237006,2026-02-10T01:00:44.283000+00:00,2026-02-16T00:09:21.417000+00:00,luxury-penthouse;penthouse-tour,other,real_footage,modern_luxury,living_room,real_existing,en,0.0,https://www.instagram.com/reel/DUzFNSYDXY5/,https://www.instagram.com/antt/,"VERIFIED (public embed page, rounded, 2026-09-25)","VERIFIED (public topic pages; sample, not full account history)"
yanz_zhu,1,153000.0,381.0,2700000.0,2700000.0,2700000.0,17.647058823529413,17.647058823529413,1.0188679245283019,0.9524662860479532,2026-08-09T00:24:45.087000+00:00,2026-08-09T00:24:45.087000+00:00,treehouse,ai_creator,ai_generated,traditional_regional,exterior_facade,stylized_dreamy,en,1.0,https://www.instagram.com/reel/DbzJSSjFNDA/,https://www.instagram.com/yanz_zhu/,"VERIFIED (public embed page, rounded, 2026-09-25)","VERIFIED (public topic pages; sample, not full account history)"
petersoncabinetworks,1,29000.0,519.0,2700000.0,2700000.0,2700000.0,93.10344827586206,93.10344827586206,4.3443282381335475,6.319897590638352,2024-09-19T12:01:49.171000+00:00,2024-09-19T12:01:49.171000+00:00,luxury-kitchen;luxury-kitchen-design,contractor_trade,real_footage,modern_luxury,kitchen,real_existing,en,0.0,https://www.instagram.com/reel/DAGRW5NPUo1/,https://www.instagram.com/petersoncabinetworks/,"VERIFIED (public embed page, rounded, 2026-09-25)","VERIFIED (public topic pages; sample, not full account history)"
helenjzhao,2,55000.0,162.0,1603500.0,2700000.0,3207000.0,29.154545454545456,49.09090909090909,1.6035000000000001,1.5875292469219366,2026-08-16T15:59:01.474000+00:00,2026-08-26T16:40:16.007000+00:00,tulum,other,real_footage,other,none_person_only,real_existing,en,0.0,https://www.instagram.com/reel/DcG1xPEgZU7/,https://www.instagram.com/helenjzhao/,"VERIFIED (public embed page, rounded, 2026-09-25)","VERIFIED (public topic pages; sample, not full account history)"
navafamilytx,2,794000.0,1287.0,1539500.0,2700000.0,3079000.0,1.9389168765743072,3.4005037783375314,4.529903945456374,3.326897023643592,2026-04-19T17:24:09.136000+00:00,2026-05-09T19:30:14.770000+00:00,luxury-house-tour;mansion-tour,lifestyle_influencer,real_footage,organic_modern,exterior_facade,real_existing,en,0.0,https://www.instagram.com/reel/DXUk6mrjjjZ/,https://www.instagram.com/navafamilytx/,"VERIFIED (public embed page, rounded, 2026-09-25)","VERIFIED (public topic pages; sample, not full account history)"
nelsontreehouse,1,535000.0,3250.0,2600000.0,2600000.0,2600000.0,4.859813084112149,4.859813084112149,0.9811320754716981,0.5107305487381217,2026-09-14T16:39:25.410000+00:00,2026-09-14T16:39:25.410000+00:00,treehouse,contractor_trade,real_footage,rustic_cozy,exterior_facade,real_existing,en,0.0,https://www.instagram.com/reel/DdRlcgEuFAx/,https://www.instagram.com/nelsontreehouse/,"VERIFIED (public embed page, rounded, 2026-09-25)","VERIFIED (public topic pages; sample, not full account history)"
modern_house__3d,1,33000.0,104.0,2600000.0,2600000.0,2600000.0,78.78787878787878,78.78787878787878,10.56910569105691,23.0623095924745,2026-08-26T01:40:10.080000+00:00,2026-08-26T01:40:10.080000+00:00,luxury-modern-beautiful-house;ultra-modern-luxury-house-design,theme_page,3d_render,neoclassical,exterior_facade,aspirational_realistic,en,0.0,https://www.instagram.com/reel/DcfDbiDsJb2/,https://www.instagram.com/modern_house__3d/,"VERIFIED (public embed page, rounded, 2026-09-25)","VERIFIED (public topic pages; sample, not full account history)"
rksnest,1,47000.0,137.0,2600000.0,2600000.0,2600000.0,55.319148936170215,55.319148936170215,2.08,7.045369089258807,2026-03-07T05:32:04.563000+00:00,2026-03-07T05:32:04.563000+00:00,bedroom-decor,lifestyle_influencer,real_footage,warm_luxury,bedroom,real_existing,en,0.0,https://www.instagram.com/reel/DVklPk9DDaU/,https://www.instagram.com/rksnest/,"VERIFIED (public embed page, rounded, 2026-09-25)","VERIFIED (public topic pages; sample, not full account history)"
terralodge.co,1,87000.0,508.0,2600000.0,2600000.0,2600000.0,29.885057471264368,29.885057471264368,1.625,6.158225549973036,2023-06-10T02:06:55.515000+00:00,2023-06-10T02:06:55.515000+00:00,treehouse-hotel,other,real_footage,minimalist,exterior_facade,real_existing,en,0.0,https://www.instagram.com/reel/CtSuDIhRdvn/,https://www.instagram.com/terralodge.co/,"VERIFIED (public embed page, rounded, 2026-09-25)","VERIFIED (public topic pages; sample, not full account history)"
villa_designn,1,61000.0,190.0,2600000.0,2600000.0,2600000.0,42.622950819672134,42.622950819672134,0.8813559322033898,1.905520938073176,2026-06-10T15:51:47.915000+00:00,2026-06-10T15:51:47.915000+00:00,modern-architecture,designer_studio,ai_generated,modern_luxury,exterior_facade,aspirational_realistic,en,1.0,https://www.instagram.com/reel/DZaTrr5N7gt/,https://www.instagram.com/villa_designn/,"VERIFIED (public embed page, rounded, 2026-09-25)","VERIFIED (public topic pages; sample, not full account history)"
chembarathiwayanad,1,63000.0,619.0,2600000.0,2600000.0,2600000.0,41.26984126984127,41.26984126984127,2.4644549763033177,6.2781591861002815,2026-05-26T17:06:26.535000+00:00,2026-05-26T17:06:26.535000+00:00,luxury-resort,other,real_footage,tropical,pool,real_existing,en,0.0,https://www.instagram.com/reel/DYz0TRHPFFf/,https://www.instagram.com/chembarathiwayanad/,"VERIFIED (public embed page, rounded, 2026-09-25)","VERIFIED (public topic pages; sample, not full account history)"
carvideobr,1,195000.0,4160.0,2600000.0,2600000.0,2600000.0,13.333333333333334,13.333333333333334,1.2682926829268293,1.2930595650208376,2026-09-03T20:20:46.585000+00:00,2026-09-03T20:20:46.585000+00:00,monaco,theme_page,real_footage,other,other,real_existing,pt,0.0,https://www.instagram.com/reel/Dc1qCHQP6CO/,https://www.instagram.com/carvideobr/,"VERIFIED (public embed page, rounded, 2026-09-25)","VERIFIED (public topic pages; sample, not full account history)"
sema.z.efe,1,39000.0,792.0,2600000.0,2600000.0,2600000.0,66.66666666666667,66.66666666666667,6.896551724137931,13.215157888865201,2026-03-10T19:54:47.653000+00:00,2026-03-10T19:54:47.653000+00:00,saudi-arabia-architecture,lifestyle_influencer,real_footage,neoclassical,exterior_facade,real_existing,tr,0.0,https://www.instagram.com/reel/DVt2W8GACHZ/,https://www.instagram.com/sema.z.efe/,"VERIFIED (public embed page, rounded, 2026-09-25)","VERIFIED (public topic pages; sample, not full account history)"
serenecabin,1,84000.0,267.0,2500000.0,2500000.0,2500000.0,29.761904761904763,29.761904761904763,14.671361502347418,24.70921321489869,2025-12-07T15:09:01.163000+00:00,2025-12-07T15:09:01.163000+00:00,cozy-winter-cabin;luxury-cabin,theme_page,ai_generated,rustic_cozy,bedroom,stylized_dreamy,en,1.0,https://www.instagram.com/reel/DR93ufJDfjx/,https://www.instagram.com/serenecabin/,"VERIFIED (public embed page, rounded, 2026-09-25)","VERIFIED (public topic pages; sample, not full account history)"
naturesms_for_u,1,905000.0,2566.0,2500000.0,2500000.0,2500000.0,2.7624309392265194,2.7624309392265194,4.566210045662101,4.521108224403059,2025-05-03T17:52:52.350000+00:00,2025-05-03T17:52:52.350000+00:00,ai-generated-house,theme_page,ai_generated,organic_modern,exterior_facade,stylized_dreamy,en,1.0,https://www.instagram.com/reel/DJM1L1SyU0x/,https://www.instagram.com/naturesms_for_u/,"VERIFIED (public embed page, rounded, 2026-09-25)","VERIFIED (public topic pages; sample, not full account history)"
calmwavesmedia,1,21000.0,350.0,2500000.0,2500000.0,2500000.0,119.04761904761905,119.04761904761905,0.7246376811594203,1.0389867812945495,2024-09-16T06:24:40.362000+00:00,2024-09-16T06:24:40.362000+00:00,rainy-day,theme_page,real_footage,other,other,real_existing,en,0.0,https://www.instagram.com/reel/C_98Y7opI2k/,https://www.instagram.com/calmwavesmedia/,"VERIFIED (public embed page, rounded, 2026-09-25)","VERIFIED (public topic pages; sample, not full account history)"
foxterradesign,3,2000000.0,2396.0,954000.0,2500000.0,3963000.0,0.477,1.25,1.4154302670623145,0.8465711416014607,2023-01-24T17:02:19.232000+00:00,2026-02-22T17:35:07.789000+00:00,backyard-design;luxury-pool,contractor_trade,real_footage,modern_luxury,terrace_outdoor,real_existing,en,0.0,https://www.instagram.com/reel/CnzjnVDu8HC/,https://www.instagram.com/foxterradesign/,"VERIFIED (public embed page, rounded, 2026-09-25)","VERIFIED (public topic pages; sample, not full account history)"
myjhouse_cn,2,314000.0,441.0,1304000.0,2500000.0,2608000.0,4.1528662420382165,7.961783439490445,5.9407744874715265,5.814475221806436,2026-01-24T02:02:00.115000+00:00,2026-06-25T07:05:47.761000+00:00,container-home-luxury-models-2026,brand_manufacturer,unclear,industrial,exterior_facade,aspirational_realistic,en,0.0,https://www.instagram.com/reel/DT4D0MtCJc5/,https://www.instagram.com/myjhouse_cn/,"VERIFIED (public embed page, rounded, 2026-09-25)","VERIFIED (public topic pages; sample, not full account history)"
henry.evr,1,152000.0,424.0,2500000.0,2500000.0,2500000.0,16.44736842105263,16.44736842105263,4.47227191413238,2.695506619480221,2025-08-28T21:16:45.594000+00:00,2025-08-28T21:16:45.594000+00:00,cozy-room,lifestyle_influencer,real_footage,scandinavian,bedroom,real_existing,en,0.0,https://www.instagram.com/reel/DN6dhhgjQLZ/,https://www.instagram.com/henry.evr/,"VERIFIED (public embed page, rounded, 2026-09-25)","VERIFIED (public topic pages; sample, not full account history)"
industrieelchique,1,1000000.0,2401.0,2500000.0,2500000.0,2500000.0,2.5,2.5,64.93506493506493,14.150652670932415,2023-05-20T06:49:52.259000+00:00,2023-05-20T06:49:52.259000+00:00,industrial-chic-interior-design,lifestyle_influencer,real_footage,industrial,dining,real_existing,other,0.0,https://www.instagram.com/reel/CsdJvHVMPy9/,https://www.instagram.com/industrieelchique/,"VERIFIED (public embed page, rounded, 2026-09-25)","VERIFIED (public topic pages; sample, not full account history)"
nature.dew,1,515000.0,2389.0,2500000.0,2500000.0,2500000.0,4.854368932038835,4.854368932038835,2.2999080036798527,1.3453251666220571,2024-09-03T23:04:55.496000+00:00,2024-09-03T23:04:55.496000+00:00,luxury-garden,theme_page,ai_generated,other,garden_landscape,stylized_dreamy,en,1.0,https://www.instagram.com/reel/C_eQhn3vcfs/,https://www.instagram.com/nature.dew/,"VERIFIED (public embed page, rounded, 2026-09-25)","VERIFIED (public topic pages; sample, not full account history)"
think.millionaire02,1,436000.0,2927.0,2500000.0,2500000.0,2500000.0,5.73394495412844,5.73394495412844,2.641310089804543,1.5784794466034056,2024-05-20T03:00:47.896000+00:00,2024-05-20T03:00:47.896000+00:00,dream-life,theme_page,unclear,other,stairs_hall,fantasy_impossible,en,0.0,https://www.instagram.com/reel/C7LKdlfyaHs/,https://www.instagram.com/think.millionaire02/,"VERIFIED (public embed page, rounded, 2026-09-25)","VERIFIED (public topic pages; sample, not full account history)"
alanood_villa,1,24000.0,319.0,2500000.0,2500000.0,2500000.0,104.16666666666667,104.16666666666667,2.380952380952381,6.239426857095613,2026-06-27T13:00:56.214000+00:00,2026-06-27T13:00:56.214000+00:00,chalet,other,real_footage,modern_luxury,pool,real_existing,ar,0.0,https://www.instagram.com/reel/DaFxpIesxvU/,https://www.instagram.com/alanood_villa/,"VERIFIED (public embed page, rounded, 2026-09-25)","VERIFIED (public topic pages; sample, not full account history)"
yumiheiwa,1,23000.0,112.0,2400000.0,2400000.0,2400000.0,104.34782608695652,104.34782608695652,4.25531914893617,7.558768244510783,2026-03-19T20:46:00.558000+00:00,2026-03-19T20:46:00.558000+00:00,quiet-luxury,lifestyle_influencer,real_footage,other,other,real_existing,en,0.0,https://www.instagram.com/reel/DWFHX7KiGay/,https://www.instagram.com/yumiheiwa/,"VERIFIED (public embed page, rounded, 2026-09-25)","VERIFIED (public topic pages; sample, not full account history)"
worldtraveladventurers,1,216000.0,2408.0,2400000.0,2400000.0,2400000.0,11.11111111111111,11.11111111111111,9.395184967704052,24.833787129814656,2022-03-09T16:42:41.518000+00:00,2022-03-09T16:42:41.518000+00:00,underwater-hotel,lifestyle_influencer,real_footage,futuristic,hotel_room,real_existing,en,0.0,https://www.instagram.com/reel/Ca4-MsKpA1D/,https://www.instagram.com/worldtraveladventurers/,"VERIFIED (public embed page, rounded, 2026-09-25)","VERIFIED (public topic pages; sample, not full account history)"
nextawas,1,251000.0,923.0,2400000.0,2400000.0,2400000.0,9.56175298804781,9.56175298804781,2.6243849097867686,0.8626886530071903,2026-04-24T15:27:30.781000+00:00,2026-04-24T15:27:30.781000+00:00,home-decor-ideas;living-room-design,designer_studio,3d_render,organic_modern,living_room,aspirational_realistic,en,0.0,https://www.instagram.com/reel/DXhPisCE_Du/,https://www.instagram.com/nextawas/,"VERIFIED (public embed page, rounded, 2026-09-25)","VERIFIED (public topic pages; sample, not full account history)"
nomadatoast,1,604000.0,497.0,2400000.0,2400000.0,2400000.0,3.9735099337748343,3.9735099337748343,600.1500375093774,76.93160080397917,2025-02-19T14:03:13.185000+00:00,2025-02-19T14:03:13.185000+00:00,ai-virtual-staging,ai_creator,unclear,other,living_room,aspirational_realistic,en,0.0,https://www.instagram.com/reel/DGQc37kNcJ7/,https://www.instagram.com/nomadatoast/,"VERIFIED (public embed page, rounded, 2026-09-25)","VERIFIED (public topic pages; sample, not full account history)"
ideadesigncasa,1,1000000.0,224.0,2400000.0,2400000.0,2400000.0,2.4,2.4,2.8656716417910446,0.8663772270182692,2026-03-13T06:34:26.764000+00:00,2026-03-13T06:34:26.764000+00:00,garden-design,ai_creator,ai_generated,mediterranean,garden_landscape,aspirational_realistic,en,1.0,https://www.instagram.com/reel/DV0JJo5if8h/,https://www.instagram.com/ideadesigncasa/,"VERIFIED (public embed page, rounded, 2026-09-25)","VERIFIED (public topic pages; sample, not full account history)"
solmykonosvillas,1,80000.0,1177.0,2400000.0,2400000.0,2400000.0,30.0,30.0,1.8461538461538463,1.8110122230304613,2026-08-10T06:44:12.397000+00:00,2026-08-10T06:44:12.397000+00:00,mykonos,real_estate,ai_generated,brutalist,terrace_outdoor,aspirational_realistic,en,1.0,https://www.instagram.com/reel/Db2ZgYKISRF/,https://www.instagram.com/solmykonosvillas/,"VERIFIED (public embed page, rounded, 2026-09-25)","VERIFIED (public topic pages; sample, not full account history)"
acardesigns,1,56000.0,47.0,2300000.0,2300000.0,2300000.0,41.07142857142857,41.07142857142857,7.528641571194763,6.081222965073179,2026-08-16T16:29:35.743000+00:00,2026-08-16T16:29:35.743000+00:00,art-deco-interior-design,designer_studio,unclear,warm_luxury,stairs_hall,aspirational_realistic,en,0.0,https://www.instagram.com/reel/DcG5RJTMSd3/,https://www.instagram.com/acardesigns/,"VERIFIED (public embed page, rounded, 2026-09-25)","VERIFIED (public topic pages; sample, not full account history)"
challenge_decor,1,39000.0,88.0,2300000.0,2300000.0,2300000.0,58.97435897435897,58.97435897435897,4.563492063492063,8.989717869741261,2025-05-11T10:51:44.965000+00:00,2025-05-11T10:51:44.965000+00:00,interior-design-ideas,contractor_trade,real_footage,minimalist,living_room,real_existing,ar,0.0,https://www.instagram.com/reel/DJgrWb2MNtO/,https://www.instagram.com/challenge_decor/,"VERIFIED (public embed page, rounded, 2026-09-25)","VERIFIED (public topic pages; sample, not full account history)"
ava_findss,1,29000.0,581.0,2300000.0,2300000.0,2300000.0,79.3103448275862,79.3103448275862,2.929936305732484,5.133792844086363,2026-03-24T18:34:19.956000+00:00,2026-03-24T18:34:19.956000+00:00,dream-bedroom-decor-ideas,theme_page,real_footage,glam_feminine,bedroom,real_existing,en,0.0,https://www.instagram.com/reel/DWRwR3tk9Om/,https://www.instagram.com/ava_findss/,"VERIFIED (public embed page, rounded, 2026-09-25)","VERIFIED (public topic pages; sample, not full account history)"
itsdjlevi,1,1000000.0,410.0,2300000.0,2300000.0,2300000.0,2.3,2.3,1.7692307692307692,0.5326234300872023,2026-08-09T17:06:13.611000+00:00,2026-08-09T17:06:13.611000+00:00,mykonos,other,real_footage,other,none_person_only,real_existing,en,0.0,https://www.instagram.com/reel/Db075UJMtiX/,https://www.instagram.com/itsdjlevi/,"VERIFIED (public embed page, rounded, 2026-09-25)","VERIFIED (public topic pages; sample, not full account history)"
jopmc16,1,6000.0,507.0,2300000.0,2300000.0,2300000.0,383.3333333333333,383.3333333333333,1.1219512195121952,5.827349621574973,2026-07-10T16:59:49.478000+00:00,2026-07-10T16:59:49.478000+00:00,monaco,other,real_footage,other,other,real_existing,en,0.0,https://www.instagram.com/reel/DanrULGojvQ/,https://www.instagram.com/jopmc16/,"VERIFIED (public embed page, rounded, 2026-09-25)","VERIFIED (public topic pages; sample, not full account history)"
ekam_sandhu_fitness,1,1000.0,575.0,2300000.0,2300000.0,2300000.0,2300.0,2300.0,2.6666666666666665,22.45654988331608,2026-09-18T10:25:28.175000+00:00,2026-09-18T10:25:28.175000+00:00,dream-house,lifestyle_influencer,real_footage,modern_luxury,dining,real_existing,hi,0.0,https://www.instagram.com/reel/DdbN1FLJIXF/,https://www.instagram.com/ekam_sandhu_fitness/,"VERIFIED (public embed page, rounded, 2026-09-25)","VERIFIED (public topic pages; sample, not full account history)"
ally_jape,1,84000.0,160.0,2300000.0,2300000.0,2300000.0,27.38095238095238,27.38095238095238,9.00371892738305,37.01651162509647,2024-04-02T14:09:27.261000+00:00,2024-04-02T14:09:27.261000+00:00,underwater-hotel,lifestyle_influencer,real_footage,other,exterior_facade,real_existing,en,0.0,https://www.instagram.com/reel/C5Qw0-CI5Rk/,https://www.instagram.com/ally_jape/,"VERIFIED (public embed page, rounded, 2026-09-25)","VERIFIED (public topic pages; sample, not full account history)"
xiaoxiao_udhdecor,1,177000.0,169.0,2300000.0,2300000.0,2300000.0,12.994350282485875,12.994350282485875,1.9166666666666667,2.2277003142676883,2026-04-21T10:19:30.962000+00:00,2026-04-21T10:19:30.962000+00:00,luxury-interior-design,theme_page,unclear,modern_luxury,living_room,aspirational_realistic,en,0.0,https://www.instagram.com/reel/DXY96Ocl-4u/,https://www.instagram.com/xiaoxiao_udhdecor/,"VERIFIED (public embed page, rounded, 2026-09-25)","VERIFIED (public topic pages; sample, not full account history)"
bynayma,1,63600.0,248.0,2300000.0,2300000.0,2300000.0,36.16352201257862,36.16352201257862,2.4300052826201797,3.5729939592482474,2025-03-15T12:50:52.837000+00:00,2025-03-15T12:50:52.837000+00:00,dream-life,lifestyle_influencer,real_footage,other,bedroom,real_existing,en,0.0,https://www.instagram.com/reel/DHOHrGmIr2S/,https://www.instagram.com/bynayma/,"VERIFIED (public embed page, rounded, 2026-09-25)","VERIFIED (public topic pages; sample, not full account history)"
annaschottin,1,691000.0,430.0,2300000.0,2300000.0,2300000.0,3.3285094066570187,3.3285094066570187,3.490136570561457,1.8440829199016127,2024-10-05T17:06:17.498000+00:00,2024-10-05T17:06:17.498000+00:00,dream-bedroom;dream-bedrooms;dream-room,lifestyle_influencer,real_footage,glam_feminine,bedroom,real_existing,en,0.0,https://www.instagram.com/reel/DAwA66gvmbH/,https://www.instagram.com/annaschottin/,"VERIFIED (public embed page, rounded, 2026-09-25)","VERIFIED (public topic pages; sample, not full account history)"
luxuriatehomes,2,803000.0,1142.0,1203500.0,2300000.0,2407000.0,1.4987546699875467,2.86425902864259,1.509433962264151,0.8064888730343194,2025-06-27T15:49:40.118000+00:00,2025-11-08T11:28:09.475000+00:00,dream-home;glass-house-photos,theme_page,ai_generated,modern_luxury,living_room,stylized_dreamy,en,1.0,https://www.instagram.com/reel/DLaOzlesmzc/,https://www.instagram.com/luxuriatehomes/,"VERIFIED (public embed page, rounded, 2026-09-25)","VERIFIED (public topic pages; sample, not full account history)"
erfan_padiav,1,71000.0,141.0,2300000.0,2300000.0,2300000.0,32.394366197183096,32.394366197183096,2.4598930481283423,7.6021588801388775,2025-06-29T16:49:00.459000+00:00,2025-06-29T16:49:00.459000+00:00,ai-interior-designer,designer_studio,3d_render,minimalist,living_room,aspirational_realistic,en,0.0,https://www.instagram.com/reel/DLffL8pNp5j/,https://www.instagram.com/erfan_padiav/,"VERIFIED (public embed page, rounded, 2026-09-25)","VERIFIED (public topic pages; sample, not full account history)"
archedmanor,1,225000.0,1539.0,2200000.0,2200000.0,2200000.0,9.777777777777779,9.777777777777779,25.374855824682815,7.384559221524024,2023-09-17T19:03:22.742000+00:00,2023-09-17T19:03:22.742000+00:00,home-theater,lifestyle_influencer,real_footage,dark_luxury,home_theater,real_existing,en,0.0,https://www.instagram.com/reel/CxTdEfOpO9y/,https://www.instagram.com/archedmanor/,"VERIFIED (public embed page, rounded, 2026-09-25)","VERIFIED (public topic pages; sample, not full account history)"
vrishtidesigns,4,2000000.0,1798.0,466000.0,2200000.0,3338000.0,0.23299999999999998,1.1,1.6167731219132753,0.9352294438496902,2025-06-05T06:43:52.717000+00:00,2026-05-30T07:00:51.830000+00:00,dubai-luxury-interior-design-trends;kids-room-design;luxury-apartment-interior-design-ideas-2026;luxury-interior;luxury-interior-design;luxury-living-room-design;modern-luxury-house-interiors,designer_studio,3d_render,modern_luxury,living_room,aspirational_realistic,en,0.0,https://www.instagram.com/reel/DY9CLYOx-rq/,https://www.instagram.com/vrishtidesigns/,"VERIFIED (public embed page, rounded, 2026-09-25)","VERIFIED (public topic pages; sample, not full account history)"
ryandubs,1,296000.0,560.0,2200000.0,2200000.0,2200000.0,7.4324324324324325,7.4324324324324325,15.827338129496402,16.1414126386651,2025-07-29T12:56:47.895000+00:00,2025-07-29T12:56:47.895000+00:00,luxury-suite,lifestyle_influencer,real_footage,modern_luxury,living_room,real_existing,en,0.0,https://www.instagram.com/reel/DMsUdcfOaZK/,https://www.instagram.com/ryandubs/,"VERIFIED (public embed page, rounded, 2026-09-25)","VERIFIED (public topic pages; sample, not full account history)"
lvclosetdesign,1,62000.0,720.0,2200000.0,2200000.0,2200000.0,35.483870967741936,35.483870967741936,6.395348837209302,10.332754613756704,2025-11-12T00:30:00.024000+00:00,2025-11-12T00:30:00.024000+00:00,dream-closet;luxury-closet,designer_studio,real_footage,glam_feminine,closet,real_existing,en,0.0,https://www.instagram.com/reel/DQ77Qe_gSdS/,https://www.instagram.com/lvclosetdesign/,"VERIFIED (public embed page, rounded, 2026-09-25)","VERIFIED (public topic pages; sample, not full account history)"
dani.the.real,1,20000.0,72.0,2200000.0,2200000.0,2200000.0,110.0,110.0,18.96551724137931,22.048292367214906,2026-04-22T12:43:30.344000+00:00,2026-04-22T12:43:30.344000+00:00,dubai-penthouse,lifestyle_influencer,real_footage,minimalist,stairs_hall,real_existing,en,0.0,https://www.instagram.com/reel/DXbzLtnjMek/,https://www.instagram.com/dani.the.real/,"VERIFIED (public embed page, rounded, 2026-09-25)","VERIFIED (public topic pages; sample, not full account history)"
reneeroaming,1,918000.0,1979.0,2200000.0,2200000.0,2200000.0,2.396514161220044,2.396514161220044,13.173652694610778,10.287614023035312,2025-11-19T15:21:01.342000+00:00,2025-11-19T15:21:01.342000+00:00,arctic-treehouse-hotel-rovaniemi;treehouse-hotel,lifestyle_influencer,real_footage,rustic_cozy,exterior_facade,real_existing,en,0.0,https://www.instagram.com/reel/DRPiypikRW6/,https://www.instagram.com/reneeroaming/,"VERIFIED (public embed page, rounded, 2026-09-25)","VERIFIED (public topic pages; sample, not full account history)"
millionaire.vibes__,1,408000.0,1207.0,2100000.0,2100000.0,2100000.0,5.147058823529412,5.147058823529412,6.6141732283464565,3.5178270223816717,2025-01-03T14:20:53.877000+00:00,2025-01-03T14:20:53.877000+00:00,luxury-life,theme_page,real_footage,dark_luxury,other,real_existing,en,0.0,https://www.instagram.com/reel/DEXdiSOCLz0/,https://www.instagram.com/millionaire.vibes__/,"VERIFIED (public embed page, rounded, 2026-09-25)","VERIFIED (public topic pages; sample, not full account history)"
sourcedinteriorsdesign,1,21000.0,727.0,2100000.0,2100000.0,2100000.0,100.0,100.0,1.876675603217158,3.9767495321747792,2026-08-31T13:43:43.969000+00:00,2026-08-31T13:43:43.969000+00:00,luxury-real-estate,designer_studio,real_footage,organic_modern,stairs_hall,real_existing,en,0.0,https://www.instagram.com/reel/DctONdERiHk/,https://www.instagram.com/sourcedinteriorsdesign/,"VERIFIED (public embed page, rounded, 2026-09-25)","VERIFIED (public topic pages; sample, not full account history)"
aliciaadorna,1,47000.0,206.0,2100000.0,2100000.0,2100000.0,44.680851063829785,44.680851063829785,3.7567084078711988,3.920346602232366,2024-11-26T13:25:57.195000+00:00,2024-11-26T13:25:57.195000+00:00,cozy-room,lifestyle_influencer,real_footage,rustic_cozy,bedroom,real_existing,en,0.0,https://www.instagram.com/reel/DC1hCm5StQn/,https://www.instagram.com/aliciaadorna/,"VERIFIED (public embed page, rounded, 2026-09-25)","VERIFIED (public topic pages; sample, not full account history)"
pvc_delhi.1,1,16000.0,529.0,2100000.0,2100000.0,2100000.0,131.25,131.25,10.0,11.50401913476556,2025-11-21T14:25:12.394000+00:00,2025-11-21T14:25:12.394000+00:00,luxury-room,contractor_trade,ai_generated,futuristic,bedroom,stylized_dreamy,en,1.0,https://www.instagram.com/reel/DRUl_l4kgeD/,https://www.instagram.com/pvc_delhi.1/,"VERIFIED (public embed page, rounded, 2026-09-25)","VERIFIED (public topic pages; sample, not full account history)"
karim.eltaher.designs,2,934000.0,503.0,1700000.0,2100000.0,3400000.0,1.8208743869216062,2.2483940042826553,3.128907679781282,0.8801590734652678,2024-09-02T08:20:56.544000+00:00,2025-12-10T15:13:27.273000+00:00,luxury-bathroom;luxury-bathroom-design;luxury-bathroom-interior-design-inspiration,designer_studio,3d_render,modern_luxury,bathroom,aspirational_realistic,en,0.0,https://www.instagram.com/reel/C_aGkRDutcQ/,https://www.instagram.com/karim.eltaher.designs/,"VERIFIED (public embed page, rounded, 2026-09-25)","VERIFIED (public topic pages; sample, not full account history)"
chrislovesjulia,1,2000000.0,5914.0,2100000.0,2100000.0,2100000.0,1.05,1.05,10.852713178294573,0.9080930902051756,2026-04-09T23:45:59.799000+00:00,2026-04-09T23:45:59.799000+00:00,backyard-design;outdoor-living,lifestyle_influencer,real_footage,other,terrace_outdoor,real_existing,en,0.0,https://www.instagram.com/reel/DW7gqkPB_WG/,https://www.instagram.com/chrislovesjulia/,"VERIFIED (public embed page, rounded, 2026-09-25)","VERIFIED (public topic pages; sample, not full account history)"
vincethebuilder,1,463000.0,2305.0,2100000.0,2100000.0,2100000.0,4.535637149028077,4.535637149028077,2.9453015427769986,1.3453791047240182,2023-01-24T02:01:42.448000+00:00,2023-01-24T02:01:42.448000+00:00,luxury-kitchen,contractor_trade,real_footage,classical_luxury,kitchen,real_existing,en,0.0,https://www.instagram.com/reel/Cnx8jCrsSC5/,https://www.instagram.com/vincethebuilder/,"VERIFIED (public embed page, rounded, 2026-09-25)","VERIFIED (public topic pages; sample, not full account history)"
miladeshtiyaghi,5,642000.0,1709.0,381000.0,2100000.0,3461800.0,0.5934579439252337,3.2710280373831777,2.5513033832501386,1.26536095077034,2025-06-28T13:20:40.891000+00:00,2026-07-18T12:56:58.384000+00:00,biophilic-design;desert-modern-house-tours;futuristic-house;house-in-forest;house-in-the-forest;tropical-house;tropical-house-architecture-styles,designer_studio,ai_generated,minimalist,exterior_facade,aspirational_realistic,en,1.0,https://www.instagram.com/reel/Da714ebtLOp/,https://www.instagram.com/miladeshtiyaghi/,"VERIFIED (public embed page, rounded, 2026-09-25)","VERIFIED (public topic pages; sample, not full account history)"
outofboundsretreats,1,107000.0,890.0,2100000.0,2100000.0,2100000.0,19.626168224299064,19.626168224299064,5.777166437414031,4.421816475611722,2024-08-20T17:12:37.625000+00:00,2024-08-20T17:12:37.625000+00:00,house-in-forest,real_estate,real_footage,scandinavian,exterior_facade,real_existing,en,0.0,https://www.instagram.com/reel/C-5lFEQPt7j/,https://www.instagram.com/outofboundsretreats/,"VERIFIED (public embed page, rounded, 2026-09-25)","VERIFIED (public topic pages; sample, not full account history)"
mr_govind360,1,3000.0,149.0,2100000.0,2100000.0,2100000.0,700.0,700.0,2.4347826086956523,12.265576689385448,2026-06-21T04:11:58.008000+00:00,2026-06-21T04:11:58.008000+00:00,dream-house,other,real_footage,other,exterior_facade,real_existing,en,0.0,https://www.instagram.com/reel/DZ1YVlvpd5m/,https://www.instagram.com/mr_govind360/,"VERIFIED (public embed page, rounded, 2026-09-25)","VERIFIED (public topic pages; sample, not full account history)"
facade_designn,6,47000.0,237.0,678000.0,2100000.0,5062000.0,14.425531914893616,44.680851063829785,5.0843078666735355,9.657959960859756,2025-11-25T13:56:34.720000+00:00,2026-02-03T06:19:30.021000+00:00,ai-generated-architecture-designs;futuristic-architecture;house-on-cliff;modern-architecture;parametric-architecture,theme_page,ai_generated,futuristic,exterior_facade,stylized_dreamy,en,0.8333333333333334,https://www.instagram.com/reel/DS5GYPmAESA/,https://www.instagram.com/facade_designn/,"VERIFIED (public embed page, rounded, 2026-09-25)","VERIFIED (public topic pages; sample, not full account history)"
connorphillips,1,11000.0,96.0,2100000.0,2100000.0,2100000.0,190.9090909090909,190.9090909090909,3.9585296889726673,8.26534951178798,2026-03-30T23:57:39.247000+00:00,2026-03-30T23:57:39.247000+00:00,cabin,lifestyle_influencer,real_footage,rustic_cozy,living_room,real_existing,en,0.0,https://www.instagram.com/reel/DWhyDMrDwNu/,https://www.instagram.com/connorphillips/,"VERIFIED (public embed page, rounded, 2026-09-25)","VERIFIED (public topic pages; sample, not full account history)"
coldvisions_,1,393000.0,1030.0,2100000.0,2100000.0,2100000.0,5.343511450381679,5.343511450381679,0.6086956521739131,0.22176965258685283,2026-03-24T23:53:57.936000+00:00,2026-03-24T23:53:57.936000+00:00,rainy-day,theme_page,real_footage,other,other,real_existing,en,0.0,https://www.instagram.com/reel/DWSU27riJbh/,https://www.instagram.com/coldvisions_/,"VERIFIED (public embed page, rounded, 2026-09-25)","VERIFIED (public topic pages; sample, not full account history)"
georgewu_udhkids,2,45000.0,161.0,1110500.0,2100000.0,2221000.0,24.677777777777777,46.666666666666664,10.81304771178189,10.650223259228945,2026-03-16T09:31:41.707000+00:00,2026-04-04T04:31:31.819000+00:00,kids-room-design,designer_studio,ai_generated,scandinavian,bedroom,aspirational_realistic,en,1.0,https://www.instagram.com/reel/DV8L0eZJDPn/,https://www.instagram.com/georgewu_udhkids/,"VERIFIED (public embed page, rounded, 2026-09-25)","VERIFIED (public topic pages; sample, not full account history)"
byreginamalina,2,55000.0,202.0,1178000.0,2100000.0,2356000.0,21.418181818181818,38.18181818181818,3.757575757575758,3.375318794343567,2026-08-12T04:09:34.122000+00:00,2026-08-12T04:14:04.975000+00:00,japandi,lifestyle_influencer,real_footage,japandi,none_person_only,real_existing,en,0.0,https://www.instagram.com/reel/Db7RZhop0WP/,https://www.instagram.com/byreginamalina/,"VERIFIED (public embed page, rounded, 2026-09-25)","VERIFIED (public topic pages; sample, not full account history)"
finegrid_planners,1,,,2100000.0,2100000.0,2100000.0,,,5.147058823529412,,2026-02-09T12:30:57.603000+00:00,2026-02-09T12:30:57.603000+00:00,hotel-bathroom-designs,,,,,,,,https://www.instagram.com/reel/DUiYg01DBhP/,https://www.instagram.com/finegrid_planners/,UNKNOWN,"VERIFIED (public topic pages; sample, not full account history)"
pentarkdesign,1,15000.0,533.0,2100000.0,2100000.0,2100000.0,140.0,140.0,2.2411953041622197,6.577432370391633,2026-02-25T06:44:27.557000+00:00,2026-02-25T06:44:27.557000+00:00,bedroom-design,designer_studio,3d_render,modern_luxury,bedroom,aspirational_realistic,en,0.0,https://www.instagram.com/reel/DVK9k-mEa_S/,https://www.instagram.com/pentarkdesign/,"VERIFIED (public embed page, rounded, 2026-09-25)","VERIFIED (public topic pages; sample, not full account history)"
evlin.ononna,1,16000.0,61.0,2100000.0,2100000.0,2100000.0,131.25,131.25,0.5454545454545454,3.2452684375079475,2026-07-23T14:24:57.134000+00:00,2026-07-23T14:24:57.134000+00:00,cozy-rain,theme_page,unclear,minimalist,terrace_outdoor,aspirational_realistic,en,0.0,https://www.instagram.com/reel/DbI37Oqo9WK/,https://www.instagram.com/evlin.ononna/,"VERIFIED (public embed page, rounded, 2026-09-25)","VERIFIED (public topic pages; sample, not full account history)"
ashlan.sorenson,1,601000.0,1411.0,2100000.0,2100000.0,2100000.0,3.4941763727121464,3.4941763727121464,2.9661016949152543,3.4091108386250735,2026-03-02T01:15:15.857000+00:00,2026-03-02T01:15:15.857000+00:00,dream-closet,lifestyle_influencer,real_footage,warm_luxury,closet,real_existing,en,0.0,https://www.instagram.com/reel/DVXP4QcDWke/,https://www.instagram.com/ashlan.sorenson/,"VERIFIED (public embed page, rounded, 2026-09-25)","VERIFIED (public topic pages; sample, not full account history)"
cyborg.digitalart,2,967000.0,941.0,1096000.0,2000000.0,2192000.0,1.1334022750775594,2.0682523267838677,0.41358490566037737,0.21532238986752558,2026-08-18T19:37:21.884000+00:00,2026-09-02T20:17:14.625000+00:00,ai-art,ai_creator,ai_generated,other,garden_landscape,fantasy_impossible,en,1.0,https://www.instagram.com/reel/DcMYWKBzVS5/,https://www.instagram.com/cyborg.digitalart/,"VERIFIED (public embed page, rounded, 2026-09-25)","VERIFIED (public topic pages; sample, not full account history)"
jiavisuals.ae,1,5000.0,281.0,2000000.0,2000000.0,2000000.0,400.0,400.0,1.8957345971563981,15.79520068224838,2026-04-10T14:22:52.097000+00:00,2026-04-10T14:22:52.097000+00:00,luxury-resort,lifestyle_influencer,real_footage,traditional_regional,pool,real_existing,en,0.0,https://www.instagram.com/reel/DW9FA90C3fn/,https://www.instagram.com/jiavisuals.ae/,"VERIFIED (public embed page, rounded, 2026-09-25)","VERIFIED (public topic pages; sample, not full account history)"
ozudairies,1,1000.0,10.0,2000000.0,2000000.0,2000000.0,2000.0,2000.0,2.3894862604540026,16.480634372943307,2026-07-13T14:23:58.382000+00:00,2026-07-13T14:23:58.382000+00:00,home-decor,lifestyle_influencer,real_footage,glam_feminine,bedroom,real_existing,en,0.0,https://www.instagram.com/reel/DavH3TqolZv/,https://www.instagram.com/ozudairies/,"VERIFIED (public embed page, rounded, 2026-09-25)","VERIFIED (public topic pages; sample, not full account history)"
midnight_files_ll,1,8000.0,27.0,2000000.0,2000000.0,2000000.0,250.0,250.0,1.8026137899954935,12.945685691331539,2026-03-05T09:35:38.962000+00:00,2026-03-05T09:35:38.962000+00:00,underground-house,theme_page,unclear,other,garden_landscape,aspirational_realistic,en,0.0,https://www.instagram.com/reel/DVf3hz8k2lW/,https://www.instagram.com/midnight_files_ll/,"VERIFIED (public embed page, rounded, 2026-09-25)","VERIFIED (public topic pages; sample, not full account history)"
sammyvagabond,1,184000.0,856.0,2000000.0,2000000.0,2000000.0,10.869565217391305,10.869565217391305,2.8776978417266186,1.8416342869576727,2026-06-13T10:39:48.083000+00:00,2026-06-13T10:39:48.083000+00:00,maldives-villa,lifestyle_influencer,real_footage,tropical,exterior_facade,real_existing,en,0.0,https://www.instagram.com/reel/DZheXLNMbUO/,https://www.instagram.com/sammyvagabond/,"VERIFIED (public embed page, rounded, 2026-09-25)","VERIFIED (public topic pages; sample, not full account history)"
house_of_reservations,2,210000.0,3735.0,1007500.0,2000000.0,2015000.0,4.7976190476190474,9.523809523809524,5.874635568513119,2.441247108851631,2023-04-13T08:28:37.228000+00:00,2026-04-16T13:05:49.405000+00:00,tropical-house;tropical-villa,theme_page,real_footage,tropical,living_room,real_existing,en,0.0,https://www.instagram.com/reel/Cq-DoAJrm63/,https://www.instagram.com/house_of_reservations/,"VERIFIED (public embed page, rounded, 2026-09-25)","VERIFIED (public topic pages; sample, not full account history)"
vesgantti_home,2,22000.0,958.0,1356000.0,2000000.0,2712000.0,61.63636363636364,90.9090909090909,2.1661341853035143,5.51347310993561,2026-07-02T19:30:39.224000+00:00,2026-07-15T16:02:21.226000+00:00,living-room-decor,theme_page,ai_generated,organic_modern,living_room,aspirational_realistic,en,0.5,https://www.instagram.com/reel/DaTWN4Pjlkh/,https://www.instagram.com/vesgantti_home/,"VERIFIED (public embed page, rounded, 2026-09-25)","VERIFIED (public topic pages; sample, not full account history)"
_rainy_street,1,34000.0,1581.0,2000000.0,2000000.0,2000000.0,58.8235294117647,58.8235294117647,14.134275618374557,12.423927169272213,2024-05-26T14:31:56.082000+00:00,2024-05-26T14:31:56.082000+00:00,rain-sounds,theme_page,real_footage,other,other,real_existing,en,0.0,https://www.instagram.com/reel/C7b2U3syt7f/,https://www.instagram.com/_rainy_street/,"VERIFIED (public embed page, rounded, 2026-09-25)","VERIFIED (public topic pages; sample, not full account history)"
homelove.bylaura,2,70000.0,100.0,1473500.0,2000000.0,2947000.0,21.05,28.571428571428573,1.9356583751711547,2.675555281483575,2026-04-03T16:43:55.861000+00:00,2026-08-21T19:03:52+00:00,home-decor-ideas;living-room-decor,lifestyle_influencer,real_footage,glam_feminine,living_room,real_existing,en,0.0,https://www.instagram.com/reel/DcUC5bzitR8/,https://www.instagram.com/homelove.bylaura/,"VERIFIED (public embed page, rounded, 2026-09-25)","VERIFIED (public topic pages; sample, not full account history)"
buket.interior,1,24000.0,101.0,2000000.0,2000000.0,2000000.0,83.33333333333333,83.33333333333333,4.385964912280702,22.256631291154566,2026-01-11T18:07:45.761000+00:00,2026-01-11T18:07:45.761000+00:00,quiet-luxury-bathroom,lifestyle_influencer,real_footage,minimalist,bathroom,real_existing,de,0.0,https://www.instagram.com/reel/DTYUARECkAQ/,https://www.instagram.com/buket.interior/,"VERIFIED (public embed page, rounded, 2026-09-25)","VERIFIED (public topic pages; sample, not full account history)"
soyarqadrianadelacruz,1,10000.0,211.0,2000000.0,2000000.0,2000000.0,200.0,200.0,14.492753623188406,22.60573674214526,2026-02-16T17:00:54.825000+00:00,2026-02-16T17:00:54.825000+00:00,minimalist-art-deco-interior-design,designer_studio,ai_generated,other,living_room,aspirational_realistic,es,1.0,https://www.instagram.com/reel/DU04-JoCXsb/,https://www.instagram.com/soyarqadrianadelacruz/,"VERIFIED (public embed page, rounded, 2026-09-25)","VERIFIED (public topic pages; sample, not full account history)"
alex_jechev,1,186000.0,303.0,1900000.0,1900000.0,1900000.0,10.21505376344086,10.21505376344086,1.2666666666666666,1.0666227418201795,2026-04-08T15:02:34.996000+00:00,2026-04-08T15:02:34.996000+00:00,luxury-penthouse,lifestyle_influencer,real_footage,modern_luxury,terrace_outdoor,real_existing,en,0.0,https://www.instagram.com/reel/DW3_-GNk_Zj/,https://www.instagram.com/alex_jechev/,"VERIFIED (public embed page, rounded, 2026-09-25)","VERIFIED (public topic pages; sample, not full account history)"
hakatayaken,3,110000.0,287.0,649000.0,1900000.0,2629700.0,5.9,17.272727272727273,6.422563087580405,2.4978916749657243,2025-08-11T11:10:52.930000+00:00,2026-05-07T14:47:51.770000+00:00,tokyo-apartment,lifestyle_influencer,real_footage,minimalist,exterior_facade,real_existing,en,0.0,https://www.instagram.com/reel/DNNmrEUzzOx/,https://www.instagram.com/hakatayaken/,"VERIFIED (public embed page, rounded, 2026-09-25)","VERIFIED (public topic pages; sample, not full account history)"
leoniehanne,1,5000000.0,5436.0,1900000.0,1900000.0,1900000.0,0.38,0.38,3.368794326241135,0.48292575193290693,2026-07-10T10:35:44.963000+00:00,2026-07-10T10:35:44.963000+00:00,quiet-luxury,lifestyle_influencer,real_footage,glam_feminine,none_person_only,real_existing,en,0.0,https://www.instagram.com/reel/Dam_XH1MWvk/,https://www.instagram.com/leoniehanne/,"VERIFIED (public embed page, rounded, 2026-09-25)","VERIFIED (public topic pages; sample, not full account history)"
imhometokyo,1,36000.0,92.0,1900000.0,1900000.0,1900000.0,52.77777777777778,52.77777777777778,18.80257298367145,12.32980028801632,2026-05-04T12:26:48.990000+00:00,2026-05-04T12:26:48.990000+00:00,tokyo-apartment,lifestyle_influencer,real_footage,minimalist,dining,real_existing,en,0.0,https://www.instagram.com/reel/DX6qz-iu0gH/,https://www.instagram.com/imhometokyo/,"VERIFIED (public embed page, rounded, 2026-09-25)","VERIFIED (public topic pages; sample, not full account history)"
loft208,1,550000.0,953.0,1900000.0,1900000.0,1900000.0,3.4545454545454546,3.4545454545454546,68.2226211849192,5.6906726091065964,2023-10-10T06:43:37.416000+00:00,2023-10-10T06:43:37.416000+00:00,wabi-sabi-interior,lifestyle_influencer,real_footage,japandi,bathroom,real_existing,en,0.0,https://www.instagram.com/reel/CyNWse3qDtM/,https://www.instagram.com/loft208/,"VERIFIED (public embed page, rounded, 2026-09-25)","VERIFIED (public topic pages; sample, not full account history)"
eleinterior,1,191000.0,1178.0,1900000.0,1900000.0,1900000.0,9.947643979057592,9.947643979057592,4.634146341463414,4.183493517831412,2025-07-09T09:41:21.029000+00:00,2025-07-09T09:41:21.029000+00:00,dubai-luxury-interior-design-trends,designer_studio,3d_render,modern_luxury,living_room,aspirational_realistic,en,0.0,https://www.instagram.com/reel/DL4eMcWSd2S/,https://www.instagram.com/eleinterior/,"VERIFIED (public embed page, rounded, 2026-09-25)","VERIFIED (public topic pages; sample, not full account history)"
axel_stone0,1,560000.0,57.0,1900000.0,1900000.0,1900000.0,3.392857142857143,3.392857142857143,3.69290573372206,2.297509373389979,2026-07-03T14:40:59.616000+00:00,2026-07-03T14:40:59.616000+00:00,inside-underground-bunker-house,contractor_trade,real_footage,industrial,exterior_facade,real_existing,en,0.0,https://www.instagram.com/reel/DaVZ3ODuRTb/,https://www.instagram.com/axel_stone0/,"VERIFIED (public embed page, rounded, 2026-09-25)","VERIFIED (public topic pages; sample, not full account history)"
bic_trading,2,14000.0,552.0,973950.0,1900000.0,1947900.0,69.56785714285715,135.71428571428572,1.4324160704457898,4.951181480385109,2025-12-23T17:50:44.842000+00:00,2026-01-04T17:06:53.663000+00:00,future-house;luxury-house;luxury-mansion,theme_page,real_footage,classical_luxury,exterior_facade,real_existing,en,0.0,https://www.instagram.com/reel/DSnW9BIksbc/,https://www.instagram.com/bic_trading/,"VERIFIED (public embed page, rounded, 2026-09-25)","VERIFIED (public topic pages; sample, not full account history)"
richbynature09,3,39000.0,176.0,370000.0,1900000.0,2285500.0,9.487179487179487,48.717948717948715,1.1653543307086613,1.8582970945952955,2025-12-07T15:13:41.720000+00:00,2026-01-26T15:40:44.665000+00:00,luxury-life;luxury-lifestyle,theme_page,unclear,other,other,aspirational_realistic,en,0.0,https://www.instagram.com/reel/DR94Qu_ktrH/,https://www.instagram.com/richbynature09/,"VERIFIED (public embed page, rounded, 2026-09-25)","VERIFIED (public topic pages; sample, not full account history)"
howthingsarebuilld,1,8000000.0,10318.0,1900000.0,1900000.0,1900000.0,0.2375,0.2375,10.734463276836157,0.5810284108714215,2025-06-30T12:13:30.641000+00:00,2025-06-30T12:13:30.641000+00:00,ai-architecture;ai-generated-architecture-designs;ai-generated-house;ai-home-design,theme_page,ai_generated,modern_luxury,exterior_facade,aspirational_realistic,en,1.0,https://www.instagram.com/reel/DLhkdBcI08K/,https://www.instagram.com/howthingsarebuilld/,"VERIFIED (public embed page, rounded, 2026-09-25)","VERIFIED (public topic pages; sample, not full account history)"
aitransformation.lab,1,244000.0,121.0,1900000.0,1900000.0,1900000.0,7.786885245901639,7.786885245901639,3.69290573372206,3.3884436957116555,2026-02-21T19:00:31.924000+00:00,2026-02-21T19:00:31.924000+00:00,inside-underground-bunker-house,ai_creator,ai_generated,other,garden_landscape,aspirational_realistic,en,1.0,https://www.instagram.com/reel/DVB-ootiG4h/,https://www.instagram.com/aitransformation.lab/,"VERIFIED (public embed page, rounded, 2026-09-25)","VERIFIED (public topic pages; sample, not full account history)"
jusathome,2,184000.0,939.0,1313000.0,1900000.0,2626000.0,7.135869565217391,10.326086956521738,2.252150199286763,2.2502281064308196,2025-04-02T18:22:21.998000+00:00,2026-04-04T14:11:30.536000+00:00,dream-kitchen;kitchen-inspiration,lifestyle_influencer,real_footage,traditional_regional,kitchen,real_existing,en,0.0,https://www.instagram.com/reel/DH9D6uqqjnD/,https://www.instagram.com/jusathome/,"VERIFIED (public embed page, rounded, 2026-09-25)","VERIFIED (public topic pages; sample, not full account history)"
charlottelaverickx,1,45000.0,980.0,1900000.0,1900000.0,1900000.0,42.22222222222222,42.22222222222222,1.4615384615384615,1.8764189773273028,2026-07-04T22:05:12.152000+00:00,2026-07-04T22:05:12.152000+00:00,mykonos,lifestyle_influencer,real_footage,mediterranean,terrace_outdoor,real_existing,en,0.0,https://www.instagram.com/reel/DaYxfk_uV5D/,https://www.instagram.com/charlottelaverickx/,"VERIFIED (public embed page, rounded, 2026-09-25)","VERIFIED (public topic pages; sample, not full account history)"
swissedmund,1,1000000.0,962.0,1900000.0,1900000.0,1900000.0,1.9,1.9,2.590320381731425,2.957955516844355,2025-10-18T10:55:20.247000+00:00,2025-10-18T10:55:20.247000+00:00,swiss-chalet,lifestyle_influencer,real_footage,traditional_regional,exterior_facade,real_existing,en,0.0,https://www.instagram.com/reel/DP8q8tvDBct/,https://www.instagram.com/swissedmund/,"VERIFIED (public embed page, rounded, 2026-09-25)","VERIFIED (public topic pages; sample, not full account history)"
alexpreview,1,462000.0,625.0,1800000.0,1800000.0,1800000.0,3.896103896103896,3.896103896103896,1.7061611374407584,1.7117313618176069,2021-03-16T18:49:21.404000+00:00,2021-03-16T18:49:21.404000+00:00,luxury-resort,lifestyle_influencer,,,,,en,,https://www.instagram.com/reel/CMfYHKRqyWf/,https://www.instagram.com/alexpreview/,"VERIFIED (public embed page, rounded, 2026-09-25)","VERIFIED (public topic pages; sample, not full account history)"
infinity_gardens_grup,1,4000.0,88.0,1800000.0,1800000.0,1800000.0,450.0,450.0,5.084745762711864,16.20031547205413,2026-07-04T20:38:39.369000+00:00,2026-07-04T20:38:39.369000+00:00,landscape-design;luxury-garden,designer_studio,unclear,organic_modern,garden_landscape,aspirational_realistic,ru,0.0,https://www.instagram.com/reel/DaYnlsYI0Dg/,https://www.instagram.com/infinity_gardens_grup/,"VERIFIED (public embed page, rounded, 2026-09-25)","VERIFIED (public topic pages; sample, not full account history)"
ti.fu,1,272000.0,510.0,1800000.0,1800000.0,1800000.0,6.617647058823529,6.617647058823529,6.174957118353345,5.6003102163665135,2024-01-03T09:13:29.571000+00:00,2024-01-03T09:13:29.571000+00:00,parametric-architecture,ai_creator,ai_generated,futuristic,exterior_facade,stylized_dreamy,en,1.0,https://www.instagram.com/reel/C1ofaiFM95o/,https://www.instagram.com/ti.fu/,"VERIFIED (public embed page, rounded, 2026-09-25)","VERIFIED (public topic pages; sample, not full account history)"
dreamintrodesigns,1,143000.0,760.0,1800000.0,1800000.0,1800000.0,12.587412587412587,12.587412587412587,17.526777020447906,10.052468809039222,2025-02-08T09:39:36.590000+00:00,2025-02-08T09:39:36.590000+00:00,kids-room-design,designer_studio,real_footage,glam_feminine,bedroom,real_existing,en,0.0,https://www.instagram.com/reel/DFzp9kasyef/,https://www.instagram.com/dreamintrodesigns/,"VERIFIED (public embed page, rounded, 2026-09-25)","VERIFIED (public topic pages; sample, not full account history)"
archia.design,2,152000.0,382.0,1059000.0,1800000.0,2118000.0,6.967105263157896,11.842105263157896,3.330188679245283,2.124925940949234,2024-06-20T11:37:02.909000+00:00,2025-08-28T14:14:06.077000+00:00,modern-house,designer_studio,ai_generated,modern_luxury,exterior_facade,aspirational_realistic,en,1.0,https://www.instagram.com/reel/C8b6L1yAzPS/,https://www.instagram.com/archia.design/,"VERIFIED (public embed page, rounded, 2026-09-25)","VERIFIED (public topic pages; sample, not full account history)"
madame_galu,1,130000.0,201.0,1800000.0,1800000.0,1800000.0,13.846153846153847,13.846153846153847,0.8780487804878049,1.0821175228893556,2026-07-19T16:14:12.057000+00:00,2026-07-19T16:14:12.057000+00:00,monaco,lifestyle_influencer,real_footage,other,none_person_only,real_existing,en,0.0,https://www.instagram.com/reel/Da-xP5AMnnh/,https://www.instagram.com/madame_galu/,"VERIFIED (public embed page, rounded, 2026-09-25)","VERIFIED (public topic pages; sample, not full account history)"
jaden.versluis,1,359000.0,437.0,1800000.0,1800000.0,1800000.0,5.013927576601671,5.013927576601671,2.926829268292683,2.9794420277468943,2024-04-24T21:56:53.108000+00:00,2024-04-24T21:56:53.108000+00:00,unique-airbnb,lifestyle_influencer,real_footage,scandinavian,exterior_facade,real_existing,en,0.0,https://www.instagram.com/reel/C6KPzyNh0uW/,https://www.instagram.com/jaden.versluis/,"VERIFIED (public embed page, rounded, 2026-09-25)","VERIFIED (public topic pages; sample, not full account history)"
_crystalvisual,2,10000.0,127.0,945850.0,1800000.0,1891700.0,94.585,180.0,0.8437555753791258,3.4644984381814523,2025-12-22T14:36:41.604000+00:00,2026-01-19T14:36:39.786000+00:00,dream-bedrooms,ai_creator,ai_generated,brutalist,bedroom,stylized_dreamy,en,1.0,https://www.instagram.com/reel/DSkb82VjPBD/,https://www.instagram.com/_crystalvisual/,"VERIFIED (public embed page, rounded, 2026-09-25)","VERIFIED (public topic pages; sample, not full account history)"
theraj_interior,2,148000.0,1300.0,928350.0,1800000.0,1856700.0,6.272635135135134,12.162162162162161,3.1323129748684977,2.2539720859639973,2026-01-19T05:00:08.972000+00:00,2026-03-19T07:56:59.441000+00:00,luxury-bathroom;luxury-bathroom-design;luxury-bathroom-interior-design-inspiration;luxury-bedroom;luxury-bedroom-design,designer_studio,ai_generated,dark_luxury,bathroom,aspirational_realistic,en,1.0,https://www.instagram.com/reel/DTrgOnZk3v-/,https://www.instagram.com/theraj_interior/,"VERIFIED (public embed page, rounded, 2026-09-25)","VERIFIED (public topic pages; sample, not full account history)"
chloereneewebb,1,98000.0,1021.0,1800000.0,1800000.0,1800000.0,18.367346938775512,18.367346938775512,2.2641509433962264,4.366778350749202,2023-07-30T20:32:53.331000+00:00,2023-07-30T20:32:53.331000+00:00,amazon-home-finds,lifestyle_influencer,real_footage,rustic_cozy,bedroom,real_existing,en,0.0,https://www.instagram.com/reel/CvVcXM9A2rS/,https://www.instagram.com/chloereneewebb/,"VERIFIED (public embed page, rounded, 2026-09-25)","VERIFIED (public topic pages; sample, not full account history)"
verandaestatehomes,1,371000.0,3732.0,1800000.0,1800000.0,1800000.0,4.8517520215633425,4.8517520215633425,15.384615384615385,4.136668031500459,2025-12-27T18:00:48.142000+00:00,2025-12-27T18:00:48.142000+00:00,dream-kitchen;dream-kitchens;organic-modern-kitchen-designs,theme_page,real_footage,organic_modern,kitchen,real_existing,en,0.0,https://www.instagram.com/reel/DSxrSKakvV9/,https://www.instagram.com/verandaestatehomes/,"VERIFIED (public embed page, rounded, 2026-09-25)","VERIFIED (public topic pages; sample, not full account history)"
nikimariephoto,1,110000.0,3569.0,1700000.0,1700000.0,1700000.0,15.454545454545455,15.454545454545455,2.6729559748427674,2.4545619935488334,2025-09-01T14:44:07.967000+00:00,2025-09-01T14:44:07.967000+00:00,home-library,lifestyle_influencer,real_footage,classical_luxury,other,real_existing,en,0.0,https://www.instagram.com/reel/DOEDxVjDSEX/,https://www.instagram.com/nikimariephoto/,"VERIFIED (public embed page, rounded, 2026-09-25)","VERIFIED (public topic pages; sample, not full account history)"
kf.3dsolutions,1,151000.0,847.0,1700000.0,1700000.0,1700000.0,11.258278145695364,11.258278145695364,41.16222760290557,28.586372867851363,2024-02-24T11:01:07.160000+00:00,2024-02-24T11:01:07.160000+00:00,wabi-sabi-japandi-interior-design,designer_studio,3d_render,japandi,living_room,aspirational_realistic,en,0.0,https://www.instagram.com/reel/C3ulET_tzH_/,https://www.instagram.com/kf.3dsolutions/,"VERIFIED (public embed page, rounded, 2026-09-25)","VERIFIED (public topic pages; sample, not full account history)"
husnain_g13_properties,1,4000.0,210.0,1700000.0,1700000.0,1700000.0,425.0,425.0,2.8404344193817876,10.05008446173807,2026-08-22T16:05:22.464000+00:00,2026-08-22T16:05:22.464000+00:00,luxury-kitchen;modern-kitchen,real_estate,real_footage,modern_luxury,kitchen,real_existing,en,0.0,https://www.instagram.com/reel/DcWTQ_jiSCi/,https://www.instagram.com/husnain_g13_properties/,"VERIFIED (public embed page, rounded, 2026-09-25)","VERIFIED (public topic pages; sample, not full account history)"
tucasad3co,2,273000.0,223.0,1550000.0,1700000.0,3100000.0,5.689102564102564,6.25,39.07660862012714,6.826623928076644,2026-03-10T17:39:51.540000+00:00,2026-03-31T18:40:01.133000+00:00,japandi-serenity-bedroom-design-ideas;living-room-design,theme_page,ai_generated,minimalist,bedroom,aspirational_realistic,es,1.0,https://www.instagram.com/reel/DVtm6pNkiO_/,https://www.instagram.com/tucasad3co/,"VERIFIED (public embed page, rounded, 2026-09-25)","VERIFIED (public topic pages; sample, not full account history)"
primurse_log,1,43000.0,346.0,1700000.0,1700000.0,1700000.0,39.53488372093023,39.53488372093023,10.33434650455927,15.651768759027561,2026-03-04T14:37:09.380000+00:00,2026-03-04T14:37:09.380000+00:00,futuristic-architecture,ai_creator,ai_generated,futuristic,exterior_facade,fantasy_impossible,en,1.0,https://www.instagram.com/reel/DVd1PPVj6Z4/,https://www.instagram.com/primurse_log/,"VERIFIED (public embed page, rounded, 2026-09-25)","VERIFIED (public topic pages; sample, not full account history)"
furnicher_mahal__,1,9000.0,124.0,1700000.0,1700000.0,1700000.0,188.88888888888889,188.88888888888889,2.336769759450172,11.713621965591823,2026-07-03T15:26:01.074000+00:00,2026-07-03T15:26:01.074000+00:00,furniture-design,brand_manufacturer,ai_generated,modern_luxury,living_room,aspirational_realistic,hi,1.0,https://www.instagram.com/reel/DaVfA_Mpg3j/,https://www.instagram.com/furnicher_mahal__/,"VERIFIED (public embed page, rounded, 2026-09-25)","VERIFIED (public topic pages; sample, not full account history)"
roomify.design,7,62000.0,152.0,337000.0,1700000.0,3650400.0,5.435483870967742,27.419354838709676,1.3547868061142398,1.8492135901847802,2026-02-20T23:44:14.399000+00:00,2026-04-16T20:57:04.143000+00:00,bedroom-design;dream-kitchen;green-minimalist-interior-design;interior-styling;luxury-dining-room;luxury-kitchen-design;virtual-staging,ai_creator,ai_generated,organic_modern,bedroom,aspirational_realistic,en,1.0,https://www.instagram.com/reel/DVrk07ojSsm/,https://www.instagram.com/roomify.design/,"VERIFIED (public embed page, rounded, 2026-09-25)","VERIFIED (public topic pages; sample, not full account history)"
rucalico_traful,1,2000000.0,1684.0,1700000.0,1700000.0,1700000.0,0.85,0.85,2.257636122177955,0.751987635438895,2026-09-12T22:15:48.152000+00:00,2026-09-12T22:15:48.152000+00:00,cabins,other,real_footage,organic_modern,exterior_facade,real_existing,es,0.0,https://www.instagram.com/reel/DdNCWdvv2XE/,https://www.instagram.com/rucalico_traful/,"VERIFIED (public embed page, rounded, 2026-09-25)","VERIFIED (public topic pages; sample, not full account history)"
designxdani,1,50000.0,754.0,1700000.0,1700000.0,1700000.0,34.0,34.0,9.315068493150685,17.04622977622846,2026-03-17T02:50:35.149000+00:00,2026-03-17T02:50:35.149000+00:00,future-home,lifestyle_influencer,real_footage,rustic_cozy,terrace_outdoor,real_existing,en,0.0,https://www.instagram.com/reel/DV-CtiaDrrN/,https://www.instagram.com/designxdani/,"VERIFIED (public embed page, rounded, 2026-09-25)","VERIFIED (public topic pages; sample, not full account history)"
buildup_work,1,661000.0,140.0,1700000.0,1700000.0,1700000.0,2.571860816944024,2.571860816944024,1.2142857142857142,0.3885202558224119,2026-04-30T18:50:31.230000+00:00,2026-04-30T18:50:31.230000+00:00,home-decor-ideas,ai_creator,ai_generated,other,garden_landscape,stylized_dreamy,en,1.0,https://www.instagram.com/reel/DXxDizylQdZ/,https://www.instagram.com/buildup_work/,"VERIFIED (public embed page, rounded, 2026-09-25)","VERIFIED (public topic pages; sample, not full account history)"
jennabayergardendesign,1,128000.0,88.0,1700000.0,1700000.0,1700000.0,13.28125,13.28125,2.029850746268657,1.6050805152839531,2026-02-13T19:27:07.650000+00:00,2026-02-13T19:27:07.650000+00:00,garden-design,designer_studio,ai_generated,organic_modern,garden_landscape,aspirational_realistic,en,1.0,https://www.instagram.com/reel/DUtbUbUkmkP/,https://www.instagram.com/jennabayergardendesign/,"VERIFIED (public embed page, rounded, 2026-09-25)","VERIFIED (public topic pages; sample, not full account history)"
matitectura,1,507000.0,626.0,1700000.0,1700000.0,1700000.0,3.353057199211045,3.353057199211045,4.527296937416778,1.8889823234764627,2025-03-03T16:26:19.765000+00:00,2025-03-03T16:26:19.765000+00:00,ai-architecture;midjourney-architecture,ai_creator,ai_generated,brutalist,living_room,stylized_dreamy,en,1.0,https://www.instagram.com/reel/DGvmymOMdST/,https://www.instagram.com/matitectura/,"VERIFIED (public embed page, rounded, 2026-09-25)","VERIFIED (public topic pages; sample, not full account history)"
rivageresort,1,31000.0,168.0,1700000.0,1700000.0,1700000.0,54.83870967741935,54.83870967741935,76.57657657657657,40.83643450907828,2026-06-01T14:52:13.934000+00:00,2026-06-01T14:52:13.934000+00:00,hunza-valley-luxury-resorts,other,real_footage,traditional_regional,garden_landscape,real_existing,en,0.0,https://www.instagram.com/reel/DZDBtiKuE2Q/,https://www.instagram.com/rivageresort/,"VERIFIED (public embed page, rounded, 2026-09-25)","VERIFIED (public topic pages; sample, not full account history)"
luxurytravelermedia,1,431000.0,994.0,1700000.0,1700000.0,1700000.0,3.9443155452436196,3.9443155452436196,6.284658040665434,3.0886709825475105,2025-11-24T19:03:34.963000+00:00,2025-11-24T19:03:34.963000+00:00,luxury-hotel,media_publication,real_footage,classical_luxury,exterior_facade,real_existing,en,0.0,https://www.instagram.com/reel/DRc0PGtErsa/,https://www.instagram.com/luxurytravelermedia/,"VERIFIED (public embed page, rounded, 2026-09-25)","VERIFIED (public topic pages; sample, not full account history)"
goldenhourabode,1,546000.0,1156.0,1700000.0,1700000.0,1700000.0,3.1135531135531136,3.1135531135531136,1.36,1.4629901110346129,2024-09-24T00:01:47.239000+00:00,2024-09-24T00:01:47.239000+00:00,bedroom-decor,lifestyle_influencer,real_footage,other,bedroom,real_existing,en,0.0,https://www.instagram.com/reel/DAR27mHPLNA/,https://www.instagram.com/goldenhourabode/,"VERIFIED (public embed page, rounded, 2026-09-25)","VERIFIED (public topic pages; sample, not full account history)"
olena_prykhodko_design,3,308000.0,434.0,1000000.0,1700000.0,3152000.0,3.2467532467532467,5.51948051948052,1.0672358591248665,0.7620935900705118,2026-01-24T18:44:57.108000+00:00,2026-04-24T16:12:50.551000+00:00,bedroom-design;kitchen-inspiration;scandinavian-interior-design-styles,designer_studio,ai_generated,maximalist,bedroom,aspirational_realistic,en,0.6666666666666666,https://www.instagram.com/reel/DT52mBdgXiF/,https://www.instagram.com/olena_prykhodko_design/,"VERIFIED (public embed page, rounded, 2026-09-25)","VERIFIED (public topic pages; sample, not full account history)"
sembler8,1,314000.0,1044.0,1600000.0,1600000.0,1600000.0,5.095541401273885,5.095541401273885,2.6016260162601625,2.8195884158706286,2025-01-20T03:51:14.281000+00:00,2025-01-20T03:51:14.281000+00:00,unique-airbnb,lifestyle_influencer,real_footage,tropical,exterior_facade,real_existing,en,0.0,https://www.instagram.com/reel/DFCG_ZISb6o/,https://www.instagram.com/sembler8/,"VERIFIED (public embed page, rounded, 2026-09-25)","VERIFIED (public topic pages; sample, not full account history)"
malaysiahomie,1,515000.0,2030.0,1600000.0,1600000.0,1600000.0,3.1067961165048543,3.1067961165048543,4.664723032069971,4.100959309459525,2026-02-19T02:43:53.782000+00:00,2026-02-19T02:43:53.782000+00:00,mansion-tour,media_publication,real_footage,modern_luxury,exterior_facade,real_existing,en,0.0,https://www.instagram.com/reel/DU7FRyugUyf/,https://www.instagram.com/malaysiahomie/,"VERIFIED (public embed page, rounded, 2026-09-25)","VERIFIED (public topic pages; sample, not full account history)"
thegoatmusics,1,28000.0,324.0,1600000.0,1600000.0,1600000.0,57.142857142857146,57.142857142857146,1.6904384574749076,3.648070332541075,2025-12-24T04:00:02.669000+00:00,2025-12-24T04:00:02.669000+00:00,dream-life,other,unclear,other,other,stylized_dreamy,en,0.0,https://www.instagram.com/reel/DSocrpKD0jF/,https://www.instagram.com/thegoatmusics/,"VERIFIED (public embed page, rounded, 2026-09-25)","VERIFIED (public topic pages; sample, not full account history)"
shauna_kelly_interiors,1,339000.0,2407.0,1600000.0,1600000.0,1600000.0,4.71976401179941,4.71976401179941,7.111111111111111,7.521771867010114,2023-09-30T19:52:03.522000+00:00,2023-09-30T19:52:03.522000+00:00,luxury-living-room,designer_studio,real_footage,modern_luxury,living_room,real_existing,en,0.0,https://www.instagram.com/reel/Cx1A-Z0r9aD/,https://www.instagram.com/shauna_kelly_interiors/,"VERIFIED (public embed page, rounded, 2026-09-25)","VERIFIED (public topic pages; sample, not full account history)"
calmwhispers01,1,75000.0,384.0,1600000.0,1600000.0,1600000.0,21.333333333333332,21.333333333333332,7.94044665012407,10.746865423165449,2024-09-23T11:43:34.989000+00:00,2024-09-23T11:43:34.989000+00:00,cozy-cabin-in-the-snow,theme_page,ai_generated,rustic_cozy,bedroom,stylized_dreamy,en,1.0,https://www.instagram.com/reel/DAQic06SmvP/,https://www.instagram.com/calmwhispers01/,"VERIFIED (public embed page, rounded, 2026-09-25)","VERIFIED (public topic pages; sample, not full account history)"
sevenora.design,1,15000.0,149.0,1600000.0,1600000.0,1600000.0,106.66666666666667,106.66666666666667,5.614035087719298,5.347942213019704,2026-08-03T03:43:46+00:00,2026-08-03T03:43:46+00:00,architecture-design,designer_studio,3d_render,tropical,pool,aspirational_realistic,en,0.0,https://www.instagram.com/reel/DbkDSq7xR__/,https://www.instagram.com/sevenora.design/,"VERIFIED (public embed page, rounded, 2026-09-25)","VERIFIED (public topic pages; sample, not full account history)"
zarela_home_decor_,1,38000.0,415.0,1600000.0,1600000.0,1600000.0,42.10526315789474,42.10526315789474,1.911589008363202,2.405522122452006,2026-07-30T15:23:31.967000+00:00,2026-07-30T15:23:31.967000+00:00,home-decor,lifestyle_influencer,real_footage,organic_modern,living_room,real_existing,es,0.0,https://www.instagram.com/reel/DbbAMaTRT8h/,https://www.instagram.com/zarela_home_decor_/,"VERIFIED (public embed page, rounded, 2026-09-25)","VERIFIED (public topic pages; sample, not full account history)"
sara.interiorstudio,1,10000.0,50.0,1600000.0,1600000.0,1600000.0,160.0,160.0,5.237315875613748,9.469036005777797,2026-09-10T18:26:23.737000+00:00,2026-09-10T18:26:23.737000+00:00,art-deco-interior-design,designer_studio,ai_generated,mid_century,living_room,aspirational_realistic,en,1.0,https://www.instagram.com/reel/DdHegfQM6DU/,https://www.instagram.com/sara.interiorstudio/,"VERIFIED (public embed page, rounded, 2026-09-25)","VERIFIED (public topic pages; sample, not full account history)"
aaltomotive,1,165000.0,1112.0,1600000.0,1600000.0,1600000.0,9.696969696969697,9.696969696969697,1.855072463768116,1.4342745824751622,2026-07-31T11:11:12.709000+00:00,2026-07-31T11:11:12.709000+00:00,dream-house,theme_page,real_footage,classical_luxury,exterior_facade,real_existing,en,0.0,https://www.instagram.com/reel/DbdIHO2NC0-/,https://www.instagram.com/aaltomotive/,"VERIFIED (public embed page, rounded, 2026-09-25)","VERIFIED (public topic pages; sample, not full account history)"
chalet_lumdor,1,35000.0,168.0,1600000.0,1600000.0,1600000.0,45.714285714285715,45.714285714285715,1.5238095238095237,3.3472635371320476,2026-07-16T18:01:06.644000+00:00,2026-07-16T18:01:06.644000+00:00,chalet,other,real_footage,warm_luxury,terrace_outdoor,real_existing,en,0.0,https://www.instagram.com/reel/Da3PGS9qbs8/,https://www.instagram.com/chalet_lumdor/,"VERIFIED (public embed page, rounded, 2026-09-25)","VERIFIED (public topic pages; sample, not full account history)"
alexcentomo,1,858000.0,1841.0,1600000.0,1600000.0,1600000.0,1.8648018648018647,1.8648018648018647,1.6904384574749076,0.7360657940584142,2026-02-07T18:50:24.721000+00:00,2026-02-07T18:50:24.721000+00:00,dream-life,lifestyle_influencer,real_footage,classical_luxury,living_room,real_existing,en,0.0,https://www.instagram.com/reel/DUd6WQ8Eetx/,https://www.instagram.com/alexcentomo/,"VERIFIED (public embed page, rounded, 2026-09-25)","VERIFIED (public topic pages; sample, not full account history)"
frenchandbeyond.design,1,,,1600000.0,1600000.0,1600000.0,,,1.28,,2026-04-08T20:57:18.754000+00:00,2026-04-08T20:57:18.754000+00:00,kitchen-design,,,,,,,,https://www.instagram.com/reel/DW4okNkjMlY/,https://www.instagram.com/frenchandbeyond.design/,UNKNOWN,"VERIFIED (public topic pages; sample, not full account history)"
ws_properties.pk,1,,,1600000.0,1600000.0,1600000.0,,,0.9142857142857143,,2026-07-07T10:54:49.231000+00:00,2026-07-07T10:54:49.231000+00:00,luxury-house,,,,,,,,https://www.instagram.com/reel/DafTKLbKlFz/,https://www.instagram.com/ws_properties.pk/,UNKNOWN,"VERIFIED (public topic pages; sample, not full account history)"
abeastinside,3,182000.0,2052.0,1200000.0,1600000.0,2825400.0,6.593406593406593,8.791208791208792,1.8504240555127216,2.6172185734499758,2026-06-03T10:47:33.072000+00:00,2026-08-28T10:49:32.660000+00:00,cyberpunk-city,theme_page,real_footage,cyberpunk,other,real_existing,en,0.0,https://www.instagram.com/reel/DclL5CNt48E/,https://www.instagram.com/abeastinside/,"VERIFIED (public embed page, rounded, 2026-09-25)","VERIFIED (public topic pages; sample, not full account history)"
laurenfrancesstanger,1,12000.0,583.0,1600000.0,1600000.0,1600000.0,133.33333333333334,133.33333333333334,0.463768115942029,0.863887753465689,2024-04-10T15:58:52.332000+00:00,2024-04-10T15:58:52.332000+00:00,rainy-day,lifestyle_influencer,real_footage,traditional_regional,other,real_existing,en,0.0,https://www.instagram.com/reel/C5ljtXpiRqg/,https://www.instagram.com/laurenfrancesstanger/,"VERIFIED (public embed page, rounded, 2026-09-25)","VERIFIED (public topic pages; sample, not full account history)"
housenumbereight_,1,254000.0,533.0,1600000.0,1600000.0,1600000.0,6.299212598425197,6.299212598425197,3.8323353293413174,5.854645123125056,2024-12-21T08:25:33.878000+00:00,2024-12-21T08:25:33.878000+00:00,interior-styling,lifestyle_influencer,real_footage,minimalist,kitchen,real_existing,en,0.0,https://www.instagram.com/reel/DD1WiXuutPt/,https://www.instagram.com/housenumbereight_/,"VERIFIED (public embed page, rounded, 2026-09-25)","VERIFIED (public topic pages; sample, not full account history)"
purehotelbyhollywood,2,10000.0,1158.0,802997.0,1600000.0,1605994.0,80.2997,160.0,13.500920881491941,12.190013780769899,2025-03-23T16:41:48.749000+00:00,2026-03-05T17:22:21.612000+00:00,boutique-hotel;luxury-suite,other,real_footage,modern_luxury,exterior_facade,real_existing,other,0.0,https://www.instagram.com/reel/DHjIdf6N9IZ/,https://www.instagram.com/purehotelbyhollywood/,"VERIFIED (public embed page, rounded, 2026-09-25)","VERIFIED (public topic pages; sample, not full account history)"
skyviewexperts,3,350000.0,2263.0,28000.0,1600000.0,1637278.0,0.08,4.571428571428571,1.2109900150101156,0.17980535959212454,2024-01-20T14:09:08.826000+00:00,2026-03-03T14:37:52.139000+00:00,indoor-pool;real-estate;virtual-staging,real_estate,real_footage,minimalist,exterior_facade,real_existing,en,0.0,https://www.instagram.com/reel/C2Uyw2ArW6H/,https://www.instagram.com/skyviewexperts/,"VERIFIED (public embed page, rounded, 2026-09-25)","VERIFIED (public topic pages; sample, not full account history)"
fast_buildsx,1,1000000.0,113.0,1600000.0,1600000.0,1600000.0,1.6,1.6,87.19346049046321,10.901448528122831,2026-03-02T16:01:02.425000+00:00,2026-03-02T16:01:02.425000+00:00,cliff-house,theme_page,ai_generated,organic_modern,garden_landscape,stylized_dreamy,en,1.0,https://www.instagram.com/reel/DVY1P4AArWL/,https://www.instagram.com/fast_buildsx/,"VERIFIED (public embed page, rounded, 2026-09-25)","VERIFIED (public topic pages; sample, not full account history)"
havello3,2,360000.0,571.0,893500.0,1600000.0,1787000.0,2.4819444444444447,4.444444444444445,1.3989781916730712,0.8210266679619382,2026-02-15T09:25:07.219000+00:00,2026-05-24T03:50:01.420000+00:00,bedroom-design;dreamy-walk-in-closet-designs-ideas,theme_page,3d_render,minimalist,bedroom,aspirational_realistic,en,0.0,https://www.instagram.com/reel/DUxgA8dDEBj/,https://www.instagram.com/havello3/,"VERIFIED (public embed page, rounded, 2026-09-25)","VERIFIED (public topic pages; sample, not full account history)"
hikingwithmary,1,212000.0,244.0,1600000.0,1600000.0,1600000.0,7.547169811320755,7.547169811320755,2.1248339973439574,2.021807927195845,2026-09-08T16:19:15.263000+00:00,2026-09-08T16:19:15.263000+00:00,cabins,lifestyle_influencer,real_footage,other,none_person_only,real_existing,en,0.0,https://www.instagram.com/reel/DdCGXhzCs9t/,https://www.instagram.com/hikingwithmary/,"VERIFIED (public embed page, rounded, 2026-09-25)","VERIFIED (public topic pages; sample, not full account history)"
joe_hattab,1,8000000.0,408.0,1500000.0,1500000.0,1500000.0,0.1875,0.1875,2.8011204481792715,0.5157432972672791,2026-02-10T10:17:36.536000+00:00,2026-02-10T10:17:36.536000+00:00,faroe-islands-luxury-villas,lifestyle_influencer,real_footage,traditional_regional,none_person_only,real_existing,ar,0.0,https://www.instagram.com/reel/DUkuDAfiE0f/,https://www.instagram.com/joe_hattab/,"VERIFIED (public embed page, rounded, 2026-09-25)","VERIFIED (public topic pages; sample, not full account history)"
twinreadsandreds,1,111000.0,1353.0,1500000.0,1500000.0,1500000.0,13.513513513513514,13.513513513513514,2.358490566037736,2.1566425531930182,2026-03-13T14:08:37.071000+00:00,2026-03-13T14:08:37.071000+00:00,home-library,lifestyle_influencer,real_footage,other,other,real_existing,en,0.0,https://www.instagram.com/reel/DV09IF7AOEA/,https://www.instagram.com/twinreadsandreds/,"VERIFIED (public embed page, rounded, 2026-09-25)","VERIFIED (public topic pages; sample, not full account history)"
balidroomvillas,1,14000.0,445.0,1500000.0,1500000.0,1500000.0,107.14285714285714,107.14285714285714,34.36426116838488,39.556365117087985,2025-05-14T02:19:50.149000+00:00,2025-05-14T02:19:50.149000+00:00,bali-infinity-pool-villas;bali-villa,real_estate,real_footage,tropical,pool,real_existing,en,0.0,https://www.instagram.com/reel/DJnfJsWPbAI/,https://www.instagram.com/balidroomvillas/,"VERIFIED (public embed page, rounded, 2026-09-25)","VERIFIED (public topic pages; sample, not full account history)"
lemeuriceparis,1,1000000.0,3340.0,1500000.0,1500000.0,1500000.0,1.5,1.5,25.27379949452401,2.628943204493499,2025-04-25T15:55:05.896000+00:00,2025-04-25T15:55:05.896000+00:00,boutique-hotel,other,real_footage,classical_luxury,hotel_room,real_existing,en,0.0,https://www.instagram.com/reel/DI4BWOnoTNx/,https://www.instagram.com/lemeuriceparis/,"VERIFIED (public embed page, rounded, 2026-09-25)","VERIFIED (public topic pages; sample, not full account history)"
spotlistworldwide,1,347000.0,177.0,1500000.0,1500000.0,1500000.0,4.322766570605188,4.322766570605188,1.4285714285714286,1.0732877301781534,2026-07-11T07:30:27.789000+00:00,2026-07-11T07:30:27.789000+00:00,chalet,theme_page,real_footage,biophilic,pool,real_existing,en,0.0,https://www.instagram.com/reel/DapO866Md-P/,https://www.instagram.com/spotlistworldwide/,"VERIFIED (public embed page, rounded, 2026-09-25)","VERIFIED (public topic pages; sample, not full account history)"
annaellens_,1,989000.0,1237.0,1500000.0,1500000.0,1500000.0,1.5166835187057635,1.5166835187057635,1.2,0.9777258388843088,2024-07-12T17:46:00.696000+00:00,2024-07-12T17:46:00.696000+00:00,bedroom-decor,lifestyle_influencer,real_footage,scandinavian,bedroom,real_existing,en,0.0,https://www.instagram.com/reel/C9VN5dPqg_a/,https://www.instagram.com/annaellens_/,"VERIFIED (public embed page, rounded, 2026-09-25)","VERIFIED (public topic pages; sample, not full account history)"
amandabhome,1,1000000.0,830.0,1500000.0,1500000.0,1500000.0,1.5,1.5,1.8867924528301887,1.2279561870785012,2025-10-19T14:52:43.088000+00:00,2025-10-19T14:52:43.088000+00:00,amazon-home-finds,lifestyle_influencer,real_footage,organic_modern,stairs_hall,real_existing,en,0.0,https://www.instagram.com/reel/DP_q6N7joMT/,https://www.instagram.com/amandabhome/,"VERIFIED (public embed page, rounded, 2026-09-25)","VERIFIED (public topic pages; sample, not full account history)"
trezdstudio,1,332000.0,26.0,1500000.0,1500000.0,1500000.0,4.518072289156627,4.518072289156627,2.846299810246679,3.156390681130099,2025-08-29T17:05:37.719000+00:00,2025-08-29T17:05:37.719000+00:00,luxury-interior,designer_studio,3d_render,modern_luxury,living_room,aspirational_realistic,en,0.0,https://www.instagram.com/reel/DN8llDvCJMD/,https://www.instagram.com/trezdstudio/,"VERIFIED (public embed page, rounded, 2026-09-25)","VERIFIED (public topic pages; sample, not full account history)"
neutral_homebody,2,543000.0,580.0,863500.0,1500000.0,1727000.0,1.5902394106813997,2.7624309392265194,3.206548227880252,1.0628030002097177,2026-04-01T13:58:50.926000+00:00,2026-08-14T13:59:27.037000+00:00,japandi;organic-modern,lifestyle_influencer,real_footage,organic_modern,dining,real_existing,en,0.0,https://www.instagram.com/reel/DcBefsyR3OM/,https://www.instagram.com/neutral_homebody/,"VERIFIED (public embed page, rounded, 2026-09-25)","VERIFIED (public topic pages; sample, not full account history)"
wahid_bhattt,1,12000.0,226.0,1500000.0,1500000.0,1500000.0,125.0,125.0,7.352941176470588,15.90197340483557,2025-11-13T16:30:19.382000+00:00,2025-11-13T16:30:19.382000+00:00,mountain-house,lifestyle_influencer,real_footage,traditional_regional,exterior_facade,real_existing,en,0.0,https://www.instagram.com/reel/DRAN8-OkmPt/,https://www.instagram.com/wahid_bhattt/,"VERIFIED (public embed page, rounded, 2026-09-25)","VERIFIED (public topic pages; sample, not full account history)"
glashaus.realestate,5,296000.0,537.0,791000.0,1500000.0,3531000.0,2.6722972972972974,5.0675675675675675,5.25328330206379,4.5073656326394325,2023-10-19T19:09:50.276000+00:00,2026-01-02T19:19:46.583000+00:00,beverly-hills-mansion;houses-on-malibu-beach;los-angeles-house;malibu-house,real_estate,real_footage,modern_luxury,bedroom,real_existing,en,0.0,https://www.instagram.com/reel/Cyl3Py1v64k/,https://www.instagram.com/glashaus.realestate/,"VERIFIED (public embed page, rounded, 2026-09-25)","VERIFIED (public topic pages; sample, not full account history)"
hannahandkord,2,94000.0,220.0,897000.0,1500000.0,1794000.0,9.542553191489361,15.957446808510639,3.281003937007874,3.2828293456685667,2025-11-14T18:18:11.804000+00:00,2026-07-06T17:02:45.144000+00:00,a-frame-cabin;cozy-cabin,lifestyle_influencer,real_footage,organic_modern,exterior_facade,real_existing,en,0.0,https://www.instagram.com/reel/DadYeHfu8MG/,https://www.instagram.com/hannahandkord/,"VERIFIED (public embed page, rounded, 2026-09-25)","VERIFIED (public topic pages; sample, not full account history)"
interior.by.ja,1,110000.0,485.0,1500000.0,1500000.0,1500000.0,13.636363636363637,13.636363636363637,69.72204146137399,21.577310856296712,2021-10-24T17:32:04.258000+00:00,2021-10-24T17:32:04.258000+00:00,hotel-room-interior-design-ideas,designer_studio,real_footage,modern_luxury,bedroom,real_existing,en,0.0,https://www.instagram.com/reel/CVa3vWkhsoc/,https://www.instagram.com/interior.by.ja/,"VERIFIED (public embed page, rounded, 2026-09-25)","VERIFIED (public topic pages; sample, not full account history)"
fritztinyhomes,1,273000.0,1520.0,1500000.0,1500000.0,1500000.0,5.4945054945054945,5.4945054945054945,5.671077504725898,6.891634333715611,2024-08-29T16:54:16.699000+00:00,2024-08-29T16:54:16.699000+00:00,forest-house,brand_manufacturer,real_footage,minimalist,exterior_facade,real_existing,en,0.0,https://www.instagram.com/reel/C_QuIjRPTVP/,https://www.instagram.com/fritztinyhomes/,"VERIFIED (public embed page, rounded, 2026-09-25)","VERIFIED (public topic pages; sample, not full account history)"
mike.tokyohousing,2,89000.0,299.0,805500.0,1500000.0,1611000.0,9.05056179775281,16.853932584269664,7.971301335972291,3.423130888853281,2026-06-24T06:49:32.409000+00:00,2026-07-13T07:10:55.535000+00:00,tokyo-apartment,real_estate,real_footage,minimalist,exterior_facade,real_existing,en,0.0,https://www.instagram.com/reel/DauWTkrSznf/,https://www.instagram.com/mike.tokyohousing/,"VERIFIED (public embed page, rounded, 2026-09-25)","VERIFIED (public topic pages; sample, not full account history)"
happyhomecopenhagen,1,508000.0,831.0,1400000.0,1400000.0,1400000.0,2.7559055118110236,2.7559055118110236,68.45965770171149,10.505219214783027,2024-10-31T08:07:49.923000+00:00,2024-10-31T08:07:49.923000+00:00,scandinavian-interior-design,lifestyle_influencer,real_footage,scandinavian,living_room,real_existing,en,0.0,https://www.instagram.com/reel/DBx_93lMS1S/,https://www.instagram.com/happyhomecopenhagen/,"VERIFIED (public embed page, rounded, 2026-09-25)","VERIFIED (public topic pages; sample, not full account history)"
zekehemmila,1,13000.0,278.0,1400000.0,1400000.0,1400000.0,107.6923076923077,107.6923076923077,23.47024308466052,24.288196346352773,2025-10-18T02:12:11.547000+00:00,2025-10-18T02:12:11.547000+00:00,luxury-apartment,lifestyle_influencer,real_footage,modern_luxury,dining,real_existing,en,0.0,https://www.instagram.com/reel/DP7vFFhDVw3/,https://www.instagram.com/zekehemmila/,"VERIFIED (public embed page, rounded, 2026-09-25)","VERIFIED (public topic pages; sample, not full account history)"
tiatinn_,3,8000.0,416.0,1400000.0,1400000.0,2830700.0,175.0,175.0,5.185185185185185,20.354280812876716,2023-06-30T12:16:18.351000+00:00,2023-10-03T15:21:48.748000+00:00,dubai-luxury-penthouse,real_estate,real_footage,other,other,real_existing,en,0.0,https://www.instagram.com/reel/CuHTr3rJ5pJ/,https://www.instagram.com/tiatinn_/,"VERIFIED (public embed page, rounded, 2026-09-25)","VERIFIED (public topic pages; sample, not full account history)"
timberwit,2,17000.0,301.0,705900.0,1400000.0,1411800.0,41.523529411764706,82.3529411764706,0.6308310991957105,1.4756132120204413,2026-02-18T13:33:28.999000+00:00,2026-09-02T16:18:04.326000+00:00,luxury-real-estate,theme_page,real_footage,modern_luxury,kitchen,real_existing,en,0.0,https://www.instagram.com/reel/DcypdnmoFJq/,https://www.instagram.com/timberwit/,"VERIFIED (public embed page, rounded, 2026-09-25)","VERIFIED (public topic pages; sample, not full account history)"
houseofheron,3,,,923000.0,1400000.0,2385700.0,,,5.543543543543543,,2025-04-03T18:30:14.368000+00:00,2026-02-08T14:32:17.253000+00:00,dark-academia-home-library;home-library,,,,,,,,https://www.instagram.com/reel/DUgBmlGCCCI/,https://www.instagram.com/houseofheron/,UNKNOWN,"VERIFIED (public topic pages; sample, not full account history)"
renovatemate,1,286000.0,179.0,1400000.0,1400000.0,1400000.0,4.895104895104895,4.895104895104895,2.077151335311573,3.0852260204398654,2026-04-15T04:01:15.822000+00:00,2026-04-15T04:01:15.822000+00:00,luxury-pool,ai_creator,ai_generated,other,pool,stylized_dreamy,en,1.0,https://www.instagram.com/reel/DXI12kqxCk1/,https://www.instagram.com/renovatemate/,"VERIFIED (public embed page, rounded, 2026-09-25)","VERIFIED (public topic pages; sample, not full account history)"
fullpackagemedia,1,303000.0,1698.0,1400000.0,1400000.0,1400000.0,4.62046204620462,4.62046204620462,1.2511170688114388,0.7608091628021385,2022-12-21T01:50:02.012000+00:00,2022-12-21T01:50:02.012000+00:00,luxury-real-estate,real_estate,real_footage,classical_luxury,exterior_facade,real_existing,en,0.0,https://www.instagram.com/reel/CmaYLyhq1_X/,https://www.instagram.com/fullpackagemedia/,"VERIFIED (public embed page, rounded, 2026-09-25)","VERIFIED (public topic pages; sample, not full account history)"
gurpreet40,1,502000.0,1154.0,1400000.0,1400000.0,1400000.0,2.7888446215139444,2.7888446215139444,2.014388489208633,0.8061955977783775,2026-05-27T15:24:43.371000+00:00,2026-05-27T15:24:43.371000+00:00,maldives-villa,lifestyle_influencer,real_footage,tropical,exterior_facade,real_existing,en,0.0,https://www.instagram.com/reel/DY2NdIJMmLI/,https://www.instagram.com/gurpreet40/,"VERIFIED (public embed page, rounded, 2026-09-25)","VERIFIED (public topic pages; sample, not full account history)"
alexisandraaustin,1,232000.0,598.0,1400000.0,1400000.0,1400000.0,6.0344827586206895,6.0344827586206895,34.48275862068966,19.125156075903128,2023-03-09T23:07:37.337000+00:00,2023-03-09T23:07:37.337000+00:00,coastal-bedroom-design-ideas,lifestyle_influencer,real_footage,organic_modern,bedroom,real_existing,en,0.0,https://www.instagram.com/reel/CplgZYQJcgD/,https://www.instagram.com/alexisandraaustin/,"VERIFIED (public embed page, rounded, 2026-09-25)","VERIFIED (public topic pages; sample, not full account history)"
arama_mobila,1,93000.0,464.0,1400000.0,1400000.0,1400000.0,15.053763440860216,15.053763440860216,1.9243986254295533,3.23606051047256,2026-08-29T01:36:51.279000+00:00,2026-08-29T01:36:51.279000+00:00,furniture-design,brand_manufacturer,ai_generated,modern_luxury,office,aspirational_realistic,ru,1.0,https://www.instagram.com/reel/Dcmxb47HRDJ/,https://www.instagram.com/arama_mobila/,"VERIFIED (public embed page, rounded, 2026-09-25)","VERIFIED (public topic pages; sample, not full account history)"
laurahammett.interiors,1,419000.0,5054.0,1400000.0,1400000.0,1400000.0,3.341288782816229,3.341288782816229,2.981895633652822,1.9378782691913892,2023-11-30T17:47:24.808000+00:00,2023-11-30T17:47:24.808000+00:00,luxury-bathroom,designer_studio,real_footage,organic_modern,bathroom,real_existing,en,0.0,https://www.instagram.com/reel/C0R3M2XqOoj/,https://www.instagram.com/laurahammett.interiors/,"VERIFIED (public embed page, rounded, 2026-09-25)","VERIFIED (public topic pages; sample, not full account history)"
happywifenewlife,1,222000.0,1011.0,1400000.0,1400000.0,1400000.0,6.306306306306307,6.306306306306307,1.5308911973756152,1.565833389584928,2025-01-30T06:42:11.041000+00:00,2025-01-30T06:42:11.041000+00:00,living-room-design,lifestyle_influencer,real_footage,scandinavian,living_room,real_existing,other,0.0,https://www.instagram.com/reel/DFcKgMEM8IF/,https://www.instagram.com/happywifenewlife/,"VERIFIED (public embed page, rounded, 2026-09-25)","VERIFIED (public topic pages; sample, not full account history)"
nexonity_living,1,106000.0,579.0,1400000.0,1400000.0,1400000.0,13.20754716981132,13.20754716981132,2.7777777777777777,3.4281075441862034,2024-11-22T11:00:12.299000+00:00,2024-11-22T11:00:12.299000+00:00,interior-design-ideas,ai_creator,ai_generated,rustic_cozy,stairs_hall,aspirational_realistic,en,1.0,https://www.instagram.com/reel/DCq9LnZK2bF/,https://www.instagram.com/nexonity_living/,"VERIFIED (public embed page, rounded, 2026-09-25)","VERIFIED (public topic pages; sample, not full account history)"
thelanadubai,1,160000.0,469.0,1400000.0,1400000.0,1400000.0,8.75,8.75,10.071942446043165,13.696240763483033,2024-08-21T15:37:32.337000+00:00,2024-08-21T15:37:32.337000+00:00,luxury-suite,other,real_footage,modern_luxury,living_room,real_existing,en,0.0,https://www.instagram.com/reel/C-7-_fsSgbN/,https://www.instagram.com/thelanadubai/,"VERIFIED (public embed page, rounded, 2026-09-25)","VERIFIED (public topic pages; sample, not full account history)"
recastliving,2,47000.0,45.0,904500.0,1400000.0,1809000.0,19.24468085106383,29.78723404255319,1.952929195386989,3.2125649972521257,2026-05-12T16:57:14.009000+00:00,2026-06-15T16:53:37.856000+00:00,landscape-design;landscape-design-ai,ai_creator,ai_generated,minimalist,garden_landscape,aspirational_realistic,en,1.0,https://www.instagram.com/reel/DZnSu7zoJeQ/,https://www.instagram.com/recastliving/,"VERIFIED (public embed page, rounded, 2026-09-25)","VERIFIED (public topic pages; sample, not full account history)"
thetrillionairelife,3,13000000.0,11651.0,1100000.0,1400000.0,2716000.0,0.08461538461538462,0.1076923076923077,2.4347826086956523,1.9645307144693063,2024-07-31T18:03:02.252000+00:00,2025-10-21T03:30:16.933000+00:00,futuristic-houses;jamesedition-luxury-homes;miami-mansion,theme_page,ai_generated,dark_luxury,exterior_facade,fantasy_impossible,en,0.6666666666666666,https://www.instagram.com/reel/C-GK8yJyZjT/,https://www.instagram.com/thetrillionairelife/,"VERIFIED (public embed page, rounded, 2026-09-25)","VERIFIED (public topic pages; sample, not full account history)"
alusmaninteriorsarchitect,1,17000.0,534.0,1400000.0,1400000.0,1400000.0,82.3529411764706,82.3529411764706,1.12,1.907300884868367,2026-04-03T14:59:04.262000+00:00,2026-04-03T14:59:04.262000+00:00,kitchen-design,designer_studio,real_footage,minimalist,kitchen,real_existing,en,0.0,https://www.instagram.com/reel/DWrHl_2jO-b/,https://www.instagram.com/alusmaninteriorsarchitect/,"VERIFIED (public embed page, rounded, 2026-09-25)","VERIFIED (public topic pages; sample, not full account history)"
studio.enclave_,1,50000.0,31.0,1400000.0,1400000.0,1400000.0,28.0,28.0,1.1666666666666667,2.449188635961358,2026-06-27T06:13:26.641000+00:00,2026-06-27T06:13:26.641000+00:00,luxury-interior-design,designer_studio,ai_generated,organic_modern,stairs_hall,aspirational_realistic,en,1.0,https://www.instagram.com/reel/DaFDAkMRoTZ/,https://www.instagram.com/studio.enclave_/,"VERIFIED (public embed page, rounded, 2026-09-25)","VERIFIED (public topic pages; sample, not full account history)"
louise_andallthingshome,1,748000.0,1435.0,1400000.0,1400000.0,1400000.0,1.8716577540106951,1.8716577540106951,6.222222222222222,0.8871855819400727,2025-11-14T21:23:21.793000+00:00,2025-11-14T21:23:21.793000+00:00,living-room-design;luxury-living-room,lifestyle_influencer,real_footage,modern_luxury,living_room,real_existing,en,0.0,https://www.instagram.com/reel/DRDUSI0DGyv/,https://www.instagram.com/louise_andallthingshome/,"VERIFIED (public embed page, rounded, 2026-09-25)","VERIFIED (public topic pages; sample, not full account history)"
beautifuldixe,1,3000000.0,1169.0,1400000.0,1400000.0,1400000.0,0.4666666666666667,0.4666666666666667,6.862745098039215,1.1219843215447571,2025-09-08T01:45:09.643000+00:00,2025-09-08T01:45:09.643000+00:00,mountain-house,theme_page,ai_generated,rustic_cozy,terrace_outdoor,stylized_dreamy,en,1.0,https://www.instagram.com/reel/DOUsMGZE73_/,https://www.instagram.com/beautifuldixe/,"VERIFIED (public embed page, rounded, 2026-09-25)","VERIFIED (public topic pages; sample, not full account history)"
lavender.a1,1,63000.0,58.0,1400000.0,1400000.0,1400000.0,22.22222222222222,22.22222222222222,0.36363636363636365,1.1396685477902122,2026-02-08T16:38:58.651000+00:00,2026-02-08T16:38:58.651000+00:00,cozy-rain,theme_page,real_footage,other,terrace_outdoor,real_existing,en,0.0,https://www.instagram.com/reel/DUgQGfBCMKS/,https://www.instagram.com/lavender.a1/,"VERIFIED (public embed page, rounded, 2026-09-25)","VERIFIED (public topic pages; sample, not full account history)"
jncdesignstudio,1,128000.0,2244.0,1400000.0,1400000.0,1400000.0,10.9375,10.9375,8.378216636744465,7.13390331574115,2025-12-25T03:35:56.962000+00:00,2025-12-25T03:35:56.962000+00:00,minimalist-interior,designer_studio,real_footage,minimalist,living_room,real_existing,en,0.0,https://www.instagram.com/reel/DSq-uCkk8_4/,https://www.instagram.com/jncdesignstudio/,"VERIFIED (public embed page, rounded, 2026-09-25)","VERIFIED (public topic pages; sample, not full account history)"
alaligroup0786,1,227000.0,2004.0,1400000.0,1400000.0,1400000.0,6.167400881057269,6.167400881057269,4.022988505747127,9.183379200509176,2024-01-20T08:13:58.820000+00:00,2024-01-20T08:13:58.820000+00:00,luxury-bedroom,other,real_footage,classical_luxury,bedroom,real_existing,en,0.0,https://www.instagram.com/reel/C2UKHhlodMF/,https://www.instagram.com/alaligroup0786/,"VERIFIED (public embed page, rounded, 2026-09-25)","VERIFIED (public topic pages; sample, not full account history)"
hotelsdenicher,1,11000.0,188.0,1300000.0,1300000.0,1300000.0,118.18181818181819,118.18181818181819,4.805914972273568,13.132318927762828,2022-04-16T17:41:46.213000+00:00,2022-04-16T17:41:46.213000+00:00,luxury-hotel,theme_page,real_footage,minimalist,bedroom,real_existing,en,0.0,https://www.instagram.com/reel/Cca7KpGM5UA/,https://www.instagram.com/hotelsdenicher/,"VERIFIED (public embed page, rounded, 2026-09-25)","VERIFIED (public topic pages; sample, not full account history)"
watchthebuild,4,107000.0,128.0,497000.0,1300000.0,2643000.0,4.668180215129607,12.264150943396226,3.861277124435019,2.294400839253452,2026-07-04T08:03:58.939000+00:00,2026-08-04T04:19:56.406000+00:00,biophilic-bedroom-design;living-room-decor;modern-living-room;scandinavian-interior-design-styles,ai_creator,ai_generated,organic_modern,living_room,aspirational_realistic,en,1.0,https://www.instagram.com/reel/DbmsOfOywba/,https://www.instagram.com/watchthebuild/,"VERIFIED (public embed page, rounded, 2026-09-25)","VERIFIED (public topic pages; sample, not full account history)"
lucaslagoons,1,932000.0,3265.0,1300000.0,1300000.0,1300000.0,1.3948497854077253,1.3948497854077253,1.9287833827893175,1.6487400836655197,2024-02-20T14:59:43.530000+00:00,2024-02-20T14:59:43.530000+00:00,luxury-pool,contractor_trade,real_footage,tropical,pool,real_existing,en,0.0,https://www.instagram.com/reel/C3ktMaosAXN/,https://www.instagram.com/lucaslagoons/,"VERIFIED (public embed page, rounded, 2026-09-25)","VERIFIED (public topic pages; sample, not full account history)"
aka_projectuz,1,15000.0,318.0,1300000.0,1300000.0,1300000.0,86.66666666666667,86.66666666666667,2.374429223744292,15.995704524838883,2026-01-14T10:12:43.837000+00:00,2026-01-14T10:12:43.837000+00:00,ai-generated-house,designer_studio,ai_generated,neoclassical,exterior_facade,aspirational_realistic,en,1.0,https://www.instagram.com/reel/DTfMBpyCJgJ/,https://www.instagram.com/aka_projectuz/,"VERIFIED (public embed page, rounded, 2026-09-25)","VERIFIED (public topic pages; sample, not full account history)"
jermrugs,1,91000.0,2816.0,1300000.0,1300000.0,1300000.0,14.285714285714286,14.285714285714286,4.146730462519936,2.943325184673036,2026-07-03T17:44:15.240000+00:00,2026-07-03T17:44:15.240000+00:00,japandi,brand_manufacturer,real_footage,japandi,living_room,real_existing,ar,0.0,https://www.instagram.com/reel/DaVu1dXowjz/,https://www.instagram.com/jermrugs/,"VERIFIED (public embed page, rounded, 2026-09-25)","VERIFIED (public topic pages; sample, not full account history)"
_prspctivs,1,812000.0,1004.0,1300000.0,1300000.0,1300000.0,1.6009852216748768,1.6009852216748768,24.528301886792452,8.907737343626255,2024-11-13T12:45:32.767000+00:00,2024-11-13T12:45:32.767000+00:00,glass-house-photos,ai_creator,ai_generated,glam_feminine,bathroom,fantasy_impossible,en,1.0,https://www.instagram.com/reel/DCT-FSDP6iB/,https://www.instagram.com/_prspctivs/,"VERIFIED (public embed page, rounded, 2026-09-25)","VERIFIED (public topic pages; sample, not full account history)"
westmod,2,575000.0,1057.0,697650.0,1300000.0,1395300.0,1.213304347826087,2.260869565217391,3.667305861553108,2.4817227940757145,2023-04-24T19:51:43.960000+00:00,2025-06-06T18:45:05.907000+00:00,outdoor-living;rooftop-pool,designer_studio,real_footage,modern_luxury,pool,real_existing,en,0.0,https://www.instagram.com/reel/Crbmi4_gi0_/,https://www.instagram.com/westmod/,"VERIFIED (public embed page, rounded, 2026-09-25)","VERIFIED (public topic pages; sample, not full account history)"
pamelita_decor,2,28000.0,289.0,692950.0,1300000.0,1385900.0,24.748214285714287,46.42857142857143,0.8278972520908005,1.2017645518868478,2026-08-09T01:12:18.449000+00:00,2026-08-23T02:50:25.709000+00:00,home-decor,lifestyle_influencer,real_footage,glam_feminine,living_room,real_existing,en,0.0,https://www.instagram.com/reel/DbzOumcOaNs/,https://www.instagram.com/pamelita_decor/,"VERIFIED (public embed page, rounded, 2026-09-25)","VERIFIED (public topic pages; sample, not full account history)"
pametsakalimou,1,15000.0,1048.0,1300000.0,1300000.0,1300000.0,86.66666666666667,86.66666666666667,1.0,2.1461797289753712,2026-08-04T14:31:50.416000+00:00,2026-08-04T14:31:50.416000+00:00,mykonos,lifestyle_influencer,real_footage,mediterranean,other,real_existing,other,0.0,https://www.instagram.com/reel/DbnyQLboqqm/,https://www.instagram.com/pametsakalimou/,"VERIFIED (public embed page, rounded, 2026-09-25)","VERIFIED (public topic pages; sample, not full account history)"
ourpnw_home,1,2000000.0,1991.0,1300000.0,1300000.0,1300000.0,0.65,0.65,1.6352201257861636,0.769564783748265,2026-03-12T13:30:34.212000+00:00,2026-03-12T13:30:34.212000+00:00,amazon-home-finds,lifestyle_influencer,real_footage,organic_modern,living_room,real_existing,en,0.0,https://www.instagram.com/reel/DVyT-jFiCsx/,https://www.instagram.com/ourpnw_home/,"VERIFIED (public embed page, rounded, 2026-09-25)","VERIFIED (public topic pages; sample, not full account history)"
ibuilddevelopers,4,601000.0,3909.0,312500.0,1300000.0,2100000.0,0.5199667221297837,2.1630615640599,0.5975643805019051,0.47879603461093856,2026-01-24T00:54:08.276000+00:00,2026-06-28T16:09:51.367000+00:00,dream-closet;dream-house;dream-kitchen;kitchen-design;luxury-closet,contractor_trade,real_footage,modern_luxury,closet,real_existing,en,0.0,https://www.instagram.com/reel/DaIsDsXNx78/,https://www.instagram.com/ibuilddevelopers/,"VERIFIED (public embed page, rounded, 2026-09-25)","VERIFIED (public topic pages; sample, not full account history)"
muizza_here,1,19000.0,347.0,1300000.0,1300000.0,1300000.0,68.42105263157895,68.42105263157895,3.4482758620689653,9.249285718243796,2026-04-12T13:44:44.581000+00:00,2026-04-12T13:44:44.581000+00:00,saudi-arabia-architecture,lifestyle_influencer,real_footage,traditional_regional,exterior_facade,real_existing,en,0.0,https://www.instagram.com/reel/DXCKPemDEwr/,https://www.instagram.com/muizza_here/,"VERIFIED (public embed page, rounded, 2026-09-25)","VERIFIED (public topic pages; sample, not full account history)"
naturesms,8,10000000.0,3511.0,386000.0,1300000.0,3843000.0,0.038599999999999995,0.13,1.593159501924799,0.28353832747652785,2024-09-12T15:50:15.863000+00:00,2026-07-27T15:16:56.178000+00:00,biophilic-bedroom-design;cozy-winter-cabin;forest-house;futuristic-architecture-designs-2026;house-in-the-forest;indoor-pool;mountain-house,theme_page,ai_generated,rustic_cozy,bedroom,stylized_dreamy,en,1.0,https://www.instagram.com/reel/DOcrXxqknf7/,https://www.instagram.com/naturesms/,"VERIFIED (public embed page, rounded, 2026-09-25)","VERIFIED (public topic pages; sample, not full account history)"
treecraftdesignbuild,1,43000.0,1342.0,1300000.0,1300000.0,1300000.0,30.232558139534884,30.232558139534884,0.49056603773584906,0.8302953690477191,2026-07-12T04:33:16.835000+00:00,2026-07-12T04:33:16.835000+00:00,treehouse,contractor_trade,real_footage,rustic_cozy,garden_landscape,real_existing,en,0.0,https://www.instagram.com/reel/DarfeElNhyc/,https://www.instagram.com/treecraftdesignbuild/,"VERIFIED (public embed page, rounded, 2026-09-25)","VERIFIED (public topic pages; sample, not full account history)"
ninaritz.oficial,1,103000.0,1171.0,1300000.0,1300000.0,1300000.0,12.62135922330097,12.62135922330097,1.0,0.871616453487875,2026-08-24T15:31:08.888000+00:00,2026-08-24T15:31:08.888000+00:00,mykonos,brand_manufacturer,real_footage,mediterranean,terrace_outdoor,real_existing,pt,0.0,https://www.instagram.com/reel/DcbY8D_t8gN/,https://www.instagram.com/ninaritz.oficial/,"VERIFIED (public embed page, rounded, 2026-09-25)","VERIFIED (public topic pages; sample, not full account history)"
foorcrafts,1,110000.0,57.0,1300000.0,1300000.0,1300000.0,11.818181818181818,11.818181818181818,70.84468664850137,24.868065966450633,2026-03-17T15:40:54.612000+00:00,2026-03-17T15:40:54.612000+00:00,cliff-house,ai_creator,ai_generated,other,other,fantasy_impossible,en,1.0,https://www.instagram.com/reel/DV_a3j9jJ64/,https://www.instagram.com/foorcrafts/,"VERIFIED (public embed page, rounded, 2026-09-25)","VERIFIED (public topic pages; sample, not full account history)"
emvonhofsten,1,301000.0,3039.0,1300000.0,1300000.0,1300000.0,4.318936877076412,4.318936877076412,63.56968215158924,12.46022463959776,2025-08-22T16:54:59.586000+00:00,2025-08-22T16:54:59.586000+00:00,scandinavian-interior-design,lifestyle_influencer,real_footage,scandinavian,living_room,real_existing,en,0.0,https://www.instagram.com/reel/DNqizCUs3cj/,https://www.instagram.com/emvonhofsten/,"VERIFIED (public embed page, rounded, 2026-09-25)","VERIFIED (public topic pages; sample, not full account history)"
elaperona,1,452000.0,1350.0,1300000.0,1300000.0,1300000.0,2.8761061946902653,2.8761061946902653,63.56968215158924,10.302540245789839,2024-04-23T06:25:11.340000+00:00,2024-04-23T06:25:11.340000+00:00,scandinavian-interior-design,lifestyle_influencer,real_footage,scandinavian,dining,real_existing,en,0.0,https://www.instagram.com/reel/C6GAY9psVSX/,https://www.instagram.com/elaperona/,"VERIFIED (public embed page, rounded, 2026-09-25)","VERIFIED (public topic pages; sample, not full account history)"
tbryanbay,1,53000.0,18.0,1300000.0,1300000.0,1300000.0,24.528301886792452,24.528301886792452,4.814814814814815,7.805626381244252,2024-11-30T16:20:06.357000+00:00,2024-11-30T16:20:06.357000+00:00,dubai-luxury-penthouse,lifestyle_influencer,real_footage,modern_luxury,living_room,real_existing,en,0.0,https://www.instagram.com/reel/DDAIJo-ORVo/,https://www.instagram.com/tbryanbay/,"VERIFIED (public embed page, rounded, 2026-09-25)","VERIFIED (public topic pages; sample, not full account history)"
buildsinblack,2,55000.0,32.0,668250.0,1300000.0,1336500.0,12.15,23.636363636363637,0.2544192818370286,0.5644483528470087,2026-06-18T09:03:26.310000+00:00,2026-06-19T19:09:50.940000+00:00,faroe-islands-luxury-villas;modern-architecture,ai_creator,ai_generated,dark_luxury,exterior_facade,stylized_dreamy,en,1.0,https://www.instagram.com/reel/DZx1gIBofW9/,https://www.instagram.com/buildsinblack/,"VERIFIED (public embed page, rounded, 2026-09-25)","VERIFIED (public topic pages; sample, not full account history)"
the_goldpig,1,13000.0,17.0,1200000.0,1200000.0,1200000.0,92.3076923076923,92.3076923076923,0.9230769230769231,2.118215568894681,2026-07-07T18:20:05.632000+00:00,2026-07-07T18:20:05.632000+00:00,mykonos,other,real_footage,other,other,real_existing,other,0.0,https://www.instagram.com/reel/DagGHdTsDh2/,https://www.instagram.com/the_goldpig/,"VERIFIED (public embed page, rounded, 2026-09-25)","VERIFIED (public topic pages; sample, not full account history)"
saltyluxe,1,664000.0,1862.0,1200000.0,1200000.0,1200000.0,1.8072289156626506,1.8072289156626506,24.870466321243523,9.355380825298266,2024-08-20T16:00:27.660000+00:00,2024-08-20T16:00:27.660000+00:00,cook-islands-luxury-resorts,theme_page,real_footage,tropical,exterior_facade,real_existing,en,0.0,https://www.instagram.com/reel/C-5c0gZxG6-/,https://www.instagram.com/saltyluxe/,"VERIFIED (public embed page, rounded, 2026-09-25)","VERIFIED (public topic pages; sample, not full account history)"
refinedgardens,1,12000.0,185.0,1200000.0,1200000.0,1200000.0,100.0,100.0,29.66625463535229,24.626063676906455,2023-05-24T23:55:32.270000+00:00,2023-05-24T23:55:32.270000+00:00,modern-mediterranean-houses,contractor_trade,real_footage,mediterranean,exterior_facade,real_existing,en,0.0,https://www.instagram.com/reel/CspSS0qgw0n/,https://www.instagram.com/refinedgardens/,"VERIFIED (public embed page, rounded, 2026-09-25)","VERIFIED (public topic pages; sample, not full account history)"
kheer_rvt,1,1700000.0,,1200000.0,1200000.0,1200000.0,0.7058823529411765,0.7058823529411765,4.11663807890223,1.5845023803789215,2025-10-12T19:12:55.122000+00:00,2025-10-12T19:12:55.122000+00:00,parametric-architecture,media_publication,ai_generated,organic_modern,exterior_facade,stylized_dreamy,,1.0,https://www.instagram.com/reel/DPuHH28jJm7/,https://www.instagram.com/kheer_rvt/,"VERIFIED (public embed page, rounded, 2026-09-25)","VERIFIED (public topic pages; sample, not full account history)"
2bdesignbuild,1,935000.0,507.0,1200000.0,1200000.0,1200000.0,1.2834224598930482,1.2834224598930482,3.498542274052478,2.327083954496751,2021-07-26T17:04:36.408000+00:00,2021-07-26T17:04:36.408000+00:00,mansion-tour,contractor_trade,real_footage,classical_luxury,stairs_hall,real_existing,en,0.0,https://www.instagram.com/reel/CRzFDcvnvt_/,https://www.instagram.com/2bdesignbuild/,"VERIFIED (public embed page, rounded, 2026-09-25)","VERIFIED (public topic pages; sample, not full account history)"
americasrealtygroup,1,,,1200000.0,1200000.0,1200000.0,,,3.488372093023256,,2024-11-18T01:02:07.934000+00:00,2024-11-18T01:02:07.934000+00:00,dream-closet;luxury-closet,,,,,,,,https://www.instagram.com/reel/DCfljsyv0bR/,https://www.instagram.com/americasrealtygroup/,UNKNOWN,"VERIFIED (public topic pages; sample, not full account history)"
creativ_storiess,1,1000.0,87.0,1200000.0,1200000.0,1200000.0,1200.0,1200.0,2.6548672566371683,10.967214302465512,2026-04-20T15:29:34.282000+00:00,2026-04-20T15:29:34.282000+00:00,bali-luxury-villas-with-private-pools,lifestyle_influencer,real_footage,tropical,terrace_outdoor,real_existing,en,0.0,https://www.instagram.com/reel/DXW8mQ4jP7S/,https://www.instagram.com/creativ_storiess/,"VERIFIED (public embed page, rounded, 2026-09-25)","VERIFIED (public topic pages; sample, not full account history)"
life_of_fab27,1,422000.0,528.0,1200000.0,1200000.0,1200000.0,2.843601895734597,2.843601895734597,1.6359918200408998,2.796779473972851,2022-06-14T14:25:26.640000+00:00,2022-06-14T14:25:26.640000+00:00,swiss-chalet,lifestyle_influencer,real_footage,traditional_regional,exterior_facade,real_existing,en,0.0,https://www.instagram.com/reel/CeyfmVLgFnR/,https://www.instagram.com/life_of_fab27/,"VERIFIED (public embed page, rounded, 2026-09-25)","VERIFIED (public topic pages; sample, not full account history)"
the.quirkartforhome,1,540000.0,663.0,1200000.0,1200000.0,1200000.0,2.2222222222222223,2.2222222222222223,1.9169329073482428,1.0921099053620567,2026-06-27T05:27:28.912000+00:00,2026-06-27T05:27:28.912000+00:00,living-room-decor,lifestyle_influencer,real_footage,traditional_regional,living_room,real_existing,en,0.0,https://www.instagram.com/reel/DaE9v7bsEdk/,https://www.instagram.com/the.quirkartforhome/,"VERIFIED (public embed page, rounded, 2026-09-25)","VERIFIED (public topic pages; sample, not full account history)"
maaikelothmann,1,81000.0,757.0,1200000.0,1200000.0,1200000.0,14.814814814814815,14.814814814814815,6.091370558375634,7.86692097146272,2026-07-03T07:23:58.114000+00:00,2026-07-03T07:23:58.114000+00:00,house-tour,lifestyle_influencer,real_footage,traditional_regional,living_room,real_existing,en,0.0,https://www.instagram.com/reel/DaUn2Wks0RI/,https://www.instagram.com/maaikelothmann/,"VERIFIED (public embed page, rounded, 2026-09-25)","VERIFIED (public topic pages; sample, not full account history)"
la_barbed,2,132000.0,423.0,650000.0,1200000.0,1300000.0,4.924242424242425,9.090909090909092,1.002313030069391,1.6474572782212948,2024-11-14T19:11:30.979000+00:00,2025-02-11T17:48:39.984000+00:00,cyberpunk-city,other,3d_render,cyberpunk,other,fantasy_impossible,en,0.0,https://www.instagram.com/reel/DCXPDFlK3nc/,https://www.instagram.com/la_barbed/,"VERIFIED (public embed page, rounded, 2026-09-25)","VERIFIED (public topic pages; sample, not full account history)"
ebrahimpm,1,2000000.0,14467.0,1200000.0,1200000.0,1200000.0,0.6,0.6,1.6494845360824741,0.6604595446848299,2026-06-22T13:16:08.125000+00:00,2026-06-22T13:16:08.125000+00:00,furniture-design,brand_manufacturer,real_footage,traditional_regional,living_room,real_existing,en,0.0,https://www.instagram.com/reel/DZ47aEyK1jk/,https://www.instagram.com/ebrahimpm/,"VERIFIED (public embed page, rounded, 2026-09-25)","VERIFIED (public topic pages; sample, not full account history)"
dubai_fast_renovation,1,32000.0,480.0,1200000.0,1200000.0,1200000.0,37.5,37.5,2.926829268292683,6.093157178668883,2024-12-12T21:25:56.943000+00:00,2024-12-12T21:25:56.943000+00:00,dubai-luxury-interior-design-trends,contractor_trade,real_footage,organic_modern,living_room,real_existing,en,0.0,https://www.instagram.com/reel/DDfksM7NvXO/,https://www.instagram.com/dubai_fast_renovation/,"VERIFIED (public embed page, rounded, 2026-09-25)","VERIFIED (public topic pages; sample, not full account history)"
decorrwitms,1,44000.0,139.0,1200000.0,1200000.0,1200000.0,27.272727272727273,27.272727272727273,1.935483870967742,8.628089848933293,2026-07-24T15:44:44.258000+00:00,2026-07-24T15:44:44.258000+00:00,bathroom-design,designer_studio,unclear,modern_luxury,bathroom,aspirational_realistic,en,0.0,https://www.instagram.com/reel/DbLl2eEtYWH/,https://www.instagram.com/decorrwitms/,"VERIFIED (public embed page, rounded, 2026-09-25)","VERIFIED (public topic pages; sample, not full account history)"
abby.architecture,1,222000.0,70.0,1200000.0,1200000.0,1200000.0,5.405405405405405,5.405405405405405,4.2105263157894735,1.137428600794222,2022-12-09T09:31:45.825000+00:00,2022-12-09T09:31:45.825000+00:00,architecture-design,designer_studio,real_footage,industrial,other,real_existing,en,0.0,https://www.instagram.com/reel/Cl8TfGkJENr/,https://www.instagram.com/abby.architecture/,"VERIFIED (public embed page, rounded, 2026-09-25)","VERIFIED (public topic pages; sample, not full account history)"
spotlistfr,1,1000000.0,1166.0,1100000.0,1100000.0,1100000.0,1.1,1.1,1.0476190476190477,0.4797695306100175,2026-07-15T11:47:45.875000+00:00,2026-07-15T11:47:45.875000+00:00,chalet,theme_page,real_footage,biophilic,pool,real_existing,fr,0.0,https://www.instagram.com/reel/Daz_k89ODLi/,https://www.instagram.com/spotlistfr/,"VERIFIED (public embed page, rounded, 2026-09-25)","VERIFIED (public topic pages; sample, not full account history)"
rodnova_installation_,2,41000.0,261.0,647500.0,1100000.0,1295000.0,15.792682926829269,26.829268292682926,1.158816475382799,1.4996980878247368,2026-07-14T11:02:27.203000+00:00,2026-07-28T18:54:31.146000+00:00,dream-kitchens;luxury-kitchen;modern-kitchen,contractor_trade,ai_generated,dark_luxury,kitchen,aspirational_realistic,en,1.0,https://www.instagram.com/reel/DaxVmNVR4R1/,https://www.instagram.com/rodnova_installation_/,"VERIFIED (public embed page, rounded, 2026-09-25)","VERIFIED (public topic pages; sample, not full account history)"
sellingdestin,1,30000.0,710.0,1100000.0,1100000.0,1100000.0,36.666666666666664,36.666666666666664,7.1754729288975865,5.416972580270219,2026-05-24T16:20:02.518000+00:00,2026-05-24T16:20:02.518000+00:00,beach-house,real_estate,real_footage,other,terrace_outdoor,real_existing,en,0.0,https://www.instagram.com/reel/DYulZq-gCHY/,https://www.instagram.com/sellingdestin/,"VERIFIED (public embed page, rounded, 2026-09-25)","VERIFIED (public topic pages; sample, not full account history)"
tessshanahan,1,211000.0,2499.0,1100000.0,1100000.0,1100000.0,5.213270142180095,5.213270142180095,1.5536723163841808,2.9135619301430515,2026-03-21T21:03:24.460000+00:00,2026-03-21T21:03:24.460000+00:00,dream-closet,lifestyle_influencer,real_footage,modern_luxury,closet,real_existing,en,0.0,https://www.instagram.com/reel/DWKS9Gpk3j-/,https://www.instagram.com/tessshanahan/,"VERIFIED (public embed page, rounded, 2026-09-25)","VERIFIED (public topic pages; sample, not full account history)"
ivan.honcharenko,1,169000.0,831.0,1100000.0,1100000.0,1100000.0,6.508875739644971,6.508875739644971,6.5828845002992225,4.9221193629260656,2024-02-26T20:01:46.467000+00:00,2024-02-26T20:01:46.467000+00:00,minimalist-interior,designer_studio,3d_render,organic_modern,bathroom,aspirational_realistic,en,0.0,https://www.instagram.com/reel/C30sh8FNde1/,https://www.instagram.com/ivan.honcharenko/,"VERIFIED (public embed page, rounded, 2026-09-25)","VERIFIED (public topic pages; sample, not full account history)"
nycshahrealty,1,,,1100000.0,1100000.0,1100000.0,,,0.7333333333333333,,2025-10-07T20:25:57.329000+00:00,2025-10-07T20:25:57.329000+00:00,luxury-penthouse,,,,,,,,https://www.instagram.com/reel/DPhXga8DAYK/,https://www.instagram.com/nycshahrealty/,UNKNOWN,"VERIFIED (public topic pages; sample, not full account history)"
marleyandsamhomediy,1,110000.0,166.0,1100000.0,1100000.0,1100000.0,10.0,10.0,0.3728813559322034,0.6118910851185309,2026-04-27T13:39:32.731000+00:00,2026-04-27T13:39:32.731000+00:00,modern-architecture,lifestyle_influencer,ai_generated,minimalist,exterior_facade,aspirational_realistic,en,1.0,https://www.instagram.com/reel/DXoxkiRAfVG/,https://www.instagram.com/marleyandsamhomediy/,"VERIFIED (public embed page, rounded, 2026-09-25)","VERIFIED (public topic pages; sample, not full account history)"
mk.craft_house,1,1000000.0,543.0,1100000.0,1100000.0,1100000.0,1.1,1.1,1.116751269035533,0.7276332215297696,2026-03-28T12:57:08.953000+00:00,2026-03-28T12:57:08.953000+00:00,ai-home-design,theme_page,real_footage,minimalist,living_room,real_existing,en,0.0,https://www.instagram.com/reel/DWbc3xADTyw/,https://www.instagram.com/mk.craft_house/,"VERIFIED (public embed page, rounded, 2026-09-25)","VERIFIED (public topic pages; sample, not full account history)"
mina__casa,1,162000.0,1904.0,1100000.0,1100000.0,1100000.0,6.790123456790123,6.790123456790123,5.699481865284974,7.036991706083174,2022-08-15T07:35:40.138000+00:00,2022-08-15T07:35:40.138000+00:00,luxury-dining-room,theme_page,real_footage,classical_luxury,dining,real_existing,en,0.0,https://www.instagram.com/reel/ChRZ_TIsdTL/,https://www.instagram.com/mina__casa/,"VERIFIED (public embed page, rounded, 2026-09-25)","VERIFIED (public topic pages; sample, not full account history)"
banjaran.mag,1,1000.0,89.0,1100000.0,1100000.0,1100000.0,1100.0,1100.0,6.790123456790123,33.80393495353754,2026-05-04T14:00:16.657000+00:00,2026-05-04T14:00:16.657000+00:00,bali-villa,lifestyle_influencer,real_footage,tropical,pool,real_existing,en,0.0,https://www.instagram.com/reel/DX61ggcTaA3/,https://www.instagram.com/banjaran.mag/,"VERIFIED (public embed page, rounded, 2026-09-25)","VERIFIED (public topic pages; sample, not full account history)"
mhlandco,1,150000.0,405.0,1100000.0,1100000.0,1100000.0,7.333333333333333,7.333333333333333,1.8136850783182192,1.5974612151078493,2024-07-25T00:18:53.031000+00:00,2024-07-25T00:18:53.031000+00:00,backyard-design,contractor_trade,real_footage,minimalist,terrace_outdoor,real_existing,en,0.0,https://www.instagram.com/reel/C900ZcHSaxi/,https://www.instagram.com/mhlandco/,"VERIFIED (public embed page, rounded, 2026-09-25)","VERIFIED (public topic pages; sample, not full account history)"
king.famvlogs,1,34000.0,480.0,1100000.0,1100000.0,1100000.0,32.35294117647059,32.35294117647059,4.066543438077634,5.660712806748216,2024-10-20T22:49:15.589000+00:00,2024-10-20T22:49:15.589000+00:00,glamping-ideas,lifestyle_influencer,real_footage,rustic_cozy,bedroom,real_existing,en,0.0,https://www.instagram.com/reel/DBXQGA2RChL/,https://www.instagram.com/king.famvlogs/,"VERIFIED (public embed page, rounded, 2026-09-25)","VERIFIED (public topic pages; sample, not full account history)"
kimiyarc,1,70000.0,160.0,1100000.0,1100000.0,1100000.0,15.714285714285714,15.714285714285714,3.8596491228070176,1.7888308245613542,2024-10-11T17:15:19.072000+00:00,2024-10-11T17:15:19.072000+00:00,architecture-design,lifestyle_influencer,real_footage,other,exterior_facade,real_existing,en,0.0,https://www.instagram.com/reel/DA_euRjtll8/,https://www.instagram.com/kimiyarc/,"VERIFIED (public embed page, rounded, 2026-09-25)","VERIFIED (public topic pages; sample, not full account history)"
flexicube.pl,2,227000.0,917.0,588600.0,1100000.0,1177200.0,2.5929515418502205,4.845814977973569,1.1748502994011976,1.154752502326863,2022-07-31T17:21:21.854000+00:00,2025-04-10T17:59:38.340000+00:00,container-house,brand_manufacturer,real_footage,industrial,exterior_facade,real_existing,en,0.0,https://www.instagram.com/reel/Cgr1F7ygmyn/,https://www.instagram.com/flexicube.pl/,"VERIFIED (public embed page, rounded, 2026-09-25)","VERIFIED (public topic pages; sample, not full account history)"
wayanad_rooms,1,92000.0,315.0,1100000.0,1100000.0,1100000.0,11.956521739130435,11.956521739130435,6.606606606606607,4.416554756498663,2025-10-11T11:13:47.668000+00:00,2025-10-11T11:13:47.668000+00:00,villa-with-pool,other,real_footage,traditional_regional,exterior_facade,real_existing,en,0.0,https://www.instagram.com/reel/DPqrfxdkzVH/,https://www.instagram.com/wayanad_rooms/,"VERIFIED (public embed page, rounded, 2026-09-25)","VERIFIED (public topic pages; sample, not full account history)"
erolbrasco,1,64000.0,273.0,1100000.0,1100000.0,1100000.0,17.1875,17.1875,0.6666666666666666,2.0671443501175197,2026-01-07T06:40:00.557000+00:00,2026-01-07T06:40:00.557000+00:00,amalfi-coast,lifestyle_influencer,real_footage,mediterranean,other,real_existing,en,0.0,https://www.instagram.com/reel/DTMyHgqDBTV/,https://www.instagram.com/erolbrasco/,"VERIFIED (public embed page, rounded, 2026-09-25)","VERIFIED (public topic pages; sample, not full account history)"
losamigostulumgecesi,1,8000.0,51.0,1100000.0,1100000.0,1100000.0,137.5,137.5,1.1,2.683072920418845,2026-09-14T13:11:40.620000+00:00,2026-09-14T13:11:40.620000+00:00,tulum,other,real_footage,other,other,real_existing,tr,0.0,https://www.instagram.com/reel/DdRNq65o7pG/,https://www.instagram.com/losamigostulumgecesi/,"VERIFIED (public embed page, rounded, 2026-09-25)","VERIFIED (public topic pages; sample, not full account history)"
the.sky_realtors,1,53000.0,377.0,1100000.0,1100000.0,1100000.0,20.754716981132077,20.754716981132077,30.013642564802183,17.967867901939506,2024-11-19T06:36:05.451000+00:00,2024-11-19T06:36:05.451000+00:00,santorini-villa,real_estate,unclear,minimalist,other,aspirational_realistic,en,0.0,https://www.instagram.com/reel/DCiwkj5TNk4/,https://www.instagram.com/the.sky_realtors/,"VERIFIED (public embed page, rounded, 2026-09-25)","VERIFIED (public topic pages; sample, not full account history)"
jordmerritt,1,76000.0,1631.0,1100000.0,1100000.0,1100000.0,14.473684210526315,14.473684210526315,2.0735155513666355,1.7532461420181402,2026-05-01T10:40:35.543000+00:00,2026-05-01T10:40:35.543000+00:00,cabin,lifestyle_influencer,real_footage,other,none_person_only,real_existing,en,0.0,https://www.instagram.com/reel/DXywRV_ROaj/,https://www.instagram.com/jordmerritt/,"VERIFIED (public embed page, rounded, 2026-09-25)","VERIFIED (public topic pages; sample, not full account history)"
thekitchenguy,1,592000.0,1540.0,1100000.0,1100000.0,1100000.0,1.8581081081081081,1.8581081081081081,0.88,0.2848130891886213,2026-02-13T13:01:09.571000+00:00,2026-02-13T13:01:09.571000+00:00,kitchen-design,designer_studio,real_footage,modern_luxury,kitchen,real_existing,en,0.0,https://www.instagram.com/reel/DUsvJg1EmYt/,https://www.instagram.com/thekitchenguy/,"VERIFIED (public embed page, rounded, 2026-09-25)","VERIFIED (public topic pages; sample, not full account history)"
nataliedoef,1,372000.0,652.0,1100000.0,1100000.0,1100000.0,2.956989247311828,2.956989247311828,2.5641025641025643,2.0066164415237164,2023-09-11T20:45:16.810000+00:00,2023-09-11T20:45:16.810000+00:00,cozy-bedroom-ideas,lifestyle_influencer,real_footage,biophilic,bedroom,real_existing,en,0.0,https://www.instagram.com/reel/CxEL9lYv1Dw/,https://www.instagram.com/nataliedoef/,"VERIFIED (public embed page, rounded, 2026-09-25)","VERIFIED (public topic pages; sample, not full account history)"
dubai._lovers,1,,,1100000.0,1100000.0,1100000.0,,,0.2972972972972973,,2026-07-29T12:18:37.017000+00:00,2026-07-29T12:18:37.017000+00:00,dubai-luxury,,,,,,,,https://www.instagram.com/reel/DbYGPLAJUML/,https://www.instagram.com/dubai._lovers/,UNKNOWN,"VERIFIED (public topic pages; sample, not full account history)"
anrcreativedesign,1,410000.0,1848.0,1100000.0,1100000.0,1100000.0,2.682926829268293,2.682926829268293,2.1825396825396823,1.4307357717366256,2024-09-07T03:19:38.679000+00:00,2024-09-07T03:19:38.679000+00:00,interior-design-ideas,designer_studio,real_footage,modern_luxury,living_room,real_existing,en,0.0,https://www.instagram.com/reel/C_mcD3vCp-R/,https://www.instagram.com/anrcreativedesign/,"VERIFIED (public embed page, rounded, 2026-09-25)","VERIFIED (public topic pages; sample, not full account history)"
urban_containers_homes,1,37100.0,74.0,1100000.0,1100000.0,1100000.0,29.649595687331537,29.649595687331537,2.1956087824351296,5.034697249931669,2024-08-22T09:34:47.382000+00:00,2024-08-22T09:34:47.382000+00:00,container-house,brand_manufacturer,real_footage,industrial,exterior_facade,real_existing,other,0.0,https://www.instagram.com/reel/C-96Rg-saWK/,https://www.instagram.com/urban_containers_homes/,"VERIFIED (public embed page, rounded, 2026-09-25)","VERIFIED (public topic pages; sample, not full account history)"
hotpink_interiors,1,714000.0,3786.0,1100000.0,1100000.0,1100000.0,1.5406162464985995,1.5406162464985995,1.4012738853503184,0.5487835572477016,2022-12-11T16:59:42.605000+00:00,2022-12-11T16:59:42.605000+00:00,dream-bedroom-decor-ideas,theme_page,real_footage,glam_feminine,bedroom,real_existing,en,0.0,https://www.instagram.com/reel/CmCQVtaJKpy/,https://www.instagram.com/hotpink_interiors/,"VERIFIED (public embed page, rounded, 2026-09-25)","VERIFIED (public topic pages; sample, not full account history)"
firstlivinghomejaipur,1,12000.0,625.0,1100000.0,1100000.0,1100000.0,91.66666666666667,91.66666666666667,4.356435643564357,14.069880324479572,2025-10-25T03:27:25.276000+00:00,2025-10-25T03:27:25.276000+00:00,luxury-apartment-interior-design-ideas-2026,real_estate,real_footage,modern_luxury,living_room,real_existing,en,0.0,https://www.instagram.com/reel/DQN5QNBknDf/,https://www.instagram.com/firstlivinghomejaipur/,"VERIFIED (public embed page, rounded, 2026-09-25)","VERIFIED (public topic pages; sample, not full account history)"
thecozykansan,1,142000.0,645.0,1100000.0,1100000.0,1100000.0,7.746478873239437,7.746478873239437,0.3188405797101449,0.187001366577477,2026-05-19T16:23:13.027000+00:00,2026-05-19T16:23:13.027000+00:00,rainy-day,lifestyle_influencer,real_footage,rustic_cozy,other,real_existing,en,0.0,https://www.instagram.com/reel/DYhtyjVCcHB/,https://www.instagram.com/thecozykansan/,"VERIFIED (public embed page, rounded, 2026-09-25)","VERIFIED (public topic pages; sample, not full account history)"
valroyco,1,92000.0,456.0,1100000.0,1100000.0,1100000.0,11.956521739130435,11.956521739130435,2.3630504833512354,4.218801973609862,2026-02-10T00:33:55.108000+00:00,2026-02-10T00:33:55.108000+00:00,luxury-lifestyle,theme_page,real_footage,classical_luxury,lobby_common,real_existing,en,0.0,https://www.instagram.com/reel/DUjrP7lkzqj/,https://www.instagram.com/valroyco/,"VERIFIED (public embed page, rounded, 2026-09-25)","VERIFIED (public topic pages; sample, not full account history)"
idw.design,3,318000.0,7466.0,226000.0,1000000.0,1248300.0,0.710691823899371,3.1446540880503147,2.506932889628397,1.7269987513808014,2025-10-10T10:18:30.708000+00:00,2026-04-19T13:50:56.919000+00:00,biophilic-design;future-home;tropical-house,designer_studio,ai_generated,tropical,exterior_facade,aspirational_realistic,en,0.6666666666666666,https://www.instagram.com/reel/DPoAX_tkiWR/,https://www.instagram.com/idw.design/,"VERIFIED (public embed page, rounded, 2026-09-25)","VERIFIED (public topic pages; sample, not full account history)"
nature_4k_reels_,1,501000.0,377.0,1000000.0,1000000.0,1000000.0,1.996007984031936,1.996007984031936,3.780718336483932,3.458691609129497,2024-07-27T13:26:06.693000+00:00,2024-07-27T13:26:06.693000+00:00,forest-house,theme_page,unclear,rustic_cozy,garden_landscape,stylized_dreamy,en,0.0,https://www.instagram.com/reel/C97YFBGP449/,https://www.instagram.com/nature_4k_reels_/,"VERIFIED (public embed page, rounded, 2026-09-25)","VERIFIED (public topic pages; sample, not full account history)"
theluxliving_official,1,19000.0,30.0,1000000.0,1000000.0,1000000.0,52.63157894736842,52.63157894736842,0.8333333333333334,2.750595259853653,2026-04-27T14:55:52.772000+00:00,2026-04-27T14:55:52.772000+00:00,luxury-interior-design,theme_page,ai_generated,glam_feminine,kitchen,stylized_dreamy,en,1.0,https://www.instagram.com/reel/DXo6Tn1k8e6/,https://www.instagram.com/theluxliving_official/,"VERIFIED (public embed page, rounded, 2026-09-25)","VERIFIED (public topic pages; sample, not full account history)"
kimeyle_home,1,58000.0,378.0,1000000.0,1000000.0,1000000.0,17.24137931034483,17.24137931034483,11.10494169905608,13.073150499075354,2025-11-12T16:25:30.530000+00:00,2025-11-12T16:25:30.530000+00:00,home-office-design,lifestyle_influencer,real_footage,scandinavian,office,real_existing,de,0.0,https://www.instagram.com/reel/DQ9om1kiKQ3/,https://www.instagram.com/kimeyle_home/,"VERIFIED (public embed page, rounded, 2026-09-25)","VERIFIED (public topic pages; sample, not full account history)"
lavishsocietie,1,3000.0,87.0,1000000.0,1000000.0,1000000.0,333.3333333333333,333.3333333333333,3.1496062992125986,16.668538211386007,2025-12-29T17:00:05.230000+00:00,2025-12-29T17:00:05.230000+00:00,luxury-life;luxury-lifestyle,theme_page,real_footage,modern_luxury,pool,real_existing,en,0.0,https://www.instagram.com/reel/DS2t7OKk2Jk/,https://www.instagram.com/lavishsocietie/,"VERIFIED (public embed page, rounded, 2026-09-25)","VERIFIED (public topic pages; sample, not full account history)"
corcoransunshine,2,34000.0,3213.0,536700.0,1000000.0,1073400.0,15.785294117647059,29.41176470588235,2.32331724137931,3.3242270368463043,2023-10-09T21:08:59.769000+00:00,2024-06-14T21:01:46.057000+00:00,luxury-penthouse;penthouse-tour,real_estate,real_footage,modern_luxury,living_room,real_existing,en,0.0,https://www.instagram.com/reel/CyMU7yQRVIA/,https://www.instagram.com/corcoransunshine/,"VERIFIED (public embed page, rounded, 2026-09-25)","VERIFIED (public topic pages; sample, not full account history)"
charlieherrerare,1,118000.0,300.0,1000000.0,1000000.0,1000000.0,8.474576271186441,8.474576271186441,1.0,0.6927927480539228,2026-07-08T01:37:26.122000+00:00,2026-07-08T01:37:26.122000+00:00,tulum,real_estate,real_footage,organic_modern,exterior_facade,real_existing,en,0.0,https://www.instagram.com/reel/Dag4KpIg17K/,https://www.instagram.com/charlieherrerare/,"VERIFIED (public embed page, rounded, 2026-09-25)","VERIFIED (public topic pages; sample, not full account history)"
navarealtygroup,1,2000000.0,1305.0,1000000.0,1000000.0,1000000.0,0.5,0.5,2.3781212841854935,0.7259170698327438,2025-06-21T00:39:31.797000+00:00,2025-06-21T00:39:31.797000+00:00,luxury-homes;luxury-mansion,real_estate,3d_render,classical_luxury,exterior_facade,aspirational_realistic,en,0.0,https://www.instagram.com/reel/DLJJ4R-Ajvd/,https://www.instagram.com/navarealtygroup/,"VERIFIED (public embed page, rounded, 2026-09-25)","VERIFIED (public topic pages; sample, not full account history)"
cozyvibescorner,1,140000.0,366.0,1000000.0,1000000.0,1000000.0,7.142857142857143,7.142857142857143,4.962779156327543,5.016324862060704,2026-01-11T18:13:04.844000+00:00,2026-01-11T18:13:04.844000+00:00,cozy-cabin-in-the-snow,ai_creator,ai_generated,rustic_cozy,bedroom,stylized_dreamy,en,1.0,https://www.instagram.com/reel/DTYUnN5jVl0/,https://www.instagram.com/cozyvibescorner/,"VERIFIED (public embed page, rounded, 2026-09-25)","VERIFIED (public topic pages; sample, not full account history)"
baddieinbiz,1,1000000.0,468.0,1000000.0,1000000.0,1000000.0,1.0,1.0,1.0565240359218173,0.4282418323464124,2026-03-18T14:28:21.710000+00:00,2026-03-18T14:28:21.710000+00:00,dream-life,lifestyle_influencer,real_footage,mediterranean,exterior_facade,real_existing,en,0.0,https://www.instagram.com/reel/DWB3XE6jZ1A/,https://www.instagram.com/baddieinbiz/,"VERIFIED (public embed page, rounded, 2026-09-25)","VERIFIED (public topic pages; sample, not full account history)"
darjawren,1,154000.0,406.0,1000000.0,1000000.0,1000000.0,6.4935064935064934,6.4935064935064934,0.43478260869565216,0.8244969909631931,2026-01-10T16:32:19.963000+00:00,2026-01-10T16:32:19.963000+00:00,dream-home,theme_page,ai_generated,classical_luxury,stairs_hall,aspirational_realistic,en,1.0,https://www.instagram.com/reel/DTVkScRCNth/,https://www.instagram.com/darjawren/,"VERIFIED (public embed page, rounded, 2026-09-25)","VERIFIED (public topic pages; sample, not full account history)"
livautry,1,92000.0,96.0,1000000.0,1000000.0,1000000.0,10.869565217391305,10.869565217391305,1.4124293785310735,3.905103702342222,2026-03-02T02:03:55.740000+00:00,2026-03-02T02:03:55.740000+00:00,dream-closet,lifestyle_influencer,real_footage,glam_feminine,closet,real_existing,en,0.0,https://www.instagram.com/reel/DVXVcsBjqdU/,https://www.instagram.com/livautry/,"VERIFIED (public embed page, rounded, 2026-09-25)","VERIFIED (public topic pages; sample, not full account history)"
rain.nest,1,36000.0,531.0,1000000.0,1000000.0,1000000.0,27.77777777777778,27.77777777777778,2.971768202080238,3.103103989932859,2026-05-12T10:30:29.483000+00:00,2026-05-12T10:30:29.483000+00:00,ai-cozy-cabin,ai_creator,ai_generated,rustic_cozy,living_room,stylized_dreamy,en,1.0,https://www.instagram.com/reel/DYPD2_JEzhy/,https://www.instagram.com/rain.nest/,"VERIFIED (public embed page, rounded, 2026-09-25)","VERIFIED (public topic pages; sample, not full account history)"
louisantonioorefice,1,211000.0,1441.0,1000000.0,1000000.0,1000000.0,4.739336492890995,4.739336492890995,0.6060606060606061,1.075635048203259,2026-07-27T14:17:31.233000+00:00,2026-07-27T14:17:31.233000+00:00,amalfi-coast,lifestyle_influencer,real_footage,mediterranean,pool,real_existing,other,0.0,https://www.instagram.com/reel/DbTKQTEM41W/,https://www.instagram.com/louisantonioorefice/,"VERIFIED (public embed page, rounded, 2026-09-25)","VERIFIED (public topic pages; sample, not full account history)"
naturooms,1,45000.0,977.0,1000000.0,1000000.0,1000000.0,22.22222222222222,22.22222222222222,0.9523809523809523,1.860046333293416,2026-09-10T17:11:12.458000+00:00,2026-09-10T17:11:12.458000+00:00,chalet,other,real_footage,traditional_regional,exterior_facade,real_existing,other,0.0,https://www.instagram.com/reel/DdHV5y4sIs0/,https://www.instagram.com/naturooms/,"VERIFIED (public embed page, rounded, 2026-09-25)","VERIFIED (public topic pages; sample, not full account history)"
bathroomguide_,1,429000.0,739.0,1000000.0,1000000.0,1000000.0,2.331002331002331,2.331002331002331,1.6129032258064515,2.4784625425044373,2026-05-18T07:26:49.059000+00:00,2026-05-18T07:26:49.059000+00:00,bathroom-design,theme_page,3d_render,japandi,bathroom,aspirational_realistic,en,0.0,https://www.instagram.com/reel/DYeLm-FBkrJ/,https://www.instagram.com/bathroomguide_/,"VERIFIED (public embed page, rounded, 2026-09-25)","VERIFIED (public topic pages; sample, not full account history)"
big_toy_stories,1,4000.0,34.0,1000000.0,1000000.0,1000000.0,250.0,250.0,2.751031636863824,9.793355263986486,2026-08-10T06:41:38.323000+00:00,2026-08-10T06:41:38.323000+00:00,house-in-forest,other,real_footage,rustic_cozy,exterior_facade,real_existing,,0.0,https://www.instagram.com/reel/Db2ZNkdNEv-/,https://www.instagram.com/big_toy_stories/,"VERIFIED (public embed page, rounded, 2026-09-25)","VERIFIED (public topic pages; sample, not full account history)"
goldconconstruction,2,27000.0,1216.0,558500.0,1000000.0,1117000.0,20.685185185185187,37.03703703703704,1.3681468928030485,4.371609054967279,2026-01-06T20:40:09.513000+00:00,2026-04-02T14:13:38.585000+00:00,dream-kitchen;dream-kitchens;luxury-kitchen-design,contractor_trade,real_footage,organic_modern,kitchen,real_existing,en,0.0,https://www.instagram.com/reel/DTLteEoE2Z5/,https://www.instagram.com/goldconconstruction/,"VERIFIED (public embed page, rounded, 2026-09-25)","VERIFIED (public topic pages; sample, not full account history)"
frenchnakedchef,1,183000.0,1409.0,1000000.0,1000000.0,1000000.0,5.46448087431694,5.46448087431694,0.4878048780487805,0.5123253172293367,2026-08-30T13:48:49.905000+00:00,2026-08-30T13:48:49.905000+00:00,monaco,lifestyle_influencer,real_footage,classical_luxury,lobby_common,real_existing,fr,0.0,https://www.instagram.com/reel/Dcqp_7MMPHz/,https://www.instagram.com/frenchnakedchef/,"VERIFIED (public embed page, rounded, 2026-09-25)","VERIFIED (public topic pages; sample, not full account history)"
fromrawto_real,4,40000.0,136.0,403500.0,1000000.0,2059000.0,10.0875,25.0,0.5669471893968273,0.9458459097981051,2026-02-23T16:03:43.475000+00:00,2026-03-17T10:36:33.597000+00:00,backyard-design;garden-design;landscape-design;landscape-design-ai;outdoor-kitchen,ai_creator,ai_generated,minimalist,garden_landscape,aspirational_realistic,en,1.0,https://www.instagram.com/reel/DVa7fIdExLh/,https://www.instagram.com/fromrawto_real/,"VERIFIED (public embed page, rounded, 2026-09-25)","VERIFIED (public topic pages; sample, not full account history)"
pk__architects,1,139000.0,626.0,1000000.0,1000000.0,1000000.0,7.194244604316546,7.194244604316546,19.627085377821395,5.811809038749356,2025-02-14T16:29:13.424000+00:00,2025-02-14T16:29:13.424000+00:00,neoclassical-interior,designer_studio,3d_render,neoclassical,living_room,aspirational_realistic,other,0.0,https://www.instagram.com/reel/DGD1m67oxhl/,https://www.instagram.com/pk__architects/,"VERIFIED (public embed page, rounded, 2026-09-25)","VERIFIED (public topic pages; sample, not full account history)"
paria__seif,1,17000.0,543.0,1000000.0,1000000.0,1000000.0,58.8235294117647,58.8235294117647,1.0695187165775402,6.449969398567709,2025-04-17T06:56:58.876000+00:00,2025-04-17T06:56:58.876000+00:00,ai-interior-designer,designer_studio,3d_render,modern_luxury,living_room,aspirational_realistic,en,0.0,https://www.instagram.com/reel/DIidZ8Rg0Yc/,https://www.instagram.com/paria__seif/,"VERIFIED (public embed page, rounded, 2026-09-25)","VERIFIED (public topic pages; sample, not full account history)"
zainabkxn_,1,,,1000000.0,1000000.0,1000000.0,,,0.2857142857142857,,2026-02-20T01:24:49.565000+00:00,2026-02-20T01:24:49.565000+00:00,dream-room,,,,,,,,https://www.instagram.com/reel/DU9hBiiCNsb/,https://www.instagram.com/zainabkxn_/,UNKNOWN,"VERIFIED (public topic pages; sample, not full account history)"
bryn.elise,1,313000.0,245.0,1000000.0,1000000.0,1000000.0,3.194888178913738,3.194888178913738,1.0,0.4389946272682838,2026-07-11T15:10:36.351000+00:00,2026-07-11T15:10:36.351000+00:00,tulum,lifestyle_influencer,real_footage,tropical,garden_landscape,real_existing,en,0.0,https://www.instagram.com/reel/DaqDnGzRiaL/,https://www.instagram.com/bryn.elise/,"VERIFIED (public embed page, rounded, 2026-09-25)","VERIFIED (public topic pages; sample, not full account history)"
ringchen.furniture,2,144000.0,314.0,597000.0,1000000.0,1194000.0,4.145833333333334,6.944444444444445,6.539483237241085,4.436639075495581,2025-05-15T13:04:13.982000+00:00,2026-01-14T13:11:12.112000+00:00,furniture-design;luxury-furniture,brand_manufacturer,real_footage,modern_luxury,living_room,real_existing,en,0.0,https://www.instagram.com/reel/DTfgc0LgNSy/,https://www.instagram.com/ringchen.furniture/,"VERIFIED (public embed page, rounded, 2026-09-25)","VERIFIED (public topic pages; sample, not full account history)"
thevisualpoetflavia,1,145000.0,889.0,1000000.0,1000000.0,1000000.0,6.896551724137931,6.896551724137931,1.7730496453900708,1.331230506858906,2024-12-14T14:29:13.653000+00:00,2024-12-14T14:29:13.653000+00:00,quiet-luxury,lifestyle_influencer,real_footage,rustic_cozy,other,real_existing,en,0.0,https://www.instagram.com/reel/DDj-lyuOm2b/,https://www.instagram.com/thevisualpoetflavia/,"VERIFIED (public embed page, rounded, 2026-09-25)","VERIFIED (public topic pages; sample, not full account history)"
living.modernism,1,,,999000.0,999000.0,999000.0,,,5.978456014362657,,2025-06-19T19:49:46.937000+00:00,2025-06-19T19:49:46.937000+00:00,minimalist-interior,,,,,,,,https://www.instagram.com/reel/DLGD7OwTajF/,https://www.instagram.com/living.modernism/,UNKNOWN,"VERIFIED (public topic pages; sample, not full account history)"
scottsdaledesignservices,2,177000.0,874.0,538900.0,998000.0,1077800.0,3.044632768361582,5.638418079096045,3.8658536585365852,2.61755175958294,2024-05-14T15:58:39.667000+00:00,2026-02-13T22:45:02.878000+00:00,organic-modern,designer_studio,real_footage,organic_modern,living_room,real_existing,en,0.0,https://www.instagram.com/reel/C69GtktJ_K7/,https://www.instagram.com/scottsdaledesignservices/,"VERIFIED (public embed page, rounded, 2026-09-25)","VERIFIED (public topic pages; sample, not full account history)"
homemorph,1,96000.0,175.0,997000.0,997000.0,997000.0,10.385416666666666,10.385416666666666,7.144392690791831,4.379119712031844,2025-12-02T07:57:13.563000+00:00,2025-12-02T07:57:13.563000+00:00,ai-house-design,ai_creator,ai_generated,traditional_regional,exterior_facade,aspirational_realistic,en,1.0,https://www.instagram.com/reel/DRwOVkBDl8n/,https://www.instagram.com/homemorph/,"VERIFIED (public embed page, rounded, 2026-09-25)","VERIFIED (public topic pages; sample, not full account history)"
dystopiccity,1,30000.0,335.0,996000.0,996000.0,996000.0,33.2,33.2,1.535851966075559,5.047761099257363,2026-08-13T11:32:45.187000+00:00,2026-08-13T11:32:45.187000+00:00,cyberpunk-city,ai_creator,ai_generated,cyberpunk,other,stylized_dreamy,en,1.0,https://www.instagram.com/reel/Db-o6YVR3If/,https://www.instagram.com/dystopiccity/,"VERIFIED (public embed page, rounded, 2026-09-25)","VERIFIED (public topic pages; sample, not full account history)"
exploringdreamhomes,5,177000.0,167.0,556000.0,996000.0,3115000.0,3.1412429378531073,5.627118644067797,1.573373676248109,2.1568628984560347,2026-02-05T00:15:44.895000+00:00,2026-02-24T08:47:10.549000+00:00,ai-generated-house;ai-house;dream-house;dream-house-design,theme_page,ai_generated,mediterranean,exterior_facade,aspirational_realistic,en,1.0,https://www.instagram.com/reel/DUWxMeTCn65/,https://www.instagram.com/exploringdreamhomes/,"VERIFIED (public embed page, rounded, 2026-09-25)","VERIFIED (public topic pages; sample, not full account history)"
that_craftybee,1,71000.0,87.0,995000.0,995000.0,995000.0,14.014084507042254,14.014084507042254,0.7107142857142857,0.6455891794894886,2026-03-04T13:09:36.169000+00:00,2026-03-04T13:09:36.169000+00:00,home-decor-ideas,lifestyle_influencer,real_footage,glam_feminine,other,real_existing,en,0.0,https://www.instagram.com/reel/DVdrN-oATWh/,https://www.instagram.com/that_craftybee/,"VERIFIED (public embed page, rounded, 2026-09-25)","VERIFIED (public topic pages; sample, not full account history)"
aqardxb,1,141000.0,85.0,987000.0,987000.0,987000.0,7.0,7.0,3.0940438871473352,1.5081604037273326,2026-02-20T06:16:56.673000+00:00,2026-02-20T06:16:56.673000+00:00,dubai-villa,real_estate,real_footage,modern_luxury,exterior_facade,real_existing,en,0.0,https://www.instagram.com/reel/DU-CdFEDQJH/,https://www.instagram.com/aqardxb/,"VERIFIED (public embed page, rounded, 2026-09-25)","VERIFIED (public topic pages; sample, not full account history)"
stjosephscottage,1,104000.0,416.0,982000.0,982000.0,982000.0,9.442307692307692,9.442307692307692,3.257048092868988,2.346687232907107,2024-01-13T08:17:57.794000+00:00,2024-01-13T08:17:57.794000+00:00,cottagecore-living-room-design,lifestyle_influencer,real_footage,rustic_cozy,living_room,real_existing,en,0.0,https://www.instagram.com/reel/C2CJAkkqR6W/,https://www.instagram.com/stjosephscottage/,"VERIFIED (public embed page, rounded, 2026-09-25)","VERIFIED (public topic pages; sample, not full account history)"
sallyswelt,1,1000000.0,4737.0,980000.0,980000.0,980000.0,0.98,0.98,3.1259968102073366,0.7232215710915557,2026-07-17T17:03:56.293000+00:00,2026-07-17T17:03:56.293000+00:00,japandi,lifestyle_influencer,real_footage,minimalist,exterior_facade,real_existing,de,0.0,https://www.instagram.com/reel/Da5tWbWMwyP/,https://www.instagram.com/sallyswelt/,"VERIFIED (public embed page, rounded, 2026-09-25)","VERIFIED (public topic pages; sample, not full account history)"
calmstorms_13,1,47000.0,240.0,979000.0,979000.0,979000.0,20.829787234042552,20.829787234042552,6.918727915194347,5.226910034252042,2026-08-06T10:15:24.851000+00:00,2026-08-06T10:15:24.851000+00:00,rain-sounds,theme_page,ai_generated,rustic_cozy,garden_landscape,stylized_dreamy,en,1.0,https://www.instagram.com/reel/DbsefztTV7w/,https://www.instagram.com/calmstorms_13/,"VERIFIED (public embed page, rounded, 2026-09-25)","VERIFIED (public topic pages; sample, not full account history)"
architectcha,4,148000.0,89.0,542000.0,978000.0,2133800.0,3.6621621621621623,6.608108108108108,1.521249030626684,1.0658375619540954,2025-09-19T11:37:26.781000+00:00,2026-04-28T13:35:56.626000+00:00,ai-generated-architecture-designs;futuristic-architecture;futuristic-architecture-designs-2026;midjourney-architecture,ai_creator,ai_generated,futuristic,exterior_facade,fantasy_impossible,en,1.0,https://www.instagram.com/reel/DQCC9iNiuAS/,https://www.instagram.com/architectcha/,"VERIFIED (public embed page, rounded, 2026-09-25)","VERIFIED (public topic pages; sample, not full account history)"
zaxzaaafrica,2,65000.0,763.0,650000.0,977000.0,1300000.0,10.0,15.03076923076923,1.7447615486872716,2.1255685738496526,2026-05-21T21:58:52.791000+00:00,2026-06-13T09:25:27.081000+00:00,hotel-bathroom-designs;luxury-bathroom-interior-design-inspiration;quiet-luxury-bathroom,designer_studio,ai_generated,modern_luxury,bathroom,aspirational_realistic,en,1.0,https://www.instagram.com/reel/DZhV2noRxp1/,https://www.instagram.com/zaxzaaafrica/,"VERIFIED (public embed page, rounded, 2026-09-25)","VERIFIED (public topic pages; sample, not full account history)"
ocho.design.studio_,1,21000.0,165.0,976000.0,976000.0,976000.0,46.476190476190474,46.476190476190474,1.6307435254803675,8.789320111473115,2026-07-05T04:07:00.810000+00:00,2026-07-05T04:07:00.810000+00:00,modern-kitchen,designer_studio,ai_generated,modern_luxury,kitchen,aspirational_realistic,ar,1.0,https://www.instagram.com/reel/DaZa5j4o8dZ/,https://www.instagram.com/ocho.design.studio_/,"VERIFIED (public embed page, rounded, 2026-09-25)","VERIFIED (public topic pages; sample, not full account history)"
revolvingbooks,1,313000.0,621.0,974000.0,974000.0,974000.0,3.1118210862619806,3.1118210862619806,1.5314465408805031,0.8623434210531232,2025-05-18T19:28:46.966000+00:00,2025-05-18T19:28:46.966000+00:00,home-library,brand_manufacturer,real_footage,rustic_cozy,other,real_existing,en,0.0,https://www.instagram.com/reel/DJzoFbOyfN8/,https://www.instagram.com/revolvingbooks/,"VERIFIED (public embed page, rounded, 2026-09-25)","VERIFIED (public topic pages; sample, not full account history)"
jafthegardener,1,66000.0,5964.0,974000.0,974000.0,974000.0,14.757575757575758,14.757575757575758,0.8960441582336707,1.3700990907563912,2026-05-15T19:37:19.010000+00:00,2026-05-15T19:37:19.010000+00:00,luxury-garden,contractor_trade,real_footage,traditional_regional,garden_landscape,real_existing,en,0.0,https://www.instagram.com/reel/DYXw0rko7hn/,https://www.instagram.com/jafthegardener/,"VERIFIED (public embed page, rounded, 2026-09-25)","VERIFIED (public topic pages; sample, not full account history)"
the_haunted_tale,1,50000.0,206.0,973000.0,973000.0,973000.0,19.46,19.46,1.7328584149599289,5.947498721398756,2026-05-27T18:50:42.810000+00:00,2026-05-27T18:50:42.810000+00:00,rain-cozy,theme_page,ai_generated,rustic_cozy,terrace_outdoor,stylized_dreamy,en,1.0,https://www.instagram.com/reel/DY2lB2QpHBO/,https://www.instagram.com/the_haunted_tale/,"VERIFIED (public embed page, rounded, 2026-09-25)","VERIFIED (public topic pages; sample, not full account history)"
interiorbydnd,2,18000.0,295.0,551500.0,970000.0,1103000.0,30.638888888888886,53.888888888888886,2.1972111553784863,6.72594459507047,2026-01-14T15:45:34.479000+00:00,2026-04-07T22:02:17.849000+00:00,mid-century-modern-living-room-ideas,lifestyle_influencer,real_footage,mid_century,living_room,real_existing,en,0.0,https://www.instagram.com/reel/DW2LNTQEkzo/,https://www.instagram.com/interiorbydnd/,"VERIFIED (public embed page, rounded, 2026-09-25)","VERIFIED (public topic pages; sample, not full account history)"
sarayi.interiors,1,8000.0,28.0,969000.0,969000.0,969000.0,121.125,121.125,0.8541207580431909,2.235168773076457,2026-04-14T13:04:13.485000+00:00,2026-04-14T13:04:13.485000+00:00,luxury-bathroom-design,designer_studio,ai_generated,modern_luxury,bathroom,aspirational_realistic,en,1.0,https://www.instagram.com/reel/DXHPMdqIMJp/,https://www.instagram.com/sarayi.interiors/,"VERIFIED (public embed page, rounded, 2026-09-25)","VERIFIED (public topic pages; sample, not full account history)"
palmlivingae,1,136000.0,1727.0,968000.0,968000.0,968000.0,7.117647058823529,7.117647058823529,11.164936562860438,4.1118328740443495,2026-01-18T06:00:52.906000+00:00,2026-01-18T06:00:52.906000+00:00,home-theater,designer_studio,real_footage,minimalist,home_theater,real_existing,en,0.0,https://www.instagram.com/reel/DTpCYjokXpq/,https://www.instagram.com/palmlivingae/,"VERIFIED (public embed page, rounded, 2026-09-25)","VERIFIED (public topic pages; sample, not full account history)"
seaglassbeachhouse,2,44000.0,1700.0,735500.0,966000.0,1471000.0,16.71590909090909,21.954545454545453,4.79778212654925,3.027990445801741,2025-08-07T17:57:36.950000+00:00,2026-06-14T15:38:27.899000+00:00,beach-house,other,real_footage,tropical,exterior_facade,real_existing,en,0.0,https://www.instagram.com/reel/DZklVhxIs9X/,https://www.instagram.com/seaglassbeachhouse/,"VERIFIED (public embed page, rounded, 2026-09-25)","VERIFIED (public topic pages; sample, not full account history)"
lulalunalee,1,17000.0,171.0,952000.0,952000.0,952000.0,56.0,56.0,2.1273743016759776,1.8326025214776596,2026-08-22T12:03:18.294000+00:00,2026-08-22T12:03:18.294000+00:00,room-makeover,lifestyle_influencer,real_footage,glam_feminine,bedroom,real_existing,id,0.0,https://www.instagram.com/reel/DcV3kBeh334/,https://www.instagram.com/lulalunalee/,"VERIFIED (public embed page, rounded, 2026-09-25)","VERIFIED (public topic pages; sample, not full account history)"
montani3d,4,603000.0,1578.0,684500.0,946000.0,2454000.0,1.135157545605307,1.5688225538971807,2.004386481127719,0.9803493558281282,2026-01-19T12:14:59.658000+00:00,2026-04-30T12:18:08.847000+00:00,ai-architecture;ai-interior-design;ai-interior-designer;ai-render;landscape-design-ai,ai_creator,ai_generated,modern_luxury,exterior_facade,stylized_dreamy,pt,1.0,https://www.instagram.com/reel/DUannSokdQD/,https://www.instagram.com/montani3d/,"VERIFIED (public embed page, rounded, 2026-09-25)","VERIFIED (public topic pages; sample, not full account history)"
asan_emlak.az,1,171000.0,3179.0,940000.0,940000.0,940000.0,5.497076023391813,5.497076023391813,15.75859178541492,4.8867638876599555,2026-03-24T07:41:14.835000+00:00,2026-03-24T07:41:14.835000+00:00,luxury-apartment,real_estate,real_footage,modern_luxury,stairs_hall,real_existing,other,0.0,https://www.instagram.com/reel/DWQlih9CBiF/,https://www.instagram.com/asan_emlak.az/,"VERIFIED (public embed page, rounded, 2026-09-25)","VERIFIED (public topic pages; sample, not full account history)"
indonesiajuaratrip,1,798000.0,2559.0,933000.0,933000.0,933000.0,1.169172932330827,1.169172932330827,1.0500844119302195,2.0993671659459046,2025-03-19T08:42:35.754000+00:00,2025-03-19T08:42:35.754000+00:00,overwater-villa,other,ai_generated,modern_luxury,bedroom,stylized_dreamy,id,1.0,https://www.instagram.com/reel/DHX-cHIz_UB/,https://www.instagram.com/indonesiajuaratrip/,"VERIFIED (public embed page, rounded, 2026-09-25)","VERIFIED (public topic pages; sample, not full account history)"
imaginativemike,3,506000.0,961.0,336000.0,931000.0,1341900.0,0.6640316205533597,1.8399209486166008,0.9985141158989599,0.31963917593221897,2025-03-12T16:34:46.667000+00:00,2026-02-08T18:04:16.496000+00:00,ai-cozy-cabin;cozy-winter-cabin;forest-house,ai_creator,ai_generated,rustic_cozy,exterior_facade,stylized_dreamy,en,1.0,https://www.instagram.com/reel/DHGy6WZOH7p/,https://www.instagram.com/imaginativemike/,"VERIFIED (public embed page, rounded, 2026-09-25)","VERIFIED (public topic pages; sample, not full account history)"
zachariemaille_,2,546000.0,216.0,593000.0,920000.0,1186000.0,1.0891779788838611,1.6911764705882353,4.8037453573536055,2.6983983251189496,2025-08-03T13:09:54.355000+00:00,2025-12-14T17:12:04.890000+00:00,dubai-luxury-penthouse;ibiza-villa,real_estate,real_footage,mediterranean,exterior_facade,real_existing,en,0.0,https://www.instagram.com/reel/DM5N70tMZFW/,https://www.instagram.com/zachariemaille_/,"VERIFIED (public embed page, rounded, 2026-09-25)","VERIFIED (public topic pages; sample, not full account history)"
cgce.stu,1,11000.0,32.0,915000.0,915000.0,915000.0,83.18181818181819,83.18181818181819,5.475763016157989,14.69251417772133,2025-05-10T20:03:21.386000+00:00,2025-05-10T20:03:21.386000+00:00,minimalist-interior,designer_studio,3d_render,minimalist,kitchen,aspirational_realistic,en,0.0,https://www.instagram.com/reel/DJfFrpooJ1S/,https://www.instagram.com/cgce.stu/,"VERIFIED (public embed page, rounded, 2026-09-25)","VERIFIED (public topic pages; sample, not full account history)"
eliemoussa_creative_design,5,,,359000.0,914000.0,2444000.0,,,1.4217821782178217,,2025-06-19T17:07:48.101000+00:00,2026-05-02T17:50:59.369000+00:00,dubai-luxury-interior-design-trends;interior-design-ideas;luxury-apartment-interior-design-ideas-2026;luxury-interior-design;luxury-living-room-design;luxury-master-bedroom;luxury-master-bedroom-interior-design,,,,,,,,https://www.instagram.com/reel/DLFxY2WI7_S/,https://www.instagram.com/eliemoussa_creative_design/,UNKNOWN,"VERIFIED (public topic pages; sample, not full account history)"
luxquisit,4,190000.0,463.0,541000.0,912000.0,2159000.0,2.8473684210526313,4.8,0.6794542530754831,1.427214607532243,2025-10-12T17:41:14.798000+00:00,2026-02-02T18:47:46.925000+00:00,faroe-islands-luxury-villas;luxury-pool;overwater-villa,theme_page,ai_generated,tropical,exterior_facade,stylized_dreamy,en,0.75,https://www.instagram.com/reel/DUHZdshiaBB/,https://www.instagram.com/luxquisit/,"VERIFIED (public embed page, rounded, 2026-09-25)","VERIFIED (public topic pages; sample, not full account history)"
toriesvik,1,8000.0,93.0,906000.0,906000.0,906000.0,113.25,113.25,1.69187675070028,7.880451506362232,2026-06-30T18:30:01.388000+00:00,2026-06-30T18:30:01.388000+00:00,faroe-islands-luxury-villas,lifestyle_influencer,real_footage,traditional_regional,exterior_facade,real_existing,en,0.0,https://www.instagram.com/reel/DaOFsDpsINv/,https://www.instagram.com/toriesvik/,"VERIFIED (public embed page, rounded, 2026-09-25)","VERIFIED (public topic pages; sample, not full account history)"
ashevilleglamping,1,256000.0,2703.0,903000.0,903000.0,903000.0,3.52734375,3.52734375,0.564375,0.2503925462624093,2026-07-11T12:26:28.814000+00:00,2026-07-11T12:26:28.814000+00:00,treehouse;treehouse-hotel,other,real_footage,rustic_cozy,exterior_facade,real_existing,en,0.0,https://www.instagram.com/reel/Dapw1A6uI8Q/,https://www.instagram.com/ashevilleglamping/,"VERIFIED (public embed page, rounded, 2026-09-25)","VERIFIED (public topic pages; sample, not full account history)"
ilhamabdii,1,34000.0,611.0,902000.0,902000.0,902000.0,26.529411764705884,26.529411764705884,1.7721021611001964,3.9447441950734534,2025-12-26T04:16:26.174000+00:00,2025-12-26T04:16:26.174000+00:00,landscape-design-ai,ai_creator,ai_generated,brutalist,exterior_facade,aspirational_realistic,en,1.0,https://www.instagram.com/reel/DStoJcyj602/,https://www.instagram.com/ilhamabdii/,"VERIFIED (public embed page, rounded, 2026-09-25)","VERIFIED (public topic pages; sample, not full account history)"
design.input,1,103000.0,372.0,900000.0,900000.0,900000.0,8.737864077669903,8.737864077669903,2.176541717049577,1.6920799273690525,2023-09-04T14:33:54.470000+00:00,2023-09-04T14:33:54.470000+00:00,midjourney-architecture,ai_creator,ai_generated,futuristic,exterior_facade,aspirational_realistic,en,1.0,https://www.instagram.com/reel/Cwxf5cmsoSX/,https://www.instagram.com/design.input/,"VERIFIED (public embed page, rounded, 2026-09-25)","VERIFIED (public topic pages; sample, not full account history)"
luxuryproperttyy,1,25000.0,848.0,893000.0,893000.0,893000.0,35.72,35.72,1.4368463395012068,2.999224259316539,2025-01-31T12:02:34.275000+00:00,2025-01-31T12:02:34.275000+00:00,luxury-kitchen-design,theme_page,real_footage,modern_luxury,kitchen,real_existing,en,0.0,https://www.instagram.com/reel/DFfT9plNgm5/,https://www.instagram.com/luxuryproperttyy/,"VERIFIED (public embed page, rounded, 2026-09-25)","VERIFIED (public topic pages; sample, not full account history)"
gaurav_furniture_ludhiana,1,224000.0,529.0,891000.0,891000.0,891000.0,3.9776785714285716,3.9776785714285716,1.2247422680412372,1.3652659268912994,2026-05-29T13:56:42.876000+00:00,2026-05-29T13:56:42.876000+00:00,furniture-design,brand_manufacturer,real_footage,other,living_room,real_existing,en,0.0,https://www.instagram.com/reel/DY7M-SRzoVD/,https://www.instagram.com/gaurav_furniture_ludhiana/,"VERIFIED (public embed page, rounded, 2026-09-25)","VERIFIED (public topic pages; sample, not full account history)"
elenaajoyce,1,202000.0,847.0,889000.0,889000.0,889000.0,4.400990099009901,4.400990099009901,1.1806108897742364,1.149042213487446,2026-08-07T18:00:09.425000+00:00,2026-08-07T18:00:09.425000+00:00,cabins,lifestyle_influencer,real_footage,rustic_cozy,other,real_existing,en,0.0,https://www.instagram.com/reel/Dbv4ej8R6jl/,https://www.instagram.com/elenaajoyce/,"VERIFIED (public embed page, rounded, 2026-09-25)","VERIFIED (public topic pages; sample, not full account history)"
d.signers,1,4000000.0,8163.0,887000.0,887000.0,887000.0,0.22175,0.22175,20.320733104238258,1.6612127987609846,2023-01-14T07:02:40.576000+00:00,2023-01-14T07:02:40.576000+00:00,bali-infinity-pool-villas;infinity-pools,theme_page,real_footage,tropical,pool,real_existing,en,0.0,https://www.instagram.com/reel/CnYvCpzhbKF/,https://www.instagram.com/d.signers/,"VERIFIED (public embed page, rounded, 2026-09-25)","VERIFIED (public topic pages; sample, not full account history)"
ihsansamhoun.interiors,4,169000.0,5309.0,333000.0,885000.0,1731000.0,1.9821428571428572,5.267857142857143,0.8499543410465377,0.7801541415042847,2024-10-17T14:04:41.578000+00:00,2026-03-03T18:27:55.216000+00:00,luxury-bathroom;luxury-bathroom-design;luxury-master-bedroom;luxury-master-bedroom-interior-design;modern-villa,theme_page,3d_render,minimalist,closet,aspirational_realistic,en,0.0,https://www.instagram.com/reel/DIv15V-s3g2/,https://www.instagram.com/ihsansamhoun.interiors/,"VERIFIED (public embed page, rounded, 2026-09-25)","VERIFIED (public topic pages; sample, not full account history)"
milanchettri123,1,15000.0,249.0,879000.0,879000.0,879000.0,58.6,58.6,3.573170731707317,2.41854297392062,2026-08-14T12:14:51.320000+00:00,2026-08-14T12:14:51.320000+00:00,dream-house;luxury-modern-beautiful-house;modern-house,theme_page,3d_render,modern_luxury,exterior_facade,aspirational_realistic,en,0.0,https://www.instagram.com/reel/DcBShnvt0yC/,https://www.instagram.com/milanchettri123/,"VERIFIED (public embed page, rounded, 2026-09-25)","VERIFIED (public topic pages; sample, not full account history)"
interiorsbyplatinum,1,16000.0,385.0,874000.0,874000.0,874000.0,54.625,54.625,0.9327641408751334,2.6560709796533706,2026-04-28T06:50:06.423000+00:00,2026-04-28T06:50:06.423000+00:00,bedroom-design,designer_studio,real_footage,modern_luxury,bedroom,real_existing,en,0.0,https://www.instagram.com/reel/DXqngl_DB4Q/,https://www.instagram.com/interiorsbyplatinum/,"VERIFIED (public embed page, rounded, 2026-09-25)","VERIFIED (public topic pages; sample, not full account history)"
farmgirlstories01,1,373000.0,131.0,873000.0,873000.0,873000.0,2.3404825737265416,2.3404825737265416,1.0423880597014925,0.4998262210654348,2026-05-10T07:57:38.073000+00:00,2026-05-10T07:57:38.073000+00:00,garden-design,theme_page,ai_generated,rustic_cozy,garden_landscape,aspirational_realistic,en,1.0,https://www.instagram.com/reel/DYJoxrgP3ih/,https://www.instagram.com/farmgirlstories01/,"VERIFIED (public embed page, rounded, 2026-09-25)","VERIFIED (public topic pages; sample, not full account history)"
mk_contrctor_and_builders,1,62000.0,190.0,871000.0,871000.0,871000.0,14.048387096774194,14.048387096774194,1.4048387096774193,5.3345004513380205,2026-07-29T14:40:12.788000+00:00,2026-07-29T14:40:12.788000+00:00,bathroom-design,contractor_trade,ai_generated,modern_luxury,bathroom,aspirational_realistic,en,1.0,https://www.instagram.com/reel/DbYWcQNvxsB/,https://www.instagram.com/mk_contrctor_and_builders/,"VERIFIED (public embed page, rounded, 2026-09-25)","VERIFIED (public topic pages; sample, not full account history)"
duchess.lifestyle,1,388000.0,1764.0,871000.0,871000.0,871000.0,2.2448453608247423,2.2448453608247423,10.046136101499423,2.265900056730391,2024-12-13T16:26:56.589000+00:00,2024-12-13T16:26:56.589000+00:00,home-theater,lifestyle_influencer,real_footage,other,stairs_hall,real_existing,en,0.0,https://www.instagram.com/reel/DDhnRF6Jk5h/,https://www.instagram.com/duchess.lifestyle/,"VERIFIED (public embed page, rounded, 2026-09-25)","VERIFIED (public topic pages; sample, not full account history)"
alinarsenova,1,19000.0,819.0,870000.0,870000.0,870000.0,45.78947368421053,45.78947368421053,0.93048128342246,3.6732871507662037,2026-02-15T06:54:57.782000+00:00,2026-02-15T06:54:57.782000+00:00,ai-home-design;ai-interior-designer,ai_creator,ai_generated,minimalist,other,aspirational_realistic,ru,1.0,https://www.instagram.com/reel/DUxO1KOjaWF/,https://www.instagram.com/alinarsenova/,"VERIFIED (public embed page, rounded, 2026-09-25)","VERIFIED (public topic pages; sample, not full account history)"
allyrokstyle,1,,,870000.0,870000.0,870000.0,,,7.435897435897436,,2025-09-30T22:24:25.557000+00:00,2025-09-30T22:24:25.557000+00:00,organic-modern-kitchen-designs,,,,,,,,https://www.instagram.com/reel/DPPjf_-EsBN/,https://www.instagram.com/allyrokstyle/,UNKNOWN,"VERIFIED (public topic pages; sample, not full account history)"
shubham_kochar_shilp_store,1,18000.0,342.0,861000.0,861000.0,861000.0,47.833333333333336,47.833333333333336,1.1835051546391753,4.289983824842078,2026-09-11T07:57:22.790000+00:00,2026-09-11T07:57:22.790000+00:00,furniture-design,brand_manufacturer,real_footage,other,other,real_existing,en,0.0,https://www.instagram.com/reel/DdI7UUGy5ZO/,https://www.instagram.com/shubham_kochar_shilp_store/,"VERIFIED (public embed page, rounded, 2026-09-25)","VERIFIED (public topic pages; sample, not full account history)"
dreammakersstudio24,1,751000.0,613.0,861000.0,861000.0,861000.0,1.1464713715046604,1.1464713715046604,3.9225512528473803,2.553381661059817,2026-01-11T10:33:14.245000+00:00,2026-01-11T10:33:14.245000+00:00,container-home-luxury-models-2026,ai_creator,ai_generated,modern_luxury,exterior_facade,aspirational_realistic,en,1.0,https://www.instagram.com/reel/DTXf_OWDIan/,https://www.instagram.com/dreammakersstudio24/,"VERIFIED (public embed page, rounded, 2026-09-25)","VERIFIED (public topic pages; sample, not full account history)"
engineering_school_9,1,688000.0,766.0,848000.0,848000.0,848000.0,1.2325581395348837,1.2325581395348837,1.367741935483871,1.6851544188786978,2026-07-10T14:29:04.762000+00:00,2026-07-10T14:29:04.762000+00:00,bathroom-design,theme_page,ai_generated,minimalist,bathroom,aspirational_realistic,en,1.0,https://www.instagram.com/reel/DanaEFQoayI/,https://www.instagram.com/engineering_school_9/,"VERIFIED (public embed page, rounded, 2026-09-25)","VERIFIED (public topic pages; sample, not full account history)"
tenkasipattanam_construction,1,18000.0,121.0,846000.0,846000.0,846000.0,47.0,47.0,0.9808695652173913,2.137483350616432,2026-09-01T13:18:45.721000+00:00,2026-09-01T13:18:45.721000+00:00,dream-house,contractor_trade,real_footage,other,other,real_existing,other,0.0,https://www.instagram.com/reel/DcvwJcATTts/,https://www.instagram.com/tenkasipattanam_construction/,"VERIFIED (public embed page, rounded, 2026-09-25)","VERIFIED (public topic pages; sample, not full account history)"
terplanet,2,1000000.0,1538.0,498500.0,844000.0,997000.0,0.4985,0.844,0.5610579628587506,1.0093442341061079,2023-12-04T11:39:21.168000+00:00,2025-11-20T11:15:14.869000+00:00,overwater-villa,lifestyle_influencer,real_footage,tropical,exterior_facade,real_existing,en,0.0,https://www.instagram.com/reel/C0bgQl7pcye/,https://www.instagram.com/terplanet/,"VERIFIED (public embed page, rounded, 2026-09-25)","VERIFIED (public topic pages; sample, not full account history)"
joehoustonsf,1,17000.0,579.0,838000.0,838000.0,838000.0,49.294117647058826,49.294117647058826,3.0979667282809613,5.9636511977889395,2025-04-16T19:32:22.980000+00:00,2025-04-16T19:32:22.980000+00:00,glamping-ideas,lifestyle_influencer,real_footage,other,other,real_existing,en,0.0,https://www.instagram.com/reel/DIhPDy1zg2m/,https://www.instagram.com/joehoustonsf/,"VERIFIED (public embed page, rounded, 2026-09-25)","VERIFIED (public topic pages; sample, not full account history)"
homebyxi,1,28000.0,203.0,838000.0,838000.0,838000.0,29.928571428571427,29.928571428571427,4.5917808219178085,11.02032149547106,2026-03-03T01:53:31.692000+00:00,2026-03-03T01:53:31.692000+00:00,future-home,lifestyle_influencer,real_footage,other,stairs_hall,real_existing,en,0.0,https://www.instagram.com/reel/DVZ5DYpjSUB/,https://www.instagram.com/homebyxi/,"VERIFIED (public embed page, rounded, 2026-09-25)","VERIFIED (public topic pages; sample, not full account history)"
lorenestates,1,23000.0,48.0,838000.0,838000.0,838000.0,36.43478260869565,36.43478260869565,0.7488829311885612,1.5208103996743068,2026-06-25T09:05:31.771000+00:00,2026-06-25T09:05:31.771000+00:00,luxury-real-estate,real_estate,real_footage,organic_modern,stairs_hall,real_existing,en,0.0,https://www.instagram.com/reel/DaANHNRMYsO/,https://www.instagram.com/lorenestates/,"VERIFIED (public embed page, rounded, 2026-09-25)","VERIFIED (public topic pages; sample, not full account history)"
nashla_t_02,1,16000.0,75.0,838000.0,838000.0,838000.0,52.375,52.375,2.06150061500615,5.402655215617388,2026-08-28T01:03:16.596000+00:00,2026-08-28T01:03:16.596000+00:00,dream-kitchens,ai_creator,ai_generated,classical_luxury,kitchen,aspirational_realistic,en,1.0,https://www.instagram.com/reel/DckIzFNuoUq/,https://www.instagram.com/nashla_t_02/,"VERIFIED (public embed page, rounded, 2026-09-25)","VERIFIED (public topic pages; sample, not full account history)"
daydreaming__2,1,48000.0,128.0,837000.0,837000.0,837000.0,17.4375,17.4375,0.3460822824064503,2.271010240888674,2026-04-15T23:41:21.497000+00:00,2026-04-15T23:41:21.497000+00:00,lake-como-villa,theme_page,real_footage,mediterranean,garden_landscape,real_existing,en,0.0,https://www.instagram.com/reel/DXK852ADKFy/,https://www.instagram.com/daydreaming__2/,"VERIFIED (public embed page, rounded, 2026-09-25)","VERIFIED (public topic pages; sample, not full account history)"
pelteki_interiordesign,1,12000.0,498.0,835000.0,835000.0,835000.0,69.58333333333333,69.58333333333333,0.9130672498633133,3.655543865568038,2026-03-01T09:20:48.549000+00:00,2026-03-01T09:20:48.549000+00:00,living-room-design,designer_studio,3d_render,minimalist,living_room,aspirational_realistic,en,0.0,https://www.instagram.com/reel/DVVipnmDecW/,https://www.instagram.com/pelteki_interiordesign/,"VERIFIED (public embed page, rounded, 2026-09-25)","VERIFIED (public topic pages; sample, not full account history)"
hello4travel,1,245000.0,625.0,834000.0,834000.0,834000.0,3.404081632653061,3.404081632653061,0.2254054054054054,0.3911281199572103,2026-05-09T07:18:27.680000+00:00,2026-05-09T07:18:27.680000+00:00,dubai-luxury,lifestyle_influencer,real_footage,other,terrace_outdoor,real_existing,en,0.0,https://www.instagram.com/reel/DYG_f5DtuXh/,https://www.instagram.com/hello4travel/,"VERIFIED (public embed page, rounded, 2026-09-25)","VERIFIED (public topic pages; sample, not full account history)"
nature._.videos,1,5000000.0,4030.0,834000.0,834000.0,834000.0,0.1668,0.1668,3.153119092627599,0.9835358517763828,2024-12-06T15:09:14.468000+00:00,2024-12-06T15:09:14.468000+00:00,forest-house;luxury-cabin,theme_page,ai_generated,rustic_cozy,living_room,stylized_dreamy,en,1.0,https://www.instagram.com/reel/DDPcz3FsVAU/,https://www.instagram.com/nature._.videos/,"VERIFIED (public embed page, rounded, 2026-09-25)","VERIFIED (public topic pages; sample, not full account history)"
casadelsimonsen,1,90000.0,172.0,832000.0,832000.0,832000.0,9.244444444444444,9.244444444444444,1.1669004207573632,1.1466664625550544,2023-06-08T06:39:13.401000+00:00,2023-06-08T06:39:13.401000+00:00,luxury-kitchen,lifestyle_influencer,real_footage,scandinavian,kitchen,real_existing,other,0.0,https://www.instagram.com/reel/CtODnwQIefd/,https://www.instagram.com/casadelsimonsen/,"VERIFIED (public embed page, rounded, 2026-09-25)","VERIFIED (public topic pages; sample, not full account history)"
cliffhousemaine,1,130000.0,2688.0,830000.0,830000.0,830000.0,6.384615384615385,6.384615384615385,45.23160762942779,14.684030356897349,2023-11-23T21:46:49.330000+00:00,2023-11-23T21:46:49.330000+00:00,cliff-house,other,real_footage,traditional_regional,pool,real_existing,en,0.0,https://www.instagram.com/reel/C0ARCNMr6wK/,https://www.instagram.com/cliffhousemaine/,"VERIFIED (public embed page, rounded, 2026-09-25)","VERIFIED (public topic pages; sample, not full account history)"
french_exterior,1,961000.0,1294.0,828000.0,828000.0,828000.0,0.8616024973985432,0.8616024973985432,3.066666666666667,2.010316390300569,2025-08-09T18:13:55.689000+00:00,2025-08-09T18:13:55.689000+00:00,indoor-pool,lifestyle_influencer,real_footage,classical_luxury,pool,real_existing,en,0.0,https://www.instagram.com/reel/DNJNfzIIQir/,https://www.instagram.com/french_exterior/,"VERIFIED (public embed page, rounded, 2026-09-25)","VERIFIED (public topic pages; sample, not full account history)"
cvlager,1,509000.0,854.0,826000.0,826000.0,826000.0,1.6227897838899803,1.6227897838899803,7.741330834114339,4.501506745587009,2025-04-16T15:05:58.068000+00:00,2025-04-16T15:05:58.068000+00:00,ibiza-villa,lifestyle_influencer,real_footage,mediterranean,terrace_outdoor,real_existing,en,0.0,https://www.instagram.com/reel/DIgwkgtsn4T/,https://www.instagram.com/cvlager/,"VERIFIED (public embed page, rounded, 2026-09-25)","VERIFIED (public topic pages; sample, not full account history)"
thedollstudio2026,1,25000.0,181.0,825000.0,825000.0,825000.0,33.0,33.0,0.3113207547169811,0.8957559960560618,2026-08-12T16:13:47.817000+00:00,2026-08-12T16:13:47.817000+00:00,ai-art,ai_creator,ai_generated,glam_feminine,bedroom,stylized_dreamy,en,1.0,https://www.instagram.com/reel/Db8kR7oBrt3/,https://www.instagram.com/thedollstudio2026/,"VERIFIED (public embed page, rounded, 2026-09-25)","VERIFIED (public topic pages; sample, not full account history)"
livingwithtilda,1,104000.0,162.0,823000.0,823000.0,823000.0,7.913461538461538,7.913461538461538,2.104859335038363,1.7003195330974659,2026-06-10T19:03:30.012000+00:00,2026-06-10T19:03:30.012000+00:00,mid-century-modern,lifestyle_influencer,real_footage,mid_century,living_room,real_existing,en,0.0,https://www.instagram.com/reel/DZapnwBo8j8/,https://www.instagram.com/livingwithtilda/,"VERIFIED (public embed page, rounded, 2026-09-25)","VERIFIED (public topic pages; sample, not full account history)"
acroxthepond,1,33000.0,137.0,823000.0,823000.0,823000.0,24.939393939393938,24.939393939393938,1.338211382113821,4.15972154853813,2024-01-19T20:50:53.477000+00:00,2024-01-19T20:50:53.477000+00:00,unique-airbnb,lifestyle_influencer,real_footage,minimalist,exterior_facade,real_existing,en,0.0,https://www.instagram.com/reel/C2S78bmIIlX/,https://www.instagram.com/acroxthepond/,"VERIFIED (public embed page, rounded, 2026-09-25)","VERIFIED (public topic pages; sample, not full account history)"
alinaross,1,98000.0,927.0,817000.0,817000.0,817000.0,8.33673469387755,8.33673469387755,0.6284615384615385,0.560675421827798,2026-06-27T12:57:22.220000+00:00,2026-06-27T12:57:22.220000+00:00,mykonos,lifestyle_influencer,real_footage,mediterranean,terrace_outdoor,real_existing,en,0.0,https://www.instagram.com/reel/DaFxPAptilO/,https://www.instagram.com/alinaross/,"VERIFIED (public embed page, rounded, 2026-09-25)","VERIFIED (public topic pages; sample, not full account history)"
anetamalgorzatagorska,1,9000.0,109.0,815000.0,815000.0,815000.0,90.55555555555556,90.55555555555556,9.04048807542984,32.99264304499746,2026-01-31T13:13:13.468000+00:00,2026-01-31T13:13:13.468000+00:00,biophilic-design,ai_creator,ai_generated,rustic_cozy,living_room,stylized_dreamy,en,1.0,https://www.instagram.com/reel/DULSMgRiACK/,https://www.instagram.com/anetamalgorzatagorska/,"VERIFIED (public embed page, rounded, 2026-09-25)","VERIFIED (public topic pages; sample, not full account history)"
jamshicv,1,101000.0,593.0,815000.0,815000.0,815000.0,8.069306930693068,8.069306930693068,2.465960665658094,3.2635510849185603,2025-08-15T06:25:41.073000+00:00,2025-08-15T06:25:41.073000+00:00,dream-house-design,designer_studio,3d_render,modern_luxury,exterior_facade,aspirational_realistic,en,0.0,https://www.instagram.com/reel/DNXZNt8SO-Q/,https://www.instagram.com/jamshicv/,"VERIFIED (public embed page, rounded, 2026-09-25)","VERIFIED (public topic pages; sample, not full account history)"
gleerup.cerin,1,402000.0,288.0,807000.0,807000.0,807000.0,2.0074626865671643,2.0074626865671643,0.39365853658536587,0.2861366021196817,2026-09-22T09:30:54.067000+00:00,2026-09-22T09:30:54.067000+00:00,monaco,lifestyle_influencer,real_footage,other,none_person_only,real_existing,en,0.0,https://www.instagram.com/reel/Ddlaw6NIJLz/,https://www.instagram.com/gleerup.cerin/,"VERIFIED (public embed page, rounded, 2026-09-25)","VERIFIED (public topic pages; sample, not full account history)"
sprugmaworld,1,28000.0,257.0,802000.0,802000.0,802000.0,28.642857142857142,28.642857142857142,1.2367000771010024,4.1978549461883174,2026-05-20T13:07:00.975000+00:00,2026-05-20T13:07:00.975000+00:00,cyberpunk-city,ai_creator,ai_generated,cyberpunk,other,fantasy_impossible,en,1.0,https://www.instagram.com/reel/DYj8IaLRRYg/,https://www.instagram.com/sprugmaworld/,"VERIFIED (public embed page, rounded, 2026-09-25)","VERIFIED (public topic pages; sample, not full account history)"
hollander_design,1,153000.0,1327.0,802000.0,802000.0,802000.0,5.241830065359477,5.241830065359477,0.9576119402985075,0.6966019599441254,2026-03-31T14:50:09.412000+00:00,2026-03-31T14:50:09.412000+00:00,garden-design,designer_studio,real_footage,other,garden_landscape,real_existing,en,0.0,https://www.instagram.com/reel/DWjYMFVgAVa/,https://www.instagram.com/hollander_design/,"VERIFIED (public embed page, rounded, 2026-09-25)","VERIFIED (public topic pages; sample, not full account history)"
amrusha.jain,1,63000.0,787.0,799000.0,799000.0,799000.0,12.682539682539682,12.682539682539682,0.6392,0.5898899865186665,2025-10-02T18:51:55.598000+00:00,2025-10-02T18:51:55.598000+00:00,kitchen-design,designer_studio,real_footage,modern_luxury,kitchen,real_existing,en,0.0,https://www.instagram.com/reel/DPUUxW6k8NP/,https://www.instagram.com/amrusha.jain/,"VERIFIED (public embed page, rounded, 2026-09-25)","VERIFIED (public topic pages; sample, not full account history)"
christingracehome,1,96000.0,946.0,795000.0,795000.0,795000.0,8.28125,8.28125,1.0,1.9473494578477333,2026-04-07T18:24:05.323000+00:00,2026-04-07T18:24:05.323000+00:00,amazon-home-finds,lifestyle_influencer,real_footage,organic_modern,kitchen,real_existing,en,0.0,https://www.instagram.com/reel/DW1yPF5CYgq/,https://www.instagram.com/christingracehome/,"VERIFIED (public embed page, rounded, 2026-09-25)","VERIFIED (public topic pages; sample, not full account history)"
ayushi.goyal.designs,1,254000.0,222.0,790000.0,790000.0,790000.0,3.1102362204724407,3.1102362204724407,0.632,0.3038548014198707,2025-05-09T12:42:58.191000+00:00,2025-05-09T12:42:58.191000+00:00,kitchen-design,designer_studio,real_footage,modern_luxury,kitchen,real_existing,en,0.0,https://www.instagram.com/reel/DJbufSbTiWh/,https://www.instagram.com/ayushi.goyal.designs/,"VERIFIED (public embed page, rounded, 2026-09-25)","VERIFIED (public topic pages; sample, not full account history)"
melllattes,1,9000.0,30.0,789000.0,789000.0,789000.0,87.66666666666667,87.66666666666667,0.789,1.8213486604541418,2026-08-21T14:36:23.072000+00:00,2026-08-21T14:36:23.072000+00:00,tulum,lifestyle_influencer,real_footage,other,none_person_only,real_existing,tr,0.0,https://www.instagram.com/reel/DcTkSVjolHx/,https://www.instagram.com/melllattes/,"VERIFIED (public embed page, rounded, 2026-09-25)","VERIFIED (public topic pages; sample, not full account history)"
anisa_alghurbani,1,115000.0,1874.0,789000.0,789000.0,789000.0,6.860869565217391,6.860869565217391,0.22869565217391305,0.14803533263339638,2025-08-08T20:39:49.199000+00:00,2025-08-08T20:39:49.199000+00:00,rainy-day,theme_page,real_footage,other,other,real_existing,en,0.0,https://www.instagram.com/reel/DNG5Zd7NPv9/,https://www.instagram.com/anisa_alghurbani/,"VERIFIED (public embed page, rounded, 2026-09-25)","VERIFIED (public topic pages; sample, not full account history)"
nemoza_interiors,2,96000.0,466.0,403900.0,785000.0,807800.0,4.207291666666667,8.177083333333334,0.9624516469710582,1.2348013481516333,2026-01-03T11:52:58.625000+00:00,2026-03-16T18:43:11.122000+00:00,biophilic-design;luxury-bathroom,designer_studio,ai_generated,biophilic,bathroom,aspirational_realistic,en,1.0,https://www.instagram.com/reel/DV9K7tciJ0p/,https://www.instagram.com/nemoza_interiors/,"VERIFIED (public embed page, rounded, 2026-09-25)","VERIFIED (public topic pages; sample, not full account history)"
veertamotiani,1,139000.0,1273.0,781000.0,781000.0,781000.0,5.618705035971223,5.618705035971223,1.2279874213836477,1.0107601536653505,2025-11-18T12:30:26.172000+00:00,2025-11-18T12:30:26.172000+00:00,home-library,lifestyle_influencer,real_footage,rustic_cozy,other,real_existing,en,0.0,https://www.instagram.com/reel/DRMqeXRiNQ5/,https://www.instagram.com/veertamotiani/,"VERIFIED (public embed page, rounded, 2026-09-25)","VERIFIED (public topic pages; sample, not full account history)"
backyardoasisdesign,1,215000.0,1198.0,781000.0,781000.0,781000.0,3.6325581395348836,3.6325581395348836,1.2877164056059356,0.9584425769974788,2024-07-18T12:55:56.768000+00:00,2024-07-18T12:55:56.768000+00:00,backyard-design,designer_studio,3d_render,modern_luxury,pool,aspirational_realistic,en,0.0,https://www.instagram.com/reel/C9kJeNDygJ9/,https://www.instagram.com/backyardoasisdesign/,"VERIFIED (public embed page, rounded, 2026-09-25)","VERIFIED (public topic pages; sample, not full account history)"
containerhomesdaily,1,1000000.0,6707.0,772000.0,772000.0,772000.0,0.772,0.772,1.5409181636726548,0.7570131416516308,2025-04-13T19:47:08.513000+00:00,2025-04-13T19:47:08.513000+00:00,container-house,theme_page,real_footage,industrial,exterior_facade,real_existing,en,0.0,https://www.instagram.com/reel/DIZiXRETmYH/,https://www.instagram.com/containerhomesdaily/,"VERIFIED (public embed page, rounded, 2026-09-25)","VERIFIED (public topic pages; sample, not full account history)"
life.vs.sarah,1,124000.0,799.0,764000.0,764000.0,764000.0,6.161290322580645,6.161290322580645,1.0,0.7482032503294014,2025-11-19T06:11:30.079000+00:00,2025-11-19T06:11:30.079000+00:00,outdoor-kitchen,lifestyle_influencer,real_footage,mediterranean,kitchen,real_existing,en,0.0,https://www.instagram.com/reel/DROj51jEvC7/,https://www.instagram.com/life.vs.sarah/,"VERIFIED (public embed page, rounded, 2026-09-25)","VERIFIED (public topic pages; sample, not full account history)"
creeksidehideawaytn,1,158000.0,701.0,754000.0,754000.0,754000.0,4.772151898734177,4.772151898734177,1.00132802124834,1.0932155332922715,2026-08-11T22:30:57.526000+00:00,2026-08-11T22:30:57.526000+00:00,cabins,other,real_footage,other,garden_landscape,real_existing,en,0.0,https://www.instagram.com/reel/Db6qpeOhAyp/,https://www.instagram.com/creeksidehideawaytn/,"VERIFIED (public embed page, rounded, 2026-09-25)","VERIFIED (public topic pages; sample, not full account history)"
harmosai,7,57000.0,3672.0,468000.0,752000.0,2558848.0,8.210526315789474,13.192982456140351,1.2413793103448276,1.9918846072120782,2025-07-15T22:02:44.368000+00:00,2025-10-13T08:31:00.909000+00:00,desert-modern-house-tours;futuristic-home;futuristic-house;futuristic-houses;los-angeles-house;luxury-modern-beautiful-house;modern-architecture;modern-villa;saudi-arabia-architecture;ultra-modern-luxury-house-design,ai_creator,ai_generated,modern_luxury,exterior_facade,aspirational_realistic,en,1.0,https://www.instagram.com/reel/DOlpM39kbd5/,https://www.instagram.com/harmosai/,"VERIFIED (public embed page, rounded, 2026-09-25)","VERIFIED (public topic pages; sample, not full account history)"
dunlaphollowcabins,2,410000.0,869.0,711500.0,752000.0,1423000.0,1.7353658536585366,1.8341463414634147,3.4948717036615444,1.6880057632390555,2023-06-09T21:30:16.835000+00:00,2026-07-20T19:46:39.278000+00:00,a-frame-cabin;a-frame-modern-cabins;cabins,other,real_footage,scandinavian,exterior_facade,real_existing,en,0.0,https://www.instagram.com/reel/DbBuW0qp8rE/,https://www.instagram.com/dunlaphollowcabins/,"VERIFIED (public embed page, rounded, 2026-09-25)","VERIFIED (public topic pages; sample, not full account history)"
vishnu_xo,4,406000.0,468.0,277500.0,752000.0,1489000.0,0.6834975369458127,1.8522167487684729,1.9191632928475033,0.9389520489974925,2025-08-20T15:10:00.537000+00:00,2026-07-27T18:06:02.922000+00:00,biophilic-bedroom-design;luxury-bedroom;luxury-bedroom-design;luxury-dining-room;luxury-room,designer_studio,3d_render,dark_luxury,bedroom,aspirational_realistic,en,0.0,https://www.instagram.com/reel/DNlNMXASgAS/,https://www.instagram.com/vishnu_xo/,"VERIFIED (public embed page, rounded, 2026-09-25)","VERIFIED (public topic pages; sample, not full account history)"
hoppergroup,1,9000.0,3106.0,749000.0,749000.0,749000.0,83.22222222222223,83.22222222222223,0.6693476318141197,2.1080995755393888,2026-08-28T14:17:20.597000+00:00,2026-08-28T14:17:20.597000+00:00,luxury-real-estate,real_estate,real_footage,modern_luxury,exterior_facade,real_existing,en,0.0,https://www.instagram.com/reel/Dcljq_-Cb62/,https://www.instagram.com/hoppergroup/,"VERIFIED (public embed page, rounded, 2026-09-25)","VERIFIED (public topic pages; sample, not full account history)"
foodieofmumbai7,1,37000.0,876.0,749000.0,749000.0,749000.0,20.243243243243242,20.243243243243242,20.43656207366985,14.473732625096215,2023-11-06T12:59:18.476000+00:00,2023-11-06T12:59:18.476000+00:00,santorini-villa,lifestyle_influencer,real_footage,mediterranean,pool,real_existing,en,0.0,https://www.instagram.com/reel/CzTjJs5tlI7/,https://www.instagram.com/foodieofmumbai7/,"VERIFIED (public embed page, rounded, 2026-09-25)","VERIFIED (public topic pages; sample, not full account history)"
arc_needs,1,765000.0,140.0,748000.0,748000.0,748000.0,0.9777777777777777,0.9777777777777777,1.206451612903226,1.4144819403430833,2024-09-14T13:26:55.659000+00:00,2024-09-14T13:26:55.659000+00:00,bathroom-design,theme_page,unclear,other,bathroom,aspirational_realistic,en,0.0,https://www.instagram.com/reel/C_5jH3pMVL1/,https://www.instagram.com/arc_needs/,"VERIFIED (public embed page, rounded, 2026-09-25)","VERIFIED (public topic pages; sample, not full account history)"
rb_derek,1,103000.0,294.0,745000.0,745000.0,745000.0,7.233009708737864,7.233009708737864,2.5254237288135593,0.5201411596222454,2025-10-25T11:29:56.592000+00:00,2025-10-25T11:29:56.592000+00:00,luxury-bathroom-design;luxury-bathroom-interior-design-inspiration,other,real_footage,modern_luxury,bathroom,real_existing,en,0.0,https://www.instagram.com/reel/DQOweTLkby6/,https://www.instagram.com/rb_derek/,"VERIFIED (public embed page, rounded, 2026-09-25)","VERIFIED (public topic pages; sample, not full account history)"
europexplores,1,1000000.0,27176.0,739000.0,739000.0,739000.0,0.739,0.739,4.425149700598802,3.320153646559349,2025-10-04T08:01:56.866000+00:00,2025-10-04T08:01:56.866000+00:00,arctic-treehouse-hotel-rovaniemi,theme_page,real_footage,other,exterior_facade,real_existing,en,0.0,https://www.instagram.com/reel/DPYT-hUifOG/,https://www.instagram.com/europexplores/,"VERIFIED (public embed page, rounded, 2026-09-25)","VERIFIED (public topic pages; sample, not full account history)"
alot.design,1,195000.0,255.0,739000.0,739000.0,739000.0,3.7897435897435896,3.7897435897435896,13.672525439407956,7.219841167992301,2026-01-28T00:24:08.812000+00:00,2026-01-28T00:24:08.812000+00:00,industrial-interior,ai_creator,ai_generated,industrial,other,stylized_dreamy,en,1.0,https://www.instagram.com/reel/DUCLy_Jjq3D/,https://www.instagram.com/alot.design/,"VERIFIED (public embed page, rounded, 2026-09-25)","VERIFIED (public topic pages; sample, not full account history)"
srmdesignhub,1,5000.0,34.0,738000.0,738000.0,738000.0,147.6,147.6,2.5894736842105264,4.123534245405002,2026-08-12T16:04:12.345000+00:00,2026-08-12T16:04:12.345000+00:00,architecture-design,designer_studio,unclear,other,other,aspirational_realistic,en,0.0,https://www.instagram.com/reel/Db8jLrwIqs1/,https://www.instagram.com/srmdesignhub/,"VERIFIED (public embed page, rounded, 2026-09-25)","VERIFIED (public topic pages; sample, not full account history)"
containerhouseplans,1,15000.0,1613.0,738000.0,738000.0,738000.0,49.2,49.2,3.3621867881548977,13.646989404701428,2026-01-04T14:30:44.507000+00:00,2026-01-04T14:30:44.507000+00:00,container-home-luxury-models-2026,designer_studio,ai_generated,industrial,exterior_facade,aspirational_realistic,en,1.0,https://www.instagram.com/reel/DTF5mohEWJQ/,https://www.instagram.com/containerhouseplans/,"VERIFIED (public embed page, rounded, 2026-09-25)","VERIFIED (public topic pages; sample, not full account history)"
cozy_cabin_diaries,1,25000.0,182.0,733000.0,733000.0,733000.0,29.32,29.32,4.301643192488263,2.697524614511903,2026-06-24T23:13:43.312000+00:00,2026-06-24T23:13:43.312000+00:00,ai-cozy-cabin;cozy-cabin;cozy-cabin-in-the-snow;cozy-winter-cabin,theme_page,ai_generated,rustic_cozy,exterior_facade,stylized_dreamy,en,1.0,https://www.instagram.com/reel/DZ_JYrbhmDc/,https://www.instagram.com/cozy_cabin_diaries/,"VERIFIED (public embed page, rounded, 2026-09-25)","VERIFIED (public topic pages; sample, not full account history)"
interiordesignerella,1,3000000.0,8078.0,732000.0,732000.0,732000.0,0.244,0.244,0.9207547169811321,0.35847277103890224,2025-01-07T02:13:46.607000+00:00,2025-01-07T02:13:46.607000+00:00,amazon-home-finds,lifestyle_influencer,real_footage,modern_luxury,kitchen,real_existing,en,0.0,https://www.instagram.com/reel/DEgdgMLPxi-/,https://www.instagram.com/interiordesignerella/,"VERIFIED (public embed page, rounded, 2026-09-25)","VERIFIED (public topic pages; sample, not full account history)"
visionaireco,1,97000.0,826.0,732000.0,732000.0,732000.0,7.546391752577319,7.546391752577319,0.6541554959785523,0.6776620311303309,2025-06-25T19:12:11.121000+00:00,2025-06-25T19:12:11.121000+00:00,luxury-real-estate,theme_page,real_footage,mediterranean,exterior_facade,real_existing,other,0.0,https://www.instagram.com/reel/DLVcZHMCxiJ/,https://www.instagram.com/visionaireco/,"VERIFIED (public embed page, rounded, 2026-09-25)","VERIFIED (public topic pages; sample, not full account history)"
digitaldesign.lab,4,164000.0,168.0,81150.0,731000.0,931400.0,0.49481707317073165,4.4573170731707314,1.6562822761631673,0.9983448375043651,2024-07-24T12:31:45.970000+00:00,2026-09-02T13:22:27.230000+00:00,desert-house;desert-house-interior-design-ideas;infinity-pools,ai_creator,ai_generated,traditional_regional,living_room,aspirational_realistic,en,1.0,https://www.instagram.com/reel/DSh015LgpsI/,https://www.instagram.com/digitaldesign.lab/,"VERIFIED (public embed page, rounded, 2026-09-25)","VERIFIED (public topic pages; sample, not full account history)"
areeshaa._.here,1,82000.0,159.0,729000.0,729000.0,729000.0,8.890243902439025,8.890243902439025,1.6290502793296089,0.6722851332135323,2026-04-10T14:00:27.139000+00:00,2026-04-10T14:00:27.139000+00:00,room-makeover,lifestyle_influencer,real_footage,glam_feminine,bedroom,real_existing,en,0.0,https://www.instagram.com/reel/DW9CcyVRRax/,https://www.instagram.com/areeshaa._.here/,"VERIFIED (public embed page, rounded, 2026-09-25)","VERIFIED (public topic pages; sample, not full account history)"
tinylivingdesignsi,2,298000.0,794.0,375650.0,726000.0,751300.0,1.2605704697986577,2.436241610738255,1.3632129904385097,1.5512805654536679,2026-01-19T18:56:47.228000+00:00,2026-02-23T21:30:26.919000+00:00,indoor-pool;luxury-pool,ai_creator,ai_generated,futuristic,pool,stylized_dreamy,en,1.0,https://www.instagram.com/reel/DTs_-VRkZb0/,https://www.instagram.com/tinylivingdesignsi/,"VERIFIED (public embed page, rounded, 2026-09-25)","VERIFIED (public topic pages; sample, not full account history)"
dresscodelab.co,1,144000.0,72.0,718000.0,718000.0,718000.0,4.986111111111111,4.986111111111111,1.2730496453900708,0.9589221784804263,2026-07-15T09:19:21.507000+00:00,2026-07-15T09:19:21.507000+00:00,quiet-luxury,lifestyle_influencer,real_footage,minimalist,closet,real_existing,en,0.0,https://www.instagram.com/reel/Dazul_lMLBd/,https://www.instagram.com/dresscodelab.co/,"VERIFIED (public embed page, rounded, 2026-09-25)","VERIFIED (public topic pages; sample, not full account history)"
lenas_cottage_home_garden,1,250000.0,265.0,717000.0,717000.0,717000.0,2.868,2.868,2.3781094527363185,1.136881753330928,2025-06-13T16:34:42.620000+00:00,2025-06-13T16:34:42.620000+00:00,cottagecore-living-room-design,lifestyle_influencer,real_footage,rustic_cozy,living_room,real_existing,other,0.0,https://www.instagram.com/reel/DK2Q1OxtSuw/,https://www.instagram.com/lenas_cottage_home_garden/,"VERIFIED (public embed page, rounded, 2026-09-25)","VERIFIED (public topic pages; sample, not full account history)"
diachok.architects,2,156000.0,596.0,414000.0,714000.0,828000.0,2.6538461538461537,4.576923076923077,1.2700742240215925,1.2217033837677025,2025-10-28T13:35:07.279000+00:00,2026-04-03T13:00:26.983000+00:00,luxury-bathroom;organic-modern-kitchen-designs;quiet-luxury-bathroom,designer_studio,3d_render,organic_modern,bathroom,aspirational_realistic,en,0.0,https://www.instagram.com/reel/DQWtLwbDNR9/,https://www.instagram.com/diachok.architects/,"VERIFIED (public embed page, rounded, 2026-09-25)","VERIFIED (public topic pages; sample, not full account history)"
wowbespoke,1,94000.0,409.0,714000.0,714000.0,714000.0,7.595744680851064,7.595744680851064,1.75,1.9648467962224128,2025-07-01T13:25:56.977000+00:00,2025-07-01T13:25:56.977000+00:00,hotel-bathroom-designs,brand_manufacturer,real_footage,modern_luxury,bathroom,real_existing,en,0.0,https://www.instagram.com/reel/DLkRidMCMcp/,https://www.instagram.com/wowbespoke/,"VERIFIED (public embed page, rounded, 2026-09-25)","VERIFIED (public topic pages; sample, not full account history)"
renovaistudio,2,11000.0,248.0,506000.0,713000.0,1012000.0,46.0,64.81818181818181,1.1227093114892388,3.4812456226990474,2026-02-09T18:12:07.455000+00:00,2026-06-25T18:22:24.908000+00:00,landscape-design;landscape-design-ai,ai_creator,ai_generated,rustic_cozy,garden_landscape,aspirational_realistic,en,1.0,https://www.instagram.com/reel/DUi_jljEn0H/,https://www.instagram.com/renovaistudio/,"VERIFIED (public embed page, rounded, 2026-09-25)","VERIFIED (public topic pages; sample, not full account history)"
2pdesigners,5,134000.0,1649.0,258000.0,711000.0,1465700.0,1.9253731343283582,5.3059701492537314,0.2384,0.3441676818510444,2025-04-10T21:51:27.239000+00:00,2026-03-27T14:05:34.165000+00:00,dubai-luxury-interior-design-trends;kitchen-design;luxury-dining-room;luxury-interior;luxury-living-room;modern-luxury-house-interiors,designer_studio,3d_render,modern_luxury,stairs_hall,aspirational_realistic,en,0.0,https://www.instagram.com/reel/DISCNIXO4nK/,https://www.instagram.com/2pdesigners/,"VERIFIED (public embed page, rounded, 2026-09-25)","VERIFIED (public topic pages; sample, not full account history)"
theamethyyst,1,9000.0,91.0,710000.0,710000.0,710000.0,78.88888888888889,78.88888888888889,0.7501320655044902,2.7525484102695206,2023-08-13T07:36:46.392000+00:00,2023-08-13T07:36:46.392000+00:00,dream-life,theme_page,real_footage,minimalist,office,real_existing,en,0.0,https://www.instagram.com/reel/Cv4GrAvpVuZ/,https://www.instagram.com/theamethyyst/,"VERIFIED (public embed page, rounded, 2026-09-25)","VERIFIED (public topic pages; sample, not full account history)"
mojisstyle,2,778000.0,1146.0,636500.0,707000.0,1273000.0,0.8181233933161953,0.9087403598971723,0.9606443113772456,0.8712635226613177,2026-03-13T20:11:05.609000+00:00,2026-04-08T18:55:17.893000+00:00,bedroom-decor;interior-styling,lifestyle_influencer,real_footage,glam_feminine,bathroom,real_existing,en,0.0,https://www.instagram.com/reel/DW4amjWEU4B/,https://www.instagram.com/mojisstyle/,"VERIFIED (public embed page, rounded, 2026-09-25)","VERIFIED (public topic pages; sample, not full account history)"
houseofchais,1,587000.0,575.0,706000.0,706000.0,706000.0,1.202725724020443,1.202725724020443,1.4007936507936507,0.7763891022798961,2026-04-19T13:19:57.799000+00:00,2026-04-19T13:19:57.799000+00:00,interior-design-ideas,designer_studio,real_footage,organic_modern,living_room,real_existing,en,0.0,https://www.instagram.com/reel/DXUI-HHT0H4/,https://www.instagram.com/houseofchais/,"VERIFIED (public embed page, rounded, 2026-09-25)","VERIFIED (public topic pages; sample, not full account history)"
vacations,4,7000000.0,1605.0,669500.0,706000.0,2492000.0,0.09564285714285714,0.10085714285714285,2.720688980230965,1.4135070116877086,2020-09-02T02:55:28.073000+00:00,2024-06-20T02:48:03.478000+00:00,ibiza-luxury-villas-sea-view;overwater-villa;underwater-hotel,theme_page,real_footage,modern_luxury,bedroom,real_existing,en,0.0,https://www.instagram.com/reel/Csh-iRppSDG/,https://www.instagram.com/vacations/,"VERIFIED (public embed page, rounded, 2026-09-25)","VERIFIED (public topic pages; sample, not full account history)"
nicholepaclibar,1,220000.0,1314.0,701000.0,701000.0,701000.0,3.1863636363636365,3.1863636363636365,1.0293685756240822,0.7413041294051176,2026-04-11T15:38:49.139000+00:00,2026-04-11T15:38:49.139000+00:00,kitchen-inspiration,lifestyle_influencer,real_footage,other,kitchen,real_existing,en,0.0,https://www.instagram.com/reel/DW_ygHtGfAi/,https://www.instagram.com/nicholepaclibar/,"VERIFIED (public embed page, rounded, 2026-09-25)","VERIFIED (public topic pages; sample, not full account history)"
sq_interiors_ae,1,9000.0,294.0,696000.0,696000.0,696000.0,77.33333333333333,77.33333333333333,1.0220264317180616,3.281939087053135,2026-04-10T15:01:47.861000+00:00,2026-04-10T15:01:47.861000+00:00,kitchen-inspiration,designer_studio,ai_generated,modern_luxury,kitchen,aspirational_realistic,en,1.0,https://www.instagram.com/reel/DW9JeF-DHES/,https://www.instagram.com/sq_interiors_ae/,"VERIFIED (public embed page, rounded, 2026-09-25)","VERIFIED (public topic pages; sample, not full account history)"
ohneis652,1,423000.0,392.0,693000.0,693000.0,693000.0,1.6382978723404256,1.6382978723404256,3.9152542372881354,0.8381167696602771,2025-04-29T15:47:46.239000+00:00,2025-04-29T15:47:46.239000+00:00,ai-architecture;ai-generated-architecture-designs,ai_creator,ai_generated,brutalist,exterior_facade,aspirational_realistic,en,1.0,https://www.instagram.com/reel/DJCTsDzPJQ_/,https://www.instagram.com/ohneis652/,"VERIFIED (public embed page, rounded, 2026-09-25)","VERIFIED (public topic pages; sample, not full account history)"
imadqacami09,1,31000.0,333.0,683000.0,683000.0,683000.0,22.032258064516128,22.032258064516128,0.1845945945945946,0.8423081291473861,2025-10-09T15:32:30.508000+00:00,2025-10-09T15:32:30.508000+00:00,dubai-luxury,theme_page,real_footage,modern_luxury,pool,real_existing,fr,0.0,https://www.instagram.com/reel/DPl_g5pjccv/,https://www.instagram.com/imadqacami09/,"VERIFIED (public embed page, rounded, 2026-09-25)","VERIFIED (public topic pages; sample, not full account history)"
ms.josefine,1,13000.0,926.0,683000.0,683000.0,683000.0,52.53846153846154,52.53846153846154,2.3964912280701753,2.4409203063442004,2026-08-31T16:10:50.320000+00:00,2026-08-31T16:10:50.320000+00:00,architecture-design,lifestyle_influencer,real_footage,minimalist,kitchen,real_existing,en,0.0,https://www.instagram.com/reel/DctfC47uMsN/,https://www.instagram.com/ms.josefine/,"VERIFIED (public embed page, rounded, 2026-09-25)","VERIFIED (public topic pages; sample, not full account history)"
the.tnk.loft,2,237000.0,152.0,493000.0,680000.0,986000.0,2.080168776371308,2.869198312236287,5.010358354609165,3.4842663473615128,2026-02-14T13:39:24.926000+00:00,2026-08-16T13:01:00.382000+00:00,biophilic-bedroom-design;biophilic-design,lifestyle_influencer,real_footage,biophilic,living_room,real_existing,en,0.0,https://www.instagram.com/reel/DUvYUlSkWwu/,https://www.instagram.com/the.tnk.loft/,"VERIFIED (public embed page, rounded, 2026-09-25)","VERIFIED (public topic pages; sample, not full account history)"
jameseditioncom,2,167000.0,6415.0,343691.5,679000.0,687383.0,2.0580329341317367,4.065868263473054,2.2611282894736844,2.9911220893358226,2022-12-14T20:04:16.114000+00:00,2025-07-31T15:42:28.501000+00:00,jamesedition-luxury-homes,real_estate,real_footage,industrial,other,real_existing,en,0.0,https://www.instagram.com/reel/CmKT2FMvofs/,https://www.instagram.com/jameseditioncom/,"VERIFIED (public embed page, rounded, 2026-09-25)","VERIFIED (public topic pages; sample, not full account history)"
kika.baut,2,21000.0,166.0,610000.0,678000.0,1220000.0,29.047619047619047,32.285714285714285,1.4251805985552117,5.090543868294477,2026-05-28T23:35:42.426000+00:00,2026-06-02T22:36:38.240000+00:00,hotel-bathroom-designs;quiet-luxury-bathroom,lifestyle_influencer,real_footage,minimalist,bathroom,real_existing,en,0.0,https://www.instagram.com/reel/DY5qcFAsYHl/,https://www.instagram.com/kika.baut/,"VERIFIED (public embed page, rounded, 2026-09-25)","VERIFIED (public topic pages; sample, not full account history)"
the.princess.mini,1,91000.0,1653.0,674000.0,674000.0,674000.0,7.406593406593407,7.406593406593407,1.9593023255813953,2.387698916691631,2025-04-21T16:19:01.201000+00:00,2025-04-21T16:19:01.201000+00:00,luxury-closet,lifestyle_influencer,real_footage,glam_feminine,closet,real_existing,en,0.0,https://www.instagram.com/reel/DItw578RlXA/,https://www.instagram.com/the.princess.mini/,"VERIFIED (public embed page, rounded, 2026-09-25)","VERIFIED (public topic pages; sample, not full account history)"
thelifestyledco,1,268000.0,3082.0,672000.0,672000.0,672000.0,2.5074626865671643,2.5074626865671643,1.5867768595041323,1.7980594943523975,2025-02-27T18:56:13.699000+00:00,2025-02-27T18:56:13.699000+00:00,dream-kitchen,designer_studio,real_footage,organic_modern,kitchen,real_existing,en,0.0,https://www.instagram.com/reel/DGlkw_VSJSy/,https://www.instagram.com/thelifestyledco/,"VERIFIED (public embed page, rounded, 2026-09-25)","VERIFIED (public topic pages; sample, not full account history)"
its.aswathy_sethu,1,7000.0,133.0,672000.0,672000.0,672000.0,96.0,96.0,1.5016759776536313,1.9589651765154117,2026-06-18T05:58:58.861000+00:00,2026-06-18T05:58:58.861000+00:00,room-makeover,lifestyle_influencer,ai_generated,rustic_cozy,bedroom,aspirational_realistic,en,1.0,https://www.instagram.com/reel/DZt2MwqRjBH/,https://www.instagram.com/its.aswathy_sethu/,"VERIFIED (public embed page, rounded, 2026-09-25)","VERIFIED (public topic pages; sample, not full account history)"
mindset.therapy,1,11000000.0,13250.0,669000.0,669000.0,669000.0,0.06081818181818182,0.06081818181818182,0.7068145800316957,0.09333888150807025,2026-01-31T15:41:05.490000+00:00,2026-01-31T15:41:05.490000+00:00,dream-life,theme_page,unclear,other,other,stylized_dreamy,en,0.0,https://www.instagram.com/reel/DULjHg8jt-d/,https://www.instagram.com/mindset.therapy/,"VERIFIED (public embed page, rounded, 2026-09-25)","VERIFIED (public topic pages; sample, not full account history)"
featheringournest,1,72000.0,847.0,666000.0,666000.0,666000.0,9.25,9.25,0.9779735682819384,1.1874796286492548,2023-07-30T16:59:24.174000+00:00,2023-07-30T16:59:24.174000+00:00,kitchen-inspiration,lifestyle_influencer,real_footage,traditional_regional,kitchen,real_existing,en,0.0,https://www.instagram.com/reel/CvVD7laqmRf/,https://www.instagram.com/featheringournest/,"VERIFIED (public embed page, rounded, 2026-09-25)","VERIFIED (public topic pages; sample, not full account history)"
aakash.darji,1,124000.0,530.0,662000.0,662000.0,662000.0,5.338709677419355,5.338709677419355,3.975975975975976,2.311638972736992,2023-12-01T06:30:52.915000+00:00,2023-12-01T06:30:52.915000+00:00,villa-with-pool,lifestyle_influencer,real_footage,minimalist,pool,real_existing,en,0.0,https://www.instagram.com/reel/C0TOkqNI7iV/,https://www.instagram.com/aakash.darji/,"VERIFIED (public embed page, rounded, 2026-09-25)","VERIFIED (public topic pages; sample, not full account history)"
terezija.simunovic,1,275000.0,1280.0,660000.0,660000.0,660000.0,2.4,2.4,0.6285714285714286,0.5265072809792701,2026-09-11T13:08:11.769000+00:00,2026-09-11T13:08:11.769000+00:00,chalet,lifestyle_influencer,real_footage,rustic_cozy,bedroom,real_existing,en,0.0,https://www.instagram.com/reel/DdJe4zQMGMY/,https://www.instagram.com/terezija.simunovic/,"VERIFIED (public embed page, rounded, 2026-09-25)","VERIFIED (public topic pages; sample, not full account history)"
vywherenext,1,54000.0,667.0,657000.0,657000.0,657000.0,12.166666666666666,12.166666666666666,1.4535398230088497,0.9295036769393907,2025-05-26T19:06:37.559000+00:00,2025-05-26T19:06:37.559000+00:00,bali-luxury-villas-with-private-pools,lifestyle_influencer,real_footage,organic_modern,pool,real_existing,en,0.0,https://www.instagram.com/reel/DKIL6JPNlOg/,https://www.instagram.com/vywherenext/,"VERIFIED (public embed page, rounded, 2026-09-25)","VERIFIED (public topic pages; sample, not full account history)"
my.bell.house,1,,,654000.0,654000.0,654000.0,,,1.0548387096774194,,2026-03-25T19:03:14.432000+00:00,2026-03-25T19:03:14.432000+00:00,bathroom-design,,,,,,,,https://www.instagram.com/reel/DWUYYeTkcY7/,https://www.instagram.com/my.bell.house/,UNKNOWN,"VERIFIED (public topic pages; sample, not full account history)"
cap_sulecastlehouse,1,7000.0,294.0,653000.0,653000.0,653000.0,93.28571428571429,93.28571428571429,6.174940898345153,12.010716018758991,2026-08-04T06:38:14.505000+00:00,2026-08-04T06:38:14.505000+00:00,capsule-castle-luxury-space-capsule-houses,brand_manufacturer,real_footage,futuristic,exterior_facade,real_existing,en,0.0,https://www.instagram.com/reel/Dbm8DcISBD9/,https://www.instagram.com/cap_sulecastlehouse/,"VERIFIED (public embed page, rounded, 2026-09-25)","VERIFIED (public topic pages; sample, not full account history)"
myyab_designs,1,204000.0,1476.0,651000.0,651000.0,651000.0,3.1911764705882355,3.1911764705882355,0.5208,0.8878542097261939,2026-02-25T02:12:37.389000+00:00,2026-02-25T02:12:37.389000+00:00,bedroom-decor,designer_studio,real_footage,modern_luxury,bedroom,real_existing,en,0.0,https://www.instagram.com/reel/DVKed_aEX_I/,https://www.instagram.com/myyab_designs/,"VERIFIED (public embed page, rounded, 2026-09-25)","VERIFIED (public topic pages; sample, not full account history)"
smyrna__home,1,616000.0,438.0,647000.0,647000.0,647000.0,1.0503246753246753,1.0503246753246753,2.8755555555555556,0.44898005870079405,2025-07-27T17:40:53.588000+00:00,2025-07-27T17:40:53.588000+00:00,living-room-design;luxury-living-room;modern-living-room,lifestyle_influencer,real_footage,minimalist,living_room,real_existing,de,0.0,https://www.instagram.com/reel/DMnrYd9sjZU/,https://www.instagram.com/smyrna__home/,"VERIFIED (public embed page, rounded, 2026-09-25)","VERIFIED (public topic pages; sample, not full account history)"
behind.thewoods,1,46000.0,1195.0,646000.0,646000.0,646000.0,14.043478260869565,14.043478260869565,3.279187817258883,5.517992086341264,2026-01-28T06:15:41.728000+00:00,2026-01-28T06:15:41.728000+00:00,house-tour,lifestyle_influencer,real_footage,scandinavian,exterior_facade,real_existing,other,0.0,https://www.instagram.com/reel/DUC0BzjjouW/,https://www.instagram.com/behind.thewoods/,"VERIFIED (public embed page, rounded, 2026-09-25)","VERIFIED (public topic pages; sample, not full account history)"
styledby.rhonda,1,153000.0,821.0,645000.0,645000.0,645000.0,4.215686274509804,4.215686274509804,0.4607142857142857,0.2922458708092519,2026-04-16T21:07:06.500000+00:00,2026-04-16T21:07:06.500000+00:00,home-decor-ideas,lifestyle_influencer,real_footage,rustic_cozy,other,real_existing,en,0.0,https://www.instagram.com/reel/DXNQC9VjhDV/,https://www.instagram.com/styledby.rhonda/,"VERIFIED (public embed page, rounded, 2026-09-25)","VERIFIED (public topic pages; sample, not full account history)"
kaiboet,2,368000.0,72.0,413000.0,642000.0,826000.0,1.1222826086956523,1.7445652173913044,2.692620821063572,0.9455378419797136,2026-05-07T16:54:07.146000+00:00,2026-06-10T21:24:36.852000+00:00,mid-century-modern-living-room-ideas;minimalist-art-deco-interior-design,lifestyle_influencer,real_footage,mid_century,living_room,real_existing,en,0.0,https://www.instagram.com/reel/DZa5xTNshRn/,https://www.instagram.com/kaiboet/,"VERIFIED (public embed page, rounded, 2026-09-25)","VERIFIED (public topic pages; sample, not full account history)"
happy_petit_family,1,157000.0,447.0,641000.0,641000.0,641000.0,4.082802547770701,4.082802547770701,8.598256203890006,3.139754338581626,2026-01-11T16:30:41.601000+00:00,2026-01-11T16:30:41.601000+00:00,scandinavian-interior-design-styles,lifestyle_influencer,real_footage,scandinavian,dining,real_existing,en,0.0,https://www.instagram.com/reel/DTYI5T0DEG-/,https://www.instagram.com/happy_petit_family/,"VERIFIED (public embed page, rounded, 2026-09-25)","VERIFIED (public topic pages; sample, not full account history)"
sigaarchitect,1,359000.0,1028.0,640000.0,640000.0,640000.0,1.7827298050139275,1.7827298050139275,3.1143552311435525,1.07061800888315,2026-09-23T00:11:34.643000+00:00,2026-09-23T00:11:34.643000+00:00,architecture-photography,designer_studio,3d_render,neoclassical,exterior_facade,aspirational_realistic,en,0.0,https://www.instagram.com/reel/Ddm_jLNTINF/,https://www.instagram.com/sigaarchitect/,"VERIFIED (public embed page, rounded, 2026-09-25)","VERIFIED (public topic pages; sample, not full account history)"
friluftsbjerke,1,55000.0,893.0,639000.0,639000.0,639000.0,11.618181818181819,11.618181818181819,1.2045240339302545,1.1847836232358073,2026-05-04T19:25:48.764000+00:00,2026-05-04T19:25:48.764000+00:00,cabin,lifestyle_influencer,real_footage,scandinavian,bedroom,real_existing,en,0.0,https://www.instagram.com/reel/DX7awzBuMK3/,https://www.instagram.com/friluftsbjerke/,"VERIFIED (public embed page, rounded, 2026-09-25)","VERIFIED (public topic pages; sample, not full account history)"
_vlasov_roman_,4,553000.0,1011.0,270500.0,638000.0,1232000.0,0.48915009041591323,1.1537070524412296,0.7813639679066375,0.4340312734656902,2025-02-12T13:21:12.136000+00:00,2026-02-11T13:18:01.403000+00:00,hotel-design;modern-architecture;modern-house;modern-villa,designer_studio,3d_render,modern_luxury,exterior_facade,aspirational_realistic,en,0.0,https://www.instagram.com/reel/DF-WgD3onqJ/,https://www.instagram.com/_vlasov_roman_/,"VERIFIED (public embed page, rounded, 2026-09-25)","VERIFIED (public topic pages; sample, not full account history)"
mednikovadesign,1,20000.0,21.0,636000.0,636000.0,636000.0,31.8,31.8,2.0818330605564648,2.721780646543511,2026-05-21T15:46:23.240000+00:00,2026-05-21T15:46:23.240000+00:00,art-deco-interior-design,designer_studio,ai_generated,art_deco,living_room,aspirational_realistic,en,1.0,https://www.instagram.com/reel/DYmzKjXta1v/,https://www.instagram.com/mednikovadesign/,"VERIFIED (public embed page, rounded, 2026-09-25)","VERIFIED (public topic pages; sample, not full account history)"
aveotasarim,1,44000.0,47.0,634000.0,634000.0,634000.0,14.409090909090908,14.409090909090908,1.6091370558375635,1.864082158977422,2026-03-15T15:00:20.141000+00:00,2026-03-15T15:00:20.141000+00:00,living-room-decor;living-room-design;luxury-living-room-design,designer_studio,ai_generated,warm_luxury,living_room,aspirational_realistic,en,1.0,https://www.instagram.com/reel/DV6MooqDA88/,https://www.instagram.com/aveotasarim/,"VERIFIED (public embed page, rounded, 2026-09-25)","VERIFIED (public topic pages; sample, not full account history)"
eisukekiuchi.jp,1,24000.0,150.0,633000.0,633000.0,633000.0,26.375,26.375,6.264225630875804,4.965498929448994,2025-12-05T11:18:09.669000+00:00,2025-12-05T11:18:09.669000+00:00,tokyo-apartment,real_estate,real_footage,modern_luxury,exterior_facade,real_existing,en,0.0,https://www.instagram.com/reel/DR4Tt4WEcVF/,https://www.instagram.com/eisukekiuchi.jp/,"VERIFIED (public embed page, rounded, 2026-09-25)","VERIFIED (public topic pages; sample, not full account history)"
dutch_belgium_gardens,2,213000.0,344.0,396500.0,631000.0,793000.0,1.8615023474178403,2.9624413145539905,0.3647654093836246,0.32244605405415705,2025-09-11T11:22:20.942000+00:00,2026-06-05T00:14:38.011000+00:00,luxury-garden,theme_page,unclear,organic_modern,garden_landscape,aspirational_realistic,en,0.0,https://www.instagram.com/reel/DZLwdTxCFJk/,https://www.instagram.com/dutch_belgium_gardens/,"VERIFIED (public embed page, rounded, 2026-09-25)","VERIFIED (public topic pages; sample, not full account history)"
deborahandradeee,1,87000.0,2015.0,631000.0,631000.0,631000.0,7.252873563218391,7.252873563218391,0.48538461538461536,0.45782738600068235,2026-08-26T14:01:53.139000+00:00,2026-08-26T14:01:53.139000+00:00,mykonos,lifestyle_influencer,real_footage,mediterranean,exterior_facade,real_existing,pt,0.0,https://www.instagram.com/reel/DcgYUCNP-4z/,https://www.instagram.com/deborahandradeee/,"VERIFIED (public embed page, rounded, 2026-09-25)","VERIFIED (public topic pages; sample, not full account history)"
pinkoro_house,1,115000.0,311.0,626000.0,626000.0,626000.0,5.443478260869565,5.443478260869565,1.0,1.174376262808353,2025-06-01T08:18:08.562000+00:00,2025-06-01T08:18:08.562000+00:00,living-room-decor,lifestyle_influencer,real_footage,japandi,living_room,real_existing,en,0.0,https://www.instagram.com/reel/DKWedwshlzc/,https://www.instagram.com/pinkoro_house/,"VERIFIED (public embed page, rounded, 2026-09-25)","VERIFIED (public topic pages; sample, not full account history)"
herjoliejourney,2,88000.0,1238.0,342850.0,623000.0,685700.0,3.8960227272727272,7.079545454545454,0.5650474824075972,1.0840153143674371,2026-03-11T18:34:38.849000+00:00,2026-04-29T16:42:29.506000+00:00,faroe-islands-luxury-villas;unique-airbnb,lifestyle_influencer,real_footage,other,exterior_facade,real_existing,en,0.0,https://www.instagram.com/reel/DVwR-zUD9QW/,https://www.instagram.com/herjoliejourney/,"VERIFIED (public embed page, rounded, 2026-09-25)","VERIFIED (public topic pages; sample, not full account history)"
selaproperty,1,23000.0,790.0,623000.0,623000.0,623000.0,27.08695652173913,27.08695652173913,2.213143872113677,3.313938347053601,2026-04-13T11:28:47.215000+00:00,2026-04-13T11:28:47.215000+00:00,luxury-villa,real_estate,real_footage,modern_luxury,exterior_facade,real_existing,en,0.0,https://www.instagram.com/reel/DXEfelLCRt0/,https://www.instagram.com/selaproperty/,"VERIFIED (public embed page, rounded, 2026-09-25)","VERIFIED (public topic pages; sample, not full account history)"
crystalkitchenandbedroom,1,573000.0,1593.0,623000.0,623000.0,623000.0,1.087260034904014,1.087260034904014,1.04093567251462,1.1951319551386907,2024-10-11T20:53:37.979000+00:00,2024-10-11T20:53:37.979000+00:00,modern-kitchen,brand_manufacturer,real_footage,modern_luxury,kitchen,real_existing,,0.0,https://www.instagram.com/reel/DA_3tQxCi_y/,https://www.instagram.com/crystalkitchenandbedroom/,"VERIFIED (public embed page, rounded, 2026-09-25)","VERIFIED (public topic pages; sample, not full account history)"
katyaresin,1,165000.0,53.0,616000.0,616000.0,616000.0,3.7333333333333334,3.7333333333333334,1.475449101796407,2.757932167233452,2026-04-17T20:31:35.652000+00:00,2026-04-17T20:31:35.652000+00:00,interior-styling,ai_creator,ai_generated,rustic_cozy,other,aspirational_realistic,en,1.0,https://www.instagram.com/reel/DXPwxuFjdrG/,https://www.instagram.com/katyaresin/,"VERIFIED (public embed page, rounded, 2026-09-25)","VERIFIED (public topic pages; sample, not full account history)"
spacesbylaura,3,43000.0,43.0,481000.0,615000.0,1459000.0,11.186046511627907,14.30232558139535,1.2301790281329923,1.5019884637126313,2026-06-15T20:36:27.582000+00:00,2026-06-27T18:40:31.003000+00:00,mid-century-modern;modern-mediterranean-houses,theme_page,ai_generated,mid_century,living_room,aspirational_realistic,en,1.0,https://www.instagram.com/reel/DZnsO-yuheC/,https://www.instagram.com/spacesbylaura/,"VERIFIED (public embed page, rounded, 2026-09-25)","VERIFIED (public topic pages; sample, not full account history)"
ai_furniture_design,1,3000.0,40.0,614000.0,614000.0,614000.0,204.66666666666666,204.66666666666666,2.9238095238095236,7.35887232873482,2026-09-02T07:32:10.276000+00:00,2026-09-02T07:32:10.276000+00:00,luxury-room,ai_creator,ai_generated,modern_luxury,bedroom,aspirational_realistic,en,1.0,https://www.instagram.com/reel/DcxtRzlz6Ig/,https://www.instagram.com/ai_furniture_design/,"VERIFIED (public embed page, rounded, 2026-09-25)","VERIFIED (public topic pages; sample, not full account history)"
skymountainhouse,1,52000.0,587.0,612000.0,612000.0,612000.0,11.76923076923077,11.76923076923077,1.1536286522148915,1.1648830199307452,2026-04-10T17:18:29.163000+00:00,2026-04-10T17:18:29.163000+00:00,cabin,real_estate,real_footage,rustic_cozy,terrace_outdoor,real_existing,en,0.0,https://www.instagram.com/reel/DW9ZHOpD1Qx/,https://www.instagram.com/skymountainhouse/,"VERIFIED (public embed page, rounded, 2026-09-25)","VERIFIED (public topic pages; sample, not full account history)"
meghanorourkee,1,649000.0,2074.0,611000.0,611000.0,611000.0,0.9414483821263482,0.9414483821263482,1.1517436380772856,0.357163542682994,2026-03-26T04:36:10.284000+00:00,2026-03-26T04:36:10.284000+00:00,cabin,lifestyle_influencer,real_footage,minimalist,bedroom,real_existing,en,0.0,https://www.instagram.com/reel/DWVZ8vpiIJE/,https://www.instagram.com/meghanorourkee/,"VERIFIED (public embed page, rounded, 2026-09-25)","VERIFIED (public topic pages; sample, not full account history)"
asharch_design,1,114000.0,164.0,608000.0,608000.0,608000.0,5.333333333333333,5.333333333333333,2.1001727115716755,2.7080748776023733,2025-10-23T14:10:06.085000+00:00,2025-10-23T14:10:06.085000+00:00,futuristic-interior,designer_studio,3d_render,dark_luxury,living_room,aspirational_realistic,en,0.0,https://www.instagram.com/reel/DQJ5NlWCAFh/,https://www.instagram.com/asharch_design/,"VERIFIED (public embed page, rounded, 2026-09-25)","VERIFIED (public topic pages; sample, not full account history)"
followourcompass,1,,,607000.0,607000.0,607000.0,,,0.9869918699186991,,2026-05-09T13:10:00.988000+00:00,2026-05-09T13:10:00.988000+00:00,unique-airbnb,,,,,,,,https://www.instagram.com/reel/DYHnuwhxF75/,https://www.instagram.com/followourcompass/,UNKNOWN,"VERIFIED (public topic pages; sample, not full account history)"
housesafari,1,63000.0,450.0,606000.0,606000.0,606000.0,9.619047619047619,9.619047619047619,1.5498721227621484,1.582766467783379,2025-12-06T07:29:03.841000+00:00,2025-12-06T07:29:03.841000+00:00,mid-century-modern,theme_page,real_footage,mid_century,dining,real_existing,en,0.0,https://www.instagram.com/reel/DR6eSzEDV_m/,https://www.instagram.com/housesafari/,"VERIFIED (public embed page, rounded, 2026-09-25)","VERIFIED (public topic pages; sample, not full account history)"
insmultiverse,4,79000.0,453.0,322000.0,604000.0,1261000.0,4.075949367088608,7.6455696202531644,4.564882085629299,2.8552574663297308,2025-02-21T06:14:03.818000+00:00,2025-07-18T07:25:30.555000+00:00,ai-house;dream-bedroom;dream-bedrooms;dream-room;future-house;future-houses-2050,ai_creator,ai_generated,futuristic,exterior_facade,stylized_dreamy,en,1.0,https://www.instagram.com/reel/DMPZzYxNF_b/,https://www.instagram.com/insmultiverse/,"VERIFIED (public embed page, rounded, 2026-09-25)","VERIFIED (public topic pages; sample, not full account history)"
nestseekersdubai,4,189000.0,557.0,142150.0,604000.0,930300.0,0.7521164021164021,3.195767195767196,0.7286078203374033,0.2609915468870254,2024-09-28T17:09:29.662000+00:00,2026-02-20T10:34:12.929000+00:00,dubai-luxury-penthouse;dubai-villa;luxury-apartment;luxury-villa,real_estate,real_footage,modern_luxury,exterior_facade,real_existing,en,0.0,https://www.instagram.com/reel/DU-f5Y0CbHa/,https://www.instagram.com/nestseekersdubai/,"VERIFIED (public embed page, rounded, 2026-09-25)","VERIFIED (public topic pages; sample, not full account history)"
theras.space,1,21000.0,171.0,599000.0,599000.0,599000.0,28.523809523809526,28.523809523809526,1.071556350626118,1.6299261623254528,2026-08-02T13:00:56.252000+00:00,2026-08-02T13:00:56.252000+00:00,cozy-room,lifestyle_influencer,real_footage,scandinavian,bedroom,real_existing,en,0.0,https://www.instagram.com/reel/DbieQoxzOak/,https://www.instagram.com/theras.space/,"VERIFIED (public embed page, rounded, 2026-09-25)","VERIFIED (public topic pages; sample, not full account history)"
barnesrealty,2,391000.0,2120.0,399500.0,595000.0,799000.0,1.0217391304347827,1.5217391304347827,2.0578031170814675,1.330371044484322,2025-07-31T12:31:16.268000+00:00,2025-12-14T17:27:50.410000+00:00,dubai-luxury-penthouse;ibiza-villa,real_estate,real_footage,mediterranean,exterior_facade,real_existing,en,0.0,https://www.instagram.com/reel/DSQJLXYikmU/,https://www.instagram.com/barnesrealty/,"VERIFIED (public embed page, rounded, 2026-09-25)","VERIFIED (public topic pages; sample, not full account history)"
shehaofurniture,1,156000.0,917.0,594000.0,594000.0,594000.0,3.8076923076923075,3.8076923076923075,0.8164948453608247,1.0779822217107415,2026-07-06T10:27:44.816000+00:00,2026-07-06T10:27:44.816000+00:00,furniture-design,brand_manufacturer,real_footage,modern_luxury,other,real_existing,en,0.0,https://www.instagram.com/reel/DacrRArxSn1/,https://www.instagram.com/shehaofurniture/,"VERIFIED (public embed page, rounded, 2026-09-25)","VERIFIED (public topic pages; sample, not full account history)"
abcdjoinery,1,33000.0,170.0,594000.0,594000.0,594000.0,18.0,18.0,5.076923076923077,2.729666950843433,2026-06-10T23:02:50.992000+00:00,2026-06-10T23:02:50.992000+00:00,dream-kitchens;luxury-kitchen;organic-modern-kitchen-designs,contractor_trade,unclear,organic_modern,kitchen,aspirational_realistic,en,0.0,https://www.instagram.com/reel/DZbFAzLkp6Q/,https://www.instagram.com/abcdjoinery/,"VERIFIED (public embed page, rounded, 2026-09-25)","VERIFIED (public topic pages; sample, not full account history)"
ai.cozy.fun.scenes,1,4000.0,80.0,594000.0,594000.0,594000.0,148.5,148.5,0.15428571428571428,1.755485856361094,2026-08-30T18:27:44.630000+00:00,2026-08-30T18:27:44.630000+00:00,cozy-rain,ai_creator,ai_generated,rustic_cozy,terrace_outdoor,aspirational_realistic,en,1.0,https://www.instagram.com/reel/DcrJ6vOzdcC/,https://www.instagram.com/ai.cozy.fun.scenes/,"VERIFIED (public embed page, rounded, 2026-09-25)","VERIFIED (public topic pages; sample, not full account history)"
royashabboui,3,191000.0,706.0,593000.0,593000.0,1208200.0,3.1047120418848166,3.1047120418848166,1.125237191650854,1.6160307027080683,2023-04-12T21:36:05.871000+00:00,2025-07-28T16:46:07.048000+00:00,houses-on-malibu-beach;luxury-apartment;luxury-interior;modern-luxury-house-interiors,real_estate,real_footage,modern_luxury,kitchen,real_existing,en,0.0,https://www.instagram.com/reel/C_qsri6hBKL/,https://www.instagram.com/royashabboui/,"VERIFIED (public embed page, rounded, 2026-09-25)","VERIFIED (public topic pages; sample, not full account history)"
161london,1,,,592000.0,592000.0,592000.0,,,4.743589743589744,,2025-03-23T16:45:20.051000+00:00,2025-03-23T16:45:20.051000+00:00,walk-in-closet,,,,,,,,https://www.instagram.com/reel/DHjI3StICpD/,https://www.instagram.com/161london/,UNKNOWN,"VERIFIED (public topic pages; sample, not full account history)"
creativevaanarofbraj,1,27000.0,215.0,590000.0,590000.0,590000.0,21.85185185185185,21.85185185185185,1.318435754189944,0.9147802345591037,2026-08-23T14:46:47.393000+00:00,2026-08-23T14:46:47.393000+00:00,room-makeover,lifestyle_influencer,real_footage,glam_feminine,bedroom,aspirational_realistic,en,0.0,https://www.instagram.com/reel/DcYvETET-2z/,https://www.instagram.com/creativevaanarofbraj/,"VERIFIED (public embed page, rounded, 2026-09-25)","VERIFIED (public topic pages; sample, not full account history)"
aframe_kuce,1,37000.0,65.0,589000.0,589000.0,589000.0,15.91891891891892,15.91891891891892,1.795731707317073,5.022267210335227,2026-05-06T20:29:56.034000+00:00,2026-05-06T20:29:56.034000+00:00,a-frame-modern-cabins,brand_manufacturer,real_footage,scandinavian,exterior_facade,aspirational_realistic,other,0.0,https://www.instagram.com/reel/DYArsL0uP2Q/,https://www.instagram.com/aframe_kuce/,"VERIFIED (public embed page, rounded, 2026-09-25)","VERIFIED (public topic pages; sample, not full account history)"
treehouseocala,1,,,588000.0,588000.0,588000.0,,,0.3675,,2025-09-25T14:00:23.756000+00:00,2025-09-25T14:00:23.756000+00:00,treehouse-hotel,,,,,,,,https://www.instagram.com/reel/DPBx1_5jofK/,https://www.instagram.com/treehouseocala/,UNKNOWN,"VERIFIED (public topic pages; sample, not full account history)"
pointspassport,1,233000.0,1517.0,588000.0,588000.0,588000.0,2.523605150214592,2.523605150214592,0.8460431654676259,0.48483539542464077,2026-04-11T01:04:44.326000+00:00,2026-04-11T01:04:44.326000+00:00,maldives-villa,lifestyle_influencer,real_footage,modern_luxury,bathroom,real_existing,en,0.0,https://www.instagram.com/reel/DW-OeKmjXED/,https://www.instagram.com/pointspassport/,"VERIFIED (public embed page, rounded, 2026-09-25)","VERIFIED (public topic pages; sample, not full account history)"
magadhinterior,1,34000.0,130.0,586000.0,586000.0,586000.0,17.235294117647058,17.235294117647058,0.9451612903225807,4.753356977087238,2026-06-06T10:57:12.429000+00:00,2026-06-06T10:57:12.429000+00:00,bathroom-design,designer_studio,ai_generated,organic_modern,bathroom,aspirational_realistic,en,1.0,https://www.instagram.com/reel/DZPeyiKTGkk/,https://www.instagram.com/magadhinterior/,"VERIFIED (public embed page, rounded, 2026-09-25)","VERIFIED (public topic pages; sample, not full account history)"
boutique_sahra,1,1000000.0,14845.0,586000.0,586000.0,586000.0,0.586,0.586,0.586,0.1494260013934022,2026-09-10T20:05:14.787000+00:00,2026-09-10T20:05:14.787000+00:00,tulum,brand_manufacturer,real_footage,other,none_person_only,real_existing,tr,0.0,https://www.instagram.com/reel/DdHp0flO1cX/,https://www.instagram.com/boutique_sahra/,"VERIFIED (public embed page, rounded, 2026-09-25)","VERIFIED (public topic pages; sample, not full account history)"
sahasrarafurnitures,1,17000.0,230.0,583000.0,583000.0,583000.0,34.294117647058826,34.294117647058826,0.6221985058697972,1.7221973821987675,2026-03-28T17:50:44.206000+00:00,2026-03-28T17:50:44.206000+00:00,bedroom-design,brand_manufacturer,ai_generated,warm_luxury,bedroom,aspirational_realistic,en,1.0,https://www.instagram.com/reel/DWb-eEKk6TQ/,https://www.instagram.com/sahasrarafurnitures/,"VERIFIED (public embed page, rounded, 2026-09-25)","VERIFIED (public topic pages; sample, not full account history)"
bhagwan_solanke_18,1,7000.0,290.0,574000.0,574000.0,574000.0,82.0,82.0,0.9590643274853801,8.640997457652539,2026-08-15T13:29:39.291000+00:00,2026-08-15T13:29:39.291000+00:00,modern-kitchen,designer_studio,3d_render,modern_luxury,kitchen,aspirational_realistic,en,0.0,https://www.instagram.com/reel/DcD_4WBNhPs/,https://www.instagram.com/bhagwan_solanke_18/,"VERIFIED (public embed page, rounded, 2026-09-25)","VERIFIED (public topic pages; sample, not full account history)"
byselimfurniture,1,130000.0,355.0,573000.0,573000.0,573000.0,4.407692307692308,4.407692307692308,2.9689119170984455,4.0630037522527065,2025-10-24T16:36:36.831000+00:00,2025-10-24T16:36:36.831000+00:00,luxury-dining-room,brand_manufacturer,ai_generated,art_deco,dining,aspirational_realistic,en,1.0,https://www.instagram.com/reel/DQMuxjDCOt2/,https://www.instagram.com/byselimfurniture/,"VERIFIED (public embed page, rounded, 2026-09-25)","VERIFIED (public topic pages; sample, not full account history)"
aylintheagent,1,119000.0,1004.0,571000.0,571000.0,571000.0,4.798319327731092,4.798319327731092,1.4046740467404675,1.4402523365625808,2024-09-23T00:08:39.190000+00:00,2024-09-23T00:08:39.190000+00:00,dream-kitchens,real_estate,real_footage,organic_modern,kitchen,real_existing,en,0.0,https://www.instagram.com/reel/DAPS7AesL1I/,https://www.instagram.com/aylintheagent/,"VERIFIED (public embed page, rounded, 2026-09-25)","VERIFIED (public topic pages; sample, not full account history)"
kmprecastwork,1,29000.0,43.0,570000.0,570000.0,570000.0,19.655172413793103,19.655172413793103,5.089285714285714,7.852167327961253,2026-05-31T23:47:27.844000+00:00,2026-05-31T23:47:27.844000+00:00,a-frame-cabin;a-frame-modern-cabins,contractor_trade,real_footage,minimalist,exterior_facade,real_existing,en,0.0,https://www.instagram.com/reel/DZBaK0Fh1Y1/,https://www.instagram.com/kmprecastwork/,"VERIFIED (public embed page, rounded, 2026-09-25)","VERIFIED (public topic pages; sample, not full account history)"
suasarealestate,1,189000.0,1855.0,568000.0,568000.0,568000.0,3.005291005291005,3.005291005291005,2.0177619893428065,1.1282090032467706,2026-02-11T12:44:42.205000+00:00,2026-02-11T12:44:42.205000+00:00,luxury-villa,real_estate,real_footage,tropical,pool,real_existing,en,0.0,https://www.instagram.com/reel/DUnjrPCD53g/,https://www.instagram.com/suasarealestate/,"VERIFIED (public embed page, rounded, 2026-09-25)","VERIFIED (public topic pages; sample, not full account history)"
food_by_aisha,1,462000.0,887.0,562000.0,562000.0,562000.0,1.2164502164502164,1.2164502164502164,0.5352380952380953,0.35173944142902,2026-08-13T08:51:29.875000+00:00,2026-08-13T08:51:29.875000+00:00,chalet,lifestyle_influencer,real_footage,organic_modern,terrace_outdoor,real_existing,other,0.0,https://www.instagram.com/reel/Db-WdT9NCdp/,https://www.instagram.com/food_by_aisha/,"VERIFIED (public embed page, rounded, 2026-09-25)","VERIFIED (public topic pages; sample, not full account history)"
_plus_interiors,1,19000.0,305.0,561000.0,561000.0,561000.0,29.526315789473685,29.526315789473685,2.2086614173228347,4.69008255644798,2025-12-10T13:30:05.473000+00:00,2025-12-10T13:30:05.473000+00:00,luxury-master-bedroom-interior-design,designer_studio,real_footage,minimalist,bedroom,real_existing,en,0.0,https://www.instagram.com/reel/DSFayikDNVo/,https://www.instagram.com/_plus_interiors/,"VERIFIED (public embed page, rounded, 2026-09-25)","VERIFIED (public topic pages; sample, not full account history)"
luxicavibe,2,11000.0,439.0,286650.0,561000.0,573300.0,26.05909090909091,51.0,1.145739880991303,4.174949588691906,2026-07-23T12:30:11.707000+00:00,2026-07-30T07:01:13.300000+00:00,luxury-modern-beautiful-house;luxury-real-estate,theme_page,ai_generated,modern_luxury,exterior_facade,aspirational_realistic,en,1.0,https://www.instagram.com/reel/DbIqyuRAPDn/,https://www.instagram.com/luxicavibe/,"VERIFIED (public embed page, rounded, 2026-09-25)","VERIFIED (public topic pages; sample, not full account history)"
maisonnyckel,1,8000.0,297.0,561000.0,561000.0,561000.0,70.125,70.125,0.8237885462555066,2.795167521387788,2026-02-01T23:58:52.745000+00:00,2026-02-01T23:58:52.745000+00:00,kitchen-inspiration,theme_page,real_footage,organic_modern,kitchen,real_existing,fr,0.0,https://www.instagram.com/reel/DUPA4S4CVk-/,https://www.instagram.com/maisonnyckel/,"VERIFIED (public embed page, rounded, 2026-09-25)","VERIFIED (public topic pages; sample, not full account history)"
modern.architect,1,2000000.0,6190.0,560000.0,560000.0,560000.0,0.28,0.28,1.1177644710578842,0.3970858086995135,2025-12-31T14:47:33.249000+00:00,2025-12-31T14:47:33.249000+00:00,container-house,theme_page,ai_generated,organic_modern,exterior_facade,aspirational_realistic,en,1.0,https://www.instagram.com/reel/DS7oWRUCInE/,https://www.instagram.com/modern.architect/,"VERIFIED (public embed page, rounded, 2026-09-25)","VERIFIED (public topic pages; sample, not full account history)"
rendair.ai,3,189000.0,796.0,138000.0,556000.0,702753.0,0.7301587301587301,2.941798941798942,2.5622119815668203,3.488326516681287,2025-06-12T11:23:15.719000+00:00,2025-11-27T13:56:34.699000+00:00,ai-render;ai-virtual-staging;virtual-staging,brand_manufacturer,ai_generated,minimalist,exterior_facade,aspirational_realistic,en,1.0,https://www.instagram.com/reel/DM7kNwKB-QA/,https://www.instagram.com/rendair.ai/,"VERIFIED (public embed page, rounded, 2026-09-25)","VERIFIED (public topic pages; sample, not full account history)"
lilswalty,1,679000.0,937.0,553000.0,553000.0,553000.0,0.8144329896907216,0.8144329896907216,1.0972222222222223,0.568102652639891,2026-03-13T21:35:11.697000+00:00,2026-03-13T21:35:11.697000+00:00,interior-design-ideas,designer_studio,real_footage,warm_luxury,living_room,real_existing,en,0.0,https://www.instagram.com/reel/DV1wO68Dg2F/,https://www.instagram.com/lilswalty/,"VERIFIED (public embed page, rounded, 2026-09-25)","VERIFIED (public topic pages; sample, not full account history)"
vkuoo,4,92000.0,1246.0,227500.0,552000.0,1027400.0,2.4728260869565215,6.0,1.7552622986995723,0.5219475510566383,2026-01-23T11:27:52.443000+00:00,2026-05-17T12:08:10.422000+00:00,ai-architecture;ai-generated-architecture-designs;architecture-design;futuristic-architecture-designs-2026;midjourney-architecture;parametric-architecture,ai_creator,ai_generated,futuristic,exterior_facade,aspirational_realistic,en,1.0,https://www.instagram.com/reel/DYCXsDBs_Ya/,https://www.instagram.com/vkuoo/,"VERIFIED (public embed page, rounded, 2026-09-25)","VERIFIED (public topic pages; sample, not full account history)"
realtordenisbibik,4,91000.0,978.0,260500.0,548000.0,1079400.0,2.8626373626373627,6.021978021978022,1.462840323767476,1.2929644754422225,2025-05-26T13:24:19.235000+00:00,2025-12-30T13:38:43.626000+00:00,luxury-home-theater-ideas;luxury-master-bedroom;luxury-pool;miami-mansion;villa-with-pool,real_estate,real_footage,modern_luxury,bedroom,real_existing,en,0.0,https://www.instagram.com/reel/DKHkvBlOzX7/,https://www.instagram.com/realtordenisbibik/,"VERIFIED (public embed page, rounded, 2026-09-25)","VERIFIED (public topic pages; sample, not full account history)"
jareef__saifi,5,339000.0,1244.0,192000.0,547000.0,1363500.0,0.5663716814159292,1.6135693215339233,1.2083333333333333,0.46817366721705206,2026-02-21T13:37:48.848000+00:00,2026-07-01T13:33:45.840000+00:00,hotel-bathroom-designs;hotel-suite-design-ideas;interior-design-ideas;living-room-design;luxury-apartment-interior-design-ideas-2026;luxury-bathroom;luxury-living-room;luxury-living-room-design;modern-living-room,ai_creator,ai_generated,modern_luxury,bathroom,aspirational_realistic,en,1.0,https://www.instagram.com/reel/DWjQIN5Aemr/,https://www.instagram.com/jareef__saifi/,"VERIFIED (public embed page, rounded, 2026-09-25)","VERIFIED (public topic pages; sample, not full account history)"
texaseatsfirst,1,387000.0,1397.0,545000.0,545000.0,545000.0,1.4082687338501292,1.4082687338501292,10.283018867924529,5.28135553633262,2023-10-24T22:27:36.002000+00:00,2023-10-24T22:27:36.002000+00:00,glass-house-photos,lifestyle_influencer,real_footage,minimalist,exterior_facade,real_existing,en,0.0,https://www.instagram.com/reel/CyzF2n0v5k1/,https://www.instagram.com/texaseatsfirst/,"VERIFIED (public embed page, rounded, 2026-09-25)","VERIFIED (public topic pages; sample, not full account history)"
nestbygrazi.design,1,23000.0,99.0,544000.0,544000.0,544000.0,23.652173913043477,23.652173913043477,1.302994011976048,6.121154721628283,2026-03-16T13:14:56.538000+00:00,2026-03-16T13:14:56.538000+00:00,interior-styling,designer_studio,3d_render,minimalist,kitchen,aspirational_realistic,en,0.0,https://www.instagram.com/reel/DV8lXlgjmIM/,https://www.instagram.com/nestbygrazi.design/,"VERIFIED (public embed page, rounded, 2026-09-25)","VERIFIED (public topic pages; sample, not full account history)"
nina.nayko,1,681000.0,948.0,543000.0,543000.0,543000.0,0.7973568281938326,0.7973568281938326,2.6423357664233578,0.6733036522071699,2025-11-17T16:04:55.721000+00:00,2025-11-17T16:04:55.721000+00:00,architecture-photography,other,real_footage,brutalist,exterior_facade,real_existing,en,0.0,https://www.instagram.com/reel/DRKeOeoCPrl/,https://www.instagram.com/nina.nayko/,"VERIFIED (public embed page, rounded, 2026-09-25)","VERIFIED (public topic pages; sample, not full account history)"
volferda_tinyhouse,1,367000.0,2184.0,541000.0,541000.0,541000.0,1.4741144414168936,1.4741144414168936,1.0798403193612773,0.8477860103696272,2025-06-06T02:47:58.136000+00:00,2025-06-06T02:47:58.136000+00:00,container-house,brand_manufacturer,real_footage,industrial,exterior_facade,real_existing,en,0.0,https://www.instagram.com/reel/DKiwp3vowku/,https://www.instagram.com/volferda_tinyhouse/,"VERIFIED (public embed page, rounded, 2026-09-25)","VERIFIED (public topic pages; sample, not full account history)"
tiny_homess,1,680000.0,2950.0,530000.0,530000.0,530000.0,0.7794117647058824,0.7794117647058824,1.144708423326134,3.3501158705263463,2025-02-11T22:25:27.634000+00:00,2025-02-11T22:25:27.634000+00:00,luxury-cabin,theme_page,real_footage,organic_modern,exterior_facade,real_existing,en,0.0,https://www.instagram.com/reel/DF8v_c8oe6I/,https://www.instagram.com/tiny_homess/,"VERIFIED (public embed page, rounded, 2026-09-25)","VERIFIED (public topic pages; sample, not full account history)"
wanderlust__ever,1,87000.0,1101.0,528000.0,528000.0,528000.0,6.068965517241379,6.068965517241379,0.32,0.8595083994374026,2026-03-07T17:26:44.671000+00:00,2026-03-07T17:26:44.671000+00:00,amalfi-coast,lifestyle_influencer,real_footage,mediterranean,other,real_existing,en,0.0,https://www.instagram.com/reel/DVl3B9zDUMv/,https://www.instagram.com/wanderlust__ever/,"VERIFIED (public embed page, rounded, 2026-09-25)","VERIFIED (public topic pages; sample, not full account history)"
balamoda,2,410000.0,7591.0,506000.0,524000.0,1012000.0,1.2341463414634146,1.278048780487805,2.3258676059256187,2.418372747198155,2026-02-08T14:00:09.651000+00:00,2026-02-22T14:00:41.464000+00:00,house-tour;los-angeles-house,lifestyle_influencer,real_footage,modern_luxury,exterior_facade,real_existing,es,0.0,https://www.instagram.com/reel/DUf97RtFfh9/,https://www.instagram.com/balamoda/,"VERIFIED (public embed page, rounded, 2026-09-25)","VERIFIED (public topic pages; sample, not full account history)"
jennifershomeinterior,1,495000.0,1352.0,524000.0,524000.0,524000.0,1.0585858585858585,1.0585858585858585,2.708010335917313,1.4354883972123993,2025-06-21T15:46:17.627000+00:00,2025-06-21T15:46:17.627000+00:00,outdoor-living,lifestyle_influencer,real_footage,rustic_cozy,terrace_outdoor,real_existing,en,0.0,https://www.instagram.com/reel/DLKxpnhKWyx/,https://www.instagram.com/jennifershomeinterior/,"VERIFIED (public embed page, rounded, 2026-09-25)","VERIFIED (public topic pages; sample, not full account history)"
homecareproperty,1,110000.0,1945.0,523000.0,523000.0,523000.0,4.754545454545455,4.754545454545455,1.0165208940719144,1.3538451187564327,2026-03-07T23:40:51.246000+00:00,2026-03-07T23:40:51.246000+00:00,inside-underground-bunker-house,real_estate,real_footage,modern_luxury,exterior_facade,real_existing,en,0.0,https://www.instagram.com/reel/DVmh2BqkqBw/,https://www.instagram.com/homecareproperty/,"VERIFIED (public embed page, rounded, 2026-09-25)","VERIFIED (public topic pages; sample, not full account history)"
sugar____home.127,1,54000.0,406.0,519000.0,519000.0,519000.0,9.61111111111111,9.61111111111111,0.9284436493738819,0.9079721453616828,2026-01-10T13:41:13.752000+00:00,2026-01-10T13:41:13.752000+00:00,cozy-room,lifestyle_influencer,real_footage,mid_century,living_room,real_existing,other,0.0,https://www.instagram.com/reel/DTVQtPfkuhm/,https://www.instagram.com/sugar____home.127/,"VERIFIED (public embed page, rounded, 2026-09-25)","VERIFIED (public topic pages; sample, not full account history)"
goldeneaglelogtimberhomes,1,447000.0,2304.0,518000.0,518000.0,518000.0,1.1588366890380313,1.1588366890380313,5.714285714285714,2.626810741968446,2026-06-21T15:03:48.654000+00:00,2026-06-21T15:03:48.654000+00:00,lake-house,brand_manufacturer,real_footage,rustic_cozy,exterior_facade,real_existing,en,0.0,https://www.instagram.com/reel/DZ2i71qkbhv/,https://www.instagram.com/goldeneaglelogtimberhomes/,"VERIFIED (public embed page, rounded, 2026-09-25)","VERIFIED (public topic pages; sample, not full account history)"
shivay_._interior,1,15000.0,125.0,517000.0,517000.0,517000.0,34.46666666666667,34.46666666666667,0.5653362493165665,2.0390688111300466,2026-04-07T07:44:56.955000+00:00,2026-04-07T07:44:56.955000+00:00,living-room-design,designer_studio,ai_generated,organic_modern,living_room,aspirational_realistic,en,1.0,https://www.instagram.com/reel/DW0pF5RDKcB/,https://www.instagram.com/shivay_._interior/,"VERIFIED (public embed page, rounded, 2026-09-25)","VERIFIED (public topic pages; sample, not full account history)"
home_designfr,2,83000.0,206.0,291000.0,516000.0,582000.0,3.5060240963855422,6.216867469879518,3.5134802424772276,1.7747561632743698,2025-09-07T15:30:13.359000+00:00,2026-01-25T16:02:03.841000+00:00,living-room-decor;scandinavian-interior-design-styles,lifestyle_influencer,real_footage,minimalist,living_room,real_existing,fr,0.0,https://www.instagram.com/reel/DT8Iv30DWBM/,https://www.instagram.com/home_designfr/,"VERIFIED (public embed page, rounded, 2026-09-25)","VERIFIED (public topic pages; sample, not full account history)"
hogarconcalma,1,97000.0,109.0,516000.0,516000.0,516000.0,5.319587628865979,5.319587628865979,1.2027972027972027,1.7650109122909692,2026-08-04T10:23:44.415000+00:00,2026-08-04T10:23:44.415000+00:00,cozy-bedroom-ideas,theme_page,ai_generated,organic_modern,bedroom,aspirational_realistic,es,1.0,https://www.instagram.com/reel/DbnV3CjNVzf/,https://www.instagram.com/hogarconcalma/,"VERIFIED (public embed page, rounded, 2026-09-25)","VERIFIED (public topic pages; sample, not full account history)"
anna_home_finds,1,279000.0,202.0,515000.0,515000.0,515000.0,1.8458781362007168,1.8458781362007168,0.6477987421383647,0.7659248586335762,2026-02-26T14:06:03.359000+00:00,2026-02-26T14:06:03.359000+00:00,amazon-home-finds,lifestyle_influencer,real_footage,modern_luxury,dining,real_existing,en,0.0,https://www.instagram.com/reel/DVOU6NDDe7n/,https://www.instagram.com/anna_home_finds/,"VERIFIED (public embed page, rounded, 2026-09-25)","VERIFIED (public topic pages; sample, not full account history)"
tatevik_therealtor,1,10000.0,588.0,513000.0,513000.0,513000.0,51.3,51.3,1.8860294117647058,11.275966013236477,2023-08-02T06:02:11.199000+00:00,2023-08-02T06:02:11.199000+00:00,beverly-hills-mansion,real_estate,real_footage,modern_luxury,exterior_facade,real_existing,en,0.0,https://www.instagram.com/reel/CvbnGnTOL1n/,https://www.instagram.com/tatevik_therealtor/,"VERIFIED (public embed page, rounded, 2026-09-25)","VERIFIED (public topic pages; sample, not full account history)"
homeless.backpacker,1,256000.0,636.0,513000.0,513000.0,513000.0,2.00390625,2.00390625,0.8341463414634146,0.9946326017306486,2025-12-04T09:45:43.794000+00:00,2025-12-04T09:45:43.794000+00:00,unique-airbnb,lifestyle_influencer,real_footage,tropical,pool,real_existing,en,0.0,https://www.instagram.com/reel/DR1kWBMjf9H/,https://www.instagram.com/homeless.backpacker/,"VERIFIED (public embed page, rounded, 2026-09-25)","VERIFIED (public topic pages; sample, not full account history)"
_everydayalyssa_,1,19000.0,224.0,513000.0,513000.0,513000.0,27.0,27.0,1.8964879852125693,3.465722574497434,2025-09-28T23:14:58.077000+00:00,2025-09-28T23:14:58.077000+00:00,glamping-ideas,lifestyle_influencer,real_footage,rustic_cozy,exterior_facade,real_existing,en,0.0,https://www.instagram.com/reel/DPKfsbiDMnt/,https://www.instagram.com/_everydayalyssa_/,"VERIFIED (public embed page, rounded, 2026-09-25)","VERIFIED (public topic pages; sample, not full account history)"
moodywhimsicalforest,1,293000.0,168.0,512000.0,512000.0,512000.0,1.7474402730375427,1.7474402730375427,3.075075075075075,2.278235252945487,2026-02-07T16:48:33.993000+00:00,2026-02-07T16:48:33.993000+00:00,dark-academia-home-library,theme_page,real_footage,dark_luxury,living_room,real_existing,en,0.0,https://www.instagram.com/reel/DUdsZ14EfTr/,https://www.instagram.com/moodywhimsicalforest/,"VERIFIED (public embed page, rounded, 2026-09-25)","VERIFIED (public topic pages; sample, not full account history)"
lmdesignstudio.no,1,407000.0,8073.0,510000.0,510000.0,510000.0,1.253071253071253,1.253071253071253,6.181818181818182,2.684084959731603,2024-05-31T06:09:12.822000+00:00,2024-05-31T06:09:12.822000+00:00,modern-classic-interior-design,theme_page,real_footage,classical_luxury,bedroom,real_existing,en,0.0,https://www.instagram.com/reel/C7n0xNOov5j/,https://www.instagram.com/lmdesignstudio.no/,"VERIFIED (public embed page, rounded, 2026-09-25)","VERIFIED (public topic pages; sample, not full account history)"
sam.shan.shops,1,2000000.0,811.0,510000.0,510000.0,510000.0,0.255,0.255,0.6415094339622641,0.3019061843935502,2026-03-29T18:40:23.682000+00:00,2026-03-29T18:40:23.682000+00:00,amazon-home-finds,lifestyle_influencer,real_footage,other,kitchen,real_existing,en,0.0,https://www.instagram.com/reel/DWeo8pUjxlh/,https://www.instagram.com/sam.shan.shops/,"VERIFIED (public embed page, rounded, 2026-09-25)","VERIFIED (public topic pages; sample, not full account history)"
blonde.travel,1,139000.0,1606.0,509000.0,509000.0,509000.0,3.661870503597122,3.661870503597122,14.09972299168975,5.964335610297204,2026-05-04T16:50:11.828000+00:00,2026-05-04T16:50:11.828000+00:00,como-lake-villas,lifestyle_influencer,real_footage,traditional_regional,garden_landscape,real_existing,en,0.0,https://www.instagram.com/reel/DX7I9CNt2c0/,https://www.instagram.com/blonde.travel/,"VERIFIED (public embed page, rounded, 2026-09-25)","VERIFIED (public topic pages; sample, not full account history)"
craftvibeehm,1,147000.0,445.0,506000.0,506000.0,506000.0,3.442176870748299,3.442176870748299,0.9834791059280855,1.1437304098259908,2026-06-02T18:33:53.810000+00:00,2026-06-02T18:33:53.810000+00:00,inside-underground-bunker-house,theme_page,unclear,other,exterior_facade,aspirational_realistic,en,0.0,https://www.instagram.com/reel/DZF_37clPHt/,https://www.instagram.com/craftvibeehm/,"VERIFIED (public embed page, rounded, 2026-09-25)","VERIFIED (public topic pages; sample, not full account history)"
dreamh0using_dubai,1,25000.0,140.0,503000.0,503000.0,503000.0,20.12,20.12,2.932944606413994,4.761870904072681,2024-12-23T05:45:04.166000+00:00,2024-12-23T05:45:04.166000+00:00,dreamy-walk-in-closet-designs-ideas,designer_studio,3d_render,minimalist,closet,aspirational_realistic,en,0.0,https://www.instagram.com/reel/DD6NwnmvGNv/,https://www.instagram.com/dreamh0using_dubai/,"VERIFIED (public embed page, rounded, 2026-09-25)","VERIFIED (public topic pages; sample, not full account history)"
_.decor_and_more._,2,227000.0,908.0,343000.0,503000.0,686000.0,1.5110132158590308,2.2158590308370045,1.5918710420264826,1.926169828338145,2024-08-19T03:32:30.700000+00:00,2026-04-15T16:38:09.446000+00:00,luxury-dining-room;luxury-living-room;luxury-living-room-design,designer_studio,real_footage,modern_luxury,dining,real_existing,en,0.0,https://www.instagram.com/reel/C-1ibfJtsd5/,https://www.instagram.com/_.decor_and_more._/,"VERIFIED (public embed page, rounded, 2026-09-25)","VERIFIED (public topic pages; sample, not full account history)"
heritageclass,2,1000000.0,475.0,304500.0,501000.0,609000.0,0.3045,0.501,0.7082097820479207,0.37423444236067854,2025-09-30T17:03:32.348000+00:00,2026-09-01T21:35:51.005000+00:00,luxury-life;luxury-lifestyle,theme_page,real_footage,dark_luxury,exterior_facade,real_existing,en,0.0,https://www.instagram.com/reel/DcwpCOCCLF_/,https://www.instagram.com/heritageclass/,"VERIFIED (public embed page, rounded, 2026-09-25)","VERIFIED (public topic pages; sample, not full account history)"
brooklyn_naveah,1,,,500000.0,500000.0,500000.0,,,0.8944543828264758,,2026-08-30T00:24:29.797000+00:00,2026-08-30T00:24:29.797000+00:00,cozy-room,,,,,,,,https://www.instagram.com/reel/DcpN8zGRb6b/,https://www.instagram.com/brooklyn_naveah/,UNKNOWN,"VERIFIED (public topic pages; sample, not full account history)"
homewithkoby,1,49000.0,170.0,499000.0,499000.0,499000.0,10.183673469387756,10.183673469387756,1.9880478087649402,3.8097578732070323,2026-01-06T16:36:17.499000+00:00,2026-01-06T16:36:17.499000+00:00,mid-century-modern-living-room-ideas,lifestyle_influencer,real_footage,mid_century,living_room,real_existing,en,0.0,https://www.instagram.com/reel/DTLRj8BEfZ9/,https://www.instagram.com/homewithkoby/,"VERIFIED (public embed page, rounded, 2026-09-25)","VERIFIED (public topic pages; sample, not full account history)"
marmir_home,1,25000.0,120.0,498000.0,498000.0,498000.0,19.92,19.92,6.036363636363636,9.663586551128736,2026-08-20T07:09:33.057000+00:00,2026-08-20T07:09:33.057000+00:00,modern-classic-interior-design,lifestyle_influencer,real_footage,modern_luxury,kitchen,real_existing,other,0.0,https://www.instagram.com/reel/DcQMWwUOkX9/,https://www.instagram.com/marmir_home/,"VERIFIED (public embed page, rounded, 2026-09-25)","VERIFIED (public topic pages; sample, not full account history)"
evakentmimarlik,2,,,317500.0,498000.0,635000.0,,,0.6706731392424754,,2025-11-28T16:52:34.687000+00:00,2026-04-20T19:34:36.242000+00:00,hotel-bathroom-designs;luxury-bathroom-design,,,,,,,,https://www.instagram.com/reel/DRm4bGTDPdh/,https://www.instagram.com/evakentmimarlik/,UNKNOWN,"VERIFIED (public topic pages; sample, not full account history)"
riyadh_reels_ksa,1,237000.0,1795.0,498000.0,498000.0,498000.0,2.1012658227848102,2.1012658227848102,1.3209549071618036,1.0884401212621704,2026-02-26T21:43:57.497000+00:00,2026-02-26T21:43:57.497000+00:00,saudi-arabia-architecture,theme_page,real_footage,futuristic,exterior_facade,real_existing,en,0.0,https://www.instagram.com/reel/DVPJT-wDak4/,https://www.instagram.com/riyadh_reels_ksa/,"VERIFIED (public embed page, rounded, 2026-09-25)","VERIFIED (public topic pages; sample, not full account history)"
archiart_mag,1,75000.0,63.0,497000.0,497000.0,497000.0,6.626666666666667,6.626666666666667,1.9566929133858268,2.186174293482253,2024-04-14T14:14:14.686000+00:00,2024-04-14T14:14:14.686000+00:00,luxury-master-bedroom-interior-design,theme_page,ai_generated,modern_luxury,bedroom,aspirational_realistic,en,1.0,https://www.instagram.com/reel/C5vq6jitunN/,https://www.instagram.com/archiart_mag/,"VERIFIED (public embed page, rounded, 2026-09-25)","VERIFIED (public topic pages; sample, not full account history)"
best_vacationrentals,2,877000.0,10664.0,266750.0,496000.0,533500.0,0.3041619156214367,0.5655644241733181,2.807112683418232,0.8049913188127782,2021-09-03T21:50:01.413000+00:00,2022-04-03T01:46:26.251000+00:00,a-frame-cabin;glass-house,theme_page,real_footage,biophilic,bedroom,real_existing,en,0.0,https://www.instagram.com/reel/CTYAuB2KkEp/,https://www.instagram.com/best_vacationrentals/,"VERIFIED (public embed page, rounded, 2026-09-25)","VERIFIED (public topic pages; sample, not full account history)"
mr.mcdone,1,20000.0,767.0,495000.0,495000.0,495000.0,24.75,24.75,0.7632999228989977,3.032504083010075,2026-06-30T16:58:57.786000+00:00,2026-06-30T16:58:57.786000+00:00,cyberpunk-city,theme_page,real_footage,cyberpunk,other,real_existing,en,0.0,https://www.instagram.com/reel/DaN7RHQtcXZ/,https://www.instagram.com/mr.mcdone/,"VERIFIED (public embed page, rounded, 2026-09-25)","VERIFIED (public topic pages; sample, not full account history)"
domesticallyblissful,1,2000000.0,1667.0,491000.0,491000.0,491000.0,0.2455,0.2455,0.7720125786163522,0.18259226009732593,2026-07-29T13:38:56.154000+00:00,2026-07-29T13:38:56.154000+00:00,home-library,lifestyle_influencer,real_footage,maximalist,other,real_existing,en,0.0,https://www.instagram.com/reel/DbYPbcguZ4U/,https://www.instagram.com/domesticallyblissful/,"VERIFIED (public embed page, rounded, 2026-09-25)","VERIFIED (public topic pages; sample, not full account history)"
itsblankcreative,2,820000.0,1654.0,360000.0,490000.0,720000.0,0.43902439024390244,0.5975609756097561,1.2350376196990425,0.831389909956621,2025-10-22T13:20:20.809000+00:00,2026-03-23T16:43:05.756000+00:00,beverly-hills-mansion;luxury-closet,theme_page,real_footage,modern_luxury,closet,real_existing,en,0.0,https://www.instagram.com/reel/DQHOuS4AAli/,https://www.instagram.com/itsblankcreative/,"VERIFIED (public embed page, rounded, 2026-09-25)","VERIFIED (public topic pages; sample, not full account history)"
janarestates,1,15000.0,91.0,490000.0,490000.0,490000.0,32.666666666666664,32.666666666666664,1.1951219512195121,3.546139752592404,2026-01-20T22:25:34.342000+00:00,2026-01-20T22:25:34.342000+00:00,dubai-luxury-interior-design-trends,real_estate,3d_render,modern_luxury,living_room,aspirational_realistic,en,0.0,https://www.instagram.com/reel/DTv8qZWk-I3/,https://www.instagram.com/janarestates/,"VERIFIED (public embed page, rounded, 2026-09-25)","VERIFIED (public topic pages; sample, not full account history)"
designedbeneath,1,818000.0,125.0,488000.0,488000.0,488000.0,0.5965770171149144,0.5965770171149144,0.7870967741935484,0.8943542035312417,2026-05-07T12:46:08.258000+00:00,2026-05-07T12:46:08.258000+00:00,bathroom-design,theme_page,ai_generated,organic_modern,bathroom,aspirational_realistic,en,1.0,https://www.instagram.com/reel/DYCbaHUzwGG/,https://www.instagram.com/designedbeneath/,"VERIFIED (public embed page, rounded, 2026-09-25)","VERIFIED (public topic pages; sample, not full account history)"
baptiste.kretzrealestate,1,41000.0,397.0,487000.0,487000.0,487000.0,11.878048780487806,11.878048780487806,1.7300177619893429,1.9768242691269304,2026-02-23T14:32:15.250000+00:00,2026-02-23T14:32:15.250000+00:00,luxury-villa,real_estate,real_footage,minimalist,exterior_facade,real_existing,fr,0.0,https://www.instagram.com/reel/DVGphdciHdt/,https://www.instagram.com/baptiste.kretzrealestate/,"VERIFIED (public embed page, rounded, 2026-09-25)","VERIFIED (public topic pages; sample, not full account history)"
tacosattire,1,604000.0,1630.0,476000.0,476000.0,476000.0,0.7880794701986755,0.7880794701986755,8.806660499537465,2.7406372069882416,2026-02-21T06:38:24.052000+00:00,2026-02-21T06:38:24.052000+00:00,industrial-interior,theme_page,real_footage,industrial,other,real_existing,en,0.0,https://www.instagram.com/reel/DVAptGtgQ6L/,https://www.instagram.com/tacosattire/,"VERIFIED (public embed page, rounded, 2026-09-25)","VERIFIED (public topic pages; sample, not full account history)"
cortezhelene,1,45000.0,1002.0,470000.0,470000.0,470000.0,10.444444444444445,10.444444444444445,3.065883887801696,1.9147190962048415,2026-07-12T15:07:02.657000+00:00,2026-07-12T15:07:02.657000+00:00,beach-house,lifestyle_influencer,real_footage,traditional_regional,living_room,real_existing,en,0.0,https://www.instagram.com/reel/Dasn_5UT_HV/,https://www.instagram.com/cortezhelene/,"VERIFIED (public embed page, rounded, 2026-09-25)","VERIFIED (public topic pages; sample, not full account history)"
homedecorbymusfira,2,54000.0,90.0,470000.0,470000.0,940000.0,8.703703703703704,8.703703703703704,0.5987261146496815,0.7843918869093354,2026-06-13T15:00:50.656000+00:00,2026-07-22T14:53:52.049000+00:00,dream-bedroom-decor-ideas,theme_page,ai_generated,glam_feminine,bedroom,aspirational_realistic,en,1.0,https://www.instagram.com/reel/DbGWcIsIqDV/,https://www.instagram.com/homedecorbymusfira/,"VERIFIED (public embed page, rounded, 2026-09-25)","VERIFIED (public topic pages; sample, not full account history)"
journey.to_serenity,2,15000.0,386.0,240800.0,467000.0,481600.0,16.053333333333335,31.133333333333333,3.6022915950990497,1.9197005811421335,2024-11-15T17:43:32.054000+00:00,2025-02-26T19:13:50.743000+00:00,ai-interior;cozy-winter-cabin,ai_creator,ai_generated,modern_luxury,living_room,stylized_dreamy,en,1.0,https://www.instagram.com/reel/DCZpxj-t48e/,https://www.instagram.com/journey.to_serenity/,"VERIFIED (public embed page, rounded, 2026-09-25)","VERIFIED (public topic pages; sample, not full account history)"
orcadesignec,2,69000.0,921.0,444500.0,467000.0,889000.0,6.442028985507246,6.768115942028985,1.3337972798085609,4.153208567201427,2025-09-10T18:42:27.385000+00:00,2026-01-01T15:26:44.100000+00:00,futuristic-home;futuristic-house;futuristic-houses;luxury-house;ultra-modern-luxury-house-design,designer_studio,3d_render,modern_luxury,exterior_facade,aspirational_realistic,en,0.0,https://www.instagram.com/reel/DS-RoHVjqVe/,https://www.instagram.com/orcadesignec/,"VERIFIED (public embed page, rounded, 2026-09-25)","VERIFIED (public topic pages; sample, not full account history)"
maisyleigh,1,487000.0,741.0,466000.0,466000.0,466000.0,0.9568788501026694,0.9568788501026694,1.4864433811802233,0.4814729504732564,2026-09-04T01:35:08.962000+00:00,2026-09-04T01:35:08.962000+00:00,japandi,lifestyle_influencer,real_footage,japandi,living_room,real_existing,en,0.0,https://www.instagram.com/reel/Dc2OApkuyMt/,https://www.instagram.com/maisyleigh/,"VERIFIED (public embed page, rounded, 2026-09-25)","VERIFIED (public topic pages; sample, not full account history)"
designbyerick,1,33000.0,159.0,461000.0,461000.0,461000.0,13.969696969696969,13.969696969696969,0.7600989282769992,1.3591995314228846,2026-03-14T03:20:37.041000+00:00,2026-03-14T03:20:37.041000+00:00,backyard-design,designer_studio,ai_generated,rustic_cozy,terrace_outdoor,aspirational_realistic,en,1.0,https://www.instagram.com/reel/DV2Xw3sDQPv/,https://www.instagram.com/designbyerick/,"VERIFIED (public embed page, rounded, 2026-09-25)","VERIFIED (public topic pages; sample, not full account history)"
azulcontainers,1,259000.0,789.0,461000.0,461000.0,461000.0,1.77992277992278,1.77992277992278,0.9201596806387226,0.8503210774625649,2025-01-20T15:33:37.581000+00:00,2025-01-20T15:33:37.581000+00:00,container-house,brand_manufacturer,real_footage,industrial,exterior_facade,real_existing,pt,0.0,https://www.instagram.com/reel/DFDXX1qOV8O/,https://www.instagram.com/azulcontainers/,"VERIFIED (public embed page, rounded, 2026-09-25)","VERIFIED (public topic pages; sample, not full account history)"
ravnix23,2,11000.0,634.0,235485.5,461000.0,470971.0,21.407772727272725,41.90909090909091,0.617752417296347,3.9192035616112073,2026-06-24T17:55:38.268000+00:00,2026-08-21T15:58:09.905000+00:00,living-room-decor;modern-living-room,theme_page,ai_generated,modern_luxury,living_room,aspirational_realistic,en,1.0,https://www.instagram.com/reel/DZ-k-9hgR_N/,https://www.instagram.com/ravnix23/,"VERIFIED (public embed page, rounded, 2026-09-25)","VERIFIED (public topic pages; sample, not full account history)"
mybeautifulblisshome,2,109000.0,471.0,297500.0,455000.0,595000.0,2.729357798165138,4.174311926605505,0.7847222222222222,0.7061568829787509,2025-10-22T12:30:49.233000+00:00,2026-08-24T10:00:23.228000+00:00,interior-design-ideas;luxury-room,lifestyle_influencer,real_footage,organic_modern,bedroom,real_existing,en,0.0,https://www.instagram.com/reel/DQHJDjcEzTG/,https://www.instagram.com/mybeautifulblisshome/,"VERIFIED (public embed page, rounded, 2026-09-25)","VERIFIED (public topic pages; sample, not full account history)"
blogamormaisamor,1,402000.0,555.0,454000.0,454000.0,454000.0,1.1293532338308458,1.1293532338308458,4.40562833575934,2.2309150544553393,2026-04-19T04:56:20.365000+00:00,2026-04-19T04:56:20.365000+00:00,green-minimalist-interior-design,media_publication,ai_generated,rustic_cozy,kitchen,aspirational_realistic,pt,1.0,https://www.instagram.com/reel/DXTPVdaDivZ/,https://www.instagram.com/blogamormaisamor/,"VERIFIED (public embed page, rounded, 2026-09-25)","VERIFIED (public topic pages; sample, not full account history)"
clearformcreative,1,101000.0,1427.0,452000.0,452000.0,452000.0,4.475247524752476,4.475247524752476,1.661764705882353,3.3686836299201186,2023-07-24T16:30:07.564000+00:00,2023-07-24T16:30:07.564000+00:00,beverly-hills-mansion,real_estate,real_footage,modern_luxury,exterior_facade,real_existing,en,0.0,https://www.instagram.com/reel/CvFjz55rpcJ/,https://www.instagram.com/clearformcreative/,"VERIFIED (public embed page, rounded, 2026-09-25)","VERIFIED (public topic pages; sample, not full account history)"
treehousepoint,1,403000.0,1882.0,450000.0,450000.0,450000.0,1.1166253101736974,1.1166253101736974,0.8482563619227145,0.3287174504877375,2026-04-30T19:00:31.070000+00:00,2026-04-30T19:00:31.070000+00:00,cabin,other,real_footage,rustic_cozy,garden_landscape,real_existing,en,0.0,https://www.instagram.com/reel/DXxEsCChsiz/,https://www.instagram.com/treehousepoint/,"VERIFIED (public embed page, rounded, 2026-09-25)","VERIFIED (public topic pages; sample, not full account history)"
luxxeinteriors,2,142000.0,1731.0,241700.0,447000.0,483400.0,1.702112676056338,3.147887323943662,1.0854787294910009,0.9850751745803634,2024-12-03T07:29:14.370000+00:00,2025-10-13T03:17:38.520000+00:00,luxury-apartment-interior-design-ideas-2026;luxury-home-theater-ideas,designer_studio,3d_render,dark_luxury,home_theater,aspirational_realistic,en,0.0,https://www.instagram.com/reel/DPu-mE_k7wd/,https://www.instagram.com/luxxeinteriors/,"VERIFIED (public embed page, rounded, 2026-09-25)","VERIFIED (public topic pages; sample, not full account history)"
epocraftdiy,3,719.0,159.0,1633.0,445000.0,448237.0,2.2712100139082056,618.9151599443671,7.225663716814159,1.209217903803065,2026-02-13T19:44:06.103000+00:00,2026-02-16T10:21:02.857000+00:00,house-on-cliff,ai_creator,ai_generated,other,other,aspirational_realistic,en,1.0,https://www.instagram.com/reel/DUtdQv_Dxpp/,https://www.instagram.com/epocraftdiy/,"VERIFIED (public embed page, rounded, 2026-09-25)","VERIFIED (public topic pages; sample, not full account history)"
base9studio,2,151000.0,413.0,341500.0,445000.0,683000.0,2.26158940397351,2.947019867549669,0.9246714936980424,0.6995991261613168,2025-11-24T16:16:17.474000+00:00,2025-12-09T16:44:05.884000+00:00,luxury-kitchen-design;luxury-master-bedroom-interior-design;luxury-room,designer_studio,3d_render,neoclassical,bedroom,aspirational_realistic,en,0.0,https://www.instagram.com/reel/DRchF00jKnN/,https://www.instagram.com/base9studio/,"VERIFIED (public embed page, rounded, 2026-09-25)","VERIFIED (public topic pages; sample, not full account history)"
thejourneyerlife,1,13000.0,466.0,441000.0,441000.0,441000.0,33.92307692307692,33.92307692307692,0.41800947867298577,2.227683020933229,2026-05-26T13:49:55.716000+00:00,2026-05-26T13:49:55.716000+00:00,luxury-resort,lifestyle_influencer,real_footage,tropical,pool,real_existing,en,0.0,https://www.instagram.com/reel/DYzdz9VzDYO/,https://www.instagram.com/thejourneyerlife/,"VERIFIED (public embed page, rounded, 2026-09-25)","VERIFIED (public topic pages; sample, not full account history)"
glamorouslyliving,1,,,439000.0,439000.0,439000.0,,,0.3512,,2025-11-20T19:32:10.711000+00:00,2025-11-20T19:32:10.711000+00:00,bedroom-decor,,,,,,,,https://www.instagram.com/reel/DRSkVC_CcS8/,https://www.instagram.com/glamorouslyliving/,UNKNOWN,"VERIFIED (public topic pages; sample, not full account history)"
andreaday_travel,2,38000.0,234.0,245950.0,439000.0,491900.0,6.472368421052631,11.552631578947368,4.431531531531531,6.468359767596591,2025-07-08T12:05:42.089000+00:00,2025-08-28T16:13:03.164000+00:00,bora-bora-luxury-hotels,lifestyle_influencer,real_footage,tropical,exterior_facade,real_existing,en,0.0,https://www.instagram.com/reel/DN56xGxjiKu/,https://www.instagram.com/andreaday_travel/,"VERIFIED (public embed page, rounded, 2026-09-25)","VERIFIED (public topic pages; sample, not full account history)"
mvd.interiordesign,1,136000.0,393.0,438000.0,438000.0,438000.0,3.2205882352941178,3.2205882352941178,0.8311195445920304,1.399107961402597,2026-04-01T07:06:29.460000+00:00,2026-04-01T07:06:29.460000+00:00,luxury-interior,designer_studio,real_footage,warm_luxury,office,real_existing,en,0.0,https://www.instagram.com/reel/DWlH699tBS-/,https://www.instagram.com/mvd.interiordesign/,"VERIFIED (public embed page, rounded, 2026-09-25)","VERIFIED (public topic pages; sample, not full account history)"
tuhin.universe,1,226000.0,527.0,436000.0,436000.0,436000.0,1.9292035398230087,1.9292035398230087,0.6723207401696222,0.8593393857969852,2026-07-21T12:11:46.792000+00:00,2026-07-21T12:11:46.792000+00:00,cyberpunk-city,theme_page,real_footage,cyberpunk,other,real_existing,en,0.0,https://www.instagram.com/reel/DbDfGGHgljO/,https://www.instagram.com/tuhin.universe/,"VERIFIED (public embed page, rounded, 2026-09-25)","VERIFIED (public topic pages; sample, not full account history)"
m_g_villas,1,3000.0,203.0,436000.0,436000.0,436000.0,145.33333333333334,145.33333333333334,2.6186186186186187,8.679241056006166,2024-11-08T14:13:16.991000+00:00,2024-11-08T14:13:16.991000+00:00,villa-with-pool,real_estate,real_footage,other,pool,real_existing,en,0.0,https://www.instagram.com/reel/DCHQJgzNj5z/,https://www.instagram.com/m_g_villas/,"VERIFIED (public embed page, rounded, 2026-09-25)","VERIFIED (public topic pages; sample, not full account history)"
amirsaeedvadie,1,535000.0,910.0,433000.0,433000.0,433000.0,0.8093457943925234,0.8093457943925234,890.0308324768756,33.71375404961381,2025-11-05T06:44:20.088000+00:00,2025-11-05T06:44:20.088000+00:00,impossible-architecture,theme_page,real_footage,other,exterior_facade,real_existing,en,0.0,https://www.instagram.com/reel/DQqkiEPjJzF/,https://www.instagram.com/amirsaeedvadie/,"VERIFIED (public embed page, rounded, 2026-09-25)","VERIFIED (public topic pages; sample, not full account history)"
radixarchitecturaldesignstudio,1,3000.0,5.0,432000.0,432000.0,432000.0,144.0,144.0,1.815126050420168,7.8598919088890415,2026-06-13T09:07:10.178000+00:00,2026-06-13T09:07:10.178000+00:00,tropical-house-architecture-styles,designer_studio,unclear,traditional_regional,exterior_facade,aspirational_realistic,en,0.0,https://www.instagram.com/reel/DZhTwuExTC6/,https://www.instagram.com/radixarchitecturaldesignstudio/,"VERIFIED (public embed page, rounded, 2026-09-25)","VERIFIED (public topic pages; sample, not full account history)"
luxvelosity,1,48000.0,50.0,430000.0,430000.0,430000.0,8.958333333333334,8.958333333333334,0.9237379162191193,2.235682467704239,2026-06-09T14:32:43.566000+00:00,2026-06-09T14:32:43.566000+00:00,luxury-lifestyle,theme_page,real_footage,other,other,real_existing,en,0.0,https://www.instagram.com/reel/DZXl1qqsDHl/,https://www.instagram.com/luxvelosity/,"VERIFIED (public embed page, rounded, 2026-09-25)","VERIFIED (public topic pages; sample, not full account history)"
motivtrud,1,8000.0,12.0,429000.0,429000.0,429000.0,53.625,53.625,0.1618867924528302,0.6016443391946054,2026-09-14T07:42:44.227000+00:00,2026-09-14T07:42:44.227000+00:00,treehouse,contractor_trade,real_footage,rustic_cozy,other,real_existing,ru,0.0,https://www.instagram.com/reel/DdQoBsVA4dU/,https://www.instagram.com/motivtrud/,"VERIFIED (public embed page, rounded, 2026-09-25)","VERIFIED (public topic pages; sample, not full account history)"
artleove,1,563000.0,964.0,429000.0,429000.0,429000.0,0.7619893428063943,0.7619893428063943,2.0875912408759123,0.5814575654252933,2024-11-24T14:34:51.733000+00:00,2024-11-24T14:34:51.733000+00:00,architecture-photography,media_publication,real_footage,other,exterior_facade,real_existing,en,0.0,https://www.instagram.com/reel/DCwfVj-ItHr/,https://www.instagram.com/artleove/,"VERIFIED (public embed page, rounded, 2026-09-25)","VERIFIED (public topic pages; sample, not full account history)"
archea.in,1,42500.0,1361.0,427000.0,427000.0,427000.0,10.047058823529412,10.047058823529412,1.4648370497427101,3.165283448152863,2023-11-07T12:01:39.152000+00:00,2023-11-07T12:01:39.152000+00:00,parametric-architecture,media_publication,real_footage,organic_modern,other,real_existing,en,0.0,https://www.instagram.com/reel/CzWBWS7y1Gf/,https://www.instagram.com/archea.in/,"VERIFIED (public embed page, rounded, 2026-09-25)","VERIFIED (public topic pages; sample, not full account history)"
dunsinnan,1,24000.0,266.0,427000.0,427000.0,427000.0,17.791666666666668,17.791666666666668,0.8049010367577757,1.1668272387748029,2026-04-28T08:55:02.826000+00:00,2026-04-28T08:55:02.826000+00:00,cabin,other,real_footage,rustic_cozy,terrace_outdoor,real_existing,en,0.0,https://www.instagram.com/reel/DXq1zroiA7N/,https://www.instagram.com/dunsinnan/,"VERIFIED (public embed page, rounded, 2026-09-25)","VERIFIED (public topic pages; sample, not full account history)"
anas_meqdadi,3,102000.0,713.0,345000.0,426000.0,887000.0,3.3823529411764706,4.176470588235294,1.2255772646536411,0.7573672974394464,2022-10-22T13:58:30.470000+00:00,2026-06-09T15:55:02.784000+00:00,dubai-penthouse;dubai-villa;luxury-villa,real_estate,real_footage,modern_luxury,living_room,real_existing,en,0.0,https://www.instagram.com/reel/DTVhtKxElMy/,https://www.instagram.com/anas_meqdadi/,"VERIFIED (public embed page, rounded, 2026-09-25)","VERIFIED (public topic pages; sample, not full account history)"
mylogcabins,1,234000.0,2299.0,425000.0,425000.0,425000.0,1.8162393162393162,1.8162393162393162,1.1154855643044619,0.7821438344941198,2025-10-18T14:08:45.033000+00:00,2025-10-18T14:08:45.033000+00:00,cozy-cabin;luxury-cabin,theme_page,ai_generated,rustic_cozy,bedroom,stylized_dreamy,en,1.0,https://www.instagram.com/reel/DP9BFUIDTDC/,https://www.instagram.com/mylogcabins/,"VERIFIED (public embed page, rounded, 2026-09-25)","VERIFIED (public topic pages; sample, not full account history)"
rainy__village,1,8000.0,45.0,425000.0,425000.0,425000.0,53.125,53.125,0.16037735849056603,0.5960346017662179,2026-08-04T13:16:15.659000+00:00,2026-08-04T13:16:15.659000+00:00,treehouse,ai_creator,ai_generated,rustic_cozy,bedroom,stylized_dreamy,en,1.0,https://www.instagram.com/reel/DbnpmnpSUMJ/,https://www.instagram.com/rainy__village/,"VERIFIED (public embed page, rounded, 2026-09-25)","VERIFIED (public topic pages; sample, not full account history)"
vlad.starboy,1,78000.0,980.0,423000.0,423000.0,423000.0,5.423076923076923,5.423076923076923,0.20634146341463414,0.3229233991520812,2026-08-12T18:16:37.123000+00:00,2026-08-12T18:16:37.123000+00:00,monaco,lifestyle_influencer,real_footage,other,none_person_only,real_existing,en,0.0,https://www.instagram.com/reel/Db8yVgVIyIG/,https://www.instagram.com/vlad.starboy/,"VERIFIED (public embed page, rounded, 2026-09-25)","VERIFIED (public topic pages; sample, not full account history)"
nikolaskalantzis_,1,3000.0,8.0,419000.0,419000.0,419000.0,139.66666666666666,139.66666666666666,0.3223076923076923,1.4683869062690906,2026-08-09T18:46:23.561000+00:00,2026-08-09T18:46:23.561000+00:00,mykonos,other,real_footage,other,other,real_existing,en,0.0,https://www.instagram.com/reel/Db1HW84MXbV/,https://www.instagram.com/nikolaskalantzis_/,"VERIFIED (public embed page, rounded, 2026-09-25)","VERIFIED (public topic pages; sample, not full account history)"
barbarareimelt,1,,,419000.0,419000.0,419000.0,,,1.0716112531969308,,2026-04-08T14:46:39.638000+00:00,2026-04-08T14:46:39.638000+00:00,mid-century-modern,,,,,,,,https://www.instagram.com/reel/DW3-JeeibwS/,https://www.instagram.com/barbarareimelt/,UNKNOWN,"VERIFIED (public topic pages; sample, not full account history)"
lucyinthesskyy,1,307000.0,1176.0,418000.0,418000.0,418000.0,1.3615635179153094,1.3615635179153094,0.25333333333333335,0.37728936837147214,2026-02-05T12:38:39.705000+00:00,2026-02-05T12:38:39.705000+00:00,amalfi-coast,lifestyle_influencer,real_footage,mediterranean,other,real_existing,en,0.0,https://www.instagram.com/reel/DUYGNvADGuM/,https://www.instagram.com/lucyinthesskyy/,"VERIFIED (public embed page, rounded, 2026-09-25)","VERIFIED (public topic pages; sample, not full account history)"
markhmendez,1,57000.0,664.0,417000.0,417000.0,417000.0,7.315789473684211,7.315789473684211,1.7020408163265306,6.940406707952962,2024-11-27T00:57:06.473000+00:00,2024-11-27T00:57:06.473000+00:00,los-angeles-house,other,real_footage,mid_century,exterior_facade,real_existing,en,0.0,https://www.instagram.com/reel/DC2wIxoSWik/,https://www.instagram.com/markhmendez/,"VERIFIED (public embed page, rounded, 2026-09-25)","VERIFIED (public topic pages; sample, not full account history)"
queeninspireddesigns,1,12000.0,989.0,417000.0,417000.0,417000.0,34.75,34.75,3.3413461538461537,2.165549513094685,2026-07-25T15:13:20.005000+00:00,2026-07-25T15:13:20.005000+00:00,walk-in-closet,designer_studio,unclear,glam_feminine,closet,aspirational_realistic,en,0.0,https://www.instagram.com/reel/DbOHDVWKGCX/,https://www.instagram.com/queeninspireddesigns/,"VERIFIED (public embed page, rounded, 2026-09-25)","VERIFIED (public topic pages; sample, not full account history)"
contessasilvana,1,18000.0,22.0,410000.0,410000.0,410000.0,22.77777777777778,22.77777777777778,0.7269503546099291,1.4481452152157002,2026-08-26T23:42:41.011000+00:00,2026-08-26T23:42:41.011000+00:00,quiet-luxury,lifestyle_influencer,unclear,classical_luxury,living_room,aspirational_realistic,en,0.0,https://www.instagram.com/reel/Dchax7NM2-g/,https://www.instagram.com/contessasilvana/,"VERIFIED (public embed page, rounded, 2026-09-25)","VERIFIED (public topic pages; sample, not full account history)"
cozylllusions,1,737000.0,330.0,406000.0,406000.0,406000.0,0.5508819538670285,0.5508819538670285,6.284829721362229,2.458638365659771,2025-05-06T15:19:10.242000+00:00,2025-05-06T15:19:10.242000+00:00,mediterranean-house,ai_creator,ai_generated,mediterranean,terrace_outdoor,stylized_dreamy,en,1.0,https://www.instagram.com/reel/DJUR-tkswbV/,https://www.instagram.com/cozylllusions/,"VERIFIED (public embed page, rounded, 2026-09-25)","VERIFIED (public topic pages; sample, not full account history)"
thecouturecloset1,1,33000.0,745.0,404000.0,404000.0,404000.0,12.242424242424242,12.242424242424242,0.5706214689265536,2.5483885767316634,2025-09-02T12:19:32.369000+00:00,2025-09-02T12:19:32.369000+00:00,dream-closet,designer_studio,real_footage,glam_feminine,closet,real_existing,en,0.0,https://www.instagram.com/reel/DOGYBLcDWM-/,https://www.instagram.com/thecouturecloset1/,"VERIFIED (public embed page, rounded, 2026-09-25)","VERIFIED (public topic pages; sample, not full account history)"
asseldxb07,1,109000.0,1612.0,404000.0,404000.0,404000.0,3.706422018348624,3.706422018348624,0.7666034155597723,0.6495364042213231,2026-01-05T11:29:40.353000+00:00,2026-01-05T11:29:40.353000+00:00,modern-luxury-house-interiors,real_estate,real_footage,modern_luxury,stairs_hall,real_existing,ru,0.0,https://www.instagram.com/reel/DTIJrUUEZNi/,https://www.instagram.com/asseldxb07/,"VERIFIED (public embed page, rounded, 2026-09-25)","VERIFIED (public topic pages; sample, not full account history)"
cabinstillwoods,4,18000.0,74.0,224650.0,403000.0,862005.0,12.480555555555556,22.38888888888889,0.618019257221458,1.0887663006872226,2026-03-19T08:12:55.080000+00:00,2026-08-28T11:38:34.448000+00:00,forest-house;house-in-forest,ai_creator,ai_generated,rustic_cozy,exterior_facade,stylized_dreamy,en,1.0,https://www.instagram.com/reel/Dahza84peEz/,https://www.instagram.com/cabinstillwoods/,"VERIFIED (public embed page, rounded, 2026-09-25)","VERIFIED (public topic pages; sample, not full account history)"
jamesology_,1,238000.0,235.0,402000.0,402000.0,402000.0,1.6890756302521008,1.6890756302521008,0.7127659574468085,0.42445092096685005,2026-09-10T09:25:58.502000+00:00,2026-09-10T09:25:58.502000+00:00,quiet-luxury,lifestyle_influencer,real_footage,classical_luxury,pool,real_existing,en,0.0,https://www.instagram.com/reel/DdGgqVGoIMB/,https://www.instagram.com/jamesology_/,"VERIFIED (public embed page, rounded, 2026-09-25)","VERIFIED (public topic pages; sample, not full account history)"
luxhilspace,3,71000.0,247.0,87700.0,394000.0,487632.0,1.2352112676056337,5.549295774647887,0.22429667519181587,0.21660186492419609,2026-05-15T11:25:25.923000+00:00,2026-09-11T11:04:30.781000+00:00,art-deco-interior-design;mid-century-modern;wabi-sabi-japandi-interior-design,designer_studio,3d_render,art_deco,dining,aspirational_realistic,en,0.3333333333333333,https://www.instagram.com/reel/DYW4iAlN-YX/,https://www.instagram.com/luxhilspace/,"VERIFIED (public embed page, rounded, 2026-09-25)","VERIFIED (public topic pages; sample, not full account history)"
lauracontelhistoire,1,5000.0,403.0,393000.0,393000.0,393000.0,78.6,78.6,2.3603603603603602,11.736954526368494,2026-01-14T09:10:20.590000+00:00,2026-01-14T09:10:20.590000+00:00,dark-academia-home-library,lifestyle_influencer,real_footage,other,other,real_existing,fr,0.0,https://www.instagram.com/reel/DTfE4tqjGlV/,https://www.instagram.com/lauracontelhistoire/,"VERIFIED (public embed page, rounded, 2026-09-25)","VERIFIED (public topic pages; sample, not full account history)"
cb_loves_interiors_20,1,378000.0,1169.0,393000.0,393000.0,393000.0,1.0396825396825398,1.0396825396825398,0.6479802143446002,0.3704228379818529,2025-08-08T06:01:07.521000+00:00,2025-08-08T06:01:07.521000+00:00,backyard-design,lifestyle_influencer,real_footage,organic_modern,terrace_outdoor,real_existing,en,0.0,https://www.instagram.com/reel/DNFU1t0Kvd9/,https://www.instagram.com/cb_loves_interiors_20/,"VERIFIED (public embed page, rounded, 2026-09-25)","VERIFIED (public topic pages; sample, not full account history)"
shaman_.shak,1,4000.0,167.0,389000.0,389000.0,389000.0,97.25,97.25,0.5597122302158274,2.1467628255076394,2026-04-13T16:12:37.719000+00:00,2026-04-13T16:12:37.719000+00:00,maldives-villa,lifestyle_influencer,real_footage,tropical,exterior_facade,real_existing,en,0.0,https://www.instagram.com/reel/DXE_9f_AZhk/,https://www.instagram.com/shaman_.shak/,"VERIFIED (public embed page, rounded, 2026-09-25)","VERIFIED (public topic pages; sample, not full account history)"
avalwynhouse,1,366.0,2.0,389000.0,389000.0,389000.0,1062.8415300546449,1062.8415300546449,1.8929440389294403,16.314071665908184,2026-07-28T23:20:54.155000+00:00,2026-07-28T23:20:54.155000+00:00,architecture-photography,other,real_footage,modern_luxury,terrace_outdoor,real_existing,en,0.0,https://www.instagram.com/reel/DbWtPBZTnmX/,https://www.instagram.com/avalwynhouse/,"VERIFIED (public embed page, rounded, 2026-09-25)","VERIFIED (public topic pages; sample, not full account history)"
promptking_ai,1,42000.0,514.0,388000.0,388000.0,388000.0,9.238095238095237,9.238095238095237,18.034768058008737,8.755898981702114,2025-12-12T05:19:55.964000+00:00,2025-12-12T05:19:55.964000+00:00,hotel-room-interior-design-ideas,ai_creator,ai_generated,glam_feminine,bedroom,aspirational_realistic,en,1.0,https://www.instagram.com/reel/DSJsSQxkwYf/,https://www.instagram.com/promptking_ai/,"VERIFIED (public embed page, rounded, 2026-09-25)","VERIFIED (public topic pages; sample, not full account history)"
grupomb_1,1,121000.0,488.0,384000.0,384000.0,384000.0,3.1735537190082646,3.1735537190082646,1.7494305239179955,2.6745871486737234,2025-11-07T18:13:02.644000+00:00,2025-11-07T18:13:02.644000+00:00,container-home-luxury-models-2026,contractor_trade,ai_generated,industrial,exterior_facade,aspirational_realistic,pt,1.0,https://www.instagram.com/reel/DQw88Etj6dw/,https://www.instagram.com/grupomb_1/,"VERIFIED (public embed page, rounded, 2026-09-25)","VERIFIED (public topic pages; sample, not full account history)"
dubai_luxury_club,1,3000.0,18.0,384000.0,384000.0,384000.0,128.0,128.0,1.4222222222222223,8.832461798738453,2021-11-09T14:40:21.964000+00:00,2021-11-09T14:40:21.964000+00:00,dubai-luxury-penthouse,theme_page,real_footage,modern_luxury,terrace_outdoor,real_existing,en,0.0,https://www.instagram.com/reel/CWDwzv5gSq1/,https://www.instagram.com/dubai_luxury_club/,"VERIFIED (public embed page, rounded, 2026-09-25)","VERIFIED (public topic pages; sample, not full account history)"
esseta_studio,1,12000.0,119.0,383000.0,383000.0,383000.0,31.916666666666668,31.916666666666668,1.322970639032815,4.88912184507351,2026-06-20T10:35:51.770000+00:00,2026-06-20T10:35:51.770000+00:00,futuristic-interior,ai_creator,ai_generated,cyberpunk,living_room,stylized_dreamy,en,1.0,https://www.instagram.com/reel/DZzfedAsfvT/,https://www.instagram.com/esseta_studio/,"VERIFIED (public embed page, rounded, 2026-09-25)","VERIFIED (public topic pages; sample, not full account history)"
gmjinterior,2,801000.0,1755.0,291000.0,383000.0,582000.0,0.36329588014981273,0.4781523096129838,1.269481049324793,0.5401746238023297,2025-08-18T11:48:04.725000+00:00,2025-11-03T11:00:11.029000+00:00,luxury-dining-room;luxury-master-bedroom;luxury-master-bedroom-interior-design,designer_studio,3d_render,modern_luxury,bedroom,aspirational_realistic,en,0.0,https://www.instagram.com/reel/DNfsfoOPlFk/,https://www.instagram.com/gmjinterior/,"VERIFIED (public embed page, rounded, 2026-09-25)","VERIFIED (public topic pages; sample, not full account history)"
chase_amie,1,171000.0,1210.0,383000.0,383000.0,383000.0,2.239766081871345,2.239766081871345,1.1133720930232558,1.010163314633154,2022-08-08T16:44:00.543000+00:00,2022-08-08T16:44:00.543000+00:00,luxury-closet,lifestyle_influencer,real_footage,glam_feminine,closet,real_existing,en,0.0,https://www.instagram.com/reel/ChAXLVjAxby/,https://www.instagram.com/chase_amie/,"VERIFIED (public embed page, rounded, 2026-09-25)","VERIFIED (public topic pages; sample, not full account history)"
lovelocations,1,30000.0,1006.0,382000.0,382000.0,382000.0,12.733333333333333,12.733333333333333,1.91,4.314296678503209,2025-01-16T15:43:19.794000+00:00,2025-01-16T15:43:19.794000+00:00,london-apartment,theme_page,real_footage,modern_luxury,dining,real_existing,en,0.0,https://www.instagram.com/reel/DE5FTaMo1ex/,https://www.instagram.com/lovelocations/,"VERIFIED (public embed page, rounded, 2026-09-25)","VERIFIED (public topic pages; sample, not full account history)"
ioscapes,2,117000.0,252.0,283000.0,381000.0,566000.0,2.4188034188034186,3.2564102564102564,2.145247880936702,1.9263080222580204,2025-04-07T16:22:54.616000+00:00,2025-07-14T17:53:40.267000+00:00,ai-generated-architecture-designs;futuristic-architecture;futuristic-architecture-designs-2026;midjourney-architecture,ai_creator,ai_generated,futuristic,exterior_facade,aspirational_realistic,en,1.0,https://www.instagram.com/reel/DIJuOLftp2z/,https://www.instagram.com/ioscapes/,"VERIFIED (public embed page, rounded, 2026-09-25)","VERIFIED (public topic pages; sample, not full account history)"
theblackbeecottage,1,35000.0,697.0,380000.0,380000.0,380000.0,10.857142857142858,10.857142857142858,1.2603648424543947,1.5112284627665793,2024-02-29T12:33:46.070000+00:00,2024-02-29T12:33:46.070000+00:00,cottagecore-living-room-design,lifestyle_influencer,real_footage,rustic_cozy,living_room,real_existing,en,0.0,https://www.instagram.com/reel/C37npQ-r5oO/,https://www.instagram.com/theblackbeecottage/,"VERIFIED (public embed page, rounded, 2026-09-25)","VERIFIED (public topic pages; sample, not full account history)"
cloudninecouture,1,45000.0,1414.0,379000.0,379000.0,379000.0,8.422222222222222,8.422222222222222,1.5628865979381443,1.2462781483500396,2025-11-03T11:25:29.059000+00:00,2025-11-03T11:25:29.059000+00:00,maldives-resort;maldives-villa,lifestyle_influencer,real_footage,tropical,exterior_facade,real_existing,en,0.0,https://www.instagram.com/reel/DQl7HhFE4LF/,https://www.instagram.com/cloudninecouture/,"VERIFIED (public embed page, rounded, 2026-09-25)","VERIFIED (public topic pages; sample, not full account history)"
creatoarquitectos,1,188000.0,1703.0,377000.0,377000.0,377000.0,2.00531914893617,2.00531914893617,4.023479188900747,0.6662329820353963,2026-06-10T13:00:46.321000+00:00,2026-06-10T13:00:46.321000+00:00,ai-architecture;ai-generated-architecture-designs;futuristic-architecture-designs-2026,designer_studio,unclear,futuristic,exterior_facade,stylized_dreamy,en,0.0,https://www.instagram.com/reel/DZaAHDMRcrd/,https://www.instagram.com/creatoarquitectos/,"VERIFIED (public embed page, rounded, 2026-09-25)","VERIFIED (public topic pages; sample, not full account history)"
junkearl,1,3000.0,106.0,374000.0,374000.0,374000.0,124.66666666666667,124.66666666666667,0.5557206537890045,3.7821820173931733,2025-10-16T18:23:10.025000+00:00,2025-10-16T18:23:10.025000+00:00,house-in-the-forest,other,3d_render,other,other,fantasy_impossible,en,0.0,https://www.instagram.com/reel/DP4Um94DUvr/,https://www.instagram.com/junkearl/,"VERIFIED (public embed page, rounded, 2026-09-25)","VERIFIED (public topic pages; sample, not full account history)"
about.archi.ai,1,99000.0,359.0,374000.0,374000.0,374000.0,3.7777777777777777,3.7777777777777777,0.996005326231691,0.8921124954824889,2026-04-08T20:04:54.808000+00:00,2026-04-08T20:04:54.808000+00:00,ai-architecture,ai_creator,ai_generated,industrial,office,aspirational_realistic,en,1.0,https://www.instagram.com/reel/DW4ikbfiYl6/,https://www.instagram.com/about.archi.ai/,"VERIFIED (public embed page, rounded, 2026-09-25)","VERIFIED (public topic pages; sample, not full account history)"
mrm.blog,1,112000.0,867.0,373000.0,373000.0,373000.0,3.330357142857143,3.330357142857143,1.3789279112754158,1.272780514514262,2026-03-31T10:09:51.985000+00:00,2026-03-31T10:09:51.985000+00:00,luxury-hotel,lifestyle_influencer,real_footage,modern_luxury,terrace_outdoor,real_existing,ar,0.0,https://www.instagram.com/reel/DWi4HLMCP6G/,https://www.instagram.com/mrm.blog/,"VERIFIED (public embed page, rounded, 2026-09-25)","VERIFIED (public topic pages; sample, not full account history)"
theacedesignco,3,169000.0,163.0,181000.0,372000.0,657000.0,1.0710059171597632,2.201183431952663,2.5181598062953996,1.659085223567593,2026-04-21T08:44:42.433000+00:00,2026-05-22T12:34:05.162000+00:00,art-deco-interior-design;luxury-furniture;wabi-sabi-japandi-interior-design,designer_studio,real_footage,art_deco,bathroom,real_existing,en,0.3333333333333333,https://www.instagram.com/reel/DX7WHTEyjWE/,https://www.instagram.com/theacedesignco/,"VERIFIED (public embed page, rounded, 2026-09-25)","VERIFIED (public topic pages; sample, not full account history)"
igortermenon,1,5000.0,303.0,372000.0,372000.0,372000.0,74.4,74.4,1.8102189781021898,4.592983563154499,2026-08-13T12:54:36.226000+00:00,2026-08-13T12:54:36.226000+00:00,architecture-photography,other,real_footage,brutalist,garden_landscape,real_existing,en,0.0,https://www.instagram.com/reel/Db-yR30tlzn/,https://www.instagram.com/igortermenon/,"VERIFIED (public embed page, rounded, 2026-09-25)","VERIFIED (public topic pages; sample, not full account history)"
luxoraify,3,29000.0,215.0,267000.0,370000.0,804000.0,9.206896551724139,12.758620689655173,0.8114035087719298,1.4592442296159147,2026-03-16T12:34:32.129000+00:00,2026-06-28T08:41:54.275000+00:00,bathroom-design;hotel-bathroom-designs;luxury-bathroom-design;luxury-bathroom-interior-design-inspiration;quiet-luxury-bathroom,theme_page,ai_generated,warm_luxury,bathroom,aspirational_realistic,en,1.0,https://www.instagram.com/reel/DaH4yzFAztE/,https://www.instagram.com/luxoraify/,"VERIFIED (public embed page, rounded, 2026-09-25)","VERIFIED (public topic pages; sample, not full account history)"
karinaross,1,184000.0,3605.0,368000.0,368000.0,368000.0,2.0,2.0,0.6524822695035462,0.43824631094531774,2026-05-16T05:30:44.353000+00:00,2026-05-16T05:30:44.353000+00:00,quiet-luxury,lifestyle_influencer,real_footage,modern_luxury,living_room,real_existing,,0.0,https://www.instagram.com/reel/DYY0vCUIjmH/,https://www.instagram.com/karinaross/,"VERIFIED (public embed page, rounded, 2026-09-25)","VERIFIED (public topic pages; sample, not full account history)"
artedition.studio,1,10000.0,21.0,366000.0,366000.0,366000.0,36.6,36.6,5.273775216138328,15.223941258599485,2026-07-18T13:24:10.165000+00:00,2026-07-18T13:24:10.165000+00:00,hotel-design,designer_studio,real_footage,warm_luxury,lobby_common,real_existing,en,0.0,https://www.instagram.com/reel/Da74_quNk4Y/,https://www.instagram.com/artedition.studio/,"VERIFIED (public embed page, rounded, 2026-09-25)","VERIFIED (public topic pages; sample, not full account history)"
7figurelives,1,71000.0,1141.0,366000.0,366000.0,366000.0,5.154929577464789,5.154929577464789,1.152755905511811,1.3890042719435267,2025-12-29T00:08:23.477000+00:00,2025-12-29T00:08:23.477000+00:00,luxury-life;luxury-lifestyle,theme_page,real_footage,modern_luxury,other,real_existing,en,0.0,https://www.instagram.com/reel/DS06JVuCDhd/,https://www.instagram.com/7figurelives/,"VERIFIED (public embed page, rounded, 2026-09-25)","VERIFIED (public topic pages; sample, not full account history)"
vivekajeet,1,221000.0,3272.0,365000.0,365000.0,365000.0,1.6515837104072397,1.6515837104072397,4.053303720155469,2.5524655794114226,2024-07-29T04:22:16.336000+00:00,2024-07-29T04:22:16.336000+00:00,home-office-design,other,real_footage,modern_luxury,office,real_existing,en,0.0,https://www.instagram.com/reel/C9_jbkbyHmM/,https://www.instagram.com/vivekajeet/,"VERIFIED (public embed page, rounded, 2026-09-25)","VERIFIED (public topic pages; sample, not full account history)"
rc_homess,1,16000.0,5362.0,364000.0,364000.0,364000.0,22.75,22.75,1.141065830721003,5.975026144579228,2026-07-29T13:09:19.910000+00:00,2026-07-29T13:09:19.910000+00:00,luxury-house-tour,real_estate,real_footage,modern_luxury,exterior_facade,real_existing,en,0.0,https://www.instagram.com/reel/DbYMCnmsjMQ/,https://www.instagram.com/rc_homess/,"VERIFIED (public embed page, rounded, 2026-09-25)","VERIFIED (public topic pages; sample, not full account history)"
corbel_architecture,1,167000.0,355.0,363000.0,363000.0,363000.0,2.1736526946107784,2.1736526946107784,1.5921052631578947,0.954146007810881,2026-02-17T11:28:16.366000+00:00,2026-02-17T11:28:16.366000+00:00,tropical-house,designer_studio,real_footage,tropical,exterior_facade,real_existing,en,0.0,https://www.instagram.com/reel/DU23ssKkl_X/,https://www.instagram.com/corbel_architecture/,"VERIFIED (public embed page, rounded, 2026-09-25)","VERIFIED (public topic pages; sample, not full account history)"
vaigaprefab7,1,4000.0,251.0,362000.0,362000.0,362000.0,90.5,90.5,0.4807436918990704,2.929281706491209,2026-09-22T05:38:10.155000+00:00,2026-09-22T05:38:10.155000+00:00,cabins,brand_manufacturer,ai_generated,futuristic,exterior_facade,aspirational_realistic,hi,1.0,https://www.instagram.com/reel/DdlAIVJOrve/,https://www.instagram.com/vaigaprefab7/,"VERIFIED (public embed page, rounded, 2026-09-25)","VERIFIED (public topic pages; sample, not full account history)"
ivy_corleone,1,29000.0,328.0,361000.0,361000.0,361000.0,12.448275862068966,12.448275862068966,2.6159420289855073,1.298471549699242,2026-06-19T10:18:52.212000+00:00,2026-06-19T10:18:52.212000+00:00,art-deco-interior-design;minimalist-art-deco-interior-design,theme_page,unclear,mid_century,living_room,aspirational_realistic,en,0.0,https://www.instagram.com/reel/DZw4vHtoyqD/,https://www.instagram.com/ivy_corleone/,"VERIFIED (public embed page, rounded, 2026-09-25)","VERIFIED (public topic pages; sample, not full account history)"
nasze_hk31,1,36000.0,78.0,360000.0,360000.0,360000.0,10.0,10.0,1.8274111675126903,3.4485738036777445,2026-08-15T13:48:49.890000+00:00,2026-08-15T13:48:49.890000+00:00,house-tour,lifestyle_influencer,real_footage,minimalist,stairs_hall,real_existing,other,0.0,https://www.instagram.com/reel/DcECEzEgfqP/,https://www.instagram.com/nasze_hk31/,"VERIFIED (public embed page, rounded, 2026-09-25)","VERIFIED (public topic pages; sample, not full account history)"
jenga_leo,1,299000.0,12467.0,359000.0,359000.0,359000.0,1.2006688963210703,1.2006688963210703,0.7855579868708972,0.6165982795556437,2025-10-23T08:44:28.275000+00:00,2025-10-23T08:44:28.275000+00:00,modern-villa,contractor_trade,3d_render,minimalist,exterior_facade,aspirational_realistic,en,0.0,https://www.instagram.com/reel/DQJT8mNAus_/,https://www.instagram.com/jenga_leo/,"VERIFIED (public embed page, rounded, 2026-09-25)","VERIFIED (public topic pages; sample, not full account history)"
trilliumdomes,1,208000.0,712.0,359000.0,359000.0,359000.0,1.7259615384615385,1.7259615384615385,0.6767200754005656,0.35731050327417,2026-03-14T18:12:11.566000+00:00,2026-03-14T18:12:11.566000+00:00,cabin,contractor_trade,real_footage,organic_modern,other,real_existing,en,0.0,https://www.instagram.com/reel/DV39y9qibNz/,https://www.instagram.com/trilliumdomes/,"VERIFIED (public embed page, rounded, 2026-09-25)","VERIFIED (public topic pages; sample, not full account history)"
cozy__cabiin,1,41000.0,89.0,358000.0,358000.0,358000.0,8.731707317073171,8.731707317073171,0.984869325997249,1.1806074794628043,2026-09-10T16:50:09.981000+00:00,2026-09-10T16:50:09.981000+00:00,house-in-forest,theme_page,unclear,rustic_cozy,exterior_facade,stylized_dreamy,en,0.0,https://www.instagram.com/reel/DdHTfryIqa_/,https://www.instagram.com/cozy__cabiin/,"VERIFIED (public embed page, rounded, 2026-09-25)","VERIFIED (public topic pages; sample, not full account history)"
lavenderbrookfarm,1,141000.0,1940.0,356000.0,356000.0,356000.0,2.524822695035461,2.524822695035461,1.1807628524046434,0.7378554521222771,2026-04-09T14:14:37.265000+00:00,2026-04-09T14:14:37.265000+00:00,cottagecore-living-room-design,lifestyle_influencer,real_footage,rustic_cozy,living_room,real_existing,en,0.0,https://www.instagram.com/reel/DW6fRr8Enxk/,https://www.instagram.com/lavenderbrookfarm/,"VERIFIED (public embed page, rounded, 2026-09-25)","VERIFIED (public topic pages; sample, not full account history)"
aureon.studi0,1,7000.0,149.0,354000.0,354000.0,354000.0,50.57142857142857,50.57142857142857,3.0517241379310347,5.79684867049314,2026-06-19T23:39:21.210000+00:00,2026-06-19T23:39:21.210000+00:00,dubai-penthouse,ai_creator,ai_generated,warm_luxury,living_room,stylized_dreamy,en,1.0,https://www.instagram.com/reel/DZyUWCQxZCp/,https://www.instagram.com/aureon.studi0/,"VERIFIED (public embed page, rounded, 2026-09-25)","VERIFIED (public topic pages; sample, not full account history)"
nesthome.03,3,39000.0,129.0,102000.0,352000.0,543800.0,2.6153846153846154,9.025641025641026,0.5269953051643192,1.2706840897562617,2026-04-30T04:21:50.657000+00:00,2026-05-18T18:27:55.602000+00:00,cozy-cabin-in-the-snow;cozy-winter-cabin,theme_page,ai_generated,rustic_cozy,exterior_facade,stylized_dreamy,en,1.0,https://www.instagram.com/reel/DYfXRE8hEx6/,https://www.instagram.com/nesthome.03/,"VERIFIED (public embed page, rounded, 2026-09-25)","VERIFIED (public topic pages; sample, not full account history)"
estudiolfarq,2,651000.0,2288.0,342000.0,352000.0,684000.0,0.5253456221198156,0.5407066052227343,1.1111111111111112,0.35941908864649647,2025-05-12T15:45:57.249000+00:00,2025-10-25T15:35:48.136000+00:00,luxury-homes;luxury-mansion;luxury-real-estate-mansion-exterior;ultra-modern-luxury-house-design,designer_studio,3d_render,modern_luxury,exterior_facade,aspirational_realistic,pt,0.0,https://www.instagram.com/reel/DJjx0IUOT8d/,https://www.instagram.com/estudiolfarq/,"VERIFIED (public embed page, rounded, 2026-09-25)","VERIFIED (public topic pages; sample, not full account history)"
modernistgarage,2,38000.0,118.0,203050.0,352000.0,406100.0,5.343421052631579,9.263157894736842,0.7703768048012554,1.6028770800359684,2026-07-21T23:51:59.259000+00:00,2026-08-01T14:48:31.434000+00:00,mid-century-modern;mid-century-modern-living-room-ideas,lifestyle_influencer,real_footage,mid_century,living_room,real_existing,en,0.0,https://www.instagram.com/reel/DbEvOkhRDaJ/,https://www.instagram.com/modernistgarage/,"VERIFIED (public embed page, rounded, 2026-09-25)","VERIFIED (public topic pages; sample, not full account history)"
tns_realestate_,1,521.0,152.0,351000.0,351000.0,351000.0,673.704414587332,673.704414587332,5.884325230511316,27.41521144811578,2025-10-14T02:30:59.060000+00:00,2025-10-14T02:30:59.060000+00:00,luxury-apartment,real_estate,real_footage,modern_luxury,dining,real_existing,en,0.0,https://www.instagram.com/reel/DPxeDONj46y/,https://www.instagram.com/tns_realestate_/,"VERIFIED (public embed page, rounded, 2026-09-25)","VERIFIED (public topic pages; sample, not full account history)"
bests_of_amz,1,416000.0,80.0,348000.0,348000.0,348000.0,0.8365384615384616,0.8365384615384616,0.4377358490566038,0.4293568922229187,2026-02-24T16:28:36.571000+00:00,2026-02-24T16:28:36.571000+00:00,amazon-home-finds,theme_page,real_footage,organic_modern,dining,real_existing,en,0.0,https://www.instagram.com/reel/DVJbojBEiWO/,https://www.instagram.com/bests_of_amz/,"VERIFIED (public embed page, rounded, 2026-09-25)","VERIFIED (public topic pages; sample, not full account history)"
decoart_designs,1,449000.0,1912.0,346000.0,346000.0,346000.0,0.7706013363028953,0.7706013363028953,1.0548780487804879,0.9180365525599158,2025-06-04T03:58:25.739000+00:00,2025-06-04T03:58:25.739000+00:00,a-frame-modern-cabins,theme_page,real_footage,scandinavian,exterior_facade,aspirational_realistic,other,0.0,https://www.instagram.com/reel/DKdvIL5JUzF/,https://www.instagram.com/decoart_designs/,"VERIFIED (public embed page, rounded, 2026-09-25)","VERIFIED (public topic pages; sample, not full account history)"
giovanniogliormino,1,1000000.0,497.0,345000.0,345000.0,345000.0,0.345,0.345,0.32701421800947866,0.2286322138852733,2026-07-01T15:49:14.463000+00:00,2026-07-01T15:49:14.463000+00:00,luxury-resort,lifestyle_influencer,real_footage,mediterranean,pool,real_existing,en,0.0,https://www.instagram.com/reel/DaQYFVDMls1/,https://www.instagram.com/giovanniogliormino/,"VERIFIED (public embed page, rounded, 2026-09-25)","VERIFIED (public topic pages; sample, not full account history)"
amazinghotel.s,2,551000.0,3207.0,343000.0,345000.0,686000.0,0.6225045372050817,0.6261343012704175,4.868296231160652,1.0918704847121328,2022-01-04T12:17:38.554000+00:00,2024-09-23T11:05:48.162000+00:00,luxury-resort;santorini-villa,theme_page,real_footage,mediterranean,pool,real_existing,en,0.0,https://www.instagram.com/reel/CYTs_aQqwLV/,https://www.instagram.com/amazinghotel.s/,"VERIFIED (public embed page, rounded, 2026-09-25)","VERIFIED (public topic pages; sample, not full account history)"
scandi_uk,1,205000.0,1554.0,342000.0,342000.0,342000.0,1.6682926829268292,1.6682926829268292,0.7972027972027972,0.8243881934033562,2026-08-04T04:38:21.784000+00:00,2026-08-04T04:38:21.784000+00:00,cozy-bedroom-ideas,lifestyle_influencer,real_footage,organic_modern,bedroom,real_existing,other,0.0,https://www.instagram.com/reel/DbmuVa_srsx/,https://www.instagram.com/scandi_uk/,"VERIFIED (public embed page, rounded, 2026-09-25)","VERIFIED (public topic pages; sample, not full account history)"
queen.olu,1,209000.0,323.0,342000.0,342000.0,342000.0,1.6363636363636365,1.6363636363636365,0.5463258785942492,0.48519540535842076,2026-07-19T19:48:54.886000+00:00,2026-07-19T19:48:54.886000+00:00,living-room-decor,lifestyle_influencer,real_footage,maximalist,living_room,real_existing,en,0.0,https://www.instagram.com/reel/Da_J0gGhdyM/,https://www.instagram.com/queen.olu/,"VERIFIED (public embed page, rounded, 2026-09-25)","VERIFIED (public topic pages; sample, not full account history)"
eloiseoverseas,1,5000.0,31.0,341000.0,341000.0,341000.0,68.2,68.2,2.0237388724035608,6.7797832706594106,2025-01-07T18:59:02.826000+00:00,2025-01-07T18:59:02.826000+00:00,best-rooftop-pools,lifestyle_influencer,real_footage,modern_luxury,pool,real_existing,en,0.0,https://www.instagram.com/reel/DEiQjAoostH/,https://www.instagram.com/eloiseoverseas/,"VERIFIED (public embed page, rounded, 2026-09-25)","VERIFIED (public topic pages; sample, not full account history)"
housebybhatti1,1,14000.0,159.0,341000.0,341000.0,341000.0,24.357142857142858,24.357142857142858,1.7309644670050761,5.080744360892846,2026-07-24T07:18:42.616000+00:00,2026-07-24T07:18:42.616000+00:00,house-tour,contractor_trade,real_footage,minimalist,terrace_outdoor,real_existing,en,0.0,https://www.instagram.com/reel/DbKr8NvsfS-/,https://www.instagram.com/housebybhatti1/,"VERIFIED (public embed page, rounded, 2026-09-25)","VERIFIED (public topic pages; sample, not full account history)"
kiran.craft.and.creations,1,661000.0,3698.0,341000.0,341000.0,341000.0,0.5158850226928896,0.5158850226928896,0.4071641791044776,0.14939662220675518,2026-03-26T01:26:24.241000+00:00,2026-03-26T01:26:24.241000+00:00,garden-design,other,unclear,other,garden_landscape,aspirational_realistic,en,0.0,https://www.instagram.com/reel/DWVEO2MDCWu/,https://www.instagram.com/kiran.craft.and.creations/,"VERIFIED (public embed page, rounded, 2026-09-25)","VERIFIED (public topic pages; sample, not full account history)"
studio_mills,1,8000.0,429.0,340000.0,340000.0,340000.0,42.5,42.5,4.899135446685879,15.698173208353284,2026-07-03T11:18:28.865000+00:00,2026-07-03T11:18:28.865000+00:00,hotel-design,designer_studio,3d_render,minimalist,hotel_room,aspirational_realistic,en,0.0,https://www.instagram.com/reel/DaVCr-UObMn/,https://www.instagram.com/studio_mills/,"VERIFIED (public embed page, rounded, 2026-09-25)","VERIFIED (public topic pages; sample, not full account history)"
styledwithjordant,1,165000.0,390.0,338000.0,338000.0,338000.0,2.0484848484848484,2.0484848484848484,0.4038231780167264,0.255715910560925,2026-05-25T18:02:55.839000+00:00,2026-05-25T18:02:55.839000+00:00,home-decor,lifestyle_influencer,real_footage,organic_modern,living_room,real_existing,en,0.0,https://www.instagram.com/reel/DYxV-IDPo2C/,https://www.instagram.com/styledwithjordant/,"VERIFIED (public embed page, rounded, 2026-09-25)","VERIFIED (public topic pages; sample, not full account history)"
nick.arace,1,355000.0,332.0,338000.0,338000.0,338000.0,0.952112676056338,0.952112676056338,1.310077519379845,0.7523102634846299,2026-05-01T14:45:31.956000+00:00,2026-05-01T14:45:31.956000+00:00,luxury-mansion;luxury-real-estate-mansion-exterior;mansion-tour,real_estate,real_footage,modern_luxury,exterior_facade,real_existing,en,0.0,https://www.instagram.com/reel/DXzMTVtgQsL/,https://www.instagram.com/nick.arace/,"VERIFIED (public embed page, rounded, 2026-09-25)","VERIFIED (public topic pages; sample, not full account history)"
prostohousekyiv,1,72000.0,1048.0,338000.0,338000.0,338000.0,4.694444444444445,4.694444444444445,3.017857142857143,3.043148063011328,2026-07-16T08:10:33.113000+00:00,2026-07-16T08:10:33.113000+00:00,a-frame-cabin,contractor_trade,real_footage,scandinavian,exterior_facade,real_existing,other,0.0,https://www.instagram.com/reel/Da2Lg6gOUat/,https://www.instagram.com/prostohousekyiv/,"VERIFIED (public embed page, rounded, 2026-09-25)","VERIFIED (public topic pages; sample, not full account history)"
cozycabinlife1,2,13000.0,41.0,314500.0,337000.0,629000.0,24.192307692307693,25.923076923076923,1.2701064453449058,1.5714678058513023,2026-08-05T14:09:28.617000+00:00,2026-08-23T12:40:27.088000+00:00,ai-cozy-cabin;cozy-cabin;cozy-cabin-in-the-snow,theme_page,ai_generated,rustic_cozy,exterior_facade,stylized_dreamy,en,1.0,https://www.instagram.com/reel/DbqUfQoNY9B/,https://www.instagram.com/cozycabinlife1/,"VERIFIED (public embed page, rounded, 2026-09-25)","VERIFIED (public topic pages; sample, not full account history)"
mydreamhome_realtors,1,4000.0,576.0,337000.0,337000.0,337000.0,84.25,84.25,1.1158940397350994,5.009904543361712,2025-06-20T08:54:08.097000+00:00,2025-06-20T08:54:08.097000+00:00,luxury-master-bedroom,real_estate,real_footage,modern_luxury,bedroom,real_existing,en,0.0,https://www.instagram.com/reel/DLHdsAETm3P/,https://www.instagram.com/mydreamhome_realtors/,"VERIFIED (public embed page, rounded, 2026-09-25)","VERIFIED (public topic pages; sample, not full account history)"
villaharmonybali,1,3000.0,37.0,332000.0,332000.0,332000.0,110.66666666666667,110.66666666666667,2.049382716049383,6.103319921791538,2026-06-24T19:05:28.456000+00:00,2026-06-24T19:05:28.456000+00:00,bali-villa,real_estate,real_footage,organic_modern,pool,real_existing,en,0.0,https://www.instagram.com/reel/DZ-s-dXypDo/,https://www.instagram.com/villaharmonybali/,"VERIFIED (public embed page, rounded, 2026-09-25)","VERIFIED (public topic pages; sample, not full account history)"
wheretoeatcharlotte,1,240000.0,1077.0,331000.0,331000.0,331000.0,1.3791666666666667,1.3791666666666667,1.2236598890942698,0.6829042556749343,2025-10-20T23:59:33.976000+00:00,2025-10-20T23:59:33.976000+00:00,glamping-ideas,lifestyle_influencer,real_footage,rustic_cozy,terrace_outdoor,real_existing,en,0.0,https://www.instagram.com/reel/DQDOSU_jlK0/,https://www.instagram.com/wheretoeatcharlotte/,"VERIFIED (public embed page, rounded, 2026-09-25)","VERIFIED (public topic pages; sample, not full account history)"
arjen.richmond,1,6000.0,67.0,330000.0,330000.0,330000.0,55.0,55.0,0.8048780487804879,3.665959574758919,2026-05-12T15:51:55.902000+00:00,2026-05-12T15:51:55.902000+00:00,dubai-luxury-interior-design-trends,real_estate,real_footage,modern_luxury,bedroom,real_existing,en,0.0,https://www.instagram.com/reel/DYPopSSolJU/,https://www.instagram.com/arjen.richmond/,"VERIFIED (public embed page, rounded, 2026-09-25)","VERIFIED (public topic pages; sample, not full account history)"
ant.archviz,2,214000.0,191.0,301500.0,329000.0,603000.0,1.4088785046728973,1.5373831775700935,1.1229113869679137,1.2016863151155661,2025-05-31T15:49:27.701000+00:00,2025-07-02T15:56:49.140000+00:00,ai-architecture;ai-render,designer_studio,3d_render,futuristic,exterior_facade,aspirational_realistic,en,0.0,https://www.instagram.com/reel/DKUtUceS7XW/,https://www.instagram.com/ant.archviz/,"VERIFIED (public embed page, rounded, 2026-09-25)","VERIFIED (public topic pages; sample, not full account history)"
renovohaus_1,1,14000.0,137.0,329000.0,329000.0,329000.0,23.5,23.5,1.0345911949685536,2.0139152566432568,2026-08-24T15:48:24.140000+00:00,2026-08-24T15:48:24.140000+00:00,modern-house,designer_studio,ai_generated,modern_luxury,stairs_hall,aspirational_realistic,en,1.0,https://www.instagram.com/reel/Dcba6b5o_90/,https://www.instagram.com/renovohaus_1/,"VERIFIED (public embed page, rounded, 2026-09-25)","VERIFIED (public topic pages; sample, not full account history)"
johnnyhilbrant,1,462000.0,1283.0,328000.0,328000.0,328000.0,0.70995670995671,0.70995670995671,5.377049180327869,3.7457852305555535,2026-05-19T13:55:45.929000+00:00,2026-05-19T13:55:45.929000+00:00,aspen,other,real_footage,rustic_cozy,none_person_only,real_existing,en,0.0,https://www.instagram.com/reel/DYhc6lYOVyb/,https://www.instagram.com/johnnyhilbrant/,"VERIFIED (public embed page, rounded, 2026-09-25)","VERIFIED (public topic pages; sample, not full account history)"
romantic.atlanta,1,138000.0,245.0,327000.0,327000.0,327000.0,2.369565217391304,2.369565217391304,0.6163996229971724,0.39430719855584623,2026-04-23T23:50:23.791000+00:00,2026-04-23T23:50:23.791000+00:00,cabin,theme_page,real_footage,other,exterior_facade,real_existing,en,0.0,https://www.instagram.com/reel/DXfkTCrAMUt/,https://www.instagram.com/romantic.atlanta/,"VERIFIED (public embed page, rounded, 2026-09-25)","VERIFIED (public topic pages; sample, not full account history)"
raul.marchisio,1,403000.0,892.0,326000.0,326000.0,326000.0,0.8089330024813896,0.8089330024813896,0.15902439024390244,0.11545502585481791,2026-09-05T16:05:35.706000+00:00,2026-09-05T16:05:35.706000+00:00,monaco,lifestyle_influencer,real_footage,other,other,real_existing,fr,0.0,https://www.instagram.com/reel/Dc6Wa3Ao7Eu/,https://www.instagram.com/raul.marchisio/,"VERIFIED (public embed page, rounded, 2026-09-25)","VERIFIED (public topic pages; sample, not full account history)"
luxury_listings,1,4000000.0,175.0,325000.0,325000.0,325000.0,0.08125,0.08125,3.3146353901070884,0.8054660229664087,2026-02-07T16:38:00.383000+00:00,2026-02-07T16:38:00.383000+00:00,malibu-house,media_publication,real_footage,modern_luxury,living_room,real_existing,en,0.0,https://www.instagram.com/reel/DUdrMfzCjQp/,https://www.instagram.com/luxury_listings/,"VERIFIED (public embed page, rounded, 2026-09-25)","VERIFIED (public topic pages; sample, not full account history)"
rainydaisy5,1,13000.0,163.0,323000.0,323000.0,323000.0,24.846153846153847,24.846153846153847,0.0838961038961039,0.550058499188585,2026-07-20T22:54:34.074000+00:00,2026-07-20T22:54:34.074000+00:00,cozy-rain,theme_page,ai_generated,rustic_cozy,other,stylized_dreamy,en,1.0,https://www.instagram.com/reel/DbCD3JAh34M/,https://www.instagram.com/rainydaisy5/,"VERIFIED (public embed page, rounded, 2026-09-25)","VERIFIED (public topic pages; sample, not full account history)"
collarsandco.travel,1,69000.0,73.0,323000.0,323000.0,323000.0,4.681159420289855,4.681159420289855,1.1940850277264325,1.3824053165915569,2026-04-20T00:16:25.271000+00:00,2026-04-20T00:16:25.271000+00:00,luxury-hotel,lifestyle_influencer,real_footage,other,none_person_only,real_existing,en,0.0,https://www.instagram.com/reel/DXVUGJvAI4L/,https://www.instagram.com/collarsandco.travel/,"VERIFIED (public embed page, rounded, 2026-09-25)","VERIFIED (public topic pages; sample, not full account history)"
soft_arch_studio_2206,1,86000.0,119.0,322000.0,322000.0,322000.0,3.744186046511628,3.744186046511628,2.752136752136752,3.2636315254200117,2026-05-03T15:49:31.112000+00:00,2026-05-03T15:49:31.112000+00:00,organic-modern-kitchen-designs,ai_creator,ai_generated,mediterranean,kitchen,aspirational_realistic,en,1.0,https://www.instagram.com/reel/DX4dNvHyR3H/,https://www.instagram.com/soft_arch_studio_2206/,"VERIFIED (public embed page, rounded, 2026-09-25)","VERIFIED (public topic pages; sample, not full account history)"
malibuhomesbyizzy,1,2000.0,199.0,322000.0,322000.0,322000.0,161.0,161.0,3.284038755736869,27.91837169793652,2026-07-27T04:13:52.670000+00:00,2026-07-27T04:13:52.670000+00:00,malibu-house,real_estate,real_footage,other,terrace_outdoor,real_existing,en,0.0,https://www.instagram.com/reel/DbSFLFiz7J-/,https://www.instagram.com/malibuhomesbyizzy/,"VERIFIED (public embed page, rounded, 2026-09-25)","VERIFIED (public topic pages; sample, not full account history)"
itsmesohaib,2,352000.0,148.0,301000.0,321000.0,602000.0,0.8551136363636365,0.9119318181818182,2.594827586206897,0.7888611457896424,2026-01-12T16:43:40.783000+00:00,2026-05-12T22:19:36.520000+00:00,dubai-penthouse,lifestyle_influencer,real_footage,minimalist,living_room,real_existing,en,0.0,https://www.instagram.com/reel/DTavLTLE3x1/,https://www.instagram.com/itsmesohaib/,"VERIFIED (public embed page, rounded, 2026-09-25)","VERIFIED (public topic pages; sample, not full account history)"
hardwarerenaissance,1,6000.0,958.0,321000.0,321000.0,321000.0,53.5,53.5,7.772397094430993,2.5923557379298696,2026-09-05T19:37:34.810000+00:00,2026-09-05T19:37:34.810000+00:00,japandi;wabi-sabi-japandi-interior-design,brand_manufacturer,ai_generated,japandi,living_room,aspirational_realistic,en,1.0,https://www.instagram.com/reel/Dc6urfAgl1U/,https://www.instagram.com/hardwarerenaissance/,"VERIFIED (public embed page, rounded, 2026-09-25)","VERIFIED (public topic pages; sample, not full account history)"
dfmarin,1,296000.0,633.0,320000.0,320000.0,320000.0,1.0810810810810811,1.0810810810810811,0.5673758865248227,0.3051082342157447,2026-01-07T16:51:16.481000+00:00,2026-01-07T16:51:16.481000+00:00,quiet-luxury,lifestyle_influencer,real_footage,mediterranean,terrace_outdoor,real_existing,en,0.0,https://www.instagram.com/reel/DTN4EjUEVAC/,https://www.instagram.com/dfmarin/,"VERIFIED (public embed page, rounded, 2026-09-25)","VERIFIED (public topic pages; sample, not full account history)"
island.realtor,1,561000.0,2547.0,320000.0,320000.0,320000.0,0.5704099821746881,0.5704099821746881,1.7534246575342465,1.0357490331124932,2025-11-13T14:01:13.033000+00:00,2025-11-13T14:01:13.033000+00:00,future-home;modern-luxury-house-interiors,real_estate,real_footage,modern_luxury,living_room,real_existing,en,0.0,https://www.instagram.com/reel/DQ_8444DvZ5/,https://www.instagram.com/island.realtor/,"VERIFIED (public embed page, rounded, 2026-09-25)","VERIFIED (public topic pages; sample, not full account history)"
doubletree7s,1,36000.0,95.0,320000.0,320000.0,320000.0,8.88888888888889,8.88888888888889,0.12075471698113208,0.2220901303286453,2026-09-15T15:12:07.917000+00:00,2026-09-15T15:12:07.917000+00:00,treehouse,theme_page,ai_generated,other,other,aspirational_realistic,en,1.0,https://www.instagram.com/reel/DdUAQCKJL5D/,https://www.instagram.com/doubletree7s/,"VERIFIED (public embed page, rounded, 2026-09-25)","VERIFIED (public topic pages; sample, not full account history)"
cata.haus,1,120000.0,128.0,318000.0,318000.0,318000.0,2.65,2.65,1.2669322709163346,1.596974960728474,2026-04-14T10:59:50.516000+00:00,2026-04-14T10:59:50.516000+00:00,mid-century-modern-living-room-ideas,lifestyle_influencer,real_footage,mid_century,living_room,real_existing,en,0.0,https://www.instagram.com/reel/DXHA9dNjfA-/,https://www.instagram.com/cata.haus/,"VERIFIED (public embed page, rounded, 2026-09-25)","VERIFIED (public topic pages; sample, not full account history)"
quangquacs,1,174000.0,610.0,315000.0,315000.0,315000.0,1.8103448275862069,1.8103448275862069,1.6844919786096257,2.777818717144857,2025-11-28T05:54:01.788000+00:00,2025-11-28T05:54:01.788000+00:00,waterfall-house,theme_page,unclear,tropical,living_room,aspirational_realistic,other,0.0,https://www.instagram.com/reel/DRltDvxkYpV/,https://www.instagram.com/quangquacs/,"VERIFIED (public embed page, rounded, 2026-09-25)","VERIFIED (public topic pages; sample, not full account history)"
yourfantasyhomes,3,23000.0,245.0,24800.0,313000.0,352700.0,1.0782608695652174,13.608695652173912,0.6278481012658228,0.8486030292435336,2024-04-15T02:25:15.274000+00:00,2024-07-07T12:27:32.025000+00:00,future-home;future-house;future-houses-2050,theme_page,ai_generated,futuristic,exterior_facade,fantasy_impossible,en,1.0,https://www.instagram.com/reel/C5w-koYrT8J/,https://www.instagram.com/yourfantasyhomes/,"VERIFIED (public embed page, rounded, 2026-09-25)","VERIFIED (public topic pages; sample, not full account history)"
tarini.kalingarayar,1,338000.0,398.0,313000.0,313000.0,313000.0,0.9260355029585798,0.9260355029585798,5.032154340836013,4.152677196682707,2025-04-18T11:37:56.751000+00:00,2025-04-18T11:37:56.751000+00:00,luxury-villa-with-pool,lifestyle_influencer,real_footage,modern_luxury,bathroom,real_existing,en,0.0,https://www.instagram.com/reel/DIliWqbSVHv/,https://www.instagram.com/tarini.kalingarayar/,"VERIFIED (public embed page, rounded, 2026-09-25)","VERIFIED (public topic pages; sample, not full account history)"
alta.chinafurniture,1,35000.0,285.0,312000.0,312000.0,312000.0,8.914285714285715,8.914285714285715,0.4288659793814433,1.1390408351404318,2026-08-07T07:34:11.059000+00:00,2026-08-07T07:34:11.059000+00:00,furniture-design,brand_manufacturer,real_footage,modern_luxury,living_room,real_existing,en,0.0,https://www.instagram.com/reel/Dbuw1zNNEFS/,https://www.instagram.com/alta.chinafurniture/,"VERIFIED (public embed page, rounded, 2026-09-25)","VERIFIED (public topic pages; sample, not full account history)"
baliinteriordesign,2,64000.0,263.0,184700.0,312000.0,369400.0,2.8859375,4.875,2.5822076198900614,3.0805877389725715,2026-03-12T02:36:35.390000+00:00,2026-03-25T13:41:02.940000+00:00,mediterranean-house;tropical-house;tropical-house-architecture-styles;tropical-villa,designer_studio,ai_generated,tropical,exterior_facade,aspirational_realistic,en,1.0,https://www.instagram.com/reel/DWTzgrBk9aB/,https://www.instagram.com/baliinteriordesign/,"VERIFIED (public embed page, rounded, 2026-09-25)","VERIFIED (public topic pages; sample, not full account history)"
explore_home_inspo,3,,,26100.0,311000.0,352700.0,,,0.4040247678018576,,2025-03-30T20:34:09.623000+00:00,2025-05-21T23:19:42.020000+00:00,beach-house;mediterranean-house,,,,,,,,https://www.instagram.com/reel/DJ7w5V1xje3/,https://www.instagram.com/explore_home_inspo/,UNKNOWN,"VERIFIED (public topic pages; sample, not full account history)"
project_ivel,1,227000.0,1106.0,311000.0,311000.0,311000.0,1.3700440528634361,1.3700440528634361,0.40706806282722513,0.22954527126334143,2026-02-06T06:41:49.471000+00:00,2026-02-06T06:41:49.471000+00:00,outdoor-kitchen,lifestyle_influencer,real_footage,other,terrace_outdoor,real_existing,en,0.0,https://www.instagram.com/reel/DUaCLDjAjnW/,https://www.instagram.com/project_ivel/,"VERIFIED (public embed page, rounded, 2026-09-25)","VERIFIED (public topic pages; sample, not full account history)"
ojc_concept,1,109000.0,2663.0,311000.0,311000.0,311000.0,2.853211009174312,2.853211009174312,3.9846252402306215,3.01396103738432,2026-01-22T15:27:10.205000+00:00,2026-01-22T15:27:10.205000+00:00,luxury-furniture,brand_manufacturer,real_footage,modern_luxury,living_room,real_existing,en,0.0,https://www.instagram.com/reel/DT0WXrSDcQc/,https://www.instagram.com/ojc_concept/,"VERIFIED (public embed page, rounded, 2026-09-25)","VERIFIED (public topic pages; sample, not full account history)"
bossiselitetravel,1,4000.0,287.0,310000.0,310000.0,310000.0,77.5,77.5,6.424870466321243,26.398064904814124,2024-04-30T01:01:24.781000+00:00,2024-04-30T01:01:24.781000+00:00,cook-islands-luxury-resorts,other,,,,,en,,https://www.instagram.com/reel/C6Xc5rqJvlo/,https://www.instagram.com/bossiselitetravel/,"VERIFIED (public embed page, rounded, 2026-09-25)","VERIFIED (public topic pages; sample, not full account history)"
montaznekuceadles,1,206000.0,668.0,310000.0,310000.0,310000.0,1.5048543689320388,1.5048543689320388,0.9451219512195121,1.1841406539754324,2026-03-05T21:10:32.483000+00:00,2026-03-05T21:10:32.483000+00:00,a-frame-modern-cabins,contractor_trade,real_footage,other,exterior_facade,real_existing,other,0.0,https://www.instagram.com/reel/DVhHDWlDpa2/,https://www.instagram.com/montaznekuceadles/,"VERIFIED (public embed page, rounded, 2026-09-25)","VERIFIED (public topic pages; sample, not full account history)"
imaginetheinterior,1,3000.0,241.0,310000.0,310000.0,310000.0,103.33333333333333,103.33333333333333,0.498793242156074,2.8065975547632145,2026-01-24T10:42:36.713000+00:00,2026-01-24T10:42:36.713000+00:00,luxury-kitchen-design,designer_studio,real_footage,modern_luxury,kitchen,real_existing,en,0.0,https://www.instagram.com/reel/DT4_ZQoEjLv/,https://www.instagram.com/imaginetheinterior/,"VERIFIED (public embed page, rounded, 2026-09-25)","VERIFIED (public topic pages; sample, not full account history)"
lhasainteriors,1,57000.0,1285.0,308000.0,308000.0,308000.0,5.4035087719298245,5.4035087719298245,1.2125984251968505,1.5403585444910177,2026-03-07T20:06:58.268000+00:00,2026-03-07T20:06:58.268000+00:00,luxury-master-bedroom-interior-design,designer_studio,ai_generated,warm_luxury,bedroom,aspirational_realistic,en,1.0,https://www.instagram.com/reel/DVmJXgBk37r/,https://www.instagram.com/lhasainteriors/,"VERIFIED (public embed page, rounded, 2026-09-25)","VERIFIED (public topic pages; sample, not full account history)"
chic_interiors_by_shante,1,340000.0,525.0,307000.0,307000.0,307000.0,0.9029411764705882,0.9029411764705882,3.4092171016102166,1.7551174892765573,2025-03-25T15:48:15.512000+00:00,2025-03-25T15:48:15.512000+00:00,home-office-design,designer_studio,real_footage,modern_luxury,office,real_existing,en,0.0,https://www.instagram.com/reel/DHoL7Afu01H/,https://www.instagram.com/chic_interiors_by_shante/,"VERIFIED (public embed page, rounded, 2026-09-25)","VERIFIED (public topic pages; sample, not full account history)"
s4b_sh,1,19000.0,35.0,306000.0,306000.0,306000.0,16.105263157894736,16.105263157894736,0.9760765550239234,1.4413933519421949,2026-07-27T19:35:10.564000+00:00,2026-07-27T19:35:10.564000+00:00,japandi,lifestyle_influencer,real_footage,minimalist,none_person_only,real_existing,en,0.0,https://www.instagram.com/reel/DbTum4FuA0t/,https://www.instagram.com/s4b_sh/,"VERIFIED (public embed page, rounded, 2026-09-25)","VERIFIED (public topic pages; sample, not full account history)"
mablleinteriors,1,13000.0,192.0,306000.0,306000.0,306000.0,23.53846153846154,23.53846153846154,10.987432675044884,5.281985644106389,2025-06-30T14:05:56.340000+00:00,2025-06-30T14:05:56.340000+00:00,wabi-sabi-interior,designer_studio,unclear,japandi,office,aspirational_realistic,en,0.0,https://www.instagram.com/reel/DLhxUeNzX3l/,https://www.instagram.com/mablleinteriors/,"VERIFIED (public embed page, rounded, 2026-09-25)","VERIFIED (public topic pages; sample, not full account history)"
d5officialaccount,1,245000.0,913.0,305000.0,305000.0,305000.0,1.2448979591836735,1.2448979591836735,0.5992141453831041,0.5296358993425426,2025-09-10T09:53:21.873000+00:00,2025-09-10T09:53:21.873000+00:00,landscape-design-ai,brand_manufacturer,3d_render,organic_modern,garden_landscape,aspirational_realistic,en,0.0,https://www.instagram.com/reel/DOatpj8CoSw/,https://www.instagram.com/d5officialaccount/,"VERIFIED (public embed page, rounded, 2026-09-25)","VERIFIED (public topic pages; sample, not full account history)"
aqp_mountainescape,1,,,305000.0,305000.0,305000.0,,,2.7232142857142856,,2026-06-03T22:57:31.191000+00:00,2026-06-03T22:57:31.191000+00:00,a-frame-cabin,,,,,,,,https://www.instagram.com/reel/DZJC1ovRJQW/,https://www.instagram.com/aqp_mountainescape/,UNKNOWN,"VERIFIED (public topic pages; sample, not full account history)"
whatsupgloriya,1,8000.0,271.0,305000.0,305000.0,305000.0,38.125,38.125,0.6815642458100558,0.8352852725154996,2026-09-12T14:24:09.177000+00:00,2026-09-12T14:24:09.177000+00:00,room-makeover,lifestyle_influencer,real_footage,other,other,real_existing,en,0.0,https://www.instagram.com/reel/DdMMYAAKYJW/,https://www.instagram.com/whatsupgloriya/,"VERIFIED (public embed page, rounded, 2026-09-25)","VERIFIED (public topic pages; sample, not full account history)"
missvanediva,1,186000.0,2256.0,305000.0,305000.0,305000.0,1.6397849462365592,1.6397849462365592,0.8866279069767442,0.773417458417406,2024-12-31T23:35:12.652000+00:00,2024-12-31T23:35:12.652000+00:00,luxury-closet,lifestyle_influencer,real_footage,modern_luxury,closet,real_existing,en,0.0,https://www.instagram.com/reel/DEQulkZx-ow/,https://www.instagram.com/missvanediva/,"VERIFIED (public embed page, rounded, 2026-09-25)","VERIFIED (public topic pages; sample, not full account history)"
klosetworx,1,16000.0,198.0,303000.0,303000.0,303000.0,18.9375,18.9375,2.4278846153846154,1.3754400105330082,2026-07-04T16:44:00.548000+00:00,2026-07-04T16:44:00.548000+00:00,walk-in-closet,brand_manufacturer,unclear,modern_luxury,closet,aspirational_realistic,en,0.0,https://www.instagram.com/reel/DaYMvFlp6Rq/,https://www.instagram.com/klosetworx/,"VERIFIED (public embed page, rounded, 2026-09-25)","VERIFIED (public topic pages; sample, not full account history)"
tarekalkhattab,2,166000.0,483.0,278500.0,302000.0,557000.0,1.677710843373494,1.819277108433735,1.1606217616580312,1.1994296212411075,2024-11-04T15:13:08.901000+00:00,2025-11-08T14:49:11.789000+00:00,luxury-dining-room;luxury-master-bedroom,designer_studio,3d_render,modern_luxury,bedroom,aspirational_realistic,en,0.0,https://www.instagram.com/reel/DB9D0emNVyR/,https://www.instagram.com/tarekalkhattab/,"VERIFIED (public embed page, rounded, 2026-09-25)","VERIFIED (public topic pages; sample, not full account history)"
misaliddiard,1,313000.0,1007.0,302000.0,302000.0,302000.0,0.9648562300319489,0.9648562300319489,7.438423645320197,3.5863888983101684,2026-03-20T11:58:35.910000+00:00,2026-03-20T11:58:35.910000+00:00,coastal-bedroom-design-ideas,lifestyle_influencer,real_footage,modern_luxury,bedroom,real_existing,en,0.0,https://www.instagram.com/reel/DWGvz7WjoLa/,https://www.instagram.com/misaliddiard/,"VERIFIED (public embed page, rounded, 2026-09-25)","VERIFIED (public topic pages; sample, not full account history)"
royal_interiors_official_,1,7000.0,466.0,301000.0,301000.0,301000.0,43.0,43.0,1.4333333333333333,2.4272193939209963,2026-04-18T12:10:03.519000+00:00,2026-04-18T12:10:03.519000+00:00,luxury-room,contractor_trade,real_footage,modern_luxury,bedroom,real_existing,en,0.0,https://www.instagram.com/reel/DXRcLPTB0Jd/,https://www.instagram.com/royal_interiors_official_/,"VERIFIED (public embed page, rounded, 2026-09-25)","VERIFIED (public topic pages; sample, not full account history)"
sam_sharma,1,963000.0,467.0,301000.0,301000.0,301000.0,0.3125649013499481,0.3125649013499481,1.3712984054669703,0.7946475750758856,2026-03-06T13:55:43.470000+00:00,2026-03-06T13:55:43.470000+00:00,container-home-luxury-models-2026,theme_page,ai_generated,modern_luxury,exterior_facade,aspirational_realistic,en,1.0,https://www.instagram.com/reel/DVi6FiKimQn/,https://www.instagram.com/sam_sharma/,"VERIFIED (public embed page, rounded, 2026-09-25)","VERIFIED (public topic pages; sample, not full account history)"
markonyc,1,111000.0,644.0,300000.0,300000.0,300000.0,2.7027027027027026,2.7027027027027026,1.3793103448275863,0.21440291602598485,2024-10-28T11:39:06.734000+00:00,2024-10-28T11:39:06.734000+00:00,luxury-penthouse;penthouse-tour,real_estate,real_footage,modern_luxury,living_room,real_existing,en,0.0,https://www.instagram.com/reel/DBqpwtKqV1U/,https://www.instagram.com/markonyc/,"VERIFIED (public embed page, rounded, 2026-09-25)","VERIFIED (public topic pages; sample, not full account history)"
the.archart,1,245000.0,191.0,300000.0,300000.0,300000.0,1.2244897959183674,1.2244897959183674,0.7989347536617842,0.46840058260432,2025-12-09T15:11:44.310000+00:00,2025-12-09T15:11:44.310000+00:00,ai-architecture,ai_creator,ai_generated,other,exterior_facade,stylized_dreamy,en,1.0,https://www.instagram.com/reel/DSDBoJujwCf/,https://www.instagram.com/the.archart/,"VERIFIED (public embed page, rounded, 2026-09-25)","VERIFIED (public topic pages; sample, not full account history)"
aaronkirman,1,372000.0,1250.0,299000.0,299000.0,299000.0,0.803763440860215,0.803763440860215,1.099264705882353,1.2110855445007656,2022-01-12T19:04:41.221000+00:00,2022-01-12T19:04:41.221000+00:00,beverly-hills-mansion,real_estate,real_footage,modern_luxury,exterior_facade,real_existing,en,0.0,https://www.instagram.com/reel/CYpB7sWIKJr/,https://www.instagram.com/aaronkirman/,"VERIFIED (public embed page, rounded, 2026-09-25)","VERIFIED (public topic pages; sample, not full account history)"
limited.pool,1,614.0,28.0,298000.0,298000.0,298000.0,485.34201954397395,485.34201954397395,1.768545994065282,15.799877540565403,2026-05-15T10:14:59.911000+00:00,2026-05-15T10:14:59.911000+00:00,best-rooftop-pools,contractor_trade,real_footage,modern_luxury,pool,real_existing,en,0.0,https://www.instagram.com/reel/DYWweI3Mgji/,https://www.instagram.com/limited.pool/,"VERIFIED (public embed page, rounded, 2026-09-25)","VERIFIED (public topic pages; sample, not full account history)"
calebulf,1,216000.0,356.0,298000.0,298000.0,298000.0,1.3796296296296295,1.3796296296296295,0.2824644549763033,0.4043954501797055,2026-05-03T19:58:45.109000+00:00,2026-05-03T19:58:45.109000+00:00,luxury-resort,lifestyle_influencer,real_footage,traditional_regional,exterior_facade,real_existing,en,0.0,https://www.instagram.com/reel/DX45vLOB93q/,https://www.instagram.com/calebulf/,"VERIFIED (public embed page, rounded, 2026-09-25)","VERIFIED (public topic pages; sample, not full account history)"
sagrace_designs,2,14000.0,62.0,211500.0,297000.0,423000.0,15.107142857142858,21.214285714285715,0.8363171355498721,1.3921390911423814,2024-08-14T10:17:23.228000+00:00,2024-10-06T19:37:58.989000+00:00,mid-century-modern;minimalist-art-deco-interior-design,designer_studio,3d_render,mid_century,living_room,aspirational_realistic,en,0.0,https://www.instagram.com/reel/C-pYyght5Tn/,https://www.instagram.com/sagrace_designs/,"VERIFIED (public embed page, rounded, 2026-09-25)","VERIFIED (public topic pages; sample, not full account history)"
builderswife,1,124000.0,779.0,296000.0,296000.0,296000.0,2.3870967741935485,2.3870967741935485,0.434654919236417,0.40928541187142764,2026-02-15T08:53:10.712000+00:00,2026-02-15T08:53:10.712000+00:00,kitchen-inspiration,lifestyle_influencer,real_footage,modern_luxury,kitchen,real_existing,en,0.0,https://www.instagram.com/reel/DUxcW_vkdPH/,https://www.instagram.com/builderswife/,"VERIFIED (public embed page, rounded, 2026-09-25)","VERIFIED (public topic pages; sample, not full account history)"
mg.archy,1,25000.0,50.0,293000.0,293000.0,293000.0,11.72,11.72,0.7802929427430093,1.330312916735734,2025-11-15T12:48:27.379000+00:00,2025-11-15T12:48:27.379000+00:00,ai-architecture;midjourney-architecture,ai_creator,ai_generated,modern_luxury,exterior_facade,aspirational_realistic,en,1.0,https://www.instagram.com/reel/DRE-JuNDsD8/,https://www.instagram.com/mg.archy/,"VERIFIED (public embed page, rounded, 2026-09-25)","VERIFIED (public topic pages; sample, not full account history)"
peachesanddiesel104,1,884000.0,641.0,293000.0,293000.0,293000.0,0.33144796380090497,0.33144796380090497,4.80327868852459,2.470220959864187,2025-08-11T16:59:24.360000+00:00,2025-08-11T16:59:24.360000+00:00,aspen,lifestyle_influencer,real_footage,other,none_person_only,real_existing,en,0.0,https://www.instagram.com/reel/DNOOju3xhcq/,https://www.instagram.com/peachesanddiesel104/,"VERIFIED (public embed page, rounded, 2026-09-25)","VERIFIED (public topic pages; sample, not full account history)"
the.oracle.of.legend,1,595.0,68.0,291000.0,291000.0,291000.0,489.07563025210084,489.07563025210084,0.45754716981132076,4.826376135876371,2026-08-14T17:27:44.779000+00:00,2026-08-14T17:27:44.779000+00:00,home-library,theme_page,real_footage,traditional_regional,other,real_existing,en,0.0,https://www.instagram.com/reel/DcB2VTZMxeK/,https://www.instagram.com/the.oracle.of.legend/,"VERIFIED (public embed page, rounded, 2026-09-25)","VERIFIED (public topic pages; sample, not full account history)"
yulayeloficial,1,320000.0,1027.0,289000.0,289000.0,289000.0,0.903125,0.903125,0.289,0.12556382930216198,2026-09-22T17:04:04.904000+00:00,2026-09-22T17:04:04.904000+00:00,tulum,lifestyle_influencer,real_footage,other,terrace_outdoor,real_existing,es,0.0,https://www.instagram.com/reel/DdmOoGnzNtK/,https://www.instagram.com/yulayeloficial/,"VERIFIED (public embed page, rounded, 2026-09-25)","VERIFIED (public topic pages; sample, not full account history)"
danielseanmaguire,1,82000.0,1216.0,287000.0,287000.0,287000.0,3.5,3.5,71.76794198549638,23.408309181842018,2025-04-30T00:17:35.469000+00:00,2025-04-30T00:17:35.469000+00:00,ai-virtual-staging;virtual-staging,real_estate,real_footage,other,other,real_existing,en,0.0,https://www.instagram.com/reel/DJDOCGKN_xW/,https://www.instagram.com/danielseanmaguire/,"VERIFIED (public embed page, rounded, 2026-09-25)","VERIFIED (public topic pages; sample, not full account history)"
saudi.arabia,1,473000.0,734.0,286000.0,286000.0,286000.0,0.6046511627906976,0.6046511627906976,0.7586206896551724,0.45246024055365974,2024-05-10T17:50:36.169000+00:00,2024-05-10T17:50:36.169000+00:00,saudi-arabia-architecture,theme_page,real_footage,futuristic,exterior_facade,real_existing,en,0.0,https://www.instagram.com/reel/C6zAV9YKE5q/,https://www.instagram.com/saudi.arabia/,"VERIFIED (public embed page, rounded, 2026-09-25)","VERIFIED (public topic pages; sample, not full account history)"
dreamsorcery,1,167000.0,577.0,286000.0,286000.0,286000.0,1.7125748502994012,1.7125748502994012,0.12434782608695652,0.22703576843481807,2023-09-27T15:57:20.949000+00:00,2023-09-27T15:57:20.949000+00:00,dream-home,ai_creator,ai_generated,traditional_regional,other,stylized_dreamy,en,1.0,https://www.instagram.com/reel/Cxs3utuNMGk/,https://www.instagram.com/dreamsorcery/,"VERIFIED (public embed page, rounded, 2026-09-25)","VERIFIED (public topic pages; sample, not full account history)"
container_house_lisa,1,201000.0,1093.0,285000.0,285000.0,285000.0,1.4179104477611941,1.4179104477611941,0.5688622754491018,0.5918636518740451,2026-02-22T14:19:58.943000+00:00,2026-02-22T14:19:58.943000+00:00,container-house,brand_manufacturer,real_footage,industrial,exterior_facade,real_existing,en,0.0,https://www.instagram.com/reel/DVEDUtDCcZ3/,https://www.instagram.com/container_house_lisa/,"VERIFIED (public embed page, rounded, 2026-09-25)","VERIFIED (public topic pages; sample, not full account history)"
unplugged.rest,1,238000.0,930.0,281000.0,281000.0,281000.0,1.180672268907563,1.180672268907563,0.37317397078353254,0.33637893947128056,2026-09-08T12:18:38.626000+00:00,2026-09-08T12:18:38.626000+00:00,cabins,other,real_footage,scandinavian,bedroom,real_existing,en,0.0,https://www.instagram.com/reel/DdBq1Pkuktl/,https://www.instagram.com/unplugged.rest/,"VERIFIED (public embed page, rounded, 2026-09-25)","VERIFIED (public topic pages; sample, not full account history)"
henriq.arq,1,1000000.0,992.0,280000.0,280000.0,280000.0,0.28,0.28,2.726387536514119,0.6296720205474655,2026-02-28T01:02:09.514000+00:00,2026-02-28T01:02:09.514000+00:00,kids-room-design,designer_studio,3d_render,tropical,bedroom,aspirational_realistic,en,0.0,https://www.instagram.com/reel/DVSEyhIjoR0/,https://www.instagram.com/henriq.arq/,"VERIFIED (public embed page, rounded, 2026-09-25)","VERIFIED (public topic pages; sample, not full account history)"
beyondbespokevillas,2,109000.0,124.0,153150.0,280000.0,306300.0,1.405045871559633,2.5688073394495414,1.0378935061809054,2.090182618761867,2025-10-26T04:24:17.346000+00:00,2026-05-24T03:39:04.416000+00:00,boutique-hotel;tropical-villa,other,real_footage,tropical,pool,real_existing,en,0.0,https://www.instagram.com/reel/DQQkjl0kjPj/,https://www.instagram.com/beyondbespokevillas/,"VERIFIED (public embed page, rounded, 2026-09-25)","VERIFIED (public topic pages; sample, not full account history)"
meridas.house,1,,,279000.0,279000.0,279000.0,,,2.0014347202295553,,2025-01-15T18:40:05.017000+00:00,2025-01-15T18:40:05.017000+00:00,organic-modern,,,,,,,,https://www.instagram.com/reel/DE20vHgS3NL/,https://www.instagram.com/meridas.house/,UNKNOWN,"VERIFIED (public topic pages; sample, not full account history)"
voyagefox_,1,671000.0,1643.0,278000.0,278000.0,278000.0,0.4143070044709389,0.4143070044709389,5.761658031088083,2.1567258227885455,2026-04-30T10:53:57.496000+00:00,2026-04-30T10:53:57.496000+00:00,cook-islands-luxury-resorts,lifestyle_influencer,real_footage,tropical,pool,real_existing,en,0.0,https://www.instagram.com/reel/DXwNAXPs65z/,https://www.instagram.com/voyagefox_/,"VERIFIED (public embed page, rounded, 2026-09-25)","VERIFIED (public topic pages; sample, not full account history)"
arch_.rama,1,25000.0,30.0,278000.0,278000.0,278000.0,11.12,11.12,0.9754385964912281,0.7317357873283545,2026-08-22T19:56:03.640000+00:00,2026-08-22T19:56:03.640000+00:00,architecture-design,ai_creator,ai_generated,futuristic,exterior_facade,stylized_dreamy,en,1.0,https://www.instagram.com/reel/DcWtqlvoXQq/,https://www.instagram.com/arch_.rama/,"VERIFIED (public embed page, rounded, 2026-09-25)","VERIFIED (public topic pages; sample, not full account history)"
cozynomadstudio,2,57000.0,681.0,153050.0,278000.0,306100.0,2.6850877192982456,4.87719298245614,0.46619487271675225,0.48221364067870875,2026-04-17T10:19:41.323000+00:00,2026-06-16T05:58:50.512000+00:00,ai-cozy-cabin;forest-house,ai_creator,ai_generated,biophilic,bedroom,stylized_dreamy,en,1.0,https://www.instagram.com/reel/DXOqv_ZDc4V/,https://www.instagram.com/cozynomadstudio/,"VERIFIED (public embed page, rounded, 2026-09-25)","VERIFIED (public topic pages; sample, not full account history)"
poolvilla.ae,1,149000.0,179.0,277000.0,277000.0,277000.0,1.8590604026845639,1.8590604026845639,1.6151603498542273,3.4619870089153992,2026-04-27T17:19:47.812000+00:00,2026-04-27T17:19:47.812000+00:00,tropical-villa,real_estate,real_footage,tropical,pool,real_existing,ar,0.0,https://www.instagram.com/reel/DXpKxtFjfhJ/,https://www.instagram.com/poolvilla.ae/,"VERIFIED (public embed page, rounded, 2026-09-25)","VERIFIED (public topic pages; sample, not full account history)"
sohansahanigyn,1,194000.0,753.0,277000.0,277000.0,277000.0,1.4278350515463918,1.4278350515463918,1.9849516302400574,0.8755416163845197,2026-01-01T16:22:33.042000+00:00,2026-01-01T16:22:33.042000+00:00,ai-house-design,theme_page,ai_generated,brutalist,stairs_hall,aspirational_realistic,en,1.0,https://www.instagram.com/reel/DS-YA68k89x/,https://www.instagram.com/sohansahanigyn/,"VERIFIED (public embed page, rounded, 2026-09-25)","VERIFIED (public topic pages; sample, not full account history)"
corbangroup,1,27000.0,268.0,277000.0,277000.0,277000.0,10.25925925925926,10.25925925925926,1.385,3.2864489818772458,2025-04-15T08:01:59.465000+00:00,2025-04-15T08:01:59.465000+00:00,london-apartment,real_estate,real_footage,modern_luxury,living_room,real_existing,en,0.0,https://www.instagram.com/reel/DIdbQVoIenT/,https://www.instagram.com/corbangroup/,"VERIFIED (public embed page, rounded, 2026-09-25)","VERIFIED (public topic pages; sample, not full account history)"
manfredvonkoreander,1,95000.0,444.0,276000.0,276000.0,276000.0,2.905263157894737,2.905263157894737,0.8803827751196173,0.612444059174661,2026-09-12T16:25:52.956000+00:00,2026-09-12T16:25:52.956000+00:00,japandi,lifestyle_influencer,real_footage,traditional_regional,other,real_existing,en,0.0,https://www.instagram.com/reel/DdMaTkxxdvQ/,https://www.instagram.com/manfredvonkoreander/,"VERIFIED (public embed page, rounded, 2026-09-25)","VERIFIED (public topic pages; sample, not full account history)"
thehomestylist__,1,10000.0,1633.0,275000.0,275000.0,275000.0,27.5,27.5,0.6586826347305389,4.568197978890423,2026-02-24T13:00:56.683000+00:00,2026-02-24T13:00:56.683000+00:00,interior-styling,designer_studio,real_footage,other,other,real_existing,en,0.0,https://www.instagram.com/reel/DVJD3kJElNI/,https://www.instagram.com/thehomestylist__/,"VERIFIED (public embed page, rounded, 2026-09-25)","VERIFIED (public topic pages; sample, not full account history)"
anasuazotips,1,91600.0,1988.0,275000.0,275000.0,275000.0,3.002183406113537,3.002183406113537,7.503410641200546,3.477790404469033,2024-09-13T00:41:31.636000+00:00,2024-09-13T00:41:31.636000+00:00,santorini-villa,lifestyle_influencer,real_footage,mediterranean,exterior_facade,real_existing,es,0.0,https://www.instagram.com/reel/C_1mvCNuQvB/,https://www.instagram.com/anasuazotips/,"VERIFIED (public embed page, rounded, 2026-09-25)","VERIFIED (public topic pages; sample, not full account history)"
nihamahome,1,7000.0,309.0,275000.0,275000.0,275000.0,39.285714285714285,39.285714285714285,1.0826771653543308,3.6674839096019283,2026-04-26T15:32:30.474000+00:00,2026-04-26T15:32:30.474000+00:00,luxury-master-bedroom-interior-design,designer_studio,real_footage,modern_luxury,bedroom,real_existing,en,0.0,https://www.instagram.com/reel/DXmZtBYj4VE/,https://www.instagram.com/nihamahome/,"VERIFIED (public embed page, rounded, 2026-09-25)","VERIFIED (public topic pages; sample, not full account history)"
shotbybrendan_,1,141000.0,161.0,274000.0,274000.0,274000.0,1.9432624113475176,1.9432624113475176,1.0148148148148148,1.0410504297780465,2025-12-19T06:34:47.978000+00:00,2025-12-19T06:34:47.978000+00:00,dubai-luxury-penthouse,lifestyle_influencer,real_footage,futuristic,exterior_facade,real_existing,en,0.0,https://www.instagram.com/reel/DSb2auoiNDg/,https://www.instagram.com/shotbybrendan_/,"VERIFIED (public embed page, rounded, 2026-09-25)","VERIFIED (public topic pages; sample, not full account history)"
jawakaramaldives,1,66000.0,537.0,270000.0,270000.0,270000.0,4.090909090909091,4.090909090909091,1.1134020618556701,0.7422452139085121,2024-12-22T16:00:22.516000+00:00,2024-12-22T16:00:22.516000+00:00,maldives-resort;maldives-villa,other,real_footage,tropical,pool,real_existing,en,0.0,https://www.instagram.com/reel/DD4vYYNsGLo/,https://www.instagram.com/jawakaramaldives/,"VERIFIED (public embed page, rounded, 2026-09-25)","VERIFIED (public topic pages; sample, not full account history)"
isaacfrench_,2,247000.0,114.0,218000.0,270000.0,436000.0,0.882591093117409,1.0931174089068827,0.28950863213811423,0.2564718785753261,2026-08-19T19:14:56.650000+00:00,2026-09-12T18:52:36.245000+00:00,cabins,real_estate,real_footage,minimalist,exterior_facade,real_existing,en,0.0,https://www.instagram.com/reel/DdMrGMePElG/,https://www.instagram.com/isaacfrench_/,"VERIFIED (public embed page, rounded, 2026-09-25)","VERIFIED (public topic pages; sample, not full account history)"
ryanmikols,1,73000.0,13.0,269000.0,269000.0,269000.0,3.684931506849315,3.684931506849315,1.2367816091954023,1.2338750707012334,2024-09-02T15:48:16.392000+00:00,2024-09-02T15:48:16.392000+00:00,penthouse-tour,lifestyle_influencer,real_footage,modern_luxury,living_room,real_existing,en,0.0,https://www.instagram.com/reel/C_a5wnXpQrN/,https://www.instagram.com/ryanmikols/,"VERIFIED (public embed page, rounded, 2026-09-25)","VERIFIED (public topic pages; sample, not full account history)"
huisjeopdevloet,1,24000.0,59.0,269000.0,269000.0,269000.0,11.208333333333334,11.208333333333334,0.4494569757727652,2.2758062528054364,2026-05-14T08:04:53.120000+00:00,2026-05-14T08:04:53.120000+00:00,modern-kitchen,lifestyle_influencer,real_footage,modern_luxury,kitchen,real_existing,other,0.0,https://www.instagram.com/reel/DYT8ySTsBbx/,https://www.instagram.com/huisjeopdevloet/,"VERIFIED (public embed page, rounded, 2026-09-25)","VERIFIED (public topic pages; sample, not full account history)"
thebestmotivation.1x,1,64000.0,544.0,269000.0,269000.0,269000.0,4.203125,4.203125,0.8472440944881889,1.071661527651278,2025-09-28T19:12:53.028000+00:00,2025-09-28T19:12:53.028000+00:00,luxury-life,theme_page,unclear,other,stairs_hall,stylized_dreamy,en,0.0,https://www.instagram.com/reel/DPKD_WliaQF/,https://www.instagram.com/thebestmotivation.1x/,"VERIFIED (public embed page, rounded, 2026-09-25)","VERIFIED (public topic pages; sample, not full account history)"
nhcollectiondubaithepalm,1,31000.0,532.0,268000.0,268000.0,268000.0,8.64516129032258,8.64516129032258,1.5905044510385757,2.2698636234866596,2024-07-03T15:33:45.849000+00:00,2024-07-03T15:33:45.849000+00:00,best-rooftop-pools;rooftop-pool,other,real_footage,modern_luxury,pool,real_existing,en,0.0,https://www.instagram.com/reel/C89zm-QIPKo/,https://www.instagram.com/nhcollectiondubaithepalm/,"VERIFIED (public embed page, rounded, 2026-09-25)","VERIFIED (public topic pages; sample, not full account history)"
terencesia,1,54000.0,150.0,267000.0,267000.0,267000.0,4.944444444444445,4.944444444444445,0.28556149732620323,0.6916435387944666,2026-03-17T10:23:48.106000+00:00,2026-03-17T10:23:48.106000+00:00,ai-home-design;ai-interior-designer,ai_creator,ai_generated,modern_luxury,dining,aspirational_realistic,en,1.0,https://www.instagram.com/reel/DV-2k_YkyS_/,https://www.instagram.com/terencesia/,"VERIFIED (public embed page, rounded, 2026-09-25)","VERIFIED (public topic pages; sample, not full account history)"
havenhaus_1,1,2000000.0,511.0,267000.0,267000.0,267000.0,0.1335,0.1335,0.29196282121377803,0.10681506662544119,2026-03-01T05:32:59.291000+00:00,2026-03-01T05:32:59.291000+00:00,living-room-design,theme_page,3d_render,organic_modern,living_room,aspirational_realistic,en,0.0,https://www.instagram.com/reel/DVVIlAhDRlP/,https://www.instagram.com/havenhaus_1/,"VERIFIED (public embed page, rounded, 2026-09-25)","VERIFIED (public topic pages; sample, not full account history)"
ilham_desainrumah,1,42000.0,612.0,267000.0,267000.0,267000.0,6.357142857142857,6.357142857142857,1.2304147465437787,3.3849858772608883,2026-01-05T12:19:16.766000+00:00,2026-01-05T12:19:16.766000+00:00,ai-render,designer_studio,ai_generated,tropical,exterior_facade,aspirational_realistic,en,1.0,https://www.instagram.com/reel/DTIPWpiiQQQ/,https://www.instagram.com/ilham_desainrumah/,"VERIFIED (public embed page, rounded, 2026-09-25)","VERIFIED (public topic pages; sample, not full account history)"
thenature_jb,1,47000.0,464.0,267000.0,267000.0,267000.0,5.680851063829787,5.680851063829787,0.36400817995910023,1.7370028473564907,2025-10-26T10:29:00.566000+00:00,2025-10-26T10:29:00.566000+00:00,swiss-chalet,theme_page,real_footage,traditional_regional,garden_landscape,real_existing,en,0.0,https://www.instagram.com/reel/DQROS4ejMkc/,https://www.instagram.com/thenature_jb/,"VERIFIED (public embed page, rounded, 2026-09-25)","VERIFIED (public topic pages; sample, not full account history)"
costa.diamante.realty,1,27000.0,44.0,262000.0,262000.0,262000.0,9.703703703703704,9.703703703703704,1.4010695187165776,5.522623638279473,2026-08-23T20:47:10.709000+00:00,2026-08-23T20:47:10.709000+00:00,waterfall-house,real_estate,ai_generated,warm_luxury,living_room,stylized_dreamy,es,1.0,https://www.instagram.com/reel/DcZYT3OOhqb/,https://www.instagram.com/costa.diamante.realty/,"VERIFIED (public embed page, rounded, 2026-09-25)","VERIFIED (public topic pages; sample, not full account history)"
vighnaharta_interiors,1,41000.0,369.0,262000.0,262000.0,262000.0,6.390243902439025,6.390243902439025,0.27961579509071505,0.5127434111834592,2026-04-24T04:06:57.889000+00:00,2026-04-24T04:06:57.889000+00:00,bedroom-design,designer_studio,3d_render,modern_luxury,bedroom,aspirational_realistic,en,0.0,https://www.instagram.com/reel/DXgBqNESg88/,https://www.instagram.com/vighnaharta_interiors/,"VERIFIED (public embed page, rounded, 2026-09-25)","VERIFIED (public topic pages; sample, not full account history)"
growithrobin,1,902000.0,503.0,261000.0,261000.0,261000.0,0.2893569844789357,0.2893569844789357,34.066436076486326,3.248642799488302,2025-10-13T07:13:14.676000+00:00,2025-10-13T07:13:14.676000+00:00,virtual-staging,other,unclear,other,other,aspirational_realistic,en,0.0,https://www.instagram.com/reel/DPvZjrtk5qo/,https://www.instagram.com/growithrobin/,"VERIFIED (public embed page, rounded, 2026-09-25)","VERIFIED (public topic pages; sample, not full account history)"
avanthika.babu,1,152000.0,912.0,261000.0,261000.0,261000.0,1.7171052631578947,1.7171052631578947,1.3248730964467006,1.2747235709069917,2026-05-11T14:30:58.176000+00:00,2026-05-11T14:30:58.176000+00:00,house-tour,lifestyle_influencer,real_footage,organic_modern,living_room,real_existing,en,0.0,https://www.instagram.com/reel/DYM6lbTxLpk/,https://www.instagram.com/avanthika.babu/,"VERIFIED (public embed page, rounded, 2026-09-25)","VERIFIED (public topic pages; sample, not full account history)"
andreavanheerden.creative,1,74000.0,345.0,259000.0,259000.0,259000.0,3.5,3.5,3.645320197044335,3.1564240702284097,2026-03-04T08:51:51.321000+00:00,2026-03-04T08:51:51.321000+00:00,desert-house-interior-design-ideas,lifestyle_influencer,real_footage,mediterranean,pool,real_existing,en,0.0,https://www.instagram.com/reel/DVdNuLgAfv5/,https://www.instagram.com/andreavanheerden.creative/,"VERIFIED (public embed page, rounded, 2026-09-25)","VERIFIED (public topic pages; sample, not full account history)"
vital_camp_gmbh,1,24000.0,2153.0,259000.0,259000.0,259000.0,10.791666666666666,10.791666666666666,0.24666666666666667,0.6464046223951059,2026-09-09T11:08:56.334000+00:00,2026-09-09T11:08:56.334000+00:00,chalet,brand_manufacturer,real_footage,scandinavian,living_room,real_existing,de,0.0,https://www.instagram.com/reel/DdEHplasuRe/,https://www.instagram.com/vital_camp_gmbh/,"VERIFIED (public embed page, rounded, 2026-09-25)","VERIFIED (public topic pages; sample, not full account history)"
traveldamonsway,1,1000000.0,312.0,258000.0,258000.0,258000.0,0.258,0.258,12.05607476635514,1.7218873504640027,2025-06-14T17:56:04.530000+00:00,2025-06-14T17:56:04.530000+00:00,luxury-hotel-room,lifestyle_influencer,real_footage,tropical,bedroom,real_existing,en,0.0,https://www.instagram.com/reel/DK4-8CstulC/,https://www.instagram.com/traveldamonsway/,"VERIFIED (public embed page, rounded, 2026-09-25)","VERIFIED (public topic pages; sample, not full account history)"
claudia._x0o,1,85000.0,1130.0,258000.0,258000.0,258000.0,3.0352941176470587,3.0352941176470587,0.6013986013986014,0.9387305164272284,2026-08-30T22:00:37.339000+00:00,2026-08-30T22:00:37.339000+00:00,cozy-bedroom-ideas,theme_page,real_footage,glam_feminine,bedroom,real_existing,en,0.0,https://www.instagram.com/reel/DcriR6BB1Cp/,https://www.instagram.com/claudia._x0o/,"VERIFIED (public embed page, rounded, 2026-09-25)","VERIFIED (public topic pages; sample, not full account history)"
dubai.captured,1,47000.0,498.0,257000.0,257000.0,257000.0,5.468085106382978,5.468085106382978,2.2155172413793105,1.7271870208461122,2026-01-19T17:58:32.756000+00:00,2026-01-19T17:58:32.756000+00:00,dubai-penthouse,theme_page,real_footage,futuristic,exterior_facade,real_existing,,0.0,https://www.instagram.com/reel/DTs5TwtksJY/,https://www.instagram.com/dubai.captured/,"VERIFIED (public embed page, rounded, 2026-09-25)","VERIFIED (public topic pages; sample, not full account history)"
luxlocators,2,44000.0,4150.0,144150.0,256000.0,288300.0,3.276136363636364,5.818181818181818,0.8592517655673421,0.2994303346441003,2025-10-09T22:20:38.506000+00:00,2026-03-06T05:41:50.667000+00:00,luxury-apartment;luxury-penthouse;penthouse-tour,real_estate,real_footage,modern_luxury,kitchen,real_existing,en,0.0,https://www.instagram.com/reel/DViBkP5DRo1/,https://www.instagram.com/luxlocators/,"VERIFIED (public embed page, rounded, 2026-09-25)","VERIFIED (public topic pages; sample, not full account history)"
ekastudiobysana,1,128000.0,385.0,252000.0,252000.0,252000.0,1.96875,1.96875,9.048473967684021,0.8644786641404487,2026-03-07T16:03:13.089000+00:00,2026-03-07T16:03:13.089000+00:00,minimalist-art-deco-interior-design;wabi-sabi-interior;wabi-sabi-japandi-interior-design,designer_studio,unclear,organic_modern,living_room,aspirational_realistic,en,0.0,https://www.instagram.com/reel/DVlteM0ErvJ/,https://www.instagram.com/ekastudiobysana/,"VERIFIED (public embed page, rounded, 2026-09-25)","VERIFIED (public topic pages; sample, not full account history)"
emilycanham,1,798000.0,1828.0,252000.0,252000.0,252000.0,0.3157894736842105,0.3157894736842105,1.26,0.6135348995843037,2026-06-16T18:48:27.776000+00:00,2026-06-16T18:48:27.776000+00:00,london-apartment,lifestyle_influencer,real_footage,modern_luxury,kitchen,real_existing,en,0.0,https://www.instagram.com/reel/DZqEq3Turn2/,https://www.instagram.com/emilycanham/,"VERIFIED (public embed page, rounded, 2026-09-25)","VERIFIED (public topic pages; sample, not full account history)"
alak.shisingh,1,119000.0,487.0,251000.0,251000.0,251000.0,2.1092436974789917,2.1092436974789917,0.498015873015873,0.582240871624976,2026-03-29T15:25:26.697000+00:00,2026-03-29T15:25:26.697000+00:00,interior-design-ideas,designer_studio,real_footage,minimalist,kitchen,real_existing,en,0.0,https://www.instagram.com/reel/DWeSoyoCfzi/,https://www.instagram.com/alak.shisingh/,"VERIFIED (public embed page, rounded, 2026-09-25)","VERIFIED (public topic pages; sample, not full account history)"
charleeknoxatelier,1,37000.0,81.0,250000.0,250000.0,250000.0,6.756756756756757,6.756756756756757,0.8183306055646481,0.8023826470316875,2026-08-01T18:49:15.713000+00:00,2026-08-01T18:49:15.713000+00:00,art-deco-interior-design,brand_manufacturer,ai_generated,maximalist,living_room,aspirational_realistic,en,1.0,https://www.instagram.com/reel/DbghU90JavF/,https://www.instagram.com/charleeknoxatelier/,"VERIFIED (public embed page, rounded, 2026-09-25)","VERIFIED (public topic pages; sample, not full account history)"
c2.atelier,1,67000.0,230.0,250000.0,250000.0,250000.0,3.7313432835820897,3.7313432835820897,1.4961101137043686,1.72434550347455,2026-05-29T17:35:31.249000+00:00,2026-05-29T17:35:31.249000+00:00,minimalist-interior,designer_studio,3d_render,minimalist,stairs_hall,aspirational_realistic,en,0.0,https://www.instagram.com/reel/DY7mA3sCyht/,https://www.instagram.com/c2.atelier/,"VERIFIED (public embed page, rounded, 2026-09-25)","VERIFIED (public topic pages; sample, not full account history)"
mikayla.deg,1,123000.0,605.0,249000.0,249000.0,249000.0,2.024390243902439,2.024390243902439,0.8736842105263158,0.31108656112225536,2026-07-20T21:25:42.665000+00:00,2026-07-20T21:25:42.665000+00:00,architecture-design,lifestyle_influencer,real_footage,brutalist,other,real_existing,en,0.0,https://www.instagram.com/reel/DbB5sVYI3j7/,https://www.instagram.com/mikayla.deg/,"VERIFIED (public embed page, rounded, 2026-09-25)","VERIFIED (public topic pages; sample, not full account history)"
villamilanabali,1,12000.0,422.0,247000.0,247000.0,247000.0,20.583333333333332,20.583333333333332,0.5464601769911505,0.7061321053690418,2024-06-03T02:58:52.534000+00:00,2024-06-03T02:58:52.534000+00:00,bali-luxury-villas-with-private-pools,other,real_footage,mediterranean,pool,real_existing,en,0.0,https://www.instagram.com/reel/C7vNXwOvPnI/,https://www.instagram.com/villamilanabali/,"VERIFIED (public embed page, rounded, 2026-09-25)","VERIFIED (public topic pages; sample, not full account history)"
rezatoronto,1,26000.0,1113.0,247000.0,247000.0,247000.0,9.5,9.5,0.22723091076356947,0.5371616732831882,2026-05-31T06:46:01.964000+00:00,2026-05-31T06:46:01.964000+00:00,luxury-garden,lifestyle_influencer,real_footage,other,garden_landscape,real_existing,en,0.0,https://www.instagram.com/reel/DY_lRoJuAd4/,https://www.instagram.com/rezatoronto/,"VERIFIED (public embed page, rounded, 2026-09-25)","VERIFIED (public topic pages; sample, not full account history)"
chistol.ella,1,364000.0,1191.0,247000.0,247000.0,247000.0,0.6785714285714286,0.6785714285714286,1.4790419161676647,1.7802489450677355,2026-03-03T15:27:50.621000+00:00,2026-03-03T15:27:50.621000+00:00,arctic-treehouse-hotel-rovaniemi,lifestyle_influencer,real_footage,scandinavian,exterior_facade,real_existing,other,0.0,https://www.instagram.com/reel/DVbWPnCCKFC/,https://www.instagram.com/chistol.ella/,"VERIFIED (public embed page, rounded, 2026-09-25)","VERIFIED (public topic pages; sample, not full account history)"
malthousecottage,1,267000.0,2499.0,247000.0,247000.0,247000.0,0.9250936329588015,0.9250936329588015,0.8192371475953566,0.3797786129261273,2026-05-09T20:32:51.573000+00:00,2026-05-09T20:32:51.573000+00:00,cottagecore-living-room-design,lifestyle_influencer,real_footage,rustic_cozy,bedroom,real_existing,en,0.0,https://www.instagram.com/reel/DYIaaPOMG7B/,https://www.instagram.com/malthousecottage/,"VERIFIED (public embed page, rounded, 2026-09-25)","VERIFIED (public topic pages; sample, not full account history)"
inauguralhomes,1,14000.0,204.0,247000.0,247000.0,247000.0,17.642857142857142,17.642857142857142,0.8192371475953566,1.5078475890397376,2026-06-24T17:30:16.452000+00:00,2026-06-24T17:30:16.452000+00:00,cottagecore-living-room-design,theme_page,ai_generated,rustic_cozy,living_room,stylized_dreamy,en,1.0,https://www.instagram.com/reel/DZ-iFMVgElT/,https://www.instagram.com/inauguralhomes/,"VERIFIED (public embed page, rounded, 2026-09-25)","VERIFIED (public topic pages; sample, not full account history)"
traveltbz,1,492000.0,5695.0,246000.0,246000.0,246000.0,0.5,0.5,5.635738831615121,1.227671688574233,2024-08-19T13:03:05.408000+00:00,2024-08-19T13:03:05.408000+00:00,bali-infinity-pool-villas,theme_page,real_footage,tropical,pool,real_existing,en,0.0,https://www.instagram.com/reel/C-2juhzo1f0/,https://www.instagram.com/traveltbz/,"VERIFIED (public embed page, rounded, 2026-09-25)","VERIFIED (public topic pages; sample, not full account history)"
aktraveltwo,1,366.0,83.0,246000.0,246000.0,246000.0,672.1311475409836,672.1311475409836,1.0336134453781514,11.972132746415616,2026-05-11T21:25:24.313000+00:00,2026-05-11T21:25:24.313000+00:00,tropical-house-architecture-styles,lifestyle_influencer,real_footage,traditional_regional,exterior_facade,real_existing,en,0.0,https://www.instagram.com/reel/DYNqA2ARGzy/,https://www.instagram.com/aktraveltwo/,"VERIFIED (public embed page, rounded, 2026-09-25)","VERIFIED (public topic pages; sample, not full account history)"
ourmidwayhome,1,187000.0,277.0,246000.0,246000.0,246000.0,1.3155080213903743,1.3155080213903743,1.7647058823529411,1.164552665038159,2026-02-21T16:05:53.711000+00:00,2026-02-21T16:05:53.711000+00:00,organic-modern,lifestyle_influencer,real_footage,organic_modern,stairs_hall,real_existing,en,0.0,https://www.instagram.com/reel/DVBqpjrADzS/,https://www.instagram.com/ourmidwayhome/,"VERIFIED (public embed page, rounded, 2026-09-25)","VERIFIED (public topic pages; sample, not full account history)"
beverlyhills.realestate,1,373000.0,734.0,245000.0,245000.0,245000.0,0.6568364611260054,0.6568364611260054,1.0,0.9911158840089792,2026-02-11T14:00:43.441000+00:00,2026-02-11T14:00:43.441000+00:00,beverly-hills-mansion;los-angeles-house,real_estate,real_footage,modern_luxury,pool,real_existing,en,0.0,https://www.instagram.com/reel/DUnsYBsDNBI/,https://www.instagram.com/beverlyhills.realestate/,"VERIFIED (public embed page, rounded, 2026-09-25)","VERIFIED (public topic pages; sample, not full account history)"
mrspropertyline,1,572.0,83.0,244000.0,244000.0,244000.0,426.57342657342656,426.57342657342656,0.5980392156862745,7.2996784742516025,2026-07-16T20:49:56.976000+00:00,2026-07-16T20:49:56.976000+00:00,hotel-bathroom-designs,real_estate,real_footage,modern_luxury,bathroom,real_existing,en,0.0,https://www.instagram.com/reel/Da3ia6Lx6Q4/,https://www.instagram.com/mrspropertyline/,"VERIFIED (public embed page, rounded, 2026-09-25)","VERIFIED (public topic pages; sample, not full account history)"
tinabyer,1,16000.0,992.0,243000.0,243000.0,243000.0,15.1875,15.1875,1.4594594594594594,4.212246441250316,2026-03-01T20:47:42.828000+00:00,2026-03-01T20:47:42.828000+00:00,dark-academia-home-library,lifestyle_influencer,real_footage,maximalist,other,real_existing,en,0.0,https://www.instagram.com/reel/DVWxQqJkj57/,https://www.instagram.com/tinabyer/,"VERIFIED (public embed page, rounded, 2026-09-25)","VERIFIED (public topic pages; sample, not full account history)"
spring_floryn,1,11000.0,188.0,242000.0,242000.0,242000.0,22.0,22.0,0.2556788166930798,0.854146587968252,2025-08-25T12:11:11.658000+00:00,2025-08-25T12:11:11.658000+00:00,dream-life,theme_page,real_footage,other,garden_landscape,real_existing,en,0.0,https://www.instagram.com/reel/DNxwtDo5FWE/,https://www.instagram.com/spring_floryn/,"VERIFIED (public embed page, rounded, 2026-09-25)","VERIFIED (public topic pages; sample, not full account history)"
giniawilliams,1,34000.0,3433.0,242000.0,242000.0,242000.0,7.117647058823529,7.117647058823529,0.5953259532595326,1.0966674331232777,2026-01-24T16:01:34.639000+00:00,2026-01-24T16:01:34.639000+00:00,dream-kitchens,real_estate,real_footage,organic_modern,kitchen,real_existing,en,0.0,https://www.instagram.com/reel/DT5j5brDiHA/,https://www.instagram.com/giniawilliams/,"VERIFIED (public embed page, rounded, 2026-09-25)","VERIFIED (public topic pages; sample, not full account history)"
rashid_manga_tiri,1,8000.0,238.0,240000.0,240000.0,240000.0,30.0,30.0,1.0526315789473684,2.612764183270646,2026-04-08T13:29:51.710000+00:00,2026-04-08T13:29:51.710000+00:00,tropical-house,designer_studio,3d_render,traditional_regional,exterior_facade,aspirational_realistic,en,0.0,https://www.instagram.com/reel/DW31W_Cid-4/,https://www.instagram.com/rashid_manga_tiri/,"VERIFIED (public embed page, rounded, 2026-09-25)","VERIFIED (public topic pages; sample, not full account history)"
a_lost_worlds,1,49000.0,109.0,240000.0,240000.0,240000.0,4.8979591836734695,4.8979591836734695,0.6602475928473177,0.7281629034744321,2026-09-08T18:22:18.428000+00:00,2026-09-08T18:22:18.428000+00:00,house-in-forest,theme_page,ai_generated,rustic_cozy,exterior_facade,stylized_dreamy,en,1.0,https://www.instagram.com/reel/DdCUcyxo-Fd/,https://www.instagram.com/a_lost_worlds/,"VERIFIED (public embed page, rounded, 2026-09-25)","VERIFIED (public topic pages; sample, not full account history)"
realm.of.rae,1,40000.0,658.0,239000.0,239000.0,239000.0,5.975,5.975,0.3757861635220126,0.5538549485154087,2026-08-20T14:00:46.449000+00:00,2026-08-20T14:00:46.449000+00:00,home-library,lifestyle_influencer,real_footage,other,other,real_existing,en,0.0,https://www.instagram.com/reel/DcQ7apMKk18/,https://www.instagram.com/realm.of.rae/,"VERIFIED (public embed page, rounded, 2026-09-25)","VERIFIED (public topic pages; sample, not full account history)"
theveltrix,1,34000.0,159.0,239000.0,239000.0,239000.0,7.029411764705882,7.029411764705882,6.050632911392405,6.811759665994302,2025-07-19T09:02:23.675000+00:00,2025-07-19T09:02:23.675000+00:00,future-house,theme_page,ai_generated,futuristic,exterior_facade,stylized_dreamy,en,1.0,https://www.instagram.com/reel/DMSJr3xN3Xk/,https://www.instagram.com/theveltrix/,"VERIFIED (public embed page, rounded, 2026-09-25)","VERIFIED (public topic pages; sample, not full account history)"
things2exploreinmumbai,1,,,237000.0,237000.0,237000.0,,,11.01608255089709,,2026-02-16T06:10:47.701000+00:00,2026-02-16T06:10:47.701000+00:00,hotel-room-interior-design-ideas;hotel-suite-design-ideas,,,,,,,,https://www.instagram.com/reel/DUzukieDNa7/,https://www.instagram.com/things2exploreinmumbai/,UNKNOWN,"VERIFIED (public topic pages; sample, not full account history)"
namanrecommends,1,12000.0,407.0,236000.0,236000.0,236000.0,19.666666666666668,19.666666666666668,1.4174174174174174,2.456561865099751,2025-06-08T13:31:47.051000+00:00,2025-06-08T13:31:47.051000+00:00,villa-with-pool,lifestyle_influencer,real_footage,other,pool,real_existing,en,0.0,https://www.instagram.com/reel/DKpD7EJKsWV/,https://www.instagram.com/namanrecommends/,"VERIFIED (public embed page, rounded, 2026-09-25)","VERIFIED (public topic pages; sample, not full account history)"
charlotte.e.green,1,25000.0,340.0,234000.0,234000.0,234000.0,9.36,9.36,1.3644314868804666,2.2152639991113454,2026-04-18T19:04:58.311000+00:00,2026-04-18T19:04:58.311000+00:00,dreamy-walk-in-closet-designs-ideas,designer_studio,real_footage,organic_modern,closet,real_existing,en,0.0,https://www.instagram.com/reel/DXSLqJ3DKNf/,https://www.instagram.com/charlotte.e.green/,"VERIFIED (public embed page, rounded, 2026-09-25)","VERIFIED (public topic pages; sample, not full account history)"
kanerenovationspro,1,30000.0,26.0,233000.0,233000.0,233000.0,7.766666666666667,7.766666666666667,0.6581920903954802,0.8172339542612596,2026-05-16T16:45:56.907000+00:00,2026-05-16T16:45:56.907000+00:00,landscape-design,ai_creator,ai_generated,other,garden_landscape,aspirational_realistic,en,1.0,https://www.instagram.com/reel/DYaCAapB1tD/,https://www.instagram.com/kanerenovationspro/,"VERIFIED (public embed page, rounded, 2026-09-25)","VERIFIED (public topic pages; sample, not full account history)"
omerogluinsaatt,1,111000.0,229.0,232000.0,232000.0,232000.0,2.09009009009009,2.09009009009009,0.5686274509803921,0.5906813702985844,2026-06-18T19:51:10.036000+00:00,2026-06-18T19:51:10.036000+00:00,hotel-bathroom-designs,contractor_trade,ai_generated,organic_modern,bathroom,aspirational_realistic,tr,1.0,https://www.instagram.com/reel/DZvVb39oMFO/,https://www.instagram.com/omerogluinsaatt/,"VERIFIED (public embed page, rounded, 2026-09-25)","VERIFIED (public topic pages; sample, not full account history)"
estateluxshoot,1,223000.0,125.0,232000.0,232000.0,232000.0,1.0403587443946187,1.0403587443946187,4.48742746615087,2.2509083631473747,2024-07-05T01:24:13.390000+00:00,2024-07-05T01:24:13.390000+00:00,luxury-homes-on-the-amalfi-coast;malibu-house,real_estate,real_footage,modern_luxury,terrace_outdoor,real_existing,en,0.0,https://www.instagram.com/reel/C9Bb-f6vYXs/,https://www.instagram.com/estateluxshoot/,"VERIFIED (public embed page, rounded, 2026-09-25)","VERIFIED (public topic pages; sample, not full account history)"
walksauce42_,1,783000.0,1209.0,229000.0,229000.0,229000.0,0.29246487867177523,0.29246487867177523,3.7540983606557377,2.0433683927901556,2026-07-02T12:40:03.666000+00:00,2026-07-02T12:40:03.666000+00:00,aspen,lifestyle_influencer,real_footage,other,garden_landscape,real_existing,en,0.0,https://www.instagram.com/reel/DaSnOm8uq5Q/,https://www.instagram.com/walksauce42_/,"VERIFIED (public embed page, rounded, 2026-09-25)","VERIFIED (public topic pages; sample, not full account history)"
roni_wil,1,23000.0,19.0,228000.0,228000.0,228000.0,9.91304347826087,9.91304347826087,4.21831637372803,6.053145573671119,2025-12-17T22:08:54.057000+00:00,2025-12-17T22:08:54.057000+00:00,industrial-interior,ai_creator,ai_generated,industrial,living_room,aspirational_realistic,en,1.0,https://www.instagram.com/reel/DSYXuioEWMl/,https://www.instagram.com/roni_wil/,"VERIFIED (public embed page, rounded, 2026-09-25)","VERIFIED (public topic pages; sample, not full account history)"
nightshade.bh,1,6000.0,85.0,225000.0,225000.0,225000.0,37.5,37.5,0.4792332268370607,2.269014077445678,2025-12-23T19:32:30.991000+00:00,2025-12-23T19:32:30.991000+00:00,luxury-bathroom,designer_studio,,,,,en,,https://www.instagram.com/reel/DSnimZbAPYH/,https://www.instagram.com/nightshade.bh/,"VERIFIED (public embed page, rounded, 2026-09-25)","VERIFIED (public topic pages; sample, not full account history)"
kousikamdevelopers,1,2000.0,311.0,224000.0,224000.0,224000.0,112.0,112.0,0.9824561403508771,4.663549052427105,2026-03-31T12:47:45.190000+00:00,2026-03-31T12:47:45.190000+00:00,tropical-house,contractor_trade,real_footage,traditional_regional,exterior_facade,real_existing,en,0.0,https://www.instagram.com/reel/DWjKLkmkfxF/,https://www.instagram.com/kousikamdevelopers/,"VERIFIED (public embed page, rounded, 2026-09-25)","VERIFIED (public topic pages; sample, not full account history)"
peachy.mely,1,109000.0,573.0,224000.0,224000.0,224000.0,2.055045871559633,2.055045871559633,1.3293768545994065,1.0537122211661236,2026-06-21T10:52:54.334000+00:00,2026-06-21T10:52:54.334000+00:00,best-rooftop-pools,lifestyle_influencer,real_footage,modern_luxury,pool,real_existing,en,0.0,https://www.instagram.com/reel/DZ2GOJytc5i/,https://www.instagram.com/peachy.mely/,"VERIFIED (public embed page, rounded, 2026-09-25)","VERIFIED (public topic pages; sample, not full account history)"
wolferizorinteriors,2,20000.0,917.0,113934.0,223000.0,227868.0,5.6967,11.15,1.2399091424970272,1.3434814532610035,2026-04-20T17:26:21.304000+00:00,2026-05-06T15:26:26.218000+00:00,luxury-dining-room;luxury-home-theater-ideas,designer_studio,real_footage,dark_luxury,dining,real_existing,en,0.0,https://www.instagram.com/reel/DYAI9ToxbHI/,https://www.instagram.com/wolferizorinteriors/,"VERIFIED (public embed page, rounded, 2026-09-25)","VERIFIED (public topic pages; sample, not full account history)"
the_professional_wood_creator,1,1000.0,425.0,222000.0,222000.0,222000.0,222.0,222.0,0.1776,1.137934174214172,2026-01-17T10:47:29.704000+00:00,2026-01-17T10:47:29.704000+00:00,kitchen-design,contractor_trade,real_footage,minimalist,kitchen,real_existing,en,0.0,https://www.instagram.com/reel/DTm-Y5niFvX/,https://www.instagram.com/the_professional_wood_creator/,"VERIFIED (public embed page, rounded, 2026-09-25)","VERIFIED (public topic pages; sample, not full account history)"
coastlinepools_,1,66000.0,252.0,222000.0,222000.0,222000.0,3.3636363636363638,3.3636363636363638,0.3293768545994065,0.9712912911985824,2025-11-17T19:08:38.993000+00:00,2025-11-17T19:08:38.993000+00:00,luxury-pool,contractor_trade,real_footage,modern_luxury,pool,real_existing,en,0.0,https://www.instagram.com/reel/DRKzQF8EhGK/,https://www.instagram.com/coastlinepools_/,"VERIFIED (public embed page, rounded, 2026-09-25)","VERIFIED (public topic pages; sample, not full account history)"
worldexclusivetravel,1,103000.0,357.0,220000.0,220000.0,220000.0,2.1359223300970873,2.1359223300970873,2.3416711016498137,2.8023985199418826,2023-04-15T08:43:16.249000+00:00,2023-04-15T08:43:16.249000+00:00,luxury-hotel-suite;luxury-suite,theme_page,real_footage,mediterranean,hotel_room,real_existing,en,0.0,https://www.instagram.com/reel/CrDO5DgIHXk/,https://www.instagram.com/worldexclusivetravel/,"VERIFIED (public embed page, rounded, 2026-09-25)","VERIFIED (public topic pages; sample, not full account history)"
roya93_design,1,112000.0,292.0,220000.0,220000.0,220000.0,1.9642857142857142,1.9642857142857142,0.4365079365079365,0.5250075172586378,2025-12-22T15:41:35.242000+00:00,2025-12-22T15:41:35.242000+00:00,interior-design-ideas,theme_page,ai_generated,minimalist,living_room,aspirational_realistic,en,1.0,https://www.instagram.com/reel/DSkjYJYjDep/,https://www.instagram.com/roya93_design/,"VERIFIED (public embed page, rounded, 2026-09-25)","VERIFIED (public topic pages; sample, not full account history)"
sagistgroup,1,183000.0,2289.0,219000.0,219000.0,219000.0,1.1967213114754098,1.1967213114754098,1.5755395683453237,2.012038932450065,2024-10-01T21:27:32.659000+00:00,2024-10-01T21:27:32.659000+00:00,luxury-suite,brand_manufacturer,real_footage,modern_luxury,bedroom,real_existing,en,0.0,https://www.instagram.com/reel/DAmLo4tNADi/,https://www.instagram.com/sagistgroup/,"VERIFIED (public embed page, rounded, 2026-09-25)","VERIFIED (public topic pages; sample, not full account history)"
survivalvaults,1,367000.0,88.0,219000.0,219000.0,219000.0,0.5967302452316077,0.5967302452316077,0.42565597667638483,0.32268578865460196,2026-02-09T23:13:56.546000+00:00,2026-02-09T23:13:56.546000+00:00,inside-underground-bunker-house;underground-house,theme_page,real_footage,minimalist,stairs_hall,real_existing,en,0.0,https://www.instagram.com/reel/DUjiGK0iOl7/,https://www.instagram.com/survivalvaults/,"VERIFIED (public embed page, rounded, 2026-09-25)","VERIFIED (public topic pages; sample, not full account history)"
archfeed_,1,908000.0,3666.0,218000.0,218000.0,218000.0,0.24008810572687225,0.24008810572687225,1.1657754010695187,0.8876926399656991,2024-09-09T17:00:07.846000+00:00,2024-09-09T17:00:07.846000+00:00,waterfall-house,theme_page,real_footage,organic_modern,exterior_facade,real_existing,en,0.0,https://www.instagram.com/reel/C_tDjCmyK53/,https://www.instagram.com/archfeed_/,"VERIFIED (public embed page, rounded, 2026-09-25)","VERIFIED (public topic pages; sample, not full account history)"
aakankshapanwarr,1,36000.0,594.0,218000.0,218000.0,218000.0,6.055555555555555,6.055555555555555,0.8059149722735675,1.2648370447953228,2026-05-24T08:34:27.970000+00:00,2026-05-24T08:34:27.970000+00:00,luxury-hotel,lifestyle_influencer,real_footage,traditional_regional,pool,real_existing,en,0.0,https://www.instagram.com/reel/DYtwHsUo_C0/,https://www.instagram.com/aakankshapanwarr/,"VERIFIED (public embed page, rounded, 2026-09-25)","VERIFIED (public topic pages; sample, not full account history)"
mycambridgefairytale,1,169000.0,1152.0,218000.0,218000.0,218000.0,1.2899408284023668,1.2899408284023668,0.7230514096185738,0.4151312843232527,2024-10-12T15:22:54.130000+00:00,2024-10-12T15:22:54.130000+00:00,cottagecore-living-room-design,lifestyle_influencer,real_footage,rustic_cozy,living_room,real_existing,en,0.0,https://www.instagram.com/reel/DBB2pystZct/,https://www.instagram.com/mycambridgefairytale/,"VERIFIED (public embed page, rounded, 2026-09-25)","VERIFIED (public topic pages; sample, not full account history)"
millainmobiliaria,1,23000.0,852.0,216000.0,216000.0,216000.0,9.391304347826088,9.391304347826088,0.7673179396092362,1.1489738089303019,2026-08-09T12:46:32.285000+00:00,2026-08-09T12:46:32.285000+00:00,luxury-villa,real_estate,real_footage,modern_luxury,exterior_facade,real_existing,es,0.0,https://www.instagram.com/reel/Db0eLTCOlK-/,https://www.instagram.com/millainmobiliaria/,"VERIFIED (public embed page, rounded, 2026-09-25)","VERIFIED (public topic pages; sample, not full account history)"
dhrh_construction,2,125000.0,187.0,128600.0,216000.0,257200.0,1.0288,1.728,1.4247806987533016,0.40650101119305304,2025-04-10T21:55:38.466000+00:00,2026-05-08T16:13:47.384000+00:00,beach-house;mediterranean-villa;modern-mediterranean-houses,contractor_trade,ai_generated,mediterranean,exterior_facade,aspirational_realistic,en,0.5,https://www.instagram.com/reel/DISCrzEhSXC/,https://www.instagram.com/dhrh_construction/,"VERIFIED (public embed page, rounded, 2026-09-25)","VERIFIED (public topic pages; sample, not full account history)"
lilmalvi.design,1,288000.0,1025.0,216000.0,216000.0,216000.0,0.75,0.75,0.23101604278074866,0.3708877239956449,2026-03-31T12:45:20.641000+00:00,2026-03-31T12:45:20.641000+00:00,ai-interior-designer,designer_studio,ai_generated,warm_luxury,kitchen,aspirational_realistic,en,1.0,https://www.instagram.com/reel/DWjJ57UCd1M/,https://www.instagram.com/lilmalvi.design/,"VERIFIED (public embed page, rounded, 2026-09-25)","VERIFIED (public topic pages; sample, not full account history)"
lee__desksetup,1,18000.0,252.0,216000.0,216000.0,216000.0,12.0,12.0,2.3986674069961134,4.880845299808498,2025-02-09T15:29:53.576000+00:00,2025-02-09T15:29:53.576000+00:00,home-office-design,lifestyle_influencer,real_footage,scandinavian,office,real_existing,en,0.0,https://www.instagram.com/reel/DF221_nzn78/,https://www.instagram.com/lee__desksetup/,"VERIFIED (public embed page, rounded, 2026-09-25)","VERIFIED (public topic pages; sample, not full account history)"
_living.aura,1,53000.0,246.0,215000.0,215000.0,215000.0,4.056603773584905,4.056603773584905,0.4052780395852969,0.40560224086602065,2026-04-17T21:22:39.759000+00:00,2026-04-17T21:22:39.759000+00:00,cabin,theme_page,ai_generated,rustic_cozy,bedroom,aspirational_realistic,en,1.0,https://www.instagram.com/reel/DXP2nwbDhYv/,https://www.instagram.com/_living.aura/,"VERIFIED (public embed page, rounded, 2026-09-25)","VERIFIED (public topic pages; sample, not full account history)"
theresortscollection,3,392000.0,2090.0,58100.0,215000.0,321500.0,0.14821428571428572,0.548469387755102,0.8865979381443299,0.37898574621238096,2025-06-03T18:06:04.831000+00:00,2026-04-22T15:47:40.898000+00:00,bora-bora-luxury-hotels;maldives-resort;underwater-hotel,other,real_footage,tropical,exterior_facade,real_existing,en,0.0,https://www.instagram.com/reel/DTSfOoOkXXA/,https://www.instagram.com/theresortscollection/,"VERIFIED (public embed page, rounded, 2026-09-25)","VERIFIED (public topic pages; sample, not full account history)"
essenzyplace,1,16000.0,111.0,215000.0,215000.0,215000.0,13.4375,13.4375,0.5498721227621484,1.066015404570409,2026-08-15T16:37:22.098000+00:00,2026-08-15T16:37:22.098000+00:00,mid-century-modern,theme_page,unclear,mid_century,living_room,aspirational_realistic,en,0.0,https://www.instagram.com/reel/DcEVXMsgCOR/,https://www.instagram.com/essenzyplace/,"VERIFIED (public embed page, rounded, 2026-09-25)","VERIFIED (public topic pages; sample, not full account history)"
viktoro_ok,1,697000.0,593.0,214000.0,214000.0,214000.0,0.30703012912482064,0.30703012912482064,1.0490196078431373,0.33942049371899463,2025-09-22T08:50:50.146000+00:00,2025-09-22T08:50:50.146000+00:00,mountain-house,lifestyle_influencer,real_footage,traditional_regional,exterior_facade,real_existing,en,0.0,https://www.instagram.com/reel/DO5gCFkjc8M/,https://www.instagram.com/viktoro_ok/,"VERIFIED (public embed page, rounded, 2026-09-25)","VERIFIED (public topic pages; sample, not full account history)"
chalet_restaurant_vld,1,25000.0,757.0,214000.0,214000.0,214000.0,8.56,8.56,0.2038095238095238,0.5239946262616003,2026-08-04T13:42:02.319000+00:00,2026-08-04T13:42:02.319000+00:00,chalet,other,real_footage,other,none_person_only,real_existing,ru,0.0,https://www.instagram.com/reel/Dbnsja7Mtq2/,https://www.instagram.com/chalet_restaurant_vld/,"VERIFIED (public embed page, rounded, 2026-09-25)","VERIFIED (public topic pages; sample, not full account history)"
yousef.almehdari,1,2000.0,442.0,213000.0,213000.0,213000.0,106.5,106.5,1.0364963503649636,4.036877022539668,2026-09-08T14:42:45.473000+00:00,2026-09-08T14:42:45.473000+00:00,architecture-photography,other,real_footage,classical_luxury,exterior_facade,real_existing,en,0.0,https://www.instagram.com/reel/DdB7UxEN74L/,https://www.instagram.com/yousef.almehdari/,"VERIFIED (public embed page, rounded, 2026-09-25)","VERIFIED (public topic pages; sample, not full account history)"
glacial_whisper,1,14000.0,617.0,213000.0,213000.0,213000.0,15.214285714285714,15.214285714285714,1.13903743315508,6.104170593958672,2026-07-23T15:57:17.133000+00:00,2026-07-23T15:57:17.133000+00:00,waterfall-house,theme_page,ai_generated,modern_luxury,exterior_facade,stylized_dreamy,en,1.0,https://www.instagram.com/reel/DbJCff6TdYI/,https://www.instagram.com/glacial_whisper/,"VERIFIED (public embed page, rounded, 2026-09-25)","VERIFIED (public topic pages; sample, not full account history)"
wanderlost_prachi,1,56000.0,1349.0,211000.0,211000.0,211000.0,3.767857142857143,3.767857142857143,3.392282958199357,6.48945215332897,2025-08-09T10:11:31.837000+00:00,2025-08-09T10:11:31.837000+00:00,luxury-villa-with-pool,lifestyle_influencer,real_footage,tropical,exterior_facade,real_existing,en,0.0,https://www.instagram.com/reel/DNIWSnSTrsf/,https://www.instagram.com/wanderlost_prachi/,"VERIFIED (public embed page, rounded, 2026-09-25)","VERIFIED (public topic pages; sample, not full account history)"
housebeyondthe,1,47000.0,237.0,211000.0,211000.0,211000.0,4.48936170212766,4.48936170212766,3.216463414634146,0.9312915374325309,2026-01-20T05:19:10.393000+00:00,2026-01-20T05:19:10.393000+00:00,ai-interior,ai_creator,ai_generated,classical_luxury,living_room,stylized_dreamy,en,1.0,https://www.instagram.com/reel/DTuHM0wEt2a/,https://www.instagram.com/housebeyondthe/,"VERIFIED (public embed page, rounded, 2026-09-25)","VERIFIED (public topic pages; sample, not full account history)"
studio_mek,1,82000.0,259.0,211000.0,211000.0,211000.0,2.573170731707317,2.573170731707317,3.0403458213256482,3.2805272471707485,2026-06-28T15:28:09.695000+00:00,2026-06-28T15:28:09.695000+00:00,hotel-design,designer_studio,ai_generated,dark_luxury,lobby_common,stylized_dreamy,tr,1.0,https://www.instagram.com/reel/DaInSUDMk1P/,https://www.instagram.com/studio_mek/,"VERIFIED (public embed page, rounded, 2026-09-25)","VERIFIED (public topic pages; sample, not full account history)"
firetubs_aust,1,91000.0,247.0,210000.0,210000.0,210000.0,2.3076923076923075,2.3076923076923075,0.7763401109057301,0.6819138807406365,2025-11-05T08:27:38.964000+00:00,2025-11-05T08:27:38.964000+00:00,glamping-ideas,brand_manufacturer,real_footage,other,garden_landscape,real_existing,en,0.0,https://www.instagram.com/reel/DQqwWw9kR--/,https://www.instagram.com/firetubs_aust/,"VERIFIED (public embed page, rounded, 2026-09-25)","VERIFIED (public topic pages; sample, not full account history)"
woodmet.in,1,27000.0,218.0,209000.0,209000.0,209000.0,7.7407407407407405,7.7407407407407405,2.67777065983344,3.890228812600135,2026-04-08T15:29:08.200000+00:00,2026-04-08T15:29:08.200000+00:00,luxury-furniture,brand_manufacturer,unclear,japandi,other,aspirational_realistic,en,0.0,https://www.instagram.com/reel/DW4DAlHk7S1/,https://www.instagram.com/woodmet.in/,"VERIFIED (public embed page, rounded, 2026-09-25)","VERIFIED (public topic pages; sample, not full account history)"
buildrushdiy,1,22000.0,51.0,207000.0,207000.0,207000.0,9.409090909090908,9.409090909090908,1.483339304908635,1.8109857313651772,2026-03-09T10:12:39.268000+00:00,2026-03-09T10:12:39.268000+00:00,ai-house-design,ai_creator,ai_generated,warm_luxury,bedroom,stylized_dreamy,en,1.0,https://www.instagram.com/reel/DVqO8WFiar_/,https://www.instagram.com/buildrushdiy/,"VERIFIED (public embed page, rounded, 2026-09-25)","VERIFIED (public topic pages; sample, not full account history)"
bramleyandbear,1,112000.0,883.0,207000.0,207000.0,207000.0,1.8482142857142858,1.8482142857142858,0.2709424083769634,0.21260346779001374,2026-03-26T19:19:17.143000+00:00,2026-03-26T19:19:17.143000+00:00,outdoor-kitchen,lifestyle_influencer,real_footage,rustic_cozy,terrace_outdoor,real_existing,en,0.0,https://www.instagram.com/reel/DWW_A3fAsq3/,https://www.instagram.com/bramleyandbear/,"VERIFIED (public embed page, rounded, 2026-09-25)","VERIFIED (public topic pages; sample, not full account history)"
creativecabinsllc,1,377000.0,849.0,207000.0,207000.0,207000.0,0.5490716180371353,0.5490716180371353,0.6310975609756098,0.596011298485815,2023-07-16T14:39:35.779000+00:00,2023-07-16T14:39:35.779000+00:00,a-frame-modern-cabins,other,real_footage,modern_luxury,exterior_facade,real_existing,en,0.0,https://www.instagram.com/reel/CuwwzXFOWjV/,https://www.instagram.com/creativecabinsllc/,"VERIFIED (public embed page, rounded, 2026-09-25)","VERIFIED (public topic pages; sample, not full account history)"
swimply,1,163000.0,774.0,206000.0,206000.0,206000.0,1.2638036809815951,1.2638036809815951,0.762962962962963,1.1467688626683197,2026-02-09T22:56:48.262000+00:00,2026-02-09T22:56:48.262000+00:00,indoor-pool,other,real_footage,other,pool,real_existing,en,0.0,https://www.instagram.com/reel/DUjgIpWki_Z/,https://www.instagram.com/swimply/,"VERIFIED (public embed page, rounded, 2026-09-25)","VERIFIED (public topic pages; sample, not full account history)"
nikol.hladek,1,21000.0,223.0,205000.0,205000.0,205000.0,9.761904761904763,9.761904761904763,0.3010279001468429,0.6503913827579004,2026-04-09T17:51:58.051000+00:00,2026-04-09T17:51:58.051000+00:00,kitchen-inspiration,lifestyle_influencer,real_footage,minimalist,kitchen,real_existing,en,0.0,https://www.instagram.com/reel/DW64JlFCA0l/,https://www.instagram.com/nikol.hladek/,"VERIFIED (public embed page, rounded, 2026-09-25)","VERIFIED (public topic pages; sample, not full account history)"
erikaculmer_,1,9000.0,238.0,203000.0,203000.0,203000.0,22.555555555555557,22.555555555555557,0.4827586206896552,1.8448470010342366,2026-03-09T17:39:02.382000+00:00,2026-03-09T17:39:02.382000+00:00,luxury-homes;luxury-real-estate,real_estate,real_footage,modern_luxury,exterior_facade,real_existing,en,0.0,https://www.instagram.com/reel/DVrCBxKgIA5/,https://www.instagram.com/erikaculmer_/,"VERIFIED (public embed page, rounded, 2026-09-25)","VERIFIED (public topic pages; sample, not full account history)"
kristinanevans,1,779000.0,2081.0,202000.0,202000.0,202000.0,0.2593068035943517,0.2593068035943517,1.0439276485788114,0.4476265388652954,2026-03-05T14:54:33.849000+00:00,2026-03-05T14:54:33.849000+00:00,outdoor-living,lifestyle_influencer,real_footage,organic_modern,terrace_outdoor,real_existing,en,0.0,https://www.instagram.com/reel/DVgcBnQDf1-/,https://www.instagram.com/kristinanevans/,"VERIFIED (public embed page, rounded, 2026-09-25)","VERIFIED (public topic pages; sample, not full account history)"
dream._home_designs,2,,,195500.0,202000.0,391000.0,,,3.4047152967496292,,2026-03-19T12:31:51.593000+00:00,2026-06-29T15:55:49.019000+00:00,coastal-bedroom-design-ideas;green-minimalist-interior-design,,,,,,,,https://www.instagram.com/reel/DWEO0qoAFq2/,https://www.instagram.com/dream._home_designs/,UNKNOWN,"VERIFIED (public topic pages; sample, not full account history)"
luxurdream,1,18000.0,194.0,202000.0,202000.0,202000.0,11.222222222222221,11.222222222222221,0.6362204724409449,1.4565070278389063,2025-11-04T22:10:40.883000+00:00,2025-11-04T22:10:40.883000+00:00,luxury-life,theme_page,real_footage,modern_luxury,other,real_existing,en,0.0,https://www.instagram.com/reel/DQppv9NDMaz/,https://www.instagram.com/luxurdream/,"VERIFIED (public embed page, rounded, 2026-09-25)","VERIFIED (public topic pages; sample, not full account history)"
02xh.o,1,110000.0,139.0,202000.0,202000.0,202000.0,1.8363636363636364,1.8363636363636364,0.6443381180223285,0.41853434045365673,2026-09-16T19:06:09.501000+00:00,2026-09-16T19:06:09.501000+00:00,japandi,lifestyle_influencer,real_footage,other,none_person_only,real_existing,es,0.0,https://www.instagram.com/reel/DdW_0-CAk7K/,https://www.instagram.com/02xh.o/,"VERIFIED (public embed page, rounded, 2026-09-25)","VERIFIED (public topic pages; sample, not full account history)"
justvideowalls,1,148000.0,340.0,200000.0,200000.0,200000.0,1.3513513513513513,1.3513513513513513,2.306805074971165,0.8166107142696499,2025-10-18T19:00:01.823000+00:00,2025-10-18T19:00:01.823000+00:00,home-theater,brand_manufacturer,real_footage,minimalist,home_theater,real_existing,en,0.0,https://www.instagram.com/reel/DP9iatjAGnw/,https://www.instagram.com/justvideowalls/,"VERIFIED (public embed page, rounded, 2026-09-25)","VERIFIED (public topic pages; sample, not full account history)"
oliverbernardprivate,1,19000.0,976.0,200000.0,200000.0,200000.0,10.526315789473685,10.526315789473685,1.0,2.796738791865988,2026-05-29T17:32:53.869000+00:00,2026-05-29T17:32:53.869000+00:00,london-apartment,real_estate,real_footage,organic_modern,living_room,real_existing,en,0.0,https://www.instagram.com/reel/DY7ltqKIltc/,https://www.instagram.com/oliverbernardprivate/,"VERIFIED (public embed page, rounded, 2026-09-25)","VERIFIED (public topic pages; sample, not full account history)"
purestvintage,1,17000.0,31.0,200000.0,200000.0,200000.0,11.764705882352942,11.764705882352942,5.305039787798409,6.301826896230561,2025-05-07T20:51:44.842000+00:00,2025-05-07T20:51:44.842000+00:00,ai-house,theme_page,ai_generated,futuristic,bathroom,stylized_dreamy,en,1.0,https://www.instagram.com/reel/DJXc1c4tMn1/,https://www.instagram.com/purestvintage/,"VERIFIED (public embed page, rounded, 2026-09-25)","VERIFIED (public topic pages; sample, not full account history)"
kenxtori,1,227000.0,1037.0,200000.0,200000.0,200000.0,0.8810572687224669,0.8810572687224669,3.6036036036036037,2.2799948089568294,2025-04-04T11:05:55.638000+00:00,2025-04-04T11:05:55.638000+00:00,bora-bora-luxury-hotels,lifestyle_influencer,real_footage,tropical,exterior_facade,real_existing,en,0.0,https://www.instagram.com/reel/DIBbj5usY8-/,https://www.instagram.com/kenxtori/,"VERIFIED (public embed page, rounded, 2026-09-25)","VERIFIED (public topic pages; sample, not full account history)"
atelier.karolina,1,18000.0,72.0,200000.0,200000.0,200000.0,11.11111111111111,11.11111111111111,0.42598509052183176,1.20653006189876,2026-03-12T18:08:36.609000+00:00,2026-03-12T18:08:36.609000+00:00,luxury-bathroom,designer_studio,ai_generated,dark_luxury,bathroom,aspirational_realistic,en,1.0,https://www.instagram.com/reel/DVyzy-UEabK/,https://www.instagram.com/atelier.karolina/,"VERIFIED (public embed page, rounded, 2026-09-25)","VERIFIED (public topic pages; sample, not full account history)"
laurenashleyhansen,1,613000.0,3076.0,199000.0,199000.0,199000.0,0.32463295269168024,0.32463295269168024,1.4275466284074605,0.5406615658547053,2024-06-03T12:14:49.384000+00:00,2024-06-03T12:14:49.384000+00:00,organic-modern,lifestyle_influencer,real_footage,organic_modern,living_room,real_existing,en,0.0,https://www.instagram.com/reel/C7wM_onsI2z/,https://www.instagram.com/laurenashleyhansen/,"VERIFIED (public embed page, rounded, 2026-09-25)","VERIFIED (public topic pages; sample, not full account history)"
lattefueledmonster,1,29000.0,32.0,198000.0,198000.0,198000.0,6.827586206896552,6.827586206896552,1.1891891891891893,2.598829176057347,2026-03-08T16:17:13.821000+00:00,2026-03-08T16:17:13.821000+00:00,dark-academia-home-library,lifestyle_influencer,real_footage,dark_luxury,other,real_existing,en,0.0,https://www.instagram.com/reel/DVoT3tCCOfx/,https://www.instagram.com/lattefueledmonster/,"VERIFIED (public embed page, rounded, 2026-09-25)","VERIFIED (public topic pages; sample, not full account history)"
hasselblad,1,2000000.0,3842.0,198000.0,198000.0,198000.0,0.099,0.099,0.9635036496350365,0.14833735693676825,2026-09-14T12:00:25.126000+00:00,2026-09-14T12:00:25.126000+00:00,architecture-photography,brand_manufacturer,real_footage,traditional_regional,exterior_facade,real_existing,en,0.0,https://www.instagram.com/reel/DdRFhAmj2Y5/,https://www.instagram.com/hasselblad/,"VERIFIED (public embed page, rounded, 2026-09-25)","VERIFIED (public topic pages; sample, not full account history)"
hotelsguide_,1,400000.0,172.0,197000.0,197000.0,197000.0,0.4925,0.4925,1.1796407185628743,1.3586072708073154,2025-12-02T23:33:19.796000+00:00,2025-12-02T23:33:19.796000+00:00,arctic-treehouse-hotel-rovaniemi,media_publication,real_footage,traditional_regional,exterior_facade,real_existing,en,0.0,https://www.instagram.com/reel/DRx5dytiJWY/,https://www.instagram.com/hotelsguide_/,"VERIFIED (public embed page, rounded, 2026-09-25)","VERIFIED (public topic pages; sample, not full account history)"
keyf.alhaal,1,2000.0,83.0,196000.0,196000.0,196000.0,98.0,98.0,0.519893899204244,3.9966481120983324,2025-07-05T14:34:47.016000+00:00,2025-07-05T14:34:47.016000+00:00,saudi-arabia-architecture,lifestyle_influencer,real_footage,traditional_regional,exterior_facade,real_existing,ar,0.0,https://www.instagram.com/reel/DLusmHHtEF-/,https://www.instagram.com/keyf.alhaal/,"VERIFIED (public embed page, rounded, 2026-09-25)","VERIFIED (public topic pages; sample, not full account history)"
zalabadesign,1,60000.0,884.0,196000.0,196000.0,196000.0,3.2666666666666666,3.2666666666666666,0.6770293609671848,1.1786487885321657,2026-08-03T17:30:00.581000+00:00,2026-08-03T17:30:00.581000+00:00,futuristic-interior,designer_studio,ai_generated,futuristic,living_room,aspirational_realistic,en,1.0,https://www.instagram.com/reel/Dblh2QWRUn_/,https://www.instagram.com/zalabadesign/,"VERIFIED (public embed page, rounded, 2026-09-25)","VERIFIED (public topic pages; sample, not full account history)"
fushuhousedesign,3,,,146000.0,196000.0,418600.0,,,0.5782178217821782,,2026-03-17T12:00:11.709000+00:00,2026-08-10T11:27:53.591000+00:00,cottagecore-living-room-design;luxury-apartment-interior-design-ideas-2026;modern-classic-interior-design,,,,,,,,https://www.instagram.com/reel/Db25-KPNaeF/,https://www.instagram.com/fushuhousedesign/,UNKNOWN,"VERIFIED (public topic pages; sample, not full account history)"
flexicube.eu,1,12000.0,82.0,196000.0,196000.0,196000.0,16.333333333333332,16.333333333333332,0.3912175648702595,1.5208860640862119,2022-06-27T14:31:11.480000+00:00,2022-06-27T14:31:11.480000+00:00,container-house,brand_manufacturer,real_footage,industrial,exterior_facade,real_existing,en,0.0,https://www.instagram.com/reel/CfT-lzPjjgQ/,https://www.instagram.com/flexicube.eu/,"VERIFIED (public embed page, rounded, 2026-09-25)","VERIFIED (public topic pages; sample, not full account history)"
velartyestates,1,99000.0,209.0,194000.0,194000.0,194000.0,1.9595959595959596,1.9595959595959596,5.373961218836565,2.6642471362197235,2025-10-15T17:07:08.814000+00:00,2025-10-15T17:07:08.814000+00:00,como-lake-villas,real_estate,unclear,neoclassical,exterior_facade,aspirational_realistic,en,0.0,https://www.instagram.com/reel/DP1nHTajfMc/,https://www.instagram.com/velartyestates/,"VERIFIED (public embed page, rounded, 2026-09-25)","VERIFIED (public topic pages; sample, not full account history)"
nature.tales._by_arjun,1,137000.0,883.0,194000.0,194000.0,194000.0,1.416058394160584,1.416058394160584,0.9509803921568627,0.6585021580717231,2026-03-16T16:41:37.688000+00:00,2026-03-16T16:41:37.688000+00:00,mountain-house,theme_page,ai_generated,traditional_regional,exterior_facade,stylized_dreamy,en,1.0,https://www.instagram.com/reel/DV89BZfkhpW/,https://www.instagram.com/nature.tales._by_arjun/,"VERIFIED (public embed page, rounded, 2026-09-25)","VERIFIED (public topic pages; sample, not full account history)"
thenightfallgroup,2,2000000.0,508.0,115750.0,193000.0,231500.0,0.057875,0.0965,2.0441871917478647,0.4491119526523124,2024-04-23T19:22:05.248000+00:00,2025-01-29T16:52:38.513000+00:00,beverly-hills-mansion;miami-mansion,real_estate,real_footage,modern_luxury,exterior_facade,real_existing,en,0.0,https://www.instagram.com/reel/C6HZTIzvreP/,https://www.instagram.com/thenightfallgroup/,"VERIFIED (public embed page, rounded, 2026-09-25)","VERIFIED (public topic pages; sample, not full account history)"
engr_manish,1,15000.0,141.0,192000.0,192000.0,192000.0,12.8,12.8,0.6037735849056604,1.137975513559486,2026-09-02T08:21:28.743000+00:00,2026-09-02T08:21:28.743000+00:00,modern-house,contractor_trade,ai_generated,modern_luxury,other,aspirational_realistic,en,1.0,https://www.instagram.com/reel/Dcxy68nOSPJ/,https://www.instagram.com/engr_manish/,"VERIFIED (public embed page, rounded, 2026-09-25)","VERIFIED (public topic pages; sample, not full account history)"
kendra_homedecor,1,228000.0,1285.0,191000.0,191000.0,191000.0,0.8377192982456141,0.8377192982456141,0.22819593787335724,0.12421854556632561,2025-02-16T22:21:23.095000+00:00,2025-02-16T22:21:23.095000+00:00,home-decor;home-decor-ideas,lifestyle_influencer,real_footage,glam_feminine,living_room,real_existing,en,0.0,https://www.instagram.com/reel/DGJnf-fJs40/,https://www.instagram.com/kendra_homedecor/,"VERIFIED (public embed page, rounded, 2026-09-25)","VERIFIED (public topic pages; sample, not full account history)"
kapsolutionscorp,1,7000.0,32.0,191000.0,191000.0,191000.0,27.285714285714285,27.285714285714285,0.314921681780709,1.1629683960343955,2026-07-06T18:48:55.717000+00:00,2026-07-06T18:48:55.717000+00:00,backyard-design,other,ai_generated,modern_luxury,pool,stylized_dreamy,en,1.0,https://www.instagram.com/reel/DadknxmJ50i/,https://www.instagram.com/kapsolutionscorp/,"VERIFIED (public embed page, rounded, 2026-09-25)","VERIFIED (public topic pages; sample, not full account history)"
__sensorial_,1,13000.0,105.0,190000.0,190000.0,190000.0,14.615384615384615,14.615384615384615,2.674173117522871,5.222670910686345,2026-08-07T00:34:19.345000+00:00,2026-08-07T00:34:19.345000+00:00,desert-house-interior-design-ideas,ai_creator,ai_generated,organic_modern,garden_landscape,aspirational_realistic,es,1.0,https://www.instagram.com/reel/DbuAyo8Jhe_/,https://www.instagram.com/__sensorial_/,"VERIFIED (public embed page, rounded, 2026-09-25)","VERIFIED (public topic pages; sample, not full account history)"
mazaridevelopments,1,77000.0,1005.0,188000.0,188000.0,188000.0,2.4415584415584415,2.4415584415584415,1.096209912536443,3.1995519258780534,2025-07-28T14:00:36.005000+00:00,2025-07-28T14:00:36.005000+00:00,tropical-villa,real_estate,3d_render,mediterranean,pool,aspirational_realistic,en,0.0,https://www.instagram.com/reel/DMp293mPKT0/,https://www.instagram.com/mazaridevelopments/,"VERIFIED (public embed page, rounded, 2026-09-25)","VERIFIED (public topic pages; sample, not full account history)"
andresnunezarquitectos,1,208000.0,3923.0,188000.0,188000.0,188000.0,0.9038461538461539,0.9038461538461539,0.9148418491484185,0.18370950578228415,2026-08-26T16:05:35.538000+00:00,2026-08-26T16:05:35.538000+00:00,architecture-design;architecture-photography,designer_studio,real_footage,minimalist,exterior_facade,real_existing,es,0.0,https://www.instagram.com/reel/DcgmeFsxg2T/,https://www.instagram.com/andresnunezarquitectos/,"VERIFIED (public embed page, rounded, 2026-09-25)","VERIFIED (public topic pages; sample, not full account history)"
vizag_talks,1,57000.0,411.0,187000.0,187000.0,187000.0,3.280701754385965,3.280701754385965,3.0064308681672025,5.703902667060077,2025-08-21T06:57:33.981000+00:00,2025-08-21T06:57:33.981000+00:00,luxury-villa-with-pool,media_publication,real_footage,modern_luxury,living_room,real_existing,en,0.0,https://www.instagram.com/reel/DNm5oeiSiWo/,https://www.instagram.com/vizag_talks/,"VERIFIED (public embed page, rounded, 2026-09-25)","VERIFIED (public topic pages; sample, not full account history)"
jakerowleyyy,1,2000.0,11.0,187000.0,187000.0,187000.0,93.5,93.5,8.738317757009346,22.830605337159305,2026-05-31T05:57:24.602000+00:00,2026-05-31T05:57:24.602000+00:00,luxury-hotel-room,other,real_footage,minimalist,bedroom,real_existing,en,0.0,https://www.instagram.com/reel/DY_ftgQz3bA/,https://www.instagram.com/jakerowleyyy/,"VERIFIED (public embed page, rounded, 2026-09-25)","VERIFIED (public topic pages; sample, not full account history)"
sheivaafshari,1,41000.0,311.0,187000.0,187000.0,187000.0,4.560975609756097,4.560975609756097,1.0,3.242177297301235,2025-02-17T16:37:16.113000+00:00,2025-02-17T16:37:16.113000+00:00,waterfall-house,lifestyle_influencer,real_footage,organic_modern,exterior_facade,real_existing,other,0.0,https://www.instagram.com/reel/DGLk6d8OIef/,https://www.instagram.com/sheivaafshari/,"VERIFIED (public embed page, rounded, 2026-09-25)","VERIFIED (public topic pages; sample, not full account history)"
shivani_mistry22,1,11000.0,377.0,186000.0,186000.0,186000.0,16.90909090909091,16.90909090909091,1.1038575667655786,2.557558087211831,2026-08-07T15:23:08.632000+00:00,2026-08-07T15:23:08.632000+00:00,best-rooftop-pools,lifestyle_influencer,real_footage,modern_luxury,pool,real_existing,en,0.0,https://www.instagram.com/reel/Dbvmgj_qmmi/,https://www.instagram.com/shivani_mistry22/,"VERIFIED (public embed page, rounded, 2026-09-25)","VERIFIED (public topic pages; sample, not full account history)"
oakandorange,1,130000.0,2140.0,185000.0,185000.0,185000.0,1.4230769230769231,1.4230769230769231,0.9560723514211886,0.9471350592846951,2025-09-05T08:00:21.881000+00:00,2025-09-05T08:00:21.881000+00:00,outdoor-living,contractor_trade,real_footage,mediterranean,terrace_outdoor,real_existing,en,0.0,https://www.instagram.com/reel/DONovjQCeGG/,https://www.instagram.com/oakandorange/,"VERIFIED (public embed page, rounded, 2026-09-25)","VERIFIED (public topic pages; sample, not full account history)"
noborutravel,1,5000.0,380.0,185000.0,185000.0,185000.0,37.0,37.0,3.1171019376579614,3.86401228829637,2026-07-03T13:11:19.073000+00:00,2026-07-03T13:11:19.073000+00:00,boutique-hotel,lifestyle_influencer,real_footage,traditional_regional,pool,real_existing,en,0.0,https://www.instagram.com/reel/DaVPmakMsRk/,https://www.instagram.com/noborutravel/,"VERIFIED (public embed page, rounded, 2026-09-25)","VERIFIED (public topic pages; sample, not full account history)"
elvavillasbali,1,7000.0,96.0,185000.0,185000.0,185000.0,26.428571428571427,26.428571428571427,1.1419753086419753,2.288228659668705,2026-05-29T09:30:25.751000+00:00,2026-05-29T09:30:25.751000+00:00,bali-villa,other,real_footage,tropical,pool,real_existing,en,0.0,https://www.instagram.com/reel/DY6uf8_Bbkz/,https://www.instagram.com/elvavillasbali/,"VERIFIED (public embed page, rounded, 2026-09-25)","VERIFIED (public topic pages; sample, not full account history)"
arch_sana80,1,,,184000.0,184000.0,184000.0,,,0.6456140350877193,,2026-02-12T16:50:50.956000+00:00,2026-02-12T16:50:50.956000+00:00,architecture-design,,,,,,,,https://www.instagram.com/reel/DUqko75iC1o/,https://www.instagram.com/arch_sana80/,UNKNOWN,"VERIFIED (public topic pages; sample, not full account history)"
the.homebody.club8,1,12000.0,81.0,182000.0,182000.0,182000.0,15.166666666666666,15.166666666666666,3.5721295387634937,3.3260654208181815,2026-07-23T07:13:22.069000+00:00,2026-07-23T07:13:22.069000+00:00,neoclassical-interior,theme_page,ai_generated,classical_luxury,stairs_hall,aspirational_realistic,en,1.0,https://www.instagram.com/reel/DbIGiNeTnns/,https://www.instagram.com/the.homebody.club8/,"VERIFIED (public embed page, rounded, 2026-09-25)","VERIFIED (public topic pages; sample, not full account history)"
missgloriac,1,,,181000.0,181000.0,181000.0,,,0.6654411764705882,,2024-12-18T00:49:14.290000+00:00,2024-12-18T00:49:14.290000+00:00,beverly-hills-mansion,,,,,,,,https://www.instagram.com/reel/DDsz7gsyQc0/,https://www.instagram.com/missgloriac/,UNKNOWN,"VERIFIED (public topic pages; sample, not full account history)"
ak._.furnitures,1,2000.0,319.0,180000.0,180000.0,180000.0,90.0,90.0,0.24742268041237114,2.506213411162711,2026-08-21T17:57:30.199000+00:00,2026-08-21T17:57:30.199000+00:00,furniture-design,brand_manufacturer,real_footage,classical_luxury,other,real_existing,en,0.0,https://www.instagram.com/reel/DcT7TX_Myp1/,https://www.instagram.com/ak._.furnitures/,"VERIFIED (public embed page, rounded, 2026-09-25)","VERIFIED (public topic pages; sample, not full account history)"
casatropicaltulum,1,15000.0,166.0,180000.0,180000.0,180000.0,12.0,12.0,1.0495626822157433,6.583442516208169,2026-02-11T20:05:02.823000+00:00,2026-02-11T20:05:02.823000+00:00,tropical-villa,real_estate,real_footage,tropical,exterior_facade,real_existing,en,0.0,https://www.instagram.com/reel/DUoWEaHEZ5U/,https://www.instagram.com/casatropicaltulum/,"VERIFIED (public embed page, rounded, 2026-09-25)","VERIFIED (public topic pages; sample, not full account history)"
alexander_zakharin,1,157000.0,2638.0,179000.0,179000.0,179000.0,1.1401273885350318,1.1401273885350318,0.8229885057471265,0.5738890377114398,2026-02-20T12:46:12.022000+00:00,2026-02-20T12:46:12.022000+00:00,penthouse-tour,real_estate,real_footage,modern_luxury,bedroom,real_existing,en,0.0,https://www.instagram.com/reel/DU-vAEujd8W/,https://www.instagram.com/alexander_zakharin/,"VERIFIED (public embed page, rounded, 2026-09-25)","VERIFIED (public topic pages; sample, not full account history)"
casasforsale,1,150000.0,1508.0,178000.0,178000.0,178000.0,1.1866666666666668,1.1866666666666668,0.689922480620155,2.916183037556182,2023-09-13T21:32:33.450000+00:00,2023-09-13T21:32:33.450000+00:00,luxury-real-estate-mansion-exterior,theme_page,real_footage,classical_luxury,exterior_facade,real_existing,en,0.0,https://www.instagram.com/reel/CxJa9moyVXj/,https://www.instagram.com/casasforsale/,"VERIFIED (public embed page, rounded, 2026-09-25)","VERIFIED (public topic pages; sample, not full account history)"
relaxinoffgrid,3,1000000.0,959.0,79100.0,177000.0,295100.0,0.0791,0.177,0.3925558312655087,0.15820192007151057,2026-03-24T20:24:08.831000+00:00,2026-08-16T16:16:15.259000+00:00,cozy-cabin-in-the-snow;cozy-winter-cabin;glass-house;luxury-cabin,theme_page,ai_generated,rustic_cozy,bedroom,stylized_dreamy,en,1.0,https://www.instagram.com/reel/DcG3vbhCYtF/,https://www.instagram.com/relaxinoffgrid/,"VERIFIED (public embed page, rounded, 2026-09-25)","VERIFIED (public topic pages; sample, not full account history)"
tiny.homees,1,227000.0,2504.0,176000.0,176000.0,176000.0,0.775330396475771,0.775330396475771,0.46194225721784776,0.3285331831882932,2026-08-31T13:26:31.671000+00:00,2026-08-31T13:26:31.671000+00:00,cozy-cabin,theme_page,ai_generated,rustic_cozy,bedroom,stylized_dreamy,en,1.0,https://www.instagram.com/reel/DctMPcPR6Ik/,https://www.instagram.com/tiny.homees/,"VERIFIED (public embed page, rounded, 2026-09-25)","VERIFIED (public topic pages; sample, not full account history)"
parametric.architecture,2,2000000.0,7035.0,147500.0,176000.0,295000.0,0.07375,0.088,181.0277579283956,3.725922526426438,2026-02-23T14:03:45.030000+00:00,2026-04-23T12:13:10.229000+00:00,impossible-architecture;midjourney-architecture,media_publication,ai_generated,futuristic,exterior_facade,real_existing,en,0.5,https://www.instagram.com/reel/DVGmQsWjDwh/,https://www.instagram.com/parametric.architecture/,"VERIFIED (public embed page, rounded, 2026-09-25)","VERIFIED (public topic pages; sample, not full account history)"
thecubeshape,1,11000.0,207.0,176000.0,176000.0,176000.0,16.0,16.0,3.4543670264965654,5.013910065213886,2026-05-14T17:21:48.624000+00:00,2026-05-14T17:21:48.624000+00:00,modern-classic-interior-design;neoclassical-interior,designer_studio,real_footage,neoclassical,living_room,aspirational_realistic,ar,0.0,https://www.instagram.com/reel/DYU8hU7tjzW/,https://www.instagram.com/thecubeshape/,"VERIFIED (public embed page, rounded, 2026-09-25)","VERIFIED (public topic pages; sample, not full account history)"
theavenuehotel_,1,5000.0,71.0,176000.0,176000.0,176000.0,35.2,35.2,1.873336881319851,9.227989067225579,2024-09-11T08:15:29.194000+00:00,2024-09-11T08:15:29.194000+00:00,luxury-hotel-suite,other,real_footage,minimalist,hotel_room,real_existing,en,0.0,https://www.instagram.com/reel/C_xRGLoyk-G/,https://www.instagram.com/theavenuehotel_/,"VERIFIED (public embed page, rounded, 2026-09-25)","VERIFIED (public topic pages; sample, not full account history)"
andreavetrano,2,1000000.0,974.0,157000.0,175000.0,314000.0,0.157,0.175,1.4313464608834487,0.6735249608933396,2023-11-24T17:18:39.987000+00:00,2025-11-04T13:03:08.452000+00:00,luxury-hotel-suite;luxury-suite,lifestyle_influencer,real_footage,classical_luxury,living_room,real_existing,en,0.0,https://www.instagram.com/reel/DQorFplja_V/,https://www.instagram.com/andreavetrano/,"VERIFIED (public embed page, rounded, 2026-09-25)","VERIFIED (public topic pages; sample, not full account history)"
rq.concepts,1,4000.0,138.0,174000.0,174000.0,174000.0,43.5,43.5,0.7310924369747899,2.767254084298207,2025-06-05T04:57:41.160000+00:00,2025-06-05T04:57:41.160000+00:00,tropical-house-architecture-styles,designer_studio,3d_render,tropical,exterior_facade,aspirational_realistic,en,0.0,https://www.instagram.com/reel/DKgatEnxxvZ/,https://www.instagram.com/rq.concepts/,"VERIFIED (public embed page, rounded, 2026-09-25)","VERIFIED (public topic pages; sample, not full account history)"
homesandgardensofficial,1,791000.0,5158.0,172000.0,172000.0,172000.0,0.21744627054361568,0.21744627054361568,0.27044025157232704,0.09870548743742112,2024-11-07T19:18:38.205000+00:00,2024-11-07T19:18:38.205000+00:00,home-library,media_publication,real_footage,maximalist,other,real_existing,en,0.0,https://www.instagram.com/reel/DCFOTHSCPr-/,https://www.instagram.com/homesandgardensofficial/,"VERIFIED (public embed page, rounded, 2026-09-25)","VERIFIED (public topic pages; sample, not full account history)"
lauraingraham,1,,,169000.0,169000.0,169000.0,,,2.7704918032786887,,2026-07-17T23:22:12.058000+00:00,2026-07-17T23:22:12.058000+00:00,aspen,,,,,,,,https://www.instagram.com/reel/Da6Yo6Ah4HZ/,https://www.instagram.com/lauraingraham/,UNKNOWN,"VERIFIED (public topic pages; sample, not full account history)"
hosambaghdady,1,32000.0,367.0,169000.0,169000.0,169000.0,5.28125,5.28125,0.9548022598870056,2.77422870039725,2026-04-20T14:20:52.636000+00:00,2026-04-20T14:20:52.636000+00:00,ai-generated-architecture-designs,ai_creator,ai_generated,minimalist,other,aspirational_realistic,en,1.0,https://www.instagram.com/reel/DXW0vIhiIhz/,https://www.instagram.com/hosambaghdady/,"VERIFIED (public embed page, rounded, 2026-09-25)","VERIFIED (public topic pages; sample, not full account history)"
iamsarahharris,1,2000000.0,494.0,168000.0,168000.0,168000.0,0.084,0.084,1.0059880239520957,0.5457996414593027,2026-01-29T08:06:30.883000+00:00,2026-01-29T08:06:30.883000+00:00,arctic-treehouse-hotel-rovaniemi,lifestyle_influencer,real_footage,scandinavian,exterior_facade,real_existing,en,0.0,https://www.instagram.com/reel/DUFlgWFDG3g/,https://www.instagram.com/iamsarahharris/,"VERIFIED (public embed page, rounded, 2026-09-25)","VERIFIED (public topic pages; sample, not full account history)"
ojs_,1,5000.0,10.0,168000.0,168000.0,168000.0,33.6,33.6,7.850467289719626,13.36198983823812,2026-06-27T20:49:36.856000+00:00,2026-06-27T20:49:36.856000+00:00,luxury-hotel-room,other,real_footage,modern_luxury,hotel_room,real_existing,ar,0.0,https://www.instagram.com/reel/DaGnR0_skWc/,https://www.instagram.com/ojs_/,"VERIFIED (public embed page, rounded, 2026-09-25)","VERIFIED (public topic pages; sample, not full account history)"
thebaliexpert,1,100000.0,113.0,167000.0,167000.0,167000.0,1.67,1.67,3.825887743413517,1.7558653216163043,2025-11-09T11:31:14.568000+00:00,2025-11-09T11:31:14.568000+00:00,bali-infinity-pool-villas;bali-luxury-villas-with-private-pools;bali-villa,theme_page,real_footage,tropical,pool,real_existing,en,0.0,https://www.instagram.com/reel/DQ1Yi8XkWn6/,https://www.instagram.com/thebaliexpert/,"VERIFIED (public embed page, rounded, 2026-09-25)","VERIFIED (public topic pages; sample, not full account history)"
architects_need,1,3000000.0,7801.0,167000.0,167000.0,167000.0,0.05566666666666667,0.05566666666666667,0.7695852534562212,0.28755317036298417,2026-04-05T17:22:39.858000+00:00,2026-04-05T17:22:39.858000+00:00,ai-render,media_publication,3d_render,modern_luxury,kitchen,aspirational_realistic,en,0.0,https://www.instagram.com/reel/DWwhndMiBi0/,https://www.instagram.com/architects_need/,"VERIFIED (public embed page, rounded, 2026-09-25)","VERIFIED (public topic pages; sample, not full account history)"
theyoungvillas,1,276000.0,488.0,167000.0,167000.0,167000.0,0.605072463768116,0.605072463768116,1.0308641975308641,0.3704193580836605,2025-06-25T10:15:32.943000+00:00,2025-06-25T10:15:32.943000+00:00,bali-villa,other,real_footage,organic_modern,pool,real_existing,en,0.0,https://www.instagram.com/reel/DLUe-q7RwDU/,https://www.instagram.com/theyoungvillas/,"VERIFIED (public embed page, rounded, 2026-09-25)","VERIFIED (public topic pages; sample, not full account history)"
sucy_dome_house_factory,1,10000.0,112.0,167000.0,167000.0,167000.0,16.7,16.7,1.7775412453432677,4.107052431823218,2026-06-05T09:53:06.959000+00:00,2026-06-05T09:53:06.959000+00:00,glass-house,brand_manufacturer,real_footage,futuristic,exterior_facade,real_existing,en,0.0,https://www.instagram.com/reel/DZMyqPbTlEg/,https://www.instagram.com/sucy_dome_house_factory/,"VERIFIED (public embed page, rounded, 2026-09-25)","VERIFIED (public topic pages; sample, not full account history)"
panneauhomedecor,1,253000.0,388.0,165000.0,165000.0,165000.0,0.6521739130434783,0.6521739130434783,1.6011644832605532,1.006854882204286,2026-05-08T10:32:54.073000+00:00,2026-05-08T10:32:54.073000+00:00,green-minimalist-interior-design,brand_manufacturer,3d_render,organic_modern,bedroom,aspirational_realistic,en,0.0,https://www.instagram.com/reel/DYEw9IwKL1L/,https://www.instagram.com/panneauhomedecor/,"VERIFIED (public embed page, rounded, 2026-09-25)","VERIFIED (public topic pages; sample, not full account history)"
d_design.studio._,1,13000.0,289.0,165000.0,165000.0,165000.0,12.692307692307692,12.692307692307692,7.913669064748201,9.18310986779785,2026-02-16T18:01:16.513000+00:00,2026-02-16T18:01:16.513000+00:00,rooftop-terrace,designer_studio,real_footage,modern_luxury,terrace_outdoor,real_existing,en,0.0,https://www.instagram.com/reel/DU0_4QEEuAM/,https://www.instagram.com/d_design.studio._/,"VERIFIED (public embed page, rounded, 2026-09-25)","VERIFIED (public topic pages; sample, not full account history)"
karlahomestyle,1,108000.0,785.0,164000.0,164000.0,164000.0,1.5185185185185186,1.5185185185185186,0.8475452196382429,0.9156774652973746,2025-03-03T12:38:28.696000+00:00,2025-03-03T12:38:28.696000+00:00,outdoor-living,lifestyle_influencer,real_footage,organic_modern,terrace_outdoor,real_existing,en,0.0,https://www.instagram.com/reel/DGvMtw_xUof/,https://www.instagram.com/karlahomestyle/,"VERIFIED (public embed page, rounded, 2026-09-25)","VERIFIED (public topic pages; sample, not full account history)"
isabella.aroundtheworld,1,325000.0,608.0,164000.0,164000.0,164000.0,0.5046153846153846,0.5046153846153846,0.06781062642133553,0.18190789207018343,2026-05-02T06:21:48.266000+00:00,2026-05-02T06:21:48.266000+00:00,lake-como-villa,lifestyle_influencer,real_footage,other,garden_landscape,real_existing,en,0.0,https://www.instagram.com/reel/DX03czIsO6x/,https://www.instagram.com/isabella.aroundtheworld/,"VERIFIED (public embed page, rounded, 2026-09-25)","VERIFIED (public topic pages; sample, not full account history)"
tamanna9147,1,159000.0,393.0,163000.0,163000.0,163000.0,1.0251572327044025,1.0251572327044025,0.8578947368421053,1.0796660874021111,2023-08-21T16:57:07.038000+00:00,2023-08-21T16:57:07.038000+00:00,rooftop-pool,lifestyle_influencer,real_footage,modern_luxury,pool,real_existing,en,0.0,https://www.instagram.com/reel/CwNtKGCgvT9/,https://www.instagram.com/tamanna9147/,"VERIFIED (public embed page, rounded, 2026-09-25)","VERIFIED (public topic pages; sample, not full account history)"
balihomeimmo,1,497000.0,1938.0,163000.0,163000.0,163000.0,0.32796780684104626,0.32796780684104626,0.9504373177842566,1.1597115763644883,2026-05-31T09:00:56.518000+00:00,2026-05-31T09:00:56.518000+00:00,tropical-villa,real_estate,real_footage,tropical,garden_landscape,real_existing,en,0.0,https://www.instagram.com/reel/DY_0tu2zDVh/,https://www.instagram.com/balihomeimmo/,"VERIFIED (public embed page, rounded, 2026-09-25)","VERIFIED (public topic pages; sample, not full account history)"
natureexplorers.pk,1,54000.0,2091.0,161000.0,161000.0,161000.0,2.9814814814814814,2.9814814814814814,7.252252252252252,2.9832911148280377,2025-01-22T20:11:23.070000+00:00,2025-01-22T20:11:23.070000+00:00,hunza-valley-luxury-resorts,theme_page,real_footage,modern_luxury,exterior_facade,real_existing,en,0.0,https://www.instagram.com/reel/DFJAv8yxaHp/,https://www.instagram.com/natureexplorers.pk/,"VERIFIED (public embed page, rounded, 2026-09-25)","VERIFIED (public topic pages; sample, not full account history)"
francescobeggio,1,104000.0,540.0,161000.0,161000.0,161000.0,1.5480769230769231,1.5480769230769231,0.7834549878345499,0.48075979615448966,2026-08-09T14:56:30.968000+00:00,2026-08-09T14:56:30.968000+00:00,architecture-photography,other,real_footage,minimalist,exterior_facade,real_existing,other,0.0,https://www.instagram.com/reel/Db0tDSPtQ2Y/,https://www.instagram.com/francescobeggio/,"VERIFIED (public embed page, rounded, 2026-09-25)","VERIFIED (public topic pages; sample, not full account history)"
dezo_interior,1,145000.0,864.0,161000.0,161000.0,161000.0,1.110344827586207,1.110344827586207,0.6338582677165354,0.272153977133895,2025-04-14T16:19:30.838000+00:00,2025-04-14T16:19:30.838000+00:00,luxury-bedroom-design;luxury-master-bedroom;luxury-master-bedroom-interior-design,designer_studio,3d_render,modern_luxury,bedroom,aspirational_realistic,hi,0.0,https://www.instagram.com/reel/DIbvZbey4Ki/,https://www.instagram.com/dezo_interior/,"VERIFIED (public embed page, rounded, 2026-09-25)","VERIFIED (public topic pages; sample, not full account history)"
joinfirstchair,2,96000.0,432.0,104000.0,160000.0,208000.0,1.0833333333333335,1.6666666666666667,1.3574359751548708,1.2668629400080396,2026-07-03T00:22:50.922000+00:00,2026-07-13T21:31:17.290000+00:00,green-minimalist-interior-design;wabi-sabi-japandi-interior-design,other,ai_generated,japandi,bedroom,aspirational_realistic,en,1.0,https://www.instagram.com/reel/DaT3p-osKqe/,https://www.instagram.com/joinfirstchair/,"VERIFIED (public embed page, rounded, 2026-09-25)","VERIFIED (public topic pages; sample, not full account history)"
muhammad_azhar_official,1,6000.0,1528.0,159000.0,159000.0,159000.0,26.5,26.5,0.5578947368421052,0.8157889383560026,2026-07-28T04:16:40.926000+00:00,2026-07-28T04:16:40.926000+00:00,architecture-design,designer_studio,ai_generated,rustic_cozy,exterior_facade,aspirational_realistic,en,1.0,https://www.instagram.com/reel/DbUqSgCtQO8/,https://www.instagram.com/muhammad_azhar_official/,"VERIFIED (public embed page, rounded, 2026-09-25)","VERIFIED (public topic pages; sample, not full account history)"
absolookid,1,16000.0,1973.0,158000.0,158000.0,158000.0,9.875,9.875,5.673249551166966,2.4749011132390186,2025-04-14T11:02:07.661000+00:00,2025-04-14T11:02:07.661000+00:00,wabi-sabi-interior,designer_studio,3d_render,organic_modern,living_room,aspirational_realistic,en,0.0,https://www.instagram.com/reel/DIbLE0qNPwG/,https://www.instagram.com/absolookid/,"VERIFIED (public embed page, rounded, 2026-09-25)","VERIFIED (public topic pages; sample, not full account history)"
treelagao_2,1,3000.0,117.0,157000.0,157000.0,157000.0,52.333333333333336,52.333333333333336,0.4435028248587571,1.616529583767007,2026-07-08T11:47:59.525000+00:00,2026-07-08T11:47:59.525000+00:00,landscape-design,theme_page,ai_generated,biophilic,garden_landscape,aspirational_realistic,en,1.0,https://www.instagram.com/reel/Dah-CfmJ_l-/,https://www.instagram.com/treelagao_2/,"VERIFIED (public embed page, rounded, 2026-09-25)","VERIFIED (public topic pages; sample, not full account history)"
mike.osin,1,6000.0,39.0,157000.0,157000.0,157000.0,26.166666666666668,26.166666666666668,1.6755602988260405,8.497945521097275,2026-09-02T21:36:10.557000+00:00,2026-09-02T21:36:10.557000+00:00,futuristic-architecture-designs-2026,ai_creator,ai_generated,futuristic,exterior_facade,stylized_dreamy,en,1.0,https://www.instagram.com/reel/DczN3eyNIoe/,https://www.instagram.com/mike.osin/,"VERIFIED (public embed page, rounded, 2026-09-25)","VERIFIED (public topic pages; sample, not full account history)"
villa.eyla,1,25000.0,851.0,157000.0,157000.0,157000.0,6.28,6.28,0.9691358024691358,1.0706973718298414,2025-08-07T11:41:08.690000+00:00,2025-08-07T11:41:08.690000+00:00,bali-villa,other,real_footage,mediterranean,terrace_outdoor,real_existing,en,0.0,https://www.instagram.com/reel/DNDW9N8yED3/,https://www.instagram.com/villa.eyla/,"VERIFIED (public embed page, rounded, 2026-09-25)","VERIFIED (public topic pages; sample, not full account history)"
modernconstructiondiy,1,1000000.0,478.0,157000.0,157000.0,157000.0,0.157,0.157,0.4435028248587571,0.10681927052363901,2026-05-14T20:11:33.597000+00:00,2026-05-14T20:11:33.597000+00:00,landscape-design,theme_page,real_footage,other,garden_landscape,real_existing,en,0.0,https://www.instagram.com/reel/DYVP8nCTtht/,https://www.instagram.com/modernconstructiondiy/,"VERIFIED (public embed page, rounded, 2026-09-25)","VERIFIED (public topic pages; sample, not full account history)"
the.nuance.studio,1,8000.0,162.0,156000.0,156000.0,156000.0,19.5,19.5,0.5351629502572899,2.5253812297063787,2025-11-06T16:39:49.402000+00:00,2025-11-06T16:39:49.402000+00:00,parametric-architecture,designer_studio,3d_render,minimalist,exterior_facade,aspirational_realistic,en,0.0,https://www.instagram.com/reel/DQuNebgiM2K/,https://www.instagram.com/the.nuance.studio/,"VERIFIED (public embed page, rounded, 2026-09-25)","VERIFIED (public topic pages; sample, not full account history)"
remodel_design_,3,77000.0,102.0,73700.0,156000.0,272200.0,0.9571428571428572,2.0259740259740258,0.3941176470588235,0.8348015955826429,2026-07-29T22:32:45.402000+00:00,2026-08-14T23:05:12.937000+00:00,futuristic-interior;luxury-room;waterfall-house,theme_page,ai_generated,minimalist,bedroom,aspirational_realistic,en,1.0,https://www.instagram.com/reel/Db9ODNdBcjh/,https://www.instagram.com/remodel_design_/,"VERIFIED (public embed page, rounded, 2026-09-25)","VERIFIED (public topic pages; sample, not full account history)"
lumispace.ai,1,240000.0,435.0,156000.0,156000.0,156000.0,0.65,0.65,0.9096209912536443,0.5127814863654134,2026-03-30T00:07:16.872000+00:00,2026-03-30T00:07:16.872000+00:00,dreamy-walk-in-closet-designs-ideas,designer_studio,real_footage,other,closet,real_existing,en,0.0,https://www.instagram.com/reel/DWfOW1Xjt2w/,https://www.instagram.com/lumispace.ai/,"VERIFIED (public embed page, rounded, 2026-09-25)","VERIFIED (public topic pages; sample, not full account history)"
fahedz90,1,487000.0,1520.0,154000.0,154000.0,154000.0,0.3162217659137577,0.3162217659137577,1.1079136690647482,0.8951726783447463,2026-03-13T12:26:33.272000+00:00,2026-03-13T12:26:33.272000+00:00,luxury-suite,lifestyle_influencer,real_footage,futuristic,hotel_room,real_existing,en,0.0,https://www.instagram.com/reel/DV0xcjvjC-w/,https://www.instagram.com/fahedz90/,"VERIFIED (public embed page, rounded, 2026-09-25)","VERIFIED (public topic pages; sample, not full account history)"
romesignature,1,47000.0,513.0,153000.0,153000.0,153000.0,3.25531914893617,3.25531914893617,0.3763837638376384,0.5959151733556581,2024-07-08T10:03:10.982000+00:00,2024-07-08T10:03:10.982000+00:00,dream-kitchens,designer_studio,real_footage,modern_luxury,kitchen,real_existing,en,0.0,https://www.instagram.com/reel/C9KFwGWs_zm/,https://www.instagram.com/romesignature/,"VERIFIED (public embed page, rounded, 2026-09-25)","VERIFIED (public topic pages; sample, not full account history)"
kuchecucina,2,93000.0,917.0,108400.0,153000.0,216800.0,1.1655913978494623,1.6451612903225807,0.6577213021900961,0.19576159977720134,2026-04-13T18:40:26.697000+00:00,2026-07-02T16:12:54.413000+00:00,luxury-kitchen;walk-in-closet,brand_manufacturer,real_footage,modern_luxury,closet,real_existing,en,0.0,https://www.instagram.com/reel/DaS_liaNngq/,https://www.instagram.com/kuchecucina/,"VERIFIED (public embed page, rounded, 2026-09-25)","VERIFIED (public topic pages; sample, not full account history)"
pergola_uae,1,199000.0,2225.0,153000.0,153000.0,153000.0,0.7688442211055276,0.7688442211055276,2.8867924528301887,0.9290520273849603,2026-02-14T09:19:18.622000+00:00,2026-02-14T09:19:18.622000+00:00,glass-house;glass-house-photos,contractor_trade,real_footage,minimalist,terrace_outdoor,real_existing,en,0.0,https://www.instagram.com/reel/DUu6jhCk4QP/,https://www.instagram.com/pergola_uae/,"VERIFIED (public embed page, rounded, 2026-09-25)","VERIFIED (public topic pages; sample, not full account history)"
fincadelicaibiza,1,70000.0,996.0,152000.0,152000.0,152000.0,2.1714285714285713,2.1714285714285713,4.18732782369146,3.5482306028584034,2024-06-23T11:31:35.152000+00:00,2024-06-23T11:31:35.152000+00:00,ibiza-luxury-villas-sea-view;ibiza-villa,real_estate,real_footage,mediterranean,pool,real_existing,en,0.0,https://www.instagram.com/reel/C8jn8dLtnJh/,https://www.instagram.com/fincadelicaibiza/,"VERIFIED (public embed page, rounded, 2026-09-25)","VERIFIED (public topic pages; sample, not full account history)"
casaversacedxb,1,7000.0,439.0,152000.0,152000.0,152000.0,21.714285714285715,21.714285714285715,5.314685314685315,3.79689121335615,2024-05-16T07:56:24.313000+00:00,2024-05-16T07:56:24.313000+00:00,mediterranean-villa;modern-mediterranean-houses,designer_studio,3d_render,modern_luxury,exterior_facade,aspirational_realistic,en,0.0,https://www.instagram.com/reel/C7BZHLQRCI8/,https://www.instagram.com/casaversacedxb/,"VERIFIED (public embed page, rounded, 2026-09-25)","VERIFIED (public topic pages; sample, not full account history)"
romania,1,2000000.0,10738.0,152000.0,152000.0,152000.0,0.076,0.076,0.7543424317617866,0.2198310707802847,2025-11-19T18:55:14.965000+00:00,2025-11-19T18:55:14.965000+00:00,cozy-cabin-in-the-snow,theme_page,real_footage,rustic_cozy,bedroom,real_existing,en,0.0,https://www.instagram.com/reel/DRP7TseCBZt/,https://www.instagram.com/romania/,"VERIFIED (public embed page, rounded, 2026-09-25)","VERIFIED (public topic pages; sample, not full account history)"
wellnesstravelled,1,643000.0,1142.0,151000.0,151000.0,151000.0,0.23483670295489892,0.23483670295489892,0.8961424332344213,0.3097134309723893,2026-06-20T13:39:55.434000+00:00,2026-06-20T13:39:55.434000+00:00,best-rooftop-pools,lifestyle_influencer,real_footage,other,pool,real_existing,en,0.0,https://www.instagram.com/reel/DZz0ijoxATL/,https://www.instagram.com/wellnesstravelled/,"VERIFIED (public embed page, rounded, 2026-09-25)","VERIFIED (public topic pages; sample, not full account history)"
darkhomes,1,297000.0,1101.0,151000.0,151000.0,151000.0,0.5084175084175084,0.5084175084175084,1.6072378924960085,0.7603123950795019,2023-09-07T12:10:22.878000+00:00,2023-09-07T12:10:22.878000+00:00,glass-house;house-in-forest,theme_page,ai_generated,rustic_cozy,living_room,stylized_dreamy,en,1.0,https://www.instagram.com/reel/Cw4922ir0jZ/,https://www.instagram.com/darkhomes/,"VERIFIED (public embed page, rounded, 2026-09-25)","VERIFIED (public topic pages; sample, not full account history)"
jess.wandering,1,910000.0,1260.0,150000.0,150000.0,150000.0,0.16483516483516483,0.16483516483516483,0.09375,0.11850852718293267,2026-03-02T16:50:12.972000+00:00,2026-03-02T16:50:12.972000+00:00,treehouse-hotel,lifestyle_influencer,real_footage,rustic_cozy,living_room,real_existing,en,0.0,https://www.instagram.com/reel/DVY64DJjNvG/,https://www.instagram.com/jess.wandering/,"VERIFIED (public embed page, rounded, 2026-09-25)","VERIFIED (public topic pages; sample, not full account history)"
lifeofblahhh,2,58000.0,466.0,87700.0,150000.0,175400.0,1.5120689655172415,2.586206896551724,0.5850494556322493,0.4055952275824039,2026-03-26T10:12:46.703000+00:00,2026-07-07T12:02:02.544000+00:00,art-deco-interior-design;minimalist-art-deco-interior-design,designer_studio,ai_generated,art_deco,living_room,aspirational_realistic,en,1.0,https://www.instagram.com/reel/DWWAeILCKtJ/,https://www.instagram.com/lifeofblahhh/,"VERIFIED (public embed page, rounded, 2026-09-25)","VERIFIED (public topic pages; sample, not full account history)"
thesmittencollective,1,778000.0,1526.0,150000.0,150000.0,150000.0,0.1928020565552699,0.1928020565552699,0.7751937984496124,0.33259569570815123,2025-06-08T22:35:33.261000+00:00,2025-06-08T22:35:33.261000+00:00,outdoor-living,lifestyle_influencer,real_footage,organic_modern,terrace_outdoor,real_existing,en,0.0,https://www.instagram.com/reel/DKqCJwaBwVG/,https://www.instagram.com/thesmittencollective/,"VERIFIED (public embed page, rounded, 2026-09-25)","VERIFIED (public topic pages; sample, not full account history)"
naturediariesvideos,1,620000.0,2226.0,150000.0,150000.0,150000.0,0.24193548387096775,0.24193548387096775,0.26714158504007124,0.041908122029300665,2026-03-14T17:34:31.274000+00:00,2026-03-14T17:34:31.274000+00:00,cozy-rain;rain-cozy,theme_page,real_footage,other,bedroom,real_existing,en,0.0,https://www.instagram.com/reel/DV35fDIjWlt/,https://www.instagram.com/naturediariesvideos/,"VERIFIED (public embed page, rounded, 2026-09-25)","VERIFIED (public topic pages; sample, not full account history)"
chase.the.rainbows,1,23000.0,1925.0,149000.0,149000.0,149000.0,6.478260869565218,6.478260869565218,3.088082901554404,5.59892868892801,2025-02-15T22:08:30.046000+00:00,2025-02-15T22:08:30.046000+00:00,cook-islands-luxury-resorts,lifestyle_influencer,real_footage,tropical,exterior_facade,real_existing,en,0.0,https://www.instagram.com/reel/DGHBOvCpcBp/,https://www.instagram.com/chase.the.rainbows/,"VERIFIED (public embed page, rounded, 2026-09-25)","VERIFIED (public topic pages; sample, not full account history)"
invisible.mumbaikar,1,19000.0,256.0,148000.0,148000.0,148000.0,7.7894736842105265,7.7894736842105265,0.8888888888888888,1.2426210901672763,2025-04-06T13:43:36.002000+00:00,2025-04-06T13:43:36.002000+00:00,villa-with-pool,other,real_footage,traditional_regional,pool,real_existing,en,0.0,https://www.instagram.com/reel/DIG3Me0oeSr/,https://www.instagram.com/invisible.mumbaikar/,"VERIFIED (public embed page, rounded, 2026-09-25)","VERIFIED (public topic pages; sample, not full account history)"
envypoolsaz,1,27000.0,711.0,148000.0,148000.0,148000.0,5.481481481481482,5.481481481481482,0.2195845697329377,0.9835752405202511,2024-12-10T13:00:05.191000+00:00,2024-12-10T13:00:05.191000+00:00,luxury-pool,contractor_trade,real_footage,tropical,pool,real_existing,en,0.0,https://www.instagram.com/reel/DDZhNZ3JQAW/,https://www.instagram.com/envypoolsaz/,"VERIFIED (public embed page, rounded, 2026-09-25)","VERIFIED (public topic pages; sample, not full account history)"
dream_homeworld,2,4000.0,49.0,78500.0,147000.0,157000.0,19.625,36.75,0.32553938052173187,1.2170918729973934,2026-08-14T18:15:18.013000+00:00,2026-08-26T17:26:35.443000+00:00,ai-house;cozy-cabin,ai_creator,ai_generated,rustic_cozy,exterior_facade,stylized_dreamy,en,1.0,https://www.instagram.com/reel/DcB7xmSPIsw/,https://www.instagram.com/dream_homeworld/,"VERIFIED (public embed page, rounded, 2026-09-25)","VERIFIED (public topic pages; sample, not full account history)"
briarandlinen,2,21000.0,98.0,76989.0,147000.0,153978.0,3.666142857142857,7.0,0.8985604066985645,1.5887567123139115,2026-07-11T02:48:08.720000+00:00,2026-08-07T10:45:24.824000+00:00,modern-classic-interior-design;quiet-luxury-bathroom,theme_page,ai_generated,classical_luxury,other,aspirational_realistic,en,0.5,https://www.instagram.com/reel/DbvGuZ_xYxg/,https://www.instagram.com/briarandlinen/,"VERIFIED (public embed page, rounded, 2026-09-25)","VERIFIED (public topic pages; sample, not full account history)"
pocketathome,1,17000.0,130.0,147000.0,147000.0,147000.0,8.647058823529411,8.647058823529411,1.6324264297612439,3.411681304934003,2026-04-13T18:54:09.820000+00:00,2026-04-13T18:54:09.820000+00:00,home-office-design,lifestyle_influencer,real_footage,other,office,real_existing,en,0.0,https://www.instagram.com/reel/DXFScnhjSSh/,https://www.instagram.com/pocketathome/,"VERIFIED (public embed page, rounded, 2026-09-25)","VERIFIED (public topic pages; sample, not full account history)"
diy_craft_restore,1,31000.0,158.0,147000.0,147000.0,147000.0,4.741935483870968,4.741935483870968,0.1755223880597015,0.2693974533605065,2026-02-18T18:16:26.933000+00:00,2026-02-18T18:16:26.933000+00:00,garden-design,theme_page,real_footage,other,garden_landscape,real_existing,en,0.0,https://www.instagram.com/reel/DU6LNIuDFOV/,https://www.instagram.com/diy_craft_restore/,"VERIFIED (public embed page, rounded, 2026-09-25)","VERIFIED (public topic pages; sample, not full account history)"
mkbbespokeaudio,1,9000.0,756.0,146000.0,146000.0,146000.0,16.22222222222222,16.22222222222222,1.6070445789763346,2.476850618801192,2026-01-28T13:01:51.328000+00:00,2026-01-28T13:01:51.328000+00:00,luxury-home-theater-ideas,contractor_trade,real_footage,dark_luxury,home_theater,real_existing,en,0.0,https://www.instagram.com/reel/DUDignDkYgF/,https://www.instagram.com/mkbbespokeaudio/,"VERIFIED (public embed page, rounded, 2026-09-25)","VERIFIED (public topic pages; sample, not full account history)"
alexiarogoz,1,102000.0,287.0,146000.0,146000.0,146000.0,1.4313725490196079,1.4313725490196079,0.21007194244604316,0.17715670254378554,2026-05-07T17:26:25.175000+00:00,2026-05-07T17:26:25.175000+00:00,maldives-villa,lifestyle_influencer,real_footage,tropical,exterior_facade,real_existing,en,0.0,https://www.instagram.com/reel/DYC7e9fBD6z/,https://www.instagram.com/alexiarogoz/,"VERIFIED (public embed page, rounded, 2026-09-25)","VERIFIED (public topic pages; sample, not full account history)"
soldbymarkz,1,390000.0,2210.0,146000.0,146000.0,146000.0,0.37435897435897436,0.37435897435897436,1.3176895306859207,0.29900532269992836,2025-10-28T23:08:18.060000+00:00,2025-10-28T23:08:18.060000+00:00,real-estate,real_estate,real_footage,other,none_person_only,real_existing,en,0.0,https://www.instagram.com/reel/DQXux2ZkZmV/,https://www.instagram.com/soldbymarkz/,"VERIFIED (public embed page, rounded, 2026-09-25)","VERIFIED (public topic pages; sample, not full account history)"
minimal_architectures,1,579000.0,831.0,145000.0,145000.0,145000.0,0.2504317789291883,0.2504317789291883,0.4559748427672956,0.155655003035418,2023-10-23T16:03:19.933000+00:00,2023-10-23T16:03:19.933000+00:00,modern-house,theme_page,3d_render,minimalist,exterior_facade,aspirational_realistic,en,0.0,https://www.instagram.com/reel/Cyv1FSSMxo9/,https://www.instagram.com/minimal_architectures/,"VERIFIED (public embed page, rounded, 2026-09-25)","VERIFIED (public topic pages; sample, not full account history)"
ambiancehometv,1,228000.0,838.0,145000.0,145000.0,145000.0,0.6359649122807017,0.6359649122807017,0.25823686553873554,0.43590909491636376,2026-05-16T18:17:52.031000+00:00,2026-05-16T18:17:52.031000+00:00,rain-cozy,ai_creator,ai_generated,rustic_cozy,other,stylized_dreamy,en,1.0,https://www.instagram.com/reel/DYaMhpjMcjb/,https://www.instagram.com/ambiancehometv/,"VERIFIED (public embed page, rounded, 2026-09-25)","VERIFIED (public topic pages; sample, not full account history)"
andrew.design_lab,1,10000.0,58.0,144000.0,144000.0,144000.0,14.4,14.4,0.8753799392097265,2.622684729203554,2025-07-26T20:00:16.730000+00:00,2025-07-26T20:00:16.730000+00:00,futuristic-architecture,ai_creator,ai_generated,futuristic,lobby_common,stylized_dreamy,en,1.0,https://www.instagram.com/reel/DMlWifApHsW/,https://www.instagram.com/andrew.design_lab/,"VERIFIED (public embed page, rounded, 2026-09-25)","VERIFIED (public topic pages; sample, not full account history)"
poles_gypsum_designe,1,,,144000.0,144000.0,144000.0,,,0.5669291338582677,,2025-09-18T07:59:34.156000+00:00,2025-09-18T07:59:34.156000+00:00,luxury-master-bedroom-interior-design,,,,,,,,https://www.instagram.com/reel/DOvG_GZjT3-/,https://www.instagram.com/poles_gypsum_designe/,UNKNOWN,"VERIFIED (public topic pages; sample, not full account history)"
henry129841,1,22000.0,554.0,143000.0,143000.0,143000.0,6.5,6.5,1.3522458628841607,1.5395586614034098,2026-07-28T09:07:28.424000+00:00,2026-07-28T09:07:28.424000+00:00,capsule-castle-luxury-space-capsule-houses,brand_manufacturer,real_footage,futuristic,exterior_facade,real_existing,fr,0.0,https://www.instagram.com/reel/DbVLkUniSaz/,https://www.instagram.com/henry129841/,"VERIFIED (public embed page, rounded, 2026-09-25)","VERIFIED (public topic pages; sample, not full account history)"
rehanbabarofficial,1,71000.0,2420.0,143000.0,143000.0,143000.0,2.0140845070422535,2.0140845070422535,6.441441441441442,2.3313828516341992,2026-07-03T16:01:03.739000+00:00,2026-07-03T16:01:03.739000+00:00,hunza-valley-luxury-resorts,lifestyle_influencer,real_footage,modern_luxury,dining,real_existing,en,0.0,https://www.instagram.com/reel/DaVjBqROY1M/,https://www.instagram.com/rehanbabarofficial/,"VERIFIED (public embed page, rounded, 2026-09-25)","VERIFIED (public topic pages; sample, not full account history)"
harvardbrookcabins,1,11000.0,92.0,142000.0,142000.0,142000.0,12.909090909090908,12.909090909090908,0.18857901726427623,0.7159255433713506,2026-09-19T19:03:26.980000+00:00,2026-09-19T19:03:26.980000+00:00,cabins,other,real_footage,rustic_cozy,garden_landscape,real_existing,en,0.0,https://www.instagram.com/reel/Ddet5wVpeRF/,https://www.instagram.com/harvardbrookcabins/,"VERIFIED (public embed page, rounded, 2026-09-25)","VERIFIED (public topic pages; sample, not full account history)"
behome_factorydirect,1,47000.0,180.0,142000.0,142000.0,142000.0,3.021276595744681,3.021276595744681,1.1497975708502024,0.995246512999536,2026-07-17T10:41:28.358000+00:00,2026-07-17T10:41:28.358000+00:00,biophilic-bedroom-design,brand_manufacturer,unclear,japandi,bedroom,aspirational_realistic,en,0.0,https://www.instagram.com/reel/Da5BlKmuIbY/,https://www.instagram.com/behome_factorydirect/,"VERIFIED (public embed page, rounded, 2026-09-25)","VERIFIED (public topic pages; sample, not full account history)"
staydinedo,1,588000.0,1036.0,142000.0,142000.0,142000.0,0.24149659863945577,0.24149659863945577,2.5585585585585586,1.0372188529588993,2025-04-25T00:02:37.401000+00:00,2025-04-25T00:02:37.401000+00:00,bora-bora-luxury-hotels,lifestyle_influencer,real_footage,tropical,exterior_facade,real_existing,en,0.0,https://www.instagram.com/reel/DI2UWGAP5BL/,https://www.instagram.com/staydinedo/,"VERIFIED (public embed page, rounded, 2026-09-25)","VERIFIED (public topic pages; sample, not full account history)"
avenue_home_decor,1,,,141000.0,141000.0,141000.0,,,0.22687047465808527,,2025-08-08T10:45:44.095000+00:00,2025-08-08T10:45:44.095000+00:00,luxury-kitchen;luxury-kitchen-design,,,,,,,,https://www.instagram.com/reel/DNF1aQjSJf9/,https://www.instagram.com/avenue_home_decor/,UNKNOWN,"VERIFIED (public topic pages; sample, not full account history)"
abdullah_home980,1,553000.0,967.0,141000.0,141000.0,141000.0,0.2549728752260398,0.2549728752260398,0.4266263237518911,0.25492079496168657,2025-09-09T14:15:16.301000+00:00,2025-09-09T14:15:16.301000+00:00,dream-house-design,designer_studio,ai_generated,modern_luxury,exterior_facade,aspirational_realistic,en,1.0,https://www.instagram.com/reel/DOYm086Ad-r/,https://www.instagram.com/abdullah_home980/,"VERIFIED (public embed page, rounded, 2026-09-25)","VERIFIED (public topic pages; sample, not full account history)"
thetenderline,2,11000.0,34.0,116550.0,139000.0,233100.0,10.595454545454546,12.636363636363637,0.5684379373324794,0.9019943464753913,2026-05-15T04:28:01.877000+00:00,2026-05-21T16:32:56.835000+00:00,art-deco-interior-design;minimalist-art-deco-interior-design,brand_manufacturer,unclear,art_deco,living_room,aspirational_realistic,en,0.0,https://www.instagram.com/reel/DYWIw3-Cyky/,https://www.instagram.com/thetenderline/,"VERIFIED (public embed page, rounded, 2026-09-25)","VERIFIED (public topic pages; sample, not full account history)"
benjamin.little_,1,41000.0,439.0,139000.0,139000.0,139000.0,3.3902439024390243,3.3902439024390243,0.22601626016260162,0.6347311254860514,2026-01-30T07:12:41.382000+00:00,2026-01-30T07:12:41.382000+00:00,unique-airbnb,lifestyle_influencer,real_footage,organic_modern,living_room,real_existing,en,0.0,https://www.instagram.com/reel/DUIEI_mkll9/,https://www.instagram.com/benjamin.little_/,"VERIFIED (public embed page, rounded, 2026-09-25)","VERIFIED (public topic pages; sample, not full account history)"
casa.curutchet,1,5000.0,48.0,139000.0,139000.0,139000.0,27.8,27.8,0.6763990267639902,1.716195471178698,2026-08-30T20:31:59.695000+00:00,2026-08-30T20:31:59.695000+00:00,architecture-photography,other,real_footage,mid_century,stairs_hall,real_existing,en,0.0,https://www.instagram.com/reel/DcrYIx7CSBn/,https://www.instagram.com/casa.curutchet/,"VERIFIED (public embed page, rounded, 2026-09-25)","VERIFIED (public topic pages; sample, not full account history)"
hussein_talaei,1,5000.0,262.0,138000.0,138000.0,138000.0,27.6,27.6,6.414427814446407,8.4261180436527,2026-06-23T09:56:57.277000+00:00,2026-06-23T09:56:57.277000+00:00,hotel-room-interior-design-ideas,designer_studio,unclear,warm_luxury,bedroom,aspirational_realistic,ar,0.0,https://www.instagram.com/reel/DZ7JaGyMBIj/,https://www.instagram.com/hussein_talaei/,"VERIFIED (public embed page, rounded, 2026-09-25)","VERIFIED (public topic pages; sample, not full account history)"
trillionaireestates,3,362000.0,1750.0,80700.0,138000.0,270400.0,0.2229281767955801,0.3812154696132597,0.4919786096256685,0.399904159829294,2023-06-13T15:13:11.313000+00:00,2023-12-23T17:26:12.149000+00:00,futuristic-home;luxury-homes-on-the-amalfi-coast;saudi-arabia-architecture,theme_page,real_footage,classical_luxury,exterior_facade,real_existing,en,0.3333333333333333,https://www.instagram.com/reel/C1NDDnuJ1xR/,https://www.instagram.com/trillionaireestates/,"VERIFIED (public embed page, rounded, 2026-09-25)","VERIFIED (public topic pages; sample, not full account history)"
visitibz,2,129000.0,1715.0,111700.0,136000.0,223400.0,0.8658914728682171,1.054263565891473,2.282837749566897,1.6451852869070143,2025-07-31T16:48:18.730000+00:00,2026-03-08T10:10:34.325000+00:00,ibiza-luxury-villas-sea-view;ibiza-villa,real_estate,real_footage,minimalist,living_room,real_existing,en,0.0,https://www.instagram.com/reel/DVnp6N-DJuY/,https://www.instagram.com/visitibz/,"VERIFIED (public embed page, rounded, 2026-09-25)","VERIFIED (public topic pages; sample, not full account history)"
cassandralm,1,6000.0,434.0,135000.0,135000.0,135000.0,22.5,22.5,0.8108108108108109,3.7022358689023243,2026-05-04T11:57:05.655000+00:00,2026-05-04T11:57:05.655000+00:00,dark-academia-home-library;home-library,lifestyle_influencer,,,,,en,,https://www.instagram.com/reel/DX6naSPKDyx/,https://www.instagram.com/cassandralm/,"VERIFIED (public embed page, rounded, 2026-09-25)","VERIFIED (public topic pages; sample, not full account history)"
brittnietravellerdesign,1,60000.0,228.0,135000.0,135000.0,135000.0,2.25,2.25,0.28753993610223644,0.46376174071117776,2026-04-28T20:21:35.532000+00:00,2026-04-28T20:21:35.532000+00:00,luxury-bathroom,designer_studio,real_footage,classical_luxury,bathroom,real_existing,en,0.0,https://www.instagram.com/reel/DXsEYFpkl-z/,https://www.instagram.com/brittnietravellerdesign/,"VERIFIED (public embed page, rounded, 2026-09-25)","VERIFIED (public topic pages; sample, not full account history)"
melika_realtor,1,8000.0,59.0,133000.0,133000.0,133000.0,16.625,16.625,0.4169278996865204,0.7776578205419047,2026-05-11T15:59:31.659000+00:00,2026-05-11T15:59:31.659000+00:00,dubai-villa,real_estate,real_footage,modern_luxury,exterior_facade,real_existing,en,0.0,https://www.instagram.com/reel/DYNEuC5IHdl/,https://www.instagram.com/melika_realtor/,"VERIFIED (public embed page, rounded, 2026-09-25)","VERIFIED (public topic pages; sample, not full account history)"
ai.metaverse.cr,1,152000.0,563.0,133000.0,133000.0,133000.0,0.875,0.875,0.3216444981862152,0.20844276412728358,2025-06-23T22:56:08.700000+00:00,2025-06-23T22:56:08.700000+00:00,midjourney-architecture,ai_creator,ai_generated,futuristic,other,stylized_dreamy,en,1.0,https://www.instagram.com/reel/DLQsbsRscfx/,https://www.instagram.com/ai.metaverse.cr/,"VERIFIED (public embed page, rounded, 2026-09-25)","VERIFIED (public topic pages; sample, not full account history)"
farrioutdoor,1,39000.0,98.0,133000.0,133000.0,133000.0,3.41025641025641,3.41025641025641,0.49168207024029575,0.641892403837287,2025-10-12T12:16:53.967000+00:00,2025-10-12T12:16:53.967000+00:00,glamping-ideas,brand_manufacturer,real_footage,rustic_cozy,bedroom,real_existing,tr,0.0,https://www.instagram.com/reel/DPtXg17DGRa/,https://www.instagram.com/farrioutdoor/,"VERIFIED (public embed page, rounded, 2026-09-25)","VERIFIED (public topic pages; sample, not full account history)"
paradeofhomesig,1,216000.0,736.0,133000.0,133000.0,133000.0,0.6157407407407407,0.6157407407407407,0.6751269035532995,0.5511278594723662,2026-03-04T00:30:53.552000+00:00,2026-03-04T00:30:53.552000+00:00,house-tour,media_publication,real_footage,mediterranean,stairs_hall,real_existing,en,0.0,https://www.instagram.com/reel/DVcUZBLjYzG/,https://www.instagram.com/paradeofhomesig/,"VERIFIED (public embed page, rounded, 2026-09-25)","VERIFIED (public topic pages; sample, not full account history)"
volcanicbuildx,2,18000.0,69.0,74500.0,133000.0,149000.0,4.138888888888889,7.388888888888889,0.13701026398817845,0.7996477278958641,2026-08-03T17:06:08.989000+00:00,2026-08-14T09:04:19.322000+00:00,ai-generated-house;inside-underground-bunker-house,ai_creator,ai_generated,industrial,exterior_facade,stylized_dreamy,en,1.0,https://www.instagram.com/reel/DblfHgCMyGd/,https://www.instagram.com/volcanicbuildx/,"VERIFIED (public embed page, rounded, 2026-09-25)","VERIFIED (public topic pages; sample, not full account history)"
houseaddictive,1,99000.0,846.0,132000.0,132000.0,132000.0,1.3333333333333333,1.3333333333333333,0.31391200951248516,0.39082796727436936,2025-09-18T16:38:15.649000+00:00,2025-09-18T16:38:15.649000+00:00,luxury-homes,theme_page,real_footage,modern_luxury,exterior_facade,real_existing,en,0.0,https://www.instagram.com/reel/DOwCWHEEQaT/,https://www.instagram.com/houseaddictive/,"VERIFIED (public embed page, rounded, 2026-09-25)","VERIFIED (public topic pages; sample, not full account history)"
ridhi.khosla.jalan,1,864000.0,765.0,132000.0,132000.0,132000.0,0.1527777777777778,0.1527777777777778,0.6068965517241379,0.1906199784463299,2025-07-06T01:58:23.662000+00:00,2025-07-06T01:58:23.662000+00:00,penthouse-tour,lifestyle_influencer,real_footage,modern_luxury,other,real_existing,en,0.0,https://www.instagram.com/reel/DLv61Bqo4V_/,https://www.instagram.com/ridhi.khosla.jalan/,"VERIFIED (public embed page, rounded, 2026-09-25)","VERIFIED (public topic pages; sample, not full account history)"
felifam_worldwide,1,135000.0,579.0,132000.0,132000.0,132000.0,0.9777777777777777,0.9777777777777777,1.2852969814995132,0.7572993073544392,2025-05-12T08:21:03.150000+00:00,2025-05-12T08:21:03.150000+00:00,kids-room-design,designer_studio,3d_render,glam_feminine,bedroom,aspirational_realistic,en,0.0,https://www.instagram.com/reel/DJi-5kqoL8x/,https://www.instagram.com/felifam_worldwide/,"VERIFIED (public embed page, rounded, 2026-09-25)","VERIFIED (public topic pages; sample, not full account history)"
modulex.s.a,1,3000.0,103.0,131000.0,131000.0,131000.0,43.666666666666664,43.666666666666664,0.39939024390243905,3.6169881457847444,2026-01-27T12:05:40.705000+00:00,2026-01-27T12:05:40.705000+00:00,a-frame-modern-cabins,brand_manufacturer,unclear,scandinavian,exterior_facade,aspirational_realistic,es,0.0,https://www.instagram.com/reel/DUA3SSEDuqq/,https://www.instagram.com/modulex.s.a/,"VERIFIED (public embed page, rounded, 2026-09-25)","VERIFIED (public topic pages; sample, not full account history)"
zeynep.yalmann,1,36000.0,134.0,130000.0,130000.0,130000.0,3.611111111111111,3.611111111111111,7.084468664850136,2.855941167367212,2024-12-02T17:14:14.488000+00:00,2024-12-02T17:14:14.488000+00:00,japandi-serenity-bedroom-design-ideas,lifestyle_influencer,real_footage,japandi,bedroom,real_existing,other,0.0,https://www.instagram.com/reel/DDFX74_ocwH/,https://www.instagram.com/zeynep.yalmann/,"VERIFIED (public embed page, rounded, 2026-09-25)","VERIFIED (public topic pages; sample, not full account history)"
mrphoenixgrey,1,476000.0,1637.0,128000.0,128000.0,128000.0,0.2689075630252101,0.2689075630252101,0.25396825396825395,0.155259927131258,2026-03-16T15:58:21.585000+00:00,2026-03-16T15:58:21.585000+00:00,interior-design-ideas,designer_studio,3d_render,organic_modern,living_room,aspirational_realistic,en,0.0,https://www.instagram.com/reel/DV84EfcERm7/,https://www.instagram.com/mrphoenixgrey/,"VERIFIED (public embed page, rounded, 2026-09-25)","VERIFIED (public topic pages; sample, not full account history)"
arch.ahmedsamy,1,168000.0,1701.0,128000.0,128000.0,128000.0,0.7619047619047619,0.7619047619047619,0.4025157232704403,0.2450920274837349,2026-06-05T14:35:00.457000+00:00,2026-06-05T14:35:00.457000+00:00,modern-house,designer_studio,3d_render,modern_luxury,living_room,aspirational_realistic,en,0.0,https://www.instagram.com/reel/DZNS64ID9Ns/,https://www.instagram.com/arch.ahmedsamy/,"VERIFIED (public embed page, rounded, 2026-09-25)","VERIFIED (public topic pages; sample, not full account history)"
jerrymco,1,25000.0,116.0,127000.0,127000.0,127000.0,5.08,5.08,0.06195121951219512,0.16507289656231655,2026-09-20T17:36:38.986000+00:00,2026-09-20T17:36:38.986000+00:00,monaco,lifestyle_influencer,real_footage,modern_luxury,other,real_existing,fr,0.0,https://www.instagram.com/reel/DdhIw44s0OJ/,https://www.instagram.com/jerrymco/,"VERIFIED (public embed page, rounded, 2026-09-25)","VERIFIED (public topic pages; sample, not full account history)"
sapphireluxuryhomes,3,89000.0,1138.0,85900.0,127000.0,253200.0,0.9651685393258427,1.4269662921348314,0.5008746355685131,0.47076418164818407,2025-01-31T14:36:47.217000+00:00,2026-09-02T13:24:23.167000+00:00,dreamy-walk-in-closet-designs-ideas;jamesedition-luxury-homes;luxury-closet;luxury-modern-beautiful-house,contractor_trade,real_footage,modern_luxury,exterior_facade,real_existing,en,0.0,https://www.instagram.com/reel/DcyVlgTTggV/,https://www.instagram.com/sapphireluxuryhomes/,"VERIFIED (public embed page, rounded, 2026-09-25)","VERIFIED (public topic pages; sample, not full account history)"
archpro.live,1,524000.0,200.0,127000.0,127000.0,127000.0,0.24236641221374045,0.24236641221374045,0.5570175438596491,0.19554575860542006,2026-02-07T08:15:10.217000+00:00,2026-02-07T08:15:10.217000+00:00,tropical-house,media_publication,real_footage,tropical,exterior_facade,real_existing,en,0.0,https://www.instagram.com/reel/DUcxpnYEUVx/,https://www.instagram.com/archpro.live/,"VERIFIED (public embed page, rounded, 2026-09-25)","VERIFIED (public topic pages; sample, not full account history)"
cabinborn,1,24000.0,315.0,126000.0,126000.0,126000.0,5.25,5.25,0.4763705103969754,1.8049415608162673,2026-06-29T17:53:24.960000+00:00,2026-06-29T17:53:24.960000+00:00,forest-house,theme_page,ai_generated,rustic_cozy,exterior_facade,stylized_dreamy,en,1.0,https://www.instagram.com/reel/DaLctEDiKyg/,https://www.instagram.com/cabinborn/,"VERIFIED (public embed page, rounded, 2026-09-25)","VERIFIED (public topic pages; sample, not full account history)"
luiscasanovasmg,1,81000.0,824.0,126000.0,126000.0,126000.0,1.5555555555555556,1.5555555555555556,1.1808809746954076,1.6220965350363652,2025-08-10T18:18:59.955000+00:00,2025-08-10T18:18:59.955000+00:00,ibiza-villa,real_estate,real_footage,modern_luxury,terrace_outdoor,real_existing,es,0.0,https://www.instagram.com/reel/DNLy30NN3dR/,https://www.instagram.com/luiscasanovasmg/,"VERIFIED (public embed page, rounded, 2026-09-25)","VERIFIED (public topic pages; sample, not full account history)"
aleshaspov,1,8000.0,158.0,125000.0,125000.0,125000.0,15.625,15.625,0.14934289127837516,0.38947950023352845,2026-09-05T21:20:25.875000+00:00,2026-09-05T21:20:25.875000+00:00,home-decor,lifestyle_influencer,real_footage,organic_modern,living_room,real_existing,en,0.0,https://www.instagram.com/reel/Dc66cydJB-0/,https://www.instagram.com/aleshaspov/,"VERIFIED (public embed page, rounded, 2026-09-25)","VERIFIED (public topic pages; sample, not full account history)"
start.design__,1,5000.0,374.0,124000.0,124000.0,124000.0,24.8,24.8,0.4910891089108911,2.3885907088661837,2026-03-28T11:15:11.384000+00:00,2026-03-28T11:15:11.384000+00:00,luxury-apartment-interior-design-ideas-2026,designer_studio,3d_render,modern_luxury,living_room,aspirational_realistic,other,0.0,https://www.instagram.com/reel/DWbRM_fguGf/,https://www.instagram.com/start.design__/,"VERIFIED (public embed page, rounded, 2026-09-25)","VERIFIED (public topic pages; sample, not full account history)"
theeverydayfinds_co,1,7000.0,72.0,124000.0,124000.0,124000.0,17.714285714285715,17.714285714285715,0.3050430504305043,1.1767850884281064,2026-08-23T15:45:47.936000+00:00,2026-08-23T15:45:47.936000+00:00,dream-kitchens,theme_page,ai_generated,traditional_regional,kitchen,stylized_dreamy,en,1.0,https://www.instagram.com/reel/DcY10fjujJ_/,https://www.instagram.com/theeverydayfinds_co/,"VERIFIED (public embed page, rounded, 2026-09-25)","VERIFIED (public topic pages; sample, not full account history)"
beautyofhouses,1,942000.0,4717.0,124000.0,124000.0,124000.0,0.1316348195329087,0.1316348195329087,0.2264840182648402,0.22008357172286172,2025-03-25T02:30:19.382000+00:00,2025-03-25T02:30:19.382000+00:00,ai-generated-house,theme_page,ai_generated,mediterranean,exterior_facade,stylized_dreamy,en,1.0,https://www.instagram.com/reel/DHmwmwOsa-l/,https://www.instagram.com/beautyofhouses/,"VERIFIED (public embed page, rounded, 2026-09-25)","VERIFIED (public topic pages; sample, not full account history)"
purrubykushagraa,1,203000.0,167.0,124000.0,124000.0,124000.0,0.6108374384236454,0.6108374384236454,5.947242206235012,1.908581283129276,2024-03-15T12:21:03.407000+00:00,2024-03-15T12:21:03.407000+00:00,rooftop-terrace,designer_studio,real_footage,traditional_regional,terrace_outdoor,real_existing,en,0.0,https://www.instagram.com/reel/C4iOHSrI4kK/,https://www.instagram.com/purrubykushagraa/,"VERIFIED (public embed page, rounded, 2026-09-25)","VERIFIED (public topic pages; sample, not full account history)"
casa.mees,1,22000.0,205.0,123000.0,123000.0,123000.0,5.590909090909091,5.590909090909091,0.3923444976076555,0.5409891852279489,2026-09-06T06:30:10.377000+00:00,2026-09-06T06:30:10.377000+00:00,japandi,lifestyle_influencer,real_footage,minimalist,kitchen,real_existing,de,0.0,https://www.instagram.com/reel/Dc75XN4M8V2/,https://www.instagram.com/casa.mees/,"VERIFIED (public embed page, rounded, 2026-09-25)","VERIFIED (public topic pages; sample, not full account history)"
impianbali,1,65000.0,1354.0,123000.0,123000.0,123000.0,1.8923076923076922,1.8923076923076922,4.300699300699301,1.083549415811914,2026-01-21T09:49:50.964000+00:00,2026-01-21T09:49:50.964000+00:00,mediterranean-villa,theme_page,,,,,en,,https://www.instagram.com/reel/DTxK-MNiRMX/,https://www.instagram.com/impianbali/,"VERIFIED (public embed page, rounded, 2026-09-25)","VERIFIED (public topic pages; sample, not full account history)"
vivirdesign,1,2000000.0,6967.0,123000.0,123000.0,123000.0,0.0615,0.0615,1.6498993963782695,0.183265386557944,2026-05-03T00:55:16.251000+00:00,2026-05-03T00:55:16.251000+00:00,scandinavian-interior-design-styles,theme_page,real_footage,organic_modern,living_room,real_existing,en,0.0,https://www.instagram.com/reel/DX224EhN5jm/,https://www.instagram.com/vivirdesign/,"VERIFIED (public embed page, rounded, 2026-09-25)","VERIFIED (public topic pages; sample, not full account history)"
lukashubik,1,5000.0,113.0,123000.0,123000.0,123000.0,24.6,24.6,0.7592592592592593,1.780639239784202,2026-03-08T07:09:48.812000+00:00,2026-03-08T07:09:48.812000+00:00,bali-villa,lifestyle_influencer,real_footage,tropical,pool,real_existing,en,0.0,https://www.instagram.com/reel/DVnVOTZiWjm/,https://www.instagram.com/lukashubik/,"VERIFIED (public embed page, rounded, 2026-09-25)","VERIFIED (public topic pages; sample, not full account history)"
settaarquitetura,1,86000.0,371.0,123000.0,123000.0,123000.0,1.430232558139535,1.430232558139535,1.0982142857142858,1.0191109715777402,2024-11-18T15:03:16.147000+00:00,2024-11-18T15:03:16.147000+00:00,a-frame-cabin,designer_studio,real_footage,minimalist,exterior_facade,real_existing,pt,0.0,https://www.instagram.com/reel/DChF0XtR8nn/,https://www.instagram.com/settaarquitetura/,"VERIFIED (public embed page, rounded, 2026-09-25)","VERIFIED (public topic pages; sample, not full account history)"
pahome_cabinet,1,353000.0,1337.0,122000.0,122000.0,122000.0,0.34560906515580736,0.34560906515580736,0.7113702623906706,0.3348106179908288,2025-04-19T01:00:10.921000+00:00,2025-04-19T01:00:10.921000+00:00,dreamy-walk-in-closet-designs-ideas,brand_manufacturer,real_footage,minimalist,closet,real_existing,en,0.0,https://www.instagram.com/reel/DIm-KaoMT1T/,https://www.instagram.com/pahome_cabinet/,"VERIFIED (public embed page, rounded, 2026-09-25)","VERIFIED (public topic pages; sample, not full account history)"
asfavlogs,1,68000.0,239.0,121000.0,121000.0,121000.0,1.7794117647058822,1.7794117647058822,1.9453376205787782,3.3984009591013296,2025-10-12T12:06:22.337000+00:00,2025-10-12T12:06:22.337000+00:00,luxury-villa-with-pool,lifestyle_influencer,real_footage,other,none_person_only,real_existing,en,0.0,https://www.instagram.com/reel/DPtWTvUEWHs/,https://www.instagram.com/asfavlogs/,"VERIFIED (public embed page, rounded, 2026-09-25)","VERIFIED (public topic pages; sample, not full account history)"
thesill,1,700000.0,8602.0,121000.0,121000.0,121000.0,0.17285714285714285,0.17285714285714285,1.3422074320576816,0.6392989407201138,2023-04-22T14:05:11.555000+00:00,2023-04-22T14:05:11.555000+00:00,biophilic-design,brand_manufacturer,real_footage,biophilic,garden_landscape,real_existing,en,0.0,https://www.instagram.com/reel/CrV1TAVMrNn/,https://www.instagram.com/thesill/,"VERIFIED (public embed page, rounded, 2026-09-25)","VERIFIED (public topic pages; sample, not full account history)"
catharinaelisabethx,1,477000.0,257.0,120000.0,120000.0,120000.0,0.25157232704402516,0.25157232704402516,0.4436229205175601,0.20792477073528048,2026-04-09T13:13:58.047000+00:00,2026-04-09T13:13:58.047000+00:00,luxury-hotel,lifestyle_influencer,real_footage,classical_luxury,stairs_hall,real_existing,en,0.0,https://www.instagram.com/reel/DW6YVcjI2RC/,https://www.instagram.com/catharinaelisabethx/,"VERIFIED (public embed page, rounded, 2026-09-25)","VERIFIED (public topic pages; sample, not full account history)"
burkhartinteriors,1,358000.0,4038.0,120000.0,120000.0,120000.0,0.33519553072625696,0.33519553072625696,4.195804195804196,1.0186178637458885,2025-02-02T14:15:09.545000+00:00,2025-02-02T14:15:09.545000+00:00,mediterranean-house;mediterranean-villa,designer_studio,ai_generated,mediterranean,exterior_facade,stylized_dreamy,en,1.0,https://www.instagram.com/reel/DFksugIOufM/,https://www.instagram.com/burkhartinteriors/,"VERIFIED (public embed page, rounded, 2026-09-25)","VERIFIED (public topic pages; sample, not full account history)"
melissamaedesign,1,130000.0,393.0,120000.0,120000.0,120000.0,0.9230769230769231,0.9230769230769231,1.0256410256410255,1.0025389993696174,2025-06-18T17:14:57.632000+00:00,2025-06-18T17:14:57.632000+00:00,organic-modern-kitchen-designs,designer_studio,real_footage,warm_luxury,kitchen,real_existing,en,0.0,https://www.instagram.com/reel/DLDNaaDpPEs/,https://www.instagram.com/melissamaedesign/,"VERIFIED (public embed page, rounded, 2026-09-25)","VERIFIED (public topic pages; sample, not full account history)"
buildenza_,1,145000.0,29.0,118000.0,118000.0,118000.0,0.8137931034482758,0.8137931034482758,2.9353233830845773,1.8815950034016875,2026-08-19T14:30:54.757000+00:00,2026-08-19T14:30:54.757000+00:00,desert-house,ai_creator,ai_generated,other,exterior_facade,aspirational_realistic,en,1.0,https://www.instagram.com/reel/DcOaEgmGivL/,https://www.instagram.com/buildenza_/,"VERIFIED (public embed page, rounded, 2026-09-25)","VERIFIED (public topic pages; sample, not full account history)"
ayshastories_,1,475.0,25.0,117000.0,117000.0,117000.0,246.31578947368422,246.31578947368422,0.26145251396648045,1.200323998461423,2026-08-10T14:35:58.770000+00:00,2026-08-10T14:35:58.770000+00:00,room-makeover,lifestyle_influencer,real_footage,biophilic,bedroom,real_existing,en,0.0,https://www.instagram.com/reel/Db3PfvsoHk5/,https://www.instagram.com/ayshastories_/,"VERIFIED (public embed page, rounded, 2026-09-25)","VERIFIED (public topic pages; sample, not full account history)"
abbou._design,1,27000.0,313.0,116000.0,116000.0,116000.0,4.296296296296297,4.296296296296297,0.28292682926829266,0.6377176821609095,2026-06-02T19:25:21.021000+00:00,2026-06-02T19:25:21.021000+00:00,dubai-luxury-interior-design-trends,designer_studio,3d_render,organic_modern,living_room,aspirational_realistic,ar,0.0,https://www.instagram.com/reel/DZGFwySIb1l/,https://www.instagram.com/abbou._design/,"VERIFIED (public embed page, rounded, 2026-09-25)","VERIFIED (public topic pages; sample, not full account history)"
modernhousedesign918,1,47000.0,417.0,116000.0,116000.0,116000.0,2.4680851063829787,2.4680851063829787,0.35098335854765506,0.664308152630213,2025-12-20T12:42:53.451000+00:00,2025-12-20T12:42:53.451000+00:00,dream-house-design,theme_page,real_footage,modern_luxury,exterior_facade,real_existing,hi,0.0,https://www.instagram.com/reel/DSfFVlZE0m1/,https://www.instagram.com/modernhousedesign918/,"VERIFIED (public embed page, rounded, 2026-09-25)","VERIFIED (public topic pages; sample, not full account history)"
waterfrontmuskoka,1,20000.0,261.0,115000.0,115000.0,115000.0,5.75,5.75,1.26861555432984,2.4937058545317945,2026-08-01T15:18:20.114000+00:00,2026-08-01T15:18:20.114000+00:00,lake-house,real_estate,real_footage,traditional_regional,exterior_facade,real_existing,en,0.0,https://www.instagram.com/reel/DbgJMF8x9pO/,https://www.instagram.com/waterfrontmuskoka/,"VERIFIED (public embed page, rounded, 2026-09-25)","VERIFIED (public topic pages; sample, not full account history)"
auramodernhome,1,3000.0,153.0,115000.0,115000.0,115000.0,38.333333333333336,38.333333333333336,1.393939393939394,6.015445627545632,2026-08-11T17:25:36.724000+00:00,2026-08-11T17:25:36.724000+00:00,modern-classic-interior-design,brand_manufacturer,ai_generated,classical_luxury,living_room,aspirational_realistic,en,1.0,https://www.instagram.com/reel/Db6HtC9kdnv/,https://www.instagram.com/auramodernhome/,"VERIFIED (public embed page, rounded, 2026-09-25)","VERIFIED (public topic pages; sample, not full account history)"
nada.alyahia,1,6000.0,315.0,114000.0,114000.0,114000.0,19.0,19.0,2.2374877330716387,2.8810714563828315,2026-04-30T13:01:09.770000+00:00,2026-04-30T13:01:09.770000+00:00,neoclassical-interior,designer_studio,real_footage,neoclassical,living_room,real_existing,ar,0.0,https://www.instagram.com/reel/DXwbkCYq0XL/,https://www.instagram.com/nada.alyahia/,"VERIFIED (public embed page, rounded, 2026-09-25)","VERIFIED (public topic pages; sample, not full account history)"
kikis_interiors,1,577000.0,775.0,114000.0,114000.0,114000.0,0.1975736568457539,0.1975736568457539,0.3275862068965517,0.10101071196795322,2025-01-09T18:27:18.538000+00:00,2025-01-09T18:27:18.538000+00:00,luxury-bedroom-design,lifestyle_influencer,real_footage,glam_feminine,bedroom,real_existing,en,0.0,https://www.instagram.com/reel/DEnWgTYt-Kg/,https://www.instagram.com/kikis_interiors/,"VERIFIED (public embed page, rounded, 2026-09-25)","VERIFIED (public topic pages; sample, not full account history)"
kainos_architecture,2,5000.0,32.0,58952.0,113000.0,117904.0,11.7904,22.6,0.30110779601513343,0.8421233435693962,2026-09-04T19:40:16.013000+00:00,2026-09-04T20:41:22.369000+00:00,architecture-photography;futuristic-architecture-designs-2026,designer_studio,3d_render,futuristic,exterior_facade,aspirational_realistic,en,0.0,https://www.instagram.com/reel/Dc4RL10J7de/,https://www.instagram.com/kainos_architecture/,"VERIFIED (public embed page, rounded, 2026-09-25)","VERIFIED (public topic pages; sample, not full account history)"
nidamakesart,1,10000.0,285.0,112000.0,112000.0,112000.0,11.2,11.2,0.25027932960893856,0.2763304994801136,2026-07-28T01:23:07.782000+00:00,2026-07-28T01:23:07.782000+00:00,room-makeover,lifestyle_influencer,real_footage,rustic_cozy,bedroom,real_existing,hi,0.0,https://www.instagram.com/reel/DbUWbXWoxYo/,https://www.instagram.com/nidamakesart/,"VERIFIED (public embed page, rounded, 2026-09-25)","VERIFIED (public topic pages; sample, not full account history)"
autorender.ai,1,53000.0,516.0,112000.0,112000.0,112000.0,2.1132075471698113,2.1132075471698113,0.5161290322580645,1.2735445615592231,2026-04-09T19:58:55.412000+00:00,2026-04-09T19:58:55.412000+00:00,ai-render,brand_manufacturer,ai_generated,other,other,aspirational_realistic,en,1.0,https://www.instagram.com/reel/DW7GrbtgSlr/,https://www.instagram.com/autorender.ai/,"VERIFIED (public embed page, rounded, 2026-09-25)","VERIFIED (public topic pages; sample, not full account history)"
all_50_states_and_beyond,1,11000.0,1994.0,112000.0,112000.0,112000.0,10.181818181818182,10.181818181818182,1.2355212355212355,3.212152056857494,2026-07-28T12:11:57.686000+00:00,2026-07-28T12:11:57.686000+00:00,lake-house,lifestyle_influencer,real_footage,other,none_person_only,real_existing,en,0.0,https://www.instagram.com/reel/DbVgrjOxpd1/,https://www.instagram.com/all_50_states_and_beyond/,"VERIFIED (public embed page, rounded, 2026-09-25)","VERIFIED (public topic pages; sample, not full account history)"
healingcotton,1,33000.0,62.0,111000.0,111000.0,111000.0,3.3636363636363638,3.3636363636363638,0.784452296819788,0.6992226947611638,2024-03-18T07:52:29.669000+00:00,2024-03-18T07:52:29.669000+00:00,rain-sounds,theme_page,ai_generated,rustic_cozy,terrace_outdoor,stylized_dreamy,en,1.0,https://www.instagram.com/reel/C4pdw6GSI74/,https://www.instagram.com/healingcotton/,"VERIFIED (public embed page, rounded, 2026-09-25)","VERIFIED (public topic pages; sample, not full account history)"
worldwideinteriors,1,395000.0,1214.0,111000.0,111000.0,111000.0,0.2810126582278481,0.2810126582278481,1.2217941662080352,0.32118210108580153,2024-03-19T11:52:08.177000+00:00,2024-03-19T11:52:08.177000+00:00,luxury-home-theater-ideas,theme_page,ai_generated,dark_luxury,home_theater,aspirational_realistic,en,1.0,https://www.instagram.com/reel/C4sd--MPcij/,https://www.instagram.com/worldwideinteriors/,"VERIFIED (public embed page, rounded, 2026-09-25)","VERIFIED (public topic pages; sample, not full account history)"
atelier.chatvolant,1,275000.0,105.0,110000.0,110000.0,110000.0,0.4,0.4,0.46218487394957986,0.24188666712611445,2026-05-08T16:22:11.829000+00:00,2026-05-08T16:22:11.829000+00:00,tropical-house-architecture-styles,ai_creator,ai_generated,brutalist,living_room,stylized_dreamy,en,1.0,https://www.instagram.com/reel/DYFY7dOM8m8/,https://www.instagram.com/atelier.chatvolant/,"VERIFIED (public embed page, rounded, 2026-09-25)","VERIFIED (public topic pages; sample, not full account history)"
rivieravoltaclub,1,25000.0,48.0,110000.0,110000.0,110000.0,4.4,4.4,1.1708355508249069,2.7169606259231496,2026-03-22T09:51:28.729000+00:00,2026-03-22T09:51:28.729000+00:00,luxury-hotel-suite,other,real_footage,minimalist,hotel_room,real_existing,en,0.0,https://www.instagram.com/reel/DWLq2oADact/,https://www.instagram.com/rivieravoltaclub/,"VERIFIED (public embed page, rounded, 2026-09-25)","VERIFIED (public topic pages; sample, not full account history)"
sherricalnanhome,1,337000.0,1743.0,109000.0,109000.0,109000.0,0.32344213649851633,0.32344213649851633,2.684729064039409,1.2504626557080907,2026-05-31T12:44:46.562000+00:00,2026-05-31T12:44:46.562000+00:00,coastal-bedroom-design-ideas,lifestyle_influencer,real_footage,other,bedroom,real_existing,en,0.0,https://www.instagram.com/reel/DZAOVJExIcw/,https://www.instagram.com/sherricalnanhome/,"VERIFIED (public embed page, rounded, 2026-09-25)","VERIFIED (public topic pages; sample, not full account history)"
diybuild_lab,1,8000.0,79.0,109000.0,109000.0,109000.0,13.625,13.625,1.1601915912719531,2.975530864314896,2026-09-07T02:11:31.505000+00:00,2026-09-07T02:11:31.505000+00:00,glass-house,ai_creator,ai_generated,futuristic,bedroom,fantasy_impossible,en,1.0,https://www.instagram.com/reel/Dc-AjssMDrT/,https://www.instagram.com/diybuild_lab/,"VERIFIED (public embed page, rounded, 2026-09-25)","VERIFIED (public topic pages; sample, not full account history)"
lakehousebomoseen,1,1000.0,456.0,109000.0,109000.0,109000.0,109.0,109.0,1.202426916712631,9.59526967340142,2026-07-03T20:13:22.697000+00:00,2026-07-03T20:13:22.697000+00:00,lake-house,other,real_footage,other,other,real_existing,en,0.0,https://www.instagram.com/reel/DaV_5rYPjqH/,https://www.instagram.com/lakehousebomoseen/,"VERIFIED (public embed page, rounded, 2026-09-25)","VERIFIED (public topic pages; sample, not full account history)"
joegpacetti,1,192000.0,5627.0,108000.0,108000.0,108000.0,0.5625,0.5625,1.7704918032786885,1.8597021028579754,2026-05-28T12:22:31.196000+00:00,2026-05-28T12:22:31.196000+00:00,aspen,lifestyle_influencer,real_footage,other,other,real_existing,en,0.0,https://www.instagram.com/reel/DY4dZghvn-8/,https://www.instagram.com/joegpacetti/,"VERIFIED (public embed page, rounded, 2026-09-25)","VERIFIED (public topic pages; sample, not full account history)"
desrosiersarchitects,1,105000.0,1212.0,107000.0,107000.0,107000.0,1.019047619047619,1.019047619047619,0.38010657193605685,0.728591628056258,2026-08-20T22:07:16.731000+00:00,2026-08-20T22:07:16.731000+00:00,luxury-house-tour;luxury-villa,designer_studio,real_footage,modern_luxury,exterior_facade,real_existing,en,0.0,https://www.instagram.com/reel/DcRzF6RBiju/,https://www.instagram.com/desrosiersarchitects/,"VERIFIED (public embed page, rounded, 2026-09-25)","VERIFIED (public topic pages; sample, not full account history)"
thezaisers,1,303000.0,2103.0,107000.0,107000.0,107000.0,0.35313531353135313,0.35313531353135313,0.44123711340206184,0.14421209555875805,2024-12-01T08:38:07.837000+00:00,2024-12-01T08:38:07.837000+00:00,maldives-resort,lifestyle_influencer,real_footage,tropical,exterior_facade,real_existing,en,0.0,https://www.instagram.com/reel/DDB4E6CIIPn/,https://www.instagram.com/thezaisers/,"VERIFIED (public embed page, rounded, 2026-09-25)","VERIFIED (public topic pages; sample, not full account history)"
hamsa.hotel,1,1000.0,12.0,107000.0,107000.0,107000.0,107.0,107.0,1.8028643639427127,4.74410499521777,2026-08-22T11:39:19.929000+00:00,2026-08-22T11:39:19.929000+00:00,boutique-hotel,other,real_footage,traditional_regional,exterior_facade,real_existing,ru,0.0,https://www.instagram.com/reel/DcV00cQIDgP/,https://www.instagram.com/hamsa.hotel/,"VERIFIED (public embed page, rounded, 2026-09-25)","VERIFIED (public topic pages; sample, not full account history)"
amandawayburgess,1,1000.0,111.0,107000.0,107000.0,107000.0,107.0,107.0,1.1882287617990006,9.34346342415794,2025-01-27T23:27:18.256000+00:00,2025-01-27T23:27:18.256000+00:00,home-office-design,lifestyle_influencer,real_footage,minimalist,office,real_existing,en,0.0,https://www.instagram.com/reel/DFWPJSLp0Wt/,https://www.instagram.com/amandawayburgess/,"VERIFIED (public embed page, rounded, 2026-09-25)","VERIFIED (public topic pages; sample, not full account history)"
mstayglobal,1,79000.0,289.0,107000.0,107000.0,107000.0,1.3544303797468353,1.3544303797468353,0.7697841726618705,1.456135748363968,2026-01-22T21:13:46.619000+00:00,2026-01-22T21:13:46.619000+00:00,luxury-suite,other,unclear,modern_luxury,hotel_room,aspirational_realistic,en,0.0,https://www.instagram.com/reel/DT0-CTRCLYA/,https://www.instagram.com/mstayglobal/,"VERIFIED (public embed page, rounded, 2026-09-25)","VERIFIED (public topic pages; sample, not full account history)"
urvashirampariya,1,223000.0,1766.0,107000.0,107000.0,107000.0,0.4798206278026906,0.4798206278026906,0.44123711340206184,0.16644446527262213,2025-04-01T11:33:13.003000+00:00,2025-04-01T11:33:13.003000+00:00,maldives-resort,lifestyle_influencer,real_footage,tropical,exterior_facade,real_existing,en,0.0,https://www.instagram.com/reel/DH5wTJpIMvU/,https://www.instagram.com/urvashirampariya/,"VERIFIED (public embed page, rounded, 2026-09-25)","VERIFIED (public topic pages; sample, not full account history)"
sens_of_home,1,42000.0,163.0,106000.0,106000.0,106000.0,2.5238095238095237,2.5238095238095237,0.351575456053068,0.38709702828391684,2026-03-21T16:06:40.105000+00:00,2026-03-21T16:06:40.105000+00:00,cottagecore-living-room-design,theme_page,ai_generated,rustic_cozy,living_room,stylized_dreamy,en,1.0,https://www.instagram.com/reel/DWJw_uIArJt/,https://www.instagram.com/sens_of_home/,"VERIFIED (public embed page, rounded, 2026-09-25)","VERIFIED (public topic pages; sample, not full account history)"
ariellahorowitzdesigngroup,1,103000.0,2172.0,106000.0,106000.0,106000.0,1.029126213592233,1.029126213592233,0.3593220338983051,0.28281725586136525,2023-02-19T00:02:34.846000+00:00,2023-02-19T00:02:34.846000+00:00,luxury-bathroom;luxury-bathroom-interior-design-inspiration,designer_studio,real_footage,modern_luxury,bathroom,real_existing,en,0.0,https://www.instagram.com/reel/Co0rlSCpnVx/,https://www.instagram.com/ariellahorowitzdesigngroup/,"VERIFIED (public embed page, rounded, 2026-09-25)","VERIFIED (public topic pages; sample, not full account history)"
yourpropertysisters.dubaj,1,13000.0,428.0,106000.0,106000.0,106000.0,8.153846153846153,8.153846153846153,0.3765541740674956,0.49388747756399065,2026-05-19T15:37:08.149000+00:00,2026-05-19T15:37:08.149000+00:00,dubai-villa;luxury-villa,real_estate,real_footage,modern_luxury,exterior_facade,real_existing,en,0.0,https://www.instagram.com/reel/DYhohCuMAaL/,https://www.instagram.com/yourpropertysisters.dubaj/,"VERIFIED (public embed page, rounded, 2026-09-25)","VERIFIED (public topic pages; sample, not full account history)"
sistersinterioruae,1,33000.0,291.0,105000.0,105000.0,105000.0,3.1818181818181817,3.1818181818181817,0.8502024291497976,0.8682840495695572,2024-03-18T17:55:51.052000+00:00,2024-03-18T17:55:51.052000+00:00,biophilic-bedroom-design,designer_studio,3d_render,biophilic,bedroom,aspirational_realistic,en,0.0,https://www.instagram.com/reel/C4qi0BZoi58/,https://www.instagram.com/sistersinterioruae/,"VERIFIED (public embed page, rounded, 2026-09-25)","VERIFIED (public topic pages; sample, not full account history)"
aniframe_art,1,12000.0,120.0,104000.0,104000.0,104000.0,8.666666666666666,8.666666666666666,0.03924528301886793,0.15916608110445435,2026-08-13T14:55:41.774000+00:00,2026-08-13T14:55:41.774000+00:00,ai-art,ai_creator,ai_generated,other,garden_landscape,stylized_dreamy,en,1.0,https://www.instagram.com/reel/Db_AIx6sUzt/,https://www.instagram.com/aniframe_art/,"VERIFIED (public embed page, rounded, 2026-09-25)","VERIFIED (public topic pages; sample, not full account history)"
cityhousefurnitureshop,1,55000.0,85.0,104000.0,104000.0,104000.0,1.8909090909090909,1.8909090909090909,1.3324791800128124,1.3878591825879028,2026-04-10T01:12:03.270000+00:00,2026-04-10T01:12:03.270000+00:00,luxury-furniture,brand_manufacturer,real_footage,other,other,real_existing,en,0.0,https://www.instagram.com/reel/DW7qg32j2O3/,https://www.instagram.com/cityhousefurnitureshop/,"VERIFIED (public embed page, rounded, 2026-09-25)","VERIFIED (public topic pages; sample, not full account history)"
designboom,1,4000000.0,17300.0,103000.0,103000.0,103000.0,0.02575,0.02575,0.19234360410831,0.048974424062304955,2025-07-23T21:41:51.154000+00:00,2025-07-23T21:41:51.154000+00:00,faroe-islands-luxury-villas,media_publication,real_footage,traditional_regional,exterior_facade,real_existing,en,0.0,https://www.instagram.com/reel/DMdzxzsup8T/,https://www.instagram.com/designboom/,"VERIFIED (public embed page, rounded, 2026-09-25)","VERIFIED (public topic pages; sample, not full account history)"
shykh_fareed1025,1,297.0,228.0,103000.0,103000.0,103000.0,346.8013468013468,346.8013468013468,0.49047619047619045,3.6409526943199504,2026-05-23T06:34:45.661000+00:00,2026-05-23T06:34:45.661000+00:00,luxury-room,other,real_footage,modern_luxury,bedroom,real_existing,en,0.0,https://www.instagram.com/reel/DYq9oEiT-Z1/,https://www.instagram.com/shykh_fareed1025/,"VERIFIED (public embed page, rounded, 2026-09-25)","VERIFIED (public topic pages; sample, not full account history)"
earthlyexplorer01,1,7000.0,284.0,102000.0,102000.0,102000.0,14.571428571428571,14.571428571428571,0.18246869409660108,0.46396775707072824,2026-07-13T01:33:36.407000+00:00,2026-07-13T01:33:36.407000+00:00,cozy-room,theme_page,ai_generated,rustic_cozy,bedroom,stylized_dreamy,en,1.0,https://www.instagram.com/reel/Datvs-fJTxv/,https://www.instagram.com/earthlyexplorer01/,"VERIFIED (public embed page, rounded, 2026-09-25)","VERIFIED (public topic pages; sample, not full account history)"
insideno8x,1,264000.0,560.0,101000.0,101000.0,101000.0,0.38257575757575757,0.38257575757575757,0.14165497896213183,0.08414983138259309,2025-01-20T10:47:18.804000+00:00,2025-01-20T10:47:18.804000+00:00,luxury-kitchen,lifestyle_influencer,real_footage,minimalist,kitchen,real_existing,en,0.0,https://www.instagram.com/reel/DFC2m0duhxC/,https://www.instagram.com/insideno8x/,"VERIFIED (public embed page, rounded, 2026-09-25)","VERIFIED (public topic pages; sample, not full account history)"
vironhomes,1,9000.0,542.0,101000.0,101000.0,101000.0,11.222222222222221,11.222222222222221,0.9017857142857143,2.4049004001735668,2026-06-13T04:15:06.246000+00:00,2026-06-13T04:15:06.246000+00:00,a-frame-cabin,designer_studio,ai_generated,rustic_cozy,exterior_facade,aspirational_realistic,en,1.0,https://www.instagram.com/reel/DZgyVkWgX8D/,https://www.instagram.com/vironhomes/,"VERIFIED (public embed page, rounded, 2026-09-25)","VERIFIED (public topic pages; sample, not full account history)"
naira_interior_official,1,510000.0,4803.0,100000.0,100000.0,100000.0,0.19607843137254902,0.19607843137254902,0.3389830508474576,0.706498079480782,2026-04-03T08:23:55.094000+00:00,2026-04-03T08:23:55.094000+00:00,luxury-bathroom-interior-design-inspiration,designer_studio,ai_generated,dark_luxury,bathroom,aspirational_realistic,en,1.0,https://www.instagram.com/reel/DWqaXz-iIdH/,https://www.instagram.com/naira_interior_official/,"VERIFIED (public embed page, rounded, 2026-09-25)","VERIFIED (public topic pages; sample, not full account history)"
trending_pondicherry,1,240000.0,4446.0,100000.0,100000.0,100000.0,0.4166666666666667,0.4166666666666667,1.607717041800643,1.557157046425612,2025-09-25T01:00:46.818000+00:00,2025-09-25T01:00:46.818000+00:00,luxury-villa-with-pool,media_publication,real_footage,minimalist,exterior_facade,real_existing,en,0.0,https://www.instagram.com/reel/DPAYn7EkwE8/,https://www.instagram.com/trending_pondicherry/,"VERIFIED (public embed page, rounded, 2026-09-25)","VERIFIED (public topic pages; sample, not full account history)"
bymichellelei,1,402000.0,664.0,99600.0,99600.0,99600.0,0.24776119402985075,0.24776119402985075,0.23518299881936244,0.2204638471113254,2026-04-21T15:51:02.699000+00:00,2026-04-21T15:51:02.699000+00:00,dream-kitchen,lifestyle_influencer,real_footage,organic_modern,kitchen,real_existing,en,0.0,https://www.instagram.com/reel/DXZj2apCQlf/,https://www.instagram.com/bymichellelei/,"VERIFIED (public embed page, rounded, 2026-09-25)","VERIFIED (public topic pages; sample, not full account history)"
builtforkeeps,1,33000.0,474.0,99100.0,99100.0,99100.0,3.003030303030303,3.003030303030303,5.400544959128065,2.2675299083974503,2024-08-01T01:17:14.391000+00:00,2024-08-01T01:17:14.391000+00:00,japandi-serenity-bedroom-design-ideas;wabi-sabi-japandi-interior-design,theme_page,ai_generated,japandi,bedroom,aspirational_realistic,en,1.0,https://www.instagram.com/reel/C-G8o-fPYgB/,https://www.instagram.com/builtforkeeps/,"VERIFIED (public embed page, rounded, 2026-09-25)","VERIFIED (public topic pages; sample, not full account history)"
dejan.tolmac,1,103000.0,1877.0,98900.0,98900.0,98900.0,0.9601941747572815,0.9601941747572815,0.45471264367816094,0.3861786868455238,2026-01-15T19:59:19.690000+00:00,2026-01-15T19:59:19.690000+00:00,penthouse-tour,real_estate,real_footage,modern_luxury,kitchen,real_existing,en,0.0,https://www.instagram.com/reel/DTiz85Ykefk/,https://www.instagram.com/dejan.tolmac/,"VERIFIED (public embed page, rounded, 2026-09-25)","VERIFIED (public topic pages; sample, not full account history)"
ahmadprops,1,12000.0,644.0,98400.0,98400.0,98400.0,8.2,8.2,0.4685714285714286,0.6166779741303873,2026-08-17T12:36:25.313000+00:00,2026-08-17T12:36:25.313000+00:00,luxury-room,real_estate,real_footage,modern_luxury,bedroom,real_existing,en,0.0,https://www.instagram.com/reel/DcJDYNEB5Jl/,https://www.instagram.com/ahmadprops/,"VERIFIED (public embed page, rounded, 2026-09-25)","VERIFIED (public topic pages; sample, not full account history)"
interiordesign.addicts,2,1000000.0,2496.0,77900.0,96700.0,155800.0,0.0779,0.0967,1.3449994077299698,0.2632816197322986,2025-03-01T12:54:09.272000+00:00,2026-02-05T14:33:08.111000+00:00,ai-house-design;ai-interior;industrial-interior,theme_page,ai_generated,industrial,living_room,aspirational_realistic,en,0.5,https://www.instagram.com/reel/DUYTUKbDZba/,https://www.instagram.com/interiordesign.addicts/,"VERIFIED (public embed page, rounded, 2026-09-25)","VERIFIED (public topic pages; sample, not full account history)"
melissavaupel.estates,1,806.0,12.0,96600.0,96600.0,96600.0,119.85111662531017,119.85111662531017,0.7740384615384616,1.7739515850497696,2026-05-17T21:20:44.362000+00:00,2026-05-17T21:20:44.362000+00:00,walk-in-closet,real_estate,real_footage,modern_luxury,closet,real_existing,en,0.0,https://www.instagram.com/reel/DYdGP64y3UN/,https://www.instagram.com/melissavaupel.estates/,"VERIFIED (public embed page, rounded, 2026-09-25)","VERIFIED (public topic pages; sample, not full account history)"
cvmlux,1,4000.0,91.0,96100.0,96100.0,96100.0,24.025,24.025,3.6060037523452158,6.538097183330718,2025-08-10T21:12:37.545000+00:00,2025-08-10T21:12:37.545000+00:00,houses-on-malibu-beach;malibu-house,theme_page,real_footage,modern_luxury,pool,real_existing,en,0.0,https://www.instagram.com/reel/DNMGvfoSDXg/,https://www.instagram.com/cvmlux/,"VERIFIED (public embed page, rounded, 2026-09-25)","VERIFIED (public topic pages; sample, not full account history)"
studionauma,1,3000.0,21.0,95700.0,95700.0,95700.0,31.9,31.9,0.3132569558101473,0.99459145958592,2026-08-05T11:57:55.702000+00:00,2026-08-05T11:57:55.702000+00:00,art-deco-interior-design;mid-century-modern,designer_studio,unclear,mid_century,living_room,aspirational_realistic,en,0.0,https://www.instagram.com/reel/DbqFbxOocj3/,https://www.instagram.com/studionauma/,"VERIFIED (public embed page, rounded, 2026-09-25)","VERIFIED (public topic pages; sample, not full account history)"
standbywithadrie,1,414000.0,2037.0,95200.0,95200.0,95200.0,0.22995169082125605,0.22995169082125605,0.21061946902654868,0.05195147975043134,2025-06-10T19:52:28.217000+00:00,2025-06-10T19:52:28.217000+00:00,bali-luxury-villas-with-private-pools,lifestyle_influencer,real_footage,tropical,pool,real_existing,en,0.0,https://www.instagram.com/reel/DKu5FCwJy3P/,https://www.instagram.com/standbywithadrie/,"VERIFIED (public embed page, rounded, 2026-09-25)","VERIFIED (public topic pages; sample, not full account history)"
vev_jardinagem,1,42000.0,1233.0,95200.0,95200.0,95200.0,2.2666666666666666,2.2666666666666666,0.11367164179104478,0.15136662404913684,2026-03-11T12:50:21.744000+00:00,2026-03-11T12:50:21.744000+00:00,garden-design,theme_page,unclear,mediterranean,garden_landscape,aspirational_realistic,pt,0.0,https://www.instagram.com/reel/DVvqlLrjw85/,https://www.instagram.com/vev_jardinagem/,"VERIFIED (public embed page, rounded, 2026-09-25)","VERIFIED (public topic pages; sample, not full account history)"
perfect_decorss,3,83000.0,999.0,20100.0,95000.0,129400.0,0.2421686746987952,1.144578313253012,0.012756467439785906,0.043450002278603385,2024-10-21T18:36:49.436000+00:00,2025-05-16T08:19:11.715000+00:00,dream-bedroom;dream-bedrooms;dream-room,theme_page,ai_generated,glam_feminine,bedroom,stylized_dreamy,en,1.0,https://www.instagram.com/reel/DJtR3eFSnDe/,https://www.instagram.com/perfect_decorss/,"VERIFIED (public embed page, rounded, 2026-09-25)","VERIFIED (public topic pages; sample, not full account history)"
jakebuiltit,1,17000.0,139.0,94900.0,94900.0,94900.0,5.58235294117647,5.58235294117647,2.34610630407911,1.6547525250383892,2026-07-06T17:57:45.497000+00:00,2026-07-06T17:57:45.497000+00:00,modern-mediterranean-houses,contractor_trade,unclear,mediterranean,stairs_hall,aspirational_realistic,en,0.0,https://www.instagram.com/reel/Dadew_gKk6c/,https://www.instagram.com/jakebuiltit/,"VERIFIED (public embed page, rounded, 2026-09-25)","VERIFIED (public topic pages; sample, not full account history)"
adridiaries_,1,,,94800.0,94800.0,94800.0,,,0.16958855098389983,,2026-08-11T16:48:36.170000+00:00,2026-08-11T16:48:36.170000+00:00,cozy-room,,,,,,,,https://www.instagram.com/reel/Db6Dd-4xEpr/,https://www.instagram.com/adridiaries_/,UNKNOWN,"VERIFIED (public topic pages; sample, not full account history)"
switzerland.explores,1,1000000.0,14629.0,94700.0,94700.0,94700.0,0.0947,0.0947,0.129107021131561,0.14743073023429487,2025-06-19T12:18:51.389000+00:00,2025-06-19T12:18:51.389000+00:00,swiss-chalet,theme_page,real_footage,mediterranean,other,real_existing,en,0.0,https://www.instagram.com/reel/DLFQUjSNwcF/,https://www.instagram.com/switzerland.explores/,"VERIFIED (public embed page, rounded, 2026-09-25)","VERIFIED (public topic pages; sample, not full account history)"
shaehitassawur,1,41000.0,253.0,94400.0,94400.0,94400.0,2.3024390243902437,2.3024390243902437,1.3602305475504324,2.0296584796105015,2026-06-17T13:49:28.629000+00:00,2026-06-17T13:49:28.629000+00:00,hotel-design,designer_studio,real_footage,modern_luxury,exterior_facade,real_existing,en,0.0,https://www.instagram.com/reel/DZsHP5uSFE7/,https://www.instagram.com/shaehitassawur/,"VERIFIED (public embed page, rounded, 2026-09-25)","VERIFIED (public topic pages; sample, not full account history)"
dreamxvoyager,1,22000.0,185.0,94000.0,94000.0,94000.0,4.2727272727272725,4.2727272727272725,1.7553688141923436,4.0431300534910495,2025-06-19T22:38:01.483000+00:00,2025-06-19T22:38:01.483000+00:00,future-houses-2050,theme_page,real_footage,mediterranean,exterior_facade,real_existing,en,0.0,https://www.instagram.com/reel/DLGXLeZIgMX/,https://www.instagram.com/dreamxvoyager/,"VERIFIED (public embed page, rounded, 2026-09-25)","VERIFIED (public topic pages; sample, not full account history)"
semmzk,1,45000.0,128.0,92300.0,92300.0,92300.0,2.051111111111111,2.051111111111111,0.34121996303142327,0.4824536526749865,2026-03-25T07:53:38.222000+00:00,2026-03-25T07:53:38.222000+00:00,luxury-hotel,lifestyle_influencer,real_footage,art_deco,hotel_room,real_existing,en,0.0,https://www.instagram.com/reel/DWTLwJqiX4A/,https://www.instagram.com/semmzk/,"VERIFIED (public embed page, rounded, 2026-09-25)","VERIFIED (public topic pages; sample, not full account history)"
indoriorrenovation,1,212000.0,673.0,92300.0,92300.0,92300.0,0.435377358490566,0.435377358490566,0.3128813559322034,0.983135790628073,2025-03-18T19:58:46.971000+00:00,2025-03-18T19:58:46.971000+00:00,luxury-bathroom-interior-design-inspiration,contractor_trade,real_footage,modern_luxury,bathroom,real_existing,en,0.0,https://www.instagram.com/reel/DHWnBxxTl3P/,https://www.instagram.com/indoriorrenovation/,"VERIFIED (public embed page, rounded, 2026-09-25)","VERIFIED (public topic pages; sample, not full account history)"
eunique_furnitureng,1,41000.0,208.0,91700.0,91700.0,91700.0,2.2365853658536587,2.2365853658536587,0.7347756410256411,0.2680642591242139,2026-01-27T14:54:45.554000+00:00,2026-01-27T14:54:45.554000+00:00,walk-in-closet,brand_manufacturer,real_footage,modern_luxury,closet,real_existing,en,0.0,https://www.instagram.com/reel/DUBKoqsjGip/,https://www.instagram.com/eunique_furnitureng/,"VERIFIED (public embed page, rounded, 2026-09-25)","VERIFIED (public topic pages; sample, not full account history)"
millionairemotives2025,1,8000.0,430.0,91200.0,91200.0,91200.0,11.4,11.4,0.19591836734693877,1.096157106414117,2025-11-05T18:00:34.609000+00:00,2025-11-05T18:00:34.609000+00:00,luxury-lifestyle,theme_page,real_footage,other,other,real_existing,en,0.0,https://www.instagram.com/reel/DQrx7AsE3cC/,https://www.instagram.com/millionairemotives2025/,"VERIFIED (public embed page, rounded, 2026-09-25)","VERIFIED (public topic pages; sample, not full account history)"
habitat.tokyo27,1,8000.0,30.0,91100.0,91100.0,91100.0,11.3875,11.3875,0.9015338941118258,1.194604317952119,2026-02-15T13:26:17.506000+00:00,2026-02-15T13:26:17.506000+00:00,tokyo-apartment,real_estate,real_footage,other,exterior_facade,real_existing,en,0.0,https://www.instagram.com/reel/DUx7nVkkerQ/,https://www.instagram.com/habitat.tokyo27/,"VERIFIED (public embed page, rounded, 2026-09-25)","VERIFIED (public topic pages; sample, not full account history)"
earcandy.ca,1,21000.0,314.0,90600.0,90600.0,90600.0,4.314285714285714,4.314285714285714,0.5909980430528375,0.5271555621372326,2026-08-29T20:00:52.565000+00:00,2026-08-29T20:00:52.565000+00:00,beach-house,media_publication,real_footage,other,none_person_only,real_existing,en,0.0,https://www.instagram.com/reel/Dcovx--PMfI/,https://www.instagram.com/earcandy.ca/,"VERIFIED (public embed page, rounded, 2026-09-25)","VERIFIED (public topic pages; sample, not full account history)"
balcony_decorators,1,95000.0,4189.0,90300.0,90300.0,90300.0,0.9505263157894737,0.9505263157894737,4.330935251798561,1.9824815605874255,2025-07-15T13:12:10.726000+00:00,2025-07-15T13:12:10.726000+00:00,rooftop-terrace,theme_page,3d_render,other,terrace_outdoor,aspirational_realistic,en,0.0,https://www.instagram.com/reel/DMITF2GoBfh/,https://www.instagram.com/balcony_decorators/,"VERIFIED (public embed page, rounded, 2026-09-25)","VERIFIED (public topic pages; sample, not full account history)"
toolandtea,1,43000.0,80.0,90100.0,90100.0,90100.0,2.0953488372093023,2.0953488372093023,0.2874003189792663,0.2896596749849893,2026-07-14T02:07:18.536000+00:00,2026-07-14T02:07:18.536000+00:00,japandi,lifestyle_influencer,real_footage,minimalist,living_room,real_existing,en,0.0,https://www.instagram.com/reel/DawYWsXgFN7/,https://www.instagram.com/toolandtea/,"VERIFIED (public embed page, rounded, 2026-09-25)","VERIFIED (public topic pages; sample, not full account history)"
aleksandrazee,1,111000.0,7251.0,89800.0,89800.0,89800.0,0.809009009009009,0.809009009009009,1.2638986629134412,0.9053472312976747,2023-11-16T16:57:05.103000+00:00,2023-11-16T16:57:05.103000+00:00,desert-house-interior-design-ideas,lifestyle_influencer,real_footage,organic_modern,living_room,real_existing,en,0.0,https://www.instagram.com/reel/CztuT-7RV_Y/,https://www.instagram.com/aleksandrazee/,"VERIFIED (public embed page, rounded, 2026-09-25)","VERIFIED (public topic pages; sample, not full account history)"
heartwantstravel,1,261000.0,342.0,89400.0,89400.0,89400.0,0.3425287356321839,0.3425287356321839,0.368659793814433,0.12920013312248713,2025-12-04T14:47:32.399000+00:00,2025-12-04T14:47:32.399000+00:00,maldives-resort,lifestyle_influencer,real_footage,tropical,exterior_facade,real_existing,en,0.0,https://www.instagram.com/reel/DR2G4irCFzr/,https://www.instagram.com/heartwantstravel/,"VERIFIED (public embed page, rounded, 2026-09-25)","VERIFIED (public topic pages; sample, not full account history)"
hellohayleyblog,1,11000.0,1224.0,89300.0,89300.0,89300.0,8.118181818181819,8.118181818181819,0.24566712517193948,0.5448913487994019,2026-08-27T17:01:02.931000+00:00,2026-08-27T17:01:02.931000+00:00,house-in-forest,lifestyle_influencer,unclear,rustic_cozy,exterior_facade,stylized_dreamy,en,0.0,https://www.instagram.com/reel/DcjRnI9DUOD/,https://www.instagram.com/hellohayleyblog/,"VERIFIED (public embed page, rounded, 2026-09-25)","VERIFIED (public topic pages; sample, not full account history)"
theunrealatlas,1,887.0,60.0,88800.0,88800.0,88800.0,100.11273957158963,100.11273957158963,0.23648468708388815,1.9215975087095802,2026-08-12T14:30:18.974000+00:00,2026-08-12T14:30:18.974000+00:00,ai-architecture,ai_creator,ai_generated,futuristic,exterior_facade,stylized_dreamy,en,1.0,https://www.instagram.com/reel/Db8YcBChCBD/,https://www.instagram.com/theunrealatlas/,"VERIFIED (public embed page, rounded, 2026-09-25)","VERIFIED (public topic pages; sample, not full account history)"
_dreamworldai_,1,3000.0,57.0,87600.0,87600.0,87600.0,29.2,29.2,2.323607427055703,6.212509280889513,2026-09-06T01:38:39.269000+00:00,2026-09-06T01:38:39.269000+00:00,ai-house,ai_creator,ai_generated,other,living_room,fantasy_impossible,en,1.0,https://www.instagram.com/reel/Dc7YAEmAxQz/,https://www.instagram.com/_dreamworldai_/,"VERIFIED (public embed page, rounded, 2026-09-25)","VERIFIED (public topic pages; sample, not full account history)"
camxpetra,1,296000.0,2182.0,87400.0,87400.0,87400.0,0.29527027027027025,0.29527027027027025,1.0080738177623991,0.2580517041393401,2024-12-21T04:50:39.805000+00:00,2024-12-21T04:50:39.805000+00:00,home-theater,lifestyle_influencer,real_footage,other,home_theater,real_existing,en,0.0,https://www.instagram.com/reel/DD098YyRf4K/,https://www.instagram.com/camxpetra/,"VERIFIED (public embed page, rounded, 2026-09-25)","VERIFIED (public topic pages; sample, not full account history)"
archprojectt,1,31000.0,390.0,87400.0,87400.0,87400.0,2.8193548387096774,2.8193548387096774,0.2748427672955975,0.36888685582039116,2026-06-23T15:57:12.864000+00:00,2026-06-23T15:57:12.864000+00:00,modern-house,designer_studio,3d_render,modern_luxury,exterior_facade,aspirational_realistic,other,0.0,https://www.instagram.com/reel/DZ7youjsTns/,https://www.instagram.com/archprojectt/,"VERIFIED (public embed page, rounded, 2026-09-25)","VERIFIED (public topic pages; sample, not full account history)"
beetrootandblack,1,303000.0,724.0,87100.0,87100.0,87100.0,0.2874587458745875,0.2874587458745875,0.4421319796954315,0.3080868297290475,2026-06-04T19:31:18.425000+00:00,2026-06-04T19:31:18.425000+00:00,house-tour,lifestyle_influencer,real_footage,scandinavian,dining,real_existing,en,0.0,https://www.instagram.com/reel/DZLQCKgIdya/,https://www.instagram.com/beetrootandblack/,"VERIFIED (public embed page, rounded, 2026-09-25)","VERIFIED (public topic pages; sample, not full account history)"
komalch_7,1,8000.0,242.0,86000.0,86000.0,86000.0,10.75,10.75,0.19217877094972066,0.23552306044699314,2026-08-20T12:38:10.002000+00:00,2026-08-20T12:38:10.002000+00:00,room-makeover,lifestyle_influencer,real_footage,other,bedroom,real_existing,en,0.0,https://www.instagram.com/reel/DcQx9m8g-zW/,https://www.instagram.com/komalch_7/,"VERIFIED (public embed page, rounded, 2026-09-25)","VERIFIED (public topic pages; sample, not full account history)"
home_automation_panipat,1,14000.0,497.0,86000.0,86000.0,86000.0,6.142857142857143,6.142857142857143,0.9919261822376009,1.0579477476143369,2026-02-13T01:54:20.282000+00:00,2026-02-13T01:54:20.282000+00:00,home-theater,contractor_trade,real_footage,dark_luxury,home_theater,real_existing,en,0.0,https://www.instagram.com/reel/DUri1kQk42N/,https://www.instagram.com/home_automation_panipat/,"VERIFIED (public embed page, rounded, 2026-09-25)","VERIFIED (public topic pages; sample, not full account history)"
travelhunterlk,1,26000.0,697.0,85900.0,85900.0,85900.0,3.3038461538461537,3.3038461538461537,2.3437926330150067,1.9577435905402385,2024-10-14T15:34:38.822000+00:00,2024-10-14T15:34:38.822000+00:00,santorini-villa,lifestyle_influencer,real_footage,mediterranean,terrace_outdoor,real_existing,en,0.0,https://www.instagram.com/reel/DBHBlkGy1gq/,https://www.instagram.com/travelhunterlk/,"VERIFIED (public embed page, rounded, 2026-09-25)","VERIFIED (public topic pages; sample, not full account history)"
travelwithtalia,1,532000.0,3429.0,85600.0,85600.0,85600.0,0.16090225563909774,0.16090225563909774,0.1391869918699187,0.11788162356304646,2026-04-10T14:25:15.362000+00:00,2026-04-10T14:25:15.362000+00:00,unique-airbnb,lifestyle_influencer,real_footage,organic_modern,exterior_facade,real_existing,en,0.0,https://www.instagram.com/reel/DW9FSdEiUUl/,https://www.instagram.com/travelwithtalia/,"VERIFIED (public embed page, rounded, 2026-09-25)","VERIFIED (public topic pages; sample, not full account history)"
lonestarlandscapetx,1,8000.0,381.0,85300.0,85300.0,85300.0,10.6625,10.6625,0.14064303380049464,0.48793404186189315,2026-04-13T20:55:10.807000+00:00,2026-04-13T20:55:10.807000+00:00,backyard-design,contractor_trade,real_footage,other,garden_landscape,real_existing,en,0.0,https://www.instagram.com/reel/DXFgS9_CvZz/,https://www.instagram.com/lonestarlandscapetx/,"VERIFIED (public embed page, rounded, 2026-09-25)","VERIFIED (public topic pages; sample, not full account history)"
arc_dezine,1,17000.0,305.0,84900.0,84900.0,84900.0,4.9941176470588236,4.9941176470588236,0.29789473684210527,0.26764041020779916,2026-01-13T12:29:16.097000+00:00,2026-01-13T12:29:16.097000+00:00,architecture-design,designer_studio,real_footage,organic_modern,exterior_facade,real_existing,en,0.0,https://www.instagram.com/reel/DTc22z0EZwz/,https://www.instagram.com/arc_dezine/,"VERIFIED (public embed page, rounded, 2026-09-25)","VERIFIED (public topic pages; sample, not full account history)"
aarman.decor,1,728000.0,3887.0,84800.0,84800.0,84800.0,0.11648351648351649,0.11648351648351649,0.10802547770700636,0.041923749730963515,2025-08-20T02:23:23.625000+00:00,2025-08-20T02:23:23.625000+00:00,dream-bedroom-decor-ideas,theme_page,real_footage,glam_feminine,bedroom,real_existing,en,0.0,https://www.instagram.com/reel/DNj1dgIRIcX/,https://www.instagram.com/aarman.decor/,"VERIFIED (public embed page, rounded, 2026-09-25)","VERIFIED (public topic pages; sample, not full account history)"
muttimo_kids,1,236000.0,937.0,84400.0,84400.0,84400.0,0.3576271186440678,0.3576271186440678,0.8218111002921129,0.3728926351557213,2025-04-01T20:09:50.777000+00:00,2025-04-01T20:09:50.777000+00:00,kids-room-design,brand_manufacturer,3d_render,scandinavian,bedroom,aspirational_realistic,tr,0.0,https://www.instagram.com/reel/DH6rbDwNGSo/,https://www.instagram.com/muttimo_kids/,"VERIFIED (public embed page, rounded, 2026-09-25)","VERIFIED (public topic pages; sample, not full account history)"
homeaiapp,2,617000.0,181.0,79600.0,84200.0,159200.0,0.12901134521880064,0.13646677471636953,0.7797422689746981,0.2722990354921265,2024-09-13T16:06:41.090000+00:00,2025-02-17T16:44:23.272000+00:00,desert-house-interior-design-ideas;minimalist-interior,ai_creator,ai_generated,minimalist,exterior_facade,aspirational_realistic,en,1.0,https://www.instagram.com/reel/C_3QnF0tPUo/,https://www.instagram.com/homeaiapp/,"VERIFIED (public embed page, rounded, 2026-09-25)","VERIFIED (public topic pages; sample, not full account history)"
articture,1,677000.0,97.0,84100.0,84100.0,84100.0,0.12422451994091581,0.12422451994091581,0.2,0.101322376231351,2025-04-02T20:11:36.179000+00:00,2025-04-02T20:11:36.179000+00:00,luxury-homes;modern-luxury-house-interiors,brand_manufacturer,ai_generated,modern_luxury,living_room,stylized_dreamy,en,1.0,https://www.instagram.com/reel/DH9QazNTGvj/,https://www.instagram.com/articture/,"VERIFIED (public embed page, rounded, 2026-09-25)","VERIFIED (public topic pages; sample, not full account history)"
dannydhas,1,5000.0,621.0,84100.0,84100.0,84100.0,16.82,16.82,0.2636363636363636,2.3784268295267754,2026-04-18T19:29:04.665000+00:00,2026-04-18T19:29:04.665000+00:00,luxury-house-tour,real_estate,real_footage,modern_luxury,exterior_facade,real_existing,en,0.0,https://www.instagram.com/reel/DXSOatgD0k8/,https://www.instagram.com/dannydhas/,"VERIFIED (public embed page, rounded, 2026-09-25)","VERIFIED (public topic pages; sample, not full account history)"
hotelnakshtraresidency,1,470.0,28.0,82700.0,82700.0,82700.0,175.95744680851064,175.95744680851064,3.864485981308411,10.709237624988273,2025-04-11T10:26:42.402000+00:00,2025-04-11T10:26:42.402000+00:00,hotel-suite-design-ideas;luxury-hotel-room,other,real_footage,modern_luxury,hotel_room,real_existing,en,0.0,https://www.instagram.com/reel/DITYoxEsry8/,https://www.instagram.com/hotelnakshtraresidency/,"VERIFIED (public embed page, rounded, 2026-09-25)","VERIFIED (public topic pages; sample, not full account history)"
domnamakowej,1,743000.0,2033.0,82600.0,82600.0,82600.0,0.11117092866756394,0.11117092866756394,0.10522292993630573,0.04044843753349076,2026-02-16T20:11:34.989000+00:00,2026-02-16T20:11:34.989000+00:00,dream-bedroom-decor-ideas,lifestyle_influencer,real_footage,glam_feminine,bedroom,real_existing,other,0.0,https://www.instagram.com/reel/DU1Oyp6DDO8/,https://www.instagram.com/domnamakowej/,"VERIFIED (public embed page, rounded, 2026-09-25)","VERIFIED (public topic pages; sample, not full account history)"
cozy_winter_homes,2,27000.0,38.0,59600.0,82000.0,119200.0,2.2074074074074073,3.037037037037037,0.25229284304722455,0.5380594442005224,2026-08-28T10:43:29.228000+00:00,2026-08-29T12:06:34.747000+00:00,cozy-cabin;cozy-cabin-in-the-snow,theme_page,ai_generated,rustic_cozy,exterior_facade,stylized_dreamy,en,1.0,https://www.instagram.com/reel/DclLMq5sj1f/,https://www.instagram.com/cozy_winter_homes/,"VERIFIED (public embed page, rounded, 2026-09-25)","VERIFIED (public topic pages; sample, not full account history)"
astraluxestudio,1,12000.0,112.0,81900.0,81900.0,81900.0,6.825,6.825,0.2680851063829787,0.4450790281888234,2026-06-26T21:43:28.655000+00:00,2026-06-26T21:43:28.655000+00:00,art-deco-interior-design,designer_studio,unclear,art_deco,dining,aspirational_realistic,en,0.0,https://www.instagram.com/reel/DaEIpdbN9P5/,https://www.instagram.com/astraluxestudio/,"VERIFIED (public embed page, rounded, 2026-09-25)","VERIFIED (public topic pages; sample, not full account history)"
mycanvashome,1,332000.0,799.0,81600.0,81600.0,81600.0,0.2457831325301205,0.2457831325301205,2.0098522167487687,0.9426936202728671,2026-06-20T11:58:17.007000+00:00,2026-06-20T11:58:17.007000+00:00,coastal-bedroom-design-ideas,lifestyle_influencer,real_footage,other,stairs_hall,real_existing,en,0.0,https://www.instagram.com/reel/DZzo6HrOp0c/,https://www.instagram.com/mycanvashome/,"VERIFIED (public embed page, rounded, 2026-09-25)","VERIFIED (public topic pages; sample, not full account history)"
glowwithgauriii,1,2000.0,83.0,81400.0,81400.0,81400.0,40.7,40.7,0.18189944134078212,0.42632318149926074,2026-07-25T13:36:50.279000+00:00,2026-07-25T13:36:50.279000+00:00,room-makeover,lifestyle_influencer,real_footage,glam_feminine,bedroom,real_existing,en,0.0,https://www.instagram.com/reel/DbN8AlHMUnd/,https://www.instagram.com/glowwithgauriii/,"VERIFIED (public embed page, rounded, 2026-09-25)","VERIFIED (public topic pages; sample, not full account history)"
saifi_shab28,1,39000.0,1524.0,81300.0,81300.0,81300.0,2.0846153846153848,2.0846153846153848,0.3871428571428571,0.2935954708064961,2026-02-14T03:18:52.070000+00:00,2026-02-14T03:18:52.070000+00:00,luxury-room,contractor_trade,real_footage,modern_luxury,bedroom,real_existing,en,0.0,https://www.instagram.com/reel/DUuRTjmkTit/,https://www.instagram.com/saifi_shab28/,"VERIFIED (public embed page, rounded, 2026-09-25)","VERIFIED (public topic pages; sample, not full account history)"
wayfareralivia,1,37000.0,1001.0,81200.0,81200.0,81200.0,2.1945945945945944,2.1945945945945944,2.0714285714285716,1.3314037623719406,2025-04-10T12:25:45.651000+00:00,2025-04-10T12:25:45.651000+00:00,marrakech-riad,lifestyle_influencer,real_footage,traditional_regional,pool,real_existing,en,0.0,https://www.instagram.com/reel/DIRBd3tPJXN/,https://www.instagram.com/wayfareralivia/,"VERIFIED (public embed page, rounded, 2026-09-25)","VERIFIED (public topic pages; sample, not full account history)"
adziran,1,31000.0,3685.0,80700.0,80700.0,80700.0,2.6032258064516127,2.6032258064516127,1.033952594490711,1.4081267590075475,2025-03-11T06:39:59.929000+00:00,2025-03-11T06:39:59.929000+00:00,luxury-furniture,brand_manufacturer,real_footage,classical_luxury,living_room,real_existing,en,0.0,https://www.instagram.com/reel/DHDKDLwN8xF/,https://www.instagram.com/adziran/,"VERIFIED (public embed page, rounded, 2026-09-25)","VERIFIED (public topic pages; sample, not full account history)"
the_morsia_home,1,112000.0,261.0,79100.0,79100.0,79100.0,0.70625,0.70625,0.292962962962963,0.5248134701668633,2024-12-12T14:09:16.194000+00:00,2024-12-12T14:09:16.194000+00:00,indoor-pool,lifestyle_influencer,real_footage,organic_modern,pool,real_existing,en,0.0,https://www.instagram.com/reel/DDeyt3kteft/,https://www.instagram.com/the_morsia_home/,"VERIFIED (public embed page, rounded, 2026-09-25)","VERIFIED (public topic pages; sample, not full account history)"
homesofceleb,1,5000.0,683.0,78900.0,78900.0,78900.0,15.78,15.78,1.2934426229508196,7.48304026691013,2026-07-04T19:30:15.618000+00:00,2026-07-04T19:30:15.618000+00:00,aspen,theme_page,real_footage,rustic_cozy,exterior_facade,real_existing,en,0.0,https://www.instagram.com/reel/DaYfwv0iv_i/,https://www.instagram.com/homesofceleb/,"VERIFIED (public embed page, rounded, 2026-09-25)","VERIFIED (public topic pages; sample, not full account history)"
theglasshousetxfarmhouseblooms,1,8000.0,348.0,78900.0,78900.0,78900.0,9.8625,9.8625,0.8398084087280469,2.153847570591242,2026-07-30T17:49:35.463000+00:00,2026-07-30T17:49:35.463000+00:00,glass-house,other,real_footage,rustic_cozy,other,real_existing,en,0.0,https://www.instagram.com/reel/DbbQ6LHJzv8/,https://www.instagram.com/theglasshousetxfarmhouseblooms/,"VERIFIED (public embed page, rounded, 2026-09-25)","VERIFIED (public topic pages; sample, not full account history)"
loyalconstructionga,1,14000.0,392.0,78800.0,78800.0,78800.0,5.628571428571429,5.628571428571429,0.5652797704447633,1.253831539538737,2025-10-29T16:47:01.420000+00:00,2025-10-29T16:47:01.420000+00:00,organic-modern,contractor_trade,unclear,organic_modern,stairs_hall,aspirational_realistic,en,0.0,https://www.instagram.com/reel/DQZn8KpgKe4/,https://www.instagram.com/loyalconstructionga/,"VERIFIED (public embed page, rounded, 2026-09-25)","VERIFIED (public topic pages; sample, not full account history)"
tiny.housees,1,265000.0,1786.0,78300.0,78300.0,78300.0,0.29547169811320756,0.29547169811320756,0.863761720904578,0.5070561430609142,2026-07-16T19:21:44.182000+00:00,2026-07-16T19:21:44.182000+00:00,lake-house,theme_page,ai_generated,rustic_cozy,exterior_facade,stylized_dreamy,en,1.0,https://www.instagram.com/reel/Da3YU0OsniJ/,https://www.instagram.com/tiny.housees/,"VERIFIED (public embed page, rounded, 2026-09-25)","VERIFIED (public topic pages; sample, not full account history)"
amandabdelrazzaq,1,9000.0,104.0,78000.0,78000.0,78000.0,8.666666666666666,8.666666666666666,0.04536202384414074,0.9238017119629502,2026-03-12T14:51:24.142000+00:00,2026-03-12T14:51:24.142000+00:00,ai-interior-design,ai_creator,ai_generated,organic_modern,bedroom,aspirational_realistic,en,1.0,https://www.instagram.com/reel/DVydOlKiIBU/,https://www.instagram.com/amandabdelrazzaq/,"VERIFIED (public embed page, rounded, 2026-09-25)","VERIFIED (public topic pages; sample, not full account history)"
titanichotel_novkhani,1,,,77900.0,77900.0,77900.0,,,0.8291644491750931,,2025-05-02T04:15:26.187000+00:00,2025-05-02T04:15:26.187000+00:00,luxury-hotel-suite,,,,,,,,https://www.instagram.com/reel/DJIy14JI3w_/,https://www.instagram.com/titanichotel_novkhani/,UNKNOWN,"VERIFIED (public topic pages; sample, not full account history)"
relaxationescapism,1,6000.0,49.0,77200.0,77200.0,77200.0,12.866666666666667,12.866666666666667,1.4416433239962652,6.096958675324139,2024-09-29T23:41:04.865000+00:00,2024-09-29T23:41:04.865000+00:00,future-houses-2050,theme_page,ai_generated,traditional_regional,exterior_facade,stylized_dreamy,en,1.0,https://www.instagram.com/reel/DAhRVMEBqUi/,https://www.instagram.com/relaxationescapism/,"VERIFIED (public embed page, rounded, 2026-09-25)","VERIFIED (public topic pages; sample, not full account history)"
propertypromohali,1,15000.0,442.0,76400.0,76400.0,76400.0,5.093333333333334,5.093333333333334,0.23116490166414524,0.18720672341011985,2026-01-10T15:02:12.405000+00:00,2026-01-10T15:02:12.405000+00:00,dream-home;dream-house;dream-house-design,real_estate,real_footage,modern_luxury,exterior_facade,real_existing,en,0.0,https://www.instagram.com/reel/DTVZ-VuAbrX/,https://www.instagram.com/propertypromohali/,"VERIFIED (public embed page, rounded, 2026-09-25)","VERIFIED (public topic pages; sample, not full account history)"
i.qoi,1,17000.0,73.0,75900.0,75900.0,75900.0,4.464705882352941,4.464705882352941,0.020513513513513514,0.12397076413513342,2026-09-08T17:34:11.110000+00:00,2026-09-08T17:34:11.110000+00:00,dubai-luxury,lifestyle_influencer,real_footage,dark_luxury,lobby_common,real_existing,en,0.0,https://www.instagram.com/reel/DdCO8Vmogg9/,https://www.instagram.com/i.qoi/,"VERIFIED (public embed page, rounded, 2026-09-25)","VERIFIED (public topic pages; sample, not full account history)"
joseoliveirafilms,1,100000.0,370.0,75600.0,75600.0,75600.0,0.756,0.756,0.6823104693140795,0.2926071591332032,2025-09-02T02:24:08.931000+00:00,2025-09-02T02:24:08.931000+00:00,real-estate,other,real_footage,modern_luxury,exterior_facade,real_existing,en,0.0,https://www.instagram.com/reel/DOFT4aFEQpv/,https://www.instagram.com/joseoliveirafilms/,"VERIFIED (public embed page, rounded, 2026-09-25)","VERIFIED (public topic pages; sample, not full account history)"
kathy_schaefer,1,147000.0,288.0,75500.0,75500.0,75500.0,0.5136054421768708,0.5136054421768708,0.45345345345345345,0.4638454351032284,2026-08-05T21:44:23.680000+00:00,2026-08-05T21:44:23.680000+00:00,dark-academia-home-library,lifestyle_influencer,real_footage,dark_luxury,other,real_existing,en,0.0,https://www.instagram.com/reel/DbrIjLTg-Cb/,https://www.instagram.com/kathy_schaefer/,"VERIFIED (public embed page, rounded, 2026-09-25)","VERIFIED (public topic pages; sample, not full account history)"
myluxury_furnituretx,1,435000.0,1586.0,75400.0,75400.0,75400.0,0.17333333333333334,0.17333333333333334,0.9660474055092889,0.38250351558693535,2025-02-09T16:30:27.384000+00:00,2025-02-09T16:30:27.384000+00:00,luxury-furniture,brand_manufacturer,real_footage,other,other,real_existing,en,0.0,https://www.instagram.com/reel/DF29xkvx0zc/,https://www.instagram.com/myluxury_furnituretx/,"VERIFIED (public embed page, rounded, 2026-09-25)","VERIFIED (public topic pages; sample, not full account history)"
build.and.believe,1,373000.0,746.0,75200.0,75200.0,75200.0,0.20160857908847185,0.20160857908847185,1.0835734870317002,0.5756861930226085,2025-07-15T18:41:33.475000+00:00,2025-07-15T18:41:33.475000+00:00,hotel-design,designer_studio,ai_generated,organic_modern,lobby_common,aspirational_realistic,en,1.0,https://www.instagram.com/reel/DMI4ySlSwig/,https://www.instagram.com/build.and.believe/,"VERIFIED (public embed page, rounded, 2026-09-25)","VERIFIED (public topic pages; sample, not full account history)"
baccarathotels,1,149000.0,1078.0,75000.0,75000.0,75000.0,0.5033557046979866,0.5033557046979866,0.539568345323741,0.7585812558223665,2024-09-13T20:27:27.389000+00:00,2024-09-13T20:27:27.389000+00:00,luxury-suite,other,real_footage,modern_luxury,hotel_room,real_existing,en,0.0,https://www.instagram.com/reel/C_3udCiREwR/,https://www.instagram.com/baccarathotels/,"VERIFIED (public embed page, rounded, 2026-09-25)","VERIFIED (public topic pages; sample, not full account history)"
architecturenow,1,2000000.0,12323.0,74800.0,74800.0,74800.0,0.0374,0.0374,153.75128468653648,3.143285720959465,2026-02-24T23:44:47.247000+00:00,2026-02-24T23:44:47.247000+00:00,impossible-architecture,media_publication,real_footage,other,exterior_facade,real_existing,en,0.0,https://www.instagram.com/reel/DVKNjNbDwSE/,https://www.instagram.com/architecturenow/,"VERIFIED (public embed page, rounded, 2026-09-25)","VERIFIED (public topic pages; sample, not full account history)"
selvahamidovic,1,13000.0,17.0,74100.0,74100.0,74100.0,5.7,5.7,0.30121951219512194,1.0161614179364837,2026-05-29T16:26:36.065000+00:00,2026-05-29T16:26:36.065000+00:00,luxury-modern-beautiful-house,contractor_trade,real_footage,modern_luxury,exterior_facade,real_existing,en,0.0,https://www.instagram.com/reel/DY7eIFkJii8/,https://www.instagram.com/selvahamidovic/,"VERIFIED (public embed page, rounded, 2026-09-25)","VERIFIED (public topic pages; sample, not full account history)"
cozycolorfiles,1,1000.0,19.0,74100.0,74100.0,74100.0,74.1,74.1,0.2202080237741456,1.228816792299358,2026-09-08T07:49:30.542000+00:00,2026-09-08T07:49:30.542000+00:00,ai-cozy-cabin,brand_manufacturer,ai_generated,rustic_cozy,bedroom,stylized_dreamy,en,1.0,https://www.instagram.com/reel/DdBMCCqoF3D/,https://www.instagram.com/cozycolorfiles/,"VERIFIED (public embed page, rounded, 2026-09-25)","VERIFIED (public topic pages; sample, not full account history)"
grantjbates,1,449000.0,1442.0,73200.0,73200.0,73200.0,0.16302895322939867,0.16302895322939867,0.366,0.2332165319706758,2026-07-04T17:25:06.993000+00:00,2026-07-04T17:25:06.993000+00:00,london-apartment,real_estate,real_footage,organic_modern,kitchen,real_existing,en,0.0,https://www.instagram.com/reel/DaYRcKsMHHe/,https://www.instagram.com/grantjbates/,"VERIFIED (public embed page, rounded, 2026-09-25)","VERIFIED (public topic pages; sample, not full account history)"
harebell_grove,1,48000.0,531.0,73100.0,73100.0,73100.0,1.5229166666666667,1.5229166666666667,0.8117712382009994,1.0440849877658398,2024-05-16T17:24:28.425000+00:00,2024-05-16T17:24:28.425000+00:00,home-office-design,lifestyle_influencer,real_footage,traditional_regional,office,real_existing,en,0.0,https://www.instagram.com/reel/C7CaH1YLr2G/,https://www.instagram.com/harebell_grove/,"VERIFIED (public embed page, rounded, 2026-09-25)","VERIFIED (public topic pages; sample, not full account history)"
neeva.homes,1,5000.0,166.0,72900.0,72900.0,72900.0,14.58,14.58,0.6230769230769231,2.795254971999924,2026-06-17T14:43:50.520000+00:00,2026-06-17T14:43:50.520000+00:00,organic-modern-kitchen-designs,designer_studio,ai_generated,modern_luxury,kitchen,aspirational_realistic,en,1.0,https://www.instagram.com/reel/DZsNeFPzKoq/,https://www.instagram.com/neeva.homes/,"VERIFIED (public embed page, rounded, 2026-09-25)","VERIFIED (public topic pages; sample, not full account history)"
interior_home_design1,8,688000.0,2699.0,27500.0,72100.0,261000.0,0.03997093023255814,0.10479651162790697,0.33603729409616906,0.09359573163338694,2024-11-11T13:52:35.471000+00:00,2025-07-24T12:41:18.516000+00:00,ai-house;ai-house-design;ai-interior;ai-interior-design;cliff-house;desert-modern-house-tours;future-home;futuristic-architecture;futuristic-home;futuristic-house,theme_page,ai_generated,modern_luxury,exterior_facade,stylized_dreamy,en,1.0,https://www.instagram.com/reel/DDPTr1JRD-S/,https://www.instagram.com/interior_home_design1/,"VERIFIED (public embed page, rounded, 2026-09-25)","VERIFIED (public topic pages; sample, not full account history)"
im_rikul_,1,13000.0,297.0,72100.0,72100.0,72100.0,5.546153846153846,5.546153846153846,0.134640522875817,0.49973919697436164,2026-07-12T15:40:01.659000+00:00,2026-07-12T15:40:01.659000+00:00,faroe-islands-luxury-villas,other,unclear,traditional_regional,exterior_facade,stylized_dreamy,en,0.0,https://www.instagram.com/reel/DasrxeRDFl3/,https://www.instagram.com/im_rikul_/,"VERIFIED (public embed page, rounded, 2026-09-25)","VERIFIED (public topic pages; sample, not full account history)"
brainyblueprints,1,538000.0,814.0,72000.0,72000.0,72000.0,0.13382899628252787,0.13382899628252787,1.1145510835913313,0.5051587798351139,2025-06-28T15:56:59.098000+00:00,2025-06-28T15:56:59.098000+00:00,mediterranean-house,ai_creator,ai_generated,mediterranean,exterior_facade,aspirational_realistic,en,1.0,https://www.instagram.com/reel/DLc0cDAs6sP/,https://www.instagram.com/brainyblueprints/,"VERIFIED (public embed page, rounded, 2026-09-25)","VERIFIED (public topic pages; sample, not full account history)"
mad_traveller_by_titus,1,126000.0,903.0,71900.0,71900.0,71900.0,0.5706349206349206,0.5706349206349206,0.4318318318318318,0.24919594549853794,2025-10-18T03:28:55.947000+00:00,2025-10-18T03:28:55.947000+00:00,villa-with-pool,lifestyle_influencer,real_footage,traditional_regional,pool,real_existing,en,0.0,https://www.instagram.com/reel/DP733JZE0t9/,https://www.instagram.com/mad_traveller_by_titus/,"VERIFIED (public embed page, rounded, 2026-09-25)","VERIFIED (public topic pages; sample, not full account history)"
deirdres_design,4,1000000.0,8694.0,26650.0,71700.0,146900.0,0.02665,0.0717,0.1177467043314501,0.08272357952230547,2025-02-09T03:27:50.189000+00:00,2026-08-10T19:47:11.180000+00:00,dream-closet;dream-kitchen;luxury-kitchen-design;luxury-living-room;luxury-living-room-design;modern-classic-interior-design,theme_page,ai_generated,classical_luxury,living_room,stylized_dreamy,en,0.75,https://www.instagram.com/reel/DF1kNfqRmIF/,https://www.instagram.com/deirdres_design/,"VERIFIED (public embed page, rounded, 2026-09-25)","VERIFIED (public topic pages; sample, not full account history)"
the.ryanexperience,1,83000.0,188.0,71100.0,71100.0,71100.0,0.8566265060240964,0.8566265060240964,1.197978096040438,0.3991165351975147,2026-04-17T22:12:29.940000+00:00,2026-04-17T22:12:29.940000+00:00,boutique-hotel,other,real_footage,biophilic,pool,aspirational_realistic,en,0.0,https://www.instagram.com/reel/DXP8UxNjm29/,https://www.instagram.com/the.ryanexperience/,"VERIFIED (public embed page, rounded, 2026-09-25)","VERIFIED (public topic pages; sample, not full account history)"
sv_hometheatre,1,13000.0,115.0,70700.0,70700.0,70700.0,5.438461538461539,5.438461538461539,0.7782058337919647,1.0098929090313504,2026-09-01T07:36:45.843000+00:00,2026-09-01T07:36:45.843000+00:00,luxury-home-theater-ideas,contractor_trade,real_footage,modern_luxury,home_theater,real_existing,en,0.0,https://www.instagram.com/reel/DcvJAkdOcs6/,https://www.instagram.com/sv_hometheatre/,"VERIFIED (public embed page, rounded, 2026-09-25)","VERIFIED (public topic pages; sample, not full account history)"
wellbee_travels,1,12000.0,1701.0,69900.0,69900.0,69900.0,5.825,5.825,1.1237942122186495,4.4186834844874445,2025-10-24T13:49:50.045000+00:00,2025-10-24T13:49:50.045000+00:00,luxury-villa-with-pool,other,real_footage,tropical,pool,real_existing,en,0.0,https://www.instagram.com/reel/DQMbsBCElDV/,https://www.instagram.com/wellbee_travels/,"VERIFIED (public embed page, rounded, 2026-09-25)","VERIFIED (public topic pages; sample, not full account history)"
rekha_interiors,1,125000.0,986.0,69800.0,69800.0,69800.0,0.5584,0.5584,0.6796494644595911,0.4151271376759219,2025-10-08T13:37:54.218000+00:00,2025-10-08T13:37:54.218000+00:00,kids-room-design,designer_studio,real_footage,glam_feminine,bedroom,real_existing,en,0.0,https://www.instagram.com/reel/DPjNmoojDUn/,https://www.instagram.com/rekha_interiors/,"VERIFIED (public embed page, rounded, 2026-09-25)","VERIFIED (public topic pages; sample, not full account history)"
artemarmolcol,1,42000.0,410.0,69500.0,69500.0,69500.0,1.6547619047619047,1.6547619047619047,0.5568910256410257,0.5162008853745115,2025-08-27T00:18:24.454000+00:00,2025-08-27T00:18:24.454000+00:00,dreamy-walk-in-closet-designs-ideas;walk-in-closet,contractor_trade,real_footage,modern_luxury,closet,real_existing,es,0.0,https://www.instagram.com/reel/DN1ouM23jHl/,https://www.instagram.com/artemarmolcol/,"VERIFIED (public embed page, rounded, 2026-09-25)","VERIFIED (public topic pages; sample, not full account history)"
worldtravelfox,1,305000.0,778.0,69400.0,69400.0,69400.0,0.2275409836065574,0.2275409836065574,1.438341968911917,0.7784997596227156,2026-03-21T07:10:26.033000+00:00,2026-03-21T07:10:26.033000+00:00,cook-islands-luxury-resorts,lifestyle_influencer,real_footage,tropical,other,real_existing,en,0.0,https://www.instagram.com/reel/DWIzoOMEWSK/,https://www.instagram.com/worldtravelfox/,"VERIFIED (public embed page, rounded, 2026-09-25)","VERIFIED (public topic pages; sample, not full account history)"
casa_keylead,1,1000000.0,7675.0,69400.0,69400.0,69400.0,0.0694,0.0694,0.283265306122449,0.3025095323514506,2025-04-20T20:14:18.629000+00:00,2025-04-20T20:14:18.629000+00:00,los-angeles-house,theme_page,real_footage,modern_luxury,terrace_outdoor,real_existing,en,0.0,https://www.instagram.com/reel/DIrnCYWTIld/,https://www.instagram.com/casa_keylead/,"VERIFIED (public embed page, rounded, 2026-09-25)","VERIFIED (public topic pages; sample, not full account history)"
hoxtonhotels,1,979.0,77.0,68700.0,68700.0,68700.0,70.17364657814096,70.17364657814096,1.6435406698564594,6.3119412786867155,2026-04-20T14:45:58.275000+00:00,2026-04-20T14:45:58.275000+00:00,hotel-suite-design-ideas,other,real_footage,modern_luxury,hotel_room,real_existing,en,0.0,https://www.instagram.com/reel/DXW3m7VD6zx/,https://www.instagram.com/hoxtonhotels/,"VERIFIED (public embed page, rounded, 2026-09-25)","VERIFIED (public topic pages; sample, not full account history)"
capsulex_home,1,108000.0,102.0,68500.0,68500.0,68500.0,0.6342592592592593,0.6342592592592593,0.6477541371158393,0.35040802858130715,2026-06-26T15:41:02.969000+00:00,2026-06-26T15:41:02.969000+00:00,capsule-castle-luxury-space-capsule-houses,brand_manufacturer,unclear,futuristic,exterior_facade,aspirational_realistic,en,0.0,https://www.instagram.com/reel/DaDfK9QSUCe/,https://www.instagram.com/capsulex_home/,"VERIFIED (public embed page, rounded, 2026-09-25)","VERIFIED (public topic pages; sample, not full account history)"
newcozyhomedesign5,1,3000.0,389.0,68400.0,68400.0,68400.0,22.8,22.8,0.45,3.900542616256878,2026-09-01T10:35:40.330000+00:00,2026-09-01T10:35:40.330000+00:00,jamesedition-luxury-homes,theme_page,ai_generated,classical_luxury,exterior_facade,aspirational_realistic,en,1.0,https://www.instagram.com/reel/Dcvde7ojT8c/,https://www.instagram.com/newcozyhomedesign5/,"VERIFIED (public embed page, rounded, 2026-09-25)","VERIFIED (public topic pages; sample, not full account history)"
dimension.xy,2,811000.0,907.0,68200.0,68200.0,136400.0,0.08409371146732429,0.08409371146732429,0.21323495401255982,0.10439039903605712,2026-02-05T06:20:12.890000+00:00,2026-02-07T16:03:12.180000+00:00,luxury-modern-beautiful-house;modern-villa,theme_page,ai_generated,modern_luxury,exterior_facade,aspirational_realistic,en,1.0,https://www.instagram.com/reel/DUXa56AgawK/,https://www.instagram.com/dimension.xy/,"VERIFIED (public embed page, rounded, 2026-09-25)","VERIFIED (public topic pages; sample, not full account history)"
houses_stars_,1,827000.0,10928.0,67900.0,67900.0,67900.0,0.08210399032648126,0.08210399032648126,0.0388,0.04156155016378642,2025-09-22T04:51:24.777000+00:00,2025-09-22T04:51:24.777000+00:00,luxury-house,real_estate,real_footage,modern_luxury,exterior_facade,real_existing,en,0.0,https://www.instagram.com/reel/DO5EogICtLV/,https://www.instagram.com/houses_stars_/,"VERIFIED (public embed page, rounded, 2026-09-25)","VERIFIED (public topic pages; sample, not full account history)"
aytanabbasli,1,266000.0,2276.0,67700.0,67700.0,67700.0,0.25451127819548874,0.25451127819548874,0.3385,0.2755331899324895,2024-12-07T21:14:18.585000+00:00,2024-12-07T21:14:18.585000+00:00,london-apartment,lifestyle_influencer,real_footage,modern_luxury,living_room,real_existing,en,0.0,https://www.instagram.com/reel/DDSrYlAMQQN/,https://www.instagram.com/aytanabbasli/,"VERIFIED (public embed page, rounded, 2026-09-25)","VERIFIED (public topic pages; sample, not full account history)"
rockwellproperty,1,12000.0,338.0,67600.0,67600.0,67600.0,5.633333333333334,5.633333333333334,0.338,1.171945199387401,2025-03-17T13:28:18.088000+00:00,2025-03-17T13:28:18.088000+00:00,london-apartment,real_estate,real_footage,minimalist,stairs_hall,real_existing,en,0.0,https://www.instagram.com/reel/DHTVi7noiuj/,https://www.instagram.com/rockwellproperty/,"VERIFIED (public embed page, rounded, 2026-09-25)","VERIFIED (public topic pages; sample, not full account history)"
starryhomestead,1,32000.0,1879.0,67200.0,67200.0,67200.0,2.1,2.1,2.4129263913824057,0.7611675370532508,2024-06-11T02:00:37.300000+00:00,2024-06-11T02:00:37.300000+00:00,wabi-sabi-interior,designer_studio,real_footage,japandi,living_room,real_existing,en,0.0,https://www.instagram.com/reel/C8DtEFthTB6/,https://www.instagram.com/starryhomestead/,"VERIFIED (public embed page, rounded, 2026-09-25)","VERIFIED (public topic pages; sample, not full account history)"
themaldivescollection,1,2000.0,91.0,67000.0,67000.0,67000.0,33.5,33.5,0.27628865979381445,0.9450560769828181,2026-07-29T18:03:21.726000+00:00,2026-07-29T18:03:21.726000+00:00,maldives-resort,other,real_footage,tropical,exterior_facade,real_existing,en,0.0,https://www.instagram.com/reel/DbYtsKStyvr/,https://www.instagram.com/themaldivescollection/,"VERIFIED (public embed page, rounded, 2026-09-25)","VERIFIED (public topic pages; sample, not full account history)"
housinginfo,1,1000000.0,5905.0,66300.0,66300.0,66300.0,0.0663,0.0663,0.21990049751243781,0.05497055356198896,2025-09-26T18:52:01.353000+00:00,2025-09-26T18:52:01.353000+00:00,cottagecore-living-room-design,theme_page,ai_generated,classical_luxury,living_room,stylized_dreamy,en,1.0,https://www.instagram.com/reel/DPE4Az4EpcZ/,https://www.instagram.com/housinginfo/,"VERIFIED (public embed page, rounded, 2026-09-25)","VERIFIED (public topic pages; sample, not full account history)"
neatmethod,1,840000.0,5044.0,66100.0,66100.0,66100.0,0.07869047619047619,0.07869047619047619,0.09336158192090395,0.09175260352381448,2026-02-12T20:50:33.490000+00:00,2026-02-12T20:50:33.490000+00:00,dream-closet,contractor_trade,real_footage,glam_feminine,closet,real_existing,en,0.0,https://www.instagram.com/reel/DUrAEncjwpo/,https://www.instagram.com/neatmethod/,"VERIFIED (public embed page, rounded, 2026-09-25)","VERIFIED (public topic pages; sample, not full account history)"
hudnallshideout,1,25000.0,740.0,65600.0,65600.0,65600.0,2.624,2.624,0.041,0.2784063825436245,2025-09-10T07:46:58.352000+00:00,2025-09-10T07:46:58.352000+00:00,treehouse-hotel,other,real_footage,rustic_cozy,terrace_outdoor,real_existing,en,0.0,https://www.instagram.com/reel/DOafL1rjLbJ/,https://www.instagram.com/hudnallshideout/,"VERIFIED (public embed page, rounded, 2026-09-25)","VERIFIED (public topic pages; sample, not full account history)"
dev3d3012,1,2000.0,39.0,64100.0,64100.0,64100.0,32.05,32.05,0.14057017543859648,2.280413189838515,2026-07-28T04:32:59.940000+00:00,2026-07-28T04:32:59.940000+00:00,quiet-luxury-bathroom,designer_studio,3d_render,dark_luxury,bathroom,stylized_dreamy,en,0.0,https://www.instagram.com/reel/DbUsKAlxE-h/,https://www.instagram.com/dev3d3012/,"VERIFIED (public embed page, rounded, 2026-09-25)","VERIFIED (public topic pages; sample, not full account history)"
the_karighars,1,736000.0,2042.0,63900.0,63900.0,63900.0,0.08682065217391305,0.08682065217391305,0.3310880829015544,0.20139602209422824,2025-05-24T05:34:18.826000+00:00,2025-05-24T05:34:18.826000+00:00,luxury-dining-room,designer_studio,real_footage,modern_luxury,dining,real_existing,en,0.0,https://www.instagram.com/reel/DKBlW14swvf/,https://www.instagram.com/the_karighars/,"VERIFIED (public embed page, rounded, 2026-09-25)","VERIFIED (public topic pages; sample, not full account history)"
explorewithmia_,1,,,63900.0,63900.0,63900.0,,,0.2501467997651204,,2026-01-17T23:44:00.982000+00:00,2026-01-17T23:44:00.982000+00:00,underwater-hotel,,,,,,,,https://www.instagram.com/reel/DToXQT-kiz5/,https://www.instagram.com/explorewithmia_/,UNKNOWN,"VERIFIED (public topic pages; sample, not full account history)"
sbidawards,1,8000.0,636.0,63600.0,63600.0,63600.0,7.95,7.95,0.9164265129682997,2.9364818119154967,2026-05-06T11:30:26.947000+00:00,2026-05-06T11:30:26.947000+00:00,hotel-design,media_publication,3d_render,warm_luxury,lobby_common,aspirational_realistic,en,0.0,https://www.instagram.com/reel/DX_t84VKl0u/,https://www.instagram.com/sbidawards/,"VERIFIED (public embed page, rounded, 2026-09-25)","VERIFIED (public topic pages; sample, not full account history)"
suyash_diplomat,1,68000.0,338.0,63600.0,63600.0,63600.0,0.9352941176470588,0.9352941176470588,0.08670756646216769,0.3481153496215877,2023-07-31T06:34:40.488000+00:00,2023-07-31T06:34:40.488000+00:00,swiss-chalet,lifestyle_influencer,unclear,other,other,real_existing,en,0.0,https://www.instagram.com/reel/CvWhO0Htto7/,https://www.instagram.com/suyash_diplomat/,"VERIFIED (public embed page, rounded, 2026-09-25)","VERIFIED (public topic pages; sample, not full account history)"
futurehomesdaily,1,70000.0,100.0,63300.0,63300.0,63300.0,0.9042857142857142,0.9042857142857142,0.19843260188087775,0.5210277450102131,2025-04-23T19:09:22.381000+00:00,2025-04-23T19:09:22.381000+00:00,luxury-house-tour;mansion-tour,theme_page,real_footage,modern_luxury,exterior_facade,real_existing,en,0.0,https://www.instagram.com/reel/DIzN_Y6ShVW/,https://www.instagram.com/futurehomesdaily/,"VERIFIED (public embed page, rounded, 2026-09-25)","VERIFIED (public topic pages; sample, not full account history)"
forestlife06,1,7000.0,85.0,63200.0,63200.0,63200.0,9.028571428571428,9.028571428571428,0.2389413988657845,1.6109373727123577,2025-09-23T03:28:02.351000+00:00,2025-09-23T03:28:02.351000+00:00,forest-house,theme_page,real_footage,other,other,real_existing,en,0.0,https://www.instagram.com/reel/DO7f4urE7xO/,https://www.instagram.com/forestlife06/,"VERIFIED (public embed page, rounded, 2026-09-25)","VERIFIED (public topic pages; sample, not full account history)"
top_1_pers,1,,,63200.0,63200.0,63200.0,,,1.1802054154995332,,2025-10-16T01:36:27.300000+00:00,2025-10-16T01:36:27.300000+00:00,future-houses-2050,,,,,,,,https://www.instagram.com/reel/DP2hZlliC2l/,https://www.instagram.com/top_1_pers/,UNKNOWN,"VERIFIED (public topic pages; sample, not full account history)"
efetopcuarchitecture,1,25000.0,122.0,62500.0,62500.0,62500.0,2.5,2.5,0.2144082332761578,0.5938055016483588,2026-05-04T13:27:38.374000+00:00,2026-05-04T13:27:38.374000+00:00,parametric-architecture,designer_studio,3d_render,organic_modern,other,aspirational_realistic,tr,0.0,https://www.instagram.com/reel/DX6xxdWok2W/,https://www.instagram.com/efetopcuarchitecture/,"VERIFIED (public embed page, rounded, 2026-09-25)","VERIFIED (public topic pages; sample, not full account history)"
supreme_homes_dha,1,46000.0,6098.0,62400.0,62400.0,62400.0,1.3565217391304347,1.3565217391304347,0.6868464501926252,0.4935867822529018,2026-02-10T07:43:40.302000+00:00,2026-02-10T07:43:40.302000+00:00,luxury-home-theater-ideas,real_estate,real_footage,modern_luxury,home_theater,real_existing,en,0.0,https://www.instagram.com/reel/DUkcbiaiN6H/,https://www.instagram.com/supreme_homes_dha/,"VERIFIED (public embed page, rounded, 2026-09-25)","VERIFIED (public topic pages; sample, not full account history)"
jessicaannereed,1,,,62200.0,62200.0,62200.0,,,0.44619799139167865,,2024-05-19T16:08:03.840000+00:00,2024-05-19T16:08:03.840000+00:00,organic-modern,,,,,,,,https://www.instagram.com/reel/C7J_w0Tg3eM/,https://www.instagram.com/jessicaannereed/,UNKNOWN,"VERIFIED (public topic pages; sample, not full account history)"
aesthetic_aicontent,1,112000.0,223.0,62200.0,62200.0,62200.0,0.5553571428571429,0.5553571428571429,0.16325459317585303,0.161565636389887,2025-11-03T18:24:14.244000+00:00,2025-11-03T18:24:14.244000+00:00,cozy-cabin,ai_creator,ai_generated,rustic_cozy,terrace_outdoor,stylized_dreamy,en,1.0,https://www.instagram.com/reel/DQmrCjljPRK/,https://www.instagram.com/aesthetic_aicontent/,"VERIFIED (public embed page, rounded, 2026-09-25)","VERIFIED (public topic pages; sample, not full account history)"
dream.scapenatureai,1,3000.0,52.0,61800.0,61800.0,61800.0,20.6,20.6,0.40313111545988256,0.8934000047876112,2026-09-15T09:44:38.911000+00:00,2026-09-15T09:44:38.911000+00:00,beach-house,ai_creator,ai_generated,tropical,exterior_facade,stylized_dreamy,en,1.0,https://www.instagram.com/reel/DdTaxeTMUtz/,https://www.instagram.com/dream.scapenatureai/,"VERIFIED (public embed page, rounded, 2026-09-25)","VERIFIED (public topic pages; sample, not full account history)"
roisai_ai,1,45000.0,2233.0,61600.0,61600.0,61600.0,1.3688888888888888,1.3688888888888888,0.023245283018867923,0.050807425645650925,2026-08-26T11:23:46.474000+00:00,2026-08-26T11:23:46.474000+00:00,ai-art,ai_creator,ai_generated,other,none_person_only,stylized_dreamy,en,1.0,https://www.instagram.com/reel/DcgGN_oyCSu/,https://www.instagram.com/roisai_ai/,"VERIFIED (public embed page, rounded, 2026-09-25)","VERIFIED (public topic pages; sample, not full account history)"
lana7amdan,1,16000.0,49.0,61300.0,61300.0,61300.0,3.83125,3.83125,0.2824884792626728,1.2204785101063533,2026-01-17T15:45:16.219000+00:00,2026-01-17T15:45:16.219000+00:00,ai-render,ai_creator,ai_generated,organic_modern,kitchen,aspirational_realistic,ar,1.0,https://www.instagram.com/reel/DTngd3xDFhQ/,https://www.instagram.com/lana7amdan/,"VERIFIED (public embed page, rounded, 2026-09-25)","VERIFIED (public topic pages; sample, not full account history)"
meirr,1,236000.0,796.0,60800.0,60800.0,60800.0,0.2576271186440678,0.2576271186440678,0.13131749460043196,0.6304316902050816,2022-03-27T18:56:38.639000+00:00,2022-03-27T18:56:38.639000+00:00,luxury-cabin,theme_page,real_footage,rustic_cozy,exterior_facade,real_existing,en,0.0,https://www.instagram.com/reel/Cbnj1iLDwWf/,https://www.instagram.com/meirr/,"VERIFIED (public embed page, rounded, 2026-09-25)","VERIFIED (public topic pages; sample, not full account history)"
classyibiza,2,170000.0,529.0,49050.0,60200.0,98100.0,0.28852941176470587,0.35411764705882354,1.0068018516940729,0.6364685007669624,2025-03-19T08:54:16.765000+00:00,2026-04-23T11:21:47.631000+00:00,ibiza-luxury-villas-sea-view;ibiza-villa,real_estate,real_footage,mediterranean,exterior_facade,real_existing,en,0.0,https://www.instagram.com/reel/DXeOoHLCC5x/,https://www.instagram.com/classyibiza/,"VERIFIED (public embed page, rounded, 2026-09-25)","VERIFIED (public topic pages; sample, not full account history)"
tnt_interiors,1,1000.0,78.0,59700.0,59700.0,59700.0,59.7,59.7,0.5813047711781889,3.396340824579361,2026-04-04T09:40:50.894000+00:00,2026-04-04T09:40:50.894000+00:00,kids-room-design,designer_studio,real_footage,other,bedroom,real_existing,en,0.0,https://www.instagram.com/reel/DWtH-I6jVWW/,https://www.instagram.com/tnt_interiors/,"VERIFIED (public embed page, rounded, 2026-09-25)","VERIFIED (public topic pages; sample, not full account history)"
theroomedit007,2,13000.0,334.0,30207.0,59300.0,60414.0,2.3236153846153846,4.561538461538461,2.7934980538826637,1.1171403082730276,2025-12-23T13:20:33.683000+00:00,2026-02-19T01:49:48.163000+00:00,biophilic-design;house-on-cliff,ai_creator,ai_generated,biophilic,exterior_facade,aspirational_realistic,en,1.0,https://www.instagram.com/reel/DSm4CHdE295/,https://www.instagram.com/theroomedit007/,"VERIFIED (public embed page, rounded, 2026-09-25)","VERIFIED (public topic pages; sample, not full account history)"
liolaliola,1,217000.0,1992.0,59200.0,59200.0,59200.0,0.2728110599078341,0.2728110599078341,0.3861709067188519,0.11555230627559603,2024-05-22T09:29:41.099000+00:00,2024-05-22T09:29:41.099000+00:00,beach-house,lifestyle_influencer,real_footage,organic_modern,living_room,real_existing,en,0.0,https://www.instagram.com/reel/C7RAjoJMOc2/,https://www.instagram.com/liolaliola/,"VERIFIED (public embed page, rounded, 2026-09-25)","VERIFIED (public topic pages; sample, not full account history)"
windowsandwoods,1,482000.0,989.0,59200.0,59200.0,59200.0,0.12282157676348547,0.12282157676348547,0.3059431524547804,0.16420855641749169,2026-04-25T22:17:41.314000+00:00,2026-04-25T22:17:41.314000+00:00,outdoor-living,lifestyle_influencer,real_footage,organic_modern,terrace_outdoor,real_existing,en,0.0,https://www.instagram.com/reel/DXkjRx0jVKh/,https://www.instagram.com/windowsandwoods/,"VERIFIED (public embed page, rounded, 2026-09-25)","VERIFIED (public topic pages; sample, not full account history)"
cozyhome0.3,1,5000.0,14.0,59100.0,59100.0,59100.0,11.82,11.82,0.15511811023622046,0.6571255367253567,2026-09-17T16:31:59.327000+00:00,2026-09-17T16:31:59.327000+00:00,cozy-cabin,theme_page,ai_generated,rustic_cozy,exterior_facade,stylized_dreamy,en,1.0,https://www.instagram.com/reel/DdZS-rDJI7x/,https://www.instagram.com/cozyhome0.3/,"VERIFIED (public embed page, rounded, 2026-09-25)","VERIFIED (public topic pages; sample, not full account history)"
seputargumelar,1,54000.0,1261.0,58400.0,58400.0,58400.0,1.0814814814814815,1.0814814814814815,0.4127208480565371,0.2921966130605995,2025-06-09T12:04:12.167000+00:00,2025-06-09T12:04:12.167000+00:00,rain-sounds,theme_page,real_footage,traditional_regional,garden_landscape,real_existing,en,0.0,https://www.instagram.com/reel/DKreseXSK1H/,https://www.instagram.com/seputargumelar/,"VERIFIED (public embed page, rounded, 2026-09-25)","VERIFIED (public topic pages; sample, not full account history)"
virtuosoltd,1,162000.0,2353.0,58400.0,58400.0,58400.0,0.36049382716049383,0.36049382716049383,0.21589648798521258,0.16768247220485363,2026-04-28T17:11:27.349000+00:00,2026-04-28T17:11:27.349000+00:00,luxury-hotel,other,real_footage,mediterranean,garden_landscape,real_existing,en,0.0,https://www.instagram.com/reel/DXrunfOAj7T/,https://www.instagram.com/virtuosoltd/,"VERIFIED (public embed page, rounded, 2026-09-25)","VERIFIED (public topic pages; sample, not full account history)"
capsulecastleyfl,1,149000.0,494.0,58100.0,58100.0,58100.0,0.38993288590604025,0.38993288590604025,0.5494089834515367,0.2556781333836489,2026-07-06T02:29:27.624000+00:00,2026-07-06T02:29:27.624000+00:00,capsule-castle-luxury-space-capsule-houses,brand_manufacturer,real_footage,futuristic,exterior_facade,real_existing,en,0.0,https://www.instagram.com/reel/Dab0h73ojh4/,https://www.instagram.com/capsulecastleyfl/,"VERIFIED (public embed page, rounded, 2026-09-25)","VERIFIED (public topic pages; sample, not full account history)"
studio.lux.interiors,1,167000.0,1280.0,57800.0,57800.0,57800.0,0.3461077844311377,0.3461077844311377,0.13844311377245508,0.25732589239980896,2024-09-02T08:29:40.781000+00:00,2024-09-02T08:29:40.781000+00:00,interior-styling,designer_studio,real_footage,organic_modern,living_room,real_existing,en,0.0,https://www.instagram.com/reel/C_aHkQqA_WA/,https://www.instagram.com/studio.lux.interiors/,"VERIFIED (public embed page, rounded, 2026-09-25)","VERIFIED (public topic pages; sample, not full account history)"
street_worksltd,1,15000.0,635.0,57400.0,57400.0,57400.0,3.8266666666666667,3.8266666666666667,0.5125,1.0762926881772714,2026-05-27T05:12:53.079000+00:00,2026-05-27T05:12:53.079000+00:00,a-frame-cabin,contractor_trade,real_footage,rustic_cozy,exterior_facade,real_existing,other,0.0,https://www.instagram.com/reel/DY1Hb4_Nro0/,https://www.instagram.com/street_worksltd/,"VERIFIED (public embed page, rounded, 2026-09-25)","VERIFIED (public topic pages; sample, not full account history)"
shltr,3,1000000.0,5941.0,55400.0,57200.0,166000.0,0.0554,0.0572,0.20904286553141516,0.2698368754981317,2024-09-27T17:58:31.735000+00:00,2025-09-19T12:50:09.469000+00:00,indoor-pool;mediterranean-house;underwater-hotel,theme_page,ai_generated,brutalist,kitchen,aspirational_realistic,en,0.6666666666666666,https://www.instagram.com/reel/DAbgigvSjDz/,https://www.instagram.com/shltr/,"VERIFIED (public embed page, rounded, 2026-09-25)","VERIFIED (public topic pages; sample, not full account history)"
tinkerbelltik,1,,,57000.0,57000.0,57000.0,,,0.3,,2026-03-25T15:40:25.711000+00:00,2026-03-25T15:40:25.711000+00:00,rooftop-pool,,,,,,,,https://www.instagram.com/reel/DWUBLCLDHqT/,https://www.instagram.com/tinkerbelltik/,UNKNOWN,"VERIFIED (public topic pages; sample, not full account history)"
wishcraft_africa,1,68000.0,325.0,56900.0,56900.0,56900.0,0.836764705882353,0.836764705882353,0.8198847262247838,0.9656044399698464,2025-09-13T09:00:11.409000+00:00,2025-09-13T09:00:11.409000+00:00,hotel-design,designer_studio,3d_render,modern_luxury,pool,aspirational_realistic,en,0.0,https://www.instagram.com/reel/DOiV8ucDaFB/,https://www.instagram.com/wishcraft_africa/,"VERIFIED (public embed page, rounded, 2026-09-25)","VERIFIED (public topic pages; sample, not full account history)"
at_the_barkers,1,286000.0,1108.0,56600.0,56600.0,56600.0,0.1979020979020979,0.1979020979020979,1.354066985645933,0.3654982351191285,2025-11-12T18:00:40.520000+00:00,2025-11-12T18:00:40.520000+00:00,hotel-suite-design-ideas,lifestyle_influencer,real_footage,modern_luxury,bedroom,real_existing,en,0.0,https://www.instagram.com/reel/DQ9zf23jFaM/,https://www.instagram.com/at_the_barkers/,"VERIFIED (public embed page, rounded, 2026-09-25)","VERIFIED (public topic pages; sample, not full account history)"
zenqarchitecture,1,504000.0,3567.0,56300.0,56300.0,56300.0,0.11170634920634921,0.11170634920634921,0.9438390611902766,0.17654298136387073,2025-11-27T22:11:49.450000+00:00,2025-11-27T22:11:49.450000+00:00,luxury-apartment;luxury-apartment-interior-design-ideas-2026,theme_page,3d_render,modern_luxury,stairs_hall,aspirational_realistic,en,0.0,https://www.instagram.com/reel/DRk4Kc4jHwg/,https://www.instagram.com/zenqarchitecture/,"VERIFIED (public embed page, rounded, 2026-09-25)","VERIFIED (public topic pages; sample, not full account history)"
thebillionaire_vibe_,1,52000.0,517.0,55800.0,55800.0,55800.0,1.073076923076923,1.073076923076923,0.04852173913043478,0.3049833421272645,2026-04-30T14:47:58.410000+00:00,2026-04-30T14:47:58.410000+00:00,luxury-mansion,theme_page,real_footage,neoclassical,exterior_facade,real_existing,en,0.0,https://www.instagram.com/reel/DXwnyV4xcPs/,https://www.instagram.com/thebillionaire_vibe_/,"VERIFIED (public embed page, rounded, 2026-09-25)","VERIFIED (public topic pages; sample, not full account history)"
keylead_media,1,244000.0,6900.0,55600.0,55600.0,55600.0,0.2278688524590164,0.2278688524590164,0.05011266336187472,0.07277336099866347,2023-06-28T14:14:58.321000+00:00,2023-06-28T14:14:58.321000+00:00,underground-house,theme_page,real_footage,other,stairs_hall,real_existing,en,0.0,https://www.instagram.com/reel/CuCXrQcNbUD/,https://www.instagram.com/keylead_media/,"VERIFIED (public embed page, rounded, 2026-09-25)","VERIFIED (public topic pages; sample, not full account history)"
nairobi___spaces,1,15000.0,146.0,55500.0,55500.0,55500.0,3.7,3.7,0.3293768545994065,0.6600972059576768,2026-05-07T16:00:48.851000+00:00,2026-05-07T16:00:48.851000+00:00,best-rooftop-pools,real_estate,real_footage,modern_luxury,pool,real_existing,en,0.0,https://www.instagram.com/reel/DYCxr99N2Zu/,https://www.instagram.com/nairobi___spaces/,"VERIFIED (public embed page, rounded, 2026-09-25)","VERIFIED (public topic pages; sample, not full account history)"
ehousing.jp,1,114000.0,673.0,54800.0,54800.0,54800.0,0.4807017543859649,0.4807017543859649,0.5423057892132608,0.2074218591618774,2026-03-26T07:19:52.726000+00:00,2026-03-26T07:19:52.726000+00:00,tokyo-apartment,real_estate,real_footage,minimalist,living_room,real_existing,en,0.0,https://www.instagram.com/reel/DWVsrxeke2t/,https://www.instagram.com/ehousing.jp/,"VERIFIED (public embed page, rounded, 2026-09-25)","VERIFIED (public topic pages; sample, not full account history)"
chennai_ecrvilla,1,818.0,97.0,54500.0,54500.0,54500.0,66.62591687041565,66.62591687041565,0.8762057877813505,12.098819961365905,2026-02-11T04:54:13.118000+00:00,2026-02-11T04:54:13.118000+00:00,luxury-villa-with-pool,other,real_footage,traditional_regional,exterior_facade,real_existing,en,0.0,https://www.instagram.com/reel/DUmt1TSk5_8/,https://www.instagram.com/chennai_ecrvilla/,"VERIFIED (public embed page, rounded, 2026-09-25)","VERIFIED (public topic pages; sample, not full account history)"
tropicallifemagazine,1,126000.0,1437.0,53700.0,53700.0,53700.0,0.4261904761904762,0.4261904761904762,1.2302405498281788,0.5067647080532396,2026-05-21T13:04:35.684000+00:00,2026-05-21T13:04:35.684000+00:00,bali-infinity-pool-villas,media_publication,real_footage,tropical,dining,real_existing,en,0.0,https://www.instagram.com/reel/DYmgpjFyXtA/,https://www.instagram.com/tropicallifemagazine/,"VERIFIED (public embed page, rounded, 2026-09-25)","VERIFIED (public topic pages; sample, not full account history)"
iamsaqibmanzoor,1,50000.0,515.0,53500.0,53500.0,53500.0,1.07,1.07,0.2622549019607843,0.29096607637925637,2025-07-17T11:33:12.444000+00:00,2025-07-17T11:33:12.444000+00:00,mountain-house,lifestyle_influencer,real_footage,traditional_regional,exterior_facade,real_existing,en,0.0,https://www.instagram.com/reel/DMNRWtRyaM4/,https://www.instagram.com/iamsaqibmanzoor/,"VERIFIED (public embed page, rounded, 2026-09-25)","VERIFIED (public topic pages; sample, not full account history)"
scifiscapes,1,331000.0,402.0,53200.0,53200.0,53200.0,0.1607250755287009,0.1607250755287009,0.32340425531914896,0.18857387201106388,2025-08-09T17:44:26.869000+00:00,2025-08-09T17:44:26.869000+00:00,futuristic-architecture,ai_creator,ai_generated,futuristic,exterior_facade,stylized_dreamy,en,1.0,https://www.instagram.com/reel/DNJKH4OMEHR/,https://www.instagram.com/scifiscapes/,"VERIFIED (public embed page, rounded, 2026-09-25)","VERIFIED (public topic pages; sample, not full account history)"
iwouldstaythere,1,9000.0,104.0,53200.0,53200.0,53200.0,5.911111111111111,5.911111111111111,0.11769911504424779,0.17399376058043803,2026-01-21T02:07:46.629000+00:00,2026-01-21T02:07:46.629000+00:00,bali-luxury-villas-with-private-pools,theme_page,ai_generated,tropical,pool,stylized_dreamy,en,1.0,https://www.instagram.com/reel/DTwWF32Ew6n/,https://www.instagram.com/iwouldstaythere/,"VERIFIED (public embed page, rounded, 2026-09-25)","VERIFIED (public topic pages; sample, not full account history)"
suren.space,1,25000.0,419.0,53000.0,53000.0,53000.0,2.12,2.12,0.4291497975708502,0.49904538106170987,2026-08-30T12:30:07.108000+00:00,2026-08-30T12:30:07.108000+00:00,biophilic-bedroom-design,theme_page,ai_generated,dark_luxury,bedroom,stylized_dreamy,en,1.0,https://www.instagram.com/reel/Dcqg_aVvBdL/,https://www.instagram.com/suren.space/,"VERIFIED (public embed page, rounded, 2026-09-25)","VERIFIED (public topic pages; sample, not full account history)"
nstudiainteriors,1,21000.0,396.0,52900.0,52900.0,52900.0,2.519047619047619,2.519047619047619,0.04662847069193477,0.07769948741294677,2025-06-13T13:21:10.812000+00:00,2025-06-13T13:21:10.812000+00:00,luxury-bathroom-design,designer_studio,real_footage,modern_luxury,bathroom,real_existing,en,0.0,https://www.instagram.com/reel/DK16rxhzl7q/,https://www.instagram.com/nstudiainteriors/,"VERIFIED (public embed page, rounded, 2026-09-25)","VERIFIED (public topic pages; sample, not full account history)"
aluminium_glass_design,1,129000.0,962.0,52400.0,52400.0,52400.0,0.4062015503875969,0.4062015503875969,2.513189448441247,0.9970388393538009,2024-08-16T04:07:46.797000+00:00,2024-08-16T04:07:46.797000+00:00,rooftop-terrace,contractor_trade,real_footage,minimalist,terrace_outdoor,real_existing,en,0.0,https://www.instagram.com/reel/C-t4FLKJhwy/,https://www.instagram.com/aluminium_glass_design/,"VERIFIED (public embed page, rounded, 2026-09-25)","VERIFIED (public topic pages; sample, not full account history)"
homebunch,1,398000.0,3708.0,52100.0,52100.0,52100.0,0.13090452261306532,0.13090452261306532,0.44529914529914527,0.2579211126029015,2025-02-14T19:11:36.847000+00:00,2025-02-14T19:11:36.847000+00:00,organic-modern-kitchen-designs,media_publication,ai_generated,organic_modern,kitchen,aspirational_realistic,en,1.0,https://www.instagram.com/reel/DGEIMTbSfMS/,https://www.instagram.com/homebunch/,"VERIFIED (public embed page, rounded, 2026-09-25)","VERIFIED (public topic pages; sample, not full account history)"
visual.aset,1,666.0,49.0,52000.0,52000.0,52000.0,78.07807807807808,78.07807807807808,1.2935323383084578,10.28170793888795,2026-09-03T17:18:35.660000+00:00,2026-09-03T17:18:35.660000+00:00,desert-house,ai_creator,ai_generated,traditional_regional,exterior_facade,stylized_dreamy,en,1.0,https://www.instagram.com/reel/Dc1VLxZz7Kf/,https://www.instagram.com/visual.aset/,"VERIFIED (public embed page, rounded, 2026-09-25)","VERIFIED (public topic pages; sample, not full account history)"
buondesign.az,1,14000.0,202.0,51900.0,51900.0,51900.0,3.7071428571428573,3.7071428571428573,1.0186457311089303,0.501202111550239,2026-05-25T05:50:10.851000+00:00,2026-05-25T05:50:10.851000+00:00,minimalist-art-deco-interior-design;neoclassical-interior,designer_studio,ai_generated,neoclassical,stairs_hall,aspirational_realistic,en,1.0,https://www.instagram.com/reel/DYwCHTlMtEq/,https://www.instagram.com/buondesign.az/,"VERIFIED (public embed page, rounded, 2026-09-25)","VERIFIED (public topic pages; sample, not full account history)"
travel_moroccan,1,331000.0,1679.0,51700.0,51700.0,51700.0,0.15619335347432023,0.15619335347432023,1.3188775510204083,0.3042109559534077,2025-09-20T21:04:18.364000+00:00,2025-09-20T21:04:18.364000+00:00,marrakech-riad,theme_page,real_footage,traditional_regional,pool,real_existing,en,0.0,https://www.instagram.com/reel/DO1qYbxjLwc/,https://www.instagram.com/travel_moroccan/,"VERIFIED (public embed page, rounded, 2026-09-25)","VERIFIED (public topic pages; sample, not full account history)"
therealtonyspriggs,1,44000.0,630.0,51500.0,51500.0,51500.0,1.1704545454545454,1.1704545454545454,0.568119139547711,0.7723350485112106,2026-08-08T23:14:54.703000+00:00,2026-08-08T23:14:54.703000+00:00,lake-house,real_estate,real_footage,other,exterior_facade,real_existing,en,0.0,https://www.instagram.com/reel/DbzBSxLAY5Z/,https://www.instagram.com/therealtonyspriggs/,"VERIFIED (public embed page, rounded, 2026-09-25)","VERIFIED (public topic pages; sample, not full account history)"
hemby.capital,1,21000.0,85.0,51500.0,51500.0,51500.0,2.4523809523809526,2.4523809523809526,0.44396551724137934,0.5044863378009008,2025-08-20T18:21:50.429000+00:00,2025-08-20T18:21:50.429000+00:00,dubai-penthouse,real_estate,real_footage,modern_luxury,terrace_outdoor,real_existing,en,0.0,https://www.instagram.com/reel/DNljJYCIbsy/,https://www.instagram.com/hemby.capital/,"VERIFIED (public embed page, rounded, 2026-09-25)","VERIFIED (public topic pages; sample, not full account history)"
pristinelandscapesinc,1,11000.0,393.0,51300.0,51300.0,51300.0,4.663636363636364,4.663636363636364,0.04719411223551058,0.1668194504863655,2026-08-28T19:33:33.805000+00:00,2026-08-28T19:33:33.805000+00:00,luxury-garden,contractor_trade,real_footage,tropical,garden_landscape,real_existing,en,0.0,https://www.instagram.com/reel/DcmH3EKPm11/,https://www.instagram.com/pristinelandscapesinc/,"VERIFIED (public embed page, rounded, 2026-09-25)","VERIFIED (public topic pages; sample, not full account history)"
herlinmill,1,202000.0,748.0,51200.0,51200.0,51200.0,0.25346534653465347,0.25346534653465347,0.3618374558303887,0.13821772115669656,2025-10-31T19:08:33.771000+00:00,2025-10-31T19:08:33.771000+00:00,rain-sounds,theme_page,real_footage,other,other,real_existing,en,0.0,https://www.instagram.com/reel/DQfBulJEq2a/,https://www.instagram.com/herlinmill/,"VERIFIED (public embed page, rounded, 2026-09-25)","VERIFIED (public topic pages; sample, not full account history)"
aadhunik.estates,1,1000.0,279.0,50900.0,50900.0,50900.0,50.9,50.9,0.8533109807208717,2.9306847394482127,2026-03-26T08:37:21.978000+00:00,2026-03-26T08:37:21.978000+00:00,luxury-apartment,real_estate,real_footage,modern_luxury,living_room,real_existing,en,0.0,https://www.instagram.com/reel/DWV1jTwk4pn/,https://www.instagram.com/aadhunik.estates/,"VERIFIED (public embed page, rounded, 2026-09-25)","VERIFIED (public topic pages; sample, not full account history)"
luxuryworldtraveler,1,3000000.0,8221.0,50800.0,50800.0,50800.0,0.016933333333333335,0.016933333333333335,0.1988647484830691,0.15355969258822155,2025-07-14T15:58:48.699000+00:00,2025-07-14T15:58:48.699000+00:00,underwater-hotel,theme_page,real_footage,modern_luxury,dining,real_existing,en,0.0,https://www.instagram.com/reel/DMGBXbRMcaF/,https://www.instagram.com/luxuryworldtraveler/,"VERIFIED (public embed page, rounded, 2026-09-25)","VERIFIED (public topic pages; sample, not full account history)"
homewithmichiii,1,8000.0,65.0,50500.0,50500.0,50500.0,6.3125,6.3125,0.11771561771561771,0.5549067475178895,2026-08-06T15:13:36.329000+00:00,2026-08-06T15:13:36.329000+00:00,cozy-bedroom-ideas,lifestyle_influencer,real_footage,japandi,bedroom,real_existing,en,0.0,https://www.instagram.com/reel/DbtAn04T8aU/,https://www.instagram.com/homewithmichiii/,"VERIFIED (public embed page, rounded, 2026-09-25)","VERIFIED (public topic pages; sample, not full account history)"
ecooutdoor,1,142000.0,3365.0,50400.0,50400.0,50400.0,0.35492957746478876,0.35492957746478876,1.2537313432835822,0.8115610164919986,2025-07-15T23:30:09.248000+00:00,2025-07-15T23:30:09.248000+00:00,desert-house;desert-house-interior-design-ideas;desert-modern-house-tours,brand_manufacturer,real_footage,organic_modern,stairs_hall,real_existing,en,0.0,https://www.instagram.com/reel/DMJZ0CDyCEQ/,https://www.instagram.com/ecooutdoor/,"VERIFIED (public embed page, rounded, 2026-09-25)","VERIFIED (public topic pages; sample, not full account history)"
conceptual_interior_studio,1,232000.0,796.0,50300.0,50300.0,50300.0,0.2168103448275862,0.2168103448275862,0.48977604673807207,0.22401727469904473,2026-03-19T16:36:08.662000+00:00,2026-03-19T16:36:08.662000+00:00,kids-room-design,designer_studio,real_footage,other,bedroom,real_existing,en,0.0,https://www.instagram.com/reel/DWEqx2-iQSQ/,https://www.instagram.com/conceptual_interior_studio/,"VERIFIED (public embed page, rounded, 2026-09-25)","VERIFIED (public topic pages; sample, not full account history)"
pooneh.abbaszadeh,1,8000.0,250.0,50000.0,50000.0,50000.0,6.25,6.25,0.9813542688910697,1.6531686177301732,2026-08-18T08:27:56.587000+00:00,2026-08-18T08:27:56.587000+00:00,modern-classic-interior-design;neoclassical-interior,designer_studio,ai_generated,neoclassical,living_room,aspirational_realistic,other,1.0,https://www.instagram.com/reel/DcLLvKpNWRD/,https://www.instagram.com/pooneh.abbaszadeh/,"VERIFIED (public embed page, rounded, 2026-09-25)","VERIFIED (public topic pages; sample, not full account history)"
niceplacela,1,2000.0,21.0,50000.0,50000.0,50000.0,25.0,25.0,1.876172607879925,4.704221556292082,2026-06-05T00:26:07.611000+00:00,2026-06-05T00:26:07.611000+00:00,houses-on-malibu-beach;malibu-house,real_estate,real_footage,organic_modern,living_room,real_existing,en,0.0,https://www.instagram.com/reel/DZLxxfRBcJ_/,https://www.instagram.com/niceplacela/,"VERIFIED (public embed page, rounded, 2026-09-25)","VERIFIED (public topic pages; sample, not full account history)"
airwaveav,1,23200.0,329.0,49900.0,49900.0,49900.0,2.1508620689655173,2.1508620689655173,0.5755478662053056,0.48470007302397905,2025-01-24T21:52:23.030000+00:00,2025-01-24T21:52:23.030000+00:00,home-theater,contractor_trade,real_footage,dark_luxury,home_theater,real_existing,en,0.0,https://www.instagram.com/reel/DFOV5cOg8yV/,https://www.instagram.com/airwaveav/,"VERIFIED (public embed page, rounded, 2026-09-25)","VERIFIED (public topic pages; sample, not full account history)"
nainitalinterior,1,6000.0,301.0,49700.0,49700.0,49700.0,8.283333333333333,8.283333333333333,0.48393378773125606,1.2230860790045779,2025-01-30T12:37:16.138000+00:00,2025-01-30T12:37:16.138000+00:00,kids-room-design,designer_studio,real_footage,minimalist,bedroom,real_existing,en,0.0,https://www.instagram.com/reel/DFczI6Ihobl/,https://www.instagram.com/nainitalinterior/,"VERIFIED (public embed page, rounded, 2026-09-25)","VERIFIED (public topic pages; sample, not full account history)"
respinahotel,1,83000.0,393.0,49700.0,49700.0,49700.0,0.5987951807228916,0.5987951807228916,0.7161383285302594,0.7683436948379472,2025-08-31T17:50:58.749000+00:00,2025-08-31T17:50:58.749000+00:00,hotel-design,other,real_footage,other,hotel_room,real_existing,en,0.0,https://www.instagram.com/reel/DOB0W9yDZdu/,https://www.instagram.com/respinahotel/,"VERIFIED (public embed page, rounded, 2026-09-25)","VERIFIED (public topic pages; sample, not full account history)"
katefulller,1,344000.0,1343.0,49500.0,49500.0,49500.0,0.1438953488372093,0.1438953488372093,1.2192118226600985,0.5624366414177379,2023-02-10T13:34:48.645000+00:00,2023-02-10T13:34:48.645000+00:00,coastal-bedroom-design-ideas,lifestyle_influencer,real_footage,other,bedroom,real_existing,en,0.0,https://www.instagram.com/reel/Coe9YW2IW82/,https://www.instagram.com/katefulller/,"VERIFIED (public embed page, rounded, 2026-09-25)","VERIFIED (public topic pages; sample, not full account history)"
thewhitethistle,1,227000.0,1197.0,49300.0,49300.0,49300.0,0.2171806167400881,0.2171806167400881,0.1822550831792976,0.10439749845228351,2024-08-07T06:19:23.525000+00:00,2024-08-07T06:19:23.525000+00:00,glamping-ideas,lifestyle_influencer,real_footage,rustic_cozy,garden_landscape,real_existing,en,0.0,https://www.instagram.com/reel/C-W7_QWKNCT/,https://www.instagram.com/thewhitethistle/,"VERIFIED (public embed page, rounded, 2026-09-25)","VERIFIED (public topic pages; sample, not full account history)"
arihantpaintindustries,1,181000.0,570.0,48900.0,48900.0,48900.0,0.2701657458563536,0.2701657458563536,0.049644670050761425,0.07194615948735093,2026-01-24T13:53:52.833000+00:00,2026-01-24T13:53:52.833000+00:00,ai-home-design,brand_manufacturer,ai_generated,minimalist,exterior_facade,aspirational_realistic,hi,1.0,https://www.instagram.com/reel/DT5VSJ0E4cf/,https://www.instagram.com/arihantpaintindustries/,"VERIFIED (public embed page, rounded, 2026-09-25)","VERIFIED (public topic pages; sample, not full account history)"
mozhgan_arch,1,11000.0,61.0,48600.0,48600.0,48600.0,4.418181818181818,4.418181818181818,0.8991674375578168,1.8218021744058708,2025-02-16T17:32:50.584000+00:00,2025-02-16T17:32:50.584000+00:00,industrial-interior,designer_studio,3d_render,brutalist,other,aspirational_realistic,en,0.0,https://www.instagram.com/reel/DGJGeoftP3l/,https://www.instagram.com/mozhgan_arch/,"VERIFIED (public embed page, rounded, 2026-09-25)","VERIFIED (public topic pages; sample, not full account history)"
tacticallyprepped,1,71000.0,600.0,48500.0,48500.0,48500.0,0.6830985915492958,0.6830985915492958,0.09426627793974733,0.1540755160147451,2024-07-08T16:47:43.379000+00:00,2024-07-08T16:47:43.379000+00:00,inside-underground-bunker-house;underground-house,theme_page,real_footage,organic_modern,stairs_hall,real_existing,en,0.0,https://www.instagram.com/reel/C9K0DCdJ-ji/,https://www.instagram.com/tacticallyprepped/,"VERIFIED (public embed page, rounded, 2026-09-25)","VERIFIED (public topic pages; sample, not full account history)"
shelbychurch,1,210000.0,867.0,48300.0,48300.0,48300.0,0.23,0.23,0.19714285714285715,0.43683796024551597,2025-10-23T22:57:57.735000+00:00,2025-10-23T22:57:57.735000+00:00,los-angeles-house,real_estate,real_footage,modern_luxury,pool,real_existing,en,0.0,https://www.instagram.com/reel/DQK1nwHEj42/,https://www.instagram.com/shelbychurch/,"VERIFIED (public embed page, rounded, 2026-09-25)","VERIFIED (public topic pages; sample, not full account history)"
aluxuryinterior,1,2000.0,157.0,47800.0,47800.0,47800.0,23.9,23.9,0.03983333333333333,0.3768162164471271,2026-06-02T11:18:25.038000+00:00,2026-06-02T11:18:25.038000+00:00,luxury-interior-design,designer_studio,real_footage,modern_luxury,living_room,real_existing,en,0.0,https://www.instagram.com/reel/DZFOCYatqRT/,https://www.instagram.com/aluxuryinterior/,"VERIFIED (public embed page, rounded, 2026-09-25)","VERIFIED (public topic pages; sample, not full account history)"
lisahuhome,1,,,47600.0,47600.0,47600.0,,,2.3276283618581908,,2025-01-21T19:03:00.933000+00:00,2025-01-21T19:03:00.933000+00:00,scandinavian-interior-design,,,,,,,,https://www.instagram.com/reel/DFGUIU2Sgq8/,https://www.instagram.com/lisahuhome/,UNKNOWN,"VERIFIED (public topic pages; sample, not full account history)"
vifa.dekorasi,1,,,47600.0,47600.0,47600.0,,,2.5940054495912808,,2026-04-24T09:12:43.562000+00:00,2026-04-24T09:12:43.562000+00:00,japandi-serenity-bedroom-design-ideas,,,,,,,,https://www.instagram.com/reel/DXgkpqok11f/,https://www.instagram.com/vifa.dekorasi/,UNKNOWN,"VERIFIED (public topic pages; sample, not full account history)"
brutalistbrunch,1,41000.0,187.0,47600.0,47600.0,47600.0,1.1609756097560975,1.1609756097560975,0.802021903959562,0.3716112926223364,2026-09-15T16:40:20.376000+00:00,2026-09-15T16:40:20.376000+00:00,boutique-hotel,designer_studio,ai_generated,brutalist,exterior_facade,aspirational_realistic,en,1.0,https://www.instagram.com/reel/DdUKWFftz2B/,https://www.instagram.com/brutalistbrunch/,"VERIFIED (public embed page, rounded, 2026-09-25)","VERIFIED (public topic pages; sample, not full account history)"
decorworld_interiorsolution,1,96000.0,972.0,47300.0,47300.0,47300.0,0.49270833333333336,0.49270833333333336,0.11168831168831168,0.20456127646289193,2025-03-16T11:54:12.403000+00:00,2025-03-16T11:54:12.403000+00:00,dream-kitchen;luxury-kitchen-design,designer_studio,3d_render,modern_luxury,kitchen,aspirational_realistic,en,0.0,https://www.instagram.com/reel/DHQl-4tRCWP/,https://www.instagram.com/decorworld_interiorsolution/,"VERIFIED (public embed page, rounded, 2026-09-25)","VERIFIED (public topic pages; sample, not full account history)"
nestledstays,1,26000.0,154.0,47100.0,47100.0,47100.0,1.8115384615384615,1.8115384615384615,0.519580805295091,0.9033950857437004,2025-03-27T16:48:57.108000+00:00,2025-03-27T16:48:57.108000+00:00,lake-house,other,real_footage,minimalist,exterior_facade,real_existing,en,0.0,https://www.instagram.com/reel/DHtcdSdom-J/,https://www.instagram.com/nestledstays/,"VERIFIED (public embed page, rounded, 2026-09-25)","VERIFIED (public topic pages; sample, not full account history)"
newyorkcity4all,1,219000.0,3262.0,46500.0,46500.0,46500.0,0.21232876712328766,0.21232876712328766,0.27596439169139464,0.15783654829118882,2023-07-31T12:49:12.604000+00:00,2023-07-31T12:49:12.604000+00:00,best-rooftop-pools,media_publication,real_footage,other,pool,real_existing,en,0.0,https://www.instagram.com/reel/CvXMF_hsKuP/,https://www.instagram.com/newyorkcity4all/,"VERIFIED (public embed page, rounded, 2026-09-25)","VERIFIED (public topic pages; sample, not full account history)"
lifetime_interior_design,2,294000.0,3250.0,32550.0,46400.0,65100.0,0.11071428571428571,0.15782312925170067,0.13935142118863048,0.22839803053655125,2025-07-25T20:36:52.114000+00:00,2026-05-07T11:56:26.104000+00:00,luxury-living-room;luxury-living-room-design;luxury-real-estate-mansion-exterior,ai_creator,ai_generated,classical_luxury,exterior_facade,aspirational_realistic,en,1.0,https://www.instagram.com/reel/DMi17mcsosb/,https://www.instagram.com/lifetime_interior_design/,"VERIFIED (public embed page, rounded, 2026-09-25)","VERIFIED (public topic pages; sample, not full account history)"
columbine_cornwebb,1,43000.0,855.0,46300.0,46300.0,46300.0,1.0767441860465117,1.0767441860465117,0.03561538461538462,0.046708011103647556,2026-09-18T08:56:07.084000+00:00,2026-09-18T08:56:07.084000+00:00,mykonos,lifestyle_influencer,real_footage,other,none_person_only,real_existing,en,0.0,https://www.instagram.com/reel/DdbDmppovOA/,https://www.instagram.com/columbine_cornwebb/,"VERIFIED (public embed page, rounded, 2026-09-25)","VERIFIED (public topic pages; sample, not full account history)"
mariela.goldfarb,1,551000.0,1629.0,46100.0,46100.0,46100.0,0.08366606170598911,0.08366606170598911,0.44735565259582727,0.19547396206384463,2025-11-15T22:18:26.852000+00:00,2025-11-15T22:18:26.852000+00:00,green-minimalist-interior-design,designer_studio,real_footage,organic_modern,other,real_existing,es,0.0,https://www.instagram.com/reel/DRF_Ydlj9IG/,https://www.instagram.com/mariela.goldfarb/,"VERIFIED (public embed page, rounded, 2026-09-25)","VERIFIED (public topic pages; sample, not full account history)"
paigunna,1,466000.0,1928.0,45700.0,45700.0,45700.0,0.098068669527897,0.098068669527897,0.05143500281373101,0.13224647439698176,2025-09-08T06:58:25.963000+00:00,2025-09-08T06:58:25.963000+00:00,overwater-villa,lifestyle_influencer,real_footage,modern_luxury,exterior_facade,real_existing,en,0.0,https://www.instagram.com/reel/DOVQCkpEZOO/,https://www.instagram.com/paigunna/,"VERIFIED (public embed page, rounded, 2026-09-25)","VERIFIED (public topic pages; sample, not full account history)"
designopolis_,1,159000.0,312.0,45700.0,45700.0,45700.0,0.28742138364779873,0.28742138364779873,0.25819209039548024,0.35443897751572445,2026-01-04T14:30:06.774000+00:00,2026-01-04T14:30:06.774000+00:00,ai-generated-architecture-designs,media_publication,ai_generated,other,exterior_facade,aspirational_realistic,en,1.0,https://www.instagram.com/reel/DTF5iBuk774/,https://www.instagram.com/designopolis_/,"VERIFIED (public embed page, rounded, 2026-09-25)","VERIFIED (public topic pages; sample, not full account history)"
tatlondono,1,363000.0,3657.0,45400.0,45400.0,45400.0,0.12506887052341598,0.12506887052341598,0.40974729241877256,0.09615111013933234,2026-04-13T22:32:03.621000+00:00,2026-04-13T22:32:03.621000+00:00,real-estate,real_estate,real_footage,modern_luxury,none_person_only,real_existing,en,0.0,https://www.instagram.com/reel/DXFrYimDR_z/,https://www.instagram.com/tatlondono/,"VERIFIED (public embed page, rounded, 2026-09-25)","VERIFIED (public topic pages; sample, not full account history)"
themillionaires_mindset,2,855000.0,4573.0,39700.0,45200.0,79400.0,0.0464327485380117,0.05286549707602339,0.4988006052330516,0.15355861760910466,2025-01-28T17:38:22.484000+00:00,2025-05-24T19:56:33.272000+00:00,future-house;mansion-tour,theme_page,3d_render,modern_luxury,exterior_facade,aspirational_realistic,en,0.0,https://www.instagram.com/reel/DKDICFPtiiH/,https://www.instagram.com/themillionaires_mindset/,"VERIFIED (public embed page, rounded, 2026-09-25)","VERIFIED (public topic pages; sample, not full account history)"
esoarch,1,152000.0,536.0,44900.0,44900.0,44900.0,0.29539473684210527,0.29539473684210527,0.2536723163841808,0.355644976204427,2025-11-01T09:59:14.980000+00:00,2025-11-01T09:59:14.980000+00:00,ai-generated-architecture-designs;midjourney-architecture,ai_creator,ai_generated,futuristic,exterior_facade,stylized_dreamy,en,1.0,https://www.instagram.com/reel/DQgnqKljDY9/,https://www.instagram.com/esoarch/,"VERIFIED (public embed page, rounded, 2026-09-25)","VERIFIED (public topic pages; sample, not full account history)"
vitrinedamorati,1,29000.0,74.0,44800.0,44800.0,44800.0,1.5448275862068965,1.5448275862068965,1.1636363636363636,1.3281311854534503,2026-02-19T01:49:24.468000+00:00,2026-02-19T01:49:24.468000+00:00,industrial-chic-interior-design,other,unclear,other,other,real_existing,pt,0.0,https://www.instagram.com/reel/DU6_CtNiWrC/,https://www.instagram.com/vitrinedamorati/,"VERIFIED (public embed page, rounded, 2026-09-25)","VERIFIED (public topic pages; sample, not full account history)"
luxuife,1,43000.0,615.0,44800.0,44800.0,44800.0,1.041860465116279,1.041860465116279,0.1411023622047244,0.21496088057325266,2026-05-03T15:19:50.227000+00:00,2026-05-03T15:19:50.227000+00:00,luxury-life,theme_page,real_footage,dark_luxury,other,real_existing,en,0.0,https://www.instagram.com/reel/DX4Z0V9IDGC/,https://www.instagram.com/luxuife/,"VERIFIED (public embed page, rounded, 2026-09-25)","VERIFIED (public topic pages; sample, not full account history)"
maldivesluxury_escape,1,7000.0,433.0,44600.0,44600.0,44600.0,6.371428571428571,6.371428571428571,0.18391752577319587,0.35015516315551704,2026-03-23T13:28:11.699000+00:00,2026-03-23T13:28:11.699000+00:00,maldives-resort,other,real_footage,tropical,pool,real_existing,en,0.0,https://www.instagram.com/reel/DWOocxtEhfS/,https://www.instagram.com/maldivesluxury_escape/,"VERIFIED (public embed page, rounded, 2026-09-25)","VERIFIED (public topic pages; sample, not full account history)"
ayesha_realtor1122,1,71000.0,606.0,44600.0,44600.0,44600.0,0.6281690140845071,0.6281690140845071,0.13981191222570533,0.09393329565687762,2026-03-28T17:50:14.435000+00:00,2026-03-28T17:50:14.435000+00:00,dubai-villa,real_estate,real_footage,modern_luxury,dining,real_existing,en,0.0,https://www.instagram.com/reel/DWb-ablDN5l/,https://www.instagram.com/ayesha_realtor1122/,"VERIFIED (public embed page, rounded, 2026-09-25)","VERIFIED (public topic pages; sample, not full account history)"
katevera.creative,1,65000.0,692.0,44600.0,44600.0,44600.0,0.6861538461538461,0.6861538461538461,0.02593777260831637,0.20951939188298904,2025-05-06T09:50:05.743000+00:00,2025-05-06T09:50:05.743000+00:00,ai-interior-design,ai_creator,ai_generated,organic_modern,living_room,aspirational_realistic,en,1.0,https://www.instagram.com/reel/DJTsUfrMQgB/,https://www.instagram.com/katevera.creative/,"VERIFIED (public embed page, rounded, 2026-09-25)","VERIFIED (public topic pages; sample, not full account history)"
alpine_manor,1,467000.0,5406.0,44500.0,44500.0,44500.0,0.09528907922912205,0.09528907922912205,0.9378292939936775,0.2329584837449281,2024-09-06T00:34:58.442000+00:00,2024-09-06T00:34:58.442000+00:00,desert-modern-house-tours,theme_page,real_footage,modern_luxury,exterior_facade,real_existing,en,0.0,https://www.instagram.com/reel/C_jka6Ys7AT/,https://www.instagram.com/alpine_manor/,"VERIFIED (public embed page, rounded, 2026-09-25)","VERIFIED (public topic pages; sample, not full account history)"
baltik_barn,1,73000.0,131.0,44300.0,44300.0,44300.0,0.6068493150684932,0.6068493150684932,0.20182232346241458,0.3908143033155919,2026-04-15T20:42:15.617000+00:00,2026-04-15T20:42:15.617000+00:00,container-home-luxury-models-2026,contractor_trade,unclear,industrial,exterior_facade,aspirational_realistic,ru,0.0,https://www.instagram.com/reel/DXKoaF0DenR/,https://www.instagram.com/baltik_barn/,"VERIFIED (public embed page, rounded, 2026-09-25)","VERIFIED (public topic pages; sample, not full account history)"
myauraview,1,160000.0,384.0,44200.0,44200.0,44200.0,0.27625,0.27625,0.07836879432624114,0.056192804350426916,2026-06-01T09:52:38.909000+00:00,2026-06-01T09:52:38.909000+00:00,quiet-luxury,lifestyle_influencer,real_footage,classical_luxury,living_room,real_existing,en,0.0,https://www.instagram.com/reel/DZCfbUSA3au/,https://www.instagram.com/myauraview/,"VERIFIED (public embed page, rounded, 2026-09-25)","VERIFIED (public topic pages; sample, not full account history)"
livinglesh,1,110000.0,1844.0,44000.0,44000.0,44000.0,0.4,0.4,0.7413647851727043,0.21650954815714166,2026-09-23T00:45:05.074000+00:00,2026-09-23T00:45:05.074000+00:00,boutique-hotel,lifestyle_influencer,real_footage,traditional_regional,exterior_facade,real_existing,en,0.0,https://www.instagram.com/reel/DdnDYlsuwQP/,https://www.instagram.com/livinglesh/,"VERIFIED (public embed page, rounded, 2026-09-25)","VERIFIED (public topic pages; sample, not full account history)"
nelsongonzalezmiami,1,29000.0,1030.0,43900.0,43900.0,43900.0,1.513793103448276,1.513793103448276,0.8977505112474438,1.362828625596957,2025-08-14T22:44:36.992000+00:00,2025-08-14T22:44:36.992000+00:00,miami-mansion,real_estate,real_footage,modern_luxury,exterior_facade,real_existing,en,0.0,https://www.instagram.com/reel/DNWkcwTuIyz/,https://www.instagram.com/nelsongonzalezmiami/,"VERIFIED (public embed page, rounded, 2026-09-25)","VERIFIED (public topic pages; sample, not full account history)"
dwell.scape,1,3608.0,200.0,43900.0,43900.0,43900.0,12.167405764966741,12.167405764966741,0.8197945845004668,4.3981174714923394,2025-07-23T15:25:24.771000+00:00,2025-07-23T15:25:24.771000+00:00,future-houses-2050,theme_page,ai_generated,traditional_regional,exterior_facade,stylized_dreamy,en,1.0,https://www.instagram.com/reel/DMdIsrlNHpw/,https://www.instagram.com/dwell.scape/,"VERIFIED (public embed page, rounded, 2026-09-25)","VERIFIED (public topic pages; sample, not full account history)"
visitors_saudi,1,20000.0,1413.0,43800.0,43800.0,43800.0,2.19,2.19,0.11618037135278515,0.30424288317950526,2025-05-17T07:57:31.674000+00:00,2025-05-17T07:57:31.674000+00:00,saudi-arabia-architecture,theme_page,real_footage,futuristic,exterior_facade,real_existing,en,0.0,https://www.instagram.com/reel/DJv0Lpgs8CW/,https://www.instagram.com/visitors_saudi/,"VERIFIED (public embed page, rounded, 2026-09-25)","VERIFIED (public topic pages; sample, not full account history)"
malik_the_realtor,1,61000.0,7670.0,43700.0,43700.0,43700.0,0.7163934426229508,0.7163934426229508,0.1447019867549669,0.18166587083155802,2025-12-31T19:55:27.313000+00:00,2025-12-31T19:55:27.313000+00:00,luxury-master-bedroom,real_estate,real_footage,modern_luxury,living_room,real_existing,en,0.0,https://www.instagram.com/reel/DS8LlZ8CB_D/,https://www.instagram.com/malik_the_realtor/,"VERIFIED (public embed page, rounded, 2026-09-25)","VERIFIED (public topic pages; sample, not full account history)"
amnova_2,1,706.0,11.0,43500.0,43500.0,43500.0,61.61473087818697,61.61473087818697,1.0820895522388059,8.3695918322525,2026-09-02T16:51:59.220000+00:00,2026-09-02T16:51:59.220000+00:00,desert-house,ai_creator,ai_generated,other,other,aspirational_realistic,en,1.0,https://www.instagram.com/reel/DcytWBNhaAx/,https://www.instagram.com/amnova_2/,"VERIFIED (public embed page, rounded, 2026-09-25)","VERIFIED (public topic pages; sample, not full account history)"
billandbryanteam,1,14000.0,1857.0,43400.0,43400.0,43400.0,3.1,3.1,0.8875255623721882,1.894016985174034,2026-02-13T21:53:57.439000+00:00,2026-02-13T21:53:57.439000+00:00,miami-mansion,real_estate,real_footage,modern_luxury,exterior_facade,real_existing,en,0.0,https://www.instagram.com/reel/DUtsH1zEjDG/,https://www.instagram.com/billandbryanteam/,"VERIFIED (public embed page, rounded, 2026-09-25)","VERIFIED (public topic pages; sample, not full account history)"
warntv,1,32000.0,59.0,43100.0,43100.0,43100.0,1.346875,1.346875,0.7065573770491803,1.7156677854946467,2026-05-25T18:55:33.987000+00:00,2026-05-25T18:55:33.987000+00:00,aspen,other,real_footage,other,none_person_only,real_existing,en,0.0,https://www.instagram.com/reel/DYxb_pFJ6D5/,https://www.instagram.com/warntv/,"VERIFIED (public embed page, rounded, 2026-09-25)","VERIFIED (public topic pages; sample, not full account history)"
vizcept,1,28000.0,83.0,42200.0,42200.0,42200.0,1.5071428571428571,1.5071428571428571,1.1514324693042293,0.9290145801884105,2025-04-08T21:15:36.492000+00:00,2025-04-08T21:15:36.492000+00:00,santorini-villa,ai_creator,ai_generated,mediterranean,exterior_facade,stylized_dreamy,en,1.0,https://www.instagram.com/reel/DIM0g1puwsZ/,https://www.instagram.com/vizcept/,"VERIFIED (public embed page, rounded, 2026-09-25)","VERIFIED (public topic pages; sample, not full account history)"
crownscape_official,1,3000.0,257.0,42000.0,42000.0,42000.0,14.0,14.0,0.22459893048128343,2.473924763537443,2026-05-08T14:52:42.972000+00:00,2026-05-08T14:52:42.972000+00:00,waterfall-house,ai_creator,ai_generated,rustic_cozy,exterior_facade,fantasy_impossible,en,1.0,https://www.instagram.com/reel/DYFOsFBtepH/,https://www.instagram.com/crownscape_official/,"VERIFIED (public embed page, rounded, 2026-09-25)","VERIFIED (public topic pages; sample, not full account history)"
shilanyas_architects,1,2000.0,222.0,41800.0,41800.0,41800.0,20.9,20.9,1.9429208887236218,3.9177678594348206,2022-03-31T06:39:54.574000+00:00,2022-03-31T06:39:54.574000+00:00,hotel-room-interior-design-ideas;hotel-suite-design-ideas,designer_studio,real_footage,classical_luxury,stairs_hall,real_existing,en,0.0,https://www.instagram.com/reel/CbwitB6qwxt/,https://www.instagram.com/shilanyas_architects/,"VERIFIED (public embed page, rounded, 2026-09-25)","VERIFIED (public topic pages; sample, not full account history)"
little_dreamy_mist,2,8000.0,86.0,25900.0,41500.0,51800.0,3.2375,5.1875,0.07392661102338521,0.2602991209657961,2026-09-02T20:27:14.181000+00:00,2026-09-04T20:09:00.031000+00:00,ai-cozy-cabin;cozy-bedroom-ideas;cozy-cabin-in-the-snow,ai_creator,ai_generated,rustic_cozy,bedroom,stylized_dreamy,en,1.0,https://www.instagram.com/reel/Dc4NevTCuAr/,https://www.instagram.com/little_dreamy_mist/,"VERIFIED (public embed page, rounded, 2026-09-25)","VERIFIED (public topic pages; sample, not full account history)"
nkey.architects,1,271000.0,3138.0,41400.0,41400.0,41400.0,0.15276752767527677,0.15276752767527677,0.10097560975609757,0.07739740381415657,2025-04-04T17:35:34.280000+00:00,2025-04-04T17:35:34.280000+00:00,dubai-luxury-interior-design-trends,designer_studio,3d_render,modern_luxury,stairs_hall,aspirational_realistic,en,0.0,https://www.instagram.com/reel/DICIJvXodZ5/,https://www.instagram.com/nkey.architects/,"VERIFIED (public embed page, rounded, 2026-09-25)","VERIFIED (public topic pages; sample, not full account history)"
mccleandesign,2,332000.0,3289.0,32250.0,41400.0,64500.0,0.09713855421686747,0.1246987951807229,0.12324579831932772,0.17274443549149107,2025-07-30T17:08:12.974000+00:00,2025-08-01T16:55:58.591000+00:00,beverly-hills-mansion;los-angeles-house,designer_studio,real_footage,modern_luxury,exterior_facade,real_existing,en,0.0,https://www.instagram.com/reel/DMvWBwqpBgt/,https://www.instagram.com/mccleandesign/,"VERIFIED (public embed page, rounded, 2026-09-25)","VERIFIED (public topic pages; sample, not full account history)"
casaardolino,1,202000.0,386.0,41200.0,41200.0,41200.0,0.20396039603960395,0.20396039603960395,0.24744744744744746,0.2181553797670837,2026-03-12T19:17:07.013000+00:00,2026-03-12T19:17:07.013000+00:00,dark-academia-home-library,lifestyle_influencer,real_footage,dark_luxury,living_room,real_existing,en,0.0,https://www.instagram.com/reel/DVy7ou2DAVU/,https://www.instagram.com/casaardolino/,"VERIFIED (public embed page, rounded, 2026-09-25)","VERIFIED (public topic pages; sample, not full account history)"
aman.shai.xox,1,86000.0,1271.0,40500.0,40500.0,40500.0,0.47093023255813954,0.47093023255813954,1.1218836565096952,0.5940473458240964,2023-10-16T14:12:10.827000+00:00,2023-10-16T14:12:10.827000+00:00,como-lake-villas,lifestyle_influencer,real_footage,classical_luxury,terrace_outdoor,real_existing,en,0.0,https://www.instagram.com/reel/CydmzD5LPHX/,https://www.instagram.com/aman.shai.xox/,"VERIFIED (public embed page, rounded, 2026-09-25)","VERIFIED (public topic pages; sample, not full account history)"
container_home_designs,1,612000.0,894.0,40500.0,40500.0,40500.0,0.0661764705882353,0.0661764705882353,1.007462686567164,0.3293149083267964,2026-03-30T21:01:36.263000+00:00,2026-03-30T21:01:36.263000+00:00,desert-house,theme_page,unclear,other,other,aspirational_realistic,en,0.0,https://www.instagram.com/reel/DWhd5xXDRJi/,https://www.instagram.com/container_home_designs/,"VERIFIED (public embed page, rounded, 2026-09-25)","VERIFIED (public topic pages; sample, not full account history)"
zayns.visual,1,1000.0,42.0,40400.0,40400.0,40400.0,40.4,40.4,1.0716180371352786,4.789507196203555,2026-08-31T12:49:54.695000+00:00,2026-08-31T12:49:54.695000+00:00,ai-house,ai_creator,ai_generated,other,other,fantasy_impossible,en,1.0,https://www.instagram.com/reel/DctIDQXTpdo/,https://www.instagram.com/zayns.visual/,"VERIFIED (public embed page, rounded, 2026-09-25)","VERIFIED (public topic pages; sample, not full account history)"
than.beb,1,90000.0,585.0,39900.0,39900.0,39900.0,0.44333333333333336,0.44333333333333336,0.9925373134328358,0.795221825268592,2026-07-04T01:41:51.547000+00:00,2026-07-04T01:41:51.547000+00:00,desert-house,theme_page,ai_generated,traditional_regional,exterior_facade,aspirational_realistic,en,1.0,https://www.instagram.com/reel/DaWlfixPkeX/,https://www.instagram.com/than.beb/,"VERIFIED (public embed page, rounded, 2026-09-25)","VERIFIED (public topic pages; sample, not full account history)"
hiking.croatia,1,92000.0,1096.0,39800.0,39800.0,39800.0,0.4326086956521739,0.4326086956521739,0.19509803921568628,0.1627489019466636,2024-10-27T15:42:07.382000+00:00,2024-10-27T15:42:07.382000+00:00,mountain-house,theme_page,real_footage,traditional_regional,exterior_facade,real_existing,en,0.0,https://www.instagram.com/reel/DBogxsesaDz/,https://www.instagram.com/hiking.croatia/,"VERIFIED (public embed page, rounded, 2026-09-25)","VERIFIED (public topic pages; sample, not full account history)"
eng.osamaabbad.id,1,6000.0,84.0,39700.0,39700.0,39700.0,6.616666666666666,6.616666666666666,0.9814585908529048,1.1266630154053032,2026-06-13T17:02:44.365000+00:00,2026-06-13T17:02:44.365000+00:00,modern-mediterranean-houses,designer_studio,ai_generated,modern_luxury,pool,aspirational_realistic,ar,1.0,https://www.instagram.com/reel/DZiKL5aMLRq/,https://www.instagram.com/eng.osamaabbad.id/,"VERIFIED (public embed page, rounded, 2026-09-25)","VERIFIED (public topic pages; sample, not full account history)"
thecasaserrano,1,64000.0,117.0,39600.0,39600.0,39600.0,0.61875,0.61875,1.0285714285714285,0.8107249575671838,2024-06-14T17:21:20.520000+00:00,2024-06-14T17:21:20.520000+00:00,industrial-chic-interior-design,theme_page,unclear,industrial,living_room,aspirational_realistic,en,0.0,https://www.instagram.com/reel/C8NE0RXvAbF/,https://www.instagram.com/thecasaserrano/,"VERIFIED (public embed page, rounded, 2026-09-25)","VERIFIED (public topic pages; sample, not full account history)"
nest.italy,1,336000.0,2249.0,39500.0,39500.0,39500.0,0.11755952380952381,0.11755952380952381,0.7640232108317214,0.31637443531059306,2025-04-06T09:35:07.867000+00:00,2025-04-06T09:35:07.867000+00:00,luxury-homes-on-the-amalfi-coast,other,real_footage,mediterranean,terrace_outdoor,real_existing,en,0.0,https://www.instagram.com/reel/DIGawpBMNcs/,https://www.instagram.com/nest.italy/,"VERIFIED (public embed page, rounded, 2026-09-25)","VERIFIED (public topic pages; sample, not full account history)"
successvisi0n,1,55000.0,686.0,39500.0,39500.0,39500.0,0.7181818181818181,0.7181818181818181,1.0,0.8990108307258786,2025-03-24T04:20:40.733000+00:00,2025-03-24T04:20:40.733000+00:00,future-house,theme_page,ai_generated,dark_luxury,exterior_facade,aspirational_realistic,en,1.0,https://www.instagram.com/reel/DHkYcJiCGUf/,https://www.instagram.com/successvisi0n/,"VERIFIED (public embed page, rounded, 2026-09-25)","VERIFIED (public topic pages; sample, not full account history)"
ceosayavethinteriors_and_hotel,1,569000.0,12910.0,39400.0,39400.0,39400.0,0.06924428822495607,0.06924428822495607,0.41937200638637573,0.22565564716651967,2026-08-05T13:00:06.871000+00:00,2026-08-05T13:00:06.871000+00:00,luxury-hotel-suite,designer_studio,real_footage,modern_luxury,hotel_room,real_existing,en,0.0,https://www.instagram.com/reel/DbqMjO_MX5s/,https://www.instagram.com/ceosayavethinteriors_and_hotel/,"VERIFIED (public embed page, rounded, 2026-09-25)","VERIFIED (public topic pages; sample, not full account history)"
jumimedia,1,2000.0,88.0,39300.0,39300.0,39300.0,19.65,19.65,0.23532934131736527,3.2299595569772737,2025-12-23T14:00:33.747000+00:00,2025-12-23T14:00:33.747000+00:00,arctic-treehouse-hotel-rovaniemi,other,real_footage,scandinavian,hotel_room,real_existing,en,0.0,https://www.instagram.com/reel/DSm8nF9CDwZ/,https://www.instagram.com/jumimedia/,"VERIFIED (public embed page, rounded, 2026-09-25)","VERIFIED (public topic pages; sample, not full account history)"
chandigarh_luxury_house,1,112000.0,608.0,38400.0,38400.0,38400.0,0.34285714285714286,0.34285714285714286,0.1103448275862069,0.07324396605617754,2026-02-25T15:57:55.786000+00:00,2026-02-25T15:57:55.786000+00:00,luxury-bedroom-design,real_estate,real_footage,modern_luxury,bedroom,real_existing,en,0.0,https://www.instagram.com/reel/DVL86t4kbwN/,https://www.instagram.com/chandigarh_luxury_house/,"VERIFIED (public embed page, rounded, 2026-09-25)","VERIFIED (public topic pages; sample, not full account history)"
hiddenpinescabins,1,46000.0,246.0,38300.0,38300.0,38300.0,0.8326086956521739,0.8326086956521739,0.08272138228941685,0.8532331826694245,2025-11-04T16:54:48.018000+00:00,2025-11-04T16:54:48.018000+00:00,luxury-cabin,other,real_footage,minimalist,terrace_outdoor,real_existing,en,0.0,https://www.instagram.com/reel/DQpFmX8jglz/,https://www.instagram.com/hiddenpinescabins/,"VERIFIED (public embed page, rounded, 2026-09-25)","VERIFIED (public topic pages; sample, not full account history)"
sawsanhaber,1,87000.0,2294.0,38000.0,38000.0,38000.0,0.4367816091954023,0.4367816091954023,0.09268292682926829,0.12086290696340513,2026-05-31T17:12:46.368000+00:00,2026-05-31T17:12:46.368000+00:00,dubai-luxury-interior-design-trends,designer_studio,real_footage,warm_luxury,other,real_existing,en,0.0,https://www.instagram.com/reel/DZAtAAjqcCy/,https://www.instagram.com/sawsanhaber/,"VERIFIED (public embed page, rounded, 2026-09-25)","VERIFIED (public topic pages; sample, not full account history)"
anthonylopez.rd,1,6000.0,49.0,37700.0,37700.0,37700.0,6.283333333333333,6.283333333333333,0.24592302674494454,0.394102369751237,2026-01-19T22:26:29.285000+00:00,2026-01-19T22:26:29.285000+00:00,beach-house,real_estate,real_footage,modern_luxury,exterior_facade,real_existing,en,0.0,https://www.instagram.com/reel/DTtX-OmDsb1/,https://www.instagram.com/anthonylopez.rd/,"VERIFIED (public embed page, rounded, 2026-09-25)","VERIFIED (public topic pages; sample, not full account history)"
earth_esence,2,11000.0,43.0,34300.0,37600.0,68600.0,3.118181818181818,3.418181818181818,0.3846096929337773,0.5721572420242075,2024-08-29T05:54:08.825000+00:00,2024-10-11T23:50:29.605000+00:00,glass-house;glass-house-photos;mountain-house,ai_creator,ai_generated,modern_luxury,living_room,stylized_dreamy,en,1.0,https://www.instagram.com/reel/C_PilmwCrEP/,https://www.instagram.com/earth_esence/,"VERIFIED (public embed page, rounded, 2026-09-25)","VERIFIED (public topic pages; sample, not full account history)"
bazaa.interiors,1,71000.0,798.0,37400.0,37400.0,37400.0,0.5267605633802817,0.5267605633802817,0.9714285714285714,0.7294022439092714,2026-05-20T06:54:37.628000+00:00,2026-05-20T06:54:37.628000+00:00,industrial-chic-interior-design,theme_page,real_footage,industrial,living_room,real_existing,en,0.0,https://www.instagram.com/reel/DYjRg8xqBsK/,https://www.instagram.com/bazaa.interiors/,"VERIFIED (public embed page, rounded, 2026-09-25)","VERIFIED (public topic pages; sample, not full account history)"
suns.lifestyle,1,87000.0,1242.0,37400.0,37400.0,37400.0,0.4298850574712644,0.4298850574712644,0.04895287958115183,0.04322918074010285,2025-10-15T11:07:35.522000+00:00,2025-10-15T11:07:35.522000+00:00,outdoor-kitchen,brand_manufacturer,real_footage,modern_luxury,kitchen,real_existing,en,0.0,https://www.instagram.com/reel/DP0992EiL4L/,https://www.instagram.com/suns.lifestyle/,"VERIFIED (public embed page, rounded, 2026-09-25)","VERIFIED (public topic pages; sample, not full account history)"
breakbali,1,11000.0,40.0,37100.0,37100.0,37100.0,3.3727272727272726,3.3727272727272726,0.22901234567901235,0.3714461555590283,2026-08-11T07:00:36.492000+00:00,2026-08-11T07:00:36.492000+00:00,bali-villa,real_estate,real_footage,tropical,exterior_facade,real_existing,en,0.0,https://www.instagram.com/reel/Db5ALYZhil_/,https://www.instagram.com/breakbali/,"VERIFIED (public embed page, rounded, 2026-09-25)","VERIFIED (public topic pages; sample, not full account history)"
edlyngnzlv,1,83000.0,1079.0,37000.0,37000.0,37000.0,0.4457831325301205,0.4457831325301205,0.18781725888324874,0.23981202347285543,2026-05-20T12:27:54.890000+00:00,2026-05-20T12:27:54.890000+00:00,house-tour,lifestyle_influencer,real_footage,minimalist,exterior_facade,real_existing,en,0.0,https://www.instagram.com/reel/DYj3qBYz4b5/,https://www.instagram.com/edlyngnzlv/,"VERIFIED (public embed page, rounded, 2026-09-25)","VERIFIED (public topic pages; sample, not full account history)"
beautyofinteriors,1,404000.0,3432.0,36600.0,36600.0,36600.0,0.09059405940594059,0.09059405940594059,0.14495049504950494,0.09038933666229448,2025-12-10T21:05:08.254000+00:00,2025-12-10T21:05:08.254000+00:00,luxury-apartment-interior-design-ideas-2026;luxury-interior;modern-luxury-house-interiors,theme_page,3d_render,modern_luxury,stairs_hall,aspirational_realistic,en,0.0,https://www.instagram.com/reel/DSGO3Zij8ko/,https://www.instagram.com/beautyofinteriors/,"VERIFIED (public embed page, rounded, 2026-09-25)","VERIFIED (public topic pages; sample, not full account history)"
arquitetodebolso,1,1000000.0,2148.0,36400.0,36400.0,36400.0,0.0364,0.0364,0.9454545454545454,0.20603350288877612,2025-03-16T13:20:40.108000+00:00,2025-03-16T13:20:40.108000+00:00,industrial-chic-interior-design,media_publication,ai_generated,industrial,living_room,aspirational_realistic,pt,1.0,https://www.instagram.com/reel/DHQv4JpvS4-/,https://www.instagram.com/arquitetodebolso/,"VERIFIED (public embed page, rounded, 2026-09-25)","VERIFIED (public topic pages; sample, not full account history)"
black_diamond_tirana,1,15000.0,110.0,36400.0,36400.0,36400.0,2.4266666666666667,2.4266666666666667,0.3874401277275146,1.1416928113000986,2025-05-29T12:02:11.303000+00:00,2025-05-29T12:02:11.303000+00:00,luxury-hotel-suite,other,real_footage,modern_luxury,hotel_room,real_existing,en,0.0,https://www.instagram.com/reel/DKPJuGHI4D3/,https://www.instagram.com/black_diamond_tirana/,"VERIFIED (public embed page, rounded, 2026-09-25)","VERIFIED (public topic pages; sample, not full account history)"
mr.vilensky,1,29000.0,4543.0,36400.0,36400.0,36400.0,1.2551724137931035,1.2551724137931035,0.7671232876712328,0.6990174994202085,2024-10-18T16:22:12.332000+00:00,2024-10-18T16:22:12.332000+00:00,desert-modern-house-tours,real_estate,real_footage,modern_luxury,dining,real_existing,en,0.0,https://www.instagram.com/reel/DBRaNZJuIHX/,https://www.instagram.com/mr.vilensky/,"VERIFIED (public embed page, rounded, 2026-09-25)","VERIFIED (public topic pages; sample, not full account history)"
cypressbuildingsolution,1,133000.0,434.0,36200.0,36200.0,36200.0,0.2721804511278195,0.2721804511278195,1.73621103117506,0.679026683459328,2025-01-18T15:49:48.782000+00:00,2025-01-18T15:49:48.782000+00:00,rooftop-terrace,contractor_trade,real_footage,tropical,terrace_outdoor,real_existing,en,0.0,https://www.instagram.com/reel/DE-PopKyDGL/,https://www.instagram.com/cypressbuildingsolution/,"VERIFIED (public embed page, rounded, 2026-09-25)","VERIFIED (public topic pages; sample, not full account history)"
alexandratravellover,1,172000.0,1306.0,36100.0,36100.0,36100.0,0.20988372093023255,0.20988372093023255,1.0,0.3828983185712683,2025-08-23T11:11:21.381000+00:00,2025-08-23T11:11:21.381000+00:00,como-lake-villas;lake-como-villa,lifestyle_influencer,real_footage,classical_luxury,garden_landscape,real_existing,en,0.0,https://www.instagram.com/reel/DNsgRCmUIAX/,https://www.instagram.com/alexandratravellover/,"VERIFIED (public embed page, rounded, 2026-09-25)","VERIFIED (public topic pages; sample, not full account history)"
bespokehomecinemas,1,17000.0,673.0,35900.0,35900.0,35900.0,2.111764705882353,2.111764705882353,0.4140715109573241,0.40329597114022486,2024-11-19T16:27:45.113000+00:00,2024-11-19T16:27:45.113000+00:00,home-theater,contractor_trade,real_footage,dark_luxury,home_theater,real_existing,en,0.0,https://www.instagram.com/reel/DCj0SBAMUhU/,https://www.instagram.com/bespokehomecinemas/,"VERIFIED (public embed page, rounded, 2026-09-25)","VERIFIED (public topic pages; sample, not full account history)"
cozy.nook10,1,21000.0,491.0,35800.0,35800.0,35800.0,1.7047619047619047,1.7047619047619047,0.19616438356164384,0.5385999518974676,2025-12-14T17:02:41.147000+00:00,2025-12-14T17:02:41.147000+00:00,future-home,theme_page,ai_generated,scandinavian,living_room,stylized_dreamy,en,1.0,https://www.instagram.com/reel/DSQGTIRCAz6/,https://www.instagram.com/cozy.nook10/,"VERIFIED (public embed page, rounded, 2026-09-25)","VERIFIED (public topic pages; sample, not full account history)"
dubailuxuryvibes,1,123000.0,2195.0,35800.0,35800.0,35800.0,0.2910569105691057,0.2910569105691057,0.1028735632183908,0.3127666638926922,2021-11-29T14:17:08.606000+00:00,2021-11-29T14:17:08.606000+00:00,luxury-bedroom,theme_page,real_footage,modern_luxury,bedroom,real_existing,en,0.0,https://www.instagram.com/reel/CW3ODKSq4ZK/,https://www.instagram.com/dubailuxuryvibes/,"VERIFIED (public embed page, rounded, 2026-09-25)","VERIFIED (public topic pages; sample, not full account history)"
bellavita.italia,1,134000.0,347.0,35700.0,35700.0,35700.0,0.2664179104477612,0.2664179104477612,0.690522243713733,0.43953340104481636,2021-10-27T17:00:17.492000+00:00,2021-10-27T17:00:17.492000+00:00,luxury-homes-on-the-amalfi-coast,theme_page,real_footage,mediterranean,garden_landscape,real_existing,en,0.0,https://www.instagram.com/reel/CViifN9lJHD/,https://www.instagram.com/bellavita.italia/,"VERIFIED (public embed page, rounded, 2026-09-25)","VERIFIED (public topic pages; sample, not full account history)"
mi.mi.okinawa,1,23000.0,580.0,35700.0,35700.0,35700.0,1.5521739130434782,1.5521739130434782,18.449612403100776,7.61285802165774,2026-03-09T02:02:01.860000+00:00,2026-03-09T02:02:01.860000+00:00,glass-house-in-forest,lifestyle_influencer,real_footage,other,other,real_existing,other,0.0,https://www.instagram.com/reel/DVpWy6Vjx4x/,https://www.instagram.com/mi.mi.okinawa/,"VERIFIED (public embed page, rounded, 2026-09-25)","VERIFIED (public topic pages; sample, not full account history)"
enrriquesdesign,1,174000.0,1705.0,35500.0,35500.0,35500.0,0.20402298850574713,0.20402298850574713,0.16359447004608296,0.23150840376780257,2026-02-19T22:26:30.496000+00:00,2026-02-19T22:26:30.496000+00:00,ai-render,designer_studio,ai_generated,organic_modern,bedroom,aspirational_realistic,pt,1.0,https://www.instagram.com/reel/DU9MngDji8m/,https://www.instagram.com/enrriquesdesign/,"VERIFIED (public embed page, rounded, 2026-09-25)","VERIFIED (public topic pages; sample, not full account history)"
bae.interiors,1,8000.0,1270.0,35000.0,35000.0,35000.0,4.375,4.375,0.13861386138613863,0.5411560323847862,2025-04-28T09:15:33.326000+00:00,2025-04-28T09:15:33.326000+00:00,luxury-apartment-interior-design-ideas-2026,designer_studio,real_footage,modern_luxury,living_room,real_existing,en,0.0,https://www.instagram.com/reel/DI_CAg6too4/,https://www.instagram.com/bae.interiors/,"VERIFIED (public embed page, rounded, 2026-09-25)","VERIFIED (public topic pages; sample, not full account history)"
ai_dream_life_1,1,5000.0,96.0,35000.0,35000.0,35000.0,7.0,7.0,0.9283819628647215,1.954671430601497,2026-08-24T14:58:07.631000+00:00,2026-08-24T14:58:07.631000+00:00,ai-house,ai_creator,ai_generated,glam_feminine,bedroom,fantasy_impossible,en,1.0,https://www.instagram.com/reel/DcbVKNbMlwB/,https://www.instagram.com/ai_dream_life_1/,"VERIFIED (public embed page, rounded, 2026-09-25)","VERIFIED (public topic pages; sample, not full account history)"
_brooklyn_22,1,186000.0,2477.0,34900.0,34900.0,34900.0,0.18763440860215053,0.18763440860215053,0.049293785310734466,0.09805558639579082,2023-03-14T15:31:40.589000+00:00,2023-03-14T15:31:40.589000+00:00,dream-closet,lifestyle_influencer,real_footage,glam_feminine,closet,real_existing,en,0.0,https://www.instagram.com/reel/CpxkMTqA93t/,https://www.instagram.com/_brooklyn_22/,"VERIFIED (public embed page, rounded, 2026-09-25)","VERIFIED (public topic pages; sample, not full account history)"
ringchen.aesthetics.gallery,1,20000.0,170.0,34800.0,34800.0,34800.0,1.74,1.74,0.4458680333119795,0.745357049472444,2026-01-24T14:14:02.579000+00:00,2026-01-24T14:14:02.579000+00:00,luxury-furniture,brand_manufacturer,real_footage,organic_modern,living_room,real_existing,en,0.0,https://www.instagram.com/reel/DT5Xl09CEML/,https://www.instagram.com/ringchen.aesthetics.gallery/,"VERIFIED (public embed page, rounded, 2026-09-25)","VERIFIED (public topic pages; sample, not full account history)"
wabisabiqiaozhuo,1,125000.0,1444.0,34600.0,34600.0,34600.0,0.2768,0.2768,0.837772397094431,0.6355773401967317,2026-04-01T14:30:25.479000+00:00,2026-04-01T14:30:25.479000+00:00,wabi-sabi-japandi-interior-design,brand_manufacturer,real_footage,organic_modern,living_room,real_existing,en,0.0,https://www.instagram.com/reel/DWl6ub3CpLu/,https://www.instagram.com/wabisabiqiaozhuo/,"VERIFIED (public embed page, rounded, 2026-09-25)","VERIFIED (public topic pages; sample, not full account history)"
resortstv,1,630000.0,3307.0,34300.0,34300.0,34300.0,0.05444444444444444,0.05444444444444444,0.032511848341232226,0.028213669334527076,2023-06-07T16:54:18.264000+00:00,2023-06-07T16:54:18.264000+00:00,luxury-resort,theme_page,real_footage,traditional_regional,pool,real_existing,en,0.0,https://www.instagram.com/reel/CtMlN3fsJZ_/,https://www.instagram.com/resortstv/,"VERIFIED (public embed page, rounded, 2026-09-25)","VERIFIED (public topic pages; sample, not full account history)"
nature_cozy_vibe,2,119000.0,1403.0,24400.0,34200.0,48800.0,0.20504201680672268,0.28739495798319326,0.46247044704161366,0.25044781949006983,2024-11-17T14:06:04.734000+00:00,2025-08-27T20:29:31.964000+00:00,cliff-house;forest-house;glass-house;glass-house-photos;house-in-the-forest,theme_page,ai_generated,modern_luxury,bedroom,fantasy_impossible,en,1.0,https://www.instagram.com/reel/DN3zUvx5lFS/,https://www.instagram.com/nature_cozy_vibe/,"VERIFIED (public embed page, rounded, 2026-09-25)","VERIFIED (public topic pages; sample, not full account history)"
aframedaily,1,80600.0,1553.0,34200.0,34200.0,34200.0,0.42431761786600497,0.42431761786600497,0.3053571428571429,0.2920884041815243,2023-11-27T16:46:37.531000+00:00,2023-11-27T16:46:37.531000+00:00,a-frame-cabin;a-frame-modern-cabins,theme_page,real_footage,scandinavian,exterior_facade,real_existing,en,0.0,https://www.instagram.com/reel/C0KB3ABJDGO/,https://www.instagram.com/aframedaily/,"VERIFIED (public embed page, rounded, 2026-09-25)","VERIFIED (public topic pages; sample, not full account history)"
clearcreekcollective,2,,,30000.0,33900.0,60000.0,,,0.7597343487457598,,2025-10-18T13:00:21.831000+00:00,2026-02-20T00:50:12.101000+00:00,organic-modern;scandinavian-interior-design;scandinavian-interior-design-styles,,,,,,,,https://www.instagram.com/reel/DP85Qb3DlWc/,https://www.instagram.com/clearcreekcollective/,UNKNOWN,"VERIFIED (public topic pages; sample, not full account history)"
konars.design,1,421000.0,2952.0,33900.0,33900.0,33900.0,0.08052256532066508,0.08052256532066508,0.08443337484433375,0.161056913700287,2025-04-19T12:10:21.948000+00:00,2025-04-19T12:10:21.948000+00:00,futuristic-house;futuristic-houses,designer_studio,real_footage,futuristic,exterior_facade,real_existing,en,0.0,https://www.instagram.com/reel/DIoK2_Ry1DN/,https://www.instagram.com/konars.design/,"VERIFIED (public embed page, rounded, 2026-09-25)","VERIFIED (public topic pages; sample, not full account history)"
mactechconstructions,1,40000.0,482.0,33600.0,33600.0,33600.0,0.84,0.84,0.17684210526315788,0.42437249554046913,2025-12-13T20:52:23.979000+00:00,2025-12-13T20:52:23.979000+00:00,rooftop-pool,contractor_trade,real_footage,modern_luxury,pool,real_existing,en,0.0,https://www.instagram.com/reel/DSN7yupE-4E/,https://www.instagram.com/mactechconstructions/,"VERIFIED (public embed page, rounded, 2026-09-25)","VERIFIED (public topic pages; sample, not full account history)"
chaletworldwide,1,52000.0,189.0,33600.0,33600.0,33600.0,0.6461538461538462,0.6461538461538462,0.7697594501718213,0.4796643090928834,2025-03-01T12:41:57.534000+00:00,2025-03-01T12:41:57.534000+00:00,bali-infinity-pool-villas,theme_page,real_footage,tropical,pool,real_existing,en,0.0,https://www.instagram.com/reel/DGqDhgioTHf/,https://www.instagram.com/chaletworldwide/,"VERIFIED (public embed page, rounded, 2026-09-25)","VERIFIED (public topic pages; sample, not full account history)"
aura_interiordesigns,1,4000.0,97.0,33500.0,33500.0,33500.0,8.375,8.375,1.5571255926373524,2.2704787680557548,2026-02-23T12:20:24.364000+00:00,2026-02-23T12:20:24.364000+00:00,hotel-room-interior-design-ideas,designer_studio,real_footage,minimalist,bedroom,real_existing,en,0.0,https://www.instagram.com/reel/DVGabxpiKaJ/,https://www.instagram.com/aura_interiordesigns/,"VERIFIED (public embed page, rounded, 2026-09-25)","VERIFIED (public topic pages; sample, not full account history)"
aggil_furniture,1,6000.0,3480.0,33200.0,33200.0,33200.0,5.533333333333333,5.533333333333333,0.42536835361947467,1.2487347735227923,2025-07-04T22:18:50.871000+00:00,2025-07-04T22:18:50.871000+00:00,luxury-furniture,brand_manufacturer,real_footage,modern_luxury,other,real_existing,en,0.0,https://www.instagram.com/reel/DLs86JPI6mm/,https://www.instagram.com/aggil_furniture/,"VERIFIED (public embed page, rounded, 2026-09-25)","VERIFIED (public topic pages; sample, not full account history)"
deqoa_,1,331000.0,3519.0,33200.0,33200.0,33200.0,0.10030211480362537,0.10030211480362537,0.19868342309994017,0.10848220141761751,2025-10-19T17:10:35.021000+00:00,2025-10-19T17:10:35.021000+00:00,minimalist-interior,theme_page,real_footage,minimalist,dining,real_existing,en,0.0,https://www.instagram.com/reel/DP_6r-aDq0c/,https://www.instagram.com/deqoa_/,"VERIFIED (public embed page, rounded, 2026-09-25)","VERIFIED (public topic pages; sample, not full account history)"
realms_group,1,16000.0,438.0,33100.0,33100.0,33100.0,2.06875,2.06875,0.19643916913946588,0.3819742199256071,2026-06-20T12:37:43.718000+00:00,2026-06-20T12:37:43.718000+00:00,best-rooftop-pools,real_estate,real_footage,modern_luxury,pool,real_existing,en,0.0,https://www.instagram.com/reel/DZztbBmoprF/,https://www.instagram.com/realms_group/,"VERIFIED (public embed page, rounded, 2026-09-25)","VERIFIED (public topic pages; sample, not full account history)"
taikinishimuraaaa,1,32000.0,106.0,32900.0,32900.0,32900.0,1.028125,1.028125,0.32558139534883723,0.22559114192341434,2026-05-06T11:37:30.205000+00:00,2026-05-06T11:37:30.205000+00:00,tokyo-apartment,real_estate,real_footage,modern_luxury,exterior_facade,real_existing,en,0.0,https://www.instagram.com/reel/DX_uwjCTqz4/,https://www.instagram.com/taikinishimuraaaa/,"VERIFIED (public embed page, rounded, 2026-09-25)","VERIFIED (public topic pages; sample, not full account history)"
glasshouseabuja,1,10000.0,52.0,32900.0,32900.0,32900.0,3.29,3.29,0.35018626929217667,0.8091139221975077,2026-06-16T07:21:35.182000+00:00,2026-06-16T07:21:35.182000+00:00,glass-house,other,real_footage,modern_luxury,exterior_facade,real_existing,en,0.0,https://www.instagram.com/reel/DZo2EB6tuaL/,https://www.instagram.com/glasshouseabuja/,"VERIFIED (public embed page, rounded, 2026-09-25)","VERIFIED (public topic pages; sample, not full account history)"
world_manor,1,2000.0,880.0,32900.0,32900.0,32900.0,16.45,16.45,0.10894039735099338,0.676371387589307,2025-03-26T13:56:23.935000+00:00,2025-03-26T13:56:23.935000+00:00,luxury-master-bedroom,theme_page,real_footage,modern_luxury,bedroom,real_existing,en,0.0,https://www.instagram.com/reel/DHqj6mTMott/,https://www.instagram.com/world_manor/,"VERIFIED (public embed page, rounded, 2026-09-25)","VERIFIED (public topic pages; sample, not full account history)"
bunnings,1,510000.0,3310.0,32700.0,32700.0,32700.0,0.06411764705882353,0.06411764705882353,0.12088724584103512,0.04742156960987666,2026-01-02T21:52:52.886000+00:00,2026-01-02T21:52:52.886000+00:00,glamping-ideas,brand_manufacturer,real_footage,other,other,real_existing,en,0.0,https://www.instagram.com/reel/DTBinNek_g6/,https://www.instagram.com/bunnings/,"VERIFIED (public embed page, rounded, 2026-09-25)","VERIFIED (public topic pages; sample, not full account history)"
onezerostudio.in,1,10000.0,98.0,32400.0,32400.0,32400.0,3.24,3.24,0.10983050847457627,1.4397116127425311,2026-04-02T16:48:48.689000+00:00,2026-04-02T16:48:48.689000+00:00,luxury-bathroom-interior-design-inspiration;quiet-luxury-bathroom,designer_studio,ai_generated,dark_luxury,bathroom,aspirational_realistic,en,1.0,https://www.instagram.com/reel/DWovW4sD_bl/,https://www.instagram.com/onezerostudio.in/,"VERIFIED (public embed page, rounded, 2026-09-25)","VERIFIED (public topic pages; sample, not full account history)"
theluxurylaunch,1,31000.0,409.0,32300.0,32300.0,32300.0,1.0419354838709678,1.0419354838709678,0.0834625322997416,0.0918380621906116,2025-05-24T02:49:43.342000+00:00,2025-05-24T02:49:43.342000+00:00,luxury-house;ultra-modern-luxury-house-design,theme_page,ai_generated,dark_luxury,exterior_facade,aspirational_realistic,en,1.0,https://www.instagram.com/reel/DKBShVqt8ds/,https://www.instagram.com/theluxurylaunch/,"VERIFIED (public embed page, rounded, 2026-09-25)","VERIFIED (public topic pages; sample, not full account history)"
mestre.das.piscinas,1,477000.0,1907.0,32200.0,32200.0,32200.0,0.06750524109014674,0.06750524109014674,0.017405405405405406,0.04912996164146881,2025-04-04T20:05:06.312000+00:00,2025-04-04T20:05:06.312000+00:00,infinity-pools,contractor_trade,real_footage,minimalist,pool,real_existing,pt,0.0,https://www.instagram.com/reel/DICZQ9Xxbt-/,https://www.instagram.com/mestre.das.piscinas/,"VERIFIED (public embed page, rounded, 2026-09-25)","VERIFIED (public topic pages; sample, not full account history)"
fullonshreya,1,36000.0,970.0,32100.0,32100.0,32100.0,0.8916666666666667,0.8916666666666667,0.07688622754491017,0.29291268465288656,2026-03-19T09:22:10.661000+00:00,2026-03-19T09:22:10.661000+00:00,interior-styling,lifestyle_influencer,real_footage,modern_luxury,living_room,real_existing,en,0.0,https://www.instagram.com/reel/DWD5HZGEVyr/,https://www.instagram.com/fullonshreya/,"VERIFIED (public embed page, rounded, 2026-09-25)","VERIFIED (public topic pages; sample, not full account history)"
shellsdxb,1,369.0,1108.0,32000.0,32000.0,32000.0,86.72086720867209,86.72086720867209,1.4953271028037383,4.640280992624868,2026-05-29T17:39:51.024000+00:00,2026-05-29T17:39:51.024000+00:00,hotel-suite-design-ideas;luxury-hotel-room,other,real_footage,modern_luxury,hotel_room,real_existing,,0.0,https://www.instagram.com/reel/DY7mglLqdtN/,https://www.instagram.com/shellsdxb/,"VERIFIED (public embed page, rounded, 2026-09-25)","VERIFIED (public topic pages; sample, not full account history)"
meraz_king_house,1,42000.0,550.0,32000.0,32000.0,32000.0,0.7619047619047619,0.7619047619047619,0.09682299546142209,0.19315578957407123,2025-04-12T14:18:19.721000+00:00,2025-04-12T14:18:19.721000+00:00,dream-house-design,real_estate,real_footage,modern_luxury,exterior_facade,real_existing,en,0.0,https://www.instagram.com/reel/DIWX8F4CNzO/,https://www.instagram.com/meraz_king_house/,"VERIFIED (public embed page, rounded, 2026-09-25)","VERIFIED (public topic pages; sample, not full account history)"
dreamfibre,1,157000.0,350.0,31900.0,31900.0,31900.0,0.2031847133757962,0.2031847133757962,9.165349806062347,1.920968314143157,2025-02-15T18:05:18.475000+00:00,2025-02-15T18:05:18.475000+00:00,surreal-architecture,other,3d_render,brutalist,lobby_common,fantasy_impossible,en,0.0,https://www.instagram.com/reel/DGGlZiZTHKM/,https://www.instagram.com/dreamfibre/,"VERIFIED (public embed page, rounded, 2026-09-25)","VERIFIED (public topic pages; sample, not full account history)"
bookstack_and_lattes,1,24000.0,122.0,31800.0,31800.0,31800.0,1.325,1.325,0.05,0.09357987973549155,2026-08-15T13:54:52.757000+00:00,2026-08-15T13:54:52.757000+00:00,home-library,lifestyle_influencer,ai_generated,classical_luxury,office,stylized_dreamy,en,1.0,https://www.instagram.com/reel/DcECxF-PDIn/,https://www.instagram.com/bookstack_and_lattes/,"VERIFIED (public embed page, rounded, 2026-09-25)","VERIFIED (public topic pages; sample, not full account history)"
our.chitecture,1,1000.0,113.0,31800.0,31800.0,31800.0,31.8,31.8,1.1418312387791743,1.8217425458155059,2024-08-24T07:33:46.904000+00:00,2024-08-24T07:33:46.904000+00:00,wabi-sabi-interior,theme_page,unclear,rustic_cozy,living_room,aspirational_realistic,en,0.0,https://www.instagram.com/reel/C_C2A-fxQOX/,https://www.instagram.com/our.chitecture/,"VERIFIED (public embed page, rounded, 2026-09-25)","VERIFIED (public topic pages; sample, not full account history)"
kristenbridger_interiors,1,,,31700.0,31700.0,31700.0,,,0.7807881773399015,,2025-08-25T20:20:43.465000+00:00,2025-08-25T20:20:43.465000+00:00,coastal-bedroom-design-ideas,,,,,,,,https://www.instagram.com/reel/DNyoue4XI31/,https://www.instagram.com/kristenbridger_interiors/,UNKNOWN,"VERIFIED (public topic pages; sample, not full account history)"
the._cozynook,1,27000.0,77.0,31500.0,31500.0,31500.0,1.1666666666666667,1.1666666666666667,0.05635062611806798,0.07620886624883223,2026-07-06T22:39:56.898000+00:00,2026-07-06T22:39:56.898000+00:00,cozy-room,theme_page,ai_generated,rustic_cozy,bedroom,aspirational_realistic,en,1.0,https://www.instagram.com/reel/Dad_D0EsUAn/,https://www.instagram.com/the._cozynook/,"VERIFIED (public embed page, rounded, 2026-09-25)","VERIFIED (public topic pages; sample, not full account history)"
vojtek_morsztyn,3,157000.0,576.0,31500.0,31500.0,31500.0,0.20063694267515925,0.20063694267515925,0.11909262759924386,0.18746101629465056,2025-03-21T11:23:07.524000+00:00,2025-09-30T12:20:17.993000+00:00,forest-house;glass-house-photos;waterfall-house,other,ai_generated,futuristic,exterior_facade,stylized_dreamy,en,1.0,https://www.instagram.com/reel/DPOeXP4Db8N/,https://www.instagram.com/vojtek_morsztyn/,"VERIFIED (public embed page, rounded, 2026-09-25)","VERIFIED (public topic pages; sample, not full account history)"
sandymakessense,1,267000.0,1619.0,31300.0,31300.0,31300.0,0.11722846441947565,0.11722846441947565,0.05089430894308943,0.0595037444549978,2026-02-16T17:18:06.377000+00:00,2026-02-16T17:18:06.377000+00:00,unique-airbnb,lifestyle_influencer,real_footage,futuristic,exterior_facade,real_existing,en,0.0,https://www.instagram.com/reel/DU068EoAnxJ/,https://www.instagram.com/sandymakessense/,"VERIFIED (public embed page, rounded, 2026-09-25)","VERIFIED (public topic pages; sample, not full account history)"
latigavilla,1,8000.0,268.0,31300.0,31300.0,31300.0,3.9125,3.9125,0.187987987987988,0.39383724217569527,2025-10-13T02:33:49.307000+00:00,2025-10-13T02:33:49.307000+00:00,villa-with-pool,other,real_footage,mediterranean,pool,real_existing,en,0.0,https://www.instagram.com/reel/DPu5lIRE2Yu/,https://www.instagram.com/latigavilla/,"VERIFIED (public embed page, rounded, 2026-09-25)","VERIFIED (public topic pages; sample, not full account history)"
the_bbq_store,1,7000.0,309.0,31300.0,31300.0,31300.0,4.4714285714285715,4.4714285714285715,0.04096858638743456,0.11757187743924302,2025-04-22T18:02:42.487000+00:00,2025-04-22T18:02:42.487000+00:00,outdoor-kitchen,contractor_trade,real_footage,rustic_cozy,terrace_outdoor,real_existing,en,0.0,https://www.instagram.com/reel/DIwhkPvP7xC/,https://www.instagram.com/the_bbq_store/,"VERIFIED (public embed page, rounded, 2026-09-25)","VERIFIED (public topic pages; sample, not full account history)"
wander,1,304000.0,999.0,31100.0,31100.0,31100.0,0.10230263157894737,0.10230263157894737,1.1669793621013134,0.27915411715585725,2023-08-31T15:34:55.966000+00:00,2023-08-31T15:34:55.966000+00:00,houses-on-malibu-beach,real_estate,real_footage,organic_modern,bedroom,real_existing,en,0.0,https://www.instagram.com/reel/CwnTs6CrQHr/,https://www.instagram.com/wander/,"VERIFIED (public embed page, rounded, 2026-09-25)","VERIFIED (public topic pages; sample, not full account history)"
talallabluebeachvilla,1,37000.0,488.0,31100.0,31100.0,31100.0,0.8405405405405405,0.8405405405405405,0.8485675306957708,0.6009787511889088,2024-09-03T03:54:58.959000+00:00,2024-09-03T03:54:58.959000+00:00,santorini-villa,other,real_footage,mediterranean,stairs_hall,real_existing,en,0.0,https://www.instagram.com/reel/C_cM7MbI4ad/,https://www.instagram.com/talallabluebeachvilla/,"VERIFIED (public embed page, rounded, 2026-09-25)","VERIFIED (public topic pages; sample, not full account history)"
siddhijagtap___,1,35000.0,565.0,31100.0,31100.0,31100.0,0.8885714285714286,0.8885714285714286,0.18678678678678678,0.19622373914120286,2025-11-25T12:20:41.356000+00:00,2025-11-25T12:20:41.356000+00:00,villa-with-pool,lifestyle_influencer,real_footage,other,pool,real_existing,en,0.0,https://www.instagram.com/reel/DReq7GZjE-d/,https://www.instagram.com/siddhijagtap___/,"VERIFIED (public embed page, rounded, 2026-09-25)","VERIFIED (public topic pages; sample, not full account history)"
keirashomecollective,1,208000.0,1333.0,30900.0,30900.0,30900.0,0.1485576923076923,0.1485576923076923,0.22166427546628406,0.13917617703544266,2024-12-06T16:58:23.876000+00:00,2024-12-06T16:58:23.876000+00:00,organic-modern,lifestyle_influencer,real_footage,organic_modern,living_room,real_existing,en,0.0,https://www.instagram.com/reel/DDPpTWVpVd9/,https://www.instagram.com/keirashomecollective/,"VERIFIED (public embed page, rounded, 2026-09-25)","VERIFIED (public topic pages; sample, not full account history)"
designandcurations,1,16000.0,730.0,30600.0,30600.0,30600.0,1.9125,1.9125,0.339811215991116,0.7306113615466703,2025-11-10T14:00:58.673000+00:00,2025-11-10T14:00:58.673000+00:00,home-office-design,designer_studio,real_footage,dark_luxury,office,real_existing,en,0.0,https://www.instagram.com/reel/DQ4OegsDBCT/,https://www.instagram.com/designandcurations/,"VERIFIED (public embed page, rounded, 2026-09-25)","VERIFIED (public topic pages; sample, not full account history)"
mbasirrahmani,1,20000.0,37.0,30400.0,30400.0,30400.0,1.52,1.52,0.3244397011739594,0.937002762209607,2026-08-07T03:48:27.724000+00:00,2026-08-07T03:48:27.724000+00:00,futuristic-architecture-designs-2026,ai_creator,ai_generated,futuristic,exterior_facade,fantasy_impossible,en,1.0,https://www.instagram.com/reel/DbuXAj5sJy4/,https://www.instagram.com/mbasirrahmani/,"VERIFIED (public embed page, rounded, 2026-09-25)","VERIFIED (public topic pages; sample, not full account history)"
buttercreme.home,1,4000.0,147.0,30400.0,30400.0,30400.0,7.6,7.6,0.18192698982645122,0.7834687227601429,2025-12-22T10:35:04.728000+00:00,2025-12-22T10:35:04.728000+00:00,minimalist-interior,lifestyle_influencer,real_footage,minimalist,living_room,real_existing,en,0.0,https://www.instagram.com/reel/DSkATNfk26Q/,https://www.instagram.com/buttercreme.home/,"VERIFIED (public embed page, rounded, 2026-09-25)","VERIFIED (public topic pages; sample, not full account history)"
stylewithsanaz,1,155000.0,1685.0,30300.0,30300.0,30300.0,0.19548387096774195,0.19548387096774195,0.33351678591084205,0.13579340541145116,2026-02-20T14:15:59.229000+00:00,2026-02-20T14:15:59.229000+00:00,luxury-home-theater-ideas,designer_studio,real_footage,dark_luxury,home_theater,real_existing,en,0.0,https://www.instagram.com/reel/DU-5RsSEVm2/,https://www.instagram.com/stylewithsanaz/,"VERIFIED (public embed page, rounded, 2026-09-25)","VERIFIED (public topic pages; sample, not full account history)"
danavillas.infinitysuites,1,80000.0,442.0,30200.0,30200.0,30200.0,0.3775,0.3775,0.8240109140518418,0.40689335672697474,2024-08-24T06:12:31.742000+00:00,2024-08-24T06:12:31.742000+00:00,santorini-villa,other,real_footage,mediterranean,pool,real_existing,en,0.0,https://www.instagram.com/reel/C_Cst3So-yb/,https://www.instagram.com/danavillas.infinitysuites/,"VERIFIED (public embed page, rounded, 2026-09-25)","VERIFIED (public topic pages; sample, not full account history)"
skarduvalley,1,198000.0,2304.0,30100.0,30100.0,30100.0,0.15202020202020203,0.15202020202020203,1.3558558558558558,0.30375970393567653,2023-12-12T15:39:45.407000+00:00,2023-12-12T15:39:45.407000+00:00,hunza-valley-luxury-resorts,theme_page,real_footage,other,terrace_outdoor,real_existing,en,0.0,https://www.instagram.com/reel/C0wiIXTNsMq/,https://www.instagram.com/skarduvalley/,"VERIFIED (public embed page, rounded, 2026-09-25)","VERIFIED (public topic pages; sample, not full account history)"
velvet_scenes,1,4835.0,180.0,29900.0,29900.0,29900.0,6.1840744570837645,6.1840744570837645,0.7569620253164557,2.1218152881536003,2025-09-21T06:16:17.665000+00:00,2025-09-21T06:16:17.665000+00:00,future-house,theme_page,ai_generated,mediterranean,exterior_facade,stylized_dreamy,en,1.0,https://www.instagram.com/reel/DO2pjUUDm6z/,https://www.instagram.com/velvet_scenes/,"VERIFIED (public embed page, rounded, 2026-09-25)","VERIFIED (public topic pages; sample, not full account history)"
tinyhouse__inspiration,1,143000.0,936.0,29800.0,29800.0,29800.0,0.2083916083916084,0.2083916083916084,0.7904509283819628,0.12772909774261731,2025-06-03T12:07:52.162000+00:00,2025-06-03T12:07:52.162000+00:00,ai-generated-house;ai-house;ai-house-design,theme_page,ai_generated,rustic_cozy,living_room,stylized_dreamy,en,1.0,https://www.instagram.com/reel/DKcCWFEt-R9/,https://www.instagram.com/tinyhouse__inspiration/,"VERIFIED (public embed page, rounded, 2026-09-25)","VERIFIED (public topic pages; sample, not full account history)"
ene_builders_,1,89000.0,1057.0,29100.0,29100.0,29100.0,0.32696629213483147,0.32696629213483147,0.4504643962848297,0.47363141603459213,2026-02-09T00:10:51.724000+00:00,2026-02-09T00:10:51.724000+00:00,mediterranean-house,contractor_trade,unclear,mediterranean,exterior_facade,aspirational_realistic,en,0.0,https://www.instagram.com/reel/DUhD0L5krfP/,https://www.instagram.com/ene_builders_/,"VERIFIED (public embed page, rounded, 2026-09-25)","VERIFIED (public topic pages; sample, not full account history)"
malyar.am_decor,1,308.0,20.0,29000.0,29000.0,29000.0,94.15584415584415,94.15584415584415,0.5691854759568205,2.938901250356397,2026-09-06T14:48:54.827000+00:00,2026-09-06T14:48:54.827000+00:00,neoclassical-interior,contractor_trade,ai_generated,neoclassical,stairs_hall,aspirational_realistic,ru,1.0,https://www.instagram.com/reel/Dc8ycGpNWnC/,https://www.instagram.com/malyar.am_decor/,"VERIFIED (public embed page, rounded, 2026-09-25)","VERIFIED (public topic pages; sample, not full account history)"
feelingofluxury,1,591000.0,8155.0,28500.0,28500.0,28500.0,0.048223350253807105,0.048223350253807105,0.24568965517241378,0.058617450709388445,2023-08-04T11:50:34.370000+00:00,2023-08-04T11:50:34.370000+00:00,dubai-penthouse,theme_page,real_footage,modern_luxury,terrace_outdoor,real_existing,en,0.0,https://www.instagram.com/reel/CvhYkBUqMra/,https://www.instagram.com/feelingofluxury/,"VERIFIED (public embed page, rounded, 2026-09-25)","VERIFIED (public topic pages; sample, not full account history)"
the_build_up_m2l,1,6000.0,29.0,28300.0,28300.0,28300.0,4.716666666666667,4.716666666666667,0.10968992248062015,2.089241772930846,2025-12-09T17:20:11.099000+00:00,2025-12-09T17:20:11.099000+00:00,luxury-real-estate-mansion-exterior,ai_creator,ai_generated,modern_luxury,exterior_facade,stylized_dreamy,en,1.0,https://www.instagram.com/reel/DSDQU7BEj9h/,https://www.instagram.com/the_build_up_m2l/,"VERIFIED (public embed page, rounded, 2026-09-25)","VERIFIED (public topic pages; sample, not full account history)"
jaan.boutiquehotel,1,57000.0,40.0,28200.0,28200.0,28200.0,0.49473684210526314,0.49473684210526314,0.4751474304970514,0.1887158272310566,2025-09-24T17:03:19.427000+00:00,2025-09-24T17:03:19.427000+00:00,boutique-hotel,other,real_footage,mediterranean,kitchen,real_existing,en,0.0,https://www.instagram.com/reel/DO_h-7VDQc_/,https://www.instagram.com/jaan.boutiquehotel/,"VERIFIED (public embed page, rounded, 2026-09-25)","VERIFIED (public topic pages; sample, not full account history)"
aruhrealestate,1,19000.0,92.0,27900.0,27900.0,27900.0,1.4684210526315788,1.4684210526315788,0.12236842105263158,0.20267385882269015,2025-09-23T17:00:58.062000+00:00,2025-09-23T17:00:58.062000+00:00,tropical-house,real_estate,real_footage,minimalist,exterior_facade,real_existing,en,0.0,https://www.instagram.com/reel/DO886y6jSR-/,https://www.instagram.com/aruhrealestate/,"VERIFIED (public embed page, rounded, 2026-09-25)","VERIFIED (public topic pages; sample, not full account history)"
jaeomardesign,1,59000.0,980.0,27900.0,27900.0,27900.0,0.4728813559322034,0.4728813559322034,0.28454869964303925,0.49683499642849466,2023-10-05T19:31:45.385000+00:00,2023-10-05T19:31:45.385000+00:00,malibu-house,designer_studio,real_footage,organic_modern,stairs_hall,real_existing,en,0.0,https://www.instagram.com/reel/CyB2oFIPJ_2/,https://www.instagram.com/jaeomardesign/,"VERIFIED (public embed page, rounded, 2026-09-25)","VERIFIED (public topic pages; sample, not full account history)"
cabinvision,1,190000.0,5507.0,27900.0,27900.0,27900.0,0.14684210526315788,0.14684210526315788,0.03140123804164322,0.12282891529105758,2025-01-18T01:07:14.553000+00:00,2025-01-18T01:07:14.553000+00:00,overwater-villa,theme_page,real_footage,tropical,exterior_facade,real_existing,en,0.0,https://www.instagram.com/reel/DE8qogQCM4G/,https://www.instagram.com/cabinvision/,"VERIFIED (public embed page, rounded, 2026-09-25)","VERIFIED (public topic pages; sample, not full account history)"
meta_animate,1,15000.0,31.0,27900.0,27900.0,27900.0,1.86,1.86,0.09637305699481866,0.320857432993773,2024-11-23T11:38:35.392000+00:00,2024-11-23T11:38:35.392000+00:00,futuristic-interior,designer_studio,3d_render,dark_luxury,living_room,aspirational_realistic,en,0.0,https://www.instagram.com/reel/DCtmXoTulqa/,https://www.instagram.com/meta_animate/,"VERIFIED (public embed page, rounded, 2026-09-25)","VERIFIED (public topic pages; sample, not full account history)"
step_designfirm,2,13000.0,470.0,17518.0,27800.0,35036.0,1.3475384615384616,2.1384615384615384,0.1412794333722639,0.23794548436250185,2025-08-31T04:00:49.481000+00:00,2026-02-05T14:30:06.216000+00:00,hotel-suite-design-ideas;luxury-master-bedroom-interior-design,designer_studio,3d_render,modern_luxury,bedroom,aspirational_realistic,en,0.0,https://www.instagram.com/reel/DUYS99Xj8-K/,https://www.instagram.com/step_designfirm/,"VERIFIED (public embed page, rounded, 2026-09-25)","VERIFIED (public topic pages; sample, not full account history)"
rich_inrealestate,1,13000.0,272.0,27700.0,27700.0,27700.0,2.1307692307692307,2.1307692307692307,0.11306122448979591,0.9203559862978173,2026-02-23T01:47:11.807000+00:00,2026-02-23T01:47:11.807000+00:00,los-angeles-house,real_estate,real_footage,mediterranean,exterior_facade,real_existing,en,0.0,https://www.instagram.com/reel/DVFR-AzCYcF/,https://www.instagram.com/rich_inrealestate/,"VERIFIED (public embed page, rounded, 2026-09-25)","VERIFIED (public topic pages; sample, not full account history)"
alayanaarchitects,1,23000.0,265.0,27700.0,27700.0,27700.0,1.2043478260869565,1.2043478260869565,0.019785714285714285,0.030448309204512962,2025-04-24T07:00:57.058000+00:00,2025-04-24T07:00:57.058000+00:00,home-decor-ideas,designer_studio,ai_generated,modern_luxury,living_room,aspirational_realistic,en,1.0,https://www.instagram.com/reel/DI0fbJEz0QQ/,https://www.instagram.com/alayanaarchitects/,"VERIFIED (public embed page, rounded, 2026-09-25)","VERIFIED (public topic pages; sample, not full account history)"
creativitysarahs,1,15000.0,272.0,27500.0,27500.0,27500.0,1.8333333333333333,1.8333333333333333,1.4986376021798364,0.3288168676479135,2026-02-14T17:12:48.874000+00:00,2026-02-14T17:12:48.874000+00:00,biophilic-bedroom-design;japandi-serenity-bedroom-design-ideas,ai_creator,ai_generated,japandi,bedroom,stylized_dreamy,en,1.0,https://www.instagram.com/reel/DUvwvkIjNCM/,https://www.instagram.com/creativitysarahs/,"VERIFIED (public embed page, rounded, 2026-09-25)","VERIFIED (public topic pages; sample, not full account history)"
pbs,1,2000000.0,8618.0,27500.0,27500.0,27500.0,0.01375,0.01375,0.45081967213114754,0.15825854469569225,2026-07-02T20:05:44.604000+00:00,2026-07-02T20:05:44.604000+00:00,aspen,media_publication,real_footage,other,none_person_only,real_existing,en,0.0,https://www.instagram.com/reel/DaTaO4hhbkd/,https://www.instagram.com/pbs/,"VERIFIED (public embed page, rounded, 2026-09-25)","VERIFIED (public topic pages; sample, not full account history)"
aspenideas,1,41000.0,1215.0,27400.0,27400.0,27400.0,0.6682926829268293,0.6682926829268293,0.4491803278688525,0.9713300430622516,2026-07-02T21:32:35.445000+00:00,2026-07-02T21:32:35.445000+00:00,aspen,other,real_footage,other,none_person_only,real_existing,en,0.0,https://www.instagram.com/reel/DaTkK-OT4Vd/,https://www.instagram.com/aspenideas/,"VERIFIED (public embed page, rounded, 2026-09-25)","VERIFIED (public topic pages; sample, not full account history)"
jkconstruction.28,1,160.0,20.0,27400.0,27400.0,27400.0,171.25,171.25,0.22186234817813766,2.739366566037096,2026-06-09T06:22:06.754000+00:00,2026-06-09T06:22:06.754000+00:00,biophilic-bedroom-design,ai_creator,ai_generated,biophilic,bedroom,stylized_dreamy,en,1.0,https://www.instagram.com/reel/DZWtsTkz9gW/,https://www.instagram.com/jkconstruction.28/,"VERIFIED (public embed page, rounded, 2026-09-25)","VERIFIED (public topic pages; sample, not full account history)"
studio_tigha,1,43000.0,76.0,27200.0,27200.0,27200.0,0.6325581395348837,0.6325581395348837,0.3828289936664321,0.4272966010150339,2026-06-27T16:53:08.596000+00:00,2026-06-27T16:53:08.596000+00:00,desert-house-interior-design-ideas,designer_studio,ai_generated,organic_modern,living_room,aspirational_realistic,en,1.0,https://www.instagram.com/reel/DaGMN3Ntr3C/,https://www.instagram.com/studio_tigha/,"VERIFIED (public embed page, rounded, 2026-09-25)","VERIFIED (public topic pages; sample, not full account history)"
blivilla.bali,1,10000.0,999.0,27100.0,27100.0,27100.0,2.71,2.71,0.16728395061728396,0.2836941234922532,2026-07-06T08:36:16.942000+00:00,2026-07-06T08:36:16.942000+00:00,bali-villa,real_estate,real_footage,organic_modern,exterior_facade,real_existing,id,0.0,https://www.instagram.com/reel/DacegnqhAM7/,https://www.instagram.com/blivilla.bali/,"VERIFIED (public embed page, rounded, 2026-09-25)","VERIFIED (public topic pages; sample, not full account history)"
cookislands,1,136000.0,3713.0,27100.0,27100.0,27100.0,0.19926470588235295,0.19926470588235295,0.5616580310880829,0.44352378909271173,2024-12-12T23:00:04.742000+00:00,2024-12-12T23:00:04.742000+00:00,cook-islands-luxury-resorts,other,real_footage,tropical,hotel_room,real_existing,en,0.0,https://www.instagram.com/reel/DDfvdoWqJIc/,https://www.instagram.com/cookislands/,"VERIFIED (public embed page, rounded, 2026-09-25)","VERIFIED (public topic pages; sample, not full account history)"
shabbu_furniture_art,1,344000.0,1192.0,27100.0,27100.0,27100.0,0.07877906976744187,0.07877906976744187,0.14263157894736841,0.12511758956532798,2025-09-12T06:19:45.198000+00:00,2025-09-12T06:19:45.198000+00:00,rooftop-pool,contractor_trade,real_footage,minimalist,terrace_outdoor,real_existing,en,0.0,https://www.instagram.com/reel/DOfeyxqgIaJ/,https://www.instagram.com/shabbu_furniture_art/,"VERIFIED (public embed page, rounded, 2026-09-25)","VERIFIED (public topic pages; sample, not full account history)"
surnameplease,1,,,26900.0,26900.0,26900.0,,,1.2570093457943925,,2026-02-17T13:19:31.913000+00:00,2026-02-17T13:19:31.913000+00:00,luxury-hotel-room;luxury-hotel-suite,,,,,,,,https://www.instagram.com/reel/DU3Ebk4DMFR/,https://www.instagram.com/surnameplease/,UNKNOWN,"VERIFIED (public topic pages; sample, not full account history)"
melaniejadedesign,1,344000.0,1562.0,26800.0,26800.0,26800.0,0.07790697674418605,0.07790697674418605,0.6961038961038961,0.24987331095320361,2025-08-10T17:15:27.784000+00:00,2025-08-10T17:15:27.784000+00:00,industrial-chic-interior-design,lifestyle_influencer,ai_generated,industrial,dining,aspirational_realistic,en,1.0,https://www.instagram.com/reel/DNLrmdntU8A/,https://www.instagram.com/melaniejadedesign/,"VERIFIED (public embed page, rounded, 2026-09-25)","VERIFIED (public topic pages; sample, not full account history)"
christiesrealestate,1,347000.0,4085.0,26800.0,26800.0,26800.0,0.07723342939481267,0.07723342939481267,0.2511715089034677,0.1747154800304467,2025-03-12T14:54:08.376000+00:00,2025-03-12T14:54:08.376000+00:00,ibiza-villa,real_estate,real_footage,mediterranean,terrace_outdoor,real_existing,en,0.0,https://www.instagram.com/reel/DHGnZQPsWdw/,https://www.instagram.com/christiesrealestate/,"VERIFIED (public embed page, rounded, 2026-09-25)","VERIFIED (public topic pages; sample, not full account history)"
nickmaddockglobal,1,317000.0,1147.0,26700.0,26700.0,26700.0,0.08422712933753944,0.08422712933753944,0.6811224489795918,0.16031478734673787,2025-10-08T14:14:07.553000+00:00,2025-10-08T14:14:07.553000+00:00,marrakech-riad,lifestyle_influencer,real_footage,traditional_regional,lobby_common,real_existing,en,0.0,https://www.instagram.com/reel/DPjRv70Dp3s/,https://www.instagram.com/nickmaddockglobal/,"VERIFIED (public embed page, rounded, 2026-09-25)","VERIFIED (public topic pages; sample, not full account history)"
jonny.melon,1,78000.0,1530.0,26600.0,26600.0,26600.0,0.34102564102564104,0.34102564102564104,0.6785714285714286,0.30771791823927147,2025-06-02T09:30:47.789000+00:00,2025-06-02T09:30:47.789000+00:00,marrakech-riad,lifestyle_influencer,real_footage,traditional_regional,pool,real_existing,en,0.0,https://www.instagram.com/reel/DKZLkxKTTbv/,https://www.instagram.com/jonny.melon/,"VERIFIED (public embed page, rounded, 2026-09-25)","VERIFIED (public topic pages; sample, not full account history)"
aakar_architects_28,1,1000.0,138.0,26400.0,26400.0,26400.0,26.4,26.4,0.21376518218623483,1.1201484584532064,2024-07-18T13:41:16.387000+00:00,2024-07-18T13:41:16.387000+00:00,biophilic-bedroom-design,designer_studio,ai_generated,rustic_cozy,bedroom,aspirational_realistic,en,1.0,https://www.instagram.com/reel/C9kOqMFSGqz/,https://www.instagram.com/aakar_architects_28/,"VERIFIED (public embed page, rounded, 2026-09-25)","VERIFIED (public topic pages; sample, not full account history)"
jade_lostinbeauty_,1,128000.0,1219.0,26200.0,26200.0,26200.0,0.2046875,0.2046875,0.44144903117101936,0.1201000949715927,2026-05-20T12:15:15.432000+00:00,2026-05-20T12:15:15.432000+00:00,boutique-hotel,lifestyle_influencer,real_footage,traditional_regional,bathroom,real_existing,en,0.0,https://www.instagram.com/reel/DYj2NUHqc0I/,https://www.instagram.com/jade_lostinbeauty_/,"VERIFIED (public embed page, rounded, 2026-09-25)","VERIFIED (public topic pages; sample, not full account history)"
aparnadecors,1,17000.0,5961.0,26200.0,26200.0,26200.0,1.5411764705882354,1.5411764705882354,0.2542455118874333,0.5652429307632866,2024-10-15T16:22:20.588000+00:00,2024-10-15T16:22:20.588000+00:00,green-minimalist-interior-design,theme_page,3d_render,modern_luxury,kitchen,aspirational_realistic,en,0.0,https://www.instagram.com/reel/DBJr1xpoKng/,https://www.instagram.com/aparnadecors/,"VERIFIED (public embed page, rounded, 2026-09-25)","VERIFIED (public topic pages; sample, not full account history)"
randyspage,1,252000.0,567.0,25900.0,25900.0,25900.0,0.10277777777777777,0.10277777777777777,0.5367875647668394,0.31766563936717246,2026-04-26T16:57:00.532000+00:00,2026-04-26T16:57:00.532000+00:00,cook-islands-luxury-resorts,lifestyle_influencer,real_footage,tropical,exterior_facade,real_existing,en,0.0,https://www.instagram.com/reel/DXmjX7NjyXn/,https://www.instagram.com/randyspage/,"VERIFIED (public embed page, rounded, 2026-09-25)","VERIFIED (public topic pages; sample, not full account history)"
novelhomedecor,1,45000.0,1839.0,25600.0,25600.0,25600.0,0.5688888888888889,0.5688888888888889,0.32799487508007685,0.37524213816679436,2025-05-10T02:28:53.861000+00:00,2025-05-10T02:28:53.861000+00:00,luxury-furniture,brand_manufacturer,real_footage,modern_luxury,living_room,real_existing,en,0.0,https://www.instagram.com/reel/DJdNAkGICuP/,https://www.instagram.com/novelhomedecor/,"VERIFIED (public embed page, rounded, 2026-09-25)","VERIFIED (public topic pages; sample, not full account history)"
galenahaven,1,6000.0,509.0,25500.0,25500.0,25500.0,4.25,4.25,0.041463414634146344,0.28606678815757014,2026-03-25T23:36:02.697000+00:00,2026-03-25T23:36:02.697000+00:00,unique-airbnb,other,real_footage,rustic_cozy,living_room,real_existing,en,0.0,https://www.instagram.com/reel/DWU3mjYEbE7/,https://www.instagram.com/galenahaven/,"VERIFIED (public embed page, rounded, 2026-09-25)","VERIFIED (public topic pages; sample, not full account history)"
andulsia_venue,1,74000.0,78.0,25500.0,25500.0,25500.0,0.34459459459459457,0.34459459459459457,0.27142096860031933,0.24593475742667262,2026-01-22T23:53:04.268000+00:00,2026-01-22T23:53:04.268000+00:00,glass-house,other,ai_generated,classical_luxury,exterior_facade,aspirational_realistic,en,1.0,https://www.instagram.com/reel/DT1QRAZiKnV/,https://www.instagram.com/andulsia_venue/,"VERIFIED (public embed page, rounded, 2026-09-25)","VERIFIED (public topic pages; sample, not full account history)"
arctictreehousehotel,1,164000.0,1159.0,25400.0,25400.0,25400.0,0.1548780487804878,0.1548780487804878,0.15209580838323353,0.26580301769251136,2025-11-27T18:00:56.625000+00:00,2025-11-27T18:00:56.625000+00:00,arctic-treehouse-hotel-rovaniemi,other,real_footage,scandinavian,exterior_facade,real_existing,,0.0,https://www.instagram.com/reel/DRkbc8sCIoX/,https://www.instagram.com/arctictreehousehotel/,"VERIFIED (public embed page, rounded, 2026-09-25)","VERIFIED (public topic pages; sample, not full account history)"
ahteshamvlog_012,1,32000.0,365.0,25300.0,25300.0,25300.0,0.790625,0.790625,0.15014836795252226,0.21112360878215228,2026-06-03T11:26:27.662000+00:00,2026-06-03T11:26:27.662000+00:00,best-rooftop-pools,lifestyle_influencer,real_footage,other,pool,real_existing,en,0.0,https://www.instagram.com/reel/DZHzwK6ynVW/,https://www.instagram.com/ahteshamvlog_012/,"VERIFIED (public embed page, rounded, 2026-09-25)","VERIFIED (public topic pages; sample, not full account history)"
osnova.des,1,63000.0,270.0,25300.0,25300.0,25300.0,0.4015873015873016,0.4015873015873016,0.15140634350688212,0.17960078827636206,2026-01-21T09:59:48.807000+00:00,2026-01-21T09:59:48.807000+00:00,minimalist-interior,designer_studio,3d_render,minimalist,living_room,aspirational_realistic,en,0.0,https://www.instagram.com/reel/DTxMHK3Av2Y/,https://www.instagram.com/osnova.des/,"VERIFIED (public embed page, rounded, 2026-09-25)","VERIFIED (public topic pages; sample, not full account history)"
conradboraboranui,1,93000.0,1358.0,25100.0,25100.0,25100.0,0.2698924731182796,0.2698924731182796,0.45225225225225224,0.4343390652729295,2024-10-17T14:01:38.114000+00:00,2024-10-17T14:01:38.114000+00:00,bora-bora-luxury-hotels,other,real_footage,tropical,pool,real_existing,en,0.0,https://www.instagram.com/reel/DBOlU80te9G/,https://www.instagram.com/conradboraboranui/,"VERIFIED (public embed page, rounded, 2026-09-25)","VERIFIED (public topic pages; sample, not full account history)"
er.interio01,1,45000.0,256.0,25100.0,25100.0,25100.0,0.5577777777777778,0.5577777777777778,1.2038369304556356,0.7815681688809124,2026-04-03T02:44:13.909000+00:00,2026-04-03T02:44:13.909000+00:00,rooftop-terrace,theme_page,ai_generated,modern_luxury,terrace_outdoor,aspirational_realistic,en,1.0,https://www.instagram.com/reel/DWpzf3-D_Af/,https://www.instagram.com/er.interio01/,"VERIFIED (public embed page, rounded, 2026-09-25)","VERIFIED (public topic pages; sample, not full account history)"
comosegreta,1,48000.0,528.0,25100.0,25100.0,25100.0,0.5229166666666667,0.5229166666666667,0.6952908587257618,0.48360025002821055,2026-06-28T19:40:03.671000+00:00,2026-06-28T19:40:03.671000+00:00,como-lake-villas,theme_page,real_footage,classical_luxury,terrace_outdoor,real_existing,en,0.0,https://www.instagram.com/reel/DaJEHR_IkLN/,https://www.instagram.com/comosegreta/,"VERIFIED (public embed page, rounded, 2026-09-25)","VERIFIED (public topic pages; sample, not full account history)"
bvlgariresortbali,1,85000.0,651.0,24900.0,24900.0,24900.0,0.29294117647058826,0.29294117647058826,0.570446735395189,0.2824778433588634,2025-04-09T10:13:55.770000+00:00,2025-04-09T10:13:55.770000+00:00,bali-infinity-pool-villas,other,real_footage,tropical,pool,real_existing,en,0.0,https://www.instagram.com/reel/DIONlbwyOhy/,https://www.instagram.com/bvlgariresortbali/,"VERIFIED (public embed page, rounded, 2026-09-25)","VERIFIED (public topic pages; sample, not full account history)"
yamaseika.okinawa,1,41000.0,1680.0,24800.0,24800.0,24800.0,0.6048780487804878,0.6048780487804878,12.81653746770026,4.035653959463195,2026-03-14T23:59:21.772000+00:00,2026-03-14T23:59:21.772000+00:00,glass-house-in-forest,other,real_footage,other,other,real_existing,other,0.0,https://www.instagram.com/reel/DV4lhtpk54d/,https://www.instagram.com/yamaseika.okinawa/,"VERIFIED (public embed page, rounded, 2026-09-25)","VERIFIED (public topic pages; sample, not full account history)"
anaya.escapes,1,1000.0,171.0,24800.0,24800.0,24800.0,24.8,24.8,0.56815578465063,2.247053733599488,2025-08-18T04:54:42.065000+00:00,2025-08-18T04:54:42.065000+00:00,bali-infinity-pool-villas;bali-luxury-villas-with-private-pools,other,ai_generated,tropical,pool,stylized_dreamy,en,1.0,https://www.instagram.com/reel/DNe9L9cR7W-/,https://www.instagram.com/anaya.escapes/,"VERIFIED (public embed page, rounded, 2026-09-25)","VERIFIED (public topic pages; sample, not full account history)"
wiwiek_widya,1,16000.0,509.0,24700.0,24700.0,24700.0,1.54375,1.54375,0.26290580095795635,0.4875791607293206,2026-07-30T22:12:21.975000+00:00,2026-07-30T22:12:21.975000+00:00,glass-house,ai_creator,ai_generated,organic_modern,bedroom,stylized_dreamy,en,1.0,https://www.instagram.com/reel/Dbbu-y_Tn1l/,https://www.instagram.com/wiwiek_widya/,"VERIFIED (public embed page, rounded, 2026-09-25)","VERIFIED (public topic pages; sample, not full account history)"
antoinebn,1,278000.0,2109.0,24500.0,24500.0,24500.0,0.08812949640287769,0.08812949640287769,0.1192214111922141,0.04619105249657849,2026-08-10T15:07:18.920000+00:00,2026-08-10T15:07:18.920000+00:00,architecture-photography,theme_page,real_footage,classical_luxury,exterior_facade,real_existing,en,0.0,https://www.instagram.com/reel/Db3TFQXxSXm/,https://www.instagram.com/antoinebn/,"VERIFIED (public embed page, rounded, 2026-09-25)","VERIFIED (public topic pages; sample, not full account history)"
americas_realtor,1,256000.0,1365.0,24300.0,24300.0,24300.0,0.094921875,0.094921875,0.09878048780487805,0.08268307579764057,2026-08-24T19:33:39.343000+00:00,2026-08-24T19:33:39.343000+00:00,luxury-modern-beautiful-house,real_estate,real_footage,mediterranean,exterior_facade,real_existing,en,0.0,https://www.instagram.com/reel/Dcb0sPbOfXt/,https://www.instagram.com/americas_realtor/,"VERIFIED (public embed page, rounded, 2026-09-25)","VERIFIED (public topic pages; sample, not full account history)"
millionaire_homes,2,421000.0,1412.0,21100.0,24300.0,42200.0,0.0501187648456057,0.05771971496437055,0.03665851185194575,0.05017733791903746,2025-07-08T07:51:18.582000+00:00,2026-06-02T17:53:02.110000+00:00,luxury-mansion;mansion-tour,theme_page,real_footage,classical_luxury,exterior_facade,real_existing,en,0.0,https://www.instagram.com/reel/DL1szmuquLT/,https://www.instagram.com/millionaire_homes/,"VERIFIED (public embed page, rounded, 2026-09-25)","VERIFIED (public topic pages; sample, not full account history)"
ulohlifestyl,1,31000.0,214.0,24200.0,24200.0,24200.0,0.7806451612903226,0.7806451612903226,0.19391025641025642,0.2071725831889284,2025-12-20T09:43:53.248000+00:00,2025-12-20T09:43:53.248000+00:00,dreamy-walk-in-closet-designs-ideas;luxury-closet;walk-in-closet,designer_studio,real_footage,modern_luxury,closet,real_existing,en,0.0,https://www.instagram.com/reel/DSew2hjjDVz/,https://www.instagram.com/ulohlifestyl/,"VERIFIED (public embed page, rounded, 2026-09-25)","VERIFIED (public topic pages; sample, not full account history)"
xenosphera,1,74000.0,496.0,24200.0,24200.0,24200.0,0.327027027027027,0.327027027027027,0.14711246200607903,0.17284822174439088,2026-02-10T12:18:30.723000+00:00,2026-02-10T12:18:30.723000+00:00,futuristic-architecture,theme_page,ai_generated,futuristic,exterior_facade,stylized_dreamy,en,1.0,https://www.instagram.com/reel/DUk74h1DRGX/,https://www.instagram.com/xenosphera/,"VERIFIED (public embed page, rounded, 2026-09-25)","VERIFIED (public topic pages; sample, not full account history)"
by.abdulstudio,1,44000.0,631.0,23900.0,23900.0,23900.0,0.5431818181818182,0.5431818181818182,0.8581687612208259,0.23325212529630732,2024-05-20T09:36:02.393000+00:00,2024-05-20T09:36:02.393000+00:00,wabi-sabi-interior,designer_studio,3d_render,organic_modern,living_room,aspirational_realistic,en,0.0,https://www.instagram.com/reel/C7L3sbAAq4H/,https://www.instagram.com/by.abdulstudio/,"VERIFIED (public embed page, rounded, 2026-09-25)","VERIFIED (public topic pages; sample, not full account history)"
meggieferrerhome,1,,,23700.0,23700.0,23700.0,,,0.583743842364532,,2026-01-06T00:36:14.566000+00:00,2026-01-06T00:36:14.566000+00:00,coastal-bedroom-design-ideas,,,,,,,,https://www.instagram.com/reel/DTJjsVGjkPK/,https://www.instagram.com/meggieferrerhome/,UNKNOWN,"VERIFIED (public topic pages; sample, not full account history)"
agentthorburn,1,54000.0,390.0,23700.0,23700.0,23700.0,0.4388888888888889,0.4388888888888889,0.48466257668711654,0.55011033446936,2026-03-22T13:51:23.849000+00:00,2026-03-22T13:51:23.849000+00:00,miami-mansion,real_estate,real_footage,modern_luxury,exterior_facade,real_existing,en,0.0,https://www.instagram.com/reel/DWMGT14AITd/,https://www.instagram.com/agentthorburn/,"VERIFIED (public embed page, rounded, 2026-09-25)","VERIFIED (public topic pages; sample, not full account history)"
lamaisonarabe,1,97000.0,1422.0,23600.0,23600.0,23600.0,0.24329896907216494,0.24329896907216494,0.6020408163265306,0.24654901443515564,2025-06-20T15:21:51.695000+00:00,2025-06-20T15:21:51.695000+00:00,marrakech-riad,other,real_footage,traditional_regional,stairs_hall,real_existing,en,0.0,https://www.instagram.com/reel/DLIKDy7JlBl/,https://www.instagram.com/lamaisonarabe/,"VERIFIED (public embed page, rounded, 2026-09-25)","VERIFIED (public topic pages; sample, not full account history)"
staycationsoloraya,1,21000.0,694.0,23500.0,23500.0,23500.0,1.119047619047619,1.119047619047619,0.6412005457025921,0.5918490831896858,2024-08-30T17:29:13.659000+00:00,2024-08-30T17:29:13.659000+00:00,santorini-villa,theme_page,real_footage,mediterranean,pool,real_existing,id,0.0,https://www.instagram.com/reel/C_TW7ZxSL1k/,https://www.instagram.com/staycationsoloraya/,"VERIFIED (public embed page, rounded, 2026-09-25)","VERIFIED (public topic pages; sample, not full account history)"
hawaiitinyhomes,1,8000.0,98.0,23500.0,23500.0,23500.0,2.9375,2.9375,0.046906187624750496,0.22042721458006076,2024-08-24T19:53:24.113000+00:00,2024-08-24T19:53:24.113000+00:00,container-house,brand_manufacturer,real_footage,minimalist,kitchen,real_existing,en,0.0,https://www.instagram.com/reel/C_EKqHcSmYd/,https://www.instagram.com/hawaiitinyhomes/,"VERIFIED (public embed page, rounded, 2026-09-25)","VERIFIED (public topic pages; sample, not full account history)"
alexandradts,1,307000.0,1641.0,23100.0,23100.0,23100.0,0.0752442996742671,0.0752442996742671,0.5292096219931272,0.1437325885916962,2025-04-16T12:52:08.272000+00:00,2025-04-16T12:52:08.272000+00:00,bali-infinity-pool-villas,lifestyle_influencer,real_footage,tropical,pool,real_existing,en,0.0,https://www.instagram.com/reel/DIghQT7iZtR/,https://www.instagram.com/alexandradts/,"VERIFIED (public embed page, rounded, 2026-09-25)","VERIFIED (public topic pages; sample, not full account history)"
tremrahcelik,1,31000.0,365.0,23100.0,23100.0,23100.0,0.7451612903225806,0.7451612903225806,0.043137254901960784,0.1066360417175153,2023-07-18T16:53:31.456000+00:00,2023-07-18T16:53:31.456000+00:00,faroe-islands-luxury-villas,lifestyle_influencer,real_footage,traditional_regional,exterior_facade,real_existing,en,0.0,https://www.instagram.com/reel/Cu2JuBzoO4E/,https://www.instagram.com/tremrahcelik/,"VERIFIED (public embed page, rounded, 2026-09-25)","VERIFIED (public topic pages; sample, not full account history)"
danzadeldesign,1,11000.0,570.0,23000.0,23000.0,23000.0,2.090909090909091,2.090909090909091,1.2534059945504088,0.879738758898236,2025-11-15T10:33:11.585000+00:00,2025-11-15T10:33:11.585000+00:00,japandi-serenity-bedroom-design-ideas;wabi-sabi-interior,designer_studio,unclear,japandi,bedroom,aspirational_realistic,en,0.0,https://www.instagram.com/reel/DREurBkDRLP/,https://www.instagram.com/danzadeldesign/,"VERIFIED (public embed page, rounded, 2026-09-25)","VERIFIED (public topic pages; sample, not full account history)"
zibaq.inc,1,283000.0,1234.0,23000.0,23000.0,23000.0,0.0812720848056537,0.0812720848056537,0.09349593495934959,0.07467440730732511,2026-03-12T11:23:55.905000+00:00,2026-03-12T11:23:55.905000+00:00,luxury-modern-beautiful-house;ultra-modern-luxury-house-design,real_estate,real_footage,modern_luxury,exterior_facade,real_existing,en,0.0,https://www.instagram.com/reel/DVyFfBUDR02/,https://www.instagram.com/zibaq.inc/,"VERIFIED (public embed page, rounded, 2026-09-25)","VERIFIED (public topic pages; sample, not full account history)"
kamolonthepalm,1,23000.0,96.0,22900.0,22900.0,22900.0,0.9956521739130435,0.9956521739130435,0.19741379310344828,0.20317078425468493,2026-02-07T10:44:37.370000+00:00,2026-02-07T10:44:37.370000+00:00,dubai-luxury-penthouse;dubai-penthouse,real_estate,real_footage,modern_luxury,pool,real_existing,en,0.0,https://www.instagram.com/reel/DUdCwPQimyZ/,https://www.instagram.com/kamolonthepalm/,"VERIFIED (public embed page, rounded, 2026-09-25)","VERIFIED (public topic pages; sample, not full account history)"
chuvadanaturezaa,1,1000.0,145.0,22700.0,22700.0,22700.0,22.7,22.7,0.16042402826855123,0.7336983271495161,2026-04-02T03:16:12.224000+00:00,2026-04-02T03:16:12.224000+00:00,rain-sounds,theme_page,ai_generated,rustic_cozy,terrace_outdoor,stylized_dreamy,es,1.0,https://www.instagram.com/reel/DWnSXKzjQuL/,https://www.instagram.com/chuvadanaturezaa/,"VERIFIED (public embed page, rounded, 2026-09-25)","VERIFIED (public topic pages; sample, not full account history)"
lyubovspaces,1,12000.0,33.0,22600.0,22600.0,22600.0,1.8833333333333333,1.8833333333333333,0.5621890547263682,1.1558043370682476,2026-09-03T16:11:47.134000+00:00,2026-09-03T16:11:47.134000+00:00,desert-house,ai_creator,ai_generated,organic_modern,exterior_facade,fantasy_impossible,en,1.0,https://www.instagram.com/reel/Dc1Nicyg5uE/,https://www.instagram.com/lyubovspaces/,"VERIFIED (public embed page, rounded, 2026-09-25)","VERIFIED (public topic pages; sample, not full account history)"
architectures0ciety,1,72000.0,431.0,22600.0,22600.0,22600.0,0.3138888888888889,0.3138888888888889,0.3788767812238055,0.1760748716873924,2025-12-07T10:41:21.885000+00:00,2025-12-07T10:41:21.885000+00:00,luxury-apartment,theme_page,real_footage,modern_luxury,living_room,real_existing,en,0.0,https://www.instagram.com/reel/DR9ZGICAvoC/,https://www.instagram.com/architectures0ciety/,"VERIFIED (public embed page, rounded, 2026-09-25)","VERIFIED (public topic pages; sample, not full account history)"
aguzm.imagine,1,39000.0,267.0,22500.0,22500.0,22500.0,0.5769230769230769,0.5769230769230769,0.240128068303095,0.5074607960478941,2026-07-31T08:01:02.612000+00:00,2026-07-31T08:01:02.612000+00:00,futuristic-architecture-designs-2026,designer_studio,3d_render,modern_luxury,exterior_facade,aspirational_realistic,en,0.0,https://www.instagram.com/reel/DbcyWZdz5Al/,https://www.instagram.com/aguzm.imagine/,"VERIFIED (public embed page, rounded, 2026-09-25)","VERIFIED (public topic pages; sample, not full account history)"
ubud.property,1,104000.0,2291.0,22200.0,22200.0,22200.0,0.21346153846153845,0.21346153846153845,0.5085910652920962,0.22917187733537037,2026-04-27T09:06:19.970000+00:00,2026-04-27T09:06:19.970000+00:00,bali-infinity-pool-villas,real_estate,real_footage,tropical,pool,real_existing,en,0.0,https://www.instagram.com/reel/DXoSTd0kSCs/,https://www.instagram.com/ubud.property/,"VERIFIED (public embed page, rounded, 2026-09-25)","VERIFIED (public topic pages; sample, not full account history)"
relaxingwithraine,1,652000.0,3318.0,21900.0,21900.0,21900.0,0.033588957055214724,0.033588957055214724,0.09201680672268908,0.03216015171464714,2026-05-24T12:54:10.748000+00:00,2026-05-24T12:54:10.748000+00:00,tropical-house-architecture-styles,theme_page,ai_generated,rustic_cozy,garden_landscape,stylized_dreamy,en,1.0,https://www.instagram.com/reel/DYuN14xsBlJ/,https://www.instagram.com/relaxingwithraine/,"VERIFIED (public embed page, rounded, 2026-09-25)","VERIFIED (public topic pages; sample, not full account history)"
m.a_customcabinets,1,7000.0,45.0,21900.0,21900.0,21900.0,3.1285714285714286,3.1285714285714286,0.036591478696741855,0.32968265561426935,2025-12-13T08:59:24.963000+00:00,2025-12-13T08:59:24.963000+00:00,modern-kitchen,contractor_trade,real_footage,modern_luxury,kitchen,real_existing,en,0.0,https://www.instagram.com/reel/DSMqMrlF7gR/,https://www.instagram.com/m.a_customcabinets/,"VERIFIED (public embed page, rounded, 2026-09-25)","VERIFIED (public topic pages; sample, not full account history)"
villamurah_diubud,1,51000.0,634.0,21900.0,21900.0,21900.0,0.4294117647058823,0.4294117647058823,0.5017182130584192,0.31549056796668673,2026-06-25T06:59:38.040000+00:00,2026-06-25T06:59:38.040000+00:00,bali-infinity-pool-villas,other,real_footage,tropical,pool,real_existing,en,0.0,https://www.instagram.com/reel/DZ_-tHvyjvG/,https://www.instagram.com/villamurah_diubud/,"VERIFIED (public embed page, rounded, 2026-09-25)","VERIFIED (public topic pages; sample, not full account history)"
mrsbarbarankansah,1,21000.0,687.0,21700.0,21700.0,21700.0,1.0333333333333334,1.0333333333333334,0.035,0.22051184293457207,2026-01-14T17:06:37.123000+00:00,2026-01-14T17:06:37.123000+00:00,bathroom-design,lifestyle_influencer,real_footage,modern_luxury,bathroom,real_existing,en,0.0,https://www.instagram.com/reel/DTf7ZD1CVPR/,https://www.instagram.com/mrsbarbarankansah/,"VERIFIED (public embed page, rounded, 2026-09-25)","VERIFIED (public topic pages; sample, not full account history)"
nature._.serenity,1,213000.0,2283.0,21600.0,21600.0,21600.0,0.10140845070422536,0.10140845070422536,0.03945205479452055,0.0768415251995208,2026-01-20T04:01:46.359000+00:00,2026-01-20T04:01:46.359000+00:00,ai-generated-house,theme_page,ai_generated,rustic_cozy,exterior_facade,stylized_dreamy,en,1.0,https://www.instagram.com/reel/DTt-V7PEs2U/,https://www.instagram.com/nature._.serenity/,"VERIFIED (public embed page, rounded, 2026-09-25)","VERIFIED (public topic pages; sample, not full account history)"
luxurysevenstars,1,650.0,104.0,21400.0,21400.0,21400.0,32.92307692307692,32.92307692307692,0.32621951219512196,0.6994320425391243,2023-12-11T17:17:17.851000+00:00,2023-12-11T17:17:17.851000+00:00,ai-interior;futuristic-home,theme_page,ai_generated,dark_luxury,living_room,stylized_dreamy,en,1.0,https://www.instagram.com/reel/C0uIf5hNcuv/,https://www.instagram.com/luxurysevenstars/,"VERIFIED (public embed page, rounded, 2026-09-25)","VERIFIED (public topic pages; sample, not full account history)"
interioralchemyhq,3,6000.0,455.0,7208.0,21300.0,35456.0,1.2013333333333334,3.55,0.0674235807860262,0.24396658625370882,2024-07-26T05:34:39.207000+00:00,2026-04-16T11:26:31.666000+00:00,green-minimalist-interior-design;luxury-living-room;minimalist-art-deco-interior-design,designer_studio,ai_generated,dark_luxury,bedroom,aspirational_realistic,en,0.5,https://www.instagram.com/reel/C939VFHCVCS/,https://www.instagram.com/interioralchemyhq/,"VERIFIED (public embed page, rounded, 2026-09-25)","VERIFIED (public topic pages; sample, not full account history)"
fang_tokyo_us,1,154000.0,835.0,21300.0,21300.0,21300.0,0.1383116883116883,0.1383116883116883,0.21078673923800098,0.0700431019868354,2026-07-17T23:02:25.372000+00:00,2026-07-17T23:02:25.372000+00:00,tokyo-apartment,real_estate,real_footage,other,exterior_facade,real_existing,en,0.0,https://www.instagram.com/reel/Da6WYDBybn1/,https://www.instagram.com/fang_tokyo_us/,"VERIFIED (public embed page, rounded, 2026-09-25)","VERIFIED (public topic pages; sample, not full account history)"
pushpinder.revo,1,49000.0,823.0,21200.0,21200.0,21200.0,0.4326530612244898,0.4326530612244898,0.0664576802507837,0.05310658094247444,2026-08-10T15:22:53.222000+00:00,2026-08-10T15:22:53.222000+00:00,dubai-villa,real_estate,real_footage,modern_luxury,exterior_facade,real_existing,en,0.0,https://www.instagram.com/reel/Db3U3TmtYHa/,https://www.instagram.com/pushpinder.revo/,"VERIFIED (public embed page, rounded, 2026-09-25)","VERIFIED (public topic pages; sample, not full account history)"
danbcustomclosets,1,2000.0,84.0,21000.0,21000.0,21000.0,10.5,10.5,0.061046511627906974,0.44358837101377435,2025-06-19T18:04:08.869000+00:00,2025-06-19T18:04:08.869000+00:00,luxury-closet,contractor_trade,real_footage,warm_luxury,closet,real_existing,en,0.0,https://www.instagram.com/reel/DLF31imOez9/,https://www.instagram.com/danbcustomclosets/,"VERIFIED (public embed page, rounded, 2026-09-25)","VERIFIED (public topic pages; sample, not full account history)"
travelopod,1,21000.0,715.0,21000.0,21000.0,21000.0,1.0,1.0,0.07763401109057301,0.1567749162002797,2026-02-16T16:29:28.987000+00:00,2026-02-16T16:29:28.987000+00:00,luxury-hotel,other,real_footage,modern_luxury,exterior_facade,real_existing,en,0.0,https://www.instagram.com/reel/DU01X8hCKkd/,https://www.instagram.com/travelopod/,"VERIFIED (public embed page, rounded, 2026-09-25)","VERIFIED (public topic pages; sample, not full account history)"
abita.house,1,29000.0,202.0,21000.0,21000.0,21000.0,0.7241379310344828,0.7241379310344828,0.3885291396854764,0.5002450311265789,2025-08-20T06:05:40.013000+00:00,2025-08-20T06:05:40.013000+00:00,industrial-interior,contractor_trade,real_footage,industrial,living_room,real_existing,id,0.0,https://www.instagram.com/reel/DNkO5eqSeI7/,https://www.instagram.com/abita.house/,"VERIFIED (public embed page, rounded, 2026-09-25)","VERIFIED (public topic pages; sample, not full account history)"
adionainteriors,1,17000.0,330.0,21000.0,21000.0,21000.0,1.2352941176470589,1.2352941176470589,0.05166051660516605,0.1316038682646951,2026-08-27T10:25:23.895000+00:00,2026-08-27T10:25:23.895000+00:00,dream-kitchens,designer_studio,unclear,classical_luxury,kitchen,aspirational_realistic,en,0.0,https://www.instagram.com/reel/DcikVTvACU8/,https://www.instagram.com/adionainteriors/,"VERIFIED (public embed page, rounded, 2026-09-25)","VERIFIED (public topic pages; sample, not full account history)"
clasycore,1,25000.0,339.0,20900.0,20900.0,20900.0,0.836,0.836,0.044897959183673466,0.14743008007001268,2025-07-12T18:20:44.626000+00:00,2025-07-12T18:20:44.626000+00:00,luxury-lifestyle,theme_page,real_footage,mediterranean,exterior_facade,real_existing,en,0.0,https://www.instagram.com/reel/DMBIBN8yRl4/,https://www.instagram.com/clasycore/,"VERIFIED (public embed page, rounded, 2026-09-25)","VERIFIED (public topic pages; sample, not full account history)"
cheilanicki,1,15000.0,224.0,20600.0,20600.0,20600.0,1.3733333333333333,1.3733333333333333,0.5255102040816326,0.5152387238486493,2024-11-21T21:16:43.376000+00:00,2024-11-21T21:16:43.376000+00:00,marrakech-riad,lifestyle_influencer,real_footage,traditional_regional,pool,real_existing,en,0.0,https://www.instagram.com/reel/DCpe8QLuYgV/,https://www.instagram.com/cheilanicki/,"VERIFIED (public embed page, rounded, 2026-09-25)","VERIFIED (public topic pages; sample, not full account history)"
theusarmenians,1,213000.0,12342.0,20500.0,20500.0,20500.0,0.09624413145539906,0.09624413145539906,42.1377183967112,2.455491367664086,2026-02-25T19:58:24.883000+00:00,2026-02-25T19:58:24.883000+00:00,impossible-architecture,media_publication,real_footage,other,exterior_facade,real_existing,en,0.0,https://www.instagram.com/reel/DVMYcFNAARF/,https://www.instagram.com/theusarmenians/,"VERIFIED (public embed page, rounded, 2026-09-25)","VERIFIED (public topic pages; sample, not full account history)"
kochteam,1,16000.0,2053.0,20400.0,20400.0,20400.0,1.275,1.275,0.7654784240150094,0.7257358766782255,2026-01-16T20:27:58.735000+00:00,2026-01-16T20:27:58.735000+00:00,houses-on-malibu-beach,real_estate,real_footage,tropical,pool,real_existing,en,0.0,https://www.instagram.com/reel/DTlcBnbD-zq/,https://www.instagram.com/kochteam/,"VERIFIED (public embed page, rounded, 2026-09-25)","VERIFIED (public topic pages; sample, not full account history)"
toronto.luxury.houses,1,57000.0,1549.0,20200.0,20200.0,20200.0,0.3543859649122807,0.3543859649122807,0.07829457364341086,0.5203297252500475,2025-09-21T09:46:29.043000+00:00,2025-09-21T09:46:29.043000+00:00,luxury-real-estate-mansion-exterior,theme_page,ai_generated,dark_luxury,exterior_facade,stylized_dreamy,en,1.0,https://www.instagram.com/reel/DO3BmytDgtO/,https://www.instagram.com/toronto.luxury.houses/,"VERIFIED (public embed page, rounded, 2026-09-25)","VERIFIED (public topic pages; sample, not full account history)"
architectural.desiign,1,307000.0,4217.0,20000.0,20000.0,20000.0,0.06514657980456026,0.06514657980456026,0.4214963119072708,0.1273949528907769,2025-09-07T20:30:11.635000+00:00,2025-09-07T20:30:11.635000+00:00,desert-modern-house-tours,theme_page,ai_generated,organic_modern,terrace_outdoor,aspirational_realistic,en,1.0,https://www.instagram.com/reel/DOUIJNtDcuz/,https://www.instagram.com/architectural.desiign/,"VERIFIED (public embed page, rounded, 2026-09-25)","VERIFIED (public topic pages; sample, not full account history)"
noahhillcabin,1,8000.0,118.0,20000.0,20000.0,20000.0,2.5,2.5,0.17857142857142858,0.503187008693957,2026-08-22T09:26:02.225000+00:00,2026-08-22T09:26:02.225000+00:00,a-frame-cabin,other,real_footage,rustic_cozy,living_room,real_existing,other,0.0,https://www.instagram.com/reel/DcVlkKMO7DG/,https://www.instagram.com/noahhillcabin/,"VERIFIED (public embed page, rounded, 2026-09-25)","VERIFIED (public topic pages; sample, not full account history)"
thewelldressedaspen,1,30000.0,208.0,20000.0,20000.0,20000.0,0.6666666666666666,0.6666666666666666,0.32786885245901637,0.8205305866437199,2026-07-01T23:39:20.940000+00:00,2026-07-01T23:39:20.940000+00:00,aspen,other,real_footage,other,none_person_only,real_existing,en,0.0,https://www.instagram.com/reel/DaRN4gJx6Ft/,https://www.instagram.com/thewelldressedaspen/,"VERIFIED (public embed page, rounded, 2026-09-25)","VERIFIED (public topic pages; sample, not full account history)"
cypriot.ai,1,512000.0,581.0,19700.0,19700.0,19700.0,0.0384765625,0.0384765625,0.052254641909814326,0.030032247386423853,2026-03-21T19:04:09.647000+00:00,2026-03-21T19:04:09.647000+00:00,saudi-arabia-architecture,ai_creator,ai_generated,organic_modern,exterior_facade,fantasy_impossible,en,1.0,https://www.instagram.com/reel/DWKFTtrDfmn/,https://www.instagram.com/cypriot.ai/,"VERIFIED (public embed page, rounded, 2026-09-25)","VERIFIED (public topic pages; sample, not full account history)"
matthew_giampietro,1,161000.0,1189.0,19600.0,19600.0,19600.0,0.12173913043478261,0.12173913043478261,0.018031278748850046,0.018168531966645595,2026-06-28T12:50:47.070000+00:00,2026-06-28T12:50:47.070000+00:00,luxury-garden,designer_studio,real_footage,other,garden_landscape,real_existing,en,0.0,https://www.instagram.com/reel/DaIVRpiz6rm/,https://www.instagram.com/matthew_giampietro/,"VERIFIED (public embed page, rounded, 2026-09-25)","VERIFIED (public topic pages; sample, not full account history)"
barbosalandscaping,1,62000.0,1583.0,19600.0,19600.0,19600.0,0.3161290322580645,0.3161290322580645,0.05536723163841808,0.048954950099241196,2026-04-14T06:08:26.012000+00:00,2026-04-14T06:08:26.012000+00:00,landscape-design;landscape-design-ai,contractor_trade,ai_generated,modern_luxury,garden_landscape,aspirational_realistic,en,1.0,https://www.instagram.com/reel/DXGfnHhj8PS/,https://www.instagram.com/barbosalandscaping/,"VERIFIED (public embed page, rounded, 2026-09-25)","VERIFIED (public topic pages; sample, not full account history)"
the.moodcrafters,1,2000.0,20.0,19500.0,19500.0,19500.0,9.75,9.75,0.07768924302788845,0.6645618728336773,2025-03-07T07:58:13.524000+00:00,2025-03-07T07:58:13.524000+00:00,mid-century-modern-living-room-ideas,designer_studio,real_footage,mid_century,living_room,real_existing,en,0.0,https://www.instagram.com/reel/DG4_0odxPvN/,https://www.instagram.com/the.moodcrafters/,"VERIFIED (public embed page, rounded, 2026-09-25)","VERIFIED (public topic pages; sample, not full account history)"
makeshopfurnishings,1,,,19300.0,19300.0,19300.0,,,0.16495726495726495,,2026-02-24T23:33:04.316000+00:00,2026-02-24T23:33:04.316000+00:00,organic-modern-kitchen-designs,,,,,,,,https://www.instagram.com/reel/DVKMNZxkblm/,https://www.instagram.com/makeshopfurnishings/,UNKNOWN,"VERIFIED (public topic pages; sample, not full account history)"
nestor_milic,1,28000.0,204.0,19200.0,19200.0,19200.0,0.6857142857142857,0.6857142857142857,0.08827586206896551,0.13786617721213593,2026-01-17T12:57:50.295000+00:00,2026-01-17T12:57:50.295000+00:00,penthouse-tour,other,real_footage,modern_luxury,terrace_outdoor,real_existing,en,0.0,https://www.instagram.com/reel/DTnNTj_CKpP/,https://www.instagram.com/nestor_milic/,"VERIFIED (public embed page, rounded, 2026-09-25)","VERIFIED (public topic pages; sample, not full account history)"
visitnewyork,1,142000.0,6093.0,19100.0,19100.0,19100.0,0.13450704225352111,0.13450704225352111,0.10052631578947369,0.13338379860845764,2025-06-12T07:07:39.682000+00:00,2025-06-12T07:07:39.682000+00:00,rooftop-pool,media_publication,real_footage,modern_luxury,pool,real_existing,en,0.0,https://www.instagram.com/reel/DKyrJKkyipT/,https://www.instagram.com/visitnewyork/,"VERIFIED (public embed page, rounded, 2026-09-25)","VERIFIED (public topic pages; sample, not full account history)"
hazel._finds,1,59000.0,1322.0,19000.0,19000.0,19000.0,0.3220338983050847,0.3220338983050847,0.0054285714285714284,0.04818054685996844,2024-11-02T20:05:13.919000+00:00,2024-11-02T20:05:13.919000+00:00,dream-room,theme_page,real_footage,glam_feminine,bedroom,real_existing,en,0.0,https://www.instagram.com/reel/DB4bqAzI9LB/,https://www.instagram.com/hazel._finds/,"VERIFIED (public embed page, rounded, 2026-09-25)","VERIFIED (public topic pages; sample, not full account history)"
interiorvisiondrawnbyhand,1,19000.0,547.0,19000.0,19000.0,19000.0,1.0,1.0,0.13768115942028986,0.1590636768496891,2025-10-16T13:52:54.800000+00:00,2025-10-16T13:52:54.800000+00:00,minimalist-art-deco-interior-design,designer_studio,real_footage,mid_century,living_room,real_existing,en,0.0,https://www.instagram.com/reel/DP31rkbiiBU/,https://www.instagram.com/interiorvisiondrawnbyhand/,"VERIFIED (public embed page, rounded, 2026-09-25)","VERIFIED (public topic pages; sample, not full account history)"
cozyroom_10,2,188000.0,1222.0,16250.0,19000.0,32500.0,0.08643617021276595,0.10106382978723404,0.05390526842240086,0.06768704601680209,2025-04-15T03:11:34.914000+00:00,2026-04-11T13:30:39.077000+00:00,future-home;rain-cozy,ai_creator,ai_generated,industrial,bedroom,aspirational_realistic,en,1.0,https://www.instagram.com/reel/DIc6BUUhIS5/,https://www.instagram.com/cozyroom_10/,"VERIFIED (public embed page, rounded, 2026-09-25)","VERIFIED (public topic pages; sample, not full account history)"
hansendesignfirm,1,21000.0,640.0,18600.0,18600.0,18600.0,0.8857142857142857,0.8857142857142857,0.2065519156024431,0.3910602340871448,2025-07-16T00:45:33.198000+00:00,2025-07-16T00:45:33.198000+00:00,home-office-design,designer_studio,real_footage,warm_luxury,office,real_existing,en,0.0,https://www.instagram.com/reel/DMJicRauZ4W/,https://www.instagram.com/hansendesignfirm/,"VERIFIED (public embed page, rounded, 2026-09-25)","VERIFIED (public topic pages; sample, not full account history)"
dee_interiors_haven,1,17000.0,187.0,18600.0,18600.0,18600.0,1.0941176470588236,1.0941176470588236,0.15897435897435896,0.4023811220009311,2026-03-26T12:04:19.319000+00:00,2026-03-26T12:04:19.319000+00:00,organic-modern-kitchen-designs,contractor_trade,ai_generated,modern_luxury,kitchen,aspirational_realistic,en,1.0,https://www.instagram.com/reel/DWWNPGPDWHH/,https://www.instagram.com/dee_interiors_haven/,"VERIFIED (public embed page, rounded, 2026-09-25)","VERIFIED (public topic pages; sample, not full account history)"
ellys.spaces,1,185000.0,111.0,18500.0,18500.0,18500.0,0.1,0.1,0.4805194805194805,0.2305404981881082,2026-06-17T14:24:32.970000+00:00,2026-06-17T14:24:32.970000+00:00,industrial-chic-interior-design,theme_page,ai_generated,industrial,kitchen,aspirational_realistic,en,1.0,https://www.instagram.com/reel/DZsLQx4sQTT/,https://www.instagram.com/ellys.spaces/,"VERIFIED (public embed page, rounded, 2026-09-25)","VERIFIED (public topic pages; sample, not full account history)"
travelwithdalt,1,834000.0,669.0,18200.0,18200.0,18200.0,0.02182254196642686,0.02182254196642686,0.011375,0.014977653586216144,2026-06-08T20:37:50.177000+00:00,2026-06-08T20:37:50.177000+00:00,treehouse-hotel,lifestyle_influencer,real_footage,rustic_cozy,exterior_facade,real_existing,en,0.0,https://www.instagram.com/reel/DZVq08EJrFK/,https://www.instagram.com/travelwithdalt/,"VERIFIED (public embed page, rounded, 2026-09-25)","VERIFIED (public topic pages; sample, not full account history)"
the.sustainable.bungalow,1,7000.0,547.0,18200.0,18200.0,18200.0,2.6,2.6,0.20210993892282064,0.6396591554260644,2025-08-04T12:40:23.312000+00:00,2025-08-04T12:40:23.312000+00:00,home-office-design,lifestyle_influencer,real_footage,other,office,real_existing,en,0.0,https://www.instagram.com/reel/DM7vWgbq-gL/,https://www.instagram.com/the.sustainable.bungalow/,"VERIFIED (public embed page, rounded, 2026-09-25)","VERIFIED (public topic pages; sample, not full account history)"
arcsurfaces.co,1,4000.0,136.0,18200.0,18200.0,18200.0,4.55,4.55,0.6535008976660682,0.5451948071135938,2026-04-18T02:00:42.917000+00:00,2026-04-18T02:00:42.917000+00:00,wabi-sabi-interior,brand_manufacturer,unclear,japandi,stairs_hall,aspirational_realistic,en,0.0,https://www.instagram.com/reel/DXQWcRmSb28/,https://www.instagram.com/arcsurfaces.co/,"VERIFIED (public embed page, rounded, 2026-09-25)","VERIFIED (public topic pages; sample, not full account history)"
dreamespaceai,1,468.0,343.0,18100.0,18100.0,18100.0,38.675213675213676,38.675213675213676,0.2759146341463415,0.9587150169406501,2026-01-27T13:14:55.055000+00:00,2026-01-27T13:14:55.055000+00:00,ai-house-design;ai-interior;futuristic-home,ai_creator,ai_generated,modern_luxury,living_room,stylized_dreamy,en,1.0,https://www.instagram.com/reel/DUA_NZ7D18W/,https://www.instagram.com/dreamespaceai/,"VERIFIED (public embed page, rounded, 2026-09-25)","VERIFIED (public topic pages; sample, not full account history)"
wildreamhom3,1,,,18000.0,18000.0,18000.0,,,0.1056338028169014,,2024-12-07T14:36:02.669000+00:00,2024-12-07T14:36:02.669000+00:00,cozy-cabin-in-the-snow;cozy-winter-cabin,,,,,,,,https://www.instagram.com/reel/DDR9zmKTcR-/,https://www.instagram.com/wildreamhom3/,UNKNOWN,"VERIFIED (public topic pages; sample, not full account history)"
neuuralviibes,1,894.0,1.0,18000.0,18000.0,18000.0,20.13422818791946,20.13422818791946,0.03498542274052478,0.44243050591984,2026-02-18T12:18:30.029000+00:00,2026-02-18T12:18:30.029000+00:00,inside-underground-bunker-house,ai_creator,ai_generated,other,none_person_only,aspirational_realistic,en,1.0,https://www.instagram.com/reel/DU5iPcaDcr1/,https://www.instagram.com/neuuralviibes/,"VERIFIED (public embed page, rounded, 2026-09-25)","VERIFIED (public topic pages; sample, not full account history)"
the_greyy_palette,1,49000.0,407.0,17900.0,17900.0,17900.0,0.3653061224489796,0.3653061224489796,0.17370208636584183,0.23537813138015015,2026-06-08T04:38:33.529000+00:00,2026-06-08T04:38:33.529000+00:00,green-minimalist-interior-design,theme_page,unclear,organic_modern,living_room,aspirational_realistic,en,0.0,https://www.instagram.com/reel/DZT9C-wSYo_/,https://www.instagram.com/the_greyy_palette/,"VERIFIED (public embed page, rounded, 2026-09-25)","VERIFIED (public topic pages; sample, not full account history)"
jwmarriottjkt,1,41000.0,2067.0,17800.0,17800.0,17800.0,0.43414634146341463,0.43414634146341463,0.12805755395683452,0.3291981792901143,2025-11-14T08:36:17.384000+00:00,2025-11-14T08:36:17.384000+00:00,luxury-suite,other,real_footage,modern_luxury,hotel_room,real_existing,en,0.0,https://www.instagram.com/reel/DRB8f7Hkf8J/,https://www.instagram.com/jwmarriottjkt/,"VERIFIED (public embed page, rounded, 2026-09-25)","VERIFIED (public topic pages; sample, not full account history)"
masiartfurniture,1,44000.0,334.0,17800.0,17800.0,17800.0,0.40454545454545454,0.40454545454545454,0.0614853195164076,0.12375022456527912,2026-03-26T16:49:44.844000+00:00,2026-03-26T16:49:44.844000+00:00,futuristic-interior,brand_manufacturer,real_footage,futuristic,other,real_existing,en,0.0,https://www.instagram.com/reel/DWWt5nZjcQM/,https://www.instagram.com/masiartfurniture/,"VERIFIED (public embed page, rounded, 2026-09-25)","VERIFIED (public topic pages; sample, not full account history)"
brigrc,1,187000.0,3376.0,17600.0,17600.0,17600.0,0.09411764705882353,0.09411764705882353,0.48753462603878117,0.1795169643055757,2025-06-06T18:13:21.569000+00:00,2025-06-06T18:13:21.569000+00:00,como-lake-villas,theme_page,real_footage,mediterranean,exterior_facade,real_existing,en,0.0,https://www.instagram.com/reel/DKkajokNjdD/,https://www.instagram.com/brigrc/,"VERIFIED (public embed page, rounded, 2026-09-25)","VERIFIED (public topic pages; sample, not full account history)"
interiorbymumbi,1,37000.0,946.0,17600.0,17600.0,17600.0,0.4756756756756757,0.4756756756756757,0.17137293086660174,0.1849744789370298,2026-05-06T13:25:21.599000+00:00,2026-05-06T13:25:21.599000+00:00,kids-room-design,theme_page,unclear,japandi,bedroom,stylized_dreamy,en,0.0,https://www.instagram.com/reel/DX_7GgzRWxg/,https://www.instagram.com/interiorbymumbi/,"VERIFIED (public embed page, rounded, 2026-09-25)","VERIFIED (public topic pages; sample, not full account history)"
edvardtravels97,1,16000.0,266.0,17300.0,17300.0,17300.0,1.08125,1.08125,0.4792243767313019,0.5571927013956962,2026-01-01T15:46:23.715000+00:00,2026-01-01T15:46:23.715000+00:00,como-lake-villas,lifestyle_influencer,real_footage,mediterranean,terrace_outdoor,real_existing,en,0.0,https://www.instagram.com/reel/DS-T4HFCM30/,https://www.instagram.com/edvardtravels97/,"VERIFIED (public embed page, rounded, 2026-09-25)","VERIFIED (public topic pages; sample, not full account history)"
lacasastudio0,1,13000.0,82.0,17300.0,17300.0,17300.0,1.3307692307692307,1.3307692307692307,0.3264150943396226,0.819721965864228,2024-09-20T20:34:25.619000+00:00,2024-09-20T20:34:25.619000+00:00,glass-house-photos,contractor_trade,real_footage,modern_luxury,terrace_outdoor,real_existing,en,0.0,https://www.instagram.com/reel/DAJw0N9R1NZ/,https://www.instagram.com/lacasastudio0/,"VERIFIED (public embed page, rounded, 2026-09-25)","VERIFIED (public topic pages; sample, not full account history)"
virasatvillabanquets,1,4000.0,76.0,17300.0,17300.0,17300.0,4.325,4.325,0.1039039039039039,0.3010289934905216,2024-08-21T07:39:56.825000+00:00,2024-08-21T07:39:56.825000+00:00,villa-with-pool,other,real_footage,tropical,pool,real_existing,en,0.0,https://www.instagram.com/reel/C-7IVggSXeM/,https://www.instagram.com/virasatvillabanquets/,"VERIFIED (public embed page, rounded, 2026-09-25)","VERIFIED (public topic pages; sample, not full account history)"
ruth_with_room,1,99000.0,77.0,17200.0,17200.0,17200.0,0.17373737373737375,0.17373737373737375,0.03076923076923077,0.02266299486926794,2026-08-10T07:51:45.754000+00:00,2026-08-10T07:51:45.754000+00:00,cozy-room,lifestyle_influencer,unclear,japandi,bedroom,aspirational_realistic,en,0.0,https://www.instagram.com/reel/Db2hPLAp_lv/,https://www.instagram.com/ruth_with_room/,"VERIFIED (public embed page, rounded, 2026-09-25)","VERIFIED (public topic pages; sample, not full account history)"
charlottejaynewalton,1,27000.0,1329.0,17200.0,17200.0,17200.0,0.6370370370370371,0.6370370370370371,0.4387755102040816,0.3267987789207163,2026-04-08T13:07:15.774000+00:00,2026-04-08T13:07:15.774000+00:00,marrakech-riad,lifestyle_influencer,real_footage,traditional_regional,lobby_common,real_existing,en,0.0,https://www.instagram.com/reel/DW3yxdyiEWU/,https://www.instagram.com/charlottejaynewalton/,"VERIFIED (public embed page, rounded, 2026-09-25)","VERIFIED (public topic pages; sample, not full account history)"
aifordesigners.online,1,147000.0,536.0,17200.0,17200.0,17200.0,0.11700680272108843,0.11700680272108843,0.010002907822041291,0.055165221706071375,2025-09-04T16:34:28.356000+00:00,2025-09-04T16:34:28.356000+00:00,ai-interior-design,ai_creator,ai_generated,mediterranean,terrace_outdoor,aspirational_realistic,en,1.0,https://www.instagram.com/reel/DOL-yHViGVY/,https://www.instagram.com/aifordesigners.online/,"VERIFIED (public embed page, rounded, 2026-09-25)","VERIFIED (public topic pages; sample, not full account history)"
hf.design.studio,1,20000.0,77.0,17100.0,17100.0,17100.0,0.855,0.855,0.22937625754527163,0.21956266460425716,2026-06-23T15:50:23.436000+00:00,2026-06-23T15:50:23.436000+00:00,scandinavian-interior-design-styles,designer_studio,ai_generated,minimalist,living_room,aspirational_realistic,en,1.0,https://www.instagram.com/reel/DZ7x2v5utI5/,https://www.instagram.com/hf.design.studio/,"VERIFIED (public embed page, rounded, 2026-09-25)","VERIFIED (public topic pages; sample, not full account history)"
future.architects_,1,841000.0,5985.0,17100.0,17100.0,17100.0,0.02033293697978597,0.02033293697978597,0.31932773109243695,0.13381975095692114,2024-12-06T14:55:25.389000+00:00,2024-12-06T14:55:25.389000+00:00,future-houses-2050,theme_page,ai_generated,futuristic,exterior_facade,stylized_dreamy,en,1.0,https://www.instagram.com/reel/DDPbOp6MAq8/,https://www.instagram.com/future.architects_/,"VERIFIED (public embed page, rounded, 2026-09-25)","VERIFIED (public topic pages; sample, not full account history)"
zoomaproperties,1,8000.0,412.0,17000.0,17000.0,17000.0,2.125,2.125,0.05329153605015674,0.09939987179858936,2026-04-06T07:28:36.891000+00:00,2026-04-06T07:28:36.891000+00:00,dubai-villa,real_estate,real_footage,modern_luxury,exterior_facade,real_existing,en,0.0,https://www.instagram.com/reel/DWyCbYhDNfE/,https://www.instagram.com/zoomaproperties/,"VERIFIED (public embed page, rounded, 2026-09-25)","VERIFIED (public topic pages; sample, not full account history)"
sunny.palace,1,6000.0,187.0,17000.0,17000.0,17000.0,2.8333333333333335,2.8333333333333335,4.884355696020687,4.712487214319275,2023-09-29T09:10:00.189000+00:00,2023-09-29T09:10:00.189000+00:00,surreal-architecture,other,real_footage,traditional_regional,exterior_facade,real_existing,en,0.0,https://www.instagram.com/reel/CxxSs-SRDrD/,https://www.instagram.com/sunny.palace/,"VERIFIED (public embed page, rounded, 2026-09-25)","VERIFIED (public topic pages; sample, not full account history)"
victorianhousejourney,1,18000.0,704.0,16800.0,16800.0,16800.0,0.9333333333333333,0.9333333333333333,0.08527918781725888,0.2225543488538509,2026-08-14T06:54:05.696000+00:00,2026-08-14T06:54:05.696000+00:00,house-tour,lifestyle_influencer,real_footage,traditional_regional,stairs_hall,real_existing,en,0.0,https://www.instagram.com/reel/DcAt0TTsF6k/,https://www.instagram.com/victorianhousejourney/,"VERIFIED (public embed page, rounded, 2026-09-25)","VERIFIED (public topic pages; sample, not full account history)"
cloudscomm,1,135000.0,3812.0,16700.0,16700.0,16700.0,0.1237037037037037,0.1237037037037037,0.10893672537508153,0.040698383635142894,2026-02-03T06:39:05.936000+00:00,2026-02-03T06:39:05.936000+00:00,beach-house,theme_page,real_footage,tropical,pool,real_existing,en,0.0,https://www.instagram.com/reel/DUSTed7iEE9/,https://www.instagram.com/cloudscomm/,"VERIFIED (public embed page, rounded, 2026-09-25)","VERIFIED (public topic pages; sample, not full account history)"
space_design_fx,1,11000.0,1202.0,16600.0,16600.0,16600.0,1.509090909090909,1.509090909090909,0.7961630695443646,0.9989537953666132,2024-04-02T03:59:28.865000+00:00,2024-04-02T03:59:28.865000+00:00,rooftop-terrace,theme_page,ai_generated,modern_luxury,terrace_outdoor,aspirational_realistic,en,1.0,https://www.instagram.com/reel/C5PrBZESAzB/,https://www.instagram.com/space_design_fx/,"VERIFIED (public embed page, rounded, 2026-09-25)","VERIFIED (public topic pages; sample, not full account history)"
bruno.francesca,1,7000.0,1434.0,16600.0,16600.0,16600.0,2.3714285714285714,2.3714285714285714,0.42346938775510207,0.5929973442219222,2025-04-18T11:00:59.407000+00:00,2025-04-18T11:00:59.407000+00:00,marrakech-riad,lifestyle_influencer,real_footage,traditional_regional,pool,real_existing,en,0.0,https://www.instagram.com/reel/DIleH_bTaXv/,https://www.instagram.com/bruno.francesca/,"VERIFIED (public embed page, rounded, 2026-09-25)","VERIFIED (public topic pages; sample, not full account history)"
mitsumarurealestate,1,6000.0,269.0,16300.0,16300.0,16300.0,2.716666666666667,2.716666666666667,0.16130628401781297,0.2445267330194742,2026-07-02T12:31:16.639000+00:00,2026-07-02T12:31:16.639000+00:00,tokyo-apartment,real_estate,real_footage,other,exterior_facade,real_existing,en,0.0,https://www.instagram.com/reel/DaSmORjO1P6/,https://www.instagram.com/mitsumarurealestate/,"VERIFIED (public embed page, rounded, 2026-09-25)","VERIFIED (public topic pages; sample, not full account history)"
alexmathiashomes,1,2000.0,21.0,16300.0,16300.0,16300.0,8.15,8.15,0.4054726368159204,1.9270801811162788,2026-08-15T19:40:18.634000+00:00,2026-08-15T19:40:18.634000+00:00,desert-house,real_estate,unclear,modern_luxury,exterior_facade,aspirational_realistic,en,0.0,https://www.instagram.com/reel/DcEqTG4vzoV/,https://www.instagram.com/alexmathiashomes/,"VERIFIED (public embed page, rounded, 2026-09-25)","VERIFIED (public topic pages; sample, not full account history)"
westlake_homes,1,132000.0,129.0,16100.0,16100.0,16100.0,0.12196969696969696,0.12196969696969696,0.3980222496909765,0.10764330265275568,2024-11-24T13:31:16.139000+00:00,2024-11-24T13:31:16.139000+00:00,modern-mediterranean-houses,ai_creator,ai_generated,mediterranean,exterior_facade,aspirational_realistic,en,1.0,https://www.instagram.com/reel/DCwYDypRObX/,https://www.instagram.com/westlake_homes/,"VERIFIED (public embed page, rounded, 2026-09-25)","VERIFIED (public topic pages; sample, not full account history)"
schmickdnd,1,13000.0,557.0,16100.0,16100.0,16100.0,1.2384615384615385,1.2384615384615385,0.03946078431372549,0.11176128431081075,2026-06-03T07:22:51.205000+00:00,2026-06-03T07:22:51.205000+00:00,hotel-bathroom-designs,designer_studio,real_footage,minimalist,bathroom,real_existing,en,0.0,https://www.instagram.com/reel/DZHX372T39n/,https://www.instagram.com/schmickdnd/,"VERIFIED (public embed page, rounded, 2026-09-25)","VERIFIED (public topic pages; sample, not full account history)"
baharinteriorexteriordesign,1,6000.0,107.0,16100.0,16100.0,16100.0,2.683333333333333,2.683333333333333,0.19515151515151516,0.6089842518356443,2026-08-08T19:58:50.274000+00:00,2026-08-08T19:58:50.274000+00:00,modern-classic-interior-design,designer_studio,,,,,en,,https://www.instagram.com/reel/Dbyq2rkozB7/,https://www.instagram.com/baharinteriorexteriordesign/,"VERIFIED (public embed page, rounded, 2026-09-25)","VERIFIED (public topic pages; sample, not full account history)"
polusformis,1,34000.0,181.0,16000.0,16000.0,16000.0,0.47058823529411764,0.47058823529411764,0.5594405594405595,0.4084339223056774,2025-03-22T12:53:32.754000+00:00,2025-03-22T12:53:32.754000+00:00,mediterranean-house;mediterranean-villa,theme_page,unclear,mediterranean,exterior_facade,aspirational_realistic,en,0.0,https://www.instagram.com/reel/DHgJiv8soJ2/,https://www.instagram.com/polusformis/,"VERIFIED (public embed page, rounded, 2026-09-25)","VERIFIED (public topic pages; sample, not full account history)"
theaisavvy,1,84000.0,904.0,16000.0,16000.0,16000.0,0.19047619047619047,0.19047619047619047,4.001000250062516,1.2903677951476726,2025-01-07T11:04:31.853000+00:00,2025-01-07T11:04:31.853000+00:00,ai-virtual-staging,ai_creator,real_footage,other,none_person_only,real_existing,en,0.0,https://www.instagram.com/reel/DEhaPjKTF8x/,https://www.instagram.com/theaisavvy/,"VERIFIED (public embed page, rounded, 2026-09-25)","VERIFIED (public topic pages; sample, not full account history)"
leisureofnyc,1,5000.0,375.0,16000.0,16000.0,16000.0,3.2,3.2,0.600375234521576,0.9806720129026242,2023-09-20T20:18:14.865000+00:00,2023-09-20T20:18:14.865000+00:00,houses-on-malibu-beach,theme_page,real_footage,other,terrace_outdoor,real_existing,en,0.0,https://www.instagram.com/reel/CxbUBd8Sm8o/,https://www.instagram.com/leisureofnyc/,"VERIFIED (public embed page, rounded, 2026-09-25)","VERIFIED (public topic pages; sample, not full account history)"
iconeraofficial,1,44000.0,51.0,15900.0,15900.0,15900.0,0.3613636363636364,0.3613636363636364,0.014330779630464172,0.04636917323601414,2026-02-12T08:57:21.425000+00:00,2026-02-12T08:57:21.425000+00:00,underground-house,ai_creator,ai_generated,organic_modern,stairs_hall,aspirational_realistic,en,1.0,https://www.instagram.com/reel/DUpuc-cAEIG/,https://www.instagram.com/iconeraofficial/,"VERIFIED (public embed page, rounded, 2026-09-25)","VERIFIED (public topic pages; sample, not full account history)"
rohan_photoshots,1,2000.0,415.0,15900.0,15900.0,15900.0,7.95,7.95,0.7429906542056075,1.9412118976515165,2026-05-25T07:53:51.064000+00:00,2026-05-25T07:53:51.064000+00:00,luxury-hotel-room,other,real_footage,modern_luxury,hotel_room,real_existing,en,0.0,https://www.instagram.com/reel/DYwQRF_spzc/,https://www.instagram.com/rohan_photoshots/,"VERIFIED (public embed page, rounded, 2026-09-25)","VERIFIED (public topic pages; sample, not full account history)"
rraj.kumaryadav,1,724.0,54.0,15800.0,15800.0,15800.0,21.823204419889503,21.823204419889503,0.028138913624220836,0.6999632443065317,2026-06-05T23:05:53.642000+00:00,2026-06-05T23:05:53.642000+00:00,rain-cozy,theme_page,ai_generated,rustic_cozy,bedroom,stylized_dreamy,en,1.0,https://www.instagram.com/reel/DZONYuIzMYj/,https://www.instagram.com/rraj.kumaryadav/,"VERIFIED (public embed page, rounded, 2026-09-25)","VERIFIED (public topic pages; sample, not full account history)"
lifeaccordingtotodd,1,285000.0,1276.0,15600.0,15600.0,15600.0,0.05473684210526316,0.05473684210526316,0.1407942238267148,0.036996424626145,2025-05-08T17:02:42.650000+00:00,2025-05-08T17:02:42.650000+00:00,real-estate,real_estate,real_footage,other,office,real_existing,en,0.0,https://www.instagram.com/reel/DJZna0AuAbz/,https://www.instagram.com/lifeaccordingtotodd/,"VERIFIED (public embed page, rounded, 2026-09-25)","VERIFIED (public topic pages; sample, not full account history)"
timsskiii,1,25000.0,61.0,15600.0,15600.0,15600.0,0.624,0.624,0.0933572710951526,0.1706258189277813,2025-07-09T11:06:41.355000+00:00,2025-07-09T11:06:41.355000+00:00,minimalist-interior,designer_studio,3d_render,minimalist,living_room,aspirational_realistic,en,0.0,https://www.instagram.com/reel/DL4n9e5NUN7/,https://www.instagram.com/timsskiii/,"VERIFIED (public embed page, rounded, 2026-09-25)","VERIFIED (public topic pages; sample, not full account history)"
alexandr_dombrovschi,1,9000.0,82.0,15600.0,15600.0,15600.0,1.7333333333333334,1.7333333333333334,0.006450279098614844,0.09260423096267817,2025-06-06T06:35:08.206000+00:00,2025-06-06T06:35:08.206000+00:00,lake-como-villa,other,real_footage,neoclassical,exterior_facade,real_existing,en,0.0,https://www.instagram.com/reel/DKjKpsqojka/,https://www.instagram.com/alexandr_dombrovschi/,"VERIFIED (public embed page, rounded, 2026-09-25)","VERIFIED (public topic pages; sample, not full account history)"
capsulecastle410,1,65000.0,473.0,15500.0,15500.0,15500.0,0.23846153846153847,0.23846153846153847,0.14657210401891252,0.10054175464745009,2026-04-01T07:59:47.280000+00:00,2026-04-01T07:59:47.280000+00:00,capsule-castle-luxury-space-capsule-houses,brand_manufacturer,real_footage,futuristic,exterior_facade,real_existing,en,0.0,https://www.instagram.com/reel/DWlOBU7jT85/,https://www.instagram.com/capsulecastle410/,"VERIFIED (public embed page, rounded, 2026-09-25)","VERIFIED (public topic pages; sample, not full account history)"
archixpert,1,2000.0,34.0,15500.0,15500.0,15500.0,7.75,7.75,0.08757062146892655,0.9305642650775052,2026-01-02T18:29:15.687000+00:00,2026-01-02T18:29:15.687000+00:00,ai-generated-architecture-designs,ai_creator,ai_generated,modern_luxury,exterior_facade,aspirational_realistic,en,1.0,https://www.instagram.com/reel/DTBLT2nCt-z/,https://www.instagram.com/archixpert/,"VERIFIED (public embed page, rounded, 2026-09-25)","VERIFIED (public topic pages; sample, not full account history)"
ai_pk_0206,1,9000.0,53.0,15500.0,15500.0,15500.0,1.7222222222222223,1.7222222222222223,0.11107130060910068,0.20598032226274218,2025-06-19T02:39:02.913000+00:00,2025-06-19T02:39:02.913000+00:00,ai-house-design,ai_creator,ai_generated,maximalist,living_room,stylized_dreamy,en,1.0,https://www.instagram.com/reel/DLEN96UJ8e_/,https://www.instagram.com/ai_pk_0206/,"VERIFIED (public embed page, rounded, 2026-09-25)","VERIFIED (public topic pages; sample, not full account history)"
fotis_travels,1,38000.0,1171.0,15300.0,15300.0,15300.0,0.4026315789473684,0.4026315789473684,0.2756756756756757,0.40238220957197685,2025-10-23T06:36:03.148000+00:00,2025-10-23T06:36:03.148000+00:00,bora-bora-luxury-hotels,lifestyle_influencer,real_footage,tropical,exterior_facade,real_existing,en,0.0,https://www.instagram.com/reel/DQJFQB5jZiB/,https://www.instagram.com/fotis_travels/,"VERIFIED (public embed page, rounded, 2026-09-25)","VERIFIED (public topic pages; sample, not full account history)"
annagerarealestate,1,11000.0,203.0,15100.0,15100.0,15100.0,1.3727272727272728,1.3727272727272728,0.17416378316032297,0.20793459911085826,2026-02-19T20:38:51.478000+00:00,2026-02-19T20:38:51.478000+00:00,home-theater,real_estate,real_footage,dark_luxury,home_theater,real_existing,en,0.0,https://www.instagram.com/reel/DU9ATC-khfb/,https://www.instagram.com/annagerarealestate/,"VERIFIED (public embed page, rounded, 2026-09-25)","VERIFIED (public topic pages; sample, not full account history)"
lianaariashomedecor,1,883.0,60.0,15100.0,15100.0,15100.0,17.10079275198188,17.10079275198188,0.10832137733142037,0.8749845971691478,2025-02-03T15:10:50.739000+00:00,2025-02-03T15:10:50.739000+00:00,organic-modern,designer_studio,ai_generated,organic_modern,living_room,aspirational_realistic,es,1.0,https://www.instagram.com/reel/DFnX5PNRWm-/,https://www.instagram.com/lianaariashomedecor/,"VERIFIED (public embed page, rounded, 2026-09-25)","VERIFIED (public topic pages; sample, not full account history)"
naturessproutslandscape,1,51000.0,134.0,15000.0,15000.0,15000.0,0.29411764705882354,0.29411764705882354,0.0423728813559322,0.04104897076420797,2026-07-15T09:44:44.155000+00:00,2026-07-15T09:44:44.155000+00:00,landscape-design,contractor_trade,ai_generated,modern_luxury,garden_landscape,stylized_dreamy,en,1.0,https://www.instagram.com/reel/Dazxf3ROi7E/,https://www.instagram.com/naturessproutslandscape/,"VERIFIED (public embed page, rounded, 2026-09-25)","VERIFIED (public topic pages; sample, not full account history)"
fancyhomeai,2,26000.0,151.0,13100.0,15000.0,26200.0,0.5038461538461538,0.5769230769230769,0.2012136428748012,0.29803486071255186,2025-10-06T10:02:43.364000+00:00,2025-10-07T10:02:48.937000+00:00,biophilic-design;desert-modern-house-tours,ai_creator,ai_generated,biophilic,exterior_facade,stylized_dreamy,en,1.0,https://www.instagram.com/reel/DPgQMaICmMp/,https://www.instagram.com/fancyhomeai/,"VERIFIED (public embed page, rounded, 2026-09-25)","VERIFIED (public topic pages; sample, not full account history)"
illaura1,1,65000.0,473.0,14900.0,14900.0,14900.0,0.22923076923076924,0.22923076923076924,0.032181425485961125,0.2823764441115882,2026-01-19T02:34:32.318000+00:00,2026-01-19T02:34:32.318000+00:00,luxury-cabin,theme_page,ai_generated,rustic_cozy,exterior_facade,aspirational_realistic,en,1.0,https://www.instagram.com/reel/DTrPkISihJW/,https://www.instagram.com/illaura1/,"VERIFIED (public embed page, rounded, 2026-09-25)","VERIFIED (public topic pages; sample, not full account history)"
mimisinclair.real.estate,1,1000.0,2328.0,14800.0,14800.0,14800.0,14.8,14.8,0.1264957264957265,1.2046457692093662,2025-04-25T02:41:52.949000+00:00,2025-04-25T02:41:52.949000+00:00,organic-modern-kitchen-designs,real_estate,,,,,en,,https://www.instagram.com/reel/DI2mkiuOsOV/,https://www.instagram.com/mimisinclair.real.estate/,"VERIFIED (public embed page, rounded, 2026-09-25)","VERIFIED (public topic pages; sample, not full account history)"
amarilymccray520,1,40000.0,158.0,14800.0,14800.0,14800.0,0.37,0.37,0.023813354786806115,0.03989822754873695,2025-02-15T19:51:55.315000+00:00,2025-02-15T19:51:55.315000+00:00,luxury-kitchen-design,real_estate,real_footage,modern_luxury,kitchen,real_existing,en,0.0,https://www.instagram.com/reel/DGGxmZtSmhs/,https://www.instagram.com/amarilymccray520/,"VERIFIED (public embed page, rounded, 2026-09-25)","VERIFIED (public topic pages; sample, not full account history)"
wonderinn_norway,1,49000.0,628.0,14800.0,14800.0,14800.0,0.3020408163265306,0.3020408163265306,0.08862275449101796,0.2724973411671494,2024-01-25T15:08:40.837000+00:00,2024-01-25T15:08:40.837000+00:00,arctic-treehouse-hotel-rovaniemi,other,real_footage,scandinavian,hotel_room,real_existing,en,0.0,https://www.instagram.com/reel/C2hxjQWKWx4/,https://www.instagram.com/wonderinn_norway/,"VERIFIED (public embed page, rounded, 2026-09-25)","VERIFIED (public topic pages; sample, not full account history)"
bruun.uk,1,23000.0,1236.0,14800.0,14800.0,14800.0,0.6434782608695652,0.6434782608695652,0.7237163814180929,0.4722613919034773,2025-08-28T15:28:06.277000+00:00,2025-08-28T15:28:06.277000+00:00,scandinavian-interior-design;scandinavian-interior-design-styles,brand_manufacturer,real_footage,scandinavian,other,real_existing,en,0.0,https://www.instagram.com/reel/DN51n5WDGah/,https://www.instagram.com/bruun.uk/,"VERIFIED (public embed page, rounded, 2026-09-25)","VERIFIED (public topic pages; sample, not full account history)"
luxury_living_brisbane_,1,94000.0,177.0,14600.0,14600.0,14600.0,0.15531914893617021,0.15531914893617021,0.18705957719410635,0.1516359442494927,2025-05-20T09:16:22.934000+00:00,2025-05-20T09:16:22.934000+00:00,luxury-furniture,brand_manufacturer,real_footage,glam_feminine,other,real_existing,en,0.0,https://www.instagram.com/reel/DJ3rl0evzmJ/,https://www.instagram.com/luxury_living_brisbane_/,"VERIFIED (public embed page, rounded, 2026-09-25)","VERIFIED (public topic pages; sample, not full account history)"
agentbillionaire,1,3000.0,951.0,14500.0,14500.0,14500.0,4.833333333333333,4.833333333333333,0.06666666666666667,0.29594051471044225,2025-04-17T08:16:46.783000+00:00,2025-04-17T08:16:46.783000+00:00,penthouse-tour,theme_page,real_footage,modern_luxury,living_room,real_existing,en,0.0,https://www.instagram.com/reel/DIimiZzCyHr/,https://www.instagram.com/agentbillionaire/,"VERIFIED (public embed page, rounded, 2026-09-25)","VERIFIED (public topic pages; sample, not full account history)"
hometrendyhome,1,19000.0,563.0,14500.0,14500.0,14500.0,0.7631578947368421,0.7631578947368421,0.015474919957310566,0.06001543597254222,2025-03-30T12:33:18.470000+00:00,2025-03-30T12:33:18.470000+00:00,bedroom-decor;bedroom-design,theme_page,real_footage,glam_feminine,bedroom,real_existing,en,0.0,https://www.instagram.com/reel/DH0tlhWsXNM/,https://www.instagram.com/hometrendyhome/,"VERIFIED (public embed page, rounded, 2026-09-25)","VERIFIED (public topic pages; sample, not full account history)"
belleau.media,1,4000.0,1225.0,14500.0,14500.0,14500.0,3.625,3.625,1.8925797820270183,2.2749971424869924,2025-09-25T02:10:36.528000+00:00,2025-09-25T02:10:36.528000+00:00,virtual-staging,real_estate,ai_generated,minimalist,living_room,fantasy_impossible,en,1.0,https://www.instagram.com/reel/DPAgnXLjVnl/,https://www.instagram.com/belleau.media/,"VERIFIED (public embed page, rounded, 2026-09-25)","VERIFIED (public topic pages; sample, not full account history)"
ngn_farming,1,14000.0,988.0,14400.0,14400.0,14400.0,1.0285714285714285,1.0285714285714285,0.06050420168067227,0.1274691765762675,2026-01-15T23:59:28.339000+00:00,2026-01-15T23:59:28.339000+00:00,tropical-house-architecture-styles,theme_page,ai_generated,traditional_regional,exterior_facade,aspirational_realistic,en,1.0,https://www.instagram.com/reel/DTjPbw9D4Fu/,https://www.instagram.com/ngn_farming/,"VERIFIED (public embed page, rounded, 2026-09-25)","VERIFIED (public topic pages; sample, not full account history)"
incrediblehunza,1,167000.0,3854.0,14300.0,14300.0,14300.0,0.08562874251497006,0.08562874251497006,0.6441441441441441,0.1562733923017051,2026-01-19T14:44:15.809000+00:00,2026-01-19T14:44:15.809000+00:00,hunza-valley-luxury-resorts,other,real_footage,other,exterior_facade,real_existing,en,0.0,https://www.instagram.com/reel/DTsjEy0CgbV/,https://www.instagram.com/incrediblehunza/,"VERIFIED (public embed page, rounded, 2026-09-25)","VERIFIED (public topic pages; sample, not full account history)"
oddesign.sa,1,27000.0,774.0,14300.0,14300.0,14300.0,0.5296296296296297,0.5296296296296297,0.2806673209028459,0.17884712118598184,2026-08-31T12:57:21.623000+00:00,2026-08-31T12:57:21.623000+00:00,neoclassical-interior,designer_studio,real_footage,neoclassical,living_room,real_existing,ar,0.0,https://www.instagram.com/reel/DctI5z_MW1C/,https://www.instagram.com/oddesign.sa/,"VERIFIED (public embed page, rounded, 2026-09-25)","VERIFIED (public topic pages; sample, not full account history)"
coastal_cass,1,79000.0,781.0,14200.0,14200.0,14200.0,0.17974683544303796,0.17974683544303796,0.3497536945812808,0.32105601173730425,2024-04-04T13:38:04.291000+00:00,2024-04-04T13:38:04.291000+00:00,coastal-bedroom-design-ideas,designer_studio,real_footage,other,bedroom,real_existing,en,0.0,https://www.instagram.com/reel/C5V203VLPgY/,https://www.instagram.com/coastal_cass/,"VERIFIED (public embed page, rounded, 2026-09-25)","VERIFIED (public topic pages; sample, not full account history)"
luxury_travel_resortss,1,114000.0,1335.0,14200.0,14200.0,14200.0,0.12456140350877193,0.12456140350877193,0.25585585585585585,0.22340308396744837,2026-04-25T21:24:14.345000+00:00,2026-04-25T21:24:14.345000+00:00,bora-bora-luxury-hotels,theme_page,real_footage,tropical,pool,real_existing,en,0.0,https://www.instagram.com/reel/DXkdKTYCGJT/,https://www.instagram.com/luxury_travel_resortss/,"VERIFIED (public embed page, rounded, 2026-09-25)","VERIFIED (public topic pages; sample, not full account history)"
voyaah,1,102000.0,1198.0,14200.0,14200.0,14200.0,0.1392156862745098,0.1392156862745098,0.055588177725582305,0.20869866231462647,2025-02-04T12:39:07.501000+00:00,2025-02-04T12:39:07.501000+00:00,underwater-hotel,other,real_footage,tropical,dining,real_existing,en,0.0,https://www.instagram.com/reel/DFprU4KNGXi/,https://www.instagram.com/voyaah/,"VERIFIED (public embed page, rounded, 2026-09-25)","VERIFIED (public topic pages; sample, not full account history)"
sah.interiors,1,11000.0,256.0,14100.0,14100.0,14100.0,1.2818181818181817,1.2818181818181817,0.05551181102362205,0.15221200327273227,2026-02-14T10:56:02.879000+00:00,2026-02-14T10:56:02.879000+00:00,luxury-master-bedroom-interior-design,designer_studio,3d_render,modern_luxury,bedroom,aspirational_realistic,en,0.0,https://www.instagram.com/reel/DUvFoCzDacU/,https://www.instagram.com/sah.interiors/,"VERIFIED (public embed page, rounded, 2026-09-25)","VERIFIED (public topic pages; sample, not full account history)"
relaxuni,1,46000.0,623.0,14000.0,14000.0,14000.0,0.30434782608695654,0.30434782608695654,0.08215962441314555,0.1833828991512998,2025-09-29T15:20:34.957000+00:00,2025-09-29T15:20:34.957000+00:00,cozy-winter-cabin,theme_page,ai_generated,rustic_cozy,bedroom,stylized_dreamy,en,1.0,https://www.instagram.com/reel/DPMOMzaDfKM/,https://www.instagram.com/relaxuni/,"VERIFIED (public embed page, rounded, 2026-09-25)","VERIFIED (public topic pages; sample, not full account history)"
remarkablestays,1,384000.0,3301.0,14000.0,14000.0,14000.0,0.036458333333333336,0.036458333333333336,0.042682926829268296,0.03996459079357215,2025-09-08T21:00:28.431000+00:00,2025-09-08T21:00:28.431000+00:00,a-frame-modern-cabins,theme_page,real_footage,tropical,exterior_facade,real_existing,en,0.0,https://www.instagram.com/reel/DOWwZ3bCfBg/,https://www.instagram.com/remarkablestays/,"VERIFIED (public embed page, rounded, 2026-09-25)","VERIFIED (public topic pages; sample, not full account history)"
nataliefreeman_theavenue,1,11000.0,672.0,14000.0,14000.0,14000.0,1.2727272727272727,1.2727272727272727,0.05185185185185185,0.2749855724440054,2024-09-08T09:48:09.641000+00:00,2024-09-08T09:48:09.641000+00:00,indoor-pool,real_estate,real_footage,modern_luxury,pool,real_existing,en,0.0,https://www.instagram.com/reel/C_ptUUoCiZs/,https://www.instagram.com/nataliefreeman_theavenue/,"VERIFIED (public embed page, rounded, 2026-09-25)","VERIFIED (public topic pages; sample, not full account history)"
videokrtoon,1,309000.0,600.0,13900.0,13900.0,13900.0,0.04498381877022654,0.04498381877022654,0.09960587603009674,0.03533982728239011,2026-03-09T00:07:37.030000+00:00,2026-03-09T00:07:37.030000+00:00,ai-house-design,ai_creator,ai_generated,modern_luxury,exterior_facade,aspirational_realistic,es,1.0,https://www.instagram.com/reel/DVpJs62kVNI/,https://www.instagram.com/videokrtoon/,"VERIFIED (public embed page, rounded, 2026-09-25)","VERIFIED (public topic pages; sample, not full account history)"
extrikaspaces,1,13300.0,529.0,13700.0,13700.0,13700.0,1.0300751879699248,1.0300751879699248,0.7465940054495913,0.4794915276142031,2025-10-03T11:40:15.962000+00:00,2025-10-03T11:40:15.962000+00:00,japandi-serenity-bedroom-design-ideas,designer_studio,unclear,scandinavian,bedroom,aspirational_realistic,en,0.0,https://www.instagram.com/reel/DPWIKqAkzrh/,https://www.instagram.com/extrikaspaces/,"VERIFIED (public embed page, rounded, 2026-09-25)","VERIFIED (public topic pages; sample, not full account history)"
mipropertiespk,2,24000.0,967.0,11613.5,13700.0,23227.0,0.4838958333333333,0.5708333333333333,0.03180991151249772,0.1696535860747951,2026-01-08T16:59:49.221000+00:00,2026-01-10T12:30:45.191000+00:00,luxury-bedroom;luxury-bedroom-design;modern-living-room,real_estate,real_footage,dark_luxury,bedroom,real_existing,en,0.0,https://www.instagram.com/reel/DTVIpD3CAr_/,https://www.instagram.com/mipropertiespk/,"VERIFIED (public embed page, rounded, 2026-09-25)","VERIFIED (public topic pages; sample, not full account history)"
cyberneticfuture,1,18000.0,388.0,13600.0,13600.0,13600.0,0.7555555555555555,0.7555555555555555,0.02097147262914418,0.08752569857022773,2024-03-28T01:22:53.055000+00:00,2024-03-28T01:22:53.055000+00:00,cyberpunk-city,theme_page,3d_render,cyberpunk,other,fantasy_impossible,en,0.0,https://www.instagram.com/reel/C5ChIETPhgu/,https://www.instagram.com/cyberneticfuture/,"VERIFIED (public embed page, rounded, 2026-09-25)","VERIFIED (public topic pages; sample, not full account history)"
ai.perfect.world,3,14000.0,1085.0,3447.0,13600.0,18564.0,0.24621428571428572,0.9714285714285714,0.09143236074270557,0.1189362083763797,2024-08-19T21:27:36.092000+00:00,2026-04-30T15:58:02.654000+00:00,ai-house;cliff-house;luxury-homes-on-the-amalfi-coast,ai_creator,ai_generated,modern_luxury,exterior_facade,stylized_dreamy,en,1.0,https://www.instagram.com/reel/DXwvzjis3dd/,https://www.instagram.com/ai.perfect.world/,"VERIFIED (public embed page, rounded, 2026-09-25)","VERIFIED (public topic pages; sample, not full account history)"
japandiinteriordesign_magl,1,9000.0,845.0,13500.0,13500.0,13500.0,1.5,1.5,0.7356948228882834,0.5671778100861101,2025-01-08T06:00:52.959000+00:00,2025-01-08T06:00:52.959000+00:00,japandi-serenity-bedroom-design-ideas,designer_studio,ai_generated,japandi,bedroom,aspirational_realistic,en,1.0,https://www.instagram.com/reel/DEjcScDKLal/,https://www.instagram.com/japandiinteriordesign_magl/,"VERIFIED (public embed page, rounded, 2026-09-25)","VERIFIED (public topic pages; sample, not full account history)"
bellalusso_interiors,1,4000.0,687.0,13500.0,13500.0,13500.0,3.375,3.375,0.10817307692307693,0.11719588206147642,2026-04-09T10:51:20.969000+00:00,2026-04-09T10:51:20.969000+00:00,walk-in-closet,designer_studio,real_footage,glam_feminine,closet,real_existing,en,0.0,https://www.instagram.com/reel/DW6IA4YDSwH/,https://www.instagram.com/bellalusso_interiors/,"VERIFIED (public embed page, rounded, 2026-09-25)","VERIFIED (public topic pages; sample, not full account history)"
meubelbaas,1,17000.0,786.0,13400.0,13400.0,13400.0,0.788235294117647,0.788235294117647,0.48114901256732495,0.20402890008914584,2026-03-17T19:56:45.487000+00:00,2026-03-17T19:56:45.487000+00:00,wabi-sabi-interior;wabi-sabi-japandi-interior-design,brand_manufacturer,ai_generated,japandi,living_room,aspirational_realistic,en,1.0,https://www.instagram.com/reel/DV_4JcrDDcg/,https://www.instagram.com/meubelbaas/,"VERIFIED (public embed page, rounded, 2026-09-25)","VERIFIED (public topic pages; sample, not full account history)"
disen.enequilibrio,1,118000.0,863.0,13300.0,13300.0,13300.0,0.11271186440677966,0.11271186440677966,0.7247956403269755,0.1676966354932001,2025-08-12T21:16:22.975000+00:00,2025-08-12T21:16:22.975000+00:00,japandi-serenity-bedroom-design-ideas,theme_page,ai_generated,japandi,bedroom,aspirational_realistic,es,1.0,https://www.instagram.com/reel/DNRQwwzSPms/,https://www.instagram.com/disen.enequilibrio/,"VERIFIED (public embed page, rounded, 2026-09-25)","VERIFIED (public topic pages; sample, not full account history)"
saltandserenity_coastalhaven,1,2000.0,101.0,13300.0,13300.0,13300.0,6.65,6.65,0.019530102790014683,0.1267290501022446,2026-02-16T08:15:40.621000+00:00,2026-02-16T08:15:40.621000+00:00,kitchen-inspiration,lifestyle_influencer,real_footage,minimalist,kitchen,real_existing,en,0.0,https://www.instagram.com/reel/DUz83M6EpzC/,https://www.instagram.com/saltandserenity_coastalhaven/,"VERIFIED (public embed page, rounded, 2026-09-25)","VERIFIED (public topic pages; sample, not full account history)"
arabellastyles_,1,12000.0,42.0,13000.0,13000.0,13000.0,1.0833333333333333,1.0833333333333333,0.25515210991167814,0.3555770798788117,2026-09-07T18:53:39.523000+00:00,2026-09-07T18:53:39.523000+00:00,modern-classic-interior-design;neoclassical-interior,lifestyle_influencer,ai_generated,classical_luxury,living_room,aspirational_realistic,en,1.0,https://www.instagram.com/reel/Dc_zPi1CKzk/,https://www.instagram.com/arabellastyles_/,"VERIFIED (public embed page, rounded, 2026-09-25)","VERIFIED (public topic pages; sample, not full account history)"
seeitalytravel,1,23000.0,2961.0,13000.0,13000.0,13000.0,0.5652173913043478,0.5652173913043478,0.0053752325821790365,0.04975896465864247,2024-12-02T16:01:29.278000+00:00,2024-12-02T16:01:29.278000+00:00,lake-como-villa,other,real_footage,classical_luxury,exterior_facade,real_existing,en,0.0,https://www.instagram.com/reel/DDFPnBypxJd/,https://www.instagram.com/seeitalytravel/,"VERIFIED (public embed page, rounded, 2026-09-25)","VERIFIED (public topic pages; sample, not full account history)"
dsmt.raw,1,12000.0,65.0,12900.0,12900.0,12900.0,1.075,1.075,0.04062992125984252,0.11243659024587768,2025-07-24T15:30:42.762000+00:00,2025-07-24T15:30:42.762000+00:00,luxury-life,theme_page,real_footage,modern_luxury,other,real_existing,en,0.0,https://www.instagram.com/reel/DMfuGX4zjAd/,https://www.instagram.com/dsmt.raw/,"VERIFIED (public embed page, rounded, 2026-09-25)","VERIFIED (public topic pages; sample, not full account history)"
oxelpi,1,121000.0,182.0,12900.0,12900.0,12900.0,0.10661157024793388,0.10661157024793388,0.7029972752043597,0.23600938759339968,2025-02-01T07:32:15.509000+00:00,2025-02-01T07:32:15.509000+00:00,cliff-house,ai_creator,ai_generated,organic_modern,terrace_outdoor,stylized_dreamy,en,1.0,https://www.instagram.com/reel/DFhZ0seNFqf/,https://www.instagram.com/oxelpi/,"VERIFIED (public embed page, rounded, 2026-09-25)","VERIFIED (public topic pages; sample, not full account history)"
oldmoneyflexx,1,6000.0,289.0,12800.0,12800.0,12800.0,2.1333333333333333,2.1333333333333333,0.04031496062992126,0.15428286866439556,2025-09-15T15:01:05.607000+00:00,2025-09-15T15:01:05.607000+00:00,luxury-life,theme_page,real_footage,other,none_person_only,real_existing,en,0.0,https://www.instagram.com/reel/DOoI1z3D_72/,https://www.instagram.com/oldmoneyflexx/,"VERIFIED (public embed page, rounded, 2026-09-25)","VERIFIED (public topic pages; sample, not full account history)"
miljo_concept,1,2000.0,48.0,12800.0,12800.0,12800.0,6.4,6.4,0.45960502692998206,0.5302492605413653,2025-07-24T09:34:37.166000+00:00,2025-07-24T09:34:37.166000+00:00,wabi-sabi-interior,designer_studio,3d_render,japandi,dining,aspirational_realistic,en,0.0,https://www.instagram.com/reel/DMfFWRKvUt0/,https://www.instagram.com/miljo_concept/,"VERIFIED (public embed page, rounded, 2026-09-25)","VERIFIED (public topic pages; sample, not full account history)"
dreamvibes_9,1,18000.0,196.0,12700.0,12700.0,12700.0,0.7055555555555556,0.7055555555555556,0.01927162367223065,0.056076254995871586,2026-02-20T18:05:49.438000+00:00,2026-02-20T18:05:49.438000+00:00,dream-bedroom,theme_page,real_footage,other,other,real_existing,en,0.0,https://www.instagram.com/reel/DU_TlESjCav/,https://www.instagram.com/dreamvibes_9/,"VERIFIED (public embed page, rounded, 2026-09-25)","VERIFIED (public topic pages; sample, not full account history)"
southerly_la,1,17000.0,847.0,12600.0,12600.0,12600.0,0.7411764705882353,0.7411764705882353,0.4405594405594406,0.4447973045686796,2025-04-10T12:25:48.865000+00:00,2025-04-10T12:25:48.865000+00:00,mediterranean-house;mediterranean-villa;modern-mediterranean-houses,theme_page,unclear,mediterranean,exterior_facade,aspirational_realistic,en,0.0,https://www.instagram.com/reel/DIRBeQ0RD8j/,https://www.instagram.com/southerly_la/,"VERIFIED (public embed page, rounded, 2026-09-25)","VERIFIED (public topic pages; sample, not full account history)"
linecraft_in,1,3000.0,167.0,12600.0,12600.0,12600.0,4.2,4.2,0.02032258064516129,0.3181190010343146,2026-05-22T06:39:54.309000+00:00,2026-05-22T06:39:54.309000+00:00,bathroom-design,designer_studio,ai_generated,modern_luxury,bathroom,aspirational_realistic,en,1.0,https://www.instagram.com/reel/DYoZa32Si3T/,https://www.instagram.com/linecraft_in/,"VERIFIED (public embed page, rounded, 2026-09-25)","VERIFIED (public topic pages; sample, not full account history)"
designerbricks_official,1,113000.0,319.0,12600.0,12600.0,12600.0,0.11150442477876106,0.11150442477876106,66.3157894736842,3.078860273727351,2026-03-08T07:05:06.772000+00:00,2026-03-08T07:05:06.772000+00:00,dark-luxury-interior,designer_studio,unclear,modern_luxury,bedroom,aspirational_realistic,en,0.0,https://www.instagram.com/reel/DVnUr39ktOd/,https://www.instagram.com/designerbricks_official/,"VERIFIED (public embed page, rounded, 2026-09-25)","VERIFIED (public topic pages; sample, not full account history)"
dimensionsibiza,1,16000.0,80.0,12500.0,12500.0,12500.0,0.78125,0.78125,0.11715089034676664,0.3435920684575159,2025-06-19T10:04:17.871000+00:00,2025-06-19T10:04:17.871000+00:00,ibiza-villa,real_estate,real_footage,modern_luxury,living_room,real_existing,en,0.0,https://www.instagram.com/reel/DLFA7A7IL98/,https://www.instagram.com/dimensionsibiza/,"VERIFIED (public embed page, rounded, 2026-09-25)","VERIFIED (public topic pages; sample, not full account history)"
ibiza.one,1,7000.0,153.0,12400.0,12400.0,12400.0,1.7714285714285714,1.7714285714285714,0.3415977961432507,0.849734903833853,2025-03-17T13:57:16.725000+00:00,2025-03-17T13:57:16.725000+00:00,ibiza-luxury-villas-sea-view,real_estate,3d_render,mediterranean,exterior_facade,aspirational_realistic,en,0.0,https://www.instagram.com/reel/DHTY3KuTVXo/,https://www.instagram.com/ibiza.one/,"VERIFIED (public embed page, rounded, 2026-09-25)","VERIFIED (public topic pages; sample, not full account history)"
tourvertex,1,87000.0,1003.0,12400.0,12400.0,12400.0,0.1425287356321839,0.1425287356321839,0.25699481865284973,0.2500984784203313,2025-11-14T15:00:54.795000+00:00,2025-11-14T15:00:54.795000+00:00,cook-islands-luxury-resorts,theme_page,real_footage,tropical,other,real_existing,en,0.0,https://www.instagram.com/reel/DRCog_ZDJO5/,https://www.instagram.com/tourvertex/,"VERIFIED (public embed page, rounded, 2026-09-25)","VERIFIED (public topic pages; sample, not full account history)"
sakkaf_design,1,1000.0,42.0,12300.0,12300.0,12300.0,12.3,12.3,0.44165170556552963,0.7046362677210916,2025-07-09T08:41:59.217000+00:00,2025-07-09T08:41:59.217000+00:00,wabi-sabi-interior;wabi-sabi-japandi-interior-design,designer_studio,ai_generated,japandi,living_room,aspirational_realistic,en,1.0,https://www.instagram.com/reel/DL4XZpsNWW9/,https://www.instagram.com/sakkaf_design/,"VERIFIED (public embed page, rounded, 2026-09-25)","VERIFIED (public topic pages; sample, not full account history)"
khaled_sadeden_design,1,104000.0,374.0,12300.0,12300.0,12300.0,0.11826923076923077,0.11826923076923077,0.04219554030874786,0.05999614832212752,2025-06-25T14:36:19.626000+00:00,2025-06-25T14:36:19.626000+00:00,parametric-architecture,designer_studio,ai_generated,futuristic,exterior_facade,stylized_dreamy,en,1.0,https://www.instagram.com/reel/DLU80qovJZC/,https://www.instagram.com/khaled_sadeden_design/,"VERIFIED (public embed page, rounded, 2026-09-25)","VERIFIED (public topic pages; sample, not full account history)"
audiohomeit,1,6000.0,166.0,12300.0,12300.0,12300.0,2.05,2.05,0.14186851211072665,0.22489056610273309,2024-04-13T19:54:31.576000+00:00,2024-04-13T19:54:31.576000+00:00,home-theater,contractor_trade,real_footage,dark_luxury,home_theater,real_existing,pt,0.0,https://www.instagram.com/reel/C5ttD-fv_Ve/,https://www.instagram.com/audiohomeit/,"VERIFIED (public embed page, rounded, 2026-09-25)","VERIFIED (public topic pages; sample, not full account history)"
zoba.es,1,12000.0,330.0,12300.0,12300.0,12300.0,1.025,1.025,0.027486033519553074,0.02786655964810431,2026-09-06T11:18:13.685000+00:00,2026-09-06T11:18:13.685000+00:00,room-makeover,lifestyle_influencer,real_footage,other,bedroom,real_existing,en,0.0,https://www.instagram.com/reel/Dc8aU_uCZGr/,https://www.instagram.com/zoba.es/,"VERIFIED (public embed page, rounded, 2026-09-25)","VERIFIED (public topic pages; sample, not full account history)"
orealproperties,1,101000.0,2385.0,12200.0,12200.0,12200.0,0.12079207920792079,0.12079207920792079,0.03824451410658307,0.08459588711933279,2026-01-25T12:45:39.541000+00:00,2026-01-25T12:45:39.541000+00:00,luxury-house-tour,real_estate,real_footage,modern_luxury,exterior_facade,real_existing,en,0.0,https://www.instagram.com/reel/DT7yRW-DEq1/,https://www.instagram.com/orealproperties/,"VERIFIED (public embed page, rounded, 2026-09-25)","VERIFIED (public topic pages; sample, not full account history)"
mauquani__interiors,1,6000.0,134.0,12200.0,12200.0,12200.0,2.033333333333333,2.033333333333333,0.05422222222222222,0.37842665311516144,2025-07-25T11:52:51.870000+00:00,2025-07-25T11:52:51.870000+00:00,luxury-living-room;luxury-living-room-design,designer_studio,real_footage,modern_luxury,living_room,real_existing,en,0.0,https://www.instagram.com/reel/DMh59rioj8w/,https://www.instagram.com/mauquani__interiors/,"VERIFIED (public embed page, rounded, 2026-09-25)","VERIFIED (public topic pages; sample, not full account history)"
msinterior0078,1,1000.0,319.0,12100.0,12100.0,12100.0,12.1,12.1,0.11741872877244056,0.9821825405170375,2026-05-17T12:12:47.866000+00:00,2026-05-17T12:12:47.866000+00:00,green-minimalist-interior-design,designer_studio,unclear,modern_luxury,living_room,aspirational_realistic,en,0.0,https://www.instagram.com/reel/DYcHirQsnXL/,https://www.instagram.com/msinterior0078/,"VERIFIED (public embed page, rounded, 2026-09-25)","VERIFIED (public topic pages; sample, not full account history)"
akneuro_ai,1,30000.0,41.0,11900.0,11900.0,11900.0,0.39666666666666667,0.39666666666666667,0.6485013623978202,0.41797635388711957,2025-12-19T08:53:14.018000+00:00,2025-12-19T08:53:14.018000+00:00,cliff-house,ai_creator,ai_generated,brutalist,exterior_facade,stylized_dreamy,en,1.0,https://www.instagram.com/reel/DScGQpkinEk/,https://www.instagram.com/akneuro_ai/,"VERIFIED (public embed page, rounded, 2026-09-25)","VERIFIED (public topic pages; sample, not full account history)"
airoomdesign,1,4000.0,387.0,11900.0,11900.0,11900.0,2.975,2.975,0.012081218274111676,0.10412806712168995,2025-10-21T14:53:21.170000+00:00,2025-10-21T14:53:21.170000+00:00,ai-home-design,brand_manufacturer,ai_generated,scandinavian,living_room,aspirational_realistic,en,1.0,https://www.instagram.com/reel/DQE0knck4Jj/,https://www.instagram.com/airoomdesign/,"VERIFIED (public embed page, rounded, 2026-09-25)","VERIFIED (public topic pages; sample, not full account history)"
caineandcompany,1,3000.0,642.0,11900.0,11900.0,11900.0,3.966666666666667,3.966666666666667,0.4160839160839161,0.44180628199802674,2025-10-30T04:13:11.176000+00:00,2025-10-30T04:13:11.176000+00:00,mediterranean-villa,designer_studio,ai_generated,mediterranean,bedroom,stylized_dreamy,en,1.0,https://www.instagram.com/reel/DQa2dxXkfhx/,https://www.instagram.com/caineandcompany/,"VERIFIED (public embed page, rounded, 2026-09-25)","VERIFIED (public topic pages; sample, not full account history)"
dreamlivingc,1,3000.0,5536.0,11800.0,11800.0,11800.0,3.933333333333333,3.933333333333333,0.4125874125874126,0.4380936241661099,2025-01-15T10:00:24.752000+00:00,2025-01-15T10:00:24.752000+00:00,mediterranean-villa,theme_page,ai_generated,mediterranean,pool,stylized_dreamy,en,1.0,https://www.instagram.com/reel/DE15Q7rs33O/,https://www.instagram.com/dreamlivingc/,"VERIFIED (public embed page, rounded, 2026-09-25)","VERIFIED (public topic pages; sample, not full account history)"
itsnovajeff,1,15000.0,123.0,11700.0,11700.0,11700.0,0.78,0.78,0.13494809688581316,0.13935996329410869,2025-03-31T11:23:41.183000+00:00,2025-03-31T11:23:41.183000+00:00,home-theater,real_estate,real_footage,modern_luxury,home_theater,real_existing,en,0.0,https://www.instagram.com/reel/DH3KaeTRna0/,https://www.instagram.com/itsnovajeff/,"VERIFIED (public embed page, rounded, 2026-09-25)","VERIFIED (public topic pages; sample, not full account history)"
designing_factory_,1,144000.0,2894.0,11600.0,11600.0,11600.0,0.08055555555555556,0.08055555555555556,0.012406417112299466,0.027544600396095176,2026-05-07T12:27:06.111000+00:00,2026-05-07T12:27:06.111000+00:00,ai-interior-designer,ai_creator,ai_generated,modern_luxury,living_room,fantasy_impossible,en,1.0,https://www.instagram.com/reel/DYCZOsTMYIB/,https://www.instagram.com/designing_factory_/,"VERIFIED (public embed page, rounded, 2026-09-25)","VERIFIED (public topic pages; sample, not full account history)"
housefullofsummer,1,28000.0,644.0,11600.0,11600.0,11600.0,0.4142857142857143,0.4142857142857143,0.2857142857142857,0.4260218883448513,2025-07-10T16:19:37.008000+00:00,2025-07-10T16:19:37.008000+00:00,coastal-bedroom-design-ideas,lifestyle_influencer,real_footage,organic_modern,bedroom,real_existing,en,0.0,https://www.instagram.com/reel/DL7wkTrxUSS/,https://www.instagram.com/housefullofsummer/,"VERIFIED (public embed page, rounded, 2026-09-25)","VERIFIED (public topic pages; sample, not full account history)"
pebdesign_,1,9000.0,107.0,11500.0,11500.0,11500.0,1.2777777777777777,1.2777777777777777,0.0921474358974359,0.068322372865595,2026-03-01T17:01:30.506000+00:00,2026-03-01T17:01:30.506000+00:00,walk-in-closet,designer_studio,real_footage,modern_luxury,closet,real_existing,en,0.0,https://www.instagram.com/reel/DVWXX4YiMzw/,https://www.instagram.com/pebdesign_/,"VERIFIED (public embed page, rounded, 2026-09-25)","VERIFIED (public topic pages; sample, not full account history)"
darrenkriz,1,58000.0,322.0,11400.0,11400.0,11400.0,0.19655172413793104,0.19655172413793104,0.11626721060683325,0.20463739215473203,2023-10-05T22:48:49.037000+00:00,2023-10-05T22:48:49.037000+00:00,malibu-house,real_estate,real_footage,modern_luxury,exterior_facade,real_existing,en,0.0,https://www.instagram.com/reel/CyCNLZaOWo7/,https://www.instagram.com/darrenkriz/,"VERIFIED (public embed page, rounded, 2026-09-25)","VERIFIED (public topic pages; sample, not full account history)"
tx_furniture_tz,1,5000.0,1053.0,11300.0,11300.0,11300.0,2.26,2.26,0.015532646048109966,0.10249673311470388,2026-02-26T09:22:47.248000+00:00,2026-02-26T09:22:47.248000+00:00,furniture-design,brand_manufacturer,real_footage,modern_luxury,living_room,real_existing,other,0.0,https://www.instagram.com/reel/DVN0fe7iMq1/,https://www.instagram.com/tx_furniture_tz/,"VERIFIED (public embed page, rounded, 2026-09-25)","VERIFIED (public topic pages; sample, not full account history)"
worldclassresidences,1,1000.0,66.0,11200.0,11200.0,11200.0,11.2,11.2,0.09655172413793103,0.45567332257980225,2026-06-07T10:34:00.730000+00:00,2026-06-07T10:34:00.730000+00:00,dubai-penthouse,theme_page,ai_generated,modern_luxury,living_room,aspirational_realistic,en,1.0,https://www.instagram.com/reel/DZSA7hgstZi/,https://www.instagram.com/worldclassresidences/,"VERIFIED (public embed page, rounded, 2026-09-25)","VERIFIED (public topic pages; sample, not full account history)"
m.o.r.e.l.e.s.a,1,40000.0,979.0,11100.0,11100.0,11100.0,0.2775,0.2775,0.030536451169188447,0.037030618408604624,2023-12-20T07:40:17.143000+00:00,2023-12-20T07:40:17.143000+00:00,house-in-forest,other,real_footage,other,terrace_outdoor,real_existing,ru,0.0,https://www.instagram.com/reel/C1ERnnPCeDw/,https://www.instagram.com/m.o.r.e.l.e.s.a/,"VERIFIED (public embed page, rounded, 2026-09-25)","VERIFIED (public topic pages; sample, not full account history)"
i5studio,1,54000.0,700.0,11000.0,11000.0,11000.0,0.2037037037037037,0.2037037037037037,0.26634382566585957,0.2992036466285645,2025-08-20T20:15:08.620000+00:00,2025-08-20T20:15:08.620000+00:00,wabi-sabi-japandi-interior-design,designer_studio,3d_render,japandi,living_room,aspirational_realistic,other,0.0,https://www.instagram.com/reel/DNlwHO5srSa/,https://www.instagram.com/i5studio/,"VERIFIED (public embed page, rounded, 2026-09-25)","VERIFIED (public topic pages; sample, not full account history)"
balitecturerealty,1,116000.0,1019.0,10900.0,10900.0,10900.0,0.0939655172413793,0.0939655172413793,0.06355685131195335,0.15315235338791874,2026-04-21T13:00:33.309000+00:00,2026-04-21T13:00:33.309000+00:00,tropical-villa,real_estate,real_footage,tropical,living_room,real_existing,en,0.0,https://www.instagram.com/reel/DXZQVtiBH6E/,https://www.instagram.com/balitecturerealty/,"VERIFIED (public embed page, rounded, 2026-09-25)","VERIFIED (public topic pages; sample, not full account history)"
maisondenova,1,20000.0,308.0,10900.0,10900.0,10900.0,0.545,0.545,0.11997798569069895,0.12728674933680345,2026-06-04T13:23:42.620000+00:00,2026-06-04T13:23:42.620000+00:00,luxury-home-theater-ideas,designer_studio,3d_render,dark_luxury,home_theater,aspirational_realistic,en,0.0,https://www.instagram.com/reel/DZKl9zhobx-/,https://www.instagram.com/maisondenova/,"VERIFIED (public embed page, rounded, 2026-09-25)","VERIFIED (public topic pages; sample, not full account history)"
montravo.travel,1,40000.0,418.0,10700.0,10700.0,10700.0,0.2675,0.2675,0.22176165803108808,0.31038494854757603,2024-08-24T09:39:13.372000+00:00,2024-08-24T09:39:13.372000+00:00,cook-islands-luxury-resorts,theme_page,real_footage,tropical,other,real_existing,en,0.0,https://www.instagram.com/reel/C_DEXvBiuyh/,https://www.instagram.com/montravo.travel/,"VERIFIED (public embed page, rounded, 2026-09-25)","VERIFIED (public topic pages; sample, not full account history)"
homesketchai,1,1000.0,10.0,10600.0,10600.0,10600.0,10.6,10.6,0.010761421319796955,0.17738066114668555,2026-04-04T21:53:47.700000+00:00,2026-04-04T21:53:47.700000+00:00,ai-home-design,brand_manufacturer,real_footage,other,other,real_existing,en,0.0,https://www.instagram.com/reel/DWub2ZtjbVO/,https://www.instagram.com/homesketchai/,"VERIFIED (public embed page, rounded, 2026-09-25)","VERIFIED (public topic pages; sample, not full account history)"
roomvibes01,1,30000.0,135.0,10600.0,10600.0,10600.0,0.35333333333333333,0.35333333333333333,0.16158536585365854,0.05771628390816634,2025-10-20T16:35:40.117000+00:00,2025-10-20T16:35:40.117000+00:00,ai-interior,ai_creator,ai_generated,rustic_cozy,bedroom,stylized_dreamy,en,1.0,https://www.instagram.com/reel/DQCbfH-CF-k/,https://www.instagram.com/roomvibes01/,"VERIFIED (public embed page, rounded, 2026-09-25)","VERIFIED (public topic pages; sample, not full account history)"
unikoncept,1,8000.0,1307.0,10500.0,10500.0,10500.0,1.3125,1.3125,0.03888888888888889,0.2393615828245445,2026-01-30T16:03:24.472000+00:00,2026-01-30T16:03:24.472000+00:00,indoor-pool,lifestyle_influencer,real_footage,modern_luxury,pool,real_existing,en,0.0,https://www.instagram.com/reel/DUJA4FvjbzA/,https://www.instagram.com/unikoncept/,"VERIFIED (public embed page, rounded, 2026-09-25)","VERIFIED (public topic pages; sample, not full account history)"
geral.homestudio,1,8000.0,136.0,10500.0,10500.0,10500.0,1.3125,1.3125,0.2727272727272727,0.5685085409122002,2025-09-30T20:35:19.133000+00:00,2025-09-30T20:35:19.133000+00:00,industrial-chic-interior-design;industrial-interior,designer_studio,ai_generated,industrial,living_room,aspirational_realistic,es,1.0,https://www.instagram.com/reel/DPPXA4CCa0R/,https://www.instagram.com/geral.homestudio/,"VERIFIED (public embed page, rounded, 2026-09-25)","VERIFIED (public topic pages; sample, not full account history)"
luxuryfeature,3,,,4444.0,10500.0,17101.0,,,0.030612244897959183,,2024-07-02T19:57:56.451000+00:00,2025-09-04T17:50:23.438000+00:00,beverly-hills-mansion;mansion-tour;miami-mansion,,,,,,,,https://www.instagram.com/reel/DFdapLjxefw/,https://www.instagram.com/luxuryfeature/,UNKNOWN,"VERIFIED (public topic pages; sample, not full account history)"
kar_modular_kitchen,1,1000.0,520.0,10500.0,10500.0,10500.0,10.5,10.5,0.5035971223021583,1.9394528516343188,2025-06-10T03:00:27.905000+00:00,2025-06-10T03:00:27.905000+00:00,rooftop-terrace,contractor_trade,real_footage,modern_luxury,terrace_outdoor,real_existing,en,0.0,https://www.instagram.com/reel/DKtFQ5UTzyX/,https://www.instagram.com/kar_modular_kitchen/,"VERIFIED (public embed page, rounded, 2026-09-25)","VERIFIED (public topic pages; sample, not full account history)"
daddyslilmonsta_,1,895.0,9503.0,10400.0,10400.0,10400.0,11.620111731843576,11.620111731843576,0.02021379980563654,0.255492893929786,2026-04-10T10:43:21.954000+00:00,2026-04-10T10:43:21.954000+00:00,inside-underground-bunker-house,other,real_footage,other,other,real_existing,en,0.0,https://www.instagram.com/reel/DW8r5SEjpYY/,https://www.instagram.com/daddyslilmonsta_/,"VERIFIED (public embed page, rounded, 2026-09-25)","VERIFIED (public topic pages; sample, not full account history)"
naturalktedy,1,201000.0,5353.0,10400.0,10400.0,10400.0,0.051741293532338306,0.051741293532338306,0.04738041002277904,0.05713131463429697,2026-04-05T10:30:13.199000+00:00,2026-04-05T10:30:13.199000+00:00,container-home-luxury-models-2026,lifestyle_influencer,real_footage,modern_luxury,exterior_facade,real_existing,en,0.0,https://www.instagram.com/reel/DWvyan7CJmJ/,https://www.instagram.com/naturalktedy/,"VERIFIED (public embed page, rounded, 2026-09-25)","VERIFIED (public topic pages; sample, not full account history)"
lienda_alhaj,1,6000.0,77.0,10300.0,10300.0,10300.0,1.7166666666666666,1.7166666666666666,0.24939467312348668,0.782896701215313,2025-08-23T11:58:04.711000+00:00,2025-08-23T11:58:04.711000+00:00,wabi-sabi-japandi-interior-design,designer_studio,ai_generated,japandi,living_room,stylized_dreamy,ar,1.0,https://www.instagram.com/reel/DNslnPnVGwU/,https://www.instagram.com/lienda_alhaj/,"VERIFIED (public embed page, rounded, 2026-09-25)","VERIFIED (public topic pages; sample, not full account history)"
homesluz_,1,14000.0,152.0,10200.0,10200.0,10200.0,0.7285714285714285,0.7285714285714285,0.02236842105263158,0.1460524365892269,2025-02-03T00:36:55.327000+00:00,2025-02-03T00:36:55.327000+00:00,quiet-luxury-bathroom,real_estate,real_footage,modern_luxury,bathroom,real_existing,en,0.0,https://www.instagram.com/reel/DFlz4bjRU5u/,https://www.instagram.com/homesluz_/,"VERIFIED (public embed page, rounded, 2026-09-25)","VERIFIED (public topic pages; sample, not full account history)"
briellynturton,1,19000.0,990.0,10100.0,10100.0,10100.0,0.531578947368421,0.531578947368421,0.024191616766467066,0.1242688683659037,2026-02-14T21:56:33.769000+00:00,2026-02-14T21:56:33.769000+00:00,interior-styling,designer_studio,real_footage,organic_modern,living_room,real_existing,en,0.0,https://www.instagram.com/reel/DUwRNzIE-nh/,https://www.instagram.com/briellynturton/,"VERIFIED (public embed page, rounded, 2026-09-25)","VERIFIED (public topic pages; sample, not full account history)"
beo.viz,1,654.0,45.0,10100.0,10100.0,10100.0,15.4434250764526,15.4434250764526,0.5504087193460491,1.4462819651280268,2024-06-02T13:28:08.991000+00:00,2024-06-02T13:28:08.991000+00:00,japandi-serenity-bedroom-design-ideas,designer_studio,3d_render,japandi,bedroom,aspirational_realistic,en,0.0,https://www.instagram.com/reel/C7twl0jNhRY/,https://www.instagram.com/beo.viz/,"VERIFIED (public embed page, rounded, 2026-09-25)","VERIFIED (public topic pages; sample, not full account history)"
voyage.elo,1,11000.0,808.0,10000.0,10000.0,10000.0,0.9090909090909091,0.9090909090909091,0.2770083102493075,0.3837654021938905,2024-06-04T09:54:07.632000+00:00,2024-06-04T09:54:07.632000+00:00,como-lake-villas,lifestyle_influencer,real_footage,other,garden_landscape,real_existing,fr,0.0,https://www.instagram.com/reel/C7yhsBbsH2u/,https://www.instagram.com/voyage.elo/,"VERIFIED (public embed page, rounded, 2026-09-25)","VERIFIED (public topic pages; sample, not full account history)"
hr_cinematics_,1,3000.0,343.0,9917.0,9917.0,9917.0,3.3056666666666668,3.3056666666666668,0.011497971014492753,0.05792272572792162,2026-09-05T12:12:54.568000+00:00,2026-09-05T12:12:54.568000+00:00,dream-house,other,real_footage,other,exterior_facade,real_existing,en,0.0,https://www.instagram.com/reel/Dc57ynnteOY/,https://www.instagram.com/hr_cinematics_/,"VERIFIED (public embed page, rounded, 2026-09-25)","VERIFIED (public topic pages; sample, not full account history)"
bartarinmoblejahan,1,12000.0,50.0,9822.0,9822.0,9822.0,0.8185,0.8185,0.01350103092783505,0.05915741309615866,2026-06-30T19:47:19.786000+00:00,2026-06-30T19:47:19.786000+00:00,furniture-design,theme_page,unclear,organic_modern,living_room,stylized_dreamy,other,0.0,https://www.instagram.com/reel/DaOOiRIoJAj/,https://www.instagram.com/bartarinmoblejahan/,"VERIFIED (public embed page, rounded, 2026-09-25)","VERIFIED (public topic pages; sample, not full account history)"
lila.s.home,1,5000.0,107.0,9668.0,9668.0,9668.0,1.9336,1.9336,0.011550776583034647,0.037529849829448444,2026-08-07T13:00:39.030000+00:00,2026-08-07T13:00:39.030000+00:00,home-decor,lifestyle_influencer,real_footage,glam_feminine,living_room,real_existing,en,0.0,https://www.instagram.com/reel/DbvWM6OxFfS/,https://www.instagram.com/lila.s.home/,"VERIFIED (public embed page, rounded, 2026-09-25)","VERIFIED (public topic pages; sample, not full account history)"
nrsh_designstudio,1,2000.0,331.0,9640.0,9640.0,9640.0,4.82,4.82,0.4713936430317848,0.9640049664815364,2025-06-25T12:39:31.765000+00:00,2025-06-25T12:39:31.765000+00:00,scandinavian-interior-design;scandinavian-interior-design-styles,designer_studio,unclear,scandinavian,other,aspirational_realistic,en,0.0,https://www.instagram.com/reel/DLUvdNuRG5n/,https://www.instagram.com/nrsh_designstudio/,"VERIFIED (public embed page, rounded, 2026-09-25)","VERIFIED (public topic pages; sample, not full account history)"
interiors.by.nandini,1,845.0,78.0,9528.0,9528.0,9528.0,11.275739644970415,11.275739644970415,0.4428744073626476,1.336172682462852,2025-02-15T08:20:02.829000+00:00,2025-02-15T08:20:02.829000+00:00,hotel-room-interior-design-ideas;hotel-suite-design-ideas,designer_studio,real_footage,organic_modern,hotel_room,real_existing,en,0.0,https://www.instagram.com/reel/DGFia9aR2lV/,https://www.instagram.com/interiors.by.nandini/,"VERIFIED (public embed page, rounded, 2026-09-25)","VERIFIED (public topic pages; sample, not full account history)"
kary._.olson,1,1000.0,77.0,9471.0,9471.0,9471.0,9.471,9.471,0.04807614213197969,0.4848478348366308,2026-08-17T16:16:28.502000+00:00,2026-08-17T16:16:28.502000+00:00,house-tour,other,real_footage,traditional_regional,exterior_facade,real_existing,en,0.0,https://www.instagram.com/reel/DcJcj6-p38P/,https://www.instagram.com/kary._.olson/,"VERIFIED (public embed page, rounded, 2026-09-25)","VERIFIED (public topic pages; sample, not full account history)"
modern__furnitures,1,20000.0,688.0,9460.0,9460.0,9460.0,0.473,0.473,0.015806182121971595,0.08715788814641356,2026-08-22T08:12:30.943000+00:00,2026-08-22T08:12:30.943000+00:00,modern-kitchen,contractor_trade,real_footage,modern_luxury,kitchen,real_existing,en,0.0,https://www.instagram.com/reel/DcVdJrDOnzB/,https://www.instagram.com/modern__furnitures/,"VERIFIED (public embed page, rounded, 2026-09-25)","VERIFIED (public topic pages; sample, not full account history)"
riyansyax,1,16000.0,66.0,9444.0,9444.0,9444.0,0.59025,0.59025,0.01724931506849315,0.1127475586545874,2026-02-15T04:14:23.587000+00:00,2026-02-15T04:14:23.587000+00:00,ai-generated-house,ai_creator,ai_generated,modern_luxury,exterior_facade,aspirational_realistic,id,1.0,https://www.instagram.com/reel/DUw8dHFEm78/,https://www.instagram.com/riyansyax/,"VERIFIED (public embed page, rounded, 2026-09-25)","VERIFIED (public topic pages; sample, not full account history)"
scifi.futureverse,1,39000.0,562.0,9428.0,9428.0,9428.0,0.24174358974358975,0.24174358974358975,0.10061899679829242,0.2126373504506464,2026-08-14T16:53:37.244000+00:00,2026-08-14T16:53:37.244000+00:00,futuristic-architecture-designs-2026,ai_creator,ai_generated,futuristic,exterior_facade,stylized_dreamy,en,1.0,https://www.instagram.com/reel/DcBybXBz9rj/,https://www.instagram.com/scifi.futureverse/,"VERIFIED (public embed page, rounded, 2026-09-25)","VERIFIED (public topic pages; sample, not full account history)"
khalesi_design,1,349000.0,50.0,9390.0,9390.0,9390.0,0.0269054441260745,0.0269054441260745,0.09576746557878633,0.07281596374373588,2026-09-01T17:08:10.775000+00:00,2026-09-01T17:08:10.775000+00:00,malibu-house,designer_studio,ai_generated,futuristic,exterior_facade,stylized_dreamy,en,1.0,https://www.instagram.com/reel/DcwKZvfRXtd/,https://www.instagram.com/khalesi_design/,"VERIFIED (public embed page, rounded, 2026-09-25)","VERIFIED (public topic pages; sample, not full account history)"
sagarikashethdesigns,1,7000.0,199.0,9389.0,9389.0,9389.0,1.3412857142857142,1.3412857142857142,0.459119804400978,0.522594068299965,2023-12-04T14:20:56.584000+00:00,2023-12-04T14:20:56.584000+00:00,scandinavian-interior-design,designer_studio,unclear,scandinavian,bedroom,aspirational_realistic,en,0.0,https://www.instagram.com/reel/C0bywHXp92B/,https://www.instagram.com/sagarikashethdesigns/,"VERIFIED (public embed page, rounded, 2026-09-25)","VERIFIED (public topic pages; sample, not full account history)"
comfywhiff,1,190000.0,629.0,9315.0,9315.0,9315.0,0.04902631578947368,0.04902631578947368,0.024642857142857143,0.04148456595998793,2026-06-17T05:15:52.828000+00:00,2026-06-17T05:15:52.828000+00:00,modern-living-room,theme_page,3d_render,modern_luxury,living_room,aspirational_realistic,en,0.0,https://www.instagram.com/reel/DZrMeNRvJGu/,https://www.instagram.com/comfywhiff/,"VERIFIED (public embed page, rounded, 2026-09-25)","VERIFIED (public topic pages; sample, not full account history)"
creed.experiences,1,14000.0,96.0,9205.0,9205.0,9205.0,0.6575,0.6575,0.25358126721763086,0.4561375086250606,2026-04-30T18:29:24.662000+00:00,2026-04-30T18:29:24.662000+00:00,ibiza-luxury-villas-sea-view,real_estate,real_footage,organic_modern,living_room,real_existing,en,0.0,https://www.instagram.com/reel/DXxBIMuowzz/,https://www.instagram.com/creed.experiences/,"VERIFIED (public embed page, rounded, 2026-09-25)","VERIFIED (public topic pages; sample, not full account history)"
architect_shankar,1,511000.0,955.0,9182.0,9182.0,9182.0,0.017968688845401173,0.017968688845401173,0.13230547550432276,0.06066887092500688,2026-09-09T12:39:07.574000+00:00,2026-09-09T12:39:07.574000+00:00,hotel-design,designer_studio,3d_render,neoclassical,exterior_facade,aspirational_realistic,en,0.0,https://www.instagram.com/reel/DdER-IuhzX0/,https://www.instagram.com/architect_shankar/,"VERIFIED (public embed page, rounded, 2026-09-25)","VERIFIED (public topic pages; sample, not full account history)"
cfnmgmt,1,45000.0,415.0,9132.0,9132.0,9132.0,0.20293333333333333,0.20293333333333333,0.10129783693843594,0.17414927004220807,2025-04-25T18:56:42.888000+00:00,2025-04-25T18:56:42.888000+00:00,biophilic-design,real_estate,ai_generated,biophilic,living_room,aspirational_realistic,en,1.0,https://www.instagram.com/reel/DI4WIbXpVf1/,https://www.instagram.com/cfnmgmt/,"VERIFIED (public embed page, rounded, 2026-09-25)","VERIFIED (public topic pages; sample, not full account history)"
studiogreyinteriordesign,1,27000.0,446.0,9124.0,9124.0,9124.0,0.3379259259259259,0.3379259259259259,0.17647969052224372,0.2376306848520506,2024-11-10T17:42:17.664000+00:00,2024-11-10T17:42:17.664000+00:00,luxury-homes-on-the-amalfi-coast,designer_studio,real_footage,mediterranean,terrace_outdoor,real_existing,en,0.0,https://www.instagram.com/reel/DCMxqGzyTnQ/,https://www.instagram.com/studiogreyinteriordesign/,"VERIFIED (public embed page, rounded, 2026-09-25)","VERIFIED (public topic pages; sample, not full account history)"
havenintherain,1,2000.0,38.0,9045.0,9045.0,9045.0,4.5225,4.5225,0.04836898395721925,0.6440246792364615,2026-07-26T18:44:56.151000+00:00,2026-07-26T18:44:56.151000+00:00,waterfall-house,ai_creator,ai_generated,biophilic,living_room,stylized_dreamy,en,1.0,https://www.instagram.com/reel/DbREEB_JMj4/,https://www.instagram.com/havenintherain/,"VERIFIED (public embed page, rounded, 2026-09-25)","VERIFIED (public topic pages; sample, not full account history)"
thebillionaireblueprint3,1,8000.0,140.0,8986.0,8986.0,8986.0,1.12325,1.12325,0.2235323383084577,0.5555191520675117,2026-08-10T14:30:56.036000+00:00,2026-08-10T14:30:56.036000+00:00,desert-house,theme_page,ai_generated,minimalist,exterior_facade,aspirational_realistic,en,1.0,https://www.instagram.com/reel/Db3O6ylgtbs/,https://www.instagram.com/thebillionaireblueprint3/,"VERIFIED (public embed page, rounded, 2026-09-25)","VERIFIED (public topic pages; sample, not full account history)"
andronis_hotels,1,22000.0,983.0,8925.0,8925.0,8925.0,0.4056818181818182,0.4056818181818182,0.15037910699241785,0.09322584874558588,2025-04-22T14:17:12.228000+00:00,2025-04-22T14:17:12.228000+00:00,boutique-hotel,other,real_footage,mediterranean,pool,real_existing,en,0.0,https://www.instagram.com/reel/DIwHwmlyf7P/,https://www.instagram.com/andronis_hotels/,"VERIFIED (public embed page, rounded, 2026-09-25)","VERIFIED (public topic pages; sample, not full account history)"
ellis_cottage,1,37900.0,799.0,8914.0,8914.0,8914.0,0.23519788918205806,0.23519788918205806,0.0460671834625323,0.0812215165927976,2026-04-09T01:08:27.900000+00:00,2026-04-09T01:08:27.900000+00:00,outdoor-living,lifestyle_influencer,real_footage,organic_modern,terrace_outdoor,real_existing,en,0.0,https://www.instagram.com/reel/DW5FTtRiSwU/,https://www.instagram.com/ellis_cottage/,"VERIFIED (public embed page, rounded, 2026-09-25)","VERIFIED (public topic pages; sample, not full account history)"
prestigepropertiesibiza,1,12000.0,1397.0,8794.0,8794.0,8794.0,0.7328333333333333,0.7328333333333333,0.24225895316804408,0.4683483931117645,2025-07-11T08:01:52.740000+00:00,2025-07-11T08:01:52.740000+00:00,ibiza-luxury-villas-sea-view,real_estate,real_footage,mediterranean,garden_landscape,real_existing,en,0.0,https://www.instagram.com/reel/DL9cZpFtK7S/,https://www.instagram.com/prestigepropertiesibiza/,"VERIFIED (public embed page, rounded, 2026-09-25)","VERIFIED (public topic pages; sample, not full account history)"
decorate.world,1,3000.0,1515.0,8712.0,8712.0,8712.0,2.904,2.904,0.4747683923705722,0.611856883558974,2025-07-27T03:01:45.340000+00:00,2025-07-27T03:01:45.340000+00:00,japandi-serenity-bedroom-design-ideas,theme_page,ai_generated,japandi,bedroom,stylized_dreamy,en,1.0,https://www.instagram.com/reel/DMmGxeRoZE4/,https://www.instagram.com/decorate.world/,"VERIFIED (public embed page, rounded, 2026-09-25)","VERIFIED (public topic pages; sample, not full account history)"
uniformdisplay,1,731000.0,3303.0,8687.0,8687.0,8687.0,0.011883720930232558,0.011883720930232558,0.16072155411655875,0.045745857627075684,2026-02-10T15:25:46.032000+00:00,2026-02-10T15:25:46.032000+00:00,industrial-interior,theme_page,real_footage,industrial,living_room,real_existing,en,0.0,https://www.instagram.com/reel/DUlRUBrglXs/,https://www.instagram.com/uniformdisplay/,"VERIFIED (public embed page, rounded, 2026-09-25)","VERIFIED (public topic pages; sample, not full account history)"
djbehrouz,1,51600.0,2063.0,8628.0,8628.0,8628.0,0.1672093023255814,0.1672093023255814,0.2146268656716418,0.22305754768108127,2021-07-09T14:59:20.203000+00:00,2021-07-09T14:59:20.203000+00:00,desert-house,other,real_footage,other,none_person_only,real_existing,en,0.0,https://www.instagram.com/reel/CRHFNEZBymW/,https://www.instagram.com/djbehrouz/,"VERIFIED (public embed page, rounded, 2026-09-25)","VERIFIED (public topic pages; sample, not full account history)"
tatv_adesignstudio,1,222.0,83.0,8614.0,8614.0,8614.0,38.8018018018018,38.8018018018018,0.09193169690501601,2.179023619786584,2026-07-22T05:53:44.331000+00:00,2026-07-22T05:53:44.331000+00:00,futuristic-architecture-designs-2026,designer_studio,ai_generated,futuristic,exterior_facade,fantasy_impossible,en,1.0,https://www.instagram.com/reel/DbFYoHZTbhW/,https://www.instagram.com/tatv_adesignstudio/,"VERIFIED (public embed page, rounded, 2026-09-25)","VERIFIED (public topic pages; sample, not full account history)"
circleconcierge,1,11000.0,394.0,8611.0,8611.0,8611.0,0.7828181818181819,0.7828181818181819,0.32311444652908067,0.3650131560035482,2025-03-21T20:13:34.608000+00:00,2025-03-21T20:13:34.608000+00:00,houses-on-malibu-beach,real_estate,real_footage,mediterranean,pool,real_existing,en,0.0,https://www.instagram.com/reel/DHeXGwby2AM/,https://www.instagram.com/circleconcierge/,"VERIFIED (public embed page, rounded, 2026-09-25)","VERIFIED (public topic pages; sample, not full account history)"
varia.studiodesign,1,2000.0,129.0,8596.0,8596.0,8596.0,4.298,4.298,0.06228985507246377,0.206247560686183,2026-06-14T23:10:19.203000+00:00,2026-06-14T23:10:19.203000+00:00,minimalist-art-deco-interior-design,designer_studio,ai_generated,classical_luxury,living_room,aspirational_realistic,en,1.0,https://www.instagram.com/reel/DZlZDA1Ricv/,https://www.instagram.com/varia.studiodesign/,"VERIFIED (public embed page, rounded, 2026-09-25)","VERIFIED (public topic pages; sample, not full account history)"
poolique,1,6000.0,1673.0,8557.0,8557.0,8557.0,1.4261666666666666,1.4261666666666666,0.04503684210526316,0.10106516357369924,2024-10-23T18:54:08.580000+00:00,2024-10-23T18:54:08.580000+00:00,infinity-pools;rooftop-pool,theme_page,real_footage,modern_luxury,pool,real_existing,en,0.0,https://www.instagram.com/reel/DBejkl1uMZz/,https://www.instagram.com/poolique/,"VERIFIED (public embed page, rounded, 2026-09-25)","VERIFIED (public topic pages; sample, not full account history)"
mr_maxpanin,1,8000.0,1026.0,8460.0,8460.0,8460.0,1.0575,1.0575,0.08209606986899563,0.25966168119911714,2025-10-08T15:27:35.611000+00:00,2025-10-08T15:27:35.611000+00:00,green-minimalist-interior-design,designer_studio,real_footage,dark_luxury,living_room,real_existing,en,0.0,https://www.instagram.com/reel/DPjaKBxDFq3/,https://www.instagram.com/mr_maxpanin/,"VERIFIED (public embed page, rounded, 2026-09-25)","VERIFIED (public topic pages; sample, not full account history)"
forsalebyrich,1,22000.0,233.0,8432.0,8432.0,8432.0,0.38327272727272726,0.38327272727272726,0.17243353783231083,0.2978646763914704,2026-02-24T10:43:31.744000+00:00,2026-02-24T10:43:31.744000+00:00,miami-mansion,real_estate,real_footage,modern_luxury,exterior_facade,real_existing,en,0.0,https://www.instagram.com/reel/DVI0JGjju33/,https://www.instagram.com/forsalebyrich/,"VERIFIED (public embed page, rounded, 2026-09-25)","VERIFIED (public topic pages; sample, not full account history)"
aadh.___,1,2000.0,86.0,8429.0,8429.0,8429.0,4.2145,4.2145,0.03541596638655462,0.18538117134064874,2026-04-11T13:07:21.731000+00:00,2026-04-11T13:07:21.731000+00:00,tropical-house-architecture-styles,designer_studio,ai_generated,tropical,exterior_facade,aspirational_realistic,en,1.0,https://www.instagram.com/reel/DW_hK0VEiM_/,https://www.instagram.com/aadh.___/,"VERIFIED (public embed page, rounded, 2026-09-25)","VERIFIED (public topic pages; sample, not full account history)"
dreamnesthomes01,1,7000.0,71.0,8400.0,8400.0,8400.0,1.2,1.2,0.05526315789473684,0.32229075838561666,2026-08-27T15:36:31.733000+00:00,2026-08-27T15:36:31.733000+00:00,jamesedition-luxury-homes,ai_creator,ai_generated,classical_luxury,exterior_facade,stylized_dreamy,en,1.0,https://www.instagram.com/reel/DcjH8GOScji/,https://www.instagram.com/dreamnesthomes01/,"VERIFIED (public embed page, rounded, 2026-09-25)","VERIFIED (public topic pages; sample, not full account history)"
lisatbergren,1,5000.0,228.0,8393.0,8393.0,8393.0,1.6786,1.6786,0.050408408408408406,0.2506571484473556,2025-05-13T13:19:05.648000+00:00,2025-05-13T13:19:05.648000+00:00,dark-academia-home-library,other,real_footage,maximalist,office,real_existing,en,0.0,https://www.instagram.com/reel/DJmFzXrxmpi/,https://www.instagram.com/lisatbergren/,"VERIFIED (public embed page, rounded, 2026-09-25)","VERIFIED (public topic pages; sample, not full account history)"
treesspeak,1,13000.0,357.0,8381.0,8381.0,8381.0,0.6446923076923077,0.6446923076923077,2.4079873581381985,1.6182637766565577,2023-02-09T14:03:41.354000+00:00,2023-02-09T14:03:41.354000+00:00,surreal-architecture,other,unclear,other,other,fantasy_impossible,en,0.0,https://www.instagram.com/reel/Cocb4_oj7xA/,https://www.instagram.com/treesspeak/,"VERIFIED (public embed page, rounded, 2026-09-25)","VERIFIED (public topic pages; sample, not full account history)"
tripland_travel_tours,1,57000.0,3819.0,8338.0,8338.0,8338.0,0.14628070175438596,0.14628070175438596,0.3755855855855856,0.1506432556612673,2023-11-15T08:08:14.745000+00:00,2023-11-15T08:08:14.745000+00:00,hunza-valley-luxury-resorts,other,real_footage,rustic_cozy,hotel_room,real_existing,other,0.0,https://www.instagram.com/reel/CzqM_xgIPNg/,https://www.instagram.com/tripland_travel_tours/,"VERIFIED (public embed page, rounded, 2026-09-25)","VERIFIED (public topic pages; sample, not full account history)"
freddybloy,1,13000.0,598.0,8204.0,8204.0,8204.0,0.6310769230769231,0.6310769230769231,0.07325,0.16447894916177344,2025-11-19T16:37:14.774000+00:00,2025-11-19T16:37:14.774000+00:00,a-frame-cabin,lifestyle_influencer,real_footage,rustic_cozy,exterior_facade,real_existing,en,0.0,https://www.instagram.com/reel/DRPrg7ekdCb/,https://www.instagram.com/freddybloy/,"VERIFIED (public embed page, rounded, 2026-09-25)","VERIFIED (public topic pages; sample, not full account history)"
civilengineernogesh,1,32000.0,490.0,8097.0,8097.0,8097.0,0.25303125,0.25303125,0.3883453237410072,0.2957094272593052,2025-04-22T10:23:46.317000+00:00,2025-04-22T10:23:46.317000+00:00,rooftop-terrace,contractor_trade,real_footage,modern_luxury,terrace_outdoor,real_existing,en,0.0,https://www.instagram.com/reel/DIvtC5aP4VO/,https://www.instagram.com/civilengineernogesh/,"VERIFIED (public embed page, rounded, 2026-09-25)","VERIFIED (public topic pages; sample, not full account history)"
dream_experiences_ai,1,24000.0,294.0,8094.0,8094.0,8094.0,0.33725,0.33725,0.04803560830860534,0.07727028561971457,2026-08-30T14:49:05.874000+00:00,2026-08-30T14:49:05.874000+00:00,best-rooftop-pools,ai_creator,ai_generated,mediterranean,spa,stylized_dreamy,,1.0,https://www.instagram.com/reel/Dcqw5U8hUqg/,https://www.instagram.com/dream_experiences_ai/,"VERIFIED (public embed page, rounded, 2026-09-25)","VERIFIED (public topic pages; sample, not full account history)"
poolicons,1,37000.0,950.0,8076.0,8076.0,8076.0,0.21827027027027027,0.21827027027027027,0.01198219584569733,0.04631737680250615,2026-04-01T01:33:07.631000+00:00,2026-04-01T01:33:07.631000+00:00,luxury-pool,theme_page,real_footage,modern_luxury,pool,real_existing,en,0.0,https://www.instagram.com/reel/DWkhxVrD6V9/,https://www.instagram.com/poolicons/,"VERIFIED (public embed page, rounded, 2026-09-25)","VERIFIED (public topic pages; sample, not full account history)"
aadityainteriors,1,139000.0,1138.0,8005.0,8005.0,8005.0,0.05758992805755396,0.05758992805755396,0.11534582132564841,0.09723592083096975,2026-08-05T02:55:36.964000+00:00,2026-08-05T02:55:36.964000+00:00,hotel-design,designer_studio,real_footage,neoclassical,exterior_facade,real_existing,en,0.0,https://www.instagram.com/reel/DbpHXwVhoro/,https://www.instagram.com/aadityainteriors/,"VERIFIED (public embed page, rounded, 2026-09-25)","VERIFIED (public topic pages; sample, not full account history)"
stamped_traveler,1,18000.0,4815.0,7987.0,7987.0,7987.0,0.44372222222222224,0.44372222222222224,0.16553367875647668,0.3365819490077296,2024-05-16T14:24:42.003000+00:00,2024-05-16T14:24:42.003000+00:00,cook-islands-luxury-resorts,media_publication,real_footage,tropical,garden_landscape,real_existing,en,0.0,https://www.instagram.com/reel/C7CFjIdIWI9/,https://www.instagram.com/stamped_traveler/,"VERIFIED (public embed page, rounded, 2026-09-25)","VERIFIED (public topic pages; sample, not full account history)"
kataevn,1,4000.0,222.0,7981.0,7981.0,7981.0,1.99525,1.99525,0.37294392523364484,0.7046011564456425,2026-05-20T12:35:07.270000+00:00,2026-05-20T12:35:07.270000+00:00,luxury-hotel-room,other,real_footage,modern_luxury,hotel_room,real_existing,,0.0,https://www.instagram.com/reel/DYj4ezWim0X/,https://www.instagram.com/kataevn/,"VERIFIED (public embed page, rounded, 2026-09-25)","VERIFIED (public topic pages; sample, not full account history)"
lifestyleproperties_interiors,1,12000.0,513.0,7975.0,7975.0,7975.0,0.6645833333333333,0.6645833333333333,0.021097883597883598,0.12926072995818969,2026-06-05T15:43:32.779000+00:00,2026-06-05T15:43:32.779000+00:00,modern-living-room,designer_studio,real_footage,modern_luxury,living_room,real_existing,en,0.0,https://www.instagram.com/reel/DZNaw3pIXDk/,https://www.instagram.com/lifestyleproperties_interiors/,"VERIFIED (public embed page, rounded, 2026-09-25)","VERIFIED (public topic pages; sample, not full account history)"
johnclaire.craft,1,7000.0,120.0,7974.0,7974.0,7974.0,1.1391428571428572,1.1391428571428572,0.06456680161943319,0.1361761370216565,2026-07-25T02:34:34.102000+00:00,2026-07-25T02:34:34.102000+00:00,biophilic-bedroom-design,ai_creator,ai_generated,biophilic,bedroom,stylized_dreamy,en,1.0,https://www.instagram.com/reel/DbMwN-OiF8C/,https://www.instagram.com/johnclaire.craft/,"VERIFIED (public embed page, rounded, 2026-09-25)","VERIFIED (public topic pages; sample, not full account history)"
diotti.com_interiors,1,15000.0,795.0,7963.0,7963.0,7963.0,0.5308666666666667,0.5308666666666667,0.14732654949121185,0.2581927314210755,2024-11-29T16:17:17.345000+00:00,2024-11-29T16:17:17.345000+00:00,industrial-interior,brand_manufacturer,ai_generated,industrial,living_room,aspirational_realistic,en,1.0,https://www.instagram.com/reel/DC9jCIkN74C/,https://www.instagram.com/diotti.com_interiors/,"VERIFIED (public embed page, rounded, 2026-09-25)","VERIFIED (public topic pages; sample, not full account history)"
apt_1901,1,69000.0,77.0,7952.0,7952.0,7952.0,0.1152463768115942,0.1152463768115942,0.031681274900398404,0.05173079475863898,2026-08-07T13:10:19.678000+00:00,2026-08-07T13:10:19.678000+00:00,mid-century-modern-living-room-ideas,lifestyle_influencer,real_footage,mid_century,living_room,real_existing,en,0.0,https://www.instagram.com/reel/DbvXTyizeSv/,https://www.instagram.com/apt_1901/,"VERIFIED (public embed page, rounded, 2026-09-25)","VERIFIED (public topic pages; sample, not full account history)"
1.59818,1,4000.0,48.0,7649.0,7649.0,7649.0,1.91225,1.91225,0.026421416234887737,0.16322371879117337,2026-08-17T12:07:15.598000+00:00,2026-08-17T12:07:15.598000+00:00,futuristic-interior,designer_studio,unclear,mid_century,other,aspirational_realistic,other,0.0,https://www.instagram.com/reel/DcJACnaq3l5/,https://www.instagram.com/1.59818/,"VERIFIED (public embed page, rounded, 2026-09-25)","VERIFIED (public topic pages; sample, not full account history)"
mri_dreams,1,1000.0,9.0,7648.0,7648.0,7648.0,7.648,7.648,0.008867246376811595,0.07467291022069623,2026-08-31T17:55:09.086000+00:00,2026-08-31T17:55:09.086000+00:00,dream-house,ai_creator,ai_generated,classical_luxury,exterior_facade,aspirational_realistic,en,1.0,https://www.instagram.com/reel/Dctq-5iyfR_/,https://www.instagram.com/mri_dreams/,"VERIFIED (public embed page, rounded, 2026-09-25)","VERIFIED (public topic pages; sample, not full account history)"
lesliencrealtor,1,371.0,121.0,7528.0,7528.0,7528.0,20.2911051212938,20.2911051212938,0.08304467733039161,1.0536862939583465,2026-09-09T16:14:49.997000+00:00,2026-09-09T16:14:49.997000+00:00,lake-house,real_estate,real_footage,traditional_regional,exterior_facade,real_existing,en,0.0,https://www.instagram.com/reel/DdEqqBaOw8P/,https://www.instagram.com/lesliencrealtor/,"VERIFIED (public embed page, rounded, 2026-09-25)","VERIFIED (public topic pages; sample, not full account history)"
ernisupriandini,1,1000.0,2346.0,7506.0,7506.0,7506.0,7.506,7.506,0.35074766355140186,1.2672846061284808,2025-03-02T01:19:45.510000+00:00,2025-03-02T01:19:45.510000+00:00,luxury-hotel-room,lifestyle_influencer,real_footage,minimalist,hotel_room,real_existing,id,0.0,https://www.instagram.com/reel/DGraPzGziUN/,https://www.instagram.com/ernisupriandini/,"VERIFIED (public embed page, rounded, 2026-09-25)","VERIFIED (public topic pages; sample, not full account history)"
qosqocabin,1,97000.0,1137.0,7415.0,7415.0,7415.0,0.07644329896907216,0.07644329896907216,0.07011820330969268,0.03988535669008438,2026-04-06T20:47:33.933000+00:00,2026-04-06T20:47:33.933000+00:00,capsule-castle-luxury-space-capsule-houses,brand_manufacturer,ai_generated,futuristic,exterior_facade,stylized_dreamy,es,1.0,https://www.instagram.com/reel/DWzd3EqDTNN/,https://www.instagram.com/qosqocabin/,"VERIFIED (public embed page, rounded, 2026-09-25)","VERIFIED (public topic pages; sample, not full account history)"
relax_musicbox,1,540.0,56.0,7353.0,7353.0,7353.0,13.616666666666667,13.616666666666667,0.05196466431095406,0.31703991505641066,2025-10-07T12:37:50.917000+00:00,2025-10-07T12:37:50.917000+00:00,rain-sounds,theme_page,unclear,other,other,stylized_dreamy,en,0.0,https://www.instagram.com/reel/DPgh752AYjS/,https://www.instagram.com/relax_musicbox/,"VERIFIED (public embed page, rounded, 2026-09-25)","VERIFIED (public topic pages; sample, not full account history)"
rihlahunza,1,14000.0,203.0,7211.0,7211.0,7211.0,0.5150714285714286,0.5150714285714286,0.32481981981981983,0.2512221547556816,2026-04-19T09:38:38.349000+00:00,2026-04-19T09:38:38.349000+00:00,hunza-valley-luxury-resorts,other,real_footage,traditional_regional,terrace_outdoor,real_existing,en,0.0,https://www.instagram.com/reel/DXTvpFaAXaV/,https://www.instagram.com/rihlahunza/,"VERIFIED (public embed page, rounded, 2026-09-25)","VERIFIED (public topic pages; sample, not full account history)"
dzign.tales,1,6000.0,182.0,7182.0,7182.0,7182.0,1.197,1.197,0.39138964577656676,0.3647435368798962,2025-06-14T04:53:55.846000+00:00,2025-06-14T04:53:55.846000+00:00,japandi-serenity-bedroom-design-ideas,designer_studio,ai_generated,japandi,bedroom,aspirational_realistic,en,1.0,https://www.instagram.com/reel/DK3lbcWpIpL/,https://www.instagram.com/dzign.tales/,"VERIFIED (public embed page, rounded, 2026-09-25)","VERIFIED (public topic pages; sample, not full account history)"
otmcontainers,1,7000.0,141.0,7123.0,7123.0,7123.0,1.0175714285714286,1.0175714285714286,0.03245102505694761,0.18812513373931178,2026-03-28T04:37:50.127000+00:00,2026-03-28T04:37:50.127000+00:00,container-home-luxury-models-2026;container-house,brand_manufacturer,real_footage,other,exterior_facade,real_existing,en,0.0,https://www.instagram.com/reel/DWajurrEhgo/,https://www.instagram.com/otmcontainers/,"VERIFIED (public embed page, rounded, 2026-09-25)","VERIFIED (public topic pages; sample, not full account history)"
durandesigngroup,1,4000.0,77.0,7069.0,7069.0,7069.0,1.76725,1.76725,0.17475896168108776,0.2425036358606013,2026-04-09T01:05:13.355000+00:00,2026-04-09T01:05:13.355000+00:00,modern-mediterranean-houses,designer_studio,ai_generated,mediterranean,pool,stylized_dreamy,en,1.0,https://www.instagram.com/reel/DW5E79ZDOt3/,https://www.instagram.com/durandesigngroup/,"VERIFIED (public embed page, rounded, 2026-09-25)","VERIFIED (public topic pages; sample, not full account history)"
shyamsavani.dxb,1,12000.0,301.0,7063.0,7063.0,7063.0,0.5885833333333333,0.5885833333333333,0.060887931034482756,0.0849493756061217,2025-05-22T17:20:14.180000+00:00,2025-05-22T17:20:14.180000+00:00,dubai-luxury-penthouse;dubai-penthouse,real_estate,real_footage,modern_luxury,living_room,real_existing,en,0.0,https://www.instagram.com/reel/DJ9sjbFhgvQ/,https://www.instagram.com/shyamsavani.dxb/,"VERIFIED (public embed page, rounded, 2026-09-25)","VERIFIED (public topic pages; sample, not full account history)"
home_design_ideas_7,1,28000.0,105.0,7004.0,7004.0,7004.0,0.25014285714285717,0.25014285714285717,0.24489510489510488,0.19578719839924094,2026-02-10T02:08:20.031000+00:00,2026-02-10T02:08:20.031000+00:00,mediterranean-house;mediterranean-villa,theme_page,ai_generated,mediterranean,living_room,aspirational_realistic,en,1.0,https://www.instagram.com/reel/DUj2DczDSqS/,https://www.instagram.com/home_design_ideas_7/,"VERIFIED (public embed page, rounded, 2026-09-25)","VERIFIED (public topic pages; sample, not full account history)"
jameshardieau,1,138000.0,3363.0,6931.0,6931.0,6931.0,0.05022463768115942,0.05022463768115942,0.0769683509161577,0.06041049881332037,2023-08-26T07:00:06.654000+00:00,2023-08-26T07:00:06.654000+00:00,home-office-design,brand_manufacturer,real_footage,other,exterior_facade,real_existing,en,0.0,https://www.instagram.com/reel/CwZgz3StlJu/,https://www.instagram.com/jameshardieau/,"VERIFIED (public embed page, rounded, 2026-09-25)","VERIFIED (public topic pages; sample, not full account history)"
lazaroluxury_homesdecor,1,130000.0,3473.0,6868.0,6868.0,6868.0,0.05283076923076923,0.05283076923076923,0.020780635400907715,0.024439572424143248,2025-03-02T13:11:33.877000+00:00,2025-03-02T13:11:33.877000+00:00,dream-house-design,other,ai_generated,modern_luxury,exterior_facade,aspirational_realistic,en,1.0,https://www.instagram.com/reel/DGsrtOON0GT/,https://www.instagram.com/lazaroluxury_homesdecor/,"VERIFIED (public embed page, rounded, 2026-09-25)","VERIFIED (public topic pages; sample, not full account history)"
alghaniinteriorsfurnishers1341,1,2000.0,662.0,6848.0,6848.0,6848.0,3.424,3.424,0.017380710659898477,0.7796500852603889,2025-12-16T19:57:34.725000+00:00,2025-12-16T19:57:34.725000+00:00,luxury-living-room-design,designer_studio,real_footage,modern_luxury,living_room,real_existing,en,0.0,https://www.instagram.com/reel/DSVj51WDj7w/,https://www.instagram.com/alghaniinteriorsfurnishers1341/,"VERIFIED (public embed page, rounded, 2026-09-25)","VERIFIED (public topic pages; sample, not full account history)"
ivoryandsage.interiors,1,6000.0,68.0,6811.0,6811.0,6811.0,1.1351666666666667,1.1351666666666667,0.08255757575757576,0.25762681610264415,2026-08-14T07:35:15.124000+00:00,2026-08-14T07:35:15.124000+00:00,modern-classic-interior-design,designer_studio,ai_generated,dark_luxury,living_room,aspirational_realistic,en,1.0,https://www.instagram.com/reel/DcAyhvthqqa/,https://www.instagram.com/ivoryandsage.interiors/,"VERIFIED (public embed page, rounded, 2026-09-25)","VERIFIED (public topic pages; sample, not full account history)"
its_mohammad_sarfraz,1,2000.0,37.0,6782.0,6782.0,6782.0,3.391,3.391,0.017989389920424405,0.13829218110332078,2025-10-13T01:17:49.655000+00:00,2025-10-13T01:17:49.655000+00:00,saudi-arabia-architecture,other,real_footage,futuristic,exterior_facade,real_existing,en,0.0,https://www.instagram.com/reel/DPuw4h_CDOB/,https://www.instagram.com/its_mohammad_sarfraz/,"VERIFIED (public embed page, rounded, 2026-09-25)","VERIFIED (public topic pages; sample, not full account history)"
kozyblum,1,5000.0,106.0,6777.0,6777.0,6777.0,1.3554,1.3554,0.027,0.15046113408369377,2026-02-27T16:21:43.918000+00:00,2026-02-27T16:21:43.918000+00:00,mid-century-modern-living-room-ideas,lifestyle_influencer,real_footage,scandinavian,living_room,real_existing,en,0.0,https://www.instagram.com/reel/DVRJOzKiLE2/,https://www.instagram.com/kozyblum/,"VERIFIED (public embed page, rounded, 2026-09-25)","VERIFIED (public topic pages; sample, not full account history)"
tomer.fridman,1,68000.0,1963.0,6750.0,6750.0,6750.0,0.09926470588235294,0.09926470588235294,0.06884242733299337,0.1124799761697678,2026-09-01T20:31:20.911000+00:00,2026-09-01T20:31:20.911000+00:00,malibu-house,real_estate,real_footage,modern_luxury,exterior_facade,real_existing,en,0.0,https://www.instagram.com/reel/Dcwhpy7SShB/,https://www.instagram.com/tomer.fridman/,"VERIFIED (public embed page, rounded, 2026-09-25)","VERIFIED (public topic pages; sample, not full account history)"
stroilexx,1,30000.0,1205.0,6728.0,6728.0,6728.0,0.22426666666666667,0.22426666666666667,0.01475438596491228,0.06745144111945948,2026-07-29T04:37:41.317000+00:00,2026-07-29T04:37:41.317000+00:00,quiet-luxury-bathroom,ai_creator,ai_generated,organic_modern,bathroom,aspirational_realistic,en,1.0,https://www.instagram.com/reel/DbXRfO2MGaj/,https://www.instagram.com/stroilexx/,"VERIFIED (public embed page, rounded, 2026-09-25)","VERIFIED (public topic pages; sample, not full account history)"
onmyway_destinations,1,107000.0,1850.0,6654.0,6654.0,6654.0,0.06218691588785047,0.06218691588785047,0.1198918918918919,0.10783383335252984,2025-10-19T11:03:33.048000+00:00,2025-10-19T11:03:33.048000+00:00,bora-bora-luxury-hotels,theme_page,real_footage,tropical,exterior_facade,real_existing,en,0.0,https://www.instagram.com/reel/DP_QrvvkzfJ/,https://www.instagram.com/onmyway_destinations/,"VERIFIED (public embed page, rounded, 2026-09-25)","VERIFIED (public topic pages; sample, not full account history)"
aermaakova,1,3000.0,27.0,6630.0,6630.0,6630.0,2.21,2.21,0.007090909090909091,0.0962493162869175,2026-04-20T16:24:10.408000+00:00,2026-04-20T16:24:10.408000+00:00,ai-interior-designer,ai_creator,ai_generated,scandinavian,living_room,aspirational_realistic,ru,1.0,https://www.instagram.com/reel/DXXC2LnjMPs/,https://www.instagram.com/aermaakova/,"VERIFIED (public embed page, rounded, 2026-09-25)","VERIFIED (public topic pages; sample, not full account history)"
mjengoni.artz,1,21000.0,427.0,6539.0,6539.0,6539.0,0.31138095238095237,0.31138095238095237,0.019935975609756098,0.07266750468417874,2025-05-22T15:27:35.024000+00:00,2025-05-22T15:27:35.024000+00:00,a-frame-modern-cabins,contractor_trade,real_footage,minimalist,exterior_facade,real_existing,en,0.0,https://www.instagram.com/reel/DJ9fqVLt0si/,https://www.instagram.com/mjengoni.artz/,"VERIFIED (public embed page, rounded, 2026-09-25)","VERIFIED (public topic pages; sample, not full account history)"
hanaenispace.interiors,1,18000.0,351.0,6531.0,6531.0,6531.0,0.36283333333333334,0.36283333333333334,0.30356976852282236,0.21905292656062814,2025-11-26T06:01:37.666000+00:00,2025-11-26T06:01:37.666000+00:00,hotel-room-interior-design-ideas,designer_studio,ai_generated,minimalist,bedroom,aspirational_realistic,en,1.0,https://www.instagram.com/reel/DRgkVpUkhRK/,https://www.instagram.com/hanaenispace.interiors/,"VERIFIED (public embed page, rounded, 2026-09-25)","VERIFIED (public topic pages; sample, not full account history)"
noushinashouri,1,113000.0,1296.0,6493.0,6493.0,6493.0,0.05746017699115044,0.05746017699115044,0.12743866535819431,0.04157376822214045,2026-08-23T17:21:57.340000+00:00,2026-08-23T17:21:57.340000+00:00,neoclassical-interior,designer_studio,3d_render,neoclassical,living_room,aspirational_realistic,other,0.0,https://www.instagram.com/reel/DcZA0xBoa78/,https://www.instagram.com/noushinashouri/,"VERIFIED (public embed page, rounded, 2026-09-25)","VERIFIED (public topic pages; sample, not full account history)"
premium.listings,1,641000.0,335.0,6490.0,6490.0,6490.0,0.010124804992199688,0.010124804992199688,0.02386029411764706,0.02038099075723691,2024-07-31T04:25:45.085000+00:00,2024-07-31T04:25:45.085000+00:00,beverly-hills-mansion,real_estate,real_footage,modern_luxury,pool,real_existing,en,0.0,https://www.instagram.com/reel/C-EtazSIPij/,https://www.instagram.com/premium.listings/,"VERIFIED (public embed page, rounded, 2026-09-25)","VERIFIED (public topic pages; sample, not full account history)"
stylemeinteriorsdubai,1,6000.0,867.0,6409.0,6409.0,6409.0,1.0681666666666667,1.0681666666666667,0.31339853300733495,0.3833945971092347,2024-12-07T14:47:12.939000+00:00,2024-12-07T14:47:12.939000+00:00,scandinavian-interior-design;scandinavian-interior-design-styles,designer_studio,real_footage,scandinavian,living_room,real_existing,en,0.0,https://www.instagram.com/reel/DDR_FapKpOv/,https://www.instagram.com/stylemeinteriorsdubai/,"VERIFIED (public embed page, rounded, 2026-09-25)","VERIFIED (public topic pages; sample, not full account history)"
kitchenbear9,1,1000.0,80.0,6398.0,6398.0,6398.0,6.398,6.398,0.010690058479532165,0.23930022146595126,2026-08-17T18:24:39.146000+00:00,2026-08-17T18:24:39.146000+00:00,modern-kitchen,contractor_trade,ai_generated,japandi,kitchen,aspirational_realistic,ar,1.0,https://www.instagram.com/reel/DcJrOuIsVUM/,https://www.instagram.com/kitchenbear9/,"VERIFIED (public embed page, rounded, 2026-09-25)","VERIFIED (public topic pages; sample, not full account history)"
ksimbuilds,1,11000.0,590.0,6386.0,6386.0,6386.0,0.5805454545454546,0.5805454545454546,0.17424283765347887,0.21762702117835844,2025-06-21T04:38:55.117000+00:00,2025-06-21T04:38:55.117000+00:00,santorini-villa,other,3d_render,mediterranean,exterior_facade,stylized_dreamy,en,0.0,https://www.instagram.com/reel/DLJlRnaRZ4G/,https://www.instagram.com/ksimbuilds/,"VERIFIED (public embed page, rounded, 2026-09-25)","VERIFIED (public topic pages; sample, not full account history)"
jumbonwuka_official,1,22000.0,283.0,6284.0,6284.0,6284.0,0.28563636363636363,0.28563636363636363,0.041342105263157895,0.14112671390804388,2026-09-11T06:22:12.901000+00:00,2026-09-11T06:22:12.901000+00:00,jamesedition-luxury-homes,theme_page,ai_generated,classical_luxury,exterior_facade,stylized_dreamy,en,1.0,https://www.instagram.com/reel/DdIwbTmN5ov/,https://www.instagram.com/jumbonwuka_official/,"VERIFIED (public embed page, rounded, 2026-09-25)","VERIFIED (public topic pages; sample, not full account history)"
slow_cozy_living,1,11000.0,396.0,6252.0,6252.0,6252.0,0.5683636363636364,0.5683636363636364,0.015380073800738008,0.04802735910520926,2026-09-08T23:06:54.277000+00:00,2026-09-08T23:06:54.277000+00:00,dream-kitchens,lifestyle_influencer,ai_generated,rustic_cozy,kitchen,stylized_dreamy,en,1.0,https://www.instagram.com/reel/DdC1BP2POYY/,https://www.instagram.com/slow_cozy_living/,"VERIFIED (public embed page, rounded, 2026-09-25)","VERIFIED (public topic pages; sample, not full account history)"
bonardiai,1,15000.0,691.0,6226.0,6226.0,6226.0,0.41506666666666664,0.41506666666666664,0.034115068493150685,0.10963154533540351,2026-03-08T14:58:32.147000+00:00,2026-03-08T14:58:32.147000+00:00,future-home,ai_creator,ai_generated,scandinavian,exterior_facade,aspirational_realistic,en,1.0,https://www.instagram.com/reel/DVoK3U9COkr/,https://www.instagram.com/bonardiai/,"VERIFIED (public embed page, rounded, 2026-09-25)","VERIFIED (public topic pages; sample, not full account history)"
richmeetings.ai,1,109000.0,222.0,6225.0,6225.0,6225.0,0.05711009174311927,0.05711009174311927,0.028686635944700462,0.05052158394463207,2026-02-24T11:13:51.141000+00:00,2026-02-24T11:13:51.141000+00:00,ai-render,ai_creator,ai_generated,scandinavian,other,aspirational_realistic,en,1.0,https://www.instagram.com/reel/DVI3nMmEwWZ/,https://www.instagram.com/richmeetings.ai/,"VERIFIED (public embed page, rounded, 2026-09-25)","VERIFIED (public topic pages; sample, not full account history)"
door25stays,1,8000.0,298.0,6180.0,6180.0,6180.0,0.7725,0.7725,0.06817429674572532,0.20570735703438203,2026-05-16T14:17:57.124000+00:00,2026-05-16T14:17:57.124000+00:00,lake-house,real_estate,real_footage,rustic_cozy,exterior_facade,real_existing,en,0.0,https://www.instagram.com/reel/DYZxEdVtZSl/,https://www.instagram.com/door25stays/,"VERIFIED (public embed page, rounded, 2026-09-25)","VERIFIED (public topic pages; sample, not full account history)"
fineformarchitects,1,7000.0,308.0,6179.0,6179.0,6179.0,0.8827142857142857,0.8827142857142857,32.52105263157895,5.545008816636149,2026-03-14T13:59:12.541000+00:00,2026-03-14T13:59:12.541000+00:00,dark-luxury-interior,designer_studio,unclear,organic_modern,bedroom,aspirational_realistic,en,0.0,https://www.instagram.com/reel/DV3g2DiAVWd/,https://www.instagram.com/fineformarchitects/,"VERIFIED (public embed page, rounded, 2026-09-25)","VERIFIED (public topic pages; sample, not full account history)"
siamoore,1,189000.0,1519.0,6166.0,6166.0,6166.0,0.032624338624338625,0.032624338624338625,0.04435971223021583,0.05580113917435714,2025-07-18T06:35:15.660000+00:00,2025-07-18T06:35:15.660000+00:00,luxury-suite,theme_page,ai_generated,biophilic,lobby_common,aspirational_realistic,en,1.0,https://www.instagram.com/reel/DMPUDW5tBhq/,https://www.instagram.com/siamoore/,"VERIFIED (public embed page, rounded, 2026-09-25)","VERIFIED (public topic pages; sample, not full account history)"
dv.media__,1,1000.0,33.0,6045.0,6045.0,6045.0,6.045,6.045,1.5116279069767442,3.8722447267880495,2025-10-24T15:40:23.301000+00:00,2025-10-24T15:40:23.301000+00:00,ai-virtual-staging;virtual-staging,other,ai_generated,scandinavian,bedroom,aspirational_realistic,en,1.0,https://www.instagram.com/reel/DQMoVvWEStP/,https://www.instagram.com/dv.media__/,"VERIFIED (public embed page, rounded, 2026-09-25)","VERIFIED (public topic pages; sample, not full account history)"
alitex_,1,35000.0,1824.0,6014.0,6014.0,6014.0,0.17182857142857144,0.17182857142857144,0.11347169811320755,0.1793153056790584,2026-02-04T17:44:09.133000+00:00,2026-02-04T17:44:09.133000+00:00,glass-house-photos,brand_manufacturer,real_footage,traditional_regional,garden_landscape,real_existing,en,0.0,https://www.instagram.com/reel/DUWEYVqDClS/,https://www.instagram.com/alitex_/,"VERIFIED (public embed page, rounded, 2026-09-25)","VERIFIED (public topic pages; sample, not full account history)"
mattfarmerai,1,92000.0,1157.0,6002.0,6002.0,6002.0,0.0652391304347826,0.0652391304347826,1.5008752188047012,0.46388639437943213,2023-09-17T21:23:22.128000+00:00,2023-09-17T21:23:22.128000+00:00,ai-virtual-staging,ai_creator,real_footage,other,none_person_only,real_existing,en,0.0,https://www.instagram.com/reel/CxTtFzbydBK/,https://www.instagram.com/mattfarmerai/,"VERIFIED (public embed page, rounded, 2026-09-25)","VERIFIED (public topic pages; sample, not full account history)"
arunseraj,1,31000.0,624.0,5981.0,5981.0,5981.0,0.19293548387096773,0.19293548387096773,0.16319236016371078,0.12554809136532047,2025-10-23T14:48:58.480000+00:00,2025-10-23T14:48:58.480000+00:00,santorini-villa,lifestyle_influencer,,,,,en,,https://www.instagram.com/reel/DQJ9qTLgpFn/,https://www.instagram.com/arunseraj/,"VERIFIED (public embed page, rounded, 2026-09-25)","VERIFIED (public topic pages; sample, not full account history)"
dezynstructures,1,54000.0,2939.0,5930.0,5930.0,5930.0,0.10981481481481481,0.10981481481481481,0.08544668587896254,0.11208948907857867,2026-08-26T17:04:25.781000+00:00,2026-08-26T17:04:25.781000+00:00,hotel-design,designer_studio,3d_render,modern_luxury,exterior_facade,aspirational_realistic,en,0.0,https://www.instagram.com/reel/DcgtNBuAUen/,https://www.instagram.com/dezynstructures/,"VERIFIED (public embed page, rounded, 2026-09-25)","VERIFIED (public topic pages; sample, not full account history)"
natureaipedia,1,6000.0,786.0,5731.0,5731.0,5731.0,0.9551666666666667,0.9551666666666667,0.08736280487804877,0.06624096463271506,2026-02-03T15:10:49.683000+00:00,2026-02-03T15:10:49.683000+00:00,ai-interior,ai_creator,ai_generated,other,bedroom,aspirational_realistic,en,1.0,https://www.instagram.com/reel/DUTOCe9AYAq/,https://www.instagram.com/natureaipedia/,"VERIFIED (public embed page, rounded, 2026-09-25)","VERIFIED (public topic pages; sample, not full account history)"
theibizaprivatechef,1,9000.0,495.0,5625.0,5625.0,5625.0,0.625,0.625,0.15495867768595042,0.3427189652645273,2026-06-29T06:59:48.814000+00:00,2026-06-29T06:59:48.814000+00:00,ibiza-luxury-villas-sea-view,other,real_footage,modern_luxury,dining,real_existing,en,0.0,https://www.instagram.com/reel/DaKR576sxLT/,https://www.instagram.com/theibizaprivatechef/,"VERIFIED (public embed page, rounded, 2026-09-25)","VERIFIED (public topic pages; sample, not full account history)"
civil_vlog,1,12000.0,372.0,5571.0,5571.0,5571.0,0.46425,0.46425,0.258947661987543,0.2258703765185605,2026-05-24T20:20:12.787000+00:00,2026-05-24T20:20:12.787000+00:00,hotel-room-interior-design-ideas,designer_studio,3d_render,modern_luxury,bedroom,aspirational_realistic,ru,0.0,https://www.instagram.com/reel/DYvA4vNPBAb/,https://www.instagram.com/civil_vlog/,"VERIFIED (public embed page, rounded, 2026-09-25)","VERIFIED (public topic pages; sample, not full account history)"
ar.c.loud,1,1000.0,32.0,5427.0,5427.0,5427.0,5.427,5.427,0.7083469294524571,1.6283667783528906,2026-01-20T20:17:04.793000+00:00,2026-01-20T20:17:04.793000+00:00,virtual-staging,other,ai_generated,neoclassical,living_room,aspirational_realistic,en,1.0,https://www.instagram.com/reel/DTvt9SgDDsp/,https://www.instagram.com/ar.c.loud/,"VERIFIED (public embed page, rounded, 2026-09-25)","VERIFIED (public topic pages; sample, not full account history)"
anika.ktg,1,17000.0,548.0,5403.0,5403.0,5403.0,0.3178235294117647,0.3178235294117647,0.25247663551401867,0.242453007514327,2025-12-14T17:26:01.540000+00:00,2025-12-14T17:26:01.540000+00:00,luxury-hotel-room,lifestyle_influencer,real_footage,modern_luxury,hotel_room,real_existing,en,0.0,https://www.instagram.com/reel/DSQI-E1jIxR/,https://www.instagram.com/anika.ktg/,"VERIFIED (public embed page, rounded, 2026-09-25)","VERIFIED (public topic pages; sample, not full account history)"
aliiezle,1,18000.0,276.0,5376.0,5376.0,5376.0,0.2986666666666667,0.2986666666666667,0.007593220338983051,0.045025636273024146,2026-02-04T17:34:22.969000+00:00,2026-02-04T17:34:22.969000+00:00,dream-closet,lifestyle_influencer,real_footage,modern_luxury,closet,real_existing,en,0.0,https://www.instagram.com/reel/DUWDQyQDGig/,https://www.instagram.com/aliiezle/,"VERIFIED (public embed page, rounded, 2026-09-25)","VERIFIED (public topic pages; sample, not full account history)"
visuals_by_marcus,1,6000.0,587.0,5349.0,5349.0,5349.0,0.8915,0.8915,0.6981661554525876,0.6942704961595849,2025-12-09T23:18:38.372000+00:00,2025-12-09T23:18:38.372000+00:00,virtual-staging,real_estate,ai_generated,mid_century,living_room,aspirational_realistic,en,1.0,https://www.instagram.com/reel/DSD5WUlgZhL/,https://www.instagram.com/visuals_by_marcus/,"VERIFIED (public embed page, rounded, 2026-09-25)","VERIFIED (public topic pages; sample, not full account history)"
interiorsby.carla,1,4000.0,376.0,5226.0,5226.0,5226.0,1.3065,1.3065,0.2555501222493888,0.37790432609402536,2025-03-14T11:01:25.812000+00:00,2025-03-14T11:01:25.812000+00:00,scandinavian-interior-design,designer_studio,ai_generated,scandinavian,exterior_facade,aspirational_realistic,en,1.0,https://www.instagram.com/reel/DHLWWltoHkG/,https://www.instagram.com/interiorsby.carla/,"VERIFIED (public embed page, rounded, 2026-09-25)","VERIFIED (public topic pages; sample, not full account history)"
vanessa_gal_design_studio,1,10000.0,296.0,5185.0,5185.0,5185.0,0.5185,0.5185,0.07297677691766362,0.16113073522085927,2025-03-17T16:57:45.658000+00:00,2025-03-17T16:57:45.658000+00:00,desert-house-interior-design-ideas,designer_studio,ai_generated,organic_modern,living_room,aspirational_realistic,other,1.0,https://www.instagram.com/reel/DHTthDwouNl/,https://www.instagram.com/vanessa_gal_design_studio/,"VERIFIED (public embed page, rounded, 2026-09-25)","VERIFIED (public topic pages; sample, not full account history)"
asr_design_studio,1,26000.0,811.0,5163.0,5163.0,5163.0,0.19857692307692307,0.19857692307692307,0.10133464180569185,0.06572244823080563,2026-07-25T08:43:03.451000+00:00,2026-07-25T08:43:03.451000+00:00,neoclassical-interior,designer_studio,3d_render,neoclassical,stairs_hall,aspirational_realistic,ru,0.0,https://www.instagram.com/reel/DbNaY3hIyOW/,https://www.instagram.com/asr_design_studio/,"VERIFIED (public embed page, rounded, 2026-09-25)","VERIFIED (public topic pages; sample, not full account history)"
arch.interior.ai,1,185000.0,460.0,5133.0,5133.0,5133.0,0.027745945945945948,0.027745945945945948,0.0052111675126903555,0.007475325961327362,2026-03-12T21:02:12.259000+00:00,2026-03-12T21:02:12.259000+00:00,ai-home-design,brand_manufacturer,real_footage,minimalist,stairs_hall,real_existing,en,0.0,https://www.instagram.com/reel/DVzHqalFEO-/,https://www.instagram.com/arch.interior.ai/,"VERIFIED (public embed page, rounded, 2026-09-25)","VERIFIED (public topic pages; sample, not full account history)"
dreamimaged,1,16000.0,394.0,5095.0,5095.0,5095.0,0.3184375,0.3184375,0.24436450839328538,0.2573208625258829,2026-02-08T08:37:35.593000+00:00,2026-02-08T08:37:35.593000+00:00,rooftop-terrace,ai_creator,ai_generated,modern_luxury,terrace_outdoor,stylized_dreamy,en,1.0,https://www.instagram.com/reel/DUfZAuIDxEj/,https://www.instagram.com/dreamimaged/,"VERIFIED (public embed page, rounded, 2026-09-25)","VERIFIED (public topic pages; sample, not full account history)"
nulucreations,1,19000.0,462.0,5069.0,5069.0,5069.0,0.2667894736842105,0.2667894736842105,0.04750702905342081,0.128572991362855,2026-03-22T15:22:05.657000+00:00,2026-03-22T15:22:05.657000+00:00,ibiza-villa,other,real_footage,mediterranean,terrace_outdoor,real_existing,en,0.0,https://www.instagram.com/reel/DWMQsIADDM2/,https://www.instagram.com/nulucreations/,"VERIFIED (public embed page, rounded, 2026-09-25)","VERIFIED (public topic pages; sample, not full account history)"
growverse3,1,6000.0,206.0,5041.0,5041.0,5041.0,0.8401666666666666,0.8401666666666666,0.13371352785145887,0.2585174494696543,2026-08-20T00:48:42.062000+00:00,2026-08-20T00:48:42.062000+00:00,ai-house,ai_creator,ai_generated,other,exterior_facade,fantasy_impossible,en,1.0,https://www.instagram.com/reel/DcPgxU6o79_/,https://www.instagram.com/growverse3/,"VERIFIED (public embed page, rounded, 2026-09-25)","VERIFIED (public topic pages; sample, not full account history)"
learn,1,4000000.0,20231.0,4970.0,4970.0,4970.0,0.0012425,0.0012425,0.23224299065420562,0.017344502998931626,2026-01-28T21:54:55.426000+00:00,2026-01-28T21:54:55.426000+00:00,luxury-hotel-room,media_publication,real_footage,modern_luxury,hotel_room,real_existing,en,0.0,https://www.instagram.com/reel/DUEfg60iJq5/,https://www.instagram.com/learn/,"VERIFIED (public embed page, rounded, 2026-09-25)","VERIFIED (public topic pages; sample, not full account history)"
mowniee_j,1,36000.0,963.0,4944.0,4944.0,4944.0,0.13733333333333334,0.13733333333333334,0.0794855305466238,0.1869595522720408,2026-02-14T09:53:59.889000+00:00,2026-02-14T09:53:59.889000+00:00,luxury-villa-with-pool,lifestyle_influencer,real_footage,modern_luxury,pool,real_existing,en,0.0,https://www.instagram.com/reel/DUu-hk8CEPC/,https://www.instagram.com/mowniee_j/,"VERIFIED (public embed page, rounded, 2026-09-25)","VERIFIED (public topic pages; sample, not full account history)"
asiviajo,1,65000.0,1253.0,4924.0,4924.0,4924.0,0.07575384615384616,0.07575384615384616,0.10205181347150259,0.11382041537271621,2024-10-14T00:59:36.720000+00:00,2024-10-14T00:59:36.720000+00:00,cook-islands-luxury-resorts,lifestyle_influencer,real_footage,tropical,exterior_facade,real_existing,es,0.0,https://www.instagram.com/reel/DBFdcnbtu8L/,https://www.instagram.com/asiviajo/,"VERIFIED (public embed page, rounded, 2026-09-25)","VERIFIED (public topic pages; sample, not full account history)"
ecompatrik,1,6000.0,48.0,4888.0,4888.0,4888.0,0.8146666666666667,0.8146666666666667,0.08194467728415758,0.1217436218710183,2025-10-06T21:58:27.126000+00:00,2025-10-06T21:58:27.126000+00:00,luxury-apartment,theme_page,real_footage,minimalist,kitchen,real_existing,en,0.0,https://www.instagram.com/reel/DPe9TAuiCc1/,https://www.instagram.com/ecompatrik/,"VERIFIED (public embed page, rounded, 2026-09-25)","VERIFIED (public topic pages; sample, not full account history)"
village.moonlife,1,10000.0,118.0,4847.0,4847.0,4847.0,0.4847,0.4847,0.03425441696113074,0.053366800723466945,2026-05-24T14:57:13.881000+00:00,2026-05-24T14:57:13.881000+00:00,rain-sounds,ai_creator,ai_generated,rustic_cozy,exterior_facade,stylized_dreamy,en,1.0,https://www.instagram.com/reel/DYub7JgSEoC/,https://www.instagram.com/village.moonlife/,"VERIFIED (public embed page, rounded, 2026-09-25)","VERIFIED (public topic pages; sample, not full account history)"
textureofhome,1,1000.0,6.0,4844.0,4844.0,4844.0,4.844,4.844,0.11975278121137206,0.3177927357887013,2026-06-29T22:13:32.804000+00:00,2026-06-29T22:13:32.804000+00:00,modern-mediterranean-houses,designer_studio,ai_generated,mediterranean,exterior_facade,stylized_dreamy,en,1.0,https://www.instagram.com/reel/DaL6eUVvQGT/,https://www.instagram.com/textureofhome/,"VERIFIED (public embed page, rounded, 2026-09-25)","VERIFIED (public topic pages; sample, not full account history)"
vancedesignco,1,7000.0,699.0,4731.0,4731.0,4731.0,0.6758571428571428,0.6758571428571428,0.11652709359605912,0.33228170514348887,2025-06-16T14:18:34.711000+00:00,2025-06-16T14:18:34.711000+00:00,coastal-bedroom-design-ideas,designer_studio,real_footage,organic_modern,bedroom,real_existing,en,0.0,https://www.instagram.com/reel/DK9voy_Rtph/,https://www.instagram.com/vancedesignco/,"VERIFIED (public embed page, rounded, 2026-09-25)","VERIFIED (public topic pages; sample, not full account history)"
anandkapoorofficial,1,50000.0,556.0,4639.0,4639.0,4639.0,0.09278,0.09278,0.05145867997781475,0.08421309835650652,2025-05-18T03:30:25.469000+00:00,2025-05-18T03:30:25.469000+00:00,biophilic-design,theme_page,real_footage,biophilic,other,real_existing,en,0.0,https://www.instagram.com/reel/DJx6aMyRwXQ/,https://www.instagram.com/anandkapoorofficial/,"VERIFIED (public embed page, rounded, 2026-09-25)","VERIFIED (public topic pages; sample, not full account history)"
cf__designs,1,3000.0,599.0,4635.0,4635.0,4635.0,1.545,1.545,0.11416256157635468,0.4838420171314976,2025-08-12T19:02:15.305000+00:00,2025-08-12T19:02:15.305000+00:00,coastal-bedroom-design-ideas,designer_studio,real_footage,other,bedroom,real_existing,en,0.0,https://www.instagram.com/reel/DNRBaYYSW9k/,https://www.instagram.com/cf__designs/,"VERIFIED (public embed page, rounded, 2026-09-25)","VERIFIED (public topic pages; sample, not full account history)"
luxury_lifestylers,1,2000.0,1076.0,4527.0,4527.0,4527.0,2.2635,2.2635,0.014990066225165563,0.2715146272275351,2025-12-22T03:30:53.920000+00:00,2025-12-22T03:30:53.920000+00:00,luxury-bedroom;luxury-master-bedroom,theme_page,ai_generated,modern_luxury,bedroom,stylized_dreamy,en,1.0,https://www.instagram.com/reel/DSjPwbDkxfV/,https://www.instagram.com/luxury_lifestylers/,"VERIFIED (public embed page, rounded, 2026-09-25)","VERIFIED (public topic pages; sample, not full account history)"
mike_sells_hudson,1,10000.0,262.0,4457.0,4457.0,4457.0,0.4457,0.4457,0.040225631768953066,0.05064065443917732,2026-04-23T12:34:46.299000+00:00,2026-04-23T12:34:46.299000+00:00,real-estate,real_estate,real_footage,traditional_regional,exterior_facade,real_existing,en,0.0,https://www.instagram.com/reel/DXeW-nhDm_Q/,https://www.instagram.com/mike_sells_hudson/,"VERIFIED (public embed page, rounded, 2026-09-25)","VERIFIED (public topic pages; sample, not full account history)"
shahad.abdulwasea,1,4000.0,435.0,4453.0,4453.0,4453.0,1.11325,1.11325,0.09384615384615384,0.21598016723445457,2025-05-07T12:39:29.436000+00:00,2025-05-07T12:39:29.436000+00:00,desert-modern-house-tours,designer_studio,ai_generated,mediterranean,exterior_facade,aspirational_realistic,en,1.0,https://www.instagram.com/reel/DJWkgDhobxE/,https://www.instagram.com/shahad.abdulwasea/,"VERIFIED (public embed page, rounded, 2026-09-25)","VERIFIED (public topic pages; sample, not full account history)"
studio_ja_su,1,25000.0,497.0,4415.0,4415.0,4415.0,0.1766,0.1766,0.11467532467532468,0.14029437296424085,2025-01-28T03:30:58.073000+00:00,2025-01-28T03:30:58.073000+00:00,industrial-chic-interior-design,designer_studio,ai_generated,industrial,living_room,aspirational_realistic,es,1.0,https://www.instagram.com/reel/DFWrB7gNa6Y/,https://www.instagram.com/studio_ja_su/,"VERIFIED (public embed page, rounded, 2026-09-25)","VERIFIED (public topic pages; sample, not full account history)"
ok.asiatravel,1,310.0,126.0,4363.0,4363.0,4363.0,14.074193548387097,14.074193548387097,0.026932098765432098,0.23187110231432323,2026-08-05T18:51:13.669000+00:00,2026-08-05T18:51:13.669000+00:00,bali-villa,other,real_footage,tropical,pool,real_existing,en,0.0,https://www.instagram.com/reel/Dbq0u3WTCmP/,https://www.instagram.com/ok.asiatravel/,"VERIFIED (public embed page, rounded, 2026-09-25)","VERIFIED (public topic pages; sample, not full account history)"
spruceandnest,1,2000.0,51.0,4261.0,4261.0,4261.0,2.1305,2.1305,0.02549970077797726,0.15186209726721572,2026-05-29T02:16:34.563000+00:00,2026-05-29T02:16:34.563000+00:00,minimalist-interior,designer_studio,ai_generated,minimalist,living_room,aspirational_realistic,en,1.0,https://www.instagram.com/reel/DY582UVPuux/,https://www.instagram.com/spruceandnest/,"VERIFIED (public embed page, rounded, 2026-09-25)","VERIFIED (public topic pages; sample, not full account history)"
sunripple_aquatics,1,265000.0,1629.0,4226.0,4226.0,4226.0,0.015947169811320754,0.015947169811320754,0.0022843243243243242,0.0084880776400002,2025-11-21T06:39:42.648000+00:00,2025-11-21T06:39:42.648000+00:00,infinity-pools,brand_manufacturer,real_footage,modern_luxury,pool,real_existing,en,0.0,https://www.instagram.com/reel/DRTwuMvlAj4/,https://www.instagram.com/sunripple_aquatics/,"VERIFIED (public embed page, rounded, 2026-09-25)","VERIFIED (public topic pages; sample, not full account history)"
bestravelid,1,26000.0,1266.0,4211.0,4211.0,4211.0,0.16196153846153846,0.16196153846153846,0.024553935860058308,0.1190809191983087,2026-02-11T11:59:33.336000+00:00,2026-02-11T11:59:33.336000+00:00,tropical-villa,real_estate,real_footage,tropical,pool,real_existing,en,0.0,https://www.instagram.com/reel/DUnegj_j1Be/,https://www.instagram.com/bestravelid/,"VERIFIED (public embed page, rounded, 2026-09-25)","VERIFIED (public topic pages; sample, not full account history)"
swisschaletca,2,46000.0,1086.0,3287.0,4136.0,6574.0,0.07145652173913043,0.08991304347826087,0.004481254260395365,0.021600173663861272,2025-05-05T18:32:04.796000+00:00,2026-05-04T16:03:08.653000+00:00,swiss-chalet,brand_manufacturer,real_footage,other,dining,real_existing,en,0.0,https://www.instagram.com/reel/DJSDQvxyNWA/,https://www.instagram.com/swisschaletca/,"VERIFIED (public embed page, rounded, 2026-09-25)","VERIFIED (public topic pages; sample, not full account history)"
containerpro_tz,1,6000.0,609.0,4127.0,4127.0,4127.0,0.6878333333333333,0.6878333333333333,0.018801822323462416,0.11714639438832677,2026-02-12T11:56:59.034000+00:00,2026-02-12T11:56:59.034000+00:00,container-home-luxury-models-2026,contractor_trade,real_footage,industrial,exterior_facade,real_existing,other,0.0,https://www.instagram.com/reel/DUqDAmgjJXE/,https://www.instagram.com/containerpro_tz/,"VERIFIED (public embed page, rounded, 2026-09-25)","VERIFIED (public topic pages; sample, not full account history)"
neginn.soltanii,1,3000.0,58.0,4090.0,4090.0,4090.0,1.3633333333333333,1.3633333333333333,1.1751185174543888,1.5678855256158843,2025-01-04T08:04:06.571000+00:00,2025-01-04T08:04:06.571000+00:00,surreal-architecture,other,unclear,other,other,real_existing,other,0.0,https://www.instagram.com/reel/DEZXNepMndT/,https://www.instagram.com/neginn.soltanii/,"VERIFIED (public embed page, rounded, 2026-09-25)","VERIFIED (public topic pages; sample, not full account history)"
adriana.lopez.arq,1,1000.0,30.0,3876.0,3876.0,3876.0,3.876,3.876,1.1136330986927165,2.4838269321531277,2022-12-29T17:35:27.982000+00:00,2022-12-29T17:35:27.982000+00:00,surreal-architecture,designer_studio,3d_render,minimalist,pool,stylized_dreamy,en,0.0,https://www.instagram.com/reel/CmwqvWKh6CU/,https://www.instagram.com/adriana.lopez.arq/,"VERIFIED (public embed page, rounded, 2026-09-25)","VERIFIED (public topic pages; sample, not full account history)"
dedi.interior_kotabekasi,1,10000.0,421.0,3856.0,3856.0,3856.0,0.3856,0.3856,0.006442773600668338,0.04912950254561235,2026-08-05T15:46:34.799000+00:00,2026-08-05T15:46:34.799000+00:00,modern-kitchen,contractor_trade,real_footage,modern_luxury,kitchen,real_existing,id,0.0,https://www.instagram.com/reel/DbqfmdrSFks/,https://www.instagram.com/dedi.interior_kotabekasi/,"VERIFIED (public embed page, rounded, 2026-09-25)","VERIFIED (public topic pages; sample, not full account history)"
iron_hotel_,1,2000.0,17.0,3845.0,3845.0,3845.0,1.9225,1.9225,0.04092602448110697,0.30946013620320445,2026-02-20T13:35:46.821000+00:00,2026-02-20T13:35:46.821000+00:00,luxury-hotel-suite,other,real_footage,modern_luxury,hotel_room,real_existing,other,0.0,https://www.instagram.com/reel/DU-0rNWDEEh/,https://www.instagram.com/iron_hotel_/,"VERIFIED (public embed page, rounded, 2026-09-25)","VERIFIED (public topic pages; sample, not full account history)"
nuconbuilders,1,,,3835.0,3835.0,3835.0,,,0.1340909090909091,,2025-04-19T22:59:27.342000+00:00,2025-04-19T22:59:27.342000+00:00,mediterranean-villa,,,,,,,,https://www.instagram.com/reel/DIpVJEKpge0/,https://www.instagram.com/nuconbuilders/,UNKNOWN,"VERIFIED (public topic pages; sample, not full account history)"
foxtonsestateagents,1,18000.0,2247.0,3709.0,3709.0,3709.0,0.20605555555555555,0.20605555555555555,0.018545,0.05319376133491928,2026-07-22T18:17:58.597000+00:00,2026-07-22T18:17:58.597000+00:00,london-apartment,real_estate,,,,,en,,https://www.instagram.com/reel/DbGtzE2IOsP/,https://www.instagram.com/foxtonsestateagents/,"VERIFIED (public embed page, rounded, 2026-09-25)","VERIFIED (public topic pages; sample, not full account history)"
elegantessence906,1,16000.0,1821.0,3627.0,3627.0,3627.0,0.2266875,0.2266875,0.046470211402946826,0.08622969706336503,2026-03-10T03:35:41.128000+00:00,2026-03-10T03:35:41.128000+00:00,luxury-furniture,brand_manufacturer,real_footage,modern_luxury,living_room,real_existing,en,0.0,https://www.instagram.com/reel/DVsGTu3jEbc/,https://www.instagram.com/elegantessence906/,"VERIFIED (public embed page, rounded, 2026-09-25)","VERIFIED (public topic pages; sample, not full account history)"
by_almaaseweis,1,6000.0,113.0,3576.0,3576.0,3576.0,0.596,0.596,0.16710280373831776,0.26117211714259403,2026-05-13T03:57:49.856000+00:00,2026-05-13T03:57:49.856000+00:00,luxury-hotel-room,lifestyle_influencer,real_footage,other,hotel_room,real_existing,other,0.0,https://www.instagram.com/reel/DYQ7t7jttYs/,https://www.instagram.com/by_almaaseweis/,"VERIFIED (public embed page, rounded, 2026-09-25)","VERIFIED (public topic pages; sample, not full account history)"
momo_hitoritabi,1,6000.0,83.0,3569.0,3569.0,3569.0,0.5948333333333333,0.5948333333333333,1.8444444444444446,1.4267932682598412,2026-04-01T09:14:36.562000+00:00,2026-04-01T09:14:36.562000+00:00,glass-house-in-forest,lifestyle_influencer,real_footage,other,other,real_existing,other,0.0,https://www.instagram.com/reel/DWlWlVcyFuD/,https://www.instagram.com/momo_hitoritabi/,"VERIFIED (public embed page, rounded, 2026-09-25)","VERIFIED (public topic pages; sample, not full account history)"
moksha_resorts,1,19000.0,342.0,3513.0,3513.0,3513.0,0.18489473684210525,0.18489473684210525,0.15824324324324324,0.10609928876105863,2024-09-03T15:22:02.056000+00:00,2024-09-03T15:22:02.056000+00:00,hunza-valley-luxury-resorts,other,real_footage,other,other,real_existing,en,0.0,https://www.instagram.com/reel/C_dbjT3iNDT/,https://www.instagram.com/moksha_resorts/,"VERIFIED (public embed page, rounded, 2026-09-25)","VERIFIED (public topic pages; sample, not full account history)"
__adobe_sky__,1,698.0,167.0,3508.0,3508.0,3508.0,5.025787965616046,5.025787965616046,0.04937368050668543,0.3786260960086987,2026-08-06T05:00:20.195000+00:00,2026-08-06T05:00:20.195000+00:00,desert-house-interior-design-ideas,other,real_footage,traditional_regional,exterior_facade,real_existing,en,0.0,https://www.instagram.com/reel/Dbr6cHFOpSa/,https://www.instagram.com/__adobe_sky__/,"VERIFIED (public embed page, rounded, 2026-09-25)","VERIFIED (public topic pages; sample, not full account history)"
p.carredo,1,11000.0,457.0,3507.0,3507.0,3507.0,0.31881818181818183,0.31881818181818183,1.0076138485849735,0.7321848110207142,2023-08-02T09:25:51.724000+00:00,2023-08-02T09:25:51.724000+00:00,surreal-architecture,designer_studio,3d_render,minimalist,lobby_common,stylized_dreamy,en,0.0,https://www.instagram.com/reel/Cvb-aYJuVhV/,https://www.instagram.com/p.carredo/,"VERIFIED (public embed page, rounded, 2026-09-25)","VERIFIED (public topic pages; sample, not full account history)"
jessicadetoledo.design,1,943.0,101.0,3476.0,3476.0,3476.0,3.6861081654294803,3.6861081654294803,0.04662642521797451,0.1862285101488832,2026-03-21T15:55:13.860000+00:00,2026-03-21T15:55:13.860000+00:00,scandinavian-interior-design-styles,designer_studio,ai_generated,scandinavian,living_room,aspirational_realistic,pt,1.0,https://www.instagram.com/reel/DWJvr81xZGl/,https://www.instagram.com/jessicadetoledo.design/,"VERIFIED (public embed page, rounded, 2026-09-25)","VERIFIED (public topic pages; sample, not full account history)"
navids.ig,1,352.0,106.0,3454.0,3454.0,3454.0,9.8125,9.8125,0.9923861514150266,3.6069403154794886,2022-12-14T14:19:57.511000+00:00,2022-12-14T14:19:57.511000+00:00,surreal-architecture,lifestyle_influencer,real_footage,traditional_regional,exterior_facade,real_existing,en,0.0,https://www.instagram.com/reel/CmJscR3A03k/,https://www.instagram.com/navids.ig/,"VERIFIED (public embed page, rounded, 2026-09-25)","VERIFIED (public topic pages; sample, not full account history)"
bluegrassrealestatemedia,1,5000.0,1613.0,3450.0,3450.0,3450.0,0.69,0.69,0.45030346537884225,0.48764947715488943,2025-12-12T12:17:22.190000+00:00,2025-12-12T12:17:22.190000+00:00,virtual-staging,real_estate,real_footage,other,other,real_existing,en,0.0,https://www.instagram.com/reel/DSKcDqajisN/,https://www.instagram.com/bluegrassrealestatemedia/,"VERIFIED (public embed page, rounded, 2026-09-25)","VERIFIED (public topic pages; sample, not full account history)"
thedesigner.studio,1,36000.0,2409.0,3428.0,3428.0,3428.0,0.09522222222222222,0.09522222222222222,0.04155151515151515,0.056089904341328795,2025-12-29T15:30:12.351000+00:00,2025-12-29T15:30:12.351000+00:00,modern-classic-interior-design,designer_studio,3d_render,neoclassical,living_room,aspirational_realistic,en,0.0,https://www.instagram.com/reel/DS2jo6TDBiE/,https://www.instagram.com/thedesigner.studio/,"VERIFIED (public embed page, rounded, 2026-09-25)","VERIFIED (public topic pages; sample, not full account history)"
gozee_holidays,1,3000.0,99.0,3369.0,3369.0,3369.0,1.123,1.123,0.05416398713826367,0.4072830041627139,2026-03-05T05:53:13.703000+00:00,2026-03-05T05:53:13.703000+00:00,luxury-villa-with-pool,other,real_footage,tropical,terrace_outdoor,real_existing,en,0.0,https://www.instagram.com/reel/DVfeEwHE-qz/,https://www.instagram.com/gozee_holidays/,"VERIFIED (public embed page, rounded, 2026-09-25)","VERIFIED (public topic pages; sample, not full account history)"
engelvoelkersdubai,1,36000.0,2776.0,3365.0,3365.0,3365.0,0.09347222222222222,0.09347222222222222,0.012462962962962962,0.024210821887612793,2025-11-17T10:42:31.502000+00:00,2025-11-17T10:42:31.502000+00:00,dubai-luxury-penthouse,real_estate,real_footage,modern_luxury,other,real_existing,en,0.0,https://www.instagram.com/reel/DRJ5VH6kjQD/,https://www.instagram.com/engelvoelkersdubai/,"VERIFIED (public embed page, rounded, 2026-09-25)","VERIFIED (public topic pages; sample, not full account history)"
moderninteriordesign___,1,3000.0,114.0,3339.0,3339.0,3339.0,1.113,1.113,0.16014388489208634,0.36894346792656435,2023-06-14T17:17:04.781000+00:00,2023-06-14T17:17:04.781000+00:00,rooftop-terrace,designer_studio,real_footage,minimalist,terrace_outdoor,real_existing,en,0.0,https://www.instagram.com/reel/CtepYzaAyKH/,https://www.instagram.com/moderninteriordesign___/,"VERIFIED (public embed page, rounded, 2026-09-25)","VERIFIED (public topic pages; sample, not full account history)"
twincitiesdiary,1,131000.0,1726.0,3303.0,3303.0,3303.0,0.025213740458015266,0.025213740458015266,0.1487837837837838,0.04043650405685186,2026-06-30T20:09:11.773000+00:00,2026-06-30T20:09:11.773000+00:00,hunza-valley-luxury-resorts,lifestyle_influencer,real_footage,rustic_cozy,exterior_facade,real_existing,en,0.0,https://www.instagram.com/reel/DaORCbCIs_N/,https://www.instagram.com/twincitiesdiary/,"VERIFIED (public embed page, rounded, 2026-09-25)","VERIFIED (public topic pages; sample, not full account history)"
capsulecastleuae2,1,26000.0,110.0,3254.0,3254.0,3254.0,0.12515384615384614,0.12515384615384614,0.030770685579196218,0.03240009438581363,2026-08-12T01:52:24.544000+00:00,2026-08-12T01:52:24.544000+00:00,capsule-castle-luxury-space-capsule-houses,brand_manufacturer,real_footage,futuristic,exterior_facade,real_existing,ar,0.0,https://www.instagram.com/reel/Db7Bs8Dou0q/,https://www.instagram.com/capsulecastleuae2/,"VERIFIED (public embed page, rounded, 2026-09-25)","VERIFIED (public topic pages; sample, not full account history)"
right.mos,1,1000.0,703.0,3217.0,3217.0,3217.0,3.217,3.217,0.06007469654528478,0.5873315245898703,2026-04-21T12:10:19.644000+00:00,2026-04-21T12:10:19.644000+00:00,future-houses-2050,theme_page,ai_generated,futuristic,exterior_facade,fantasy_impossible,en,1.0,https://www.instagram.com/reel/DXZKl1RjBQM/,https://www.instagram.com/right.mos/,"VERIFIED (public embed page, rounded, 2026-09-25)","VERIFIED (public topic pages; sample, not full account history)"
cozinesshomefurniture,1,3000.0,722.0,3156.0,3156.0,3156.0,1.052,1.052,0.00834920634920635,0.09782558766300833,2026-05-12T13:25:07.437000+00:00,2026-05-12T13:25:07.437000+00:00,modern-living-room,brand_manufacturer,real_footage,organic_modern,living_room,real_existing,en,0.0,https://www.instagram.com/reel/DYPX2CKDTDd/,https://www.instagram.com/cozinesshomefurniture/,"VERIFIED (public embed page, rounded, 2026-09-25)","VERIFIED (public topic pages; sample, not full account history)"
rock_property,1,19000.0,2030.0,2915.0,2915.0,2915.0,0.15342105263157896,0.15342105263157896,0.010355239786856128,0.016955142698690626,2026-09-10T09:41:58.538000+00:00,2026-09-10T09:41:58.538000+00:00,luxury-villa,real_estate,real_footage,tropical,pool,real_existing,en,0.0,https://www.instagram.com/reel/DdGifhYywmn/,https://www.instagram.com/rock_property/,"VERIFIED (public embed page, rounded, 2026-09-25)","VERIFIED (public topic pages; sample, not full account history)"
whitedwarf_off,1,2000.0,365.0,2830.0,2830.0,2830.0,1.415,1.415,0.004363916730917502,0.05089512134215634,2026-09-04T18:39:20.415000+00:00,2026-09-04T18:39:20.415000+00:00,cyberpunk-city,other,ai_generated,cyberpunk,other,fantasy_impossible,en,1.0,https://www.instagram.com/reel/Dc4DODDMrwo/,https://www.instagram.com/whitedwarf_off/,"VERIFIED (public embed page, rounded, 2026-09-25)","VERIFIED (public topic pages; sample, not full account history)"
nikkibisikerinteriordesign,1,11000.0,1287.0,2749.0,2749.0,2749.0,0.24990909090909091,0.24990909090909091,0.03869106263194933,0.08170436839685948,2025-02-11T11:56:39.356000+00:00,2025-02-11T11:56:39.356000+00:00,desert-house-interior-design-ideas,designer_studio,ai_generated,organic_modern,living_room,stylized_dreamy,en,1.0,https://www.instagram.com/reel/DF7oB8xtwLf/,https://www.instagram.com/nikkibisikerinteriordesign/,"VERIFIED (public embed page, rounded, 2026-09-25)","VERIFIED (public topic pages; sample, not full account history)"
nivel.cenit,1,196.0,110.0,2688.0,2688.0,2688.0,13.714285714285714,13.714285714285714,0.06645241038318912,0.3778995260179384,2026-04-16T01:48:56.360000+00:00,2026-04-16T01:48:56.360000+00:00,modern-mediterranean-houses,other,unclear,mediterranean,exterior_facade,aspirational_realistic,es,0.0,https://www.instagram.com/reel/DXLLgRnkqTg/,https://www.instagram.com/nivel.cenit/,"VERIFIED (public embed page, rounded, 2026-09-25)","VERIFIED (public topic pages; sample, not full account history)"
outsideinncampground,1,2000.0,688.0,2676.0,2676.0,2676.0,1.338,1.338,0.00989279112754159,0.05181285659905544,2026-02-18T19:50:51.346000+00:00,2026-02-18T19:50:51.346000+00:00,glamping-ideas,other,real_footage,rustic_cozy,exterior_facade,real_existing,en,0.0,https://www.instagram.com/reel/DU6WAl8gVSi/,https://www.instagram.com/outsideinncampground/,"VERIFIED (public embed page, rounded, 2026-09-25)","VERIFIED (public topic pages; sample, not full account history)"
aigardendesigner,1,7000.0,154.0,2564.0,2564.0,2564.0,0.36628571428571427,0.36628571428571427,0.005037328094302554,0.02348260212442198,2026-04-11T21:01:24.529000+00:00,2026-04-11T21:01:24.529000+00:00,landscape-design-ai,brand_manufacturer,real_footage,other,garden_landscape,real_existing,en,0.0,https://www.instagram.com/reel/DXAXa1sCA6g/,https://www.instagram.com/aigardendesigner/,"VERIFIED (public embed page, rounded, 2026-09-25)","VERIFIED (public topic pages; sample, not full account history)"
barnesmiami,1,15000.0,921.0,2500.0,2500.0,2500.0,0.16666666666666666,0.16666666666666666,0.06887052341597796,0.11994948743271426,2025-08-27T16:31:15.187000+00:00,2025-08-27T16:31:15.187000+00:00,ibiza-luxury-villas-sea-view,real_estate,real_footage,mediterranean,exterior_facade,real_existing,en,0.0,https://www.instagram.com/reel/DN3YDiNXFFv/,https://www.instagram.com/barnesmiami/,"VERIFIED (public embed page, rounded, 2026-09-25)","VERIFIED (public topic pages; sample, not full account history)"
jasminescozydiary,1,23000.0,102.0,2487.0,2487.0,2487.0,0.1081304347826087,0.1081304347826087,0.014936936936936937,0.036380705062069835,2026-03-11T16:15:09.751000+00:00,2026-03-11T16:15:09.751000+00:00,dark-academia-home-library,lifestyle_influencer,real_footage,rustic_cozy,other,real_existing,en,0.0,https://www.instagram.com/reel/DVwCBLvDYNK/,https://www.instagram.com/jasminescozydiary/,"VERIFIED (public embed page, rounded, 2026-09-25)","VERIFIED (public topic pages; sample, not full account history)"
kateallman_,1,4000.0,1113.0,2464.0,2464.0,2464.0,0.616,0.616,0.014754491017964071,0.1464385629341069,2024-08-24T09:20:21.232000+00:00,2024-08-24T09:20:21.232000+00:00,arctic-treehouse-hotel-rovaniemi,lifestyle_influencer,real_footage,scandinavian,hotel_room,real_existing,en,0.0,https://www.instagram.com/reel/C_DCNiLtU4G/,https://www.instagram.com/kateallman_/,"VERIFIED (public embed page, rounded, 2026-09-25)","VERIFIED (public topic pages; sample, not full account history)"
elanplacesandspaces,1,51000.0,6344.0,2427.0,2427.0,2427.0,0.047588235294117646,0.047588235294117646,0.009406976744186047,0.06585501143864106,2026-06-15T14:36:59.519000+00:00,2026-06-15T14:36:59.519000+00:00,luxury-real-estate-mansion-exterior,real_estate,real_footage,modern_luxury,exterior_facade,real_existing,en,0.0,https://www.instagram.com/reel/DZnDGKTIkkc/,https://www.instagram.com/elanplacesandspaces/,"VERIFIED (public embed page, rounded, 2026-09-25)","VERIFIED (public topic pages; sample, not full account history)"
allthingshomestyle,1,11000.0,1371.0,2415.0,2415.0,2415.0,0.21954545454545454,0.21954545454545454,0.008944444444444444,0.04743501124659089,2025-05-11T14:32:10.427000+00:00,2025-05-11T14:32:10.427000+00:00,indoor-pool,theme_page,real_footage,modern_luxury,pool,real_existing,en,0.0,https://www.instagram.com/reel/DJhEk3xKiUM/,https://www.instagram.com/allthingshomestyle/,"VERIFIED (public embed page, rounded, 2026-09-25)","VERIFIED (public topic pages; sample, not full account history)"
miyakojima.kunsei,1,4000.0,505.0,2337.0,2337.0,2337.0,0.58425,0.58425,1.207751937984496,1.1293536438078342,2026-03-09T01:29:00.313000+00:00,2026-03-09T01:29:00.313000+00:00,glass-house-in-forest,other,real_footage,other,other,real_existing,other,0.0,https://www.instagram.com/reel/DVpTBBgAQJZ/,https://www.instagram.com/miyakojima.kunsei/,"VERIFIED (public embed page, rounded, 2026-09-25)","VERIFIED (public topic pages; sample, not full account history)"
ideaonline,1,268000.0,5059.0,2330.0,2330.0,2330.0,0.00869402985074627,0.00869402985074627,0.04310823311748381,0.019617811854797083,2022-11-23T13:12:16.413000+00:00,2022-11-23T13:12:16.413000+00:00,industrial-interior,media_publication,real_footage,minimalist,living_room,real_existing,id,0.0,https://www.instagram.com/reel/ClTgAKiJhDk/,https://www.instagram.com/ideaonline/,"VERIFIED (public embed page, rounded, 2026-09-25)","VERIFIED (public topic pages; sample, not full account history)"
kume_shima_gourmet,1,1000.0,173.0,2279.0,2279.0,2279.0,2.279,2.279,1.1777777777777778,2.1061782751031823,2026-03-08T09:00:56.065000+00:00,2026-03-08T09:00:56.065000+00:00,glass-house-in-forest,media_publication,real_footage,other,other,real_existing,other,0.0,https://www.instagram.com/reel/DVnh8LUEiDT/,https://www.instagram.com/kume_shima_gourmet/,"VERIFIED (public embed page, rounded, 2026-09-25)","VERIFIED (public topic pages; sample, not full account history)"
the_wedding_valley,1,9000.0,202.0,2261.0,2261.0,2261.0,0.25122222222222224,0.25122222222222224,0.06263157894736843,0.09530725339923535,2023-11-24T14:42:25.603000+00:00,2023-11-24T14:42:25.603000+00:00,como-lake-villas,other,real_footage,classical_luxury,exterior_facade,real_existing,en,0.0,https://www.instagram.com/reel/C0CFQt1IYw2/,https://www.instagram.com/the_wedding_valley/,"VERIFIED (public embed page, rounded, 2026-09-25)","VERIFIED (public topic pages; sample, not full account history)"
kasbordier,1,29000.0,398.0,2244.0,2244.0,2244.0,0.07737931034482759,0.07737931034482759,0.024891846921797006,0.052555881096771166,2025-11-08T10:30:22.817000+00:00,2025-11-08T10:30:22.817000+00:00,biophilic-design,lifestyle_influencer,real_footage,biophilic,exterior_facade,real_existing,en,0.0,https://www.instagram.com/reel/DQysyTEDAm4/,https://www.instagram.com/kasbordier/,"VERIFIED (public embed page, rounded, 2026-09-25)","VERIFIED (public topic pages; sample, not full account history)"
jkm_fabrication_work,1,11000.0,102.0,2221.0,2221.0,2221.0,0.2019090909090909,0.2019090909090909,0.04190566037735849,0.11378905887113305,2026-02-18T16:00:37.299000+00:00,2026-02-18T16:00:37.299000+00:00,glass-house-photos,contractor_trade,real_footage,modern_luxury,terrace_outdoor,real_existing,en,0.0,https://www.instagram.com/reel/DU57qTtEpya/,https://www.instagram.com/jkm_fabrication_work/,"VERIFIED (public embed page, rounded, 2026-09-25)","VERIFIED (public topic pages; sample, not full account history)"
supersketchdesigners,1,5000.0,832.0,2192.0,2192.0,2192.0,0.4384,0.4384,0.05244019138755981,0.09393601736433864,2025-12-04T13:00:37.286000+00:00,2025-12-04T13:00:37.286000+00:00,hotel-suite-design-ideas,designer_studio,real_footage,minimalist,bedroom,real_existing,en,0.0,https://www.instagram.com/reel/DR16pcmjbzr/,https://www.instagram.com/supersketchdesigners/,"VERIFIED (public embed page, rounded, 2026-09-25)","VERIFIED (public topic pages; sample, not full account history)"
avidiinocasa,1,13000.0,557.0,2149.0,2149.0,2149.0,0.1653076923076923,0.1653076923076923,0.0998884447336618,0.0839275452565336,2026-05-16T10:42:58.105000+00:00,2026-05-16T10:42:58.105000+00:00,hotel-room-interior-design-ideas;hotel-suite-design-ideas,brand_manufacturer,3d_render,modern_luxury,hotel_room,aspirational_realistic,en,0.0,https://www.instagram.com/reel/DYZYd3wTvNk/,https://www.instagram.com/avidiinocasa/,"VERIFIED (public embed page, rounded, 2026-09-25)","VERIFIED (public topic pages; sample, not full account history)"
archute,1,11000.0,1278.0,2115.0,2115.0,2115.0,0.19227272727272726,0.19227272727272726,0.011310160427807487,0.06784869139015307,2023-01-09T16:30:24.886000+00:00,2023-01-09T16:30:24.886000+00:00,waterfall-house,media_publication,real_footage,organic_modern,exterior_facade,real_existing,en,0.0,https://www.instagram.com/reel/CnM4ChOjeZ5/,https://www.instagram.com/archute/,"VERIFIED (public embed page, rounded, 2026-09-25)","VERIFIED (public topic pages; sample, not full account history)"
edensign_ai,1,12000.0,49.0,2076.0,2076.0,2076.0,0.173,0.173,0.2709652156888338,0.1948469812987816,2026-03-17T19:05:09.426000+00:00,2026-03-17T19:05:09.426000+00:00,virtual-staging,ai_creator,ai_generated,organic_modern,bedroom,aspirational_realistic,en,1.0,https://www.instagram.com/reel/DV_yPgsiQYr/,https://www.instagram.com/edensign_ai/,"VERIFIED (public embed page, rounded, 2026-09-25)","VERIFIED (public topic pages; sample, not full account history)"
nathancool,1,9000.0,947.0,1996.0,1996.0,1996.0,0.22177777777777777,0.22177777777777777,0.49912478119529885,0.45754518299665675,2023-11-29T01:39:44.451000+00:00,2023-11-29T01:39:44.451000+00:00,ai-virtual-staging,real_estate,real_footage,other,living_room,real_existing,en,0.0,https://www.instagram.com/reel/C0Njqh1MFXQ/,https://www.instagram.com/nathancool/,"VERIFIED (public embed page, rounded, 2026-09-25)","VERIFIED (public topic pages; sample, not full account history)"
bellenademarche,1,2000.0,771.0,1988.0,1988.0,1988.0,0.994,0.994,1.027390180878553,1.3285484724222187,2026-04-02T03:03:01.228000+00:00,2026-04-02T03:03:01.228000+00:00,glass-house-in-forest,other,real_footage,other,garden_landscape,real_existing,other,0.0,https://www.instagram.com/reel/DWnQ2nJkeYR/,https://www.instagram.com/bellenademarche/,"VERIFIED (public embed page, rounded, 2026-09-25)","VERIFIED (public topic pages; sample, not full account history)"
fantinidesigns,1,29000.0,614.0,1983.0,1983.0,1983.0,0.06837931034482758,0.06837931034482758,0.09217253881193642,0.0532133791985887,2026-02-26T13:21:11.281000+00:00,2026-02-26T13:21:11.281000+00:00,hotel-room-interior-design-ideas,designer_studio,real_footage,modern_luxury,hotel_room,real_existing,en,0.0,https://www.instagram.com/reel/DVOPxlMDCT_/,https://www.instagram.com/fantinidesigns/,"VERIFIED (public embed page, rounded, 2026-09-25)","VERIFIED (public topic pages; sample, not full account history)"
ziedan_architectural_design,1,7000.0,727.0,1951.0,1951.0,1951.0,0.2787142857142857,0.2787142857142857,0.5605516448786094,0.503208482135514,2023-02-28T12:57:24.693000+00:00,2023-02-28T12:57:24.693000+00:00,surreal-architecture,designer_studio,3d_render,minimalist,pool,stylized_dreamy,en,0.0,https://www.instagram.com/reel/CpNPaL-K_K2/,https://www.instagram.com/ziedan_architectural_design/,"VERIFIED (public embed page, rounded, 2026-09-25)","VERIFIED (public topic pages; sample, not full account history)"
4ydesigns,1,123000.0,2591.0,1901.0,1901.0,1901.0,0.015455284552845528,0.015455284552845528,0.00644406779661017,0.008451087874792845,2026-04-29T23:32:16.351000+00:00,2026-04-29T23:32:16.351000+00:00,bathroom-design;luxury-bathroom-interior-design-inspiration,designer_studio,ai_generated,organic_modern,bathroom,aspirational_realistic,en,1.0,https://www.instagram.com/reel/DXu-_jDDRQ7/,https://www.instagram.com/4ydesigns/,"VERIFIED (public embed page, rounded, 2026-09-25)","VERIFIED (public topic pages; sample, not full account history)"
smile_smoothie_roots_ishigaki,1,5000.0,1826.0,1882.0,1882.0,1882.0,0.3764,0.3764,0.9726098191214471,0.8193447564480939,2026-03-18T09:39:07.686000+00:00,2026-03-18T09:39:07.686000+00:00,glass-house-in-forest,other,real_footage,other,other,real_existing,other,0.0,https://www.instagram.com/reel/DWBWQqmjyic/,https://www.instagram.com/smile_smoothie_roots_ishigaki/,"VERIFIED (public embed page, rounded, 2026-09-25)","VERIFIED (public topic pages; sample, not full account history)"
sky_luxury_rooftop_suites,1,953.0,53.0,1833.0,1833.0,1833.0,1.9233997901364113,1.9233997901364113,0.01951037786056413,0.20865977147882622,2026-06-09T20:36:04.337000+00:00,2026-06-09T20:36:04.337000+00:00,luxury-hotel-suite,other,real_footage,minimalist,pool,real_existing,en,0.0,https://www.instagram.com/reel/DZYPa5MIIuu/,https://www.instagram.com/sky_luxury_rooftop_suites/,"VERIFIED (public embed page, rounded, 2026-09-25)","VERIFIED (public topic pages; sample, not full account history)"
baljeetkaurjohal,1,14000.0,1071.0,1829.0,1829.0,1829.0,0.13064285714285714,0.13064285714285714,0.5254992098836374,0.3411258334922356,2023-05-14T14:57:59.022000+00:00,2023-05-14T14:57:59.022000+00:00,surreal-architecture,lifestyle_influencer,real_footage,traditional_regional,stairs_hall,real_existing,en,0.0,https://www.instagram.com/reel/CsOk06KpJbr/,https://www.instagram.com/baljeetkaurjohal/,"VERIFIED (public embed page, rounded, 2026-09-25)","VERIFIED (public topic pages; sample, not full account history)"
tiagosampaioz,1,10000.0,47.0,1821.0,1821.0,1821.0,0.1821,0.1821,0.01028813559322034,0.051501618166569084,2026-06-15T17:37:11.468000+00:00,2026-06-15T17:37:11.468000+00:00,ai-generated-architecture-designs,ai_creator,ai_generated,organic_modern,exterior_facade,aspirational_realistic,en,1.0,https://www.instagram.com/reel/DZnXt-pqVrT/,https://www.instagram.com/tiagosampaioz/,"VERIFIED (public embed page, rounded, 2026-09-25)","VERIFIED (public topic pages; sample, not full account history)"
sofabrainai,1,7000.0,171.0,1811.0,1811.0,1811.0,0.25871428571428573,0.25871428571428573,0.452863215803951,0.4669152538400652,2024-01-17T13:37:17.856000+00:00,2024-01-17T13:37:17.856000+00:00,ai-virtual-staging,brand_manufacturer,real_footage,other,living_room,real_existing,en,0.0,https://www.instagram.com/reel/C2NAu8juWTf/,https://www.instagram.com/sofabrainai/,"VERIFIED (public embed page, rounded, 2026-09-25)","VERIFIED (public topic pages; sample, not full account history)"
studio_collective,1,10000.0,1852.0,1773.0,1773.0,1773.0,0.1773,0.1773,0.006124352331606218,0.024647528548355547,2025-06-20T19:43:48.041000+00:00,2025-06-20T19:43:48.041000+00:00,futuristic-interior,designer_studio,real_footage,other,lobby_common,real_existing,en,0.0,https://www.instagram.com/reel/DLIoCS4NnOA/,https://www.instagram.com/studio_collective/,"VERIFIED (public embed page, rounded, 2026-09-25)","VERIFIED (public topic pages; sample, not full account history)"
repjeffhurd,1,3000.0,731.0,1770.0,1770.0,1770.0,0.59,0.59,0.02901639344262295,0.21317269154906876,2026-07-02T01:14:21.307000+00:00,2026-07-02T01:14:21.307000+00:00,aspen,other,real_footage,other,none_person_only,real_existing,en,0.0,https://www.instagram.com/reel/DaRYwWRSOxH/,https://www.instagram.com/repjeffhurd/,"VERIFIED (public embed page, rounded, 2026-09-25)","VERIFIED (public topic pages; sample, not full account history)"
laurieohern,1,1000.0,307.0,1714.0,1714.0,1714.0,1.714,1.714,0.01890788747931605,0.15088341486431217,2026-09-06T16:55:59.738000+00:00,2026-09-06T16:55:59.738000+00:00,lake-house,real_estate,real_footage,other,garden_landscape,real_existing,en,0.0,https://www.instagram.com/reel/Dc9A-4QuW9b/,https://www.instagram.com/laurieohern/,"VERIFIED (public embed page, rounded, 2026-09-25)","VERIFIED (public topic pages; sample, not full account history)"
barcelonart_of_travel,1,1055.0,624.0,1702.0,1702.0,1702.0,1.6132701421800948,1.6132701421800948,3.498458376156218,2.440265847512688,2026-02-20T11:55:08.649000+00:00,2026-02-20T11:55:08.649000+00:00,impossible-architecture,other,real_footage,other,exterior_facade,real_existing,en,0.0,https://www.instagram.com/reel/DU-pKIIDKcX/,https://www.instagram.com/barcelonart_of_travel/,"VERIFIED (public embed page, rounded, 2026-09-25)","VERIFIED (public topic pages; sample, not full account history)"
onton.ai,1,91000.0,951.0,1664.0,1664.0,1664.0,0.018285714285714287,0.018285714285714287,0.08136919315403424,0.02790707809484317,2026-02-07T16:55:18.237000+00:00,2026-02-07T16:55:18.237000+00:00,scandinavian-interior-design,other,unclear,scandinavian,dining,aspirational_realistic,en,0.0,https://www.instagram.com/reel/DUdtLMCD7hc/,https://www.instagram.com/onton.ai/,"VERIFIED (public embed page, rounded, 2026-09-25)","VERIFIED (public topic pages; sample, not full account history)"
xona.ai,1,1000.0,68.0,1663.0,1663.0,1663.0,1.663,1.663,0.0009671416109334109,0.05503886261193598,2025-10-01T18:19:55.910000+00:00,2025-10-01T18:19:55.910000+00:00,ai-interior-design,ai_creator,ai_generated,organic_modern,living_room,aspirational_realistic,en,1.0,https://www.instagram.com/reel/DPRsUJWjfVK/,https://www.instagram.com/xona.ai/,"VERIFIED (public embed page, rounded, 2026-09-25)","VERIFIED (public topic pages; sample, not full account history)"
fanarivillas.santorini,1,5000.0,239.0,1655.0,1655.0,1655.0,0.331,0.331,0.0451568894952251,0.08155127804201867,2025-05-21T13:15:44.299000+00:00,2025-05-21T13:15:44.299000+00:00,santorini-villa,other,real_footage,mediterranean,terrace_outdoor,real_existing,en,0.0,https://www.instagram.com/reel/DJ6rxypCb_7/,https://www.instagram.com/fanarivillas.santorini/,"VERIFIED (public embed page, rounded, 2026-09-25)","VERIFIED (public topic pages; sample, not full account history)"
shafagh.koohnejad.20,1,4000.0,182.0,1637.0,1637.0,1637.0,0.40925,0.40925,0.4703347220226979,0.54853795652494,2024-10-15T11:38:50.629000+00:00,2024-10-15T11:38:50.629000+00:00,surreal-architecture,designer_studio,ai_generated,traditional_regional,other,fantasy_impossible,other,1.0,https://www.instagram.com/reel/DBJLZXWIDV-/,https://www.instagram.com/shafagh.koohnejad.20/,"VERIFIED (public embed page, rounded, 2026-09-25)","VERIFIED (public topic pages; sample, not full account history)"
pravesh_interiors,1,768.0,83.0,1631.0,1631.0,1631.0,2.1236979166666665,2.1236979166666665,0.07581109974900065,0.23917840891274936,2026-06-12T04:59:34.908000+00:00,2026-06-12T04:59:34.908000+00:00,hotel-room-interior-design-ideas,designer_studio,real_footage,other,hotel_room,real_existing,en,0.0,https://www.instagram.com/reel/DZeSodRz1ON/,https://www.instagram.com/pravesh_interiors/,"VERIFIED (public embed page, rounded, 2026-09-25)","VERIFIED (public topic pages; sample, not full account history)"
_lightshift,1,14000.0,108.0,1544.0,1544.0,1544.0,0.11028571428571429,0.11028571428571429,0.03840796019900498,0.07347043255192333,2026-05-21T09:29:43.837000+00:00,2026-05-21T09:29:43.837000+00:00,desert-house,designer_studio,ai_generated,organic_modern,exterior_facade,stylized_dreamy,en,1.0,https://www.instagram.com/reel/DYmID1iI9cu/,https://www.instagram.com/_lightshift/,"VERIFIED (public embed page, rounded, 2026-09-25)","VERIFIED (public topic pages; sample, not full account history)"
stephenhusted,1,4000.0,1389.0,1510.0,1510.0,1510.0,0.3775,0.3775,0.002966601178781925,0.017966871737366087,2026-01-27T03:13:20.406000+00:00,2026-01-27T03:13:20.406000+00:00,landscape-design-ai,real_estate,real_footage,other,none_person_only,real_existing,en,0.0,https://www.instagram.com/reel/DT_6XUekaYY/,https://www.instagram.com/stephenhusted/,"VERIFIED (public embed page, rounded, 2026-09-25)","VERIFIED (public topic pages; sample, not full account history)"
allwithfash,1,13000.0,464.0,1494.0,1494.0,1494.0,0.11492307692307692,0.11492307692307692,0.0009054545454545454,0.005916751119336734,2026-03-18T17:25:58.390000+00:00,2026-03-18T17:25:58.390000+00:00,amalfi-coast,lifestyle_influencer,real_footage,mediterranean,terrace_outdoor,real_existing,en,0.0,https://www.instagram.com/reel/DWCLr8OjLVR/,https://www.instagram.com/allwithfash/,"VERIFIED (public embed page, rounded, 2026-09-25)","VERIFIED (public topic pages; sample, not full account history)"
theibizakeyconcierge,1,10000.0,1304.0,1358.0,1358.0,1358.0,0.1358,0.1358,0.03741046831955923,0.07876166693864892,2026-02-06T13:36:33.729000+00:00,2026-02-06T13:36:33.729000+00:00,ibiza-luxury-villas-sea-view,real_estate,real_footage,mediterranean,exterior_facade,real_existing,en,0.0,https://www.instagram.com/reel/DUaxor0DB5h/,https://www.instagram.com/theibizakeyconcierge/,"VERIFIED (public embed page, rounded, 2026-09-25)","VERIFIED (public topic pages; sample, not full account history)"
adrian_thearchitect,1,4000.0,283.0,1352.0,1352.0,1352.0,0.338,0.338,0.006230414746543779,0.05147850340573758,2026-04-22T15:40:47.426000+00:00,2026-04-22T15:40:47.426000+00:00,ai-render,designer_studio,ai_generated,organic_modern,kitchen,aspirational_realistic,en,1.0,https://www.instagram.com/reel/DXcHeL0sMhu/,https://www.instagram.com/adrian_thearchitect/,"VERIFIED (public embed page, rounded, 2026-09-25)","VERIFIED (public topic pages; sample, not full account history)"
bespoke_d.designers,1,81000.0,1045.0,1332.0,1332.0,1332.0,0.016444444444444446,0.016444444444444446,0.003104895104895105,0.0049569679136622835,2025-11-19T13:14:55.764000+00:00,2025-11-19T13:14:55.764000+00:00,cozy-bedroom-ideas,designer_studio,real_footage,organic_modern,bedroom,real_existing,en,0.0,https://www.instagram.com/reel/DRPUXHdk05m/,https://www.instagram.com/bespoke_d.designers/,"VERIFIED (public embed page, rounded, 2026-09-25)","VERIFIED (public topic pages; sample, not full account history)"
_spectrum_interiors,1,,,1286.0,1286.0,1286.0,,,0.061678657074340525,,2026-01-02T11:45:53.899000+00:00,2026-01-02T11:45:53.899000+00:00,rooftop-terrace,,,,,,,,https://www.instagram.com/reel/DTAdJiJCiJF/,https://www.instagram.com/_spectrum_interiors/,UNKNOWN,"VERIFIED (public topic pages; sample, not full account history)"
gsokinawa,1,2000.0,670.0,1209.0,1209.0,1209.0,0.6045,0.6045,0.6248062015503876,0.8079552832789045,2026-03-23T08:30:43.624000+00:00,2026-03-23T08:30:43.624000+00:00,glass-house-in-forest,other,real_footage,other,other,real_existing,other,0.0,https://www.instagram.com/reel/DWOGaDnkSpK/,https://www.instagram.com/gsokinawa/,"VERIFIED (public embed page, rounded, 2026-09-25)","VERIFIED (public topic pages; sample, not full account history)"
dilmurod.explore,1,15000.0,32.0,1165.0,1165.0,1165.0,0.07766666666666666,0.07766666666666666,0.33472202269788826,0.21038425004310307,2023-09-15T19:00:56.951000+00:00,2023-09-15T19:00:56.951000+00:00,surreal-architecture,lifestyle_influencer,real_footage,other,exterior_facade,real_existing,en,0.0,https://www.instagram.com/reel/CxOTM8PRAo2/,https://www.instagram.com/dilmurod.explore/,"VERIFIED (public embed page, rounded, 2026-09-25)","VERIFIED (public topic pages; sample, not full account history)"
badboyfoodz,1,4000.0,547.0,1118.0,1118.0,1118.0,0.2795,0.2795,0.041951219512195125,0.07606235849077776,2022-03-05T15:06:46.965000+00:00,2022-03-05T15:06:46.965000+00:00,houses-on-malibu-beach,lifestyle_influencer,real_footage,other,terrace_outdoor,real_existing,en,0.0,https://www.instagram.com/reel/CaugCuuAghb/,https://www.instagram.com/badboyfoodz/,"VERIFIED (public embed page, rounded, 2026-09-25)","VERIFIED (public topic pages; sample, not full account history)"
renatuseducation,1,2000.0,771.0,1117.0,1117.0,1117.0,0.5585,0.5585,0.010081227436823105,0.02694099259540205,2026-02-20T20:17:26.310000+00:00,2026-02-20T20:17:26.310000+00:00,real-estate,real_estate,unclear,other,exterior_facade,aspirational_realistic,en,0.0,https://www.instagram.com/reel/DU_ipCmkiRi/,https://www.instagram.com/renatuseducation/,"VERIFIED (public embed page, rounded, 2026-09-25)","VERIFIED (public topic pages; sample, not full account history)"
evan_mawlood__ai,1,2000.0,33.0,1041.0,1041.0,1041.0,0.5205,0.5205,0.0063282674772036475,0.04024742214376481,2026-04-28T11:19:56.830000+00:00,2026-04-28T11:19:56.830000+00:00,futuristic-architecture,ai_creator,ai_generated,futuristic,exterior_facade,stylized_dreamy,ar,1.0,https://www.instagram.com/reel/DXrGY9iiEmi/,https://www.instagram.com/evan_mawlood__ai/,"VERIFIED (public embed page, rounded, 2026-09-25)","VERIFIED (public topic pages; sample, not full account history)"
real_naples,1,6000.0,415.0,1031.0,1031.0,1031.0,0.17183333333333334,0.17183333333333334,0.1345689486393004,0.13381807469443488,2025-09-10T00:21:57.140000+00:00,2025-09-10T00:21:57.140000+00:00,virtual-staging,real_estate,real_footage,minimalist,living_room,real_existing,en,0.0,https://www.instagram.com/reel/DOZsQadjONq/,https://www.instagram.com/real_naples/,"VERIFIED (public embed page, rounded, 2026-09-25)","VERIFIED (public topic pages; sample, not full account history)"
condokingaspen,1,6000.0,468.0,946.0,946.0,946.0,0.15766666666666668,0.15766666666666668,0.015508196721311476,0.08238718410719006,2026-06-11T15:48:39.987000+00:00,2026-06-11T15:48:39.987000+00:00,aspen,real_estate,real_footage,other,terrace_outdoor,real_existing,en,0.0,https://www.instagram.com/reel/DZc4HntAtMm/,https://www.instagram.com/condokingaspen/,"VERIFIED (public embed page, rounded, 2026-09-25)","VERIFIED (public topic pages; sample, not full account history)"
icasis,1,3000.0,47.0,874.0,874.0,874.0,0.29133333333333333,0.29133333333333333,0.2511133457836518,0.3350444864030032,2022-06-06T16:01:34.289000+00:00,2022-06-06T16:01:34.289000+00:00,surreal-architecture,other,unclear,other,other,fantasy_impossible,en,0.0,https://www.instagram.com/reel/CeeEPY8DU25/,https://www.instagram.com/icasis/,"VERIFIED (public embed page, rounded, 2026-09-25)","VERIFIED (public topic pages; sample, not full account history)"
jayrealestate98,1,493.0,72.0,841.0,841.0,841.0,1.7058823529411764,1.7058823529411764,0.21030257564391097,0.7499218268162906,2025-10-06T07:16:42.838000+00:00,2025-10-06T07:16:42.838000+00:00,ai-virtual-staging,other,ai_generated,organic_modern,living_room,fantasy_impossible,en,1.0,https://www.instagram.com/reel/DPdYY9-kZGT/,https://www.instagram.com/jayrealestate98/,"VERIFIED (public embed page, rounded, 2026-09-25)","VERIFIED (public topic pages; sample, not full account history)"
_m2viz_,1,2000.0,191.0,676.0,676.0,676.0,0.338,0.338,1.3895169578622817,0.7186369236155965,2026-02-23T15:36:08.622000+00:00,2026-02-23T15:36:08.622000+00:00,impossible-architecture,other,real_footage,other,exterior_facade,real_existing,en,0.0,https://www.instagram.com/reel/DVGw1ZqklFn/,https://www.instagram.com/_m2viz_/,"VERIFIED (public embed page, rounded, 2026-09-25)","VERIFIED (public topic pages; sample, not full account history)"
spacely.ai,1,2000.0,272.0,662.0,662.0,662.0,0.331,0.331,0.16554138534633658,0.30664416279933604,2025-07-24T02:43:33.584000+00:00,2025-07-24T02:43:33.584000+00:00,ai-virtual-staging,brand_manufacturer,ai_generated,other,living_room,aspirational_realistic,en,1.0,https://www.instagram.com/reel/DMeWTk7xC5D/,https://www.instagram.com/spacely.ai/,"VERIFIED (public embed page, rounded, 2026-09-25)","VERIFIED (public topic pages; sample, not full account history)"
official.lvh,1,12000.0,1192.0,627.0,627.0,627.0,0.05225,0.05225,0.012127659574468085,0.023861528870101734,2022-07-26T19:29:43.299000+00:00,2022-07-26T19:29:43.299000+00:00,luxury-homes-on-the-amalfi-coast,real_estate,real_footage,mediterranean,other,real_existing,en,0.0,https://www.instagram.com/reel/CgfLzrVKXSa/,https://www.instagram.com/official.lvh/,"VERIFIED (public embed page, rounded, 2026-09-25)","VERIFIED (public topic pages; sample, not full account history)"
tmukulinteriorstyling,1,2000.0,733.0,584.0,584.0,584.0,0.292,0.292,0.0013988023952095808,0.020593436009376867,2026-05-09T07:53:09.862000+00:00,2026-05-09T07:53:09.862000+00:00,interior-styling,designer_studio,real_footage,neoclassical,dining,real_existing,en,0.0,https://www.instagram.com/reel/DYHDeEGq2PS/,https://www.instagram.com/tmukulinteriorstyling/,"VERIFIED (public embed page, rounded, 2026-09-25)","VERIFIED (public topic pages; sample, not full account history)"
nuspace.interiorss,1,,,554.0,554.0,554.0,,,2.9157894736842107,,2026-03-07T18:33:27.999000+00:00,2026-03-07T18:33:27.999000+00:00,dark-luxury-interior,,,,,,,,https://www.instagram.com/reel/DVl-qpzDfjP/,https://www.instagram.com/nuspace.interiorss/,UNKNOWN,"VERIFIED (public topic pages; sample, not full account history)"
royal_villa_lonavala,1,452.0,141.0,502.0,502.0,502.0,1.1106194690265487,1.1106194690265487,0.008070739549839228,0.14707370555633514,2026-03-01T16:12:16.970000+00:00,2026-03-01T16:12:16.970000+00:00,luxury-villa-with-pool,real_estate,real_footage,other,pool,real_existing,en,0.0,https://www.instagram.com/reel/DVWRvV4iOm7/,https://www.instagram.com/royal_villa_lonavala/,"VERIFIED (public embed page, rounded, 2026-09-25)","VERIFIED (public topic pages; sample, not full account history)"
beliani_nl,1,24000.0,3776.0,482.0,482.0,482.0,0.020083333333333335,0.020083333333333335,0.005352581898945031,0.009520402110045824,2023-09-18T07:23:45.402000+00:00,2023-09-18T07:23:45.402000+00:00,home-office-design,brand_manufacturer,real_footage,scandinavian,office,real_existing,other,0.0,https://www.instagram.com/reel/CxUxzLQoaA8/,https://www.instagram.com/beliani_nl/,"VERIFIED (public embed page, rounded, 2026-09-25)","VERIFIED (public topic pages; sample, not full account history)"
adventure.shelter_,1,1000.0,114.0,444.0,444.0,444.0,0.444,0.444,0.00040018026137899953,0.007600591136001031,2026-05-02T17:11:14.637000+00:00,2026-05-02T17:11:14.637000+00:00,underground-house,ai_creator,ai_generated,rustic_cozy,living_room,stylized_dreamy,en,1.0,https://www.instagram.com/reel/DX2Bxb6NHOb/,https://www.instagram.com/adventure.shelter_/,"VERIFIED (public embed page, rounded, 2026-09-25)","VERIFIED (public topic pages; sample, not full account history)"
peacefulgilgitbaltistan,1,14000.0,1514.0,410.0,410.0,410.0,0.029285714285714286,0.029285714285714286,0.018468468468468467,0.014283883435006159,2023-12-10T12:21:55.395000+00:00,2023-12-10T12:21:55.395000+00:00,hunza-valley-luxury-resorts,theme_page,real_footage,other,exterior_facade,real_existing,en,0.0,https://www.instagram.com/reel/C0rB5o1M8pR/,https://www.instagram.com/peacefulgilgitbaltistan/,"VERIFIED (public embed page, rounded, 2026-09-25)","VERIFIED (public topic pages; sample, not full account history)"
aryeohq,1,2000.0,455.0,405.0,405.0,405.0,0.2025,0.2025,0.10127531882970743,0.1875995255796542,2025-03-27T12:51:44.223000+00:00,2025-03-27T12:51:44.223000+00:00,ai-virtual-staging,brand_manufacturer,ai_generated,other,kitchen,aspirational_realistic,en,1.0,https://www.instagram.com/reel/DHtBT4DI0r9/,https://www.instagram.com/aryeohq/,"VERIFIED (public embed page, rounded, 2026-09-25)","VERIFIED (public topic pages; sample, not full account history)"
alffaheritage,1,722.0,66.0,391.0,391.0,391.0,0.5415512465373962,0.5415512465373962,0.00989873417721519,0.06752462486378356,2026-05-04T18:30:28.623000+00:00,2026-05-04T18:30:28.623000+00:00,future-house,theme_page,unclear,modern_luxury,exterior_facade,stylized_dreamy,en,0.0,https://www.instagram.com/reel/DX7UbgbBsnq/,https://www.instagram.com/alffaheritage/,"VERIFIED (public embed page, rounded, 2026-09-25)","VERIFIED (public topic pages; sample, not full account history)"
dreamlandsymphony,1,4000.0,183.0,380.0,380.0,380.0,0.095,0.095,0.0020320855614973264,0.019565356074130656,2026-09-19T07:33:32.848000+00:00,2026-09-19T07:33:32.848000+00:00,waterfall-house,theme_page,ai_generated,modern_luxury,exterior_facade,stylized_dreamy,en,1.0,https://www.instagram.com/reel/Ddde8wrqc6o/,https://www.instagram.com/dreamlandsymphony/,"VERIFIED (public embed page, rounded, 2026-09-25)","VERIFIED (public topic pages; sample, not full account history)"
maya.architecture.studio,1,353.0,140.0,351.0,351.0,351.0,0.9943342776203966,0.9943342776203966,1.8473684210526315,1.2736229712090121,2026-03-19T11:48:17.825000+00:00,2026-03-19T11:48:17.825000+00:00,dark-luxury-interior,designer_studio,unclear,other,other,real_existing,en,0.0,https://www.instagram.com/reel/DWEJ1mkEVgO/,https://www.instagram.com/maya.architecture.studio/,"VERIFIED (public embed page, rounded, 2026-09-25)","VERIFIED (public topic pages; sample, not full account history)"
architecturelist,1,2000.0,109.0,297.0,297.0,297.0,0.1485,0.1485,0.6104830421377184,0.3157324945470889,2026-02-15T15:00:43.441000+00:00,2026-02-15T15:00:43.441000+00:00,impossible-architecture,theme_page,real_footage,other,exterior_facade,real_existing,en,0.0,https://www.instagram.com/reel/DUyGa-sFLaT/,https://www.instagram.com/architecturelist/,"VERIFIED (public embed page, rounded, 2026-09-25)","VERIFIED (public topic pages; sample, not full account history)"
apple_banana_project,1,206.0,126.0,293.0,293.0,293.0,1.4223300970873787,1.4223300970873787,0.15142118863049095,0.56691543461163,2026-03-22T12:50:14.647000+00:00,2026-03-22T12:50:14.647000+00:00,glass-house-in-forest,other,unclear,other,other,real_existing,other,0.0,https://www.instagram.com/reel/DWL_T8PAo2j/,https://www.instagram.com/apple_banana_project/,"VERIFIED (public embed page, rounded, 2026-09-25)","VERIFIED (public topic pages; sample, not full account history)"
homedecorai_07,1,1.0,2.0,279.0,279.0,279.0,279.0,279.0,0.004253048780487805,0.18858941473942795,2026-03-25T14:22:17.689000+00:00,2026-03-25T14:22:17.689000+00:00,ai-interior,ai_creator,unclear,other,garden_landscape,aspirational_realistic,en,0.0,https://www.instagram.com/reel/DWT4OxADysG/,https://www.instagram.com/homedecorai_07/,"VERIFIED (public embed page, rounded, 2026-09-25)","VERIFIED (public topic pages; sample, not full account history)"
ryukyushoten,1,596.0,440.0,258.0,258.0,258.0,0.43288590604026844,0.43288590604026844,0.13333333333333333,0.3037290824796297,2026-03-07T04:33:45.788000+00:00,2026-03-07T04:33:45.788000+00:00,glass-house-in-forest,brand_manufacturer,real_footage,other,other,real_existing,other,0.0,https://www.instagram.com/reel/DVkekexiRYf/,https://www.instagram.com/ryukyushoten/,"VERIFIED (public embed page, rounded, 2026-09-25)","VERIFIED (public topic pages; sample, not full account history)"
upmorph,1,611.0,116.0,226.0,226.0,226.0,0.3698854337152209,0.3698854337152209,1.0,0.18058721206819162,2026-02-23T06:46:15.358000+00:00,2026-02-23T06:46:15.358000+00:00,house-on-cliff,ai_creator,ai_generated,modern_luxury,exterior_facade,aspirational_realistic,en,1.0,https://www.instagram.com/reel/DVF0MYykfFk/,https://www.instagram.com/upmorph/,"VERIFIED (public embed page, rounded, 2026-09-25)","VERIFIED (public topic pages; sample, not full account history)"
aiplacesonearth,1,32.0,312.0,226.0,226.0,226.0,7.0625,7.0625,0.012316076294277929,0.19484304506424485,2026-04-28T04:19:14.115000+00:00,2026-04-28T04:19:14.115000+00:00,cliff-house,ai_creator,ai_generated,traditional_regional,terrace_outdoor,fantasy_impossible,en,1.0,https://www.instagram.com/reel/DXqWPk1CcXU/,https://www.instagram.com/aiplacesonearth/,"VERIFIED (public embed page, rounded, 2026-09-25)","VERIFIED (public topic pages; sample, not full account history)"
emiliotky_,1,3000.0,584.0,226.0,226.0,226.0,0.07533333333333334,0.07533333333333334,0.11679586563307494,0.1249432280084348,2026-03-11T18:31:40.042000+00:00,2026-03-11T18:31:40.042000+00:00,glass-house-in-forest,lifestyle_influencer,real_footage,other,other,real_existing,other,0.0,https://www.instagram.com/reel/DVwRo-Yk4J2/,https://www.instagram.com/emiliotky_/,"VERIFIED (public embed page, rounded, 2026-09-25)","VERIFIED (public topic pages; sample, not full account history)"
arch_blend07,1,765.0,103.0,226.0,226.0,226.0,0.2954248366013072,0.2954248366013072,0.4645426515930113,0.3765926532093346,2026-02-23T16:56:49.686000+00:00,2026-02-23T16:56:49.686000+00:00,impossible-architecture,theme_page,real_footage,other,exterior_facade,real_existing,en,0.0,https://www.instagram.com/reel/DVG6EWejfvo/,https://www.instagram.com/arch_blend07/,"VERIFIED (public embed page, rounded, 2026-09-25)","VERIFIED (public topic pages; sample, not full account history)"
umershakeelfurnituresinteriors,1,2000.0,372.0,222.0,222.0,222.0,0.111,0.111,1.168421052631579,0.35792672015883226,2026-03-02T14:43:59.645000+00:00,2026-03-02T14:43:59.645000+00:00,dark-luxury-interior,brand_manufacturer,3d_render,modern_luxury,bedroom,aspirational_realistic,en,0.0,https://www.instagram.com/reel/DVYsbkiCPyn/,https://www.instagram.com/umershakeelfurnituresinteriors/,"VERIFIED (public embed page, rounded, 2026-09-25)","VERIFIED (public topic pages; sample, not full account history)"
mr.adesh_yadav_rr_up_50_00,1,1000.0,17.0,204.0,204.0,204.0,0.204,0.204,0.0038095238095238095,0.0372445231632992,2026-04-17T06:02:27.268000+00:00,2026-04-17T06:02:27.268000+00:00,future-houses-2050,other,ai_generated,modern_luxury,exterior_facade,aspirational_realistic,,1.0,https://www.instagram.com/reel/DXONT81gVoT/,https://www.instagram.com/mr.adesh_yadav_rr_up_50_00/,"VERIFIED (public embed page, rounded, 2026-09-25)","VERIFIED (public topic pages; sample, not full account history)"
impossible.estates,1,12.0,36.0,198.0,198.0,198.0,16.5,16.5,0.8761061946902655,0.9943312640169041,2026-03-06T22:45:06.097000+00:00,2026-03-06T22:45:06.097000+00:00,house-on-cliff,ai_creator,ai_generated,modern_luxury,exterior_facade,fantasy_impossible,en,1.0,https://www.instagram.com/reel/DVj2qzsDe1H/,https://www.instagram.com/impossible.estates/,"VERIFIED (public embed page, rounded, 2026-09-25)","VERIFIED (public topic pages; sample, not full account history)"
ecr_villa_and_stay,1,478.0,89.0,198.0,198.0,198.0,0.41422594142259417,0.41422594142259417,0.003183279742765273,0.056511454302436565,2026-02-14T04:03:14.437000+00:00,2026-02-14T04:03:14.437000+00:00,luxury-villa-with-pool,real_estate,real_footage,tropical,pool,real_existing,en,0.0,https://www.instagram.com/reel/DUuWYjWAZYH/,https://www.instagram.com/ecr_villa_and_stay/,"VERIFIED (public embed page, rounded, 2026-09-25)","VERIFIED (public topic pages; sample, not full account history)"
ish9582,1,227.0,67.0,197.0,197.0,197.0,0.8678414096916299,0.8678414096916299,1.0368421052631578,0.8787790352301378,2026-03-10T11:22:41.432000+00:00,2026-03-10T11:22:41.432000+00:00,dark-luxury-interior,theme_page,ai_generated,modern_luxury,bedroom,aspirational_realistic,en,1.0,https://www.instagram.com/reel/DVs7wLfka0m/,https://www.instagram.com/ish9582/,"VERIFIED (public embed page, rounded, 2026-09-25)","VERIFIED (public topic pages; sample, not full account history)"
brickblitzz,1,7.0,3.0,189.0,189.0,189.0,27.0,27.0,0.0035294117647058825,0.3513401198617571,2026-05-03T04:48:28.829000+00:00,2026-05-03T04:48:28.829000+00:00,future-houses-2050,ai_creator,ai_generated,futuristic,exterior_facade,stylized_dreamy,en,1.0,https://www.instagram.com/reel/DX3RkJiByhK/,https://www.instagram.com/brickblitzz/,"VERIFIED (public embed page, rounded, 2026-09-25)","VERIFIED (public topic pages; sample, not full account history)"
eosdecor,1,2000.0,538.0,183.0,183.0,183.0,0.0915,0.0915,0.9631578947368421,0.29504770175255063,2026-03-21T17:32:00.249000+00:00,2026-03-21T17:32:00.249000+00:00,dark-luxury-interior,theme_page,3d_render,minimalist,bedroom,aspirational_realistic,en,0.0,https://www.instagram.com/reel/DWJ6wvQFLYG/,https://www.instagram.com/eosdecor/,"VERIFIED (public embed page, rounded, 2026-09-25)","VERIFIED (public topic pages; sample, not full account history)"
weaving_the_sacred,1,4000.0,171.0,173.0,173.0,173.0,0.04325,0.04325,0.355601233299075,0.13299005187753976,2026-02-18T19:14:14.764000+00:00,2026-02-18T19:14:14.764000+00:00,impossible-architecture,lifestyle_influencer,real_footage,other,other,real_existing,en,0.0,https://www.instagram.com/reel/DU6R0dJia7u/,https://www.instagram.com/weaving_the_sacred/,"VERIFIED (public embed page, rounded, 2026-09-25)","VERIFIED (public topic pages; sample, not full account history)"
dreamhomedesigns1,1,2.0,29.0,159.0,159.0,159.0,79.5,79.5,0.000481089258698941,0.10083907339166336,2026-05-06T10:31:44.849000+00:00,2026-05-06T10:31:44.849000+00:00,dream-house-design,theme_page,real_footage,modern_luxury,exterior_facade,real_existing,en,0.0,https://www.instagram.com/reel/DX_nO78ITky/,https://www.instagram.com/dreamhomedesigns1/,"VERIFIED (public embed page, rounded, 2026-09-25)","VERIFIED (public topic pages; sample, not full account history)"
oishii_okinawa,1,68.0,164.0,156.0,156.0,156.0,2.2941176470588234,2.2941176470588234,0.08062015503875969,0.5068779766213108,2026-03-20T12:09:00.756000+00:00,2026-03-20T12:09:00.756000+00:00,glass-house-in-forest,other,real_footage,other,other,real_existing,other,0.0,https://www.instagram.com/reel/DWGxAM9jyGS/,https://www.instagram.com/oishii_okinawa/,"VERIFIED (public embed page, rounded, 2026-09-25)","VERIFIED (public topic pages; sample, not full account history)"
the_reflective_architecture,2,14.0,8.0,81.5,150.0,163.0,5.821428571428571,10.714285714285714,0.16752312435765673,0.8821737490173789,2026-02-24T20:28:35.258000+00:00,2026-02-27T10:06:03.799000+00:00,impossible-architecture,theme_page,real_footage,other,exterior_facade,real_existing,en,0.0,https://www.instagram.com/reel/DVJ3GMwjg3G/,https://www.instagram.com/the_reflective_architecture/,"VERIFIED (public embed page, rounded, 2026-09-25)","VERIFIED (public topic pages; sample, not full account history)"
fouredgeuae,1,2000.0,142.0,145.0,145.0,145.0,0.0725,0.0725,0.7631578947368421,0.2337809658695074,2026-03-11T17:15:40.532000+00:00,2026-03-11T17:15:40.532000+00:00,dark-luxury-interior,contractor_trade,real_footage,modern_luxury,bedroom,real_existing,en,0.0,https://www.instagram.com/reel/DVwI8ZNk8u_/,https://www.instagram.com/fouredgeuae/,"VERIFIED (public embed page, rounded, 2026-09-25)","VERIFIED (public topic pages; sample, not full account history)"
formtrashreborn89,1,951.0,100.0,139.0,139.0,139.0,0.14616193480546794,0.14616193480546794,0.6150442477876106,0.09030900245982054,2026-02-25T18:37:01.719000+00:00,2026-02-25T18:37:01.719000+00:00,house-on-cliff,ai_creator,ai_generated,tropical,garden_landscape,stylized_dreamy,en,1.0,https://www.instagram.com/reel/DVMPH_fEl6e/,https://www.instagram.com/formtrashreborn89/,"VERIFIED (public embed page, rounded, 2026-09-25)","VERIFIED (public topic pages; sample, not full account history)"
nova_design_24,1,1.0,15.0,125.0,125.0,125.0,125.0,125.0,0.6578947368421053,7.050525837041849,2026-02-28T02:39:00.789000+00:00,2026-02-28T02:39:00.789000+00:00,dark-luxury-interior,designer_studio,3d_render,minimalist,bedroom,aspirational_realistic,en,0.0,https://www.instagram.com/reel/DVSP35uCeNk/,https://www.instagram.com/nova_design_24/,"VERIFIED (public embed page, rounded, 2026-09-25)","VERIFIED (public topic pages; sample, not full account history)"
zen_modo.ai,1,49.0,11.0,111.0,111.0,111.0,2.2653061224489797,2.2653061224489797,0.4911504424778761,0.288682995371633,2026-02-28T18:03:45.129000+00:00,2026-02-28T18:03:45.129000+00:00,house-on-cliff,ai_creator,ai_generated,modern_luxury,exterior_facade,stylized_dreamy,en,1.0,https://www.instagram.com/reel/DVT5s5ICWPe/,https://www.instagram.com/zen_modo.ai/,"VERIFIED (public embed page, rounded, 2026-09-25)","VERIFIED (public topic pages; sample, not full account history)"
luxury_room_reveals,1,57.0,89.0,110.0,110.0,110.0,1.9298245614035088,1.9298245614035088,0.48672566371681414,0.2665467375551873,2026-02-15T19:56:27.476000+00:00,2026-02-15T19:56:27.476000+00:00,house-on-cliff,theme_page,ai_generated,modern_luxury,exterior_facade,aspirational_realistic,en,1.0,https://www.instagram.com/reel/DUyoQ_9jAFr/,https://www.instagram.com/luxury_room_reveals/,"VERIFIED (public embed page, rounded, 2026-09-25)","VERIFIED (public topic pages; sample, not full account history)"
artisanallivingedit,1,1.0,19.0,104.0,104.0,104.0,104.0,104.0,0.5473684210526316,5.866037496418819,2026-03-23T13:37:09.367000+00:00,2026-03-23T13:37:09.367000+00:00,dark-luxury-interior,theme_page,3d_render,modern_luxury,bedroom,aspirational_realistic,en,0.0,https://www.instagram.com/reel/DWOpeaPEvEg/,https://www.instagram.com/artisanallivingedit/,"VERIFIED (public embed page, rounded, 2026-09-25)","VERIFIED (public topic pages; sample, not full account history)"
buildinsecondsss,1,139.0,36.0,103.0,103.0,103.0,0.7410071942446043,0.7410071942446043,0.4557522123893805,0.16449589558820407,2026-03-04T13:38:20.876000+00:00,2026-03-04T13:38:20.876000+00:00,house-on-cliff,ai_creator,ai_generated,other,other,stylized_dreamy,en,1.0,https://www.instagram.com/reel/DVdugg5jMfU/,https://www.instagram.com/buildinsecondsss/,"VERIFIED (public embed page, rounded, 2026-09-25)","VERIFIED (public topic pages; sample, not full account history)"
whispersofnature27,1,102.0,165.0,102.0,102.0,102.0,1.0,1.0,0.00555858310626703,0.0511347628441311,2026-05-02T09:14:27.267000+00:00,2026-05-02T09:14:27.267000+00:00,cliff-house,theme_page,ai_generated,mediterranean,exterior_facade,stylized_dreamy,en,1.0,https://www.instagram.com/reel/DX1LNU1I5f0/,https://www.instagram.com/whispersofnature27/,"VERIFIED (public embed page, rounded, 2026-09-25)","VERIFIED (public topic pages; sample, not full account history)"
_your_sumu_10,1,,,92.0,92.0,92.0,,,9.720021130480718e-05,,2026-05-05T04:13:07.388000+00:00,2026-05-05T04:13:07.388000+00:00,dream-life,,,,,,,,https://www.instagram.com/reel/DX8XG7xyoAr/,https://www.instagram.com/_your_sumu_10/,UNKNOWN,"VERIFIED (public topic pages; sample, not full account history)"
mr_relatable_33,1,6.0,15.0,92.0,92.0,92.0,15.333333333333334,15.333333333333334,9.720021130480718e-05,0.010906910655498073,2026-04-21T12:09:20.709000+00:00,2026-04-21T12:09:20.709000+00:00,dream-life,theme_page,real_footage,other,garden_landscape,real_existing,en,0.0,https://www.instagram.com/reel/DXZKeo2Cn8t/,https://www.instagram.com/mr_relatable_33/,"VERIFIED (public embed page, rounded, 2026-09-25)","VERIFIED (public topic pages; sample, not full account history)"
spacehance,1,2000.0,68.0,88.0,88.0,88.0,0.044,0.044,0.4631578947368421,0.14188086204494246,2026-03-24T07:04:36.418000+00:00,2026-03-24T07:04:36.418000+00:00,dark-luxury-interior,theme_page,ai_generated,modern_luxury,bedroom,aspirational_realistic,en,1.0,https://www.instagram.com/reel/DWQhWK0xu6G/,https://www.instagram.com/spacehance/,"VERIFIED (public embed page, rounded, 2026-09-25)","VERIFIED (public topic pages; sample, not full account history)"
fusionhomeai,1,1000.0,1138.0,84.0,84.0,84.0,0.084,0.084,0.021005251312828207,0.053807867171248344,2025-06-10T09:57:06.162000+00:00,2025-06-10T09:57:06.162000+00:00,ai-virtual-staging,brand_manufacturer,ai_generated,minimalist,living_room,aspirational_realistic,en,1.0,https://www.instagram.com/reel/DKt08cMiXra/,https://www.instagram.com/fusionhomeai/,"VERIFIED (public embed page, rounded, 2026-09-25)","VERIFIED (public topic pages; sample, not full account history)"
madras_beach_resort_villa,1,89.0,25.0,58.0,58.0,58.0,0.651685393258427,0.651685393258427,0.000932475884244373,0.036335678985147425,2026-02-06T10:36:40.502000+00:00,2026-02-06T10:36:40.502000+00:00,luxury-villa-with-pool,other,real_footage,tropical,pool,real_existing,en,0.0,https://www.instagram.com/reel/DUadDJuj86t/,https://www.instagram.com/madras_beach_resort_villa/,"VERIFIED (public embed page, rounded, 2026-09-25)","VERIFIED (public topic pages; sample, not full account history)"
silver_moon8,1,440.0,68.0,38.0,38.0,38.0,0.08636363636363636,0.08636363636363636,0.07810894141829394,0.08201458306362486,2026-02-22T19:15:24.657000+00:00,2026-02-22T19:15:24.657000+00:00,impossible-architecture,other,real_footage,other,exterior_facade,real_existing,other,0.0,https://www.instagram.com/reel/DVElIfMAJbK/,https://www.instagram.com/silver_moon8/,"VERIFIED (public embed page, rounded, 2026-09-25)","VERIFIED (public topic pages; sample, not full account history)"
your_interior_hub,1,20.0,73.0,26.0,26.0,26.0,1.3,1.3,0.1368421052631579,0.3612447472360811,2026-03-10T05:44:45.210000+00:00,2026-03-10T05:44:45.210000+00:00,dark-luxury-interior,theme_page,ai_generated,dark_luxury,bedroom,stylized_dreamy,en,1.0,https://www.instagram.com/reel/DVsVFDgk0Jt/,https://www.instagram.com/your_interior_hub/,"VERIFIED (public embed page, rounded, 2026-09-25)","VERIFIED (public topic pages; sample, not full account history)"
emunarq7,3,169000.0,299.0,,,0.0,,,,,2025-06-21T02:02:15.476000+00:00,2025-10-27T16:34:51.911000+00:00,parametric-architecture,ai_creator,ai_generated,futuristic,exterior_facade,stylized_dreamy,ar,0.6666666666666666,https://www.instagram.com/reel/DQUc9XXAmgT/,https://www.instagram.com/emunarq7/,"VERIFIED (public embed page, rounded, 2026-09-25)","VERIFIED (public topic pages; sample, not full account history)"
enesyilmazer,1,821000.0,1118.0,,,0.0,,,,,2021-02-22T23:19:00.265000+00:00,2021-02-22T23:19:00.265000+00:00,future-house,lifestyle_influencer,real_footage,modern_luxury,exterior_facade,real_existing,en,0.0,https://www.instagram.com/reel/CLnNe3oD6cO/,https://www.instagram.com/enesyilmazer/,"VERIFIED (public embed page, rounded, 2026-09-25)","VERIFIED (public topic pages; sample, not full account history)"
esmael.abdelhamed,1,97300.0,447.0,,,0.0,,,,,2025-08-07T16:11:51.040000+00:00,2025-08-07T16:11:51.040000+00:00,luxury-master-bedroom,designer_studio,3d_render,organic_modern,bedroom,aspirational_realistic,,0.0,https://www.instagram.com/reel/DND177Ts6ae/,https://www.instagram.com/esmael.abdelhamed/,"VERIFIED (public embed page, rounded, 2026-09-25)","VERIFIED (public topic pages; sample, not full account history)"
experience.trip,1,10000.0,322.0,,,0.0,,,,,2020-08-26T16:34:20.847000+00:00,2020-08-26T16:34:20.847000+00:00,como-lake-villas,theme_page,real_footage,mediterranean,exterior_facade,real_existing,en,0.0,https://www.instagram.com/reel/CEXAFkrB68X/,https://www.instagram.com/experience.trip/,"VERIFIED (public embed page, rounded, 2026-09-25)","VERIFIED (public topic pages; sample, not full account history)"
farahjmerhi,1,7500000.0,1541.0,,,0.0,,,,,2020-03-25T00:45:42.151000+00:00,2020-03-25T00:45:42.151000+00:00,living-room-decor,lifestyle_influencer,real_footage,dark_luxury,living_room,real_existing,en,0.0,https://www.instagram.com/reel/B-IxGvXFWe5/,https://www.instagram.com/farahjmerhi/,"VERIFIED (public embed page, rounded, 2026-09-25)","VERIFIED (public topic pages; sample, not full account history)"
flipfast04,1,1.0,18.0,,,0.0,,,,,2026-03-07T06:00:32.810000+00:00,2026-03-07T06:00:32.810000+00:00,house-on-cliff,theme_page,ai_generated,modern_luxury,pool,stylized_dreamy,en,1.0,https://www.instagram.com/reel/DVkogGojH81/,https://www.instagram.com/flipfast04/,"VERIFIED (public embed page, rounded, 2026-09-25)","VERIFIED (public topic pages; sample, not full account history)"
flyzie_com,1,8000.0,744.0,,,0.0,,,,,2021-05-05T10:25:30.054000+00:00,2021-05-05T10:25:30.054000+00:00,luxury-homes-on-the-amalfi-coast,theme_page,real_footage,mediterranean,other,real_existing,en,0.0,https://www.instagram.com/reel/COfOMj2nedI/,https://www.instagram.com/flyzie_com/,"VERIFIED (public embed page, rounded, 2026-09-25)","VERIFIED (public topic pages; sample, not full account history)"
juliosrealestate,1,29000.0,2011.0,,,0.0,,,,,2024-11-15T01:29:10.332000+00:00,2024-11-15T01:29:10.332000+00:00,los-angeles-house,real_estate,real_footage,other,exterior_facade,real_existing,en,0.0,https://www.instagram.com/reel/DCX6RHxvj7F/,https://www.instagram.com/juliosrealestate/,"VERIFIED (public embed page, rounded, 2026-09-25)","VERIFIED (public topic pages; sample, not full account history)"
london.flats.to.rent,1,2000.0,13.0,,,0.0,,,,,2020-08-04T15:39:41.859000+00:00,2020-08-04T15:39:41.859000+00:00,london-apartment,real_estate,real_footage,traditional_regional,stairs_hall,real_existing,en,0.0,https://www.instagram.com/reel/CDeQWDlFF9a/,https://www.instagram.com/london.flats.to.rent/,"VERIFIED (public embed page, rounded, 2026-09-25)","VERIFIED (public topic pages; sample, not full account history)"
myhomeneed,1,240000.0,2389.0,,,0.0,,,,,2025-02-05T23:40:12.021000+00:00,2025-02-05T23:40:12.021000+00:00,amazon-home-finds,theme_page,real_footage,other,other,real_existing,,0.0,https://www.instagram.com/reel/DFtbxnONuXD/,https://www.instagram.com/myhomeneed/,"VERIFIED (public embed page, rounded, 2026-09-25)","VERIFIED (public topic pages; sample, not full account history)"
queenshotelleeds,1,8181.0,852.0,,,0.0,,,,,2023-02-21T12:01:03.339000+00:00,2023-02-21T12:01:03.339000+00:00,luxury-suite,other,real_footage,dark_luxury,bathroom,real_existing,en,0.0,https://www.instagram.com/reel/Co7HZTJIcGX/,https://www.instagram.com/queenshotelleeds/,"VERIFIED (public embed page, rounded, 2026-09-25)","VERIFIED (public topic pages; sample, not full account history)"
thecapitalexchange,1,3000.0,2048.0,,,0.0,,,,,2021-04-23T18:30:27.884000+00:00,2021-04-23T18:30:27.884000+00:00,dubai-penthouse,other,real_footage,modern_luxury,exterior_facade,real_existing,en,0.0,https://www.instagram.com/reel/COBMKCpgf4E/,https://www.instagram.com/thecapitalexchange/,"VERIFIED (public embed page, rounded, 2026-09-25)","VERIFIED (public topic pages; sample, not full account history)"
theluxuriousking,1,968000.0,5106.0,,,0.0,,,,,2024-12-08T22:11:48.587000+00:00,2024-12-08T22:11:48.587000+00:00,modern-house,theme_page,real_footage,modern_luxury,exterior_facade,real_existing,,0.0,https://www.instagram.com/reel/DDVWwmJKsT7/,https://www.instagram.com/theluxuriousking/,"VERIFIED (public embed page, rounded, 2026-09-25)","VERIFIED (public topic pages; sample, not full account history)"
wendywittwerdesign,1,279000.0,1612.0,,,0.0,,,,,2020-03-19T00:42:03.619000+00:00,2020-03-19T00:42:03.619000+00:00,hotel-suite-design-ideas,designer_studio,real_footage,glam_feminine,hotel_room,real_existing,en,0.0,https://www.instagram.com/reel/B95T60FH4ky/,https://www.instagram.com/wendywittwerdesign/,"VERIFIED (public embed page, rounded, 2026-09-25)","VERIFIED (public topic pages; sample, not full account history)"
