handle,n_reels_in_topics,max_views,median_views,sum_views,n_topics,topics
siyad_abdali,6,282000000,4550000,402716000,6,ai-house-design;cozy-winter-cabin;dream-bedroom;dream-home;dream-room;modern-living-room
drcozyvibes,3,155000000,421000,155672000,4,cozy-cabin-in-the-snow;cozy-rain;cozy-winter-cabin;glass-house-photos
ai.poly_,1,147000000,147000000,147000000,1,ai-art
ifonly.ai,1,136000000,136000000,136000000,1,ai-house-design
paulmarkkitchens,3,135000000,68350000,136700000,1,outdoor-kitchen
polliviva,1,97200000,97200000,97200000,1,ai-art
sandiwara_multiverse.99,1,85200000,85200000,85200000,1,treehouse
cairo_ia,1,81100000,81100000,81100000,1,outdoor-living
manhwa_diablo,2,78400000,39552000,79104000,4,backyard-design;garden-design;landscape-design;luxury-garden
shellychicboutique,1,77200000,77200000,77200000,1,home-decor-ideas
kellmarcel,1,74900000,74900000,74900000,1,home-decor-ideas
natural_._scenery,1,74100000,74100000,74100000,2,cozy-rain;rain-cozy
clarazrd,2,72100000,36800000,73600000,2,luxury-penthouse;penthouse-tour
syifa_in_switzerland,3,71800000,6600000,78617000,1,swiss-chalet
travelwithjaro,1,66500000,66500000,66500000,1,maldives-villa
timelessdiaries,1,60700000,60700000,60700000,1,faroe-islands-luxury-villas
earthfm_net,2,58500000,35300000,70600000,1,rainy-day
interiorbyuma22,1,55500000,55500000,55500000,2,dream-bedroom-decor-ideas;luxury-interior-design
architectanddesign,2,55200000,28800000,57600000,2,architecture;rooftop-pool
alshifarealtor.dxb,1,54300000,54300000,54300000,1,dubai-villa
swissaround,2,49200000,27300000,54600000,1,swiss-chalet
gautamsinghania99,1,48700000,48700000,48700000,1,real-estate
soothenests,4,45100000,6950000,61500000,4,ai-cozy-cabin;dream-bedroom;dream-bedrooms;luxury-bedroom
karissa.brighton,2,37700000,19198000,38396000,1,amazon-home-finds
longingtocomehome,1,36000000,36000000,36000000,1,home-library
aiforarchitects,7,34700000,2000000,43403000,7,dream-home;jamesedition-luxury-homes;los-angeles-house;luxury-mansion;luxury-real-estate-mansion-exterior;luxury-resort;miami-mansion
elysian__living,1,34000000,34000000,34000000,1,rainy-day
archstudent.marteen,2,32000000,18850000,37700000,1,architecture
nice_tower,2,31500000,18400000,36800000,1,architecture
pupina,1,29000000,29000000,29000000,1,amalfi-coast
homebyhyla,1,28600000,28600000,28600000,4,ai-home-design;ai-interior;ai-interior-design;ai-interior-designer
north_cascades_haven,2,27900000,14079000,28158000,2,cabin;cozy-cabin-in-the-snow
shri_bk_babu,1,26800000,26800000,26800000,1,modern-architecture
diniz_nasaroba,2,25000000,13100000,26200000,2,garden-design;luxury-garden
sunt_mrr,9,24500000,2900000,48324900,12,ai-generated-house;ai-house-design;bali-infinity-pool-villas;bali-luxury-villas-with-private-pools;cliff-house;faroe-islands-luxury-villas;future-house;futuristic-houses;overwater-villa;tropical-house-architecture-styles;underwater-hotel;waterfall-house
cocinasintegralesjv,1,24000000,24000000,24000000,1,walk-in-closet
elitebuildhq,6,24000000,4000000,49977000,5,ai-generated-house;container-home-luxury-models-2026;inside-underground-bunker-house;modern-architecture;underground-house
kohlectcabins,2,23800000,11935300,23870600,2,cozy-cabin;mountain-house
lisi.quietdiaries,2,22700000,11412000,22824000,1,quiet-luxury
wayup_media,12,22700000,3050000,64442000,14,desert-modern-house-tours;dream-home;dream-house;futuristic-house;jamesedition-luxury-homes;luxury-homes;luxury-house-tour;luxury-mansion;luxury-real-estate;luxury-real-estate-mansion-exterior;mansion-tour;mountain-house;real-estate;ultra-modern-luxury-house-design
poool__creator,1,22100000,22100000,22100000,1,garden-design
iz__designs,1,21900000,21900000,21900000,2,ai-interior-design;ai-interior-designer
feliciaheesen,1,21800000,21800000,21800000,1,home-decor-ideas
magnitudeconstruction,1,21100000,21100000,21100000,1,luxury-villa
nicolemsunderland,2,21000000,10547150,21094300,2,bora-bora-luxury-hotels;overwater-villa
castlepics,1,20000000,20000000,20000000,1,architecture
ghstudio._,1,19700000,19700000,19700000,1,house-in-the-forest
jiqbalrealtor,1,19500000,19500000,19500000,1,luxury-penthouse
sanyamboraarchitects,1,19300000,19300000,19300000,1,architecture
_velvet_abode,1,18900000,18900000,18900000,1,room-makeover
reschio,1,18800000,18800000,18800000,1,luxury-pool
jetset_anna,2,18800000,10500000,21000000,3,amalfi-coast;lake-como-villa;luxury-homes-on-the-amalfi-coast
thehomopien,1,18500000,18500000,18500000,1,inside-underground-bunker-house
karolaineponci,1,18100000,18100000,18100000,1,amalfi-coast
diycraftstvofficial,4,17600000,3450000,25500000,4,a-frame-modern-cabins;container-home-luxury-models-2026;infinity-pools;underground-house
ariffathulhakim,2,17400000,8848000,17696000,2,luxury-cabin;rainy-day
design_x_interior,2,17400000,8895000,17790000,2,luxury-bedroom-design;luxury-room
gabscanu,1,17100000,17100000,17100000,1,overwater-villa
kratosdigitalarts,1,17100000,17100000,17100000,1,ai-art
imtiazsahib33,2,16600000,8308800,16617600,1,underground-house
jonaways,1,16600000,16600000,16600000,1,bali-luxury-villas-with-private-pools
swaraagharat,1,16500000,16500000,16500000,1,maldives-resort
edin.flat,1,16100000,16100000,16100000,1,home-decor
myplants.uae,2,15600000,8278500,16557000,1,landscape-design-ai
elarch.studio,3,15500000,5500000,21036500,3,luxury-home-theater-ideas;luxury-modern-beautiful-house;ultra-modern-luxury-house-design
architect_hitesh,2,14900000,7574500,15149000,1,modern-villa
greengenielandscapes,1,14800000,14800000,14800000,1,luxury-garden
archibible,2,14300000,7373000,14746000,1,midjourney-architecture
nostalgicraindrops,3,14100000,3900000,19100000,3,cozy-rain;rain-cozy;rain-sounds
spirithiker,1,13800000,13800000,13800000,1,treehouse-hotel
juliagal_,4,13600000,4591500,22885000,3,best-rooftop-pools;luxury-hotel;luxury-hotel-suite
proud_and_property,2,13500000,7188500,14377000,2,dream-home;luxury-house
homeofmerve,1,13100000,13100000,13100000,4,bedroom-decor;bedroom-design;cozy-bedroom-ideas;dream-bedroom-decor-ideas
calm_neststudio,3,13100000,172000,13300300,3,cozy-rain;rain-cozy;rain-sounds
lk4id,1,13000000,13000000,13000000,2,futuristic-interior;luxury-apartment
holayasmin_,1,12700000,12700000,12700000,1,cottagecore-living-room-design
not_your_basic_build,1,12600000,12600000,12600000,1,underground-house
lakecomo_boat,2,12400000,12400000,24800000,2,como-lake-villas;lake-como-villa
zinapoyalar_uz,1,11800000,11800000,11800000,1,architecture
jen.casanovas.ibiza,1,11700000,11700000,11700000,1,architecture
poladcrete,1,11700000,11700000,11700000,1,backyard-design
ai.design.ideas,3,11300000,343000,11702500,2,industrial-chic-interior-design;industrial-interior
mycozycorner_28,1,11200000,11200000,11200000,1,home-decor-ideas
sellingwithsimmrit,1,10700000,10700000,10700000,1,dubai-villa
northern___bear,1,10400000,10400000,10400000,1,hunza-valley-luxury-resorts
_jeni__va,1,10300000,10300000,10300000,1,dream-room
abdullahaslanoglu_,2,10200000,5193500,10387000,3,luxury-dining-room;modern-house;modern-villa
aura.__.films,1,10000000,10000000,10000000,1,rainy-day
predmet_ai,1,9900000,9900000,9900000,1,ai-render
explaining.architecturee,1,9700000,9700000,9700000,1,architecture
luxuriatetouche,2,9700000,5900000,11800000,2,dream-house-design;ultra-modern-luxury-house-design
calm_and_cozy_moments,1,9400000,9400000,9400000,1,green-minimalist-interior-design
day_design_101,2,9200000,5300000,10600000,1,landscape-design
buildcraft.hq,1,9200000,9200000,9200000,1,future-home
psychologyfacts0099,1,9000000,9000000,9000000,1,interior-styling
designevolutionn,1,8900000,8900000,8900000,1,luxury-garden
soldbytyler,2,8800000,5250000,10500000,2,malibu-house;real-estate
wifizei,1,8600000,8600000,8600000,2,luxury-life;luxury-lifestyle
ryanserhant,1,8400000,8400000,8400000,1,jamesedition-luxury-homes
ell.glamhome,2,8200000,4750000,9500000,3,bedroom-design;dream-bedroom;dream-room
luxurydreamhub,16,8200000,868500,25947900,21,dream-bedrooms;dream-home;dubai-luxury-interior-design-trends;futuristic-home;futuristic-house;futuristic-houses;futuristic-interior;luxury-apartment;luxury-apartment-interior-design-ideas-2026;luxury-bedroom;luxury-bedroom-design;luxury-dining-room;luxury-interior;luxury-interior-design;luxury-kitchen-design;luxury-master-bedroom;luxury-modern-beautiful-house;luxury-room;modern-living-room;modern-luxury-house-interiors;ultra-modern-luxury-house-design
lisaabue,1,8000000,8000000,8000000,1,maldives-villa
utahrealestatepaige,1,8000000,8000000,8000000,1,real-estate
capsulecastle2025,2,8000000,4140500,8281000,1,capsule-castle-luxury-space-capsule-houses
thecozyeditx,1,8000000,8000000,8000000,1,cozy-room
ambitiouskitchen,1,7900000,7900000,7900000,1,kitchen-inspiration
tuesday_leroux,2,7800000,5850000,11700000,8,luxury-homes;luxury-house;luxury-house-tour;luxury-mansion;luxury-real-estate-mansion-exterior;luxury-villa;mansion-tour;miami-mansion
ryanknoch,1,7800000,7800000,7800000,1,modern-luxury-house-interiors
desertmidmod.atx,1,7700000,7700000,7700000,1,outdoor-kitchen
jordi.koalitic,1,7700000,7700000,7700000,1,infinity-pools
eloisepreen,4,7600000,2102000,11931000,3,art-deco-interior-design;mid-century-modern;mid-century-modern-living-room-ideas
erisa_mema,1,7500000,7500000,7500000,1,architecture
nouxri,3,7500000,452000,7987900,3,dubai-luxury;ibiza-villa;rooftop-pool
traveltomtom,1,7500000,7500000,7500000,2,maldives-resort;maldives-villa
oykuwear,1,7400000,7400000,7400000,1,tulum
sireen.design,1,7400000,7400000,7400000,1,ai-interior-design
iambeccaluna,1,7300000,7300000,7300000,2,cabin;house-in-forest
mona.co98000,1,7300000,7300000,7300000,1,monaco
ki.render,1,7300000,7300000,7300000,2,ai-interior-design;ai-interior-designer
almostlove21,2,7300000,4850000,9700000,2,cozy-room;dream-room
astralserenity,1,7200000,7200000,7200000,2,dream-bedroom;dream-bedrooms
craftlab2050,1,7100000,7100000,7100000,1,treehouse
positanese.tour,1,7000000,7000000,7000000,1,amalfi-coast
shanwicki,3,7000000,2900000,9989400,1,glamping-ideas
11.asiya.11,1,6900000,6900000,6900000,1,dream-life
kerala_architectures,2,6900000,3647000,7294000,1,tropical-house-architecture-styles
simplevision_andro,1,6800000,6800000,6800000,1,modern-architecture
lovedwellstudio,1,6700000,6700000,6700000,1,ai-home-design
binas_home,1,6700000,6700000,6700000,3,luxury-bathroom-design;luxury-bathroom-interior-design-inspiration;quiet-luxury-bathroom
luxurypropertyvlogs,1,6700000,6700000,6700000,1,luxury-home-theater-ideas
journey.more,1,6700000,6700000,6700000,1,a-frame-modern-cabins
visionbuildofficial,3,6600000,2300000,8910500,3,futuristic-architecture-designs-2026;modern-architecture;modern-house
stayvista_official,1,6500000,6500000,6500000,1,infinity-pools
girardteam,1,6300000,6300000,6300000,1,home-theater
cosyacademia,1,6300000,6300000,6300000,1,cozy-rain
inside_142,1,6200000,6200000,6200000,5,dream-kitchens;kitchen-design;kitchen-inspiration;modern-kitchen;organic-modern-kitchen-designs
bbqislandsanddesigns,1,6200000,6200000,6200000,2,outdoor-kitchen;outdoor-living
smallcountryhome,1,6200000,6200000,6200000,1,home-decor
mollybowenco,1,6200000,6200000,6200000,2,luxury-bathroom-design;quiet-luxury-bathroom
majestic_manors_assam,1,6200000,6200000,6200000,1,dream-house-design
zeynepshome,1,6100000,6100000,6100000,1,minimalist-interior
homemaking55,1,6100000,6100000,6100000,1,treehouse
arunashokanphotography,1,6100000,6100000,6100000,1,biophilic-bedroom-design
lena_nichi_art,1,6000000,6000000,6000000,1,ai-cozy-cabin
stylarc,1,6000000,6000000,6000000,1,luxury-real-estate-mansion-exterior
relaxationreflections_,2,6000000,3026250,6052500,1,rain-cozy
belinomebel,1,5900000,5900000,5900000,1,modern-kitchen
theluxuryhomeshow,9,5800000,202000,8508600,10,house-tour;luxury-homes;luxury-house-tour;luxury-mansion;luxury-real-estate-mansion-exterior;luxury-villa;mansion-tour;miami-mansion;scandinavian-interior-design;scandinavian-interior-design-styles
leylaa__asgarii,1,5800000,5800000,5800000,1,ai-interior-designer
divaa.finds,5,5800000,1500000,13265000,6,bedroom-decor;bedroom-design;cozy-bedroom-ideas;dream-bedroom;dream-bedroom-decor-ideas;dream-room
tiffany_design_studio,1,5800000,5800000,5800000,1,dreamy-walk-in-closet-designs-ideas
survival.stuffs,1,5700000,5700000,5700000,1,house-in-the-forest
enteheaven,1,5700000,5700000,5700000,1,room-makeover
sala.khaoyai,1,5700000,5700000,5700000,1,infinity-pools
capsulecastle004,2,5700000,2865900,5731800,1,capsule-castle-luxury-space-capsule-houses
theimagehs,1,5600000,5600000,5600000,1,midjourney-architecture
travel_withben,3,5600000,873000,6568200,1,london-apartment
starlight_retreats,3,5400000,1100000,7001000,3,lake-house;luxury-cabin;unique-airbnb
beautifulhotels,5,5400000,551000,10360000,5,arctic-treehouse-hotel-rovaniemi;dubai-luxury;lake-como-villa;luxury-cabin;maldives-villa
luxuryresorts,1,5400000,5400000,5400000,1,maldives-resort
sellierknightsbridge,1,5400000,5400000,5400000,1,monaco
tomaslasoargos,1,5400000,5400000,5400000,1,ibiza-villa
quingable,1,5400000,5400000,5400000,1,marrakech-riad
kelseyinlondon,2,5400000,3200000,6400000,3,luxury-hotel;luxury-resort;marrakech-riad
architecturaai_,1,5400000,5400000,5400000,1,ai-home-design
pahome_official,2,5400000,2748300,5496600,1,dreamy-walk-in-closet-designs-ideas
ghazale_siami,1,5300000,5300000,5300000,3,ai-interior;ai-interior-design;living-room-design
lux_mommy,1,5300000,5300000,5300000,1,luxury-closet
yakeandmarie,1,5300000,5300000,5300000,1,unique-airbnb
beautifuldestinations,3,5300000,2300000,8306000,3,cook-islands-luxury-resorts;luxury-homes-on-the-amalfi-coast;overwater-villa
kevouthere,1,5200000,5200000,5200000,1,cyberpunk-city
raina__firdous,1,5200000,5200000,5200000,1,mountain-house
hidayabll,1,5200000,5200000,5200000,1,dream-room
yesiinna,1,5200000,5200000,5200000,1,cozy-bedroom-ideas
tasnim_amara_,1,5100000,5100000,5100000,1,monaco
rambleonpines,1,5100000,5100000,5100000,2,cozy-cabin;house-in-forest
architectkhyatisaini,1,5000000,5000000,5000000,1,dream-home
thesecretgardenglamping,1,5000000,5000000,5000000,1,treehouse-hotel
chasiteyy,1,5000000,5000000,5000000,1,cozy-rain
eliyahu_zeituni,1,5000000,5000000,5000000,1,infinity-pools
interiorsby_nn_designstudio,1,5000000,5000000,5000000,1,luxury-home-theater-ideas
uniqchalets,4,5000000,1475500,8054000,2,chalet;lake-house
aureliestory,5,4900000,3200000,13897000,5,dubai-luxury;ibiza-luxury-villas-sea-view;marrakech-riad;rooftop-pool;saudi-arabia-architecture
meolafrancesco,1,4900000,4900000,4900000,1,lake-como-villa
hockinghillstreehousecabins,1,4900000,4900000,4900000,1,treehouse-hotel
ourabi_1,1,4800000,4800000,4800000,1,dubai-luxury
alecmonopoly,1,4800000,4800000,4800000,1,mykonos
im_ericwang,1,4700000,4700000,4700000,1,mid-century-modern
luxuryhouseview,10,4700000,158000,10546300,16,dream-home;futuristic-home;futuristic-house;futuristic-houses;futuristic-interior;glass-house-photos;luxury-bedroom;luxury-homes;luxury-house;luxury-house-tour;luxury-interior;luxury-interior-design;luxury-penthouse;modern-luxury-house-interiors;modern-villa;villa-with-pool
poppet_tales,1,4700000,4700000,4700000,1,dream-house
crbengineer,1,4700000,4700000,4700000,1,architecture
shieldvipbodyguards,1,4700000,4700000,4700000,1,mykonos
mycozeebed,1,4700000,4700000,4700000,1,dream-room
pmkpod,1,4600000,4600000,4600000,1,outdoor-kitchen
processlabstudio,1,4600000,4600000,4600000,1,underground-house
toptravelplaces_,2,4600000,2313850,4627700,3,bora-bora-luxury-hotels;maldives-resort;overwater-villa
capsulecastle_tinyhome,1,4600000,4600000,4600000,1,capsule-castle-luxury-space-capsule-houses
pune_designer,1,4500000,4500000,4500000,1,kitchen-design
customcontainerliving,1,4500000,4500000,4500000,1,container-house
lawrencewalton_,4,4500000,1001000,6526800,4,amalfi-coast;luxury-resort;maldives-villa;underwater-hotel
tripuntraveled,1,4500000,4500000,4500000,1,cabins
georgios_tataridis,2,4500000,2630500,5261000,4,dubai-luxury-interior-design-trends;futuristic-interior;luxury-bedroom-design;luxury-interior
ayeshadeary5,4,4400000,368000,5165800,2,dream-bedroom;dream-bedrooms
dubai._dreamer,1,4400000,4400000,4400000,1,dubai-luxury
mohsin_kamal7,1,4400000,4400000,4400000,1,saudi-arabia-architecture
idkwip_hiii,1,4400000,4400000,4400000,1,ai-art
karachidaily_information,1,4400000,4400000,4400000,1,furniture-design
gumaanresorts,1,4400000,4400000,4400000,1,hunza-valley-luxury-resorts
iselin.travel,3,4300000,893000,5289200,4,beach-house;dream-life;future-house;tropical-house
hafezi.architects,4,4300000,368000,5174000,4,beverly-hills-mansion;desert-modern-house-tours;jamesedition-luxury-homes;luxury-interior
surendra_garhwal__,1,4300000,4300000,4300000,1,rain-sounds
novahotelboutique,1,4200000,4200000,4200000,1,boutique-hotel
anderalencar,2,4200000,2363000,4726000,2,ai-architecture;ai-render
dshousetransformation,1,4100000,4100000,4100000,1,ai-home-design
astralgate.ai,2,4100000,2061850,4123700,1,ai-art
millionaire1ife,1,4100000,4100000,4100000,1,luxury-lifestyle
jad.soflo,1,4100000,4100000,4100000,1,luxury-real-estate
cozyzen.ai,3,4100000,27000,4145300,2,ai-cozy-cabin;ai-house
dwanderess,2,4000000,2074000,4148000,2,amalfi-coast;lake-como-villa
hm_architecture078,1,3900000,3900000,3900000,1,dream-home
luxuviouz,1,3900000,3900000,3900000,1,dubai-luxury
moonsleep.co,1,3900000,3900000,3900000,1,bedroom-decor
whatif.real,2,3900000,2047500,4095000,2,cliff-house;luxury-homes-on-the-amalfi-coast
caropeony,2,3900000,2006500,4013000,2,cozy-bedroom-ideas;cozy-room
propertymatter7,1,3800000,3800000,3800000,1,luxury-house
fortune.sketches,2,3800000,1926000,3852000,2,future-home;mountain-house
zohrastacey,1,3800000,3800000,3800000,3,cozy-rain;rain-cozy;rainy-day
theharper_home,1,3800000,3800000,3800000,1,dream-bedroom-decor-ideas
katie.fischer,2,3800000,2450000,4900000,2,cottagecore-living-room-design;home-decor-ideas
inakiencasas,2,3800000,2400000,4800000,2,desert-house-interior-design-ideas;tulum
siriorsinterior,2,3700000,2104000,4208000,2,luxury-bedroom;luxury-bedroom-design
philkeandesigngroup,1,3700000,3700000,3700000,3,dream-closet;dreamy-walk-in-closet-designs-ideas;luxury-closet
mt.constructiondiary,1,3700000,3700000,3700000,1,treehouse
stylishnorrastudios,2,3700000,2227500,4455000,2,industrial-chic-interior-design;modern-architecture
selahridgeresort,1,3700000,3700000,3700000,1,treehouse-hotel
hannahninavr,1,3700000,3700000,3700000,1,cozy-cabin
islandgal_5homedecor,3,3700000,1000000,4991000,3,interior-styling;modern-living-room;outdoor-living
_fettaa,1,3700000,3700000,3700000,1,industrial-chic-interior-design
pride_and__property,2,3700000,3100000,6200000,2,luxury-bathroom;luxury-bedroom-design
zuber_zooby,1,3700000,3700000,3700000,1,villa-with-pool
tereknotderek,2,3600000,1809350,3618700,2,dream-kitchen;houses-on-malibu-beach
em_henderson,1,3600000,3600000,3600000,2,dream-kitchen;kitchen-inspiration
styltechinterior_official,5,3600000,405000,5292500,7,bedroom-design;dream-bedroom-decor-ideas;hotel-bathroom-designs;kitchen-design;living-room-design;luxury-kitchen;modern-living-room
louis_brg13,1,3600000,3600000,3600000,1,monaco
ericrax_,1,3600000,3600000,3600000,1,penthouse-tour
markmargulies,1,3600000,3600000,3600000,1,desert-modern-house-tours
takemyhearteverywhere,3,3600000,409000,4226000,3,lake-como-villa;luxury-homes-on-the-amalfi-coast;rooftop-pool
arteo_luxury,5,3500000,798000,7178100,7,luxury-bathroom-design;luxury-bathroom-interior-design-inspiration;luxury-interior-design;luxury-kitchen;luxury-kitchen-design;luxury-living-room;luxury-living-room-design
abiinteriors,1,3500000,3500000,3500000,3,mediterranean-house;mediterranean-villa;modern-mediterranean-houses
rvnxii_,2,3500000,1769950,3539900,1,dubai-luxury
alansarii0,1,3500000,3500000,3500000,1,faroe-islands-luxury-villas
veerhomesjaipur,1,3500000,3500000,3500000,1,dream-house-design
erikvanconover,1,3400000,3400000,3400000,1,luxury-penthouse
limarie.gabriel_realtor,1,3400000,3400000,3400000,1,real-estate
daves_home,1,3400000,3400000,3400000,1,minimalist-art-deco-interior-design
tarakanovadesign,2,3300000,1760500,3521000,2,luxury-interior;neoclassical-interior
05kai_562,1,3300000,3300000,3300000,1,modern-architecture
butnomatter.theroadislife,2,3300000,2250000,4500000,2,amalfi-coast;ibiza-luxury-villas-sea-view
tulumbeachdiaries,1,3300000,3300000,3300000,1,tulum
prinzessavideo_ai,1,3300000,3300000,3300000,2,ai-interior;ai-interior-design
goated_arts,1,3300000,3300000,3300000,1,ai-art
the_conscious_dreamers,1,3300000,3300000,3300000,1,infinity-pools
lvrannx,1,3300000,3300000,3300000,1,future-home
archimyst1,1,3200000,3200000,3200000,1,interior-design-ideas
theelitespaces,1,3100000,3100000,3100000,2,luxury-living-room;luxury-living-room-design
med_student5,1,3100000,3100000,3100000,1,rainy-day
eigsticonstruction,1,3000000,3000000,3000000,1,kitchen-design
rebeccalouise_reallife,1,3000000,3000000,3000000,1,walk-in-closet
sagephillipshome,1,3000000,3000000,3000000,1,organic-modern
urban_lifestyle_lab,4,3000000,1060000,5133600,8,future-house;futuristic-architecture;futuristic-home;futuristic-house;futuristic-houses;luxury-homes;luxury-mansion;luxury-modern-beautiful-house
riya_realtor,1,3000000,3000000,3000000,1,luxury-house
gamsung__stay,1,3000000,3000000,3000000,1,luxury-resort
thehouserealty,4,2900000,100450,3155200,3,bali-luxury-villas-with-private-pools;bali-villa;tropical-villa
benignitiles,1,2900000,2900000,2900000,1,luxury-pool
caboconkaty,1,2900000,2900000,2900000,1,tulum
alwaysstylish_home,1,2900000,2900000,2900000,1,amazon-home-finds
greenitecture,1,2800000,2800000,2800000,2,biophilic-design;tropical-house
luxe.visionnaire,1,2800000,2800000,2800000,1,luxury-house
quaintandsimple,2,2800000,1803000,3606000,1,indoor-pool
roxy_carretero,5,2800000,674000,4894200,5,bedroom-decor;cozy-bedroom-ideas;dream-bedroom-decor-ideas;home-decor;living-room-decor
ananewyork,1,2800000,2800000,2800000,1,luxury-hotel-suite
petersoncabinetworks,1,2700000,2700000,2700000,2,luxury-kitchen;luxury-kitchen-design
liasrvz,1,2700000,2700000,2700000,1,quiet-luxury
antt,2,2700000,1428500,2857000,2,luxury-penthouse;penthouse-tour
travelask.world,6,2700000,1300000,8355400,7,arctic-treehouse-hotel-rovaniemi;cabins;como-lake-villas;marrakech-riad;mediterranean-villa;treehouse;treehouse-hotel
yanz_zhu,1,2700000,2700000,2700000,1,treehouse
neuraltransform,3,2700000,1600000,4463000,4,garden-design;infinity-pools;landscape-design-ai;luxury-pool
jaseel_pm.le,1,2700000,2700000,2700000,1,dubai-villa
helenjzhao,2,2700000,1603500,3207000,1,tulum
navafamilytx,2,2700000,1539500,3079000,2,luxury-house-tour;mansion-tour
nelsontreehouse,1,2600000,2600000,2600000,1,treehouse
villa_designn,1,2600000,2600000,2600000,1,modern-architecture
carvideobr,1,2600000,2600000,2600000,1,monaco
sema.z.efe,1,2600000,2600000,2600000,1,saudi-arabia-architecture
chembarathiwayanad,1,2600000,2600000,2600000,1,luxury-resort
terralodge.co,1,2600000,2600000,2600000,1,treehouse-hotel
rksnest,1,2600000,2600000,2600000,1,bedroom-decor
modern_house__3d,1,2600000,2600000,2600000,2,luxury-modern-beautiful-house;ultra-modern-luxury-house-design
serenecabin,1,2500000,2500000,2500000,2,cozy-winter-cabin;luxury-cabin
naturesms_for_u,1,2500000,2500000,2500000,1,ai-generated-house
think.millionaire02,1,2500000,2500000,2500000,1,dream-life
calmwavesmedia,1,2500000,2500000,2500000,1,rainy-day
nature.dew,1,2500000,2500000,2500000,1,luxury-garden
foxterradesign,3,2500000,954000,3963000,2,backyard-design;luxury-pool
industrieelchique,1,2500000,2500000,2500000,1,industrial-chic-interior-design
myjhouse_cn,2,2500000,1304000,2608000,1,container-home-luxury-models-2026
alanood_villa,1,2500000,2500000,2500000,1,chalet
henry.evr,1,2500000,2500000,2500000,1,cozy-room
nextawas,1,2400000,2400000,2400000,2,home-decor-ideas;living-room-design
yumiheiwa,1,2400000,2400000,2400000,1,quiet-luxury
solmykonosvillas,1,2400000,2400000,2400000,1,mykonos
worldtraveladventurers,1,2400000,2400000,2400000,1,underwater-hotel
ideadesigncasa,1,2400000,2400000,2400000,1,garden-design
nomadatoast,1,2400000,2400000,2400000,1,ai-virtual-staging
annaschottin,1,2300000,2300000,2300000,3,dream-bedroom;dream-bedrooms;dream-room
acardesigns,1,2300000,2300000,2300000,1,art-deco-interior-design
xiaoxiao_udhdecor,1,2300000,2300000,2300000,1,luxury-interior-design
challenge_decor,1,2300000,2300000,2300000,1,interior-design-ideas
ekam_sandhu_fitness,1,2300000,2300000,2300000,1,dream-house
luxuriatehomes,2,2300000,1203500,2407000,2,dream-home;glass-house-photos
jopmc16,1,2300000,2300000,2300000,1,monaco
itsdjlevi,1,2300000,2300000,2300000,1,mykonos
ally_jape,1,2300000,2300000,2300000,1,underwater-hotel
erfan_padiav,1,2300000,2300000,2300000,1,ai-interior-designer
bynayma,1,2300000,2300000,2300000,1,dream-life
ava_findss,1,2300000,2300000,2300000,1,dream-bedroom-decor-ideas
lvclosetdesign,1,2200000,2200000,2200000,2,dream-closet;luxury-closet
archedmanor,1,2200000,2200000,2200000,1,home-theater
dani.the.real,1,2200000,2200000,2200000,1,dubai-penthouse
reneeroaming,1,2200000,2200000,2200000,2,arctic-treehouse-hotel-rovaniemi;treehouse-hotel
ryandubs,1,2200000,2200000,2200000,1,luxury-suite
vrishtidesigns,4,2200000,466000,3338000,7,dubai-luxury-interior-design-trends;kids-room-design;luxury-apartment-interior-design-ideas-2026;luxury-interior;luxury-interior-design;luxury-living-room-design;modern-luxury-house-interiors
pentarkdesign,1,2100000,2100000,2100000,1,bedroom-design
vincethebuilder,1,2100000,2100000,2100000,1,luxury-kitchen
georgewu_udhkids,2,2100000,1110500,2221000,1,kids-room-design
byreginamalina,2,2100000,1178000,2356000,1,japandi
mr_govind360,1,2100000,2100000,2100000,1,dream-house
connorphillips,1,2100000,2100000,2100000,1,cabin
facade_designn,6,2100000,678000,5062000,5,ai-generated-architecture-designs;futuristic-architecture;house-on-cliff;modern-architecture;parametric-architecture
millionaire.vibes__,1,2100000,2100000,2100000,1,luxury-life
evlin.ononna,1,2100000,2100000,2100000,1,cozy-rain
coldvisions_,1,2100000,2100000,2100000,1,rainy-day
chrislovesjulia,1,2100000,2100000,2100000,2,backyard-design;outdoor-living
sourcedinteriorsdesign,1,2100000,2100000,2100000,1,luxury-real-estate
ashlan.sorenson,1,2100000,2100000,2100000,1,dream-closet
pvc_delhi.1,1,2100000,2100000,2100000,1,luxury-room
miladeshtiyaghi,5,2100000,381000,3461800,7,biophilic-design;desert-modern-house-tours;futuristic-house;house-in-forest;house-in-the-forest;tropical-house;tropical-house-architecture-styles
outofboundsretreats,1,2100000,2100000,2100000,1,house-in-forest
finegrid_planners,1,2100000,2100000,2100000,1,hotel-bathroom-designs
aliciaadorna,1,2100000,2100000,2100000,1,cozy-room
karim.eltaher.designs,2,2100000,1700000,3400000,3,luxury-bathroom;luxury-bathroom-design;luxury-bathroom-interior-design-inspiration
house_of_reservations,2,2000000,1007500,2015000,2,tropical-house;tropical-villa
midnight_files_ll,1,2000000,2000000,2000000,1,underground-house
sammyvagabond,1,2000000,2000000,2000000,1,maldives-villa
jiavisuals.ae,1,2000000,2000000,2000000,1,luxury-resort
cyborg.digitalart,2,2000000,1096000,2192000,1,ai-art
ozudairies,1,2000000,2000000,2000000,1,home-decor
vesgantti_home,2,2000000,1356000,2712000,1,living-room-decor
homelove.bylaura,2,2000000,1473500,2947000,2,home-decor-ideas;living-room-decor
buket.interior,1,2000000,2000000,2000000,1,quiet-luxury-bathroom
soyarqadrianadelacruz,1,2000000,2000000,2000000,1,minimalist-art-deco-interior-design
_rainy_street,1,2000000,2000000,2000000,1,rain-sounds
leoniehanne,1,1900000,1900000,1900000,1,quiet-luxury
loft208,1,1900000,1900000,1900000,1,wabi-sabi-interior
bic_trading,2,1900000,973950,1947900,3,future-house;luxury-house;luxury-mansion
alex_jechev,1,1900000,1900000,1900000,1,luxury-penthouse
swissedmund,1,1900000,1900000,1900000,1,swiss-chalet
imhometokyo,1,1900000,1900000,1900000,1,tokyo-apartment
hakatayaken,3,1900000,649000,2629700,1,tokyo-apartment
charlottelaverickx,1,1900000,1900000,1900000,1,mykonos
howthingsarebuilld,1,1900000,1900000,1900000,4,ai-architecture;ai-generated-architecture-designs;ai-generated-house;ai-home-design
richbynature09,3,1900000,370000,2285500,2,luxury-life;luxury-lifestyle
jusathome,2,1900000,1313000,2626000,2,dream-kitchen;kitchen-inspiration
aitransformation.lab,1,1900000,1900000,1900000,1,inside-underground-bunker-house
axel_stone0,1,1900000,1900000,1900000,1,inside-underground-bunker-house
eleinterior,1,1900000,1900000,1900000,1,dubai-luxury-interior-design-trends
verandaestatehomes,1,1800000,1800000,1800000,3,dream-kitchen;dream-kitchens;organic-modern-kitchen-designs
theraj_interior,2,1800000,928350,1856700,5,luxury-bathroom;luxury-bathroom-design;luxury-bathroom-interior-design-inspiration;luxury-bedroom;luxury-bedroom-design
dreamintrodesigns,1,1800000,1800000,1800000,1,kids-room-design
archia.design,2,1800000,1059000,2118000,1,modern-house
ti.fu,1,1800000,1800000,1800000,1,parametric-architecture
madame_galu,1,1800000,1800000,1800000,1,monaco
alexpreview,1,1800000,1800000,1800000,1,luxury-resort
jaden.versluis,1,1800000,1800000,1800000,1,unique-airbnb
infinity_gardens_grup,1,1800000,1800000,1800000,2,landscape-design;luxury-garden
chloereneewebb,1,1800000,1800000,1800000,1,amazon-home-finds
_crystalvisual,2,1800000,945850,1891700,1,dream-bedrooms
tucasad3co,2,1700000,1550000,3100000,2,japandi-serenity-bedroom-design-ideas;living-room-design
husnain_g13_properties,1,1700000,1700000,1700000,2,luxury-kitchen;modern-kitchen
nikimariephoto,1,1700000,1700000,1700000,1,home-library
primurse_log,1,1700000,1700000,1700000,1,futuristic-architecture
luxurytravelermedia,1,1700000,1700000,1700000,1,luxury-hotel
matitectura,1,1700000,1700000,1700000,2,ai-architecture;midjourney-architecture
jennabayergardendesign,1,1700000,1700000,1700000,1,garden-design
buildup_work,1,1700000,1700000,1700000,1,home-decor-ideas
furnicher_mahal__,1,1700000,1700000,1700000,1,furniture-design
roomify.design,7,1700000,337000,3650400,7,bedroom-design;dream-kitchen;green-minimalist-interior-design;interior-styling;luxury-dining-room;luxury-kitchen-design;virtual-staging
goldenhourabode,1,1700000,1700000,1700000,1,bedroom-decor
kf.3dsolutions,1,1700000,1700000,1700000,1,wabi-sabi-japandi-interior-design
olena_prykhodko_design,3,1700000,1000000,3152000,3,bedroom-design;kitchen-inspiration;scandinavian-interior-design-styles
rucalico_traful,1,1700000,1700000,1700000,1,cabins
rivageresort,1,1700000,1700000,1700000,1,hunza-valley-luxury-resorts
designxdani,1,1700000,1700000,1700000,1,future-home
havello3,2,1600000,893500,1787000,2,bedroom-design;dreamy-walk-in-closet-designs-ideas
shauna_kelly_interiors,1,1600000,1600000,1600000,1,luxury-living-room
frenchandbeyond.design,1,1600000,1600000,1600000,1,kitchen-design
sara.interiorstudio,1,1600000,1600000,1600000,1,art-deco-interior-design
abeastinside,3,1600000,1200000,2825400,1,cyberpunk-city
ws_properties.pk,1,1600000,1600000,1600000,1,luxury-house
aaltomotive,1,1600000,1600000,1600000,1,dream-house
fast_buildsx,1,1600000,1600000,1600000,1,cliff-house
sevenora.design,1,1600000,1600000,1600000,1,architecture-design
skyviewexperts,3,1600000,28000,1637278,3,indoor-pool;real-estate;virtual-staging
purehotelbyhollywood,2,1600000,802997,1605994,2,boutique-hotel;luxury-suite
sembler8,1,1600000,1600000,1600000,1,unique-airbnb
thegoatmusics,1,1600000,1600000,1600000,1,dream-life
alexcentomo,1,1600000,1600000,1600000,1,dream-life
laurenfrancesstanger,1,1600000,1600000,1600000,1,rainy-day
zarela_home_decor_,1,1600000,1600000,1600000,1,home-decor
malaysiahomie,1,1600000,1600000,1600000,1,mansion-tour
housenumbereight_,1,1600000,1600000,1600000,1,interior-styling
calmwhispers01,1,1600000,1600000,1600000,1,cozy-cabin-in-the-snow
hikingwithmary,1,1600000,1600000,1600000,1,cabins
chalet_lumdor,1,1600000,1600000,1600000,1,chalet
twinreadsandreds,1,1500000,1500000,1500000,1,home-library
neutral_homebody,2,1500000,863500,1727000,2,japandi;organic-modern
trezdstudio,1,1500000,1500000,1500000,1,luxury-interior
wahid_bhattt,1,1500000,1500000,1500000,1,mountain-house
balidroomvillas,1,1500000,1500000,1500000,2,bali-infinity-pool-villas;bali-villa
mike.tokyohousing,2,1500000,805500,1611000,1,tokyo-apartment
glashaus.realestate,5,1500000,791000,3531000,4,beverly-hills-mansion;houses-on-malibu-beach;los-angeles-house;malibu-house
lemeuriceparis,1,1500000,1500000,1500000,1,boutique-hotel
hannahandkord,2,1500000,897000,1794000,2,a-frame-cabin;cozy-cabin
amandabhome,1,1500000,1500000,1500000,1,amazon-home-finds
annaellens_,1,1500000,1500000,1500000,1,bedroom-decor
fritztinyhomes,1,1500000,1500000,1500000,1,forest-house
spotlistworldwide,1,1500000,1500000,1500000,1,chalet
joe_hattab,1,1500000,1500000,1500000,1,faroe-islands-luxury-villas
interior.by.ja,1,1500000,1500000,1500000,1,hotel-room-interior-design-ideas
alaligroup0786,1,1400000,1400000,1400000,1,luxury-bedroom
louise_andallthingshome,1,1400000,1400000,1400000,2,living-room-design;luxury-living-room
happywifenewlife,1,1400000,1400000,1400000,1,living-room-design
alusmaninteriorsarchitect,1,1400000,1400000,1400000,1,kitchen-design
laurahammett.interiors,1,1400000,1400000,1400000,1,luxury-bathroom
houseofheron,3,1400000,923000,2385700,2,dark-academia-home-library;home-library
jncdesignstudio,1,1400000,1400000,1400000,1,minimalist-interior
happyhomecopenhagen,1,1400000,1400000,1400000,1,scandinavian-interior-design
studio.enclave_,1,1400000,1400000,1400000,1,luxury-interior-design
nexonity_living,1,1400000,1400000,1400000,1,interior-design-ideas
beautifuldixe,1,1400000,1400000,1400000,1,mountain-house
renovatemate,1,1400000,1400000,1400000,1,luxury-pool
gurpreet40,1,1400000,1400000,1400000,1,maldives-villa
thelanadubai,1,1400000,1400000,1400000,1,luxury-suite
lavender.a1,1,1400000,1400000,1400000,1,cozy-rain
arama_mobila,1,1400000,1400000,1400000,1,furniture-design
timberwit,2,1400000,705900,1411800,1,luxury-real-estate
fullpackagemedia,1,1400000,1400000,1400000,1,luxury-real-estate
zekehemmila,1,1400000,1400000,1400000,1,luxury-apartment
recastliving,2,1400000,904500,1809000,2,landscape-design;landscape-design-ai
alexisandraaustin,1,1400000,1400000,1400000,1,coastal-bedroom-design-ideas
thetrillionairelife,3,1400000,1100000,2716000,3,futuristic-houses;jamesedition-luxury-homes;miami-mansion
tiatinn_,3,1400000,1400000,2830700,1,dubai-luxury-penthouse
watchthebuild,4,1300000,497000,2643000,4,biophilic-bedroom-design;living-room-decor;modern-living-room;scandinavian-interior-design-styles
jermrugs,1,1300000,1300000,1300000,1,japandi
elaperona,1,1300000,1300000,1300000,1,scandinavian-interior-design
emvonhofsten,1,1300000,1300000,1300000,1,scandinavian-interior-design
ibuilddevelopers,4,1300000,312500,2100000,5,dream-closet;dream-house;dream-kitchen;kitchen-design;luxury-closet
foorcrafts,1,1300000,1300000,1300000,1,cliff-house
treecraftdesignbuild,1,1300000,1300000,1300000,1,treehouse
buildsinblack,2,1300000,668250,1336500,2,faroe-islands-luxury-villas;modern-architecture
lucaslagoons,1,1300000,1300000,1300000,1,luxury-pool
westmod,2,1300000,697650,1395300,2,outdoor-living;rooftop-pool
ninaritz.oficial,1,1300000,1300000,1300000,1,mykonos
pametsakalimou,1,1300000,1300000,1300000,1,mykonos
muizza_here,1,1300000,1300000,1300000,1,saudi-arabia-architecture
hotelsdenicher,1,1300000,1300000,1300000,1,luxury-hotel
aka_projectuz,1,1300000,1300000,1300000,1,ai-generated-house
naturesms,8,1300000,386000,3843000,7,biophilic-bedroom-design;cozy-winter-cabin;forest-house;futuristic-architecture-designs-2026;house-in-the-forest;indoor-pool;mountain-house
pamelita_decor,2,1300000,692950,1385900,1,home-decor
ourpnw_home,1,1300000,1300000,1300000,1,amazon-home-finds
_prspctivs,1,1300000,1300000,1300000,1,glass-house-photos
tbryanbay,1,1300000,1300000,1300000,1,dubai-luxury-penthouse
decorrwitms,1,1200000,1200000,1200000,1,bathroom-design
americasrealtygroup,1,1200000,1200000,1200000,2,dream-closet;luxury-closet
la_barbed,2,1200000,650000,1300000,1,cyberpunk-city
maaikelothmann,1,1200000,1200000,1200000,1,house-tour
kheer_rvt,1,1200000,1200000,1200000,1,parametric-architecture
abby.architecture,1,1200000,1200000,1200000,1,architecture-design
life_of_fab27,1,1200000,1200000,1200000,1,swiss-chalet
the_goldpig,1,1200000,1200000,1200000,1,mykonos
ebrahimpm,1,1200000,1200000,1200000,1,furniture-design
2bdesignbuild,1,1200000,1200000,1200000,1,mansion-tour
the.quirkartforhome,1,1200000,1200000,1200000,1,living-room-decor
refinedgardens,1,1200000,1200000,1200000,1,modern-mediterranean-houses
creativ_storiess,1,1200000,1200000,1200000,1,bali-luxury-villas-with-private-pools
dubai_fast_renovation,1,1200000,1200000,1200000,1,dubai-luxury-interior-design-trends
saltyluxe,1,1200000,1200000,1200000,1,cook-islands-luxury-resorts
rodnova_installation_,2,1100000,647500,1295000,3,dream-kitchens;luxury-kitchen;modern-kitchen
thekitchenguy,1,1100000,1100000,1100000,1,kitchen-design
mina__casa,1,1100000,1100000,1100000,1,luxury-dining-room
ivan.honcharenko,1,1100000,1100000,1100000,1,minimalist-interior
anrcreativedesign,1,1100000,1100000,1100000,1,interior-design-ideas
nycshahrealty,1,1100000,1100000,1100000,1,luxury-penthouse
jordmerritt,1,1100000,1100000,1100000,1,cabin
sellingdestin,1,1100000,1100000,1100000,1,beach-house
flexicube.pl,2,1100000,588600,1177200,1,container-house
urban_containers_homes,1,1100000,1100000,1100000,1,container-house
marleyandsamhomediy,1,1100000,1100000,1100000,1,modern-architecture
kimiyarc,1,1100000,1100000,1100000,1,architecture-design
dubai._lovers,1,1100000,1100000,1100000,1,dubai-luxury
banjaran.mag,1,1100000,1100000,1100000,1,bali-villa
the.sky_realtors,1,1100000,1100000,1100000,1,santorini-villa
erolbrasco,1,1100000,1100000,1100000,1,amalfi-coast
losamigostulumgecesi,1,1100000,1100000,1100000,1,tulum
mk.craft_house,1,1100000,1100000,1100000,1,ai-home-design
valroyco,1,1100000,1100000,1100000,1,luxury-lifestyle
thecozykansan,1,1100000,1100000,1100000,1,rainy-day
mhlandco,1,1100000,1100000,1100000,1,backyard-design
tessshanahan,1,1100000,1100000,1100000,1,dream-closet
king.famvlogs,1,1100000,1100000,1100000,1,glamping-ideas
nataliedoef,1,1100000,1100000,1100000,1,cozy-bedroom-ideas
hotpink_interiors,1,1100000,1100000,1100000,1,dream-bedroom-decor-ideas
firstlivinghomejaipur,1,1100000,1100000,1100000,1,luxury-apartment-interior-design-ideas-2026
spotlistfr,1,1100000,1100000,1100000,1,chalet
wayanad_rooms,1,1100000,1100000,1100000,1,villa-with-pool
goldconconstruction,2,1000000,558500,1117000,3,dream-kitchen;dream-kitchens;luxury-kitchen-design
bathroomguide_,1,1000000,1000000,1000000,1,bathroom-design
kimeyle_home,1,1000000,1000000,1000000,1,home-office-design
thevisualpoetflavia,1,1000000,1000000,1000000,1,quiet-luxury
pk__architects,1,1000000,1000000,1000000,1,neoclassical-interior
idw.design,3,1000000,226000,1248300,3,biophilic-design;future-home;tropical-house
theluxliving_official,1,1000000,1000000,1000000,1,luxury-interior-design
navarealtygroup,1,1000000,1000000,1000000,2,luxury-homes;luxury-mansion
darjawren,1,1000000,1000000,1000000,1,dream-home
frenchnakedchef,1,1000000,1000000,1000000,1,monaco
louisantonioorefice,1,1000000,1000000,1000000,1,amalfi-coast
charlieherrerare,1,1000000,1000000,1000000,1,tulum
bryn.elise,1,1000000,1000000,1000000,1,tulum
paria__seif,1,1000000,1000000,1000000,1,ai-interior-designer
baddieinbiz,1,1000000,1000000,1000000,1,dream-life
lavishsocietie,1,1000000,1000000,1000000,2,luxury-life;luxury-lifestyle
zainabkxn_,1,1000000,1000000,1000000,1,dream-room
fromrawto_real,4,1000000,403500,2059000,5,backyard-design;garden-design;landscape-design;landscape-design-ai;outdoor-kitchen
ringchen.furniture,2,1000000,597000,1194000,2,furniture-design;luxury-furniture
corcoransunshine,2,1000000,536700,1073400,2,luxury-penthouse;penthouse-tour
livautry,1,1000000,1000000,1000000,1,dream-closet
rain.nest,1,1000000,1000000,1000000,1,ai-cozy-cabin
nature_4k_reels_,1,1000000,1000000,1000000,1,forest-house
big_toy_stories,1,1000000,1000000,1000000,1,house-in-forest
cozyvibescorner,1,1000000,1000000,1000000,1,cozy-cabin-in-the-snow
naturooms,1,1000000,1000000,1000000,1,chalet
living.modernism,1,999000,999000,999000,1,minimalist-interior
scottsdaledesignservices,2,998000,538900,1077800,1,organic-modern
homemorph,1,997000,997000,997000,1,ai-house-design
dystopiccity,1,996000,996000,996000,1,cyberpunk-city
exploringdreamhomes,5,996000,556000,3115000,4,ai-generated-house;ai-house;dream-house;dream-house-design
that_craftybee,1,995000,995000,995000,1,home-decor-ideas
aqardxb,1,987000,987000,987000,1,dubai-villa
stjosephscottage,1,982000,982000,982000,1,cottagecore-living-room-design
sallyswelt,1,980000,980000,980000,1,japandi
calmstorms_13,1,979000,979000,979000,1,rain-sounds
architectcha,4,978000,542000,2133800,4,ai-generated-architecture-designs;futuristic-architecture;futuristic-architecture-designs-2026;midjourney-architecture
zaxzaaafrica,2,977000,650000,1300000,3,hotel-bathroom-designs;luxury-bathroom-interior-design-inspiration;quiet-luxury-bathroom
ocho.design.studio_,1,976000,976000,976000,1,modern-kitchen
revolvingbooks,1,974000,974000,974000,1,home-library
jafthegardener,1,974000,974000,974000,1,luxury-garden
the_haunted_tale,1,973000,973000,973000,1,rain-cozy
interiorbydnd,2,970000,551500,1103000,1,mid-century-modern-living-room-ideas
sarayi.interiors,1,969000,969000,969000,1,luxury-bathroom-design
palmlivingae,1,968000,968000,968000,1,home-theater
seaglassbeachhouse,2,966000,735500,1471000,1,beach-house
lulalunalee,1,952000,952000,952000,1,room-makeover
montani3d,4,946000,684500,2454000,5,ai-architecture;ai-interior-design;ai-interior-designer;ai-render;landscape-design-ai
asan_emlak.az,1,940000,940000,940000,1,luxury-apartment
indonesiajuaratrip,1,933000,933000,933000,1,overwater-villa
imaginativemike,3,931000,336000,1341900,3,ai-cozy-cabin;cozy-winter-cabin;forest-house
zachariemaille_,2,920000,593000,1186000,2,dubai-luxury-penthouse;ibiza-villa
cgce.stu,1,915000,915000,915000,1,minimalist-interior
eliemoussa_creative_design,5,914000,359000,2444000,7,dubai-luxury-interior-design-trends;interior-design-ideas;luxury-apartment-interior-design-ideas-2026;luxury-interior-design;luxury-living-room-design;luxury-master-bedroom;luxury-master-bedroom-interior-design
luxquisit,4,912000,541000,2159000,3,faroe-islands-luxury-villas;luxury-pool;overwater-villa
toriesvik,1,906000,906000,906000,1,faroe-islands-luxury-villas
ashevilleglamping,1,903000,903000,903000,2,treehouse;treehouse-hotel
ilhamabdii,1,902000,902000,902000,1,landscape-design-ai
design.input,1,900000,900000,900000,1,midjourney-architecture
luxuryproperttyy,1,893000,893000,893000,1,luxury-kitchen-design
gaurav_furniture_ludhiana,1,891000,891000,891000,1,furniture-design
elenaajoyce,1,889000,889000,889000,1,cabins
d.signers,1,887000,887000,887000,2,bali-infinity-pool-villas;infinity-pools
ihsansamhoun.interiors,4,885000,333000,1731000,5,luxury-bathroom;luxury-bathroom-design;luxury-master-bedroom;luxury-master-bedroom-interior-design;modern-villa
milanchettri123,1,879000,879000,879000,3,dream-house;luxury-modern-beautiful-house;modern-house
interiorsbyplatinum,1,874000,874000,874000,1,bedroom-design
farmgirlstories01,1,873000,873000,873000,1,garden-design
mk_contrctor_and_builders,1,871000,871000,871000,1,bathroom-design
duchess.lifestyle,1,871000,871000,871000,1,home-theater
alinarsenova,1,870000,870000,870000,2,ai-home-design;ai-interior-designer
allyrokstyle,1,870000,870000,870000,1,organic-modern-kitchen-designs
shubham_kochar_shilp_store,1,861000,861000,861000,1,furniture-design
dreammakersstudio24,1,861000,861000,861000,1,container-home-luxury-models-2026
engineering_school_9,1,848000,848000,848000,1,bathroom-design
tenkasipattanam_construction,1,846000,846000,846000,1,dream-house
terplanet,2,844000,498500,997000,1,overwater-villa
lorenestates,1,838000,838000,838000,1,luxury-real-estate
joehoustonsf,1,838000,838000,838000,1,glamping-ideas
nashla_t_02,1,838000,838000,838000,1,dream-kitchens
homebyxi,1,838000,838000,838000,1,future-home
daydreaming__2,1,837000,837000,837000,1,lake-como-villa
pelteki_interiordesign,1,835000,835000,835000,1,living-room-design
nature._.videos,1,834000,834000,834000,2,forest-house;luxury-cabin
hello4travel,1,834000,834000,834000,1,dubai-luxury
casadelsimonsen,1,832000,832000,832000,1,luxury-kitchen
cliffhousemaine,1,830000,830000,830000,1,cliff-house
french_exterior,1,828000,828000,828000,1,indoor-pool
cvlager,1,826000,826000,826000,1,ibiza-villa
thedollstudio2026,1,825000,825000,825000,1,ai-art
livingwithtilda,1,823000,823000,823000,1,mid-century-modern
acroxthepond,1,823000,823000,823000,1,unique-airbnb
alinaross,1,817000,817000,817000,1,mykonos
anetamalgorzatagorska,1,815000,815000,815000,1,biophilic-design
jamshicv,1,815000,815000,815000,1,dream-house-design
gleerup.cerin,1,807000,807000,807000,1,monaco
sprugmaworld,1,802000,802000,802000,1,cyberpunk-city
hollander_design,1,802000,802000,802000,1,garden-design
amrusha.jain,1,799000,799000,799000,1,kitchen-design
christingracehome,1,795000,795000,795000,1,amazon-home-finds
ayushi.goyal.designs,1,790000,790000,790000,1,kitchen-design
melllattes,1,789000,789000,789000,1,tulum
anisa_alghurbani,1,789000,789000,789000,1,rainy-day
nemoza_interiors,2,785000,403900,807800,2,biophilic-design;luxury-bathroom
veertamotiani,1,781000,781000,781000,1,home-library
backyardoasisdesign,1,781000,781000,781000,1,backyard-design
containerhomesdaily,1,772000,772000,772000,1,container-house
life.vs.sarah,1,764000,764000,764000,1,outdoor-kitchen
creeksidehideawaytn,1,754000,754000,754000,1,cabins
vishnu_xo,4,752000,277500,1489000,5,biophilic-bedroom-design;luxury-bedroom;luxury-bedroom-design;luxury-dining-room;luxury-room
harmosai,7,752000,468000,2558848,10,desert-modern-house-tours;futuristic-home;futuristic-house;futuristic-houses;los-angeles-house;luxury-modern-beautiful-house;modern-architecture;modern-villa;saudi-arabia-architecture;ultra-modern-luxury-house-design
dunlaphollowcabins,2,752000,711500,1423000,3,a-frame-cabin;a-frame-modern-cabins;cabins
foodieofmumbai7,1,749000,749000,749000,1,santorini-villa
hoppergroup,1,749000,749000,749000,1,luxury-real-estate
arc_needs,1,748000,748000,748000,1,bathroom-design
rb_derek,1,745000,745000,745000,2,luxury-bathroom-design;luxury-bathroom-interior-design-inspiration
alot.design,1,739000,739000,739000,1,industrial-interior
europexplores,1,739000,739000,739000,1,arctic-treehouse-hotel-rovaniemi
srmdesignhub,1,738000,738000,738000,1,architecture-design
containerhouseplans,1,738000,738000,738000,1,container-home-luxury-models-2026
cozy_cabin_diaries,1,733000,733000,733000,4,ai-cozy-cabin;cozy-cabin;cozy-cabin-in-the-snow;cozy-winter-cabin
interiordesignerella,1,732000,732000,732000,1,amazon-home-finds
visionaireco,1,732000,732000,732000,1,luxury-real-estate
digitaldesign.lab,4,731000,81150,931400,3,desert-house;desert-house-interior-design-ideas;infinity-pools
areeshaa._.here,1,729000,729000,729000,1,room-makeover
tinylivingdesignsi,2,726000,375650,751300,2,indoor-pool;luxury-pool
dresscodelab.co,1,718000,718000,718000,1,quiet-luxury
lenas_cottage_home_garden,1,717000,717000,717000,1,cottagecore-living-room-design
diachok.architects,2,714000,414000,828000,3,luxury-bathroom;organic-modern-kitchen-designs;quiet-luxury-bathroom
wowbespoke,1,714000,714000,714000,1,hotel-bathroom-designs
renovaistudio,2,713000,506000,1012000,2,landscape-design;landscape-design-ai
2pdesigners,5,711000,258000,1465700,6,dubai-luxury-interior-design-trends;kitchen-design;luxury-dining-room;luxury-interior;luxury-living-room;modern-luxury-house-interiors
theamethyyst,1,710000,710000,710000,1,dream-life
mojisstyle,2,707000,636500,1273000,2,bedroom-decor;interior-styling
houseofchais,1,706000,706000,706000,1,interior-design-ideas
vacations,4,706000,669500,2492000,3,ibiza-luxury-villas-sea-view;overwater-villa;underwater-hotel
nicholepaclibar,1,701000,701000,701000,1,kitchen-inspiration
sq_interiors_ae,1,696000,696000,696000,1,kitchen-inspiration
ohneis652,1,693000,693000,693000,2,ai-architecture;ai-generated-architecture-designs
ms.josefine,1,683000,683000,683000,1,architecture-design
imadqacami09,1,683000,683000,683000,1,dubai-luxury
the.tnk.loft,2,680000,493000,986000,2,biophilic-bedroom-design;biophilic-design
jameseditioncom,2,679000,343691,687383,1,jamesedition-luxury-homes
kika.baut,2,678000,610000,1220000,2,hotel-bathroom-designs;quiet-luxury-bathroom
the.princess.mini,1,674000,674000,674000,1,luxury-closet
thelifestyledco,1,672000,672000,672000,1,dream-kitchen
its.aswathy_sethu,1,672000,672000,672000,1,room-makeover
mindset.therapy,1,669000,669000,669000,1,dream-life
featheringournest,1,666000,666000,666000,1,kitchen-inspiration
aakash.darji,1,662000,662000,662000,1,villa-with-pool
terezija.simunovic,1,660000,660000,660000,1,chalet
vywherenext,1,657000,657000,657000,1,bali-luxury-villas-with-private-pools
my.bell.house,1,654000,654000,654000,1,bathroom-design
cap_sulecastlehouse,1,653000,653000,653000,1,capsule-castle-luxury-space-capsule-houses
myyab_designs,1,651000,651000,651000,1,bedroom-decor
smyrna__home,1,647000,647000,647000,3,living-room-design;luxury-living-room;modern-living-room
behind.thewoods,1,646000,646000,646000,1,house-tour
styledby.rhonda,1,645000,645000,645000,1,home-decor-ideas
kaiboet,2,642000,413000,826000,2,mid-century-modern-living-room-ideas;minimalist-art-deco-interior-design
happy_petit_family,1,641000,641000,641000,1,scandinavian-interior-design-styles
sigaarchitect,1,640000,640000,640000,1,architecture-photography
friluftsbjerke,1,639000,639000,639000,1,cabin
_vlasov_roman_,4,638000,270500,1232000,4,hotel-design;modern-architecture;modern-house;modern-villa
mednikovadesign,1,636000,636000,636000,1,art-deco-interior-design
aveotasarim,1,634000,634000,634000,3,living-room-decor;living-room-design;luxury-living-room-design
eisukekiuchi.jp,1,633000,633000,633000,1,tokyo-apartment
deborahandradeee,1,631000,631000,631000,1,mykonos
dutch_belgium_gardens,2,631000,396500,793000,1,luxury-garden
pinkoro_house,1,626000,626000,626000,1,living-room-decor
crystalkitchenandbedroom,1,623000,623000,623000,1,modern-kitchen
selaproperty,1,623000,623000,623000,1,luxury-villa
herjoliejourney,2,623000,342850,685700,2,faroe-islands-luxury-villas;unique-airbnb
katyaresin,1,616000,616000,616000,1,interior-styling
spacesbylaura,3,615000,481000,1459000,2,mid-century-modern;modern-mediterranean-houses
ai_furniture_design,1,614000,614000,614000,1,luxury-room
skymountainhouse,1,612000,612000,612000,1,cabin
meghanorourkee,1,611000,611000,611000,1,cabin
asharch_design,1,608000,608000,608000,1,futuristic-interior
followourcompass,1,607000,607000,607000,1,unique-airbnb
housesafari,1,606000,606000,606000,1,mid-century-modern
nestseekersdubai,4,604000,142150,930300,4,dubai-luxury-penthouse;dubai-villa;luxury-apartment;luxury-villa
insmultiverse,4,604000,322000,1261000,6,ai-house;dream-bedroom;dream-bedrooms;dream-room;future-house;future-houses-2050
theras.space,1,599000,599000,599000,1,cozy-room
barnesrealty,2,595000,399500,799000,2,dubai-luxury-penthouse;ibiza-villa
abcdjoinery,1,594000,594000,594000,3,dream-kitchens;luxury-kitchen;organic-modern-kitchen-designs
ai.cozy.fun.scenes,1,594000,594000,594000,1,cozy-rain
shehaofurniture,1,594000,594000,594000,1,furniture-design
royashabboui,3,593000,593000,1208200,4,houses-on-malibu-beach;luxury-apartment;luxury-interior;modern-luxury-house-interiors
161london,1,592000,592000,592000,1,walk-in-closet
creativevaanarofbraj,1,590000,590000,590000,1,room-makeover
aframe_kuce,1,589000,589000,589000,1,a-frame-modern-cabins
pointspassport,1,588000,588000,588000,1,maldives-villa
treehouseocala,1,588000,588000,588000,1,treehouse-hotel
magadhinterior,1,586000,586000,586000,1,bathroom-design
boutique_sahra,1,586000,586000,586000,1,tulum
sahasrarafurnitures,1,583000,583000,583000,1,bedroom-design
bhagwan_solanke_18,1,574000,574000,574000,1,modern-kitchen
byselimfurniture,1,573000,573000,573000,1,luxury-dining-room
aylintheagent,1,571000,571000,571000,1,dream-kitchens
kmprecastwork,1,570000,570000,570000,2,a-frame-cabin;a-frame-modern-cabins
suasarealestate,1,568000,568000,568000,1,luxury-villa
food_by_aisha,1,562000,562000,562000,1,chalet
maisonnyckel,1,561000,561000,561000,1,kitchen-inspiration
_plus_interiors,1,561000,561000,561000,1,luxury-master-bedroom-interior-design
luxicavibe,2,561000,286650,573300,2,luxury-modern-beautiful-house;luxury-real-estate
modern.architect,1,560000,560000,560000,1,container-house
rendair.ai,3,556000,138000,702753,3,ai-render;ai-virtual-staging;virtual-staging
lilswalty,1,553000,553000,553000,1,interior-design-ideas
vkuoo,4,552000,227500,1027400,6,ai-architecture;ai-generated-architecture-designs;architecture-design;futuristic-architecture-designs-2026;midjourney-architecture;parametric-architecture
realtordenisbibik,4,548000,260500,1079400,5,luxury-home-theater-ideas;luxury-master-bedroom;luxury-pool;miami-mansion;villa-with-pool
jareef__saifi,5,547000,192000,1363500,9,hotel-bathroom-designs;hotel-suite-design-ideas;interior-design-ideas;living-room-design;luxury-apartment-interior-design-ideas-2026;luxury-bathroom;luxury-living-room;luxury-living-room-design;modern-living-room
texaseatsfirst,1,545000,545000,545000,1,glass-house-photos
nestbygrazi.design,1,544000,544000,544000,1,interior-styling
nina.nayko,1,543000,543000,543000,1,architecture-photography
volferda_tinyhouse,1,541000,541000,541000,1,container-house
tiny_homess,1,530000,530000,530000,1,luxury-cabin
wanderlust__ever,1,528000,528000,528000,1,amalfi-coast
balamoda,2,524000,506000,1012000,2,house-tour;los-angeles-house
jennifershomeinterior,1,524000,524000,524000,1,outdoor-living
homecareproperty,1,523000,523000,523000,1,inside-underground-bunker-house
sugar____home.127,1,519000,519000,519000,1,cozy-room
goldeneaglelogtimberhomes,1,518000,518000,518000,1,lake-house
shivay_._interior,1,517000,517000,517000,1,living-room-design
hogarconcalma,1,516000,516000,516000,1,cozy-bedroom-ideas
home_designfr,2,516000,291000,582000,2,living-room-decor;scandinavian-interior-design-styles
anna_home_finds,1,515000,515000,515000,1,amazon-home-finds
tatevik_therealtor,1,513000,513000,513000,1,beverly-hills-mansion
homeless.backpacker,1,513000,513000,513000,1,unique-airbnb
_everydayalyssa_,1,513000,513000,513000,1,glamping-ideas
moodywhimsicalforest,1,512000,512000,512000,1,dark-academia-home-library
lmdesignstudio.no,1,510000,510000,510000,1,modern-classic-interior-design
sam.shan.shops,1,510000,510000,510000,1,amazon-home-finds
blonde.travel,1,509000,509000,509000,1,como-lake-villas
craftvibeehm,1,506000,506000,506000,1,inside-underground-bunker-house
_.decor_and_more._,2,503000,343000,686000,3,luxury-dining-room;luxury-living-room;luxury-living-room-design
dreamh0using_dubai,1,503000,503000,503000,1,dreamy-walk-in-closet-designs-ideas
heritageclass,2,501000,304500,609000,2,luxury-life;luxury-lifestyle
brooklyn_naveah,1,500000,500000,500000,1,cozy-room
homewithkoby,1,499000,499000,499000,1,mid-century-modern-living-room-ideas
marmir_home,1,498000,498000,498000,1,modern-classic-interior-design
riyadh_reels_ksa,1,498000,498000,498000,1,saudi-arabia-architecture
evakentmimarlik,2,498000,317500,635000,2,hotel-bathroom-designs;luxury-bathroom-design
archiart_mag,1,497000,497000,497000,1,luxury-master-bedroom-interior-design
best_vacationrentals,2,496000,266750,533500,2,a-frame-cabin;glass-house
mr.mcdone,1,495000,495000,495000,1,cyberpunk-city
domesticallyblissful,1,491000,491000,491000,1,home-library
itsblankcreative,2,490000,360000,720000,2,beverly-hills-mansion;luxury-closet
janarestates,1,490000,490000,490000,1,dubai-luxury-interior-design-trends
designedbeneath,1,488000,488000,488000,1,bathroom-design
baptiste.kretzrealestate,1,487000,487000,487000,1,luxury-villa
tacosattire,1,476000,476000,476000,1,industrial-interior
cortezhelene,1,470000,470000,470000,1,beach-house
homedecorbymusfira,2,470000,470000,940000,1,dream-bedroom-decor-ideas
orcadesignec,2,467000,444500,889000,5,futuristic-home;futuristic-house;futuristic-houses;luxury-house;ultra-modern-luxury-house-design
journey.to_serenity,2,467000,240800,481600,2,ai-interior;cozy-winter-cabin
maisyleigh,1,466000,466000,466000,1,japandi
ravnix23,2,461000,235485,470971,2,living-room-decor;modern-living-room
azulcontainers,1,461000,461000,461000,1,container-house
designbyerick,1,461000,461000,461000,1,backyard-design
mybeautifulblisshome,2,455000,297500,595000,2,interior-design-ideas;luxury-room
blogamormaisamor,1,454000,454000,454000,1,green-minimalist-interior-design
clearformcreative,1,452000,452000,452000,1,beverly-hills-mansion
treehousepoint,1,450000,450000,450000,1,cabin
luxxeinteriors,2,447000,241700,483400,2,luxury-apartment-interior-design-ideas-2026;luxury-home-theater-ideas
base9studio,2,445000,341500,683000,3,luxury-kitchen-design;luxury-master-bedroom-interior-design;luxury-room
epocraftdiy,3,445000,1633,448237,1,house-on-cliff
thejourneyerlife,1,441000,441000,441000,1,luxury-resort
glamorouslyliving,1,439000,439000,439000,1,bedroom-decor
andreaday_travel,2,439000,245950,491900,1,bora-bora-luxury-hotels
mvd.interiordesign,1,438000,438000,438000,1,luxury-interior
tuhin.universe,1,436000,436000,436000,1,cyberpunk-city
m_g_villas,1,436000,436000,436000,1,villa-with-pool
amirsaeedvadie,1,433000,433000,433000,1,impossible-architecture
radixarchitecturaldesignstudio,1,432000,432000,432000,1,tropical-house-architecture-styles
luxvelosity,1,430000,430000,430000,1,luxury-lifestyle
motivtrud,1,429000,429000,429000,1,treehouse
artleove,1,429000,429000,429000,1,architecture-photography
dunsinnan,1,427000,427000,427000,1,cabin
archea.in,1,427000,427000,427000,1,parametric-architecture
anas_meqdadi,3,426000,345000,887000,3,dubai-penthouse;dubai-villa;luxury-villa
rainy__village,1,425000,425000,425000,1,treehouse
mylogcabins,1,425000,425000,425000,2,cozy-cabin;luxury-cabin
vlad.starboy,1,423000,423000,423000,1,monaco
barbarareimelt,1,419000,419000,419000,1,mid-century-modern
nikolaskalantzis_,1,419000,419000,419000,1,mykonos
lucyinthesskyy,1,418000,418000,418000,1,amalfi-coast
queeninspireddesigns,1,417000,417000,417000,1,walk-in-closet
markhmendez,1,417000,417000,417000,1,los-angeles-house
contessasilvana,1,410000,410000,410000,1,quiet-luxury
cozylllusions,1,406000,406000,406000,1,mediterranean-house
thecouturecloset1,1,404000,404000,404000,1,dream-closet
asseldxb07,1,404000,404000,404000,1,modern-luxury-house-interiors
cabinstillwoods,4,403000,224650,862005,2,forest-house;house-in-forest
jamesology_,1,402000,402000,402000,1,quiet-luxury
luxhilspace,3,394000,87700,487632,3,art-deco-interior-design;mid-century-modern;wabi-sabi-japandi-interior-design
cb_loves_interiors_20,1,393000,393000,393000,1,backyard-design
lauracontelhistoire,1,393000,393000,393000,1,dark-academia-home-library
shaman_.shak,1,389000,389000,389000,1,maldives-villa
avalwynhouse,1,389000,389000,389000,1,architecture-photography
promptking_ai,1,388000,388000,388000,1,hotel-room-interior-design-ideas
grupomb_1,1,384000,384000,384000,1,container-home-luxury-models-2026
dubai_luxury_club,1,384000,384000,384000,1,dubai-luxury-penthouse
gmjinterior,2,383000,291000,582000,3,luxury-dining-room;luxury-master-bedroom;luxury-master-bedroom-interior-design
chase_amie,1,383000,383000,383000,1,luxury-closet
esseta_studio,1,383000,383000,383000,1,futuristic-interior
lovelocations,1,382000,382000,382000,1,london-apartment
ioscapes,2,381000,283000,566000,4,ai-generated-architecture-designs;futuristic-architecture;futuristic-architecture-designs-2026;midjourney-architecture
theblackbeecottage,1,380000,380000,380000,1,cottagecore-living-room-design
cloudninecouture,1,379000,379000,379000,2,maldives-resort;maldives-villa
creatoarquitectos,1,377000,377000,377000,3,ai-architecture;ai-generated-architecture-designs;futuristic-architecture-designs-2026
about.archi.ai,1,374000,374000,374000,1,ai-architecture
junkearl,1,374000,374000,374000,1,house-in-the-forest
mrm.blog,1,373000,373000,373000,1,luxury-hotel
theacedesignco,3,372000,181000,657000,3,art-deco-interior-design;luxury-furniture;wabi-sabi-japandi-interior-design
igortermenon,1,372000,372000,372000,1,architecture-photography
luxoraify,3,370000,267000,804000,5,bathroom-design;hotel-bathroom-designs;luxury-bathroom-design;luxury-bathroom-interior-design-inspiration;quiet-luxury-bathroom
karinaross,1,368000,368000,368000,1,quiet-luxury
artedition.studio,1,366000,366000,366000,1,hotel-design
7figurelives,1,366000,366000,366000,2,luxury-life;luxury-lifestyle
vivekajeet,1,365000,365000,365000,1,home-office-design
rc_homess,1,364000,364000,364000,1,luxury-house-tour
corbel_architecture,1,363000,363000,363000,1,tropical-house
vaigaprefab7,1,362000,362000,362000,1,cabins
ivy_corleone,1,361000,361000,361000,2,art-deco-interior-design;minimalist-art-deco-interior-design
nasze_hk31,1,360000,360000,360000,1,house-tour
jenga_leo,1,359000,359000,359000,1,modern-villa
trilliumdomes,1,359000,359000,359000,1,cabin
cozy__cabiin,1,358000,358000,358000,1,house-in-forest
lavenderbrookfarm,1,356000,356000,356000,1,cottagecore-living-room-design
aureon.studi0,1,354000,354000,354000,1,dubai-penthouse
estudiolfarq,2,352000,342000,684000,4,luxury-homes;luxury-mansion;luxury-real-estate-mansion-exterior;ultra-modern-luxury-house-design
modernistgarage,2,352000,203050,406100,2,mid-century-modern;mid-century-modern-living-room-ideas
nesthome.03,3,352000,102000,543800,2,cozy-cabin-in-the-snow;cozy-winter-cabin
tns_realestate_,1,351000,351000,351000,1,luxury-apartment
bests_of_amz,1,348000,348000,348000,1,amazon-home-finds
decoart_designs,1,346000,346000,346000,1,a-frame-modern-cabins
amazinghotel.s,2,345000,343000,686000,2,luxury-resort;santorini-villa
giovanniogliormino,1,345000,345000,345000,1,luxury-resort
queen.olu,1,342000,342000,342000,1,living-room-decor
scandi_uk,1,342000,342000,342000,1,cozy-bedroom-ideas
housebybhatti1,1,341000,341000,341000,1,house-tour
kiran.craft.and.creations,1,341000,341000,341000,1,garden-design
eloiseoverseas,1,341000,341000,341000,1,best-rooftop-pools
studio_mills,1,340000,340000,340000,1,hotel-design
nick.arace,1,338000,338000,338000,3,luxury-mansion;luxury-real-estate-mansion-exterior;mansion-tour
prostohousekyiv,1,338000,338000,338000,1,a-frame-cabin
styledwithjordant,1,338000,338000,338000,1,home-decor
mydreamhome_realtors,1,337000,337000,337000,1,luxury-master-bedroom
cozycabinlife1,2,337000,314500,629000,3,ai-cozy-cabin;cozy-cabin;cozy-cabin-in-the-snow
villaharmonybali,1,332000,332000,332000,1,bali-villa
wheretoeatcharlotte,1,331000,331000,331000,1,glamping-ideas
arjen.richmond,1,330000,330000,330000,1,dubai-luxury-interior-design-trends
renovohaus_1,1,329000,329000,329000,1,modern-house
ant.archviz,2,329000,301500,603000,2,ai-architecture;ai-render
johnnyhilbrant,1,328000,328000,328000,1,aspen
romantic.atlanta,1,327000,327000,327000,1,cabin
raul.marchisio,1,326000,326000,326000,1,monaco
luxury_listings,1,325000,325000,325000,1,malibu-house
collarsandco.travel,1,323000,323000,323000,1,luxury-hotel
rainydaisy5,1,323000,323000,323000,1,cozy-rain
malibuhomesbyizzy,1,322000,322000,322000,1,malibu-house
soft_arch_studio_2206,1,322000,322000,322000,1,organic-modern-kitchen-designs
hardwarerenaissance,1,321000,321000,321000,2,japandi;wabi-sabi-japandi-interior-design
itsmesohaib,2,321000,301000,602000,1,dubai-penthouse
dfmarin,1,320000,320000,320000,1,quiet-luxury
doubletree7s,1,320000,320000,320000,1,treehouse
island.realtor,1,320000,320000,320000,2,future-home;modern-luxury-house-interiors
cata.haus,1,318000,318000,318000,1,mid-century-modern-living-room-ideas
quangquacs,1,315000,315000,315000,1,waterfall-house
yourfantasyhomes,3,313000,24800,352700,3,future-home;future-house;future-houses-2050
tarini.kalingarayar,1,313000,313000,313000,1,luxury-villa-with-pool
baliinteriordesign,2,312000,184700,369400,4,mediterranean-house;tropical-house;tropical-house-architecture-styles;tropical-villa
alta.chinafurniture,1,312000,312000,312000,1,furniture-design
project_ivel,1,311000,311000,311000,1,outdoor-kitchen
explore_home_inspo,3,311000,26100,352700,2,beach-house;mediterranean-house
ojc_concept,1,311000,311000,311000,1,luxury-furniture
montaznekuceadles,1,310000,310000,310000,1,a-frame-modern-cabins
bossiselitetravel,1,310000,310000,310000,1,cook-islands-luxury-resorts
imaginetheinterior,1,310000,310000,310000,1,luxury-kitchen-design
lhasainteriors,1,308000,308000,308000,1,luxury-master-bedroom-interior-design
chic_interiors_by_shante,1,307000,307000,307000,1,home-office-design
s4b_sh,1,306000,306000,306000,1,japandi
mablleinteriors,1,306000,306000,306000,1,wabi-sabi-interior
missvanediva,1,305000,305000,305000,1,luxury-closet
aqp_mountainescape,1,305000,305000,305000,1,a-frame-cabin
whatsupgloriya,1,305000,305000,305000,1,room-makeover
d5officialaccount,1,305000,305000,305000,1,landscape-design-ai
klosetworx,1,303000,303000,303000,1,walk-in-closet
tarekalkhattab,2,302000,278500,557000,2,luxury-dining-room;luxury-master-bedroom
misaliddiard,1,302000,302000,302000,1,coastal-bedroom-design-ideas
royal_interiors_official_,1,301000,301000,301000,1,luxury-room
sam_sharma,1,301000,301000,301000,1,container-home-luxury-models-2026
markonyc,1,300000,300000,300000,2,luxury-penthouse;penthouse-tour
the.archart,1,300000,300000,300000,1,ai-architecture
aaronkirman,1,299000,299000,299000,1,beverly-hills-mansion
calebulf,1,298000,298000,298000,1,luxury-resort
limited.pool,1,298000,298000,298000,1,best-rooftop-pools
sagrace_designs,2,297000,211500,423000,2,mid-century-modern;minimalist-art-deco-interior-design
builderswife,1,296000,296000,296000,1,kitchen-inspiration
peachesanddiesel104,1,293000,293000,293000,1,aspen
mg.archy,1,293000,293000,293000,2,ai-architecture;midjourney-architecture
the.oracle.of.legend,1,291000,291000,291000,1,home-library
yulayeloficial,1,289000,289000,289000,1,tulum
danielseanmaguire,1,287000,287000,287000,2,ai-virtual-staging;virtual-staging
dreamsorcery,1,286000,286000,286000,1,dream-home
saudi.arabia,1,286000,286000,286000,1,saudi-arabia-architecture
container_house_lisa,1,285000,285000,285000,1,container-house
unplugged.rest,1,281000,281000,281000,1,cabins
henriq.arq,1,280000,280000,280000,1,kids-room-design
beyondbespokevillas,2,280000,153150,306300,2,boutique-hotel;tropical-villa
meridas.house,1,279000,279000,279000,1,organic-modern
arch_.rama,1,278000,278000,278000,1,architecture-design
cozynomadstudio,2,278000,153050,306100,2,ai-cozy-cabin;forest-house
voyagefox_,1,278000,278000,278000,1,cook-islands-luxury-resorts
poolvilla.ae,1,277000,277000,277000,1,tropical-villa
corbangroup,1,277000,277000,277000,1,london-apartment
sohansahanigyn,1,277000,277000,277000,1,ai-house-design
manfredvonkoreander,1,276000,276000,276000,1,japandi
anasuazotips,1,275000,275000,275000,1,santorini-villa
thehomestylist__,1,275000,275000,275000,1,interior-styling
nihamahome,1,275000,275000,275000,1,luxury-master-bedroom-interior-design
shotbybrendan_,1,274000,274000,274000,1,dubai-luxury-penthouse
jawakaramaldives,1,270000,270000,270000,2,maldives-resort;maldives-villa
isaacfrench_,2,270000,218000,436000,1,cabins
huisjeopdevloet,1,269000,269000,269000,1,modern-kitchen
thebestmotivation.1x,1,269000,269000,269000,1,luxury-life
ryanmikols,1,269000,269000,269000,1,penthouse-tour
nhcollectiondubaithepalm,1,268000,268000,268000,2,best-rooftop-pools;rooftop-pool
havenhaus_1,1,267000,267000,267000,1,living-room-design
thenature_jb,1,267000,267000,267000,1,swiss-chalet
terencesia,1,267000,267000,267000,2,ai-home-design;ai-interior-designer
ilham_desainrumah,1,267000,267000,267000,1,ai-render
vighnaharta_interiors,1,262000,262000,262000,1,bedroom-design
costa.diamante.realty,1,262000,262000,262000,1,waterfall-house
avanthika.babu,1,261000,261000,261000,1,house-tour
growithrobin,1,261000,261000,261000,1,virtual-staging
andreavanheerden.creative,1,259000,259000,259000,1,desert-house-interior-design-ideas
vital_camp_gmbh,1,259000,259000,259000,1,chalet
traveldamonsway,1,258000,258000,258000,1,luxury-hotel-room
claudia._x0o,1,258000,258000,258000,1,cozy-bedroom-ideas
dubai.captured,1,257000,257000,257000,1,dubai-penthouse
luxlocators,2,256000,144150,288300,3,luxury-apartment;luxury-penthouse;penthouse-tour
ekastudiobysana,1,252000,252000,252000,3,minimalist-art-deco-interior-design;wabi-sabi-interior;wabi-sabi-japandi-interior-design
emilycanham,1,252000,252000,252000,1,london-apartment
alak.shisingh,1,251000,251000,251000,1,interior-design-ideas
c2.atelier,1,250000,250000,250000,1,minimalist-interior
charleeknoxatelier,1,250000,250000,250000,1,art-deco-interior-design
mikayla.deg,1,249000,249000,249000,1,architecture-design
rezatoronto,1,247000,247000,247000,1,luxury-garden
inauguralhomes,1,247000,247000,247000,1,cottagecore-living-room-design
malthousecottage,1,247000,247000,247000,1,cottagecore-living-room-design
villamilanabali,1,247000,247000,247000,1,bali-luxury-villas-with-private-pools
chistol.ella,1,247000,247000,247000,1,arctic-treehouse-hotel-rovaniemi
ourmidwayhome,1,246000,246000,246000,1,organic-modern
aktraveltwo,1,246000,246000,246000,1,tropical-house-architecture-styles
traveltbz,1,246000,246000,246000,1,bali-infinity-pool-villas
beverlyhills.realestate,1,245000,245000,245000,2,beverly-hills-mansion;los-angeles-house
mrspropertyline,1,244000,244000,244000,1,hotel-bathroom-designs
tinabyer,1,243000,243000,243000,1,dark-academia-home-library
spring_floryn,1,242000,242000,242000,1,dream-life
giniawilliams,1,242000,242000,242000,1,dream-kitchens
rashid_manga_tiri,1,240000,240000,240000,1,tropical-house
a_lost_worlds,1,240000,240000,240000,1,house-in-forest
realm.of.rae,1,239000,239000,239000,1,home-library
theveltrix,1,239000,239000,239000,1,future-house
things2exploreinmumbai,1,237000,237000,237000,2,hotel-room-interior-design-ideas;hotel-suite-design-ideas
namanrecommends,1,236000,236000,236000,1,villa-with-pool
charlotte.e.green,1,234000,234000,234000,1,dreamy-walk-in-closet-designs-ideas
kanerenovationspro,1,233000,233000,233000,1,landscape-design
estateluxshoot,1,232000,232000,232000,2,luxury-homes-on-the-amalfi-coast;malibu-house
omerogluinsaatt,1,232000,232000,232000,1,hotel-bathroom-designs
walksauce42_,1,229000,229000,229000,1,aspen
roni_wil,1,228000,228000,228000,1,industrial-interior
nightshade.bh,1,225000,225000,225000,1,luxury-bathroom
kousikamdevelopers,1,224000,224000,224000,1,tropical-house
peachy.mely,1,224000,224000,224000,1,best-rooftop-pools
wolferizorinteriors,2,223000,113934,227868,2,luxury-dining-room;luxury-home-theater-ideas
the_professional_wood_creator,1,222000,222000,222000,1,kitchen-design
coastlinepools_,1,222000,222000,222000,1,luxury-pool
roya93_design,1,220000,220000,220000,1,interior-design-ideas
worldexclusivetravel,1,220000,220000,220000,2,luxury-hotel-suite;luxury-suite
survivalvaults,1,219000,219000,219000,2,inside-underground-bunker-house;underground-house
sagistgroup,1,219000,219000,219000,1,luxury-suite
aakankshapanwarr,1,218000,218000,218000,1,luxury-hotel
archfeed_,1,218000,218000,218000,1,waterfall-house
mycambridgefairytale,1,218000,218000,218000,1,cottagecore-living-room-design
lee__desksetup,1,216000,216000,216000,1,home-office-design
millainmobiliaria,1,216000,216000,216000,1,luxury-villa
dhrh_construction,2,216000,128600,257200,3,beach-house;mediterranean-villa;modern-mediterranean-houses
lilmalvi.design,1,216000,216000,216000,1,ai-interior-designer
essenzyplace,1,215000,215000,215000,1,mid-century-modern
_living.aura,1,215000,215000,215000,1,cabin
theresortscollection,3,215000,58100,321500,3,bora-bora-luxury-hotels;maldives-resort;underwater-hotel
viktoro_ok,1,214000,214000,214000,1,mountain-house
chalet_restaurant_vld,1,214000,214000,214000,1,chalet
glacial_whisper,1,213000,213000,213000,1,waterfall-house
yousef.almehdari,1,213000,213000,213000,1,architecture-photography
studio_mek,1,211000,211000,211000,1,hotel-design
housebeyondthe,1,211000,211000,211000,1,ai-interior
wanderlost_prachi,1,211000,211000,211000,1,luxury-villa-with-pool
firetubs_aust,1,210000,210000,210000,1,glamping-ideas
woodmet.in,1,209000,209000,209000,1,luxury-furniture
bramleyandbear,1,207000,207000,207000,1,outdoor-kitchen
creativecabinsllc,1,207000,207000,207000,1,a-frame-modern-cabins
buildrushdiy,1,207000,207000,207000,1,ai-house-design
swimply,1,206000,206000,206000,1,indoor-pool
nikol.hladek,1,205000,205000,205000,1,kitchen-inspiration
erikaculmer_,1,203000,203000,203000,2,luxury-homes;luxury-real-estate
02xh.o,1,202000,202000,202000,1,japandi
luxurdream,1,202000,202000,202000,1,luxury-life
kristinanevans,1,202000,202000,202000,1,outdoor-living
dream._home_designs,2,202000,195500,391000,2,coastal-bedroom-design-ideas;green-minimalist-interior-design
atelier.karolina,1,200000,200000,200000,1,luxury-bathroom
justvideowalls,1,200000,200000,200000,1,home-theater
purestvintage,1,200000,200000,200000,1,ai-house
oliverbernardprivate,1,200000,200000,200000,1,london-apartment
kenxtori,1,200000,200000,200000,1,bora-bora-luxury-hotels
laurenashleyhansen,1,199000,199000,199000,1,organic-modern
hasselblad,1,198000,198000,198000,1,architecture-photography
lattefueledmonster,1,198000,198000,198000,1,dark-academia-home-library
hotelsguide_,1,197000,197000,197000,1,arctic-treehouse-hotel-rovaniemi
fushuhousedesign,3,196000,146000,418600,3,cottagecore-living-room-design;luxury-apartment-interior-design-ideas-2026;modern-classic-interior-design
flexicube.eu,1,196000,196000,196000,1,container-house
zalabadesign,1,196000,196000,196000,1,futuristic-interior
keyf.alhaal,1,196000,196000,196000,1,saudi-arabia-architecture
nature.tales._by_arjun,1,194000,194000,194000,1,mountain-house
velartyestates,1,194000,194000,194000,1,como-lake-villas
thenightfallgroup,2,193000,115750,231500,2,beverly-hills-mansion;miami-mansion
engr_manish,1,192000,192000,192000,1,modern-house
kapsolutionscorp,1,191000,191000,191000,1,backyard-design
kendra_homedecor,1,191000,191000,191000,2,home-decor;home-decor-ideas
__sensorial_,1,190000,190000,190000,1,desert-house-interior-design-ideas
mazaridevelopments,1,188000,188000,188000,1,tropical-villa
andresnunezarquitectos,1,188000,188000,188000,2,architecture-design;architecture-photography
jakerowleyyy,1,187000,187000,187000,1,luxury-hotel-room
sheivaafshari,1,187000,187000,187000,1,waterfall-house
vizag_talks,1,187000,187000,187000,1,luxury-villa-with-pool
shivani_mistry22,1,186000,186000,186000,1,best-rooftop-pools
elvavillasbali,1,185000,185000,185000,1,bali-villa
noborutravel,1,185000,185000,185000,1,boutique-hotel
oakandorange,1,185000,185000,185000,1,outdoor-living
arch_sana80,1,184000,184000,184000,1,architecture-design
the.homebody.club8,1,182000,182000,182000,1,neoclassical-interior
missgloriac,1,181000,181000,181000,1,beverly-hills-mansion
casatropicaltulum,1,180000,180000,180000,1,tropical-villa
ak._.furnitures,1,180000,180000,180000,1,furniture-design
alexander_zakharin,1,179000,179000,179000,1,penthouse-tour
casasforsale,1,178000,178000,178000,1,luxury-real-estate-mansion-exterior
relaxinoffgrid,3,177000,79100,295100,4,cozy-cabin-in-the-snow;cozy-winter-cabin;glass-house;luxury-cabin
thecubeshape,1,176000,176000,176000,2,modern-classic-interior-design;neoclassical-interior
parametric.architecture,2,176000,147500,295000,2,impossible-architecture;midjourney-architecture
tiny.homees,1,176000,176000,176000,1,cozy-cabin
theavenuehotel_,1,176000,176000,176000,1,luxury-hotel-suite
andreavetrano,2,175000,157000,314000,2,luxury-hotel-suite;luxury-suite
rq.concepts,1,174000,174000,174000,1,tropical-house-architecture-styles
homesandgardensofficial,1,172000,172000,172000,1,home-library
lauraingraham,1,169000,169000,169000,1,aspen
hosambaghdady,1,169000,169000,169000,1,ai-generated-architecture-designs
ojs_,1,168000,168000,168000,1,luxury-hotel-room
iamsarahharris,1,168000,168000,168000,1,arctic-treehouse-hotel-rovaniemi
sucy_dome_house_factory,1,167000,167000,167000,1,glass-house
thebaliexpert,1,167000,167000,167000,3,bali-infinity-pool-villas;bali-luxury-villas-with-private-pools;bali-villa
theyoungvillas,1,167000,167000,167000,1,bali-villa
architects_need,1,167000,167000,167000,1,ai-render
d_design.studio._,1,165000,165000,165000,1,rooftop-terrace
panneauhomedecor,1,165000,165000,165000,1,green-minimalist-interior-design
isabella.aroundtheworld,1,164000,164000,164000,1,lake-como-villa
karlahomestyle,1,164000,164000,164000,1,outdoor-living
balihomeimmo,1,163000,163000,163000,1,tropical-villa
tamanna9147,1,163000,163000,163000,1,rooftop-pool
dezo_interior,1,161000,161000,161000,3,luxury-bedroom-design;luxury-master-bedroom;luxury-master-bedroom-interior-design
francescobeggio,1,161000,161000,161000,1,architecture-photography
natureexplorers.pk,1,161000,161000,161000,1,hunza-valley-luxury-resorts
joinfirstchair,2,160000,104000,208000,2,green-minimalist-interior-design;wabi-sabi-japandi-interior-design
muhammad_azhar_official,1,159000,159000,159000,1,architecture-design
absolookid,1,158000,158000,158000,1,wabi-sabi-interior
villa.eyla,1,157000,157000,157000,1,bali-villa
treelagao_2,1,157000,157000,157000,1,landscape-design
modernconstructiondiy,1,157000,157000,157000,1,landscape-design
mike.osin,1,157000,157000,157000,1,futuristic-architecture-designs-2026
remodel_design_,3,156000,73700,272200,3,futuristic-interior;luxury-room;waterfall-house
the.nuance.studio,1,156000,156000,156000,1,parametric-architecture
lumispace.ai,1,156000,156000,156000,1,dreamy-walk-in-closet-designs-ideas
fahedz90,1,154000,154000,154000,1,luxury-suite
kuchecucina,2,153000,108400,216800,2,luxury-kitchen;walk-in-closet
pergola_uae,1,153000,153000,153000,2,glass-house;glass-house-photos
romesignature,1,153000,153000,153000,1,dream-kitchens
casaversacedxb,1,152000,152000,152000,2,mediterranean-villa;modern-mediterranean-houses
fincadelicaibiza,1,152000,152000,152000,2,ibiza-luxury-villas-sea-view;ibiza-villa
romania,1,152000,152000,152000,1,cozy-cabin-in-the-snow
darkhomes,1,151000,151000,151000,2,glass-house;house-in-forest
wellnesstravelled,1,151000,151000,151000,1,best-rooftop-pools
jess.wandering,1,150000,150000,150000,1,treehouse-hotel
naturediariesvideos,1,150000,150000,150000,2,cozy-rain;rain-cozy
thesmittencollective,1,150000,150000,150000,1,outdoor-living
lifeofblahhh,2,150000,87700,175400,2,art-deco-interior-design;minimalist-art-deco-interior-design
chase.the.rainbows,1,149000,149000,149000,1,cook-islands-luxury-resorts
envypoolsaz,1,148000,148000,148000,1,luxury-pool
invisible.mumbaikar,1,148000,148000,148000,1,villa-with-pool
pocketathome,1,147000,147000,147000,1,home-office-design
briarandlinen,2,147000,76989,153978,2,modern-classic-interior-design;quiet-luxury-bathroom
dream_homeworld,2,147000,78500,157000,2,ai-house;cozy-cabin
diy_craft_restore,1,147000,147000,147000,1,garden-design
alexiarogoz,1,146000,146000,146000,1,maldives-villa
soldbymarkz,1,146000,146000,146000,1,real-estate
mkbbespokeaudio,1,146000,146000,146000,1,luxury-home-theater-ideas
minimal_architectures,1,145000,145000,145000,1,modern-house
ambiancehometv,1,145000,145000,145000,1,rain-cozy
andrew.design_lab,1,144000,144000,144000,1,futuristic-architecture
poles_gypsum_designe,1,144000,144000,144000,1,luxury-master-bedroom-interior-design
henry129841,1,143000,143000,143000,1,capsule-castle-luxury-space-capsule-houses
rehanbabarofficial,1,143000,143000,143000,1,hunza-valley-luxury-resorts
behome_factorydirect,1,142000,142000,142000,1,biophilic-bedroom-design
harvardbrookcabins,1,142000,142000,142000,1,cabins
staydinedo,1,142000,142000,142000,1,bora-bora-luxury-hotels
avenue_home_decor,1,141000,141000,141000,2,luxury-kitchen;luxury-kitchen-design
abdullah_home980,1,141000,141000,141000,1,dream-house-design
thetenderline,2,139000,116550,233100,2,art-deco-interior-design;minimalist-art-deco-interior-design
benjamin.little_,1,139000,139000,139000,1,unique-airbnb
casa.curutchet,1,139000,139000,139000,1,architecture-photography
hussein_talaei,1,138000,138000,138000,1,hotel-room-interior-design-ideas
trillionaireestates,3,138000,80700,270400,3,futuristic-home;luxury-homes-on-the-amalfi-coast;saudi-arabia-architecture
visitibz,2,136000,111700,223400,2,ibiza-luxury-villas-sea-view;ibiza-villa
brittnietravellerdesign,1,135000,135000,135000,1,luxury-bathroom
cassandralm,1,135000,135000,135000,2,dark-academia-home-library;home-library
paradeofhomesig,1,133000,133000,133000,1,house-tour
melika_realtor,1,133000,133000,133000,1,dubai-villa
volcanicbuildx,2,133000,74500,149000,2,ai-generated-house;inside-underground-bunker-house
ai.metaverse.cr,1,133000,133000,133000,1,midjourney-architecture
farrioutdoor,1,133000,133000,133000,1,glamping-ideas
felifam_worldwide,1,132000,132000,132000,1,kids-room-design
houseaddictive,1,132000,132000,132000,1,luxury-homes
ridhi.khosla.jalan,1,132000,132000,132000,1,penthouse-tour
modulex.s.a,1,131000,131000,131000,1,a-frame-modern-cabins
zeynep.yalmann,1,130000,130000,130000,1,japandi-serenity-bedroom-design-ideas
mrphoenixgrey,1,128000,128000,128000,1,interior-design-ideas
arch.ahmedsamy,1,128000,128000,128000,1,modern-house
archpro.live,1,127000,127000,127000,1,tropical-house
jerrymco,1,127000,127000,127000,1,monaco
sapphireluxuryhomes,3,127000,85900,253200,4,dreamy-walk-in-closet-designs-ideas;jamesedition-luxury-homes;luxury-closet;luxury-modern-beautiful-house
luiscasanovasmg,1,126000,126000,126000,1,ibiza-villa
cabinborn,1,126000,126000,126000,1,forest-house
aleshaspov,1,125000,125000,125000,1,home-decor
purrubykushagraa,1,124000,124000,124000,1,rooftop-terrace
beautyofhouses,1,124000,124000,124000,1,ai-generated-house
theeverydayfinds_co,1,124000,124000,124000,1,dream-kitchens
start.design__,1,124000,124000,124000,1,luxury-apartment-interior-design-ideas-2026
casa.mees,1,123000,123000,123000,1,japandi
impianbali,1,123000,123000,123000,1,mediterranean-villa
settaarquitetura,1,123000,123000,123000,1,a-frame-cabin
lukashubik,1,123000,123000,123000,1,bali-villa
vivirdesign,1,123000,123000,123000,1,scandinavian-interior-design-styles
pahome_cabinet,1,122000,122000,122000,1,dreamy-walk-in-closet-designs-ideas
thesill,1,121000,121000,121000,1,biophilic-design
asfavlogs,1,121000,121000,121000,1,luxury-villa-with-pool
burkhartinteriors,1,120000,120000,120000,2,mediterranean-house;mediterranean-villa
catharinaelisabethx,1,120000,120000,120000,1,luxury-hotel
melissamaedesign,1,120000,120000,120000,1,organic-modern-kitchen-designs
buildenza_,1,118000,118000,118000,1,desert-house
ayshastories_,1,117000,117000,117000,1,room-makeover
abbou._design,1,116000,116000,116000,1,dubai-luxury-interior-design-trends
modernhousedesign918,1,116000,116000,116000,1,dream-house-design
auramodernhome,1,115000,115000,115000,1,modern-classic-interior-design
waterfrontmuskoka,1,115000,115000,115000,1,lake-house
nada.alyahia,1,114000,114000,114000,1,neoclassical-interior
kikis_interiors,1,114000,114000,114000,1,luxury-bedroom-design
kainos_architecture,2,113000,58952,117904,2,architecture-photography;futuristic-architecture-designs-2026
all_50_states_and_beyond,1,112000,112000,112000,1,lake-house
autorender.ai,1,112000,112000,112000,1,ai-render
nidamakesart,1,112000,112000,112000,1,room-makeover
worldwideinteriors,1,111000,111000,111000,1,luxury-home-theater-ideas
healingcotton,1,111000,111000,111000,1,rain-sounds
atelier.chatvolant,1,110000,110000,110000,1,tropical-house-architecture-styles
rivieravoltaclub,1,110000,110000,110000,1,luxury-hotel-suite
diybuild_lab,1,109000,109000,109000,1,glass-house
lakehousebomoseen,1,109000,109000,109000,1,lake-house
sherricalnanhome,1,109000,109000,109000,1,coastal-bedroom-design-ideas
joegpacetti,1,108000,108000,108000,1,aspen
amandawayburgess,1,107000,107000,107000,1,home-office-design
desrosiersarchitects,1,107000,107000,107000,2,luxury-house-tour;luxury-villa
thezaisers,1,107000,107000,107000,1,maldives-resort
urvashirampariya,1,107000,107000,107000,1,maldives-resort
hamsa.hotel,1,107000,107000,107000,1,boutique-hotel
mstayglobal,1,107000,107000,107000,1,luxury-suite
ariellahorowitzdesigngroup,1,106000,106000,106000,2,luxury-bathroom;luxury-bathroom-interior-design-inspiration
yourpropertysisters.dubaj,1,106000,106000,106000,2,dubai-villa;luxury-villa
sens_of_home,1,106000,106000,106000,1,cottagecore-living-room-design
sistersinterioruae,1,105000,105000,105000,1,biophilic-bedroom-design
aniframe_art,1,104000,104000,104000,1,ai-art
cityhousefurnitureshop,1,104000,104000,104000,1,luxury-furniture
shykh_fareed1025,1,103000,103000,103000,1,luxury-room
designboom,1,103000,103000,103000,1,faroe-islands-luxury-villas
earthlyexplorer01,1,102000,102000,102000,1,cozy-room
insideno8x,1,101000,101000,101000,1,luxury-kitchen
vironhomes,1,101000,101000,101000,1,a-frame-cabin
naira_interior_official,1,100000,100000,100000,1,luxury-bathroom-interior-design-inspiration
trending_pondicherry,1,100000,100000,100000,1,luxury-villa-with-pool
bymichellelei,1,99600,99600,99600,1,dream-kitchen
builtforkeeps,1,99100,99100,99100,2,japandi-serenity-bedroom-design-ideas;wabi-sabi-japandi-interior-design
dejan.tolmac,1,98900,98900,98900,1,penthouse-tour
ahmadprops,1,98400,98400,98400,1,luxury-room
interiordesign.addicts,2,96700,77900,155800,3,ai-house-design;ai-interior;industrial-interior
melissavaupel.estates,1,96600,96600,96600,1,walk-in-closet
cvmlux,1,96100,96100,96100,2,houses-on-malibu-beach;malibu-house
studionauma,1,95700,95700,95700,2,art-deco-interior-design;mid-century-modern
vev_jardinagem,1,95200,95200,95200,1,garden-design
standbywithadrie,1,95200,95200,95200,1,bali-luxury-villas-with-private-pools
perfect_decorss,3,95000,20100,129400,3,dream-bedroom;dream-bedrooms;dream-room
jakebuiltit,1,94900,94900,94900,1,modern-mediterranean-houses
adridiaries_,1,94800,94800,94800,1,cozy-room
switzerland.explores,1,94700,94700,94700,1,swiss-chalet
shaehitassawur,1,94400,94400,94400,1,hotel-design
dreamxvoyager,1,94000,94000,94000,1,future-houses-2050
semmzk,1,92300,92300,92300,1,luxury-hotel
indoriorrenovation,1,92300,92300,92300,1,luxury-bathroom-interior-design-inspiration
eunique_furnitureng,1,91700,91700,91700,1,walk-in-closet
millionairemotives2025,1,91200,91200,91200,1,luxury-lifestyle
habitat.tokyo27,1,91100,91100,91100,1,tokyo-apartment
earcandy.ca,1,90600,90600,90600,1,beach-house
balcony_decorators,1,90300,90300,90300,1,rooftop-terrace
toolandtea,1,90100,90100,90100,1,japandi
aleksandrazee,1,89800,89800,89800,1,desert-house-interior-design-ideas
heartwantstravel,1,89400,89400,89400,1,maldives-resort
hellohayleyblog,1,89300,89300,89300,1,house-in-forest
theunrealatlas,1,88800,88800,88800,1,ai-architecture
_dreamworldai_,1,87600,87600,87600,1,ai-house
camxpetra,1,87400,87400,87400,1,home-theater
archprojectt,1,87400,87400,87400,1,modern-house
beetrootandblack,1,87100,87100,87100,1,house-tour
home_automation_panipat,1,86000,86000,86000,1,home-theater
komalch_7,1,86000,86000,86000,1,room-makeover
travelhunterlk,1,85900,85900,85900,1,santorini-villa
travelwithtalia,1,85600,85600,85600,1,unique-airbnb
lonestarlandscapetx,1,85300,85300,85300,1,backyard-design
arc_dezine,1,84900,84900,84900,1,architecture-design
aarman.decor,1,84800,84800,84800,1,dream-bedroom-decor-ideas
muttimo_kids,1,84400,84400,84400,1,kids-room-design
homeaiapp,2,84200,79600,159200,2,desert-house-interior-design-ideas;minimalist-interior
articture,1,84100,84100,84100,2,luxury-homes;modern-luxury-house-interiors
dannydhas,1,84100,84100,84100,1,luxury-house-tour
hotelnakshtraresidency,1,82700,82700,82700,2,hotel-suite-design-ideas;luxury-hotel-room
domnamakowej,1,82600,82600,82600,1,dream-bedroom-decor-ideas
cozy_winter_homes,2,82000,59600,119200,2,cozy-cabin;cozy-cabin-in-the-snow
astraluxestudio,1,81900,81900,81900,1,art-deco-interior-design
mycanvashome,1,81600,81600,81600,1,coastal-bedroom-design-ideas
glowwithgauriii,1,81400,81400,81400,1,room-makeover
saifi_shab28,1,81300,81300,81300,1,luxury-room
wayfareralivia,1,81200,81200,81200,1,marrakech-riad
adziran,1,80700,80700,80700,1,luxury-furniture
the_morsia_home,1,79100,79100,79100,1,indoor-pool
theglasshousetxfarmhouseblooms,1,78900,78900,78900,1,glass-house
homesofceleb,1,78900,78900,78900,1,aspen
loyalconstructionga,1,78800,78800,78800,1,organic-modern
tiny.housees,1,78300,78300,78300,1,lake-house
amandabdelrazzaq,1,78000,78000,78000,1,ai-interior-design
titanichotel_novkhani,1,77900,77900,77900,1,luxury-hotel-suite
relaxationescapism,1,77200,77200,77200,1,future-houses-2050
propertypromohali,1,76400,76400,76400,3,dream-home;dream-house;dream-house-design
i.qoi,1,75900,75900,75900,1,dubai-luxury
joseoliveirafilms,1,75600,75600,75600,1,real-estate
kathy_schaefer,1,75500,75500,75500,1,dark-academia-home-library
myluxury_furnituretx,1,75400,75400,75400,1,luxury-furniture
build.and.believe,1,75200,75200,75200,1,hotel-design
baccarathotels,1,75000,75000,75000,1,luxury-suite
architecturenow,1,74800,74800,74800,1,impossible-architecture
cozycolorfiles,1,74100,74100,74100,1,ai-cozy-cabin
selvahamidovic,1,74100,74100,74100,1,luxury-modern-beautiful-house
grantjbates,1,73200,73200,73200,1,london-apartment
harebell_grove,1,73100,73100,73100,1,home-office-design
neeva.homes,1,72900,72900,72900,1,organic-modern-kitchen-designs
interior_home_design1,8,72100,27500,261000,10,ai-house;ai-house-design;ai-interior;ai-interior-design;cliff-house;desert-modern-house-tours;future-home;futuristic-architecture;futuristic-home;futuristic-house
im_rikul_,1,72100,72100,72100,1,faroe-islands-luxury-villas
brainyblueprints,1,72000,72000,72000,1,mediterranean-house
mad_traveller_by_titus,1,71900,71900,71900,1,villa-with-pool
deirdres_design,4,71700,26650,146900,6,dream-closet;dream-kitchen;luxury-kitchen-design;luxury-living-room;luxury-living-room-design;modern-classic-interior-design
the.ryanexperience,1,71100,71100,71100,1,boutique-hotel
sv_hometheatre,1,70700,70700,70700,1,luxury-home-theater-ideas
wellbee_travels,1,69900,69900,69900,1,luxury-villa-with-pool
rekha_interiors,1,69800,69800,69800,1,kids-room-design
artemarmolcol,1,69500,69500,69500,2,dreamy-walk-in-closet-designs-ideas;walk-in-closet
casa_keylead,1,69400,69400,69400,1,los-angeles-house
worldtravelfox,1,69400,69400,69400,1,cook-islands-luxury-resorts
hoxtonhotels,1,68700,68700,68700,1,hotel-suite-design-ideas
capsulex_home,1,68500,68500,68500,1,capsule-castle-luxury-space-capsule-houses
newcozyhomedesign5,1,68400,68400,68400,1,jamesedition-luxury-homes
dimension.xy,2,68200,68200,136400,2,luxury-modern-beautiful-house;modern-villa
houses_stars_,1,67900,67900,67900,1,luxury-house
aytanabbasli,1,67700,67700,67700,1,london-apartment
rockwellproperty,1,67600,67600,67600,1,london-apartment
starryhomestead,1,67200,67200,67200,1,wabi-sabi-interior
themaldivescollection,1,67000,67000,67000,1,maldives-resort
housinginfo,1,66300,66300,66300,1,cottagecore-living-room-design
neatmethod,1,66100,66100,66100,1,dream-closet
hudnallshideout,1,65600,65600,65600,1,treehouse-hotel
dev3d3012,1,64100,64100,64100,1,quiet-luxury-bathroom
the_karighars,1,63900,63900,63900,1,luxury-dining-room
explorewithmia_,1,63900,63900,63900,1,underwater-hotel
suyash_diplomat,1,63600,63600,63600,1,swiss-chalet
sbidawards,1,63600,63600,63600,1,hotel-design
futurehomesdaily,1,63300,63300,63300,2,luxury-house-tour;mansion-tour
top_1_pers,1,63200,63200,63200,1,future-houses-2050
forestlife06,1,63200,63200,63200,1,forest-house
efetopcuarchitecture,1,62500,62500,62500,1,parametric-architecture
supreme_homes_dha,1,62400,62400,62400,1,luxury-home-theater-ideas
jessicaannereed,1,62200,62200,62200,1,organic-modern
aesthetic_aicontent,1,62200,62200,62200,1,cozy-cabin
dream.scapenatureai,1,61800,61800,61800,1,beach-house
roisai_ai,1,61600,61600,61600,1,ai-art
lana7amdan,1,61300,61300,61300,1,ai-render
meirr,1,60800,60800,60800,1,luxury-cabin
classyibiza,2,60200,49050,98100,2,ibiza-luxury-villas-sea-view;ibiza-villa
tnt_interiors,1,59700,59700,59700,1,kids-room-design
theroomedit007,2,59300,30207,60414,2,biophilic-design;house-on-cliff
liolaliola,1,59200,59200,59200,1,beach-house
windowsandwoods,1,59200,59200,59200,1,outdoor-living
cozyhome0.3,1,59100,59100,59100,1,cozy-cabin
virtuosoltd,1,58400,58400,58400,1,luxury-hotel
seputargumelar,1,58400,58400,58400,1,rain-sounds
capsulecastleyfl,1,58100,58100,58100,1,capsule-castle-luxury-space-capsule-houses
studio.lux.interiors,1,57800,57800,57800,1,interior-styling
street_worksltd,1,57400,57400,57400,1,a-frame-cabin
shltr,3,57200,55400,166000,3,indoor-pool;mediterranean-house;underwater-hotel
tinkerbelltik,1,57000,57000,57000,1,rooftop-pool
wishcraft_africa,1,56900,56900,56900,1,hotel-design
at_the_barkers,1,56600,56600,56600,1,hotel-suite-design-ideas
zenqarchitecture,1,56300,56300,56300,2,luxury-apartment;luxury-apartment-interior-design-ideas-2026
thebillionaire_vibe_,1,55800,55800,55800,1,luxury-mansion
keylead_media,1,55600,55600,55600,1,underground-house
nairobi___spaces,1,55500,55500,55500,1,best-rooftop-pools
ehousing.jp,1,54800,54800,54800,1,tokyo-apartment
chennai_ecrvilla,1,54500,54500,54500,1,luxury-villa-with-pool
tropicallifemagazine,1,53700,53700,53700,1,bali-infinity-pool-villas
iamsaqibmanzoor,1,53500,53500,53500,1,mountain-house
scifiscapes,1,53200,53200,53200,1,futuristic-architecture
iwouldstaythere,1,53200,53200,53200,1,bali-luxury-villas-with-private-pools
suren.space,1,53000,53000,53000,1,biophilic-bedroom-design
nstudiainteriors,1,52900,52900,52900,1,luxury-bathroom-design
aluminium_glass_design,1,52400,52400,52400,1,rooftop-terrace
homebunch,1,52100,52100,52100,1,organic-modern-kitchen-designs
visual.aset,1,52000,52000,52000,1,desert-house
buondesign.az,1,51900,51900,51900,2,minimalist-art-deco-interior-design;neoclassical-interior
travel_moroccan,1,51700,51700,51700,1,marrakech-riad
therealtonyspriggs,1,51500,51500,51500,1,lake-house
hemby.capital,1,51500,51500,51500,1,dubai-penthouse
pristinelandscapesinc,1,51300,51300,51300,1,luxury-garden
herlinmill,1,51200,51200,51200,1,rain-sounds
aadhunik.estates,1,50900,50900,50900,1,luxury-apartment
luxuryworldtraveler,1,50800,50800,50800,1,underwater-hotel
homewithmichiii,1,50500,50500,50500,1,cozy-bedroom-ideas
ecooutdoor,1,50400,50400,50400,3,desert-house;desert-house-interior-design-ideas;desert-modern-house-tours
conceptual_interior_studio,1,50300,50300,50300,1,kids-room-design
pooneh.abbaszadeh,1,50000,50000,50000,2,modern-classic-interior-design;neoclassical-interior
niceplacela,1,50000,50000,50000,2,houses-on-malibu-beach;malibu-house
airwaveav,1,49900,49900,49900,1,home-theater
nainitalinterior,1,49700,49700,49700,1,kids-room-design
respinahotel,1,49700,49700,49700,1,hotel-design
katefulller,1,49500,49500,49500,1,coastal-bedroom-design-ideas
thewhitethistle,1,49300,49300,49300,1,glamping-ideas
arihantpaintindustries,1,48900,48900,48900,1,ai-home-design
mozhgan_arch,1,48600,48600,48600,1,industrial-interior
tacticallyprepped,1,48500,48500,48500,2,inside-underground-bunker-house;underground-house
shelbychurch,1,48300,48300,48300,1,los-angeles-house
aluxuryinterior,1,47800,47800,47800,1,luxury-interior-design
lisahuhome,1,47600,47600,47600,1,scandinavian-interior-design
brutalistbrunch,1,47600,47600,47600,1,boutique-hotel
vifa.dekorasi,1,47600,47600,47600,1,japandi-serenity-bedroom-design-ideas
decorworld_interiorsolution,1,47300,47300,47300,2,dream-kitchen;luxury-kitchen-design
nestledstays,1,47100,47100,47100,1,lake-house
newyorkcity4all,1,46500,46500,46500,1,best-rooftop-pools
lifetime_interior_design,2,46400,32550,65100,3,luxury-living-room;luxury-living-room-design;luxury-real-estate-mansion-exterior
columbine_cornwebb,1,46300,46300,46300,1,mykonos
mariela.goldfarb,1,46100,46100,46100,1,green-minimalist-interior-design
paigunna,1,45700,45700,45700,1,overwater-villa
designopolis_,1,45700,45700,45700,1,ai-generated-architecture-designs
tatlondono,1,45400,45400,45400,1,real-estate
themillionaires_mindset,2,45200,39700,79400,2,future-house;mansion-tour
esoarch,1,44900,44900,44900,2,ai-generated-architecture-designs;midjourney-architecture
luxuife,1,44800,44800,44800,1,luxury-life
vitrinedamorati,1,44800,44800,44800,1,industrial-chic-interior-design
ayesha_realtor1122,1,44600,44600,44600,1,dubai-villa
maldivesluxury_escape,1,44600,44600,44600,1,maldives-resort
katevera.creative,1,44600,44600,44600,1,ai-interior-design
alpine_manor,1,44500,44500,44500,1,desert-modern-house-tours
baltik_barn,1,44300,44300,44300,1,container-home-luxury-models-2026
myauraview,1,44200,44200,44200,1,quiet-luxury
livinglesh,1,44000,44000,44000,1,boutique-hotel
nelsongonzalezmiami,1,43900,43900,43900,1,miami-mansion
dwell.scape,1,43900,43900,43900,1,future-houses-2050
visitors_saudi,1,43800,43800,43800,1,saudi-arabia-architecture
malik_the_realtor,1,43700,43700,43700,1,luxury-master-bedroom
amnova_2,1,43500,43500,43500,1,desert-house
billandbryanteam,1,43400,43400,43400,1,miami-mansion
warntv,1,43100,43100,43100,1,aspen
vizcept,1,42200,42200,42200,1,santorini-villa
crownscape_official,1,42000,42000,42000,1,waterfall-house
shilanyas_architects,1,41800,41800,41800,2,hotel-room-interior-design-ideas;hotel-suite-design-ideas
little_dreamy_mist,2,41500,25900,51800,3,ai-cozy-cabin;cozy-bedroom-ideas;cozy-cabin-in-the-snow
mccleandesign,2,41400,32250,64500,2,beverly-hills-mansion;los-angeles-house
nkey.architects,1,41400,41400,41400,1,dubai-luxury-interior-design-trends
casaardolino,1,41200,41200,41200,1,dark-academia-home-library
container_home_designs,1,40500,40500,40500,1,desert-house
aman.shai.xox,1,40500,40500,40500,1,como-lake-villas
zayns.visual,1,40400,40400,40400,1,ai-house
than.beb,1,39900,39900,39900,1,desert-house
hiking.croatia,1,39800,39800,39800,1,mountain-house
eng.osamaabbad.id,1,39700,39700,39700,1,modern-mediterranean-houses
thecasaserrano,1,39600,39600,39600,1,industrial-chic-interior-design
successvisi0n,1,39500,39500,39500,1,future-house
nest.italy,1,39500,39500,39500,1,luxury-homes-on-the-amalfi-coast
ceosayavethinteriors_and_hotel,1,39400,39400,39400,1,luxury-hotel-suite
jumimedia,1,39300,39300,39300,1,arctic-treehouse-hotel-rovaniemi
chandigarh_luxury_house,1,38400,38400,38400,1,luxury-bedroom-design
hiddenpinescabins,1,38300,38300,38300,1,luxury-cabin
sawsanhaber,1,38000,38000,38000,1,dubai-luxury-interior-design-trends
anthonylopez.rd,1,37700,37700,37700,1,beach-house
earth_esence,2,37600,34300,68600,3,glass-house;glass-house-photos;mountain-house
suns.lifestyle,1,37400,37400,37400,1,outdoor-kitchen
bazaa.interiors,1,37400,37400,37400,1,industrial-chic-interior-design
breakbali,1,37100,37100,37100,1,bali-villa
edlyngnzlv,1,37000,37000,37000,1,house-tour
beautyofinteriors,1,36600,36600,36600,3,luxury-apartment-interior-design-ideas-2026;luxury-interior;modern-luxury-house-interiors
arquitetodebolso,1,36400,36400,36400,1,industrial-chic-interior-design
mr.vilensky,1,36400,36400,36400,1,desert-modern-house-tours
black_diamond_tirana,1,36400,36400,36400,1,luxury-hotel-suite
cypressbuildingsolution,1,36200,36200,36200,1,rooftop-terrace
alexandratravellover,1,36100,36100,36100,2,como-lake-villas;lake-como-villa
bespokehomecinemas,1,35900,35900,35900,1,home-theater
dubailuxuryvibes,1,35800,35800,35800,1,luxury-bedroom
cozy.nook10,1,35800,35800,35800,1,future-home
bellavita.italia,1,35700,35700,35700,1,luxury-homes-on-the-amalfi-coast
mi.mi.okinawa,1,35700,35700,35700,1,glass-house-in-forest
enrriquesdesign,1,35500,35500,35500,1,ai-render
ai_dream_life_1,1,35000,35000,35000,1,ai-house
bae.interiors,1,35000,35000,35000,1,luxury-apartment-interior-design-ideas-2026
_brooklyn_22,1,34900,34900,34900,1,dream-closet
ringchen.aesthetics.gallery,1,34800,34800,34800,1,luxury-furniture
wabisabiqiaozhuo,1,34600,34600,34600,1,wabi-sabi-japandi-interior-design
resortstv,1,34300,34300,34300,1,luxury-resort
aframedaily,1,34200,34200,34200,2,a-frame-cabin;a-frame-modern-cabins
nature_cozy_vibe,2,34200,24400,48800,5,cliff-house;forest-house;glass-house;glass-house-photos;house-in-the-forest
clearcreekcollective,2,33900,30000,60000,3,organic-modern;scandinavian-interior-design;scandinavian-interior-design-styles
konars.design,1,33900,33900,33900,2,futuristic-house;futuristic-houses
mactechconstructions,1,33600,33600,33600,1,rooftop-pool
chaletworldwide,1,33600,33600,33600,1,bali-infinity-pool-villas
aura_interiordesigns,1,33500,33500,33500,1,hotel-room-interior-design-ideas
deqoa_,1,33200,33200,33200,1,minimalist-interior
aggil_furniture,1,33200,33200,33200,1,luxury-furniture
realms_group,1,33100,33100,33100,1,best-rooftop-pools
world_manor,1,32900,32900,32900,1,luxury-master-bedroom
glasshouseabuja,1,32900,32900,32900,1,glass-house
taikinishimuraaaa,1,32900,32900,32900,1,tokyo-apartment
bunnings,1,32700,32700,32700,1,glamping-ideas
onezerostudio.in,1,32400,32400,32400,2,luxury-bathroom-interior-design-inspiration;quiet-luxury-bathroom
theluxurylaunch,1,32300,32300,32300,2,luxury-house;ultra-modern-luxury-house-design
mestre.das.piscinas,1,32200,32200,32200,1,infinity-pools
fullonshreya,1,32100,32100,32100,1,interior-styling
shellsdxb,1,32000,32000,32000,2,hotel-suite-design-ideas;luxury-hotel-room
meraz_king_house,1,32000,32000,32000,1,dream-house-design
dreamfibre,1,31900,31900,31900,1,surreal-architecture
bookstack_and_lattes,1,31800,31800,31800,1,home-library
our.chitecture,1,31800,31800,31800,1,wabi-sabi-interior
kristenbridger_interiors,1,31700,31700,31700,1,coastal-bedroom-design-ideas
vojtek_morsztyn,3,31500,31500,31500,3,forest-house;glass-house-photos;waterfall-house
the._cozynook,1,31500,31500,31500,1,cozy-room
the_bbq_store,1,31300,31300,31300,1,outdoor-kitchen
sandymakessense,1,31300,31300,31300,1,unique-airbnb
latigavilla,1,31300,31300,31300,1,villa-with-pool
talallabluebeachvilla,1,31100,31100,31100,1,santorini-villa
wander,1,31100,31100,31100,1,houses-on-malibu-beach
siddhijagtap___,1,31100,31100,31100,1,villa-with-pool
keirashomecollective,1,30900,30900,30900,1,organic-modern
designandcurations,1,30600,30600,30600,1,home-office-design
buttercreme.home,1,30400,30400,30400,1,minimalist-interior
mbasirrahmani,1,30400,30400,30400,1,futuristic-architecture-designs-2026
stylewithsanaz,1,30300,30300,30300,1,luxury-home-theater-ideas
danavillas.infinitysuites,1,30200,30200,30200,1,santorini-villa
skarduvalley,1,30100,30100,30100,1,hunza-valley-luxury-resorts
velvet_scenes,1,29900,29900,29900,1,future-house
tinyhouse__inspiration,1,29800,29800,29800,3,ai-generated-house;ai-house;ai-house-design
ene_builders_,1,29100,29100,29100,1,mediterranean-house
malyar.am_decor,1,29000,29000,29000,1,neoclassical-interior
feelingofluxury,1,28500,28500,28500,1,dubai-penthouse
the_build_up_m2l,1,28300,28300,28300,1,luxury-real-estate-mansion-exterior
jaan.boutiquehotel,1,28200,28200,28200,1,boutique-hotel
aruhrealestate,1,27900,27900,27900,1,tropical-house
meta_animate,1,27900,27900,27900,1,futuristic-interior
jaeomardesign,1,27900,27900,27900,1,malibu-house
cabinvision,1,27900,27900,27900,1,overwater-villa
step_designfirm,2,27800,17518,35036,2,hotel-suite-design-ideas;luxury-master-bedroom-interior-design
alayanaarchitects,1,27700,27700,27700,1,home-decor-ideas
rich_inrealestate,1,27700,27700,27700,1,los-angeles-house
pbs,1,27500,27500,27500,1,aspen
creativitysarahs,1,27500,27500,27500,2,biophilic-bedroom-design;japandi-serenity-bedroom-design-ideas
aspenideas,1,27400,27400,27400,1,aspen
jkconstruction.28,1,27400,27400,27400,1,biophilic-bedroom-design
studio_tigha,1,27200,27200,27200,1,desert-house-interior-design-ideas
shabbu_furniture_art,1,27100,27100,27100,1,rooftop-pool
blivilla.bali,1,27100,27100,27100,1,bali-villa
cookislands,1,27100,27100,27100,1,cook-islands-luxury-resorts
surnameplease,1,26900,26900,26900,2,luxury-hotel-room;luxury-hotel-suite
christiesrealestate,1,26800,26800,26800,1,ibiza-villa
melaniejadedesign,1,26800,26800,26800,1,industrial-chic-interior-design
nickmaddockglobal,1,26700,26700,26700,1,marrakech-riad
jonny.melon,1,26600,26600,26600,1,marrakech-riad
aakar_architects_28,1,26400,26400,26400,1,biophilic-bedroom-design
jade_lostinbeauty_,1,26200,26200,26200,1,boutique-hotel
aparnadecors,1,26200,26200,26200,1,green-minimalist-interior-design
randyspage,1,25900,25900,25900,1,cook-islands-luxury-resorts
novelhomedecor,1,25600,25600,25600,1,luxury-furniture
andulsia_venue,1,25500,25500,25500,1,glass-house
galenahaven,1,25500,25500,25500,1,unique-airbnb
arctictreehousehotel,1,25400,25400,25400,1,arctic-treehouse-hotel-rovaniemi
osnova.des,1,25300,25300,25300,1,minimalist-interior
ahteshamvlog_012,1,25300,25300,25300,1,best-rooftop-pools
er.interio01,1,25100,25100,25100,1,rooftop-terrace
comosegreta,1,25100,25100,25100,1,como-lake-villas
conradboraboranui,1,25100,25100,25100,1,bora-bora-luxury-hotels
bvlgariresortbali,1,24900,24900,24900,1,bali-infinity-pool-villas
anaya.escapes,1,24800,24800,24800,2,bali-infinity-pool-villas;bali-luxury-villas-with-private-pools
yamaseika.okinawa,1,24800,24800,24800,1,glass-house-in-forest
wiwiek_widya,1,24700,24700,24700,1,glass-house
antoinebn,1,24500,24500,24500,1,architecture-photography
millionaire_homes,2,24300,21100,42200,2,luxury-mansion;mansion-tour
americas_realtor,1,24300,24300,24300,1,luxury-modern-beautiful-house
ulohlifestyl,1,24200,24200,24200,3,dreamy-walk-in-closet-designs-ideas;luxury-closet;walk-in-closet
xenosphera,1,24200,24200,24200,1,futuristic-architecture
by.abdulstudio,1,23900,23900,23900,1,wabi-sabi-interior
agentthorburn,1,23700,23700,23700,1,miami-mansion
meggieferrerhome,1,23700,23700,23700,1,coastal-bedroom-design-ideas
lamaisonarabe,1,23600,23600,23600,1,marrakech-riad
hawaiitinyhomes,1,23500,23500,23500,1,container-house
staycationsoloraya,1,23500,23500,23500,1,santorini-villa
alexandradts,1,23100,23100,23100,1,bali-infinity-pool-villas
tremrahcelik,1,23100,23100,23100,1,faroe-islands-luxury-villas
danzadeldesign,1,23000,23000,23000,2,japandi-serenity-bedroom-design-ideas;wabi-sabi-interior
zibaq.inc,1,23000,23000,23000,2,luxury-modern-beautiful-house;ultra-modern-luxury-house-design
kamolonthepalm,1,22900,22900,22900,2,dubai-luxury-penthouse;dubai-penthouse
chuvadanaturezaa,1,22700,22700,22700,1,rain-sounds
lyubovspaces,1,22600,22600,22600,1,desert-house
architectures0ciety,1,22600,22600,22600,1,luxury-apartment
aguzm.imagine,1,22500,22500,22500,1,futuristic-architecture-designs-2026
ubud.property,1,22200,22200,22200,1,bali-infinity-pool-villas
m.a_customcabinets,1,21900,21900,21900,1,modern-kitchen
relaxingwithraine,1,21900,21900,21900,1,tropical-house-architecture-styles
villamurah_diubud,1,21900,21900,21900,1,bali-infinity-pool-villas
mrsbarbarankansah,1,21700,21700,21700,1,bathroom-design
nature._.serenity,1,21600,21600,21600,1,ai-generated-house
luxurysevenstars,1,21400,21400,21400,2,ai-interior;futuristic-home
fang_tokyo_us,1,21300,21300,21300,1,tokyo-apartment
interioralchemyhq,3,21300,7208,35456,3,green-minimalist-interior-design;luxury-living-room;minimalist-art-deco-interior-design
pushpinder.revo,1,21200,21200,21200,1,dubai-villa
danbcustomclosets,1,21000,21000,21000,1,luxury-closet
abita.house,1,21000,21000,21000,1,industrial-interior
travelopod,1,21000,21000,21000,1,luxury-hotel
adionainteriors,1,21000,21000,21000,1,dream-kitchens
clasycore,1,20900,20900,20900,1,luxury-lifestyle
cheilanicki,1,20600,20600,20600,1,marrakech-riad
theusarmenians,1,20500,20500,20500,1,impossible-architecture
kochteam,1,20400,20400,20400,1,houses-on-malibu-beach
toronto.luxury.houses,1,20200,20200,20200,1,luxury-real-estate-mansion-exterior
noahhillcabin,1,20000,20000,20000,1,a-frame-cabin
thewelldressedaspen,1,20000,20000,20000,1,aspen
architectural.desiign,1,20000,20000,20000,1,desert-modern-house-tours
cypriot.ai,1,19700,19700,19700,1,saudi-arabia-architecture
matthew_giampietro,1,19600,19600,19600,1,luxury-garden
barbosalandscaping,1,19600,19600,19600,2,landscape-design;landscape-design-ai
the.moodcrafters,1,19500,19500,19500,1,mid-century-modern-living-room-ideas
makeshopfurnishings,1,19300,19300,19300,1,organic-modern-kitchen-designs
nestor_milic,1,19200,19200,19200,1,penthouse-tour
visitnewyork,1,19100,19100,19100,1,rooftop-pool
hazel._finds,1,19000,19000,19000,1,dream-room
interiorvisiondrawnbyhand,1,19000,19000,19000,1,minimalist-art-deco-interior-design
cozyroom_10,2,19000,16250,32500,2,future-home;rain-cozy
hansendesignfirm,1,18600,18600,18600,1,home-office-design
dee_interiors_haven,1,18600,18600,18600,1,organic-modern-kitchen-designs
ellys.spaces,1,18500,18500,18500,1,industrial-chic-interior-design
the.sustainable.bungalow,1,18200,18200,18200,1,home-office-design
arcsurfaces.co,1,18200,18200,18200,1,wabi-sabi-interior
travelwithdalt,1,18200,18200,18200,1,treehouse-hotel
dreamespaceai,1,18100,18100,18100,3,ai-house-design;ai-interior;futuristic-home
neuuralviibes,1,18000,18000,18000,1,inside-underground-bunker-house
wildreamhom3,1,18000,18000,18000,2,cozy-cabin-in-the-snow;cozy-winter-cabin
the_greyy_palette,1,17900,17900,17900,1,green-minimalist-interior-design
masiartfurniture,1,17800,17800,17800,1,futuristic-interior
jwmarriottjkt,1,17800,17800,17800,1,luxury-suite
interiorbymumbi,1,17600,17600,17600,1,kids-room-design
brigrc,1,17600,17600,17600,1,como-lake-villas
lacasastudio0,1,17300,17300,17300,1,glass-house-photos
edvardtravels97,1,17300,17300,17300,1,como-lake-villas
virasatvillabanquets,1,17300,17300,17300,1,villa-with-pool
charlottejaynewalton,1,17200,17200,17200,1,marrakech-riad
aifordesigners.online,1,17200,17200,17200,1,ai-interior-design
ruth_with_room,1,17200,17200,17200,1,cozy-room
hf.design.studio,1,17100,17100,17100,1,scandinavian-interior-design-styles
future.architects_,1,17100,17100,17100,1,future-houses-2050
zoomaproperties,1,17000,17000,17000,1,dubai-villa
sunny.palace,1,17000,17000,17000,1,surreal-architecture
victorianhousejourney,1,16800,16800,16800,1,house-tour
cloudscomm,1,16700,16700,16700,1,beach-house
space_design_fx,1,16600,16600,16600,1,rooftop-terrace
bruno.francesca,1,16600,16600,16600,1,marrakech-riad
alexmathiashomes,1,16300,16300,16300,1,desert-house
mitsumarurealestate,1,16300,16300,16300,1,tokyo-apartment
baharinteriorexteriordesign,1,16100,16100,16100,1,modern-classic-interior-design
westlake_homes,1,16100,16100,16100,1,modern-mediterranean-houses
schmickdnd,1,16100,16100,16100,1,hotel-bathroom-designs
polusformis,1,16000,16000,16000,2,mediterranean-house;mediterranean-villa
theaisavvy,1,16000,16000,16000,1,ai-virtual-staging
leisureofnyc,1,16000,16000,16000,1,houses-on-malibu-beach
iconeraofficial,1,15900,15900,15900,1,underground-house
rohan_photoshots,1,15900,15900,15900,1,luxury-hotel-room
rraj.kumaryadav,1,15800,15800,15800,1,rain-cozy
timsskiii,1,15600,15600,15600,1,minimalist-interior
alexandr_dombrovschi,1,15600,15600,15600,1,lake-como-villa
lifeaccordingtotodd,1,15600,15600,15600,1,real-estate
archixpert,1,15500,15500,15500,1,ai-generated-architecture-designs
capsulecastle410,1,15500,15500,15500,1,capsule-castle-luxury-space-capsule-houses
ai_pk_0206,1,15500,15500,15500,1,ai-house-design
fotis_travels,1,15300,15300,15300,1,bora-bora-luxury-hotels
annagerarealestate,1,15100,15100,15100,1,home-theater
lianaariashomedecor,1,15100,15100,15100,1,organic-modern
fancyhomeai,2,15000,13100,26200,2,biophilic-design;desert-modern-house-tours
naturessproutslandscape,1,15000,15000,15000,1,landscape-design
illaura1,1,14900,14900,14900,1,luxury-cabin
bruun.uk,1,14800,14800,14800,2,scandinavian-interior-design;scandinavian-interior-design-styles
mimisinclair.real.estate,1,14800,14800,14800,1,organic-modern-kitchen-designs
wonderinn_norway,1,14800,14800,14800,1,arctic-treehouse-hotel-rovaniemi
amarilymccray520,1,14800,14800,14800,1,luxury-kitchen-design
luxury_living_brisbane_,1,14600,14600,14600,1,luxury-furniture
hometrendyhome,1,14500,14500,14500,2,bedroom-decor;bedroom-design
belleau.media,1,14500,14500,14500,1,virtual-staging
agentbillionaire,1,14500,14500,14500,1,penthouse-tour
ngn_farming,1,14400,14400,14400,1,tropical-house-architecture-styles
oddesign.sa,1,14300,14300,14300,1,neoclassical-interior
incrediblehunza,1,14300,14300,14300,1,hunza-valley-luxury-resorts
voyaah,1,14200,14200,14200,1,underwater-hotel
coastal_cass,1,14200,14200,14200,1,coastal-bedroom-design-ideas
luxury_travel_resortss,1,14200,14200,14200,1,bora-bora-luxury-hotels
sah.interiors,1,14100,14100,14100,1,luxury-master-bedroom-interior-design
nataliefreeman_theavenue,1,14000,14000,14000,1,indoor-pool
relaxuni,1,14000,14000,14000,1,cozy-winter-cabin
remarkablestays,1,14000,14000,14000,1,a-frame-modern-cabins
videokrtoon,1,13900,13900,13900,1,ai-house-design
mipropertiespk,2,13700,11613,23227,3,luxury-bedroom;luxury-bedroom-design;modern-living-room
extrikaspaces,1,13700,13700,13700,1,japandi-serenity-bedroom-design-ideas
cyberneticfuture,1,13600,13600,13600,1,cyberpunk-city
ai.perfect.world,3,13600,3447,18564,3,ai-house;cliff-house;luxury-homes-on-the-amalfi-coast
bellalusso_interiors,1,13500,13500,13500,1,walk-in-closet
japandiinteriordesign_magl,1,13500,13500,13500,1,japandi-serenity-bedroom-design-ideas
meubelbaas,1,13400,13400,13400,2,wabi-sabi-interior;wabi-sabi-japandi-interior-design
saltandserenity_coastalhaven,1,13300,13300,13300,1,kitchen-inspiration
disen.enequilibrio,1,13300,13300,13300,1,japandi-serenity-bedroom-design-ideas
arabellastyles_,1,13000,13000,13000,2,modern-classic-interior-design;neoclassical-interior
seeitalytravel,1,13000,13000,13000,1,lake-como-villa
oxelpi,1,12900,12900,12900,1,cliff-house
dsmt.raw,1,12900,12900,12900,1,luxury-life
miljo_concept,1,12800,12800,12800,1,wabi-sabi-interior
oldmoneyflexx,1,12800,12800,12800,1,luxury-life
dreamvibes_9,1,12700,12700,12700,1,dream-bedroom
linecraft_in,1,12600,12600,12600,1,bathroom-design
designerbricks_official,1,12600,12600,12600,1,dark-luxury-interior
southerly_la,1,12600,12600,12600,3,mediterranean-house;mediterranean-villa;modern-mediterranean-houses
dimensionsibiza,1,12500,12500,12500,1,ibiza-villa
ibiza.one,1,12400,12400,12400,1,ibiza-luxury-villas-sea-view
tourvertex,1,12400,12400,12400,1,cook-islands-luxury-resorts
audiohomeit,1,12300,12300,12300,1,home-theater
sakkaf_design,1,12300,12300,12300,2,wabi-sabi-interior;wabi-sabi-japandi-interior-design
khaled_sadeden_design,1,12300,12300,12300,1,parametric-architecture
zoba.es,1,12300,12300,12300,1,room-makeover
mauquani__interiors,1,12200,12200,12200,2,luxury-living-room;luxury-living-room-design
orealproperties,1,12200,12200,12200,1,luxury-house-tour
msinterior0078,1,12100,12100,12100,1,green-minimalist-interior-design
caineandcompany,1,11900,11900,11900,1,mediterranean-villa
akneuro_ai,1,11900,11900,11900,1,cliff-house
airoomdesign,1,11900,11900,11900,1,ai-home-design
dreamlivingc,1,11800,11800,11800,1,mediterranean-villa
itsnovajeff,1,11700,11700,11700,1,home-theater
designing_factory_,1,11600,11600,11600,1,ai-interior-designer
housefullofsummer,1,11600,11600,11600,1,coastal-bedroom-design-ideas
pebdesign_,1,11500,11500,11500,1,walk-in-closet
darrenkriz,1,11400,11400,11400,1,malibu-house
tx_furniture_tz,1,11300,11300,11300,1,furniture-design
worldclassresidences,1,11200,11200,11200,1,dubai-penthouse
m.o.r.e.l.e.s.a,1,11100,11100,11100,1,house-in-forest
i5studio,1,11000,11000,11000,1,wabi-sabi-japandi-interior-design
balitecturerealty,1,10900,10900,10900,1,tropical-villa
maisondenova,1,10900,10900,10900,1,luxury-home-theater-ideas
montravo.travel,1,10700,10700,10700,1,cook-islands-luxury-resorts
homesketchai,1,10600,10600,10600,1,ai-home-design
roomvibes01,1,10600,10600,10600,1,ai-interior
kar_modular_kitchen,1,10500,10500,10500,1,rooftop-terrace
geral.homestudio,1,10500,10500,10500,2,industrial-chic-interior-design;industrial-interior
unikoncept,1,10500,10500,10500,1,indoor-pool
luxuryfeature,3,10500,4444,17101,3,beverly-hills-mansion;mansion-tour;miami-mansion
naturalktedy,1,10400,10400,10400,1,container-home-luxury-models-2026
daddyslilmonsta_,1,10400,10400,10400,1,inside-underground-bunker-house
lienda_alhaj,1,10300,10300,10300,1,wabi-sabi-japandi-interior-design
homesluz_,1,10200,10200,10200,1,quiet-luxury-bathroom
briellynturton,1,10100,10100,10100,1,interior-styling
beo.viz,1,10100,10100,10100,1,japandi-serenity-bedroom-design-ideas
voyage.elo,1,10000,10000,10000,1,como-lake-villas
hr_cinematics_,1,9917,9917,9917,1,dream-house
bartarinmoblejahan,1,9822,9822,9822,1,furniture-design
lila.s.home,1,9668,9668,9668,1,home-decor
nrsh_designstudio,1,9640,9640,9640,2,scandinavian-interior-design;scandinavian-interior-design-styles
interiors.by.nandini,1,9528,9528,9528,2,hotel-room-interior-design-ideas;hotel-suite-design-ideas
kary._.olson,1,9471,9471,9471,1,house-tour
modern__furnitures,1,9460,9460,9460,1,modern-kitchen
riyansyax,1,9444,9444,9444,1,ai-generated-house
scifi.futureverse,1,9428,9428,9428,1,futuristic-architecture-designs-2026
khalesi_design,1,9390,9390,9390,1,malibu-house
sagarikashethdesigns,1,9389,9389,9389,1,scandinavian-interior-design
comfywhiff,1,9315,9315,9315,1,modern-living-room
creed.experiences,1,9205,9205,9205,1,ibiza-luxury-villas-sea-view
architect_shankar,1,9182,9182,9182,1,hotel-design
cfnmgmt,1,9132,9132,9132,1,biophilic-design
studiogreyinteriordesign,1,9124,9124,9124,1,luxury-homes-on-the-amalfi-coast
havenintherain,1,9045,9045,9045,1,waterfall-house
thebillionaireblueprint3,1,8986,8986,8986,1,desert-house
andronis_hotels,1,8925,8925,8925,1,boutique-hotel
ellis_cottage,1,8914,8914,8914,1,outdoor-living
prestigepropertiesibiza,1,8794,8794,8794,1,ibiza-luxury-villas-sea-view
decorate.world,1,8712,8712,8712,1,japandi-serenity-bedroom-design-ideas
uniformdisplay,1,8687,8687,8687,1,industrial-interior
djbehrouz,1,8628,8628,8628,1,desert-house
tatv_adesignstudio,1,8614,8614,8614,1,futuristic-architecture-designs-2026
circleconcierge,1,8611,8611,8611,1,houses-on-malibu-beach
varia.studiodesign,1,8596,8596,8596,1,minimalist-art-deco-interior-design
poolique,1,8557,8557,8557,2,infinity-pools;rooftop-pool
mr_maxpanin,1,8460,8460,8460,1,green-minimalist-interior-design
forsalebyrich,1,8432,8432,8432,1,miami-mansion
aadh.___,1,8429,8429,8429,1,tropical-house-architecture-styles
dreamnesthomes01,1,8400,8400,8400,1,jamesedition-luxury-homes
lisatbergren,1,8393,8393,8393,1,dark-academia-home-library
treesspeak,1,8381,8381,8381,1,surreal-architecture
tripland_travel_tours,1,8338,8338,8338,1,hunza-valley-luxury-resorts
freddybloy,1,8204,8204,8204,1,a-frame-cabin
civilengineernogesh,1,8097,8097,8097,1,rooftop-terrace
dream_experiences_ai,1,8094,8094,8094,1,best-rooftop-pools
poolicons,1,8076,8076,8076,1,luxury-pool
aadityainteriors,1,8005,8005,8005,1,hotel-design
stamped_traveler,1,7987,7987,7987,1,cook-islands-luxury-resorts
kataevn,1,7981,7981,7981,1,luxury-hotel-room
lifestyleproperties_interiors,1,7975,7975,7975,1,modern-living-room
johnclaire.craft,1,7974,7974,7974,1,biophilic-bedroom-design
diotti.com_interiors,1,7963,7963,7963,1,industrial-interior
apt_1901,1,7952,7952,7952,1,mid-century-modern-living-room-ideas
1.59818,1,7649,7649,7649,1,futuristic-interior
mri_dreams,1,7648,7648,7648,1,dream-house
lesliencrealtor,1,7528,7528,7528,1,lake-house
ernisupriandini,1,7506,7506,7506,1,luxury-hotel-room
qosqocabin,1,7415,7415,7415,1,capsule-castle-luxury-space-capsule-houses
relax_musicbox,1,7353,7353,7353,1,rain-sounds
rihlahunza,1,7211,7211,7211,1,hunza-valley-luxury-resorts
dzign.tales,1,7182,7182,7182,1,japandi-serenity-bedroom-design-ideas
otmcontainers,1,7123,7123,7123,2,container-home-luxury-models-2026;container-house
durandesigngroup,1,7069,7069,7069,1,modern-mediterranean-houses
shyamsavani.dxb,1,7063,7063,7063,2,dubai-luxury-penthouse;dubai-penthouse
home_design_ideas_7,1,7004,7004,7004,2,mediterranean-house;mediterranean-villa
jameshardieau,1,6931,6931,6931,1,home-office-design
lazaroluxury_homesdecor,1,6868,6868,6868,1,dream-house-design
alghaniinteriorsfurnishers1341,1,6848,6848,6848,1,luxury-living-room-design
ivoryandsage.interiors,1,6811,6811,6811,1,modern-classic-interior-design
its_mohammad_sarfraz,1,6782,6782,6782,1,saudi-arabia-architecture
kozyblum,1,6777,6777,6777,1,mid-century-modern-living-room-ideas
tomer.fridman,1,6750,6750,6750,1,malibu-house
stroilexx,1,6728,6728,6728,1,quiet-luxury-bathroom
onmyway_destinations,1,6654,6654,6654,1,bora-bora-luxury-hotels
aermaakova,1,6630,6630,6630,1,ai-interior-designer
mjengoni.artz,1,6539,6539,6539,1,a-frame-modern-cabins
hanaenispace.interiors,1,6531,6531,6531,1,hotel-room-interior-design-ideas
noushinashouri,1,6493,6493,6493,1,neoclassical-interior
premium.listings,1,6490,6490,6490,1,beverly-hills-mansion
stylemeinteriorsdubai,1,6409,6409,6409,2,scandinavian-interior-design;scandinavian-interior-design-styles
kitchenbear9,1,6398,6398,6398,1,modern-kitchen
ksimbuilds,1,6386,6386,6386,1,santorini-villa
jumbonwuka_official,1,6284,6284,6284,1,jamesedition-luxury-homes
slow_cozy_living,1,6252,6252,6252,1,dream-kitchens
bonardiai,1,6226,6226,6226,1,future-home
richmeetings.ai,1,6225,6225,6225,1,ai-render
door25stays,1,6180,6180,6180,1,lake-house
fineformarchitects,1,6179,6179,6179,1,dark-luxury-interior
siamoore,1,6166,6166,6166,1,luxury-suite
dv.media__,1,6045,6045,6045,2,ai-virtual-staging;virtual-staging
alitex_,1,6014,6014,6014,1,glass-house-photos
mattfarmerai,1,6002,6002,6002,1,ai-virtual-staging
arunseraj,1,5981,5981,5981,1,santorini-villa
dezynstructures,1,5930,5930,5930,1,hotel-design
natureaipedia,1,5731,5731,5731,1,ai-interior
theibizaprivatechef,1,5625,5625,5625,1,ibiza-luxury-villas-sea-view
civil_vlog,1,5571,5571,5571,1,hotel-room-interior-design-ideas
ar.c.loud,1,5427,5427,5427,1,virtual-staging
anika.ktg,1,5403,5403,5403,1,luxury-hotel-room
aliiezle,1,5376,5376,5376,1,dream-closet
visuals_by_marcus,1,5349,5349,5349,1,virtual-staging
interiorsby.carla,1,5226,5226,5226,1,scandinavian-interior-design
vanessa_gal_design_studio,1,5185,5185,5185,1,desert-house-interior-design-ideas
asr_design_studio,1,5163,5163,5163,1,neoclassical-interior
arch.interior.ai,1,5133,5133,5133,1,ai-home-design
dreamimaged,1,5095,5095,5095,1,rooftop-terrace
nulucreations,1,5069,5069,5069,1,ibiza-villa
growverse3,1,5041,5041,5041,1,ai-house
learn,1,4970,4970,4970,1,luxury-hotel-room
mowniee_j,1,4944,4944,4944,1,luxury-villa-with-pool
asiviajo,1,4924,4924,4924,1,cook-islands-luxury-resorts
ecompatrik,1,4888,4888,4888,1,luxury-apartment
village.moonlife,1,4847,4847,4847,1,rain-sounds
textureofhome,1,4844,4844,4844,1,modern-mediterranean-houses
vancedesignco,1,4731,4731,4731,1,coastal-bedroom-design-ideas
anandkapoorofficial,1,4639,4639,4639,1,biophilic-design
cf__designs,1,4635,4635,4635,1,coastal-bedroom-design-ideas
luxury_lifestylers,1,4527,4527,4527,2,luxury-bedroom;luxury-master-bedroom
mike_sells_hudson,1,4457,4457,4457,1,real-estate
shahad.abdulwasea,1,4453,4453,4453,1,desert-modern-house-tours
studio_ja_su,1,4415,4415,4415,1,industrial-chic-interior-design
ok.asiatravel,1,4363,4363,4363,1,bali-villa
spruceandnest,1,4261,4261,4261,1,minimalist-interior
sunripple_aquatics,1,4226,4226,4226,1,infinity-pools
bestravelid,1,4211,4211,4211,1,tropical-villa
swisschaletca,2,4136,3287,6574,1,swiss-chalet
containerpro_tz,1,4127,4127,4127,1,container-home-luxury-models-2026
neginn.soltanii,1,4090,4090,4090,1,surreal-architecture
adriana.lopez.arq,1,3876,3876,3876,1,surreal-architecture
dedi.interior_kotabekasi,1,3856,3856,3856,1,modern-kitchen
iron_hotel_,1,3845,3845,3845,1,luxury-hotel-suite
nuconbuilders,1,3835,3835,3835,1,mediterranean-villa
foxtonsestateagents,1,3709,3709,3709,1,london-apartment
elegantessence906,1,3627,3627,3627,1,luxury-furniture
by_almaaseweis,1,3576,3576,3576,1,luxury-hotel-room
momo_hitoritabi,1,3569,3569,3569,1,glass-house-in-forest
moksha_resorts,1,3513,3513,3513,1,hunza-valley-luxury-resorts
__adobe_sky__,1,3508,3508,3508,1,desert-house-interior-design-ideas
p.carredo,1,3507,3507,3507,1,surreal-architecture
jessicadetoledo.design,1,3476,3476,3476,1,scandinavian-interior-design-styles
navids.ig,1,3454,3454,3454,1,surreal-architecture
bluegrassrealestatemedia,1,3450,3450,3450,1,virtual-staging
thedesigner.studio,1,3428,3428,3428,1,modern-classic-interior-design
gozee_holidays,1,3369,3369,3369,1,luxury-villa-with-pool
engelvoelkersdubai,1,3365,3365,3365,1,dubai-luxury-penthouse
moderninteriordesign___,1,3339,3339,3339,1,rooftop-terrace
twincitiesdiary,1,3303,3303,3303,1,hunza-valley-luxury-resorts
capsulecastleuae2,1,3254,3254,3254,1,capsule-castle-luxury-space-capsule-houses
right.mos,1,3217,3217,3217,1,future-houses-2050
cozinesshomefurniture,1,3156,3156,3156,1,modern-living-room
rock_property,1,2915,2915,2915,1,luxury-villa
whitedwarf_off,1,2830,2830,2830,1,cyberpunk-city
nikkibisikerinteriordesign,1,2749,2749,2749,1,desert-house-interior-design-ideas
nivel.cenit,1,2688,2688,2688,1,modern-mediterranean-houses
outsideinncampground,1,2676,2676,2676,1,glamping-ideas
aigardendesigner,1,2564,2564,2564,1,landscape-design-ai
barnesmiami,1,2500,2500,2500,1,ibiza-luxury-villas-sea-view
jasminescozydiary,1,2487,2487,2487,1,dark-academia-home-library
kateallman_,1,2464,2464,2464,1,arctic-treehouse-hotel-rovaniemi
elanplacesandspaces,1,2427,2427,2427,1,luxury-real-estate-mansion-exterior
allthingshomestyle,1,2415,2415,2415,1,indoor-pool
miyakojima.kunsei,1,2337,2337,2337,1,glass-house-in-forest
ideaonline,1,2330,2330,2330,1,industrial-interior
kume_shima_gourmet,1,2279,2279,2279,1,glass-house-in-forest
the_wedding_valley,1,2261,2261,2261,1,como-lake-villas
kasbordier,1,2244,2244,2244,1,biophilic-design
jkm_fabrication_work,1,2221,2221,2221,1,glass-house-photos
supersketchdesigners,1,2192,2192,2192,1,hotel-suite-design-ideas
avidiinocasa,1,2149,2149,2149,2,hotel-room-interior-design-ideas;hotel-suite-design-ideas
archute,1,2115,2115,2115,1,waterfall-house
edensign_ai,1,2076,2076,2076,1,virtual-staging
nathancool,1,1996,1996,1996,1,ai-virtual-staging
bellenademarche,1,1988,1988,1988,1,glass-house-in-forest
fantinidesigns,1,1983,1983,1983,1,hotel-room-interior-design-ideas
ziedan_architectural_design,1,1951,1951,1951,1,surreal-architecture
4ydesigns,1,1901,1901,1901,2,bathroom-design;luxury-bathroom-interior-design-inspiration
smile_smoothie_roots_ishigaki,1,1882,1882,1882,1,glass-house-in-forest
sky_luxury_rooftop_suites,1,1833,1833,1833,1,luxury-hotel-suite
baljeetkaurjohal,1,1829,1829,1829,1,surreal-architecture
tiagosampaioz,1,1821,1821,1821,1,ai-generated-architecture-designs
sofabrainai,1,1811,1811,1811,1,ai-virtual-staging
studio_collective,1,1773,1773,1773,1,futuristic-interior
repjeffhurd,1,1770,1770,1770,1,aspen
laurieohern,1,1714,1714,1714,1,lake-house
barcelonart_of_travel,1,1702,1702,1702,1,impossible-architecture
onton.ai,1,1664,1664,1664,1,scandinavian-interior-design
xona.ai,1,1663,1663,1663,1,ai-interior-design
fanarivillas.santorini,1,1655,1655,1655,1,santorini-villa
shafagh.koohnejad.20,1,1637,1637,1637,1,surreal-architecture
pravesh_interiors,1,1631,1631,1631,1,hotel-room-interior-design-ideas
_lightshift,1,1544,1544,1544,1,desert-house
stephenhusted,1,1510,1510,1510,1,landscape-design-ai
allwithfash,1,1494,1494,1494,1,amalfi-coast
theibizakeyconcierge,1,1358,1358,1358,1,ibiza-luxury-villas-sea-view
adrian_thearchitect,1,1352,1352,1352,1,ai-render
bespoke_d.designers,1,1332,1332,1332,1,cozy-bedroom-ideas
_spectrum_interiors,1,1286,1286,1286,1,rooftop-terrace
gsokinawa,1,1209,1209,1209,1,glass-house-in-forest
dilmurod.explore,1,1165,1165,1165,1,surreal-architecture
badboyfoodz,1,1118,1118,1118,1,houses-on-malibu-beach
renatuseducation,1,1117,1117,1117,1,real-estate
evan_mawlood__ai,1,1041,1041,1041,1,futuristic-architecture
real_naples,1,1031,1031,1031,1,virtual-staging
condokingaspen,1,946,946,946,1,aspen
icasis,1,874,874,874,1,surreal-architecture
jayrealestate98,1,841,841,841,1,ai-virtual-staging
_m2viz_,1,676,676,676,1,impossible-architecture
spacely.ai,1,662,662,662,1,ai-virtual-staging
official.lvh,1,627,627,627,1,luxury-homes-on-the-amalfi-coast
tmukulinteriorstyling,1,584,584,584,1,interior-styling
nuspace.interiorss,1,554,554,554,1,dark-luxury-interior
royal_villa_lonavala,1,502,502,502,1,luxury-villa-with-pool
beliani_nl,1,482,482,482,1,home-office-design
adventure.shelter_,1,444,444,444,1,underground-house
peacefulgilgitbaltistan,1,410,410,410,1,hunza-valley-luxury-resorts
aryeohq,1,405,405,405,1,ai-virtual-staging
alffaheritage,1,391,391,391,1,future-house
dreamlandsymphony,1,380,380,380,1,waterfall-house
maya.architecture.studio,1,351,351,351,1,dark-luxury-interior
architecturelist,1,297,297,297,1,impossible-architecture
apple_banana_project,1,293,293,293,1,glass-house-in-forest
homedecorai_07,1,279,279,279,1,ai-interior
ryukyushoten,1,258,258,258,1,glass-house-in-forest
aiplacesonearth,1,226,226,226,1,cliff-house
arch_blend07,1,226,226,226,1,impossible-architecture
emiliotky_,1,226,226,226,1,glass-house-in-forest
upmorph,1,226,226,226,1,house-on-cliff
umershakeelfurnituresinteriors,1,222,222,222,1,dark-luxury-interior
mr.adesh_yadav_rr_up_50_00,1,204,204,204,1,future-houses-2050
impossible.estates,1,198,198,198,1,house-on-cliff
ecr_villa_and_stay,1,198,198,198,1,luxury-villa-with-pool
ish9582,1,197,197,197,1,dark-luxury-interior
brickblitzz,1,189,189,189,1,future-houses-2050
eosdecor,1,183,183,183,1,dark-luxury-interior
weaving_the_sacred,1,173,173,173,1,impossible-architecture
dreamhomedesigns1,1,159,159,159,1,dream-house-design
oishii_okinawa,1,156,156,156,1,glass-house-in-forest
the_reflective_architecture,2,150,81,163,1,impossible-architecture
fouredgeuae,1,145,145,145,1,dark-luxury-interior
formtrashreborn89,1,139,139,139,1,house-on-cliff
nova_design_24,1,125,125,125,1,dark-luxury-interior
zen_modo.ai,1,111,111,111,1,house-on-cliff
luxury_room_reveals,1,110,110,110,1,house-on-cliff
artisanallivingedit,1,104,104,104,1,dark-luxury-interior
buildinsecondsss,1,103,103,103,1,house-on-cliff
whispersofnature27,1,102,102,102,1,cliff-house
_your_sumu_10,1,92,92,92,1,dream-life
mr_relatable_33,1,92,92,92,1,dream-life
spacehance,1,88,88,88,1,dark-luxury-interior
fusionhomeai,1,84,84,84,1,ai-virtual-staging
madras_beach_resort_villa,1,58,58,58,1,luxury-villa-with-pool
silver_moon8,1,38,38,38,1,impossible-architecture
your_interior_hub,1,26,26,26,1,dark-luxury-interior
esmael.abdelhamed,1,,,,1,luxury-master-bedroom
theluxuriousking,1,,,,1,modern-house
enesyilmazer,1,,,,1,future-house
emunarq7,3,,,,1,parametric-architecture
thecapitalexchange,1,,,,1,dubai-penthouse
queenshotelleeds,1,,,,1,luxury-suite
myhomeneed,1,,,,1,amazon-home-finds
farahjmerhi,1,,,,1,living-room-decor
juliosrealestate,1,,,,1,los-angeles-house
london.flats.to.rent,1,,,,1,london-apartment
flyzie_com,1,,,,1,luxury-homes-on-the-amalfi-coast
experience.trip,1,,,,1,como-lake-villas
wendywittwerdesign,1,,,,1,hotel-suite-design-ideas
flipfast04,1,,,,1,house-on-cliff
