shortcode,handle,views,views_text,topics,caption,url,source
C_Pf1dboaeJ,siyad_abdali,282000000,282M,dream-room,NA,https://www.instagram.com/reel/C_Pf1dboaeJ/,https://www.instagram.com/popular/dream-room/
C87NQHRtm6B,drcozyvibes,155000000,155M,cozy-rain,"Rainy Day Reflections: Comfort Bed, Melodic Drops, and a Scenic Window #cozycabin #RainyDayVibes",https://www.instagram.com/reel/C87NQHRtm6B/,https://www.instagram.com/popular/cozy-rain/
DYoyUS9NlAr,ai.poly_,147000000,147M,ai-art,Сейчас ещё чуть-чуть подравняю 🥲 #ии #aivideo #aiart #ai #нейросети,https://www.instagram.com/reel/DYoyUS9NlAr/,https://www.instagram.com/popular/ai-art/
C--Al6UA6GE,ifonly.ai,136000000,136M,ai-house-design,If only 'home sweet home' meant living in a tiramisu house. Art/Prompts by @ifonly.ai & @sunt_mrr,https://www.instagram.com/reel/C--Al6UA6GE/,https://www.instagram.com/popular/ai-house-design/
DBKFpVDoZzM,paulmarkkitchens,135000000,135M,outdoor-kitchen,Who would love one of these in their garden? #bbq #outdoorcooking #kitchen #outdoorliving,https://www.instagram.com/reel/DBKFpVDoZzM/,https://www.instagram.com/popular/outdoor-kitchen/
C9SiQc8S9xq,siyad_abdali,109000000,109M,modern-living-room,,https://www.instagram.com/reel/C9SiQc8S9xq/,https://www.instagram.com/popular/modern-living-room/
Daa8AwIMNMt,polliviva,97200000,97.2M,ai-art,У кого так же 😄 Видео сделано в syntx @syntx_creators #ии #al #нейросеть #cartoon,https://www.instagram.com/reel/Daa8AwIMNMt/,https://www.instagram.com/popular/ai-art/
Da_rdPUj1jN,sandiwara_multiverse.99,85200000,85.2M,treehouse,TreeHouse #GiantTree #TreeTopHouse #JungleLife #Rainforest,https://www.instagram.com/reel/Da_rdPUj1jN/,https://www.instagram.com/popular/treehouse/
DVo7prsEaRf,cairo_ia,81100000,81.1M,outdoor-living,I Turned Old Pallets into the ULTIMATE Backyard Oasis! 😱✨ Turned basic wooden pallets into the ultimate cozy backyard retreat!,https://www.instagram.com/reel/DVo7prsEaRf/,https://www.instagram.com/popular/outdoor-living/
DUFKH1-CZmG,manhwa_diablo,78400000,78.4M,luxury-garden,luxury landscaped backyard 🌲🌱 #luxury #backyard #landscape #garden #design,https://www.instagram.com/reel/DUFKH1-CZmG/,https://www.instagram.com/popular/luxury-garden/
DVOBGNPERF3,shellychicboutique,77200000,77.2M,home-decor-ideas,Clay + napkin → DIY decor magic ✨ The prettiest handmade gift idea that's so easy and so affordable but looks high-end 🤍,https://www.instagram.com/reel/DVOBGNPERF3/,https://www.instagram.com/popular/home-decor-ideas/
C9ILALrMKjw,kellmarcel,74900000,74.9M,home-decor-ideas,Decorate my living room in my new apartment with me.✨ I'm extra proud of all my thrifted finds and how good they look in this space.🤗,https://www.instagram.com/reel/C9ILALrMKjw/,https://www.instagram.com/popular/home-decor-ideas/
DIHSUx1PJ8j,natural_._scenery,74100000,74.1M,cozy-rain;rain-cozy,"This video was made for anyone looking for peace in the middle of a busy or overwhelming day. It's a calming aesthetic corner with soft lighting, cozy",https://www.instagram.com/reel/DIHSUx1PJ8j/,https://www.instagram.com/popular/cozy-rain/
DMYHlSWuqZK,clarazrd,72100000,72.1M,luxury-penthouse,#forsale Penthouse NYC | I'm a Real Estate Agent in New York. If you have questions about this penthouse or are looking to,https://www.instagram.com/reel/DMYHlSWuqZK/,https://www.instagram.com/popular/luxury-penthouse/
DSzbGfUjOwu,syifa_in_switzerland,71800000,71.8M,swiss-chalet,SWISS🇨🇭🇨🇭 #swiss #switzerland #switzerland🇨🇭 #visitswitzerland #swissalps,https://www.instagram.com/reel/DSzbGfUjOwu/,https://www.instagram.com/popular/swiss-chalet/
DXdQLKSjlH2,travelwithjaro,66500000,66.5M,maldives-villa,Rate this villa tour out of 10 😭👇🏽 Because making it to your own overwater bungalow in the Maldives for the first time…,https://www.instagram.com/reel/DXdQLKSjlH2/,https://www.instagram.com/popular/maldives-villa/
Db52_4HxXQE,timelessdiaries,60700000,60.7M,faroe-islands-luxury-villas,"Suddenly, living in the middle of nowhere sounds perfect 🤍🍀 A tiny house, a grass roof, mountains, ocean, and absolutely nowhere to be. 📍Faroe Islands",https://www.instagram.com/reel/Db52_4HxXQE/,https://www.instagram.com/popular/faroe-islands-luxury-villas/
C7gyA-OyA7m,earthfm_net,58500000,58.5M,rainy-day,😴😴🌧️🌧️ #rain #raining #rainyday #toptags #pouring #rainydays #water,https://www.instagram.com/reel/C7gyA-OyA7m/,https://www.instagram.com/popular/rainy-day/
DZb4Qkbhr9V,interiorbyuma22,55500000,55.5M,dream-bedroom-decor-ideas;luxury-interior-design,Interior by Uma ✨ #InteriorDesign #InteriorByUma #HomeDecor #InteriorStyling #ModernInterior Lux,https://www.instagram.com/reel/DZb4Qkbhr9V/,https://www.instagram.com/popular/luxury-interior-design/
DV3FgFVjJLx,architectanddesign,55200000,55.2M,architecture,Did you know that the Kölner Dom took 632 years to complete? Construction began in 1248 and was fina,https://www.instagram.com/reel/DV3FgFVjJLx/,https://www.instagram.com/popular/architecture/
DdMPxaloS3f,alshifarealtor.dxb,54300000,54.3M,dubai-villa,"Why should I pay rent when I can have my own villa in Dubai? 🏡✨ Want to know how? Comment ""VILLA""",https://www.instagram.com/reel/DdMPxaloS3f/,https://www.instagram.com/popular/dubai-villa/
CjK-ec2DtzZ,swissaround,49200000,49.2M,swiss-chalet,"🏡 Wood Dream House in Switzerland 🇨🇭 📍Gimmelwald, Switzerland 🇨🇭 🎥Instagram: @swissaround #switzerland #swissaround #gimmelwald #dreamhouse #chalet",https://www.instagram.com/reel/CjK-ec2DtzZ/,https://www.instagram.com/popular/swiss-chalet/
DVfSb-Jkk-a,gautamsinghania99,48700000,48.7M,real-estate,"Positioned in the fast-evolving SoBo Central corridor, The Address by GS, Wadala reflects our continued focus on disciplined planning, strong design,",https://www.instagram.com/reel/DVfSb-Jkk-a/,https://www.instagram.com/popular/real-estate/
DBWhf0koR7_,soothenests,45100000,45.1M,dream-bedrooms;luxury-bedroom,"Raindrops on My Window, Euphoria in My Soul: Luxury Bedroom Bliss #cozybedroom #cozyap",https://www.instagram.com/reel/DBWhf0koR7_/,https://www.instagram.com/popular/luxury-bedroom/
DH1n7TSuL-3,karissa.brighton,37700000,37.7M,amazon-home-finds,Shop it on my Amazon Kitchen Finds List! #amazon #amazonfinds,https://www.instagram.com/reel/DH1n7TSuL-3/,https://www.instagram.com/popular/amazon-home-finds/
DGQYtSbOz6S,longingtocomehome,36000000,36M,home-library,DIY Dreamy Home Library 📚 The most common question we get about our library is how we built the shelves! The construction is pretty simple using 1x10,https://www.instagram.com/reel/DGQYtSbOz6S/,https://www.instagram.com/popular/home-library/
DHBihXfMPDA,aiforarchitects,34700000,34.7M,luxury-mansion,Mansion in Dubai: Experience ultra-modern elegance and unparalleled luxury with our black concept design. By @aiforarchitects 🖤🏡 #DubaiLuxury #UltraLu,https://www.instagram.com/reel/DHBihXfMPDA/,https://www.instagram.com/popular/luxury-mansion/
DXVKtYnjXXe,elysian__living,34000000,34M,rainy-day,the weather my soul craves ⛈️ comment RAIN for 🔗s to everything 🤍 #rainyday,https://www.instagram.com/reel/DXVKtYnjXXe/,https://www.instagram.com/popular/rainy-day/
DSxsu7HiQdV,archstudent.marteen,32000000,32M,architecture,few clips of my assignments from first semester #architecture #architecturestudent #modelbuilding #firs,https://www.instagram.com/reel/DSxsu7HiQdV/,https://www.instagram.com/popular/architecture/
DVgIXfOiIOq,nice_tower,31500000,31.5M,architecture,The fastest way to create a staircase in a rounded corner using the Shape Bender plugin in SketchUp,https://www.instagram.com/reel/DVgIXfOiIOq/,https://www.instagram.com/popular/architecture/
C2P_zWltLff,pupina,29000000,29M,amalfi-coast,Amalfi Coast in 48h ITALY 🇮🇹🛵💛 State organizzando una vacanza in costiera? Ecco cosa fare in 48h,https://www.instagram.com/reel/C2P_zWltLff/,https://www.instagram.com/popular/amalfi-coast/
C25OoI1IRag,homebyhyla,28600000,28.6M,ai-home-design;ai-interior;ai-interior-design;ai-interior-designer,"Projet L🍂 . Une pièce, deux angles ✨ . Designed by me @jb.interieurs .",https://www.instagram.com/reel/C25OoI1IRag/,https://www.instagram.com/popular/ai-interior-design/
Db_Rbvopxsw,north_cascades_haven,27900000,27.9M,cozy-cabin-in-the-snow,Who's ready for this?❄️🌨️🤍 #winter #cabin #snow #river #pnw,https://www.instagram.com/reel/Db_Rbvopxsw/,https://www.instagram.com/popular/cozy-cabin-in-the-snow/
DZtnXgNxk_G,shri_bk_babu,26800000,26.8M,modern-architecture,This old and forgotten house has now been transformed into a modern luxury space. Every corner h,https://www.instagram.com/reel/DZtnXgNxk_G/,https://www.instagram.com/popular/modern-architecture/
DWZGY4YjvrK,diniz_nasaroba,25000000,25M,garden-design,"Turn Your Yard Into a Paradise with This DIY Garden Hack! Stop scrolling! If you want to level up your landscaping, you need to see this. Using just a",https://www.instagram.com/reel/DWZGY4YjvrK/,https://www.instagram.com/popular/garden-design/
DNS1_gYMh2a,sunt_mrr,24500000,24.5M,bali-luxury-villas-with-private-pools,Luxury Ubud infinity villa . . . . . . . . . . . . . #midjourney #mariadudkina #luxuryinteriors #villa #bali #houses,https://www.instagram.com/reel/DNS1_gYMh2a/,https://www.instagram.com/popular/bali-luxury-villas-with-private-pools/
DJo4QLktHJz,cocinasintegralesjv,24000000,24M,walk-in-closet,#carpinteriaarquitectonica #walkingcloset #carpinteria #closets #closetbucaramanga #diseñodeinte,https://www.instagram.com/reel/DJo4QLktHJz/,https://www.instagram.com/popular/walk-in-closet/
DW4-fMTiB96,elitebuildhq,24000000,24M,modern-architecture,The Evolution of Luxury: The Living Garden Garage. 🌿🏎️ Witness the seamless blend of mode,https://www.instagram.com/reel/DW4-fMTiB96/,https://www.instagram.com/popular/modern-architecture/
C9p0BU1v_q-,kohlectcabins,23800000,23.8M,cozy-cabin,Yes or No?! 😍🏡🪵 💟 Follow @kohlectcabins for more! #cabin #cabinlife #c,https://www.instagram.com/reel/C9p0BU1v_q-/,https://www.instagram.com/popular/cozy-cabin/
DQzx59pEsqO,lisi.quietdiaries,22700000,22.7M,quiet-luxury,a quiet life feels like home #aesthetic #quietlife #slowlife,https://www.instagram.com/reel/DQzx59pEsqO/,https://www.instagram.com/popular/quiet-luxury/
DQ4OUB3Di0Y,wayup_media,22700000,22.7M,luxury-homes,"BOOM 💥 Dream home unlocked. This luxury build has a front courtyard and water features leading up to the entrance. The backyard has a sports court, so",https://www.instagram.com/reel/DQ4OUB3Di0Y/,https://www.instagram.com/popular/luxury-homes/
DWH04cZjysm,poool__creator,22100000,22.1M,garden-design,🌸 From nothing to perfection: this garden turned out insane! #GardenTransformation #DIYGarden #BackyardDesign #SatisfyingBuild #LandscapeDesign,https://www.instagram.com/reel/DWH04cZjysm/,https://www.instagram.com/popular/garden-design/
C6rOLbLriyx,iz__designs,21900000,21.9M,ai-interior-design;ai-interior-designer,New reel for livingroom Design & Render : @iz__designs Tell me What your thoughts,https://www.instagram.com/reel/C6rOLbLriyx/,https://www.instagram.com/popular/ai-interior-design/
DVynBeiCoLa,feliciaheesen,21800000,21.8M,home-decor-ideas,DIY Flower mirror 🌸🪞✨ #craft #creative #diy #handmade #homedecorideas cute craft handmade room decor inspiration,https://www.instagram.com/reel/DVynBeiCoLa/,https://www.instagram.com/popular/home-decor-ideas/
DDzlMQJCaJL,magnitudeconstruction,21100000,21.1M,luxury-villa,"Bringing Your Dream Villa to Life ✨ At Magnitude, every villa tells a story",https://www.instagram.com/reel/DDzlMQJCaJL/,https://www.instagram.com/popular/luxury-villa/
C1GMtBitz8c,nicolemsunderland,21000000,21M,overwater-villa,Best overwater villas 🥰🤯 #passportbyforbes #mydomainetravels #Tastemademedoit #iamatraveler #forbestravelguide,https://www.instagram.com/reel/C1GMtBitz8c/,https://www.instagram.com/popular/overwater-villa/
DUaQ1wEApi4,castlepics,20000000,20M,architecture,Cologne Cathedral (Kölner Dom) is one of Europe's most awe-inspiring Gothic masterpieces and a symbo,https://www.instagram.com/reel/DUaQ1wEApi4/,https://www.instagram.com/popular/architecture/
DP0eKr0joHI,ghstudio._,19700000,19.7M,house-in-the-forest,My Best Games Ever - 99 NIGHT IN THE FOREST | ROBLOX ANIMATION #roblox #nightintheforest,https://www.instagram.com/reel/DP0eKr0joHI/,https://www.instagram.com/popular/house-in-the-forest/
CyGpI71u_QA,jiqbalrealtor,19500000,19.5M,luxury-penthouse,"your dreamy nyc penthouse✨🌆 Follow @jiqbalrealtor for more content! For Inquiries contact me, Fill out the form link in",https://www.instagram.com/reel/CyGpI71u_QA/,https://www.instagram.com/popular/luxury-penthouse/
DW1VSs9DdYd,sanyamboraarchitects,19300000,19.3M,architecture,Some projects give themselves away the moment you lay eyes on them. And it's not because of a pretty rend,https://www.instagram.com/reel/DW1VSs9DdYd/,https://www.instagram.com/popular/architecture/
Da53cv3Tc-Q,_velvet_abode,18900000,18.9M,room-makeover,#home #Roommakeover #aesthetic #pintrest,https://www.instagram.com/reel/Da53cv3Tc-Q/,https://www.instagram.com/popular/room-makeover/
C9z7ny9syhE,reschio,18800000,18.8M,luxury-pool,"In the intense summer heat, Reschio remains an oasis of serenity. The castle swimming pool, ben",https://www.instagram.com/reel/C9z7ny9syhE/,https://www.instagram.com/popular/luxury-pool/
ChOvEWRq9Og,jetset_anna,18800000,18.8M,lake-como-villa,"Possibly one of my most favourite places in the whole of Lake Como, is the beautiful Villa del Balbianello 💙 The villa was originally a private reside",https://www.instagram.com/reel/ChOvEWRq9Og/,https://www.instagram.com/popular/lake-como-villa/
DWrf3s5kzC7,thehomopien,18500000,18.5M,inside-underground-bunker-house,I Built a Luxury Tiny House Inside an Underground Bunker #transformation #bunker #underground,https://www.instagram.com/reel/DWrf3s5kzC7/,https://www.instagram.com/popular/inside-underground-bunker-house/
C8x0GQBOeG9,karolaineponci,18100000,18.1M,amalfi-coast,"I fell in love and now I want to visit this beautiful place 📍Positano, Amalfi Coast, Italy 🇮🇹",https://www.instagram.com/reel/C8x0GQBOeG9/,https://www.instagram.com/popular/amalfi-coast/
DWtdzmuDh4P,diycraftstvofficial,17600000,17.6M,container-home-luxury-models-2026,Luxury Container Villa Village With Private Pools,https://www.instagram.com/reel/DWtdzmuDh4P/,https://www.instagram.com/popular/container-home-luxury-models-2026/
DMJWZAYxYLS,ariffathulhakim,17400000,17.4M,rainy-day,can we pls talk about the beauty of rainy summer days ⛈️☔️ #newyork,https://www.instagram.com/reel/DMJWZAYxYLS/,https://www.instagram.com/popular/rainy-day/
DULItzMjQq7,design_x_interior,17400000,17.4M,luxury-bedroom-design,Client: I want Super luxury bedroom in my budget 💸 Site Location - Bhaatipara Road Ambikapur Chhat,https://www.instagram.com/reel/DULItzMjQq7/,https://www.instagram.com/popular/luxury-bedroom-design/
DXC3fVijoEN,elitebuildhq,17300000,17.3M,underground-house,"The Ultimate Secret Underground Oasis 🌊💎 . Experience the future of sustainable luxury. Step inside this breathtaking underground container home, wher",https://www.instagram.com/reel/DXC3fVijoEN/,https://www.instagram.com/popular/underground-house/
CpkH2qfguh_,gabscanu,17100000,17.1M,overwater-villa,Is this the ultimate villa/playground? TAG someone you'd stay here with! 💙 📍 @discoversoneva #sonevajani #discoversoneva,https://www.instagram.com/reel/CpkH2qfguh_/,https://www.instagram.com/popular/overwater-villa/
DaM-d0KTKUQ,kratosdigitalarts,17100000,17.1M,ai-art,Made with PicsArt 🤍✨ Create Using - @picsart Oggy and the Cockroaches peacefully sleep,https://www.instagram.com/reel/DaM-d0KTKUQ/,https://www.instagram.com/popular/ai-art/
DX46CqWjZej,imtiazsahib33,16600000,16.6M,underground-house,Building a SECRET Underground Room Under My Lawn! 😱⛏️ #diy #bunker #construction #underground #secretroom #hiddengem #backyardproject,https://www.instagram.com/reel/DX46CqWjZej/,https://www.instagram.com/popular/underground-house/
DXPCR1cE_iL,jonaways,16600000,16.6M,bali-luxury-villas-with-private-pools,Bali feels like a dream every time 😍 Send this to your favorite travel person 🌴 Places like @ulamanbali make it even more,https://www.instagram.com/reel/DXPCR1cE_iL/,https://www.instagram.com/popular/bali-luxury-villas-with-private-pools/
DWwbKkRknNK,swaraagharat,16500000,16.5M,maldives-resort,POV: this feeling when you arrive in the Maldives🇲🇻😍 @furaverimaldives #reels #maldives #travels #re,https://www.instagram.com/reel/DWwbKkRknNK/,https://www.instagram.com/popular/maldives-resort/
DbvdeXsNDcc,edin.flat,16100000,16.1M,home-decor,AD | upgrading our movie nights with @fancyleds 🎬 I've had LED lights behind the TV for a few ye,https://www.instagram.com/reel/DbvdeXsNDcc/,https://www.instagram.com/popular/home-decor/
DYPJn3DMuaV,myplants.uae,15600000,15.6M,landscape-design-ai,Send this to someone who'd turn a small garden into their dream escape 🌺✨ A hidden pond,https://www.instagram.com/reel/DYPJn3DMuaV/,https://www.instagram.com/popular/landscape-design-ai/
C_5u72pxVBx,elarch.studio,15500000,15.5M,ultra-modern-luxury-house-design,"Renderizado por @elarch.studio, este projeto noturno para @arquiteturash é uma verdadeira obra de arte moderna. A volumetria",https://www.instagram.com/reel/C_5u72pxVBx/,https://www.instagram.com/popular/ultra-modern-luxury-house-design/
DSNLwLZCKcD,architect_hitesh,14900000,14.9M,modern-villa,Ultra Luxury Morden villa || #explore #home #luxurylifestyle,https://www.instagram.com/reel/DSNLwLZCKcD/,https://www.instagram.com/popular/modern-villa/
DWs7LG-EoZT,greengenielandscapes,14800000,14.8M,luxury-garden,Luxury landscaping 🧞‍♂️ #gardeninspiration #landscaping #design,https://www.instagram.com/reel/DWs7LG-EoZT/,https://www.instagram.com/popular/luxury-garden/
DLI3AbXsnNC,archibible,14300000,14.3M,midjourney-architecture,Alpine Future . . Follow if you'd like to see more!👨🏻‍💻 Shop link in bio 🖼️ DM for commissions 📩 ——————————————————- Animations designed by @archibibl,https://www.instagram.com/reel/DLI3AbXsnNC/,https://www.instagram.com/popular/midjourney-architecture/
C7mtT4-yj7n,nostalgicraindrops,14100000,14.1M,rain-sounds,Sleep fast with my rain sleep video playlist in bio! ♥️ I would sleep soundly here 🥺☔️ Just what I need now 😭☔️ Feel free to watch our videos while st,https://www.instagram.com/reel/C7mtT4-yj7n/,https://www.instagram.com/popular/rain-sounds/
C5CQZGiP15N,spirithiker,13800000,13.8M,treehouse-hotel,Can you imagine waking up here? 🌲#treehouse This magical forest property has 7 unique treehouses you can stay overnight in! Life here is about living,https://www.instagram.com/reel/C5CQZGiP15N/,https://www.instagram.com/popular/treehouse-hotel/
DRnDRfOjAbX,juliagal_,13600000,13.6M,luxury-hotel,Just checked into the dreamiest hotel room ever😍🪄,https://www.instagram.com/reel/DRnDRfOjAbX/,https://www.instagram.com/popular/luxury-hotel/
DW3n03NCOri,proud_and_property,13500000,13.5M,dream-home,A beautiful 2 Kanal Royal Palace House (Without Basement) is now available for sale!,https://www.instagram.com/reel/DW3n03NCOri/,https://www.instagram.com/popular/dream-home/
CvNKxqDtAj1,homeofmerve,13100000,13.1M,bedroom-decor;bedroom-design;cozy-bedroom-ideas;dream-bedroom-decor-ideas,liebs💓🫶🏽 #bedroom • • • • • • • • • • • • • • • #interior #inspohome #interiorhome #bedroominspiration #schlafzimmerinspiration,https://www.instagram.com/reel/CvNKxqDtAj1/,https://www.instagram.com/popular/bedroom-design/
DS_uPLMlNwQ,calm_neststudio,13100000,13.1M,cozy-rain;rain-cozy;rain-sounds,"Relaxing Gentle Rain, for longer rain videos on my Youtube #sleepingrain #asmrain #relaxingrainforsleep #relaxingforsleep #rainforsleeping #gentlerain",https://www.instagram.com/reel/DS_uPLMlNwQ/,https://www.instagram.com/popular/cozy-rain/
CxH3K5IL2w6,lk4id,13000000,13M,futuristic-interior;luxury-apartment,Modern urban #penthouse living area 🥂 #housetour #walkthrough #virtualreality #render #livingroom #condo #virtualtour #livingroominspo #livingroomdesi,https://www.instagram.com/reel/CxH3K5IL2w6/,https://www.instagram.com/popular/futuristic-interior/
DJgR8XtsFQ2,holayasmin_,12700000,12.7M,cottagecore-living-room-design,Happy Weekend✨ . . . . . #livingroom #livingroominspo #interior_and_living #altbauliebe #elegant #apartmenttherapy #parisianstyle #parisianamour #aest,https://www.instagram.com/reel/DJgR8XtsFQ2/,https://www.instagram.com/popular/cottagecore-living-room-design/
DUv6Hefgpjs,not_your_basic_build,12600000,12.6M,underground-house,I Built a Secret Underground Bunker Alone Ever wondered what's hidden beneath a simple backyard? Watch this satisfying 45-day timelapse of building a,https://www.instagram.com/reel/DUv6Hefgpjs/,https://www.instagram.com/popular/underground-house/
DJyM7Akq1RY,lakecomo_boat,12400000,12.4M,como-lake-villas;lake-como-villa,"LAKE COMO ✨🇮🇹 🎻 ""Lunch on the lake"" 4 hrs private Cruise PRIVATE CRUISE – from Varenna and Bellagio stop for lunch and villa A wonderful opportunity t",https://www.instagram.com/reel/DJyM7Akq1RY/,https://www.instagram.com/popular/lake-como-villa/
DX3a6h_CvdH,lakecomo_boat,12400000,12.4M,lake-como-villa,"POV: you finally understand Lake como 🇮🇹✨ PRIVATE CRUISE 3 hours Wooden boats, iconic car, Golden light, champagne in hand… and nothing else matters.",https://www.instagram.com/reel/DX3a6h_CvdH/,https://www.instagram.com/popular/lake-como-villa/
C7ReAAISXLL,earthfm_net,12100000,12.1M,rainy-day,"On rainy days, away from the noisycity, feel a cool and comfortable.. #rain #raining",https://www.instagram.com/reel/C7ReAAISXLL/,https://www.instagram.com/popular/rainy-day/
DVI8mxrjUGN,zinapoyalar_uz,11800000,11.8M,architecture,#foryou #reels #rek #architecture #construction,https://www.instagram.com/reel/DVI8mxrjUGN/,https://www.instagram.com/popular/architecture/
DVGaPhTDQO8,jen.casanovas.ibiza,11700000,11.7M,architecture,Testing new doors for clients new houses 😮‍💨 #realestate #architecture #design #porce,https://www.instagram.com/reel/DVGaPhTDQO8/,https://www.instagram.com/popular/architecture/
DU18Wc1kQNI,poladcrete,11700000,11.7M,backyard-design,"Minimal design. Maximum peace. We turn unused spaces into clean, functional, and modern ba",https://www.instagram.com/reel/DU18Wc1kQNI/,https://www.instagram.com/popular/backyard-design/
DS8X3AKk_vU,ai.design.ideas,11300000,11.3M,industrial-interior,"MODERN LOFT Design (Before → After) Originally, this loft presented itself as an unfinished",https://www.instagram.com/reel/DS8X3AKk_vU/,https://www.instagram.com/popular/industrial-interior/
DVi-WL4kRm2,mycozycorner_28,11200000,11.2M,home-decor-ideas,"From a plain wall to Pinterest vibes ✨ All it took was one neon light. Simple, budget-friendly, and such a mood changer.",https://www.instagram.com/reel/DVi-WL4kRm2/,https://www.instagram.com/popular/home-decor-ideas/
DcRFxpMITCJ,sellingwithsimmrit,10700000,10.7M,dubai-villa,35 Million Dirhams Home Tour 🤩 . . . #luxuryliving #dubai #richierich #damacproperties,https://www.instagram.com/reel/DcRFxpMITCJ/,https://www.instagram.com/popular/dubai-villa/
DZ-j3rtI5AA,northern___bear,10400000,10.4M,hunza-valley-luxury-resorts,Shangrila Resort Skardu,https://www.instagram.com/reel/DZ-j3rtI5AA/,https://www.instagram.com/popular/hunza-valley-luxury-resorts/
DVOqMmzCRgK,_jeni__va,10300000,10.3M,dream-room,"My simple room without new bed and furniture, (wardrobe) 🩵🥺🌷",https://www.instagram.com/reel/DVOqMmzCRgK/,https://www.instagram.com/popular/dream-room/
C-ks822KeDg,abdullahaslanoglu_,10200000,10.2M,modern-house;modern-villa,Modernism touched by light 💥 @abdullahaslanoglu_ #REKLAM #building #buildingdesign #3dbuilding,https://www.instagram.com/reel/C-ks822KeDg/,https://www.instagram.com/popular/modern-house/
DVGl8ltDtL_,wayup_media,10200000,10.2M,real-estate,"This answer says more about your marriage than you might think 😂 Tag her to see if you got it right. One home gives full luxury castle vibes, the next",https://www.instagram.com/reel/DVGl8ltDtL_/,https://www.instagram.com/popular/real-estate/
DKOV1oESWwa,aura.__.films,10000000,10M,rainy-day,Rainy season is here <3 #rainydays☔️ #rainday #ａｅｓｔｈｅｔｉｃ #reels #viral #monsoon,https://www.instagram.com/reel/DKOV1oESWwa/,https://www.instagram.com/popular/rainy-day/
DNEAJl7TQ8U,predmet_ai,9900000,9.9M,ai-render,Feel the Vibe ✨ Prompts & Art: @predmet_ai Made by Midjourney • AE • Kling AI #future #city #fl,https://www.instagram.com/reel/DNEAJl7TQ8U/,https://www.instagram.com/popular/ai-render/
ClqxD0UjSbJ,wayup_media,9800000,9.8M,luxury-real-estate,Would you live here?? Sneak peak into a magnificent property we shot yesterday 🥂 Builder: @lamarcohomes Architect: @martinisamartinodesigngroup Design,https://www.instagram.com/reel/ClqxD0UjSbJ/,https://www.instagram.com/popular/luxury-real-estate/
DX4piBMuBnd,explaining.architecturee,9700000,9.7M,architecture,They told the architect his design was impossible. He built it anyway. And it became the most recognizab,https://www.instagram.com/reel/DX4piBMuBnd/,https://www.instagram.com/popular/architecture/
DI9Q70Uo8fB,luxuriatetouche,9700000,9.7M,ultra-modern-luxury-house-design,Luxury modern house exterior design 🏠 #lightingdesign #lightingdecor #lighting #lightdesign #livingarea #livingspace #bedroominterior #bedroomdecor #l,https://www.instagram.com/reel/DI9Q70Uo8fB/,https://www.instagram.com/popular/ultra-modern-luxury-house-design/
DTLBYuJCEXv,calm_and_cozy_moments,9400000,9.4M,green-minimalist-interior-design,💚💚💚 * * * #plantsarefriends #plantsmakepeoplehappy #plantmom #plantlover #crazyplantlady urbanjungleblog houseplantclub houseplantlove bohointeriors b,https://www.instagram.com/reel/DTLBYuJCEXv/,https://www.instagram.com/popular/green-minimalist-interior-design/
Da-iZyqNJ-P,day_design_101,9200000,9.2M,landscape-design,Watch the amazing process of designing and building this beautiful landscape from,https://www.instagram.com/reel/Da-iZyqNJ-P/,https://www.instagram.com/popular/landscape-design/
DW6LdVcDGeh,buildcraft.hq,9200000,9.2M,future-home,The Future of Architectural Excellence: A Masterpiece Unveiled. Experience the pinnacle of innovation where,https://www.instagram.com/reel/DW6LdVcDGeh/,https://www.instagram.com/popular/future-home/
DVGfCUaCIZa,psychologyfacts0099,9000000,9M,interior-styling,Would you sleep here for $1 Million? 🐊💸 We built an underground container home with a direct view into a crocodile river. From rusty,https://www.instagram.com/reel/DVGfCUaCIZa/,https://www.instagram.com/popular/interior-styling/
DbRAPWasT_E,designevolutionn,8900000,8.9M,luxury-garden,"EN | A garden is more than a collection of plants, pathways, and architectural elements—it is a reflection of the life lived within it. This villa gar",https://www.instagram.com/reel/DbRAPWasT_E/,https://www.instagram.com/popular/luxury-garden/
DWzPi-IgcuY,soldbytyler,8800000,8.8M,real-estate,"Which GTA house would you rather to live in? 🤔 List: @resnickandnash DM me for all Buying, Selling, and Leasing in LA. 📲 Personal",https://www.instagram.com/reel/DWzPi-IgcuY/,https://www.instagram.com/popular/real-estate/
DE-hvtFImVY,juliagal_,8700000,8.7M,best-rooftop-pools,Tag someone you would bring here🥂 #dubai #beautifulhotels #hotelsandresorts #luxuryvacations #best_worldplaces #luxury,https://www.instagram.com/reel/DE-hvtFImVY/,https://www.instagram.com/popular/best-rooftop-pools/
DDnJ5x6tfYm,wifizei,8600000,8.6M,luxury-life;luxury-lifestyle,Future Life 🫀💸 #luxury #success #wealth #rich,https://www.instagram.com/reel/DDnJ5x6tfYm/,https://www.instagram.com/popular/luxury-lifestyle/
DZU_GwjO1sk,ryanserhant,8400000,8.4M,jamesedition-luxury-homes,He said this was just ONE of his houses?!,https://www.instagram.com/reel/DZU_GwjO1sk/,https://www.instagram.com/popular/jamesedition-luxury-homes/
DUbXaywiEol,ell.glamhome,8200000,8.2M,dream-bedroom;dream-room,When 🦋 meet 🌸 #bedroom #bedroomideas #bedroomdesign There is a tiny line between dreams,https://www.instagram.com/reel/DUbXaywiEol/,https://www.instagram.com/popular/dream-bedroom/
Coh1BTUD6jx,wayup_media,8200000,8.2M,luxury-real-estate,How much is this home is worth?? Architect: @azdarchitects #luxuryhomes #luxurylifestyle #realestate #cool #luxury #wealth #money,https://www.instagram.com/reel/Coh1BTUD6jx/,https://www.instagram.com/popular/luxury-real-estate/
DOHJ3rMgVna,luxurydreamhub,8200000,8.2M,luxury-kitchen-design,"Kitchen goals! ✨ This stunning, crystal-like island is a true work of art, blend",https://www.instagram.com/reel/DOHJ3rMgVna/,https://www.instagram.com/popular/luxury-kitchen-design/
DOvkVSNCDEW,soothenests,8100000,8.1M,ai-cozy-cabin,Snuggled Up & Storm Watching: The Perfect Cozy Cabin,https://www.instagram.com/reel/DOvkVSNCDEW/,https://www.instagram.com/popular/ai-cozy-cabin/
DYb16b-sSeI,lisaabue,8000000,8M,maldives-villa,*Anzeige wegen Markennennung Wait till you see my morning view. This is how I could wake up every single day 🥹😮‍💨,https://www.instagram.com/reel/DYb16b-sSeI/,https://www.instagram.com/popular/maldives-villa/
CXBhl3MhCSp,utahrealestatepaige,8000000,8M,real-estate,"I am going to make sure every buyer sees your home, market it perfectly, and get you the max price out of it. I can tell you exactly what will happen",https://www.instagram.com/reel/CXBhl3MhCSp/,https://www.instagram.com/popular/real-estate/
DIIVFFFR6zb,capsulecastle2025,8000000,8M,capsule-castle-luxury-space-capsule-houses,Do you like this kind of house?✨#mobilehomes #tinyhomedesign #tinyhousedesign #minimalistlifestyle #hoteldesign #tinyhomeliving #CapsuleCastle #capsul,https://www.instagram.com/reel/DIIVFFFR6zb/,https://www.instagram.com/popular/capsule-castle-luxury-space-capsule-houses/
Dcaa0dWt5M-,thecozyeditx,8000000,8M,cozy-room,Exactly where I want to be 🫠,https://www.instagram.com/reel/Dcaa0dWt5M-/,https://www.instagram.com/popular/cozy-room/
C0Z3E2dPZpN,ambitiouskitchen,7900000,7.9M,kitchen-inspiration,"when you're a food blogger + mama of 3, a super functional kitchen is EVERYTHING! I'm truly so so grateful for this space that I've been dreaming abou",https://www.instagram.com/reel/C0Z3E2dPZpN/,https://www.instagram.com/popular/kitchen-inspiration/
DLNhRhFykn0,tuesday_leroux,7800000,7.8M,mansion-tour,$48.6M Mansion! @fiduproperties @nazish8 . Content Director: @dayonlavetale . . . #mansion #luxury,https://www.instagram.com/reel/DLNhRhFykn0/,https://www.instagram.com/popular/mansion-tour/
C0ewp4eRrH8,ryanknoch,7800000,7.8M,modern-luxury-house-interiors,"🔥A masterful expression of desert modern living, this new architectural luxurious home with outstanding",https://www.instagram.com/reel/C0ewp4eRrH8/,https://www.instagram.com/popular/modern-luxury-house-interiors/
DL2VU8EOcNX,desertmidmod.atx,7700000,7.7M,outdoor-kitchen,One step away from finishing our weatherproof outdoor kitchen 🙌🏼 parts 1-3 are already live,https://www.instagram.com/reel/DL2VU8EOcNX/,https://www.instagram.com/popular/outdoor-kitchen/
CFzTn80qKjM,jordi.koalitic,7700000,7.7M,infinity-pools,Infinite pool ♾ Thanks @gloriette_guesthouse for the experience 💧 . In frame @puigbabeauty . #reels #dolomites #pool #video #jordikoa,https://www.instagram.com/reel/CFzTn80qKjM/,https://www.instagram.com/popular/infinity-pools/
DbDFrUEK-mt,eloisepreen,7600000,7.6M,mid-century-modern-living-room-ideas,god forbid I love to stay at home 🏡😌 #midcenturymodern #livingroominspo #interiordesign #apartmenttherapy #sade,https://www.instagram.com/reel/DbDFrUEK-mt/,https://www.instagram.com/popular/mid-century-modern-living-room-ideas/
DVFCfTjD8aF,erisa_mema,7500000,7.5M,architecture,Vintage architectural drawing #architecture #architecturestudent #architectureschool #art #architecturec,https://www.instagram.com/reel/DVFCfTjD8aF/,https://www.instagram.com/popular/architecture/
DQ20_hkCG1S,nouxri,7500000,7.5M,dubai-luxury,Imagine swimming with this view 😍 #dubai,https://www.instagram.com/reel/DQ20_hkCG1S/,https://www.instagram.com/popular/dubai-luxury/
DZpKRhivkRG,traveltomtom,7500000,7.5M,maldives-resort;maldives-villa,POV: Your villa has a private waterslide directly into the ocean! 🛝🌊 Welcome to our overwater villa in the Maldives,https://www.instagram.com/reel/DZpKRhivkRG/,https://www.instagram.com/popular/maldives-villa/
DayX9WPuh-V,oykuwear,7400000,7.4M,tulum,rekor satan tulumlarımıza yeni renkler ekleyip tüm stokları açtıkta bi bakınııız!😁🫵🏻 #tulum #ootd #ootdfashion #outfit #keşfet,https://www.instagram.com/reel/DayX9WPuh-V/,https://www.instagram.com/popular/tulum/
C3abe85I_vw,sireen.design,7400000,7.4M,ai-interior-design,"Interior design for living room 🤎✨ Software: 3D max , vray ,Photoshop #architecture",https://www.instagram.com/reel/C3abe85I_vw/,https://www.instagram.com/popular/ai-interior-design/
DVpiVHgkQVw,iambeccaluna,7300000,7.3M,cabin;house-in-forest,I cry thinking about this 🥹🥹 #cabininthewoods #cabin #dreamhome,https://www.instagram.com/reel/DVpiVHgkQVw/,https://www.instagram.com/popular/cabin/
Dain7u4qfku,mona.co98000,7300000,7.3M,monaco,#monaco #montecarlo,https://www.instagram.com/reel/Dain7u4qfku/,https://www.instagram.com/popular/monaco/
CwTBiWeK6uY,ki.render,7300000,7.3M,ai-interior-design;ai-interior-designer,"Living & kitchen area 🤎 . Visualization: @ki.render Software: 3dsMax, Corona Render Year: 2023",https://www.instagram.com/reel/CwTBiWeK6uY/,https://www.instagram.com/popular/ai-interior-design/
DVAOBuiEjci,almostlove21,7300000,7.3M,dream-room,My cozy room 😍 . #aestheticroom #roomtour #cozyroom,https://www.instagram.com/reel/DVAOBuiEjci/,https://www.instagram.com/popular/dream-room/
C24_SYQxzLT,astralserenity,7200000,7.2M,dream-bedroom;dream-bedrooms,Choose a bedroom 🌟 #reels #fyp #rain #snow #dark #mystery,https://www.instagram.com/reel/C24_SYQxzLT/,https://www.instagram.com/popular/dream-bedroom/
Dcnh66ERGzY,craftlab2050,7100000,7.1M,treehouse,Building an Epic Treehouse Cabin in the Jungle 🌲✨ #treehouse #woodworking #offgrid #diyprojects #architecture,https://www.instagram.com/reel/Dcnh66ERGzY/,https://www.instagram.com/popular/treehouse/
CliwGcVJ29F,positanese.tour,7000000,7M,amalfi-coast,✨The Amalfi Coast viewed from the sea is simply stunning✨ Book your exclusive private boat excursion with,https://www.instagram.com/reel/CliwGcVJ29F/,https://www.instagram.com/popular/amalfi-coast/
DLT6Q7IsIZp,shanwicki,7000000,7M,glamping-ideas,"Camping in style ☀️🏕️ leave ""link"" in the comments and I'll send you tent details and my glamping must",https://www.instagram.com/reel/DLT6Q7IsIZp/,https://www.instagram.com/popular/glamping-ideas/
DRj3cZ3jQj7,11.asiya.11,6900000,6.9M,dream-life,Добро пожаловать ко мне в блог 🌸 Подпишись 🥹🤌🏼 @11.asiya.11,https://www.instagram.com/reel/DRj3cZ3jQj7/,https://www.instagram.com/popular/dream-life/
DNFJflNzAYj,kerala_architectures,6900000,6.9M,tropical-house-architecture-styles,🏡 Tropical Modern Bliss in the Heart of Kerala 🌴✨ This stunning 4BHK home is a perfect blend of minimal design and Kerala's lush charm. Surrounded by,https://www.instagram.com/reel/DNFJflNzAYj/,https://www.instagram.com/popular/tropical-house-architecture-styles/
DG-dfDMMxzF,sunt_mrr,6800000,6.8M,cliff-house,Villa in the rock with a dream view . . . . . . . . . . . . . #midjourney,https://www.instagram.com/reel/DG-dfDMMxzF/,https://www.instagram.com/popular/cliff-house/
DW0xoVpj7No,simplevision_andro,6800000,6.8M,modern-architecture,Hidden Staircase Concept Hidden staircase is very convenient — but it's more than just a fun,https://www.instagram.com/reel/DW0xoVpj7No/,https://www.instagram.com/popular/modern-architecture/
C20JhAHLOGJ,lovedwellstudio,6700000,6.7M,ai-home-design,Give me all the neutrals 🤩 AI Design by @lovedwellstudio #Moodboard #Interiordesigninspo,https://www.instagram.com/reel/C20JhAHLOGJ/,https://www.instagram.com/popular/ai-home-design/
DF54R4vKbJu,binas_home,6700000,6.7M,luxury-bathroom-design;luxury-bathroom-interior-design-inspiration;quiet-luxury-bathroom,"Always WOW ✨ Jedes Mal, wenn ich dieses Badezimmer betrete, ist es wieder ein WOW-Moment! Egal, wi",https://www.instagram.com/reel/DF54R4vKbJu/,https://www.instagram.com/popular/luxury-bathroom-interior-design-inspiration/
C_xQgjiyYzp,luxurypropertyvlogs,6700000,6.7M,luxury-home-theater-ideas,Share with your friends ❤️ . Home theatre design for your house✨,https://www.instagram.com/reel/C_xQgjiyYzp/,https://www.instagram.com/popular/luxury-home-theater-ideas/
ChlPcTGjdAh,journey.more,6700000,6.7M,a-frame-modern-cabins,The A-Frame at Evergreen Cabins is incredible!😍 Would you stay here and use that slide out bed? - Link in our BIO to book this,https://www.instagram.com/reel/ChlPcTGjdAh/,https://www.instagram.com/popular/a-frame-modern-cabins/
DW8_CcQESn8,visionbuildofficial,6600000,6.6M,modern-architecture,The Craziest Snake Tower Ever Built in the USA 🐍🏙️ #ConstructionUSA #SkyscraperBuild #Timel,https://www.instagram.com/reel/DW8_CcQESn8/,https://www.instagram.com/popular/modern-architecture/
DNkc9c-sjx4,syifa_in_switzerland,6600000,6.6M,swiss-chalet,SWITZERLAND PARADISE🇨🇭🇨🇭 #syifainswitzerland #swiss #swiss🇨🇭 #switzerland🇨🇭 #switzerland #schweiz #schweizeralpen,https://www.instagram.com/reel/DNkc9c-sjx4/,https://www.instagram.com/popular/swiss-chalet/
C3khRTYoTcD,stayvista_official,6500000,6.5M,infinity-pools,"Dive into luxury at our breathtaking infinity pool villa🌅🌟 Sunset on the Lake,Igatpuri 📍 5 Bedrooms🛏️ | 6 Baths🛁| 20 guests max 👥 This serene getawa",https://www.instagram.com/reel/C3khRTYoTcD/,https://www.instagram.com/popular/infinity-pools/
C9FRKpjOSoi,girardteam,6300000,6.3M,home-theater,𝐄𝐏𝐈𝐂 𝐇𝐨𝐦𝐞 𝐓𝐡𝐞𝐚𝐭𝐫𝐞 🎥 𝘛𝘢𝘨 𝘢 𝘧𝘳𝘪𝘦𝘯𝘥 𝘺𝘰𝘶'𝘥 𝘭𝘰𝘷𝘦 𝘵𝘰 𝘸𝘢𝘵𝘤𝘩 𝘺𝘰𝘶𝘳 𝘧𝘢𝘷𝘰𝘶𝘳𝘪𝘵𝘦 𝘮𝘰𝘷𝘪𝘦 𝘸𝘪𝘵𝘩 — 𝘸𝘩𝘢𝘵,https://www.instagram.com/reel/C9FRKpjOSoi/,https://www.instagram.com/popular/home-theater/
DORUMUqkc2W,cosyacademia,6300000,6.3M,cozy-rain,who else feels happiest when the weather is moody and stormy? ⛈️ all my fellow rainy day lovers belong here 🫶🏻 There's just something about those rain,https://www.instagram.com/reel/DORUMUqkc2W/,https://www.instagram.com/popular/cozy-rain/
C9HhYw3MmE_,inside_142,6200000,6.2M,dream-kitchens;kitchen-design;kitchen-inspiration;modern-kitchen;organic-modern-kitchen-designs,Adding fruit = adding colour right? 🍌 🍑 For all of the haters I've had over the years about my kitch,https://www.instagram.com/reel/C9HhYw3MmE_/,https://www.instagram.com/popular/modern-kitchen/
DUwE2j9kger,bbqislandsanddesigns,6200000,6.2M,outdoor-kitchen;outdoor-living,"One of our most popular layouts for a reason 😍 Functional, stylish, and made to last.",https://www.instagram.com/reel/DUwE2j9kger/,https://www.instagram.com/popular/outdoor-kitchen/
DbCLhflMhzB,smallcountryhome,6200000,6.2M,home-decor,this feeling needs to be studied 🙂‍↕️ #home #homedecor #cottage #nostalgia,https://www.instagram.com/reel/DbCLhflMhzB/,https://www.instagram.com/popular/home-decor/
CvKzsAuN3pS,mollybowenco,6200000,6.2M,luxury-bathroom-design;quiet-luxury-bathroom,Dream bathroom essentials… Soaking tub 🛀 Swoon-worthy tile 🤩 Mood lighting 💡 Follow @mollybowenco for more renovations and design inspo Floor & Wall T,https://www.instagram.com/reel/CvKzsAuN3pS/,https://www.instagram.com/popular/quiet-luxury-bathroom/
DKlpwIsBsfB,majestic_manors_assam,6200000,6.2M,dream-house-design,🚨 Everyone thought we spent over a crore... until we told them it was just ₹48 Lakhs. This 2700 sq.ft modern-luxury home isn't a rich man's dream — it,https://www.instagram.com/reel/DKlpwIsBsfB/,https://www.instagram.com/popular/dream-house-design/
Cp8I_tjjOng,zeynepshome,6100000,6.1M,minimalist-interior,Sunny day ☀️☀️ Wishing you all a fantastichen evening lovelies 😘😘😘 _______________ Das wird wohl Heute ein Son,https://www.instagram.com/reel/Cp8I_tjjOng/,https://www.instagram.com/popular/minimalist-interior/
DdDJWU_zC1F,homemaking55,6100000,6.1M,treehouse,Treehouses village strong winds blowing #treehouse #treetophouse,https://www.instagram.com/reel/DdDJWU_zC1F/,https://www.instagram.com/popular/treehouse/
DPik9aHAdpr,arunashokanphotography,6100000,6.1M,biophilic-bedroom-design,Home 🌟 11:11,https://www.instagram.com/reel/DPik9aHAdpr/,https://www.instagram.com/popular/biophilic-bedroom-design/
DXMw4QLjB35,lena_nichi_art,6000000,6M,ai-cozy-cabin,Would you dare spend the night here? Send this to the one you'd take with you. And save it,https://www.instagram.com/reel/DXMw4QLjB35/,https://www.instagram.com/popular/ai-cozy-cabin/
DEZr68gOpD0,stylarc,6000000,6M,luxury-real-estate-mansion-exterior,We take your home to the 5th dimension. #getSTYLd • Take a walk through the most luxurious home,https://www.instagram.com/reel/DEZr68gOpD0/,https://www.instagram.com/popular/luxury-real-estate-mansion-exterior/
DZqhf_pAUW6,relaxationreflections_,6000000,6M,rain-cozy,Still awake? Maybe tonight isn't asking you to figure everything out. 🌧️🌙 Maybe tonight is simply asking you to listen to the rain and let your mind r,https://www.instagram.com/reel/DZqhf_pAUW6/,https://www.instagram.com/popular/rain-cozy/
DbaX2stoUyc,belinomebel,5900000,5.9M,modern-kitchen,#luxurylifestyle #modernkitchen #modernkitchendesign #bestkitchen,https://www.instagram.com/reel/DbaX2stoUyc/,https://www.instagram.com/popular/modern-kitchen/
DDR89qOo08t,soothenests,5800000,5.8M,dream-bedroom,Euphoria Awaits: Snowflakes and Serenity in My Cozy Bedroom #cozybedroom #luxuryapartment,https://www.instagram.com/reel/DDR89qOo08t/,https://www.instagram.com/popular/dream-bedroom/
DBvoA6IIZqo,theluxuryhomeshow,5800000,5.8M,miami-mansion,"What $48,000,000 Buys You in Fort Lauderdale, Florida 🇺🇸 Full episode coming to our Y",https://www.instagram.com/reel/DBvoA6IIZqo/,https://www.instagram.com/popular/miami-mansion/
C8ry_2ENAqh,leylaa__asgarii,5800000,5.8M,ai-interior-designer,Interior design of the residential project Architects: @leylaa__asgarii @mohsen.hamzelouie Visualization: @leylaa__asgarii @mohsen.hamzelouie Location,https://www.instagram.com/reel/C8ry_2ENAqh/,https://www.instagram.com/popular/ai-interior-designer/
DBzntoio6aS,divaa.finds,5800000,5.8M,dream-bedroom-decor-ideas,"✨ Welcome to My Dreamy Bedroom! ✨ Here's how I've transformed my space into a cozy, stylish sanctuary: 🌸 Elegant Decor: Soft colors and chic wall art",https://www.instagram.com/reel/DBzntoio6aS/,https://www.instagram.com/popular/dream-bedroom-decor-ideas/
DAgLUmnMdK6,tiffany_design_studio,5800000,5.8M,dreamy-walk-in-closet-designs-ideas,Adding a walk-in closet to a bedroom? Wait for it ⤴️💎✨ • • • #tiffanydesignstudio,https://www.instagram.com/reel/DAgLUmnMdK6/,https://www.instagram.com/popular/dreamy-walk-in-closet-designs-ideas/
DWRoMsiDMrX,archstudent.marteen,5700000,5.7M,architecture,first year is almost done I can't believe it #architecture #architecturestudent #firstyeararchitectur,https://www.instagram.com/reel/DWRoMsiDMrX/,https://www.instagram.com/popular/architecture/
DNSvzxDyaHq,survival.stuffs,5700000,5.7M,house-in-the-forest,Building a Survival Tower in the middle of nowhere - PART 1!🪵🪓🏘️ #bushcraft,https://www.instagram.com/reel/DNSvzxDyaHq/,https://www.instagram.com/popular/house-in-the-forest/
DcBo39hzatO,enteheaven,5700000,5.7M,room-makeover,My heaven🥹🤌🏻 #pinterestyfinds #pinterestyroom #roommakover,https://www.instagram.com/reel/DcBo39hzatO/,https://www.instagram.com/popular/room-makeover/
C6_JZ_3CBEw,sala.khaoyai,5700000,5.7M,infinity-pools,Swimming with the clouds. That's the sensation in our infinity pool. Experience the ultimate relaxation and serenity with breathtaking views from abov,https://www.instagram.com/reel/C6_JZ_3CBEw/,https://www.instagram.com/popular/infinity-pools/
DZMA3SHRsy-,capsulecastle004,5700000,5.7M,capsule-castle-luxury-space-capsule-houses,This house is so flexible .#capsulecastle #resort #vacationrental #stay #getaway Website:www.capsulecastle.com WhatsApp link： wa.me/8619011518978 What,https://www.instagram.com/reel/DZMA3SHRsy-/,https://www.instagram.com/popular/capsule-castle-luxury-space-capsule-houses/
DNisARex_K2,theimagehs,5600000,5.6M,midjourney-architecture,"Unlikely future part 3 Tools; @midjourney, @magnific_ai, @hailuoai_official, @topazlabs #freepikai #freepik #scifi #midjourneyart #midjourney #space #",https://www.instagram.com/reel/DNisARex_K2/,https://www.instagram.com/popular/midjourney-architecture/
DXbZGIqCCOk,travel_withben,5600000,5.6M,london-apartment,your London apartment view 🌃 #london,https://www.instagram.com/reel/DXbZGIqCCOk/,https://www.instagram.com/popular/london-apartment/
DHvsnj8oqaE,elarch.studio,5500000,5.5M,luxury-modern-beautiful-house,"🔹 A symphony of light, design, and power This residence is a bold statement of contemporary lux",https://www.instagram.com/reel/DHvsnj8oqaE/,https://www.instagram.com/popular/luxury-modern-beautiful-house/
DB_v0uWR06c,starlight_retreats,5400000,5.4M,luxury-cabin,"Imagine a cozy cabin just for us, surrounded by nature and filled with little touches to make our getaway unforgettable. ✨ At On the Rocks, romance is",https://www.instagram.com/reel/DB_v0uWR06c/,https://www.instagram.com/popular/luxury-cabin/
DWJwdxggZ-b,diycraftstvofficial,5400000,5.4M,underground-house,Building a Secret Underground Luxury Bunker Beneath a Backyard,https://www.instagram.com/reel/DWJwdxggZ-b/,https://www.instagram.com/popular/underground-house/
C_fqAjaMNIJ,sunt_mrr,5400000,5.4M,ai-generated-house;future-house;futuristic-houses,Musician Dream House . Collaboration @ti.fu & @sunt_mrr . . . . . . . . #music #aiarchitec,https://www.instagram.com/reel/C_fqAjaMNIJ/,https://www.instagram.com/popular/future-house/
C7PFB2NIp-e,beautifulhotels,5400000,5.4M,dubai-luxury,@kamashrafi might have found Dubai's best viewpoint! 🇦🇪 The luxury Address Skyview Hotel is home to t,https://www.instagram.com/reel/C7PFB2NIp-e/,https://www.instagram.com/popular/dubai-luxury/
C5S0i8KPhIB,luxuryresorts,5400000,5.4M,maldives-resort,"Heaven on Earth found at @stregismaldives, your ultimate Maldives escape 🌴 #StRegisMaldives #Live",https://www.instagram.com/reel/C5S0i8KPhIB/,https://www.instagram.com/popular/maldives-resort/
DcYYbj8sCnY,sellierknightsbridge,5400000,5.4M,monaco,What a legend 😭 You know he has a real Birkin in those shopping bags… 👀 #hermes #birkin #monaco #luxury,https://www.instagram.com/reel/DcYYbj8sCnY/,https://www.instagram.com/popular/monaco/
Cy8WivSM25M,swissaround,5400000,5.4M,swiss-chalet,"🏡 House on the Lake in Switzerland🇨🇭 📌Wägitalersee, Switzerland 🇨🇭 🎥 Instagram: @swissaround 🎥 Tiktok: swissaround",https://www.instagram.com/reel/Cy8WivSM25M/,https://www.instagram.com/popular/swiss-chalet/
Ctemb0PtXuZ,tomaslasoargos,5400000,5.4M,ibiza-villa,Absolute Bespoke Villas . IBIZA @prime_invest #Ibiza #rocalisa 1/20 The Show Villa #absoluteBespokeVillas Delivery 2023 / 24,https://www.instagram.com/reel/Ctemb0PtXuZ/,https://www.instagram.com/popular/ibiza-villa/
Cri8NAouqCI,quingable,5400000,5.4M,marrakech-riad,Don't Stay in Hotels in Morocco… Stay in a Riad 👇🏻👇🏻👇🏻 A traditional Moroccan Riad is a home,https://www.instagram.com/reel/Cri8NAouqCI/,https://www.instagram.com/popular/marrakech-riad/
CxkoBKcMO7k,kelseyinlondon,5400000,5.4M,luxury-hotel;luxury-resort,7 hotels with amazing pools ⬇️ which one are you picking?⁣ ⁣ 🇮🇹 Grand Hotel Tremezzo in Lake Como,https://www.instagram.com/reel/CxkoBKcMO7k/,https://www.instagram.com/popular/luxury-hotel/
DUVBmy5DcTo,architecturaai_,5400000,5.4M,ai-home-design,"FREE EBOOK IN BIO⬆️ Learn to create AI interiors, home designs & prompts Join 13M+ viewers inspired",https://www.instagram.com/reel/DUVBmy5DcTo/,https://www.instagram.com/popular/ai-home-design/
DKW9nzYxrxM,pahome_official,5400000,5.4M,dreamy-walk-in-closet-designs-ideas,👚 A wardrobe that works for your lifestyle. From hanging space to drawers and open shelves,https://www.instagram.com/reel/DKW9nzYxrxM/,https://www.instagram.com/popular/dreamy-walk-in-closet-designs-ideas/
DExUPqcsNfS,ghazale_siami,5300000,5.3M,ai-interior;ai-interior-design;living-room-design,. Living room design Design&Visualization: @ghazale_siami 3dsmax _Coronarender . #livingroom #interiordesign #visualization #interiordesign #,https://www.instagram.com/reel/DExUPqcsNfS/,https://www.instagram.com/popular/living-room-design/
CxdmZCUugqp,lux_mommy,5300000,5.3M,luxury-closet,👉🏼Who wants a closet tour??? Comment CLOSET and I'll DM you a link to my door handle! #closettour #closetorganization #closetgoals #dreamcloset #close,https://www.instagram.com/reel/CxdmZCUugqp/,https://www.instagram.com/popular/luxury-closet/
DUY7-PPiLtI,nice_tower,5300000,5.3M,architecture,"SketchUp stair detailing tutorial 🪜 In this short video, you'll learn how to model a modern stair secti",https://www.instagram.com/reel/DUY7-PPiLtI/,https://www.instagram.com/popular/architecture/
C6mAslNRKVU,yakeandmarie,5300000,5.3M,unique-airbnb,This AirBnb comes with the cutest guests 🐮😍 Follow @yakeandmarie for more!!,https://www.instagram.com/reel/C6mAslNRKVU/,https://www.instagram.com/popular/unique-airbnb/
CwiGO2pqT6I,beautifuldestinations,5300000,5.3M,luxury-homes-on-the-amalfi-coast,@gmarcod91 and @giorgioteti are foreshadowing what your trip to the Amalfi Coast will look like!,https://www.instagram.com/reel/CwiGO2pqT6I/,https://www.instagram.com/popular/luxury-homes-on-the-amalfi-coast/
DFm_bimp4xS,kevouthere,5200000,5.2M,cyberpunk-city,The cyberpunk city #photography #cyberpunk #shanghai #aesthetic,https://www.instagram.com/reel/DFm_bimp4xS/,https://www.instagram.com/popular/cyberpunk-city/
DW6RXQxj8c1,raina__firdous,5200000,5.2M,mountain-house,Do u want to live here … #trendingvideos #mountain #reelkarofeelkaro #home #nature,https://www.instagram.com/reel/DW6RXQxj8c1/,https://www.instagram.com/popular/mountain-house/
DLflEaZI6cs,hidayabll,5200000,5.2M,dream-room,My new room 💓🌸🌷🤍🫧 #roomdecor #roomtour #room,https://www.instagram.com/reel/DLflEaZI6cs/,https://www.instagram.com/popular/dream-room/
Ckw-qi6pNFX,yesiinna,5200000,5.2M,cozy-bedroom-ideas,"Maybe, true happiness is when we are happy with ourselves. -faraway . . . . . . . #cozybedroom #fall #uohome #bedroomtour #roomtour #plantsofinstagram",https://www.instagram.com/reel/Ckw-qi6pNFX/,https://www.instagram.com/popular/cozy-bedroom-ideas/
DaMNg3vMpXG,tasnim_amara_,5100000,5.1M,monaco,This life >> The places : Hotel Plaza Athene ( my fav) FS Dubai (fav rooftop in Dubai) St Regis Florence Manko restaurant Paris,https://www.instagram.com/reel/DaMNg3vMpXG/,https://www.instagram.com/popular/monaco/
DcLm6uuRRxD,rambleonpines,5100000,5.1M,cozy-cabin;house-in-forest,"Book the cabin, I'll pack the food • • • #airbnb #cozycabin #cabininthe",https://www.instagram.com/reel/DcLm6uuRRxD/,https://www.instagram.com/popular/cozy-cabin/
DQostfIDLYr,siyad_abdali,5100000,5.1M,cozy-winter-cabin,"Cozy Cabin on a Snowy Day | Reading, Music & Peaceful Alone Time 🕯📖🎶",https://www.instagram.com/reel/DQostfIDLYr/,https://www.instagram.com/popular/cozy-winter-cabin/
DXUIBEajIwd,architectkhyatisaini,5000000,5M,dream-home,"Because some things are not luxury, they're a feeling. . . . #DreamHome #JhulaLove",https://www.instagram.com/reel/DXUIBEajIwd/,https://www.instagram.com/popular/dream-home/
CyyoSb8MreO,thesecretgardenglamping,5000000,5M,treehouse-hotel,"Autumn's embrace from the treetops. 🍂🌳 Our tree house stay comes with a hot tub, a pool table, and all the cozy vibes you need to make unforgettable m",https://www.instagram.com/reel/CyyoSb8MreO/,https://www.instagram.com/popular/treehouse-hotel/
C95eAgivlvI,chasiteyy,5000000,5M,cozy-rain,Thunderstorms always make me slow down and savor every cozy moment. ⛈️🌲 Which storm-related visual do you find most soothing? answer in my poll attach,https://www.instagram.com/reel/C95eAgivlvI/,https://www.instagram.com/popular/cozy-rain/
DUDmR6kDKby,eliyahu_zeituni,5000000,5M,infinity-pools,It's all about the details you don't see. ✨ The secret to that ultra-clean infinity edge? A hidden drainage system tucked beneath a floatin,https://www.instagram.com/reel/DUDmR6kDKby/,https://www.instagram.com/popular/infinity-pools/
C7s52pNPGQs,interiorsby_nn_designstudio,5000000,5M,luxury-home-theater-ideas,Home Theatre | Kasal's House Designed By @interiorsby_nn_associates,https://www.instagram.com/reel/C7s52pNPGQs/,https://www.instagram.com/popular/luxury-home-theater-ideas/
DdJPLxqMGaP,uniqchalets,5000000,5M,chalet,the only thing I want to fold this winter is myself into a cosy blanket somewhere snowy with you 🌨️ send this to someone who'd choose a cosy chalet in,https://www.instagram.com/reel/DdJPLxqMGaP/,https://www.instagram.com/popular/chalet/
DcmBZJINnDz,aureliestory,4900000,4.9M,dubai-luxury,"follow @aureliestory for more unique travel inspo 🫶 Dubai nights >>> 📍 The Lana, Dubai, UAE",https://www.instagram.com/reel/DcmBZJINnDz/,https://www.instagram.com/popular/dubai-luxury/
C4nzRuuIns9,meolafrancesco,4900000,4.9M,lake-como-villa,"Follow @meolafrancesco for more travel videos about Italy 🇮🇹 📍Villa Monastero, Varenna, Lake Como 💙🇮🇹 #varenna #lakecomo #comolake #lagodicomo #italia",https://www.instagram.com/reel/C4nzRuuIns9/,https://www.instagram.com/popular/lake-como-villa/
Cq6Tf7Xu5AO,hockinghillstreehousecabins,4900000,4.9M,treehouse-hotel,Would you come to Ohio to stay in our treehouses? 🏷 • • • #treehousecabin #treehousegoals #cabinporn #cabinlove #cabininthewoods #hockinghills,https://www.instagram.com/reel/Cq6Tf7Xu5AO/,https://www.instagram.com/popular/treehouse-hotel/
Da21RGFoirj,elitebuildhq,4900000,4.9M,inside-underground-bunker-house,Inside a Fully Self-Sufficient Underground Survival Bunker & Modern A-Frame Home Take an exclusive look at one of,https://www.instagram.com/reel/Da21RGFoirj/,https://www.instagram.com/popular/inside-underground-bunker-house/
DVYna7xjmAK,wayup_media,4800000,4.8M,dream-home,"One of these matches her energy perfectly, which house is it? Tag her in the comments",https://www.instagram.com/reel/DVYna7xjmAK/,https://www.instagram.com/popular/dream-home/
DSRlcXtD7Ex,ourabi_1,4800000,4.8M,dubai-luxury,Dubai has the best 🇦🇪😍,https://www.instagram.com/reel/DSRlcXtD7Ex/,https://www.instagram.com/popular/dubai-luxury/
DbidAodypdn,alecmonopoly,4800000,4.8M,mykonos,🎶🇬🇷 Mykonos Life coming soon… The only one missing…. @mr.thank.you 👀✨,https://www.instagram.com/reel/DbidAodypdn/,https://www.instagram.com/popular/mykonos/
Dc4TZ7cSw6J,im_ericwang,4700000,4.7M,mid-century-modern,My japanese midcentury home during the day vs. at night ☀️🌃 - - - #midcenturymodern #homedecor #interiordesign #japanesedesign,https://www.instagram.com/reel/Dc4TZ7cSw6J/,https://www.instagram.com/popular/mid-century-modern/
DOExDYCiEYm,luxuryhouseview,4700000,4.7M,futuristic-home;luxury-homes;luxury-house;luxury-interior;luxury-penthouse;modern-luxury-house-interiors,ULTRA Luxury House Interior Design💎✨☄️ #luxuryhouseview #luxury #Home #miamistad #miamilife #m,https://www.instagram.com/reel/DOExDYCiEYm/,https://www.instagram.com/popular/luxury-interior/
DdU86vVKLSA,poppet_tales,4700000,4.7M,dream-house,This is how rainy days should feel😄🌧️ #poppettales #dreamhouse #rainyday #fyp #reels,https://www.instagram.com/reel/DdU86vVKLSA/,https://www.instagram.com/popular/dream-house/
DVH2YNYk1i9,crbengineer,4700000,4.7M,architecture,Civil engineering basic information . . #civilengineering #civilengineer #contractor #design #arch,https://www.instagram.com/reel/DVH2YNYk1i9/,https://www.instagram.com/popular/architecture/
DaGssU3sG6g,shieldvipbodyguards,4700000,4.7M,mykonos,When security becomes part of the experience. 🛡️ Shield V.I.P. Bodyguards protecting Mr Thank You & Zeus in Mykonos. P,https://www.instagram.com/reel/DaGssU3sG6g/,https://www.instagram.com/popular/mykonos/
DPT0PbTEwtD,sunt_mrr,4700000,4.7M,faroe-islands-luxury-villas;overwater-villa;underwater-hotel,Dream underwater villa . . . . . . . . . . . . . . #midjourney #mariadudkina,https://www.instagram.com/reel/DPT0PbTEwtD/,https://www.instagram.com/popular/underwater-hotel/
DOzY_vLgA0U,mycozeebed,4700000,4.7M,dream-room,Behind the aesthetics of this room many problems fit in renov-skrg 🥺🙏 #roomtour #cozy #room,https://www.instagram.com/reel/DOzY_vLgA0U/,https://www.instagram.com/popular/dream-room/
DUNWW5NiL9l,pmkpod,4600000,4.6M,outdoor-kitchen,Order your PMK Pod Now for delivery June just in time for the World Cup ⚽️⚽️⚽️,https://www.instagram.com/reel/DUNWW5NiL9l/,https://www.instagram.com/popular/outdoor-kitchen/
DV1TGjKguzz,processlabstudio,4600000,4.6M,underground-house,"Luxury bunker built beneath a modern mansion. From an empty backyard to a hidden underground world with a spa, private cinema, kitchen lounge and a su",https://www.instagram.com/reel/DV1TGjKguzz/,https://www.instagram.com/popular/underground-house/
DTAnHgUEhg4,toptravelplaces_,4600000,4.6M,bora-bora-luxury-hotels;maldives-resort;overwater-villa,Soneva Jani is one of the most iconic luxury island resorts in the Maldives 🌴,https://www.instagram.com/reel/DTAnHgUEhg4/,https://www.instagram.com/popular/maldives-resort/
DQX8TJxD0km,divaa.finds,4600000,4.6M,cozy-bedroom-ideas,"My cozy neutral room 🤍 Soft lighting, fluffy bedding, and calm neutral tones — everything about this space feels peaceful and warm. ✨ The clean decor",https://www.instagram.com/reel/DQX8TJxD0km/,https://www.instagram.com/popular/cozy-bedroom-ideas/
DYRWcHFg0hG,capsulecastle_tinyhome,4600000,4.6M,capsule-castle-luxury-space-capsule-houses,This house is so flexible .#capsulecastle #resort #vacationrental #stay #getaway Website:www.capsulecastle.com WhatsApp link： wa.me/8619011518978 What,https://www.instagram.com/reel/DYRWcHFg0hG/,https://www.instagram.com/popular/capsule-castle-luxury-space-capsule-houses/
DW2355fiMXs,pune_designer,4500000,4.5M,kitchen-design,On site… Home vibes ♥️ kitchen #kitchendesign #kitchen Kids Bedroom #kidsbedroom #kids #kidsdecor,https://www.instagram.com/reel/DW2355fiMXs/,https://www.instagram.com/popular/kitchen-design/
CzrWW5KuLZV,customcontainerliving,4500000,4.5M,container-house,"Check out our 20ft studio backyard bedroom build. This build is perfect for nightly rentals, in-law suite, or extra space in the backyard. #shippingco",https://www.instagram.com/reel/CzrWW5KuLZV/,https://www.instagram.com/popular/container-house/
DaMxFSsurc5,lawrencewalton_,4500000,4.5M,amalfi-coast,Follow @Lawrencewalton_ For more travel content Italy Together? 🇮🇹 Send this to someone you want to,https://www.instagram.com/reel/DaMxFSsurc5/,https://www.instagram.com/popular/amalfi-coast/
DadJKiuzUIt,tripuntraveled,4500000,4.5M,cabins,‼️ Location below 👇🏻 🤍 Follow @tripuntraveled for more unique places and road trips around the world Some people dream of beaches and sunburns. I drea,https://www.instagram.com/reel/DadJKiuzUIt/,https://www.instagram.com/popular/cabins/
DWWYZ87iiV4,georgios_tataridis,4500000,4.5M,luxury-bedroom-design,High end bedroom design. Send me a message if you would like to design your space. Contemporary,https://www.instagram.com/reel/DWWYZ87iiV4/,https://www.instagram.com/popular/luxury-bedroom-design/
C-APLc-yI85,ayeshadeary5,4400000,4.4M,dream-bedroom,Choose your dream bedroom,https://www.instagram.com/reel/C-APLc-yI85/,https://www.instagram.com/popular/dream-bedroom/
DH8ZgwQC7Yy,dubai._dreamer,4400000,4.4M,dubai-luxury,Love the Dubai vibe 🇦🇪😍 . Credits for some clips 🎥: @dubai_dreamland #dubai #uae #burjkhalifa,https://www.instagram.com/reel/DH8ZgwQC7Yy/,https://www.instagram.com/popular/dubai-luxury/
DJrt9hroUr2,mohsin_kamal7,4400000,4.4M,saudi-arabia-architecture,Ithra Dhahran Saudi Arabia 🇸🇦 . . Vc🎥 mohsin_kamal7 . . #instareels #saudiarabia #alkhobar #,https://www.instagram.com/reel/DJrt9hroUr2/,https://www.instagram.com/popular/saudi-arabia-architecture/
DNCV78sILmt,idkwip_hiii,4400000,4.4M,ai-art,why is pinterest full of ai slop💔 Dont usually write stuff here but why nobody is talking about,https://www.instagram.com/reel/DNCV78sILmt/,https://www.instagram.com/popular/ai-art/
DdoCk5XIV2q,karachidaily_information,4400000,4.4M,furniture-design,"Contact☎️:0315-8278227 | Tawakal Furniture | Location📍Bhangoria, Goath, Azizabad, F.B . Area, Karachi..✅#fo",https://www.instagram.com/reel/DdoCk5XIV2q/,https://www.instagram.com/popular/furniture-design/
DK7LpKhtdth,gumaanresorts,4400000,4.4M,hunza-valley-luxury-resorts,"GUMAAN, It's not just a resort, its a vibe 💯",https://www.instagram.com/reel/DK7LpKhtdth/,https://www.instagram.com/popular/hunza-valley-luxury-resorts/
DTYDM5GCPg1,iselin.travel,4300000,4.3M,beach-house,in a bungalow by the sea🌺🛖🌴 #futureliving #livebythesea #bungalowlife #tropicalparadise #travel,https://www.instagram.com/reel/DTYDM5GCPg1/,https://www.instagram.com/popular/beach-house/
C7oJU0IMutA,hafezi.architects,4300000,4.3M,beverly-hills-mansion,GTA in real life? (Million dollars mansion with a LA view),https://www.instagram.com/reel/C7oJU0IMutA/,https://www.instagram.com/popular/beverly-hills-mansion/
CrQ-uByM9t-,surendra_garhwal__,4300000,4.3M,rain-sounds,A video of pure rain sounds.💚,https://www.instagram.com/reel/CrQ-uByM9t-/,https://www.instagram.com/popular/rain-sounds/
DYSPOohMh_d,novahotelboutique,4200000,4.2M,boutique-hotel,"✨ NOVA Boutique Hotel — Toshkentdagi zamonaviy va premium butik mehmonxona. Qulay joylashuv, yuqori servis va shinam muhit siz uchun! ✈️ Aeroportdan a",https://www.instagram.com/reel/DYSPOohMh_d/,https://www.instagram.com/popular/boutique-hotel/
C2N6luRLzhO,anderalencar,4200000,4.2M,ai-architecture,MDJ House Visualization | @anderalencar Project | @mssm.associates + @rsigroup Location | Indonesia Soft,https://www.instagram.com/reel/C2N6luRLzhO/,https://www.instagram.com/popular/ai-architecture/
DPTscmgDrm6,wayup_media,4100000,4.1M,mountain-house,"Does the peace and privacy here make $7.9M worth it? 5 beds, 4 full baths, and 7,000sqft of space to spread out. Updated with mountain modern finishes",https://www.instagram.com/reel/DPTscmgDrm6/,https://www.instagram.com/popular/mountain-house/
CwDUsjvBzG_,beautifulhotels,4100000,4.1M,lake-como-villa,"@enrico_costantini transports us to Villa Peduzzi in Lake Como. ⛰️ With azure skies, mountain vistas and chic accommodation options, it's not hard to",https://www.instagram.com/reel/CwDUsjvBzG_/,https://www.instagram.com/popular/lake-como-villa/
DSXf1Yzj91c,dshousetransformation,4100000,4.1M,ai-home-design,From humble beginnings to a stunning modern sanctuary! ✨ Watch how AI transforms this Indian room,https://www.instagram.com/reel/DSXf1Yzj91c/,https://www.instagram.com/popular/ai-home-design/
DaTa_zMs6HT,astralgate.ai,4100000,4.1M,ai-art,Follow for more !? Created by @openart_ai #aiart #aiartwork #openart,https://www.instagram.com/reel/DaTa_zMs6HT/,https://www.instagram.com/popular/ai-art/
DLAjTvmIRre,millionaire1ife,4100000,4.1M,luxury-lifestyle,Your life in 3 years 😎 #motivation #luxury #luxurylifestyle #rich #millionaire,https://www.instagram.com/reel/DLAjTvmIRre/,https://www.instagram.com/popular/luxury-lifestyle/
Db3C5qwyORl,jad.soflo,4100000,4.1M,luxury-real-estate,Should we do more home tours with an FPV Drone? Exclusively listed by @senadaadzem #fpvdrone #fpv #dronetour #luxuryrealestate #homes,https://www.instagram.com/reel/Db3C5qwyORl/,https://www.instagram.com/popular/luxury-real-estate/
C-RyNNZMIaO,cozyzen.ai,4100000,4.1M,ai-cozy-cabin,"Alone in a mountain cave cabin, enjoying the rain and warmth from bed. #cozycabin #rainyday #rainyd",https://www.instagram.com/reel/C-RyNNZMIaO/,https://www.instagram.com/popular/ai-cozy-cabin/
DUiv0Xige1Z,luxurydreamhub,4000000,4M,dream-bedrooms;luxury-bedroom,Sweet lavender dreams and ethereal glows. ✨💜 Transforming the ordinary into a sanctuary of pure,https://www.instagram.com/reel/DUiv0Xige1Z/,https://www.instagram.com/popular/luxury-bedroom/
DVPB8a6kReM,dwanderess,4000000,4M,lake-como-villa,"Follow @dwanderess for more hotel inspo 🫶 Save this place for your next trip to Italy😍 Lake Como is one of my favourite places in Italy, and even more",https://www.instagram.com/reel/DVPB8a6kReM/,https://www.instagram.com/popular/lake-como-villa/
DQ_1nRPiIxg,siyad_abdali,4000000,4M,ai-house-design,NA,https://www.instagram.com/reel/DQ_1nRPiIxg/,https://www.instagram.com/popular/ai-house-design/
DUqxZBfEmhR,tuesday_leroux,3900000,3.9M,luxury-homes;luxury-house;luxury-house-tour;luxury-mansion;luxury-real-estate-mansion-exterior;luxury-villa;mansion-tour;miami-mansion,$41M Mansion with a Cinema! Thoughts? . @vipluxuryhomesuae @eddiecavella #mansion #luxury #property,https://www.instagram.com/reel/DUqxZBfEmhR/,https://www.instagram.com/popular/luxury-homes/
DXRMLZVjWUC,hm_architecture078,3900000,3.9M,dream-home,33'x50' Modern 2BHK House Plan with Car Parking 🚗✨ Smart layout designed for,https://www.instagram.com/reel/DXRMLZVjWUC/,https://www.instagram.com/popular/dream-home/
DBQ3T40sm6V,luxuviouz,3900000,3.9M,dubai-luxury,Dubai lifestyle is waiting for you in 2028. ⤵ Dubai is a luxury paradise known for its iconic arch,https://www.instagram.com/reel/DBQ3T40sm6V/,https://www.instagram.com/popular/dubai-luxury/
DJmXw9og9Na,nostalgicraindrops,3900000,3.9M,cozy-rain,Nothing is cozier than this! Sleep fast with my rain sleep video playlist in bio! ♥️ Watching your favorite show (Howl's moving castle) with this weat,https://www.instagram.com/reel/DJmXw9og9Na/,https://www.instagram.com/popular/cozy-rain/
DVtZ6E-jYeI,moonsleep.co,3900000,3.9M,bedroom-decor,"I'm the big spoon tonight 🌙 $100 off pre-orders, 🔗 in bio. #moonsleep #moonspoon #bodypillow",https://www.instagram.com/reel/DVtZ6E-jYeI/,https://www.instagram.com/popular/bedroom-decor/
DJJ0Py7tCT0,whatif.real,3900000,3.9M,luxury-homes-on-the-amalfi-coast,If you are not booking a trip to Amalfi this summer are you even enjoying your summer? 😅😮‍💨🍷,https://www.instagram.com/reel/DJJ0Py7tCT0/,https://www.instagram.com/popular/luxury-homes-on-the-amalfi-coast/
C-VUZRTMG6D,caropeony,3900000,3.9M,cozy-room,Let it get cozy ✨ #interior #interiordesign #interiordecor #interiorlove #altbau #altbaulie,https://www.instagram.com/reel/C-VUZRTMG6D/,https://www.instagram.com/popular/cozy-room/
DGgYzqfCnkk,propertymatter7,3800000,3.8M,luxury-house,"Contact Details : +92-316-7303-977 Dream home, interior design, architecture, luxury living, home tour",https://www.instagram.com/reel/DGgYzqfCnkk/,https://www.instagram.com/popular/luxury-house/
C_gOckLuO36,fortune.sketches,3800000,3.8M,mountain-house,Weekend house in the mountain area,https://www.instagram.com/reel/C_gOckLuO36/,https://www.instagram.com/popular/mountain-house/
DT35gFED4kH,zohrastacey,3800000,3.8M,cozy-rain;rain-cozy;rainy-day,stop and enjoy some rainy cozy therapy.. #rainyweather #cozyaesthetic #quietvibes #foggyday #calmingvideo,https://www.instagram.com/reel/DT35gFED4kH/,https://www.instagram.com/popular/cozy-rain/
CfLampUqnSP,theharper_home,3800000,3.8M,dream-bedroom-decor-ideas,Friday Feeling 💕 . . . . Sorry I have been a little quiet I have been planning my sons birthday celebrations ready for the weekend. . I hope you are a,https://www.instagram.com/reel/CfLampUqnSP/,https://www.instagram.com/popular/dream-bedroom-decor-ideas/
C_RET-wA12c,katie.fischer,3800000,3.8M,cottagecore-living-room-design,"Wishing you'll a cozy evening ✨ Check out my shop highlight for links 🤍 Many items featured in my home are from my personal collection, available at k",https://www.instagram.com/reel/C_RET-wA12c/,https://www.instagram.com/popular/cottagecore-living-room-design/
DPE4t_hkfJ2,inakiencasas,3800000,3.8M,desert-house-interior-design-ideas,"calm lines, warm light, and space to breathe. ✨ 4 bedrooms • 4.5 baths • Aldea Zama — an award-winning CO-LAB villa with indoor–outdoor flow, a privat",https://www.instagram.com/reel/DPE4t_hkfJ2/,https://www.instagram.com/popular/desert-house-interior-design-ideas/
DE7Rnh-vZQf,siriorsinterior,3700000,3.7M,luxury-bedroom;luxury-bedroom-design,"Modern Luxury Bedroom ❤️✨ Kalau punya kamar tidur kayak gini, terasa nyaman ya? 🤭🌻",https://www.instagram.com/reel/DE7Rnh-vZQf/,https://www.instagram.com/popular/luxury-bedroom/
DSGQeRiEvi1,philkeandesigngroup,3700000,3.7M,dream-closet;dreamy-walk-in-closet-designs-ideas;luxury-closet,The closet *you* need ✨ Follow for more home inspiration. #PhilKeanDesignGroup #ClosetGoals #LuxuryCustomHome #CustomCloset,https://www.instagram.com/reel/DSGQeRiEvi1/,https://www.instagram.com/popular/luxury-closet/
DaVZ5bazq-8,mt.constructiondiary,3700000,3.7M,treehouse,Exploring Inside a Giant Baobab Tree – I Built a Fully Equipped Secret Home #mtconstructiondiary #GiantTree #BaobabTree #TreeHouse #HiddenHome,https://www.instagram.com/reel/DaVZ5bazq-8/,https://www.instagram.com/popular/treehouse/
DZ0TBEsOgkU,stylishnorrastudios,3700000,3.7M,modern-architecture,"The precise poetry of vertical scale, biophilic harmony, and panoramic sanctuary light. 📐🌿",https://www.instagram.com/reel/DZ0TBEsOgkU/,https://www.instagram.com/popular/modern-architecture/
DSkKH8MDKMq,selahridgeresort,3700000,3.7M,treehouse-hotel,"A treehouse built for complete reset and relaxation 🌿 ㅤ Comment ""TREEHOUSE"" to book your stay today!",https://www.instagram.com/reel/DSkKH8MDKMq/,https://www.instagram.com/popular/treehouse-hotel/
DbB-FrhiTtE,hannahninavr,3700000,3.7M,cozy-cabin,"forest + creek + rain + cabin = ❤️‍🩹 - original content. all reuse, re-uploa",https://www.instagram.com/reel/DbB-FrhiTtE/,https://www.instagram.com/popular/cozy-cabin/
C-WY9fJxYJX,islandgal_5homedecor,3700000,3.7M,outdoor-living,Outdoor views! #patio #outdoorliving #pergola #outdoorfurniture #patioseason #backyardvibes #backyard #patioideas #backyarddesign,https://www.instagram.com/reel/C-WY9fJxYJX/,https://www.instagram.com/popular/outdoor-living/
DbLf_ugBpvN,_fettaa,3700000,3.7M,industrial-chic-interior-design,still moving everything in #loft #interiordesign #aesthetic #industrial #moderndesign,https://www.instagram.com/reel/DbLf_ugBpvN/,https://www.instagram.com/popular/industrial-chic-interior-design/
C6osPqCt3u1,aureliestory,3700000,3.7M,ibiza-luxury-villas-sea-view,follow @aureliestory for more travel inspo & tips 🫶 My all time favorite hotel in,https://www.instagram.com/reel/C6osPqCt3u1/,https://www.instagram.com/popular/ibiza-luxury-villas-sea-view/
C8sF2f8SPUf,pride_and__property,3700000,3.7M,luxury-bedroom-design,Bedroom,https://www.instagram.com/reel/C8sF2f8SPUf/,https://www.instagram.com/popular/luxury-bedroom-design/
DPoFJxjDDUH,zuber_zooby,3700000,3.7M,villa-with-pool,"Book now • Two Separate 4BHK Villas: Rent both exclusive villas, located right next to each other! • One villa comfortably fits 16-20 people",https://www.instagram.com/reel/DPoFJxjDDUH/,https://www.instagram.com/popular/villa-with-pool/
DCpaV_AsdaI,tereknotderek,3600000,3.6M,dream-kitchen,Perfect kitchen 🤌🏼,https://www.instagram.com/reel/DCpaV_AsdaI/,https://www.instagram.com/popular/dream-kitchen/
DWXaWZaAefE,em_henderson,3600000,3.6M,dream-kitchen;kitchen-inspiration,Love this kitchen with my whole heart:) 💙 if you want to know more about my kitchen I wrote a whole blog post on all our design decisions with a list,https://www.instagram.com/reel/DWXaWZaAefE/,https://www.instagram.com/popular/dream-kitchen/
DVn8laHklGZ,styltechinterior_official,3600000,3.6M,kitchen-design,This Kitchen Design Looks So Smooth 😍✨,https://www.instagram.com/reel/DVn8laHklGZ/,https://www.instagram.com/popular/kitchen-design/
DbLr-DZAkNo,louis_brg13,3600000,3.6M,monaco,Part 2 ? | #monaco #celebrities #star,https://www.instagram.com/reel/DbLr-DZAkNo/,https://www.instagram.com/popular/monaco/
DTg5ZdfCUtE,ericrax_,3600000,3.6M,penthouse-tour,Blessed🙏 #penthouse,https://www.instagram.com/reel/DTg5ZdfCUtE/,https://www.instagram.com/popular/penthouse-tour/
DTYhn_zkTeJ,markmargulies,3600000,3.6M,desert-modern-house-tours,Designed to disappear into the landscape. #deserthouse #midcenturydesign #modernarchitecture #interiordesign,https://www.instagram.com/reel/DTYhn_zkTeJ/,https://www.instagram.com/popular/desert-modern-house-tours/
DVHC_-cDC3T,takemyhearteverywhere,3600000,3.6M,luxury-homes-on-the-amalfi-coast,Breakfast with a view on the Amalfi Coast ☕️🥐🇮🇹 📍Anantara Convento di Amalfi #breakfast,https://www.instagram.com/reel/DVHC_-cDC3T/,https://www.instagram.com/popular/luxury-homes-on-the-amalfi-coast/
DPt1R0_E6oS,arteo_luxury,3500000,3.5M,luxury-kitchen,Glorious Kitchen by @spandanapb Where Function Meets Beauty Glorious Kit,https://www.instagram.com/reel/DPt1R0_E6oS/,https://www.instagram.com/popular/luxury-kitchen/
C0OS-5SLMfO,abiinteriors,3500000,3.5M,mediterranean-house;mediterranean-villa;modern-mediterranean-houses,"""I wake up, and I open my eyes, and I feel like I'm sitting in my Pinterest board.""⁠ ⁠ One of our most aesthetic, Mediterranean-inspired house tours y",https://www.instagram.com/reel/C0OS-5SLMfO/,https://www.instagram.com/popular/mediterranean-villa/
DbXmQ4LqfbJ,eloisepreen,3500000,3.5M,art-deco-interior-design;mid-century-modern,my colourful mid century modern home 🏡🎨🪴 #apartmentaesthetic #midcenturymodern #interiordesign #fyp #boyandgirlapartment,https://www.instagram.com/reel/DbXmQ4LqfbJ/,https://www.instagram.com/popular/art-deco-interior-design/
DbEAZ8uNqaB,rvnxii_,3500000,3.5M,dubai-luxury,"Life in dubai. #dubailife #luxurylifestyle #richlifestyle #billionaire #luxury Money, rich aesthetic,",https://www.instagram.com/reel/DbEAZ8uNqaB/,https://www.instagram.com/popular/dubai-luxury/
DOAyjKeiDnr,alansarii0,3500000,3.5M,faroe-islands-luxury-villas,📍Faroe Islands 🇫🇴 جزر فارو #faroeislands #cliffs #ocean #cinematic,https://www.instagram.com/reel/DOAyjKeiDnr/,https://www.instagram.com/popular/faroe-islands-luxury-villas/
DPswds-k8kt,veerhomesjaipur,3500000,3.5M,dream-house-design,Ultra luxury house Design 🏠 #viral #interiordesign #luxury #forsale #house #explorepage #home #homedecor #instagram #propertyforsale #trendingreels #e,https://www.instagram.com/reel/DPswds-k8kt/,https://www.instagram.com/popular/dream-house-design/
CqAsd0aAzsn,erikvanconover,3400000,3.4M,luxury-penthouse,"Inside Kendall Roy's $50,000,000 Hudson Yards Penthouse @succession @hbomax Tag a bunch of friends you'd move in w",https://www.instagram.com/reel/CqAsd0aAzsn/,https://www.instagram.com/popular/luxury-penthouse/
DW0B9E5uY3q,limarie.gabriel_realtor,3400000,3.4M,real-estate,"They were $10,000 apart… and still lost the deal. Let that sink in. Not because they couldn't afford it. Not because the house wasn't worth it. But be",https://www.instagram.com/reel/DW0B9E5uY3q/,https://www.instagram.com/popular/real-estate/
CysgZWBsyAD,daves_home,3400000,3.4M,minimalist-art-deco-interior-design,Light on! Happy Sudnay! . #midcentury #midcenturymodern #midcenturydesign #midcenturystyle,https://www.instagram.com/reel/CysgZWBsyAD/,https://www.instagram.com/popular/minimalist-art-deco-interior-design/
DS25S1ojBv8,tarakanovadesign,3300000,3.3M,neoclassical-interior,"Гостиная — это пространство, в котором вечер замедляется. #tarakanovadesign #dia",https://www.instagram.com/reel/DS25S1ojBv8/,https://www.instagram.com/popular/neoclassical-interior/
DXFgq7hpmOu,05kai_562,3300000,3.3M,modern-architecture,The Ultimate Secret: Burying a Luxury Bus for a Hidden Underground Suite! 🏛️💖 Turning a,https://www.instagram.com/reel/DXFgq7hpmOu/,https://www.instagram.com/popular/modern-architecture/
DUJJR4Bjbq5,butnomatter.theroadislife,3300000,3.3M,amalfi-coast,"This is Positano, Amalfi Coast, Italy 🇮🇹 It feels like an Italian dream ✨ Cliffside houses",https://www.instagram.com/reel/DUJJR4Bjbq5/,https://www.instagram.com/popular/amalfi-coast/
DdPa1M2JE6l,tulumbeachdiaries,3300000,3.3M,tulum,"Tulum, one beach day at a time 🏝️ 📍 Holy moly. In front of Ahau today. September is usually the month where the ocean calms down and slowly comes back",https://www.instagram.com/reel/DdPa1M2JE6l/,https://www.instagram.com/popular/tulum/
DSIaDRLjGMU,prinzessavideo_ai,3300000,3.3M,ai-interior;ai-interior-design,AI-Ремонт | Зал — вариант №1 Тестирую AI-workflow по визуализации интерьеров: 1 фото → план,https://www.instagram.com/reel/DSIaDRLjGMU/,https://www.instagram.com/popular/ai-interior-design/
DX9lucizeV0,goated_arts,3300000,3.3M,ai-art,"LUFFY 🏴‍☠️ . . Created with @openart_ai . . ▫️𝑳𝒊𝒌𝒆, 𝑺𝒉𝒂𝒓𝒆 & 𝑺𝒂𝒗𝒆! 🔥",https://www.instagram.com/reel/DX9lucizeV0/,https://www.instagram.com/popular/ai-art/
DVYdwbwk-1G,the_conscious_dreamers,3300000,3.3M,infinity-pools,"the Alto 54 infinity pool feels like you're floating in the sky with the Burj Khalifa and Dubai skyline stretching endlessly around you. The view, the",https://www.instagram.com/reel/DVYdwbwk-1G/,https://www.instagram.com/popular/infinity-pools/
DM3fWa6M8e9,lvrannx,3300000,3.3M,future-home,my future house🤍 @lvrannx #explore #explorepage #fyp #follow #اكسبلور,https://www.instagram.com/reel/DM3fWa6M8e9/,https://www.instagram.com/popular/future-home/
DXuK0-_iKVV,archimyst1,3200000,3.2M,interior-design-ideas,Most people spend thousands on their staircase steps — and completely,https://www.instagram.com/reel/DXuK0-_iKVV/,https://www.instagram.com/popular/interior-design-ideas/
DMGId-oNg3k,aureliestory,3200000,3.2M,rooftop-pool,"@aureliestory Is this the most beautiful pool in the world? 🤯😍 📍 Aura Sky Pool, Dubai, UAE",https://www.instagram.com/reel/DMGId-oNg3k/,https://www.instagram.com/popular/rooftop-pool/
C-M7VT2POMk,theelitespaces,3100000,3.1M,luxury-living-room;luxury-living-room-design,Transform Your Living Room into a Luxe Haven! 🌟 Dreaming of a luxurious living room? Discover 5 expert tips,https://www.instagram.com/reel/C-M7VT2POMk/,https://www.instagram.com/popular/luxury-living-room/
DXrweQ8jCIC,med_student5,3100000,3.1M,rainy-day,"imagine you wake up early, no alarms, no noise… just the quiet sound of rain falling outside",https://www.instagram.com/reel/DXrweQ8jCIC/,https://www.instagram.com/popular/rainy-day/
DanQlnNO1KZ,elitebuildhq,3100000,3.1M,inside-underground-bunker-house,Inside a Hidden Off-Grid Survival Bunker Beneath a Modern Forest Cabin | Ultimate Self-Sufficient Home,https://www.instagram.com/reel/DanQlnNO1KZ/,https://www.instagram.com/popular/inside-underground-bunker-house/
DU9gCl-Du3V,eigsticonstruction,3000000,3M,kitchen-design,Everyone needs this in their kitchen… A walk-in hidden pantry! Open it up and you've got a whole,https://www.instagram.com/reel/DU9gCl-Du3V/,https://www.instagram.com/popular/kitchen-design/
C47SahtKIlX,rebeccalouise_reallife,3000000,3M,walk-in-closet,My wardrobe 🤍 Lighting is everything in a walk in wardrobe. You can have the most beautiful,https://www.instagram.com/reel/C47SahtKIlX/,https://www.instagram.com/popular/walk-in-closet/
DUtCMyYEVvs,sagephillipshome,3000000,3M,organic-modern,"I'm telling you… brown bedding is the move. It adds depth, warmth, and that perfectly layered look without tryin",https://www.instagram.com/reel/DUtCMyYEVvs/,https://www.instagram.com/popular/organic-modern/
DTwE4CFjKFK,urban_lifestyle_lab,3000000,3M,luxury-homes;luxury-mansion;luxury-modern-beautiful-house,tHiS iS nOt lUxUrY. tHiS iS dOmInAnCe.,https://www.instagram.com/reel/DTwE4CFjKFK/,https://www.instagram.com/popular/luxury-homes/
DK2Kx6tyuNR,riya_realtor,3000000,3M,luxury-house,100 cr ka villa 50 crore me??😳 #billionaire #millionaire #money #luxury #luxurylifestyle #motivation,https://www.instagram.com/reel/DK2Kx6tyuNR/,https://www.instagram.com/popular/luxury-house/
DEmjLd0z4G9,gamsung__stay,3000000,3M,luxury-resort,한국인 후기 1도 없는 미래지향 리조트 ⠀ ⠀ 네이버에 한국인 후기 하나도 없는 역대급 신상 리조트입니다. 영화같은 에메랄드빛 지상낙원으로 현,https://www.instagram.com/reel/DEmjLd0z4G9/,https://www.instagram.com/popular/luxury-resort/
DWbYY55k3v4,thehouserealty,2900000,2.9M,bali-luxury-villas-with-private-pools;tropical-villa,"This is What $189,000 gets you in Bali 🇮🇩🏡 A stylish tropical villa located in a peaceful pocket",https://www.instagram.com/reel/DWbYY55k3v4/,https://www.instagram.com/popular/tropical-villa/
DVoNTRGjOwq,aiforarchitects,2900000,2.9M,dream-home,A residence that doesn't ask for attention it commands it. Solid natural stone,https://www.instagram.com/reel/DVoNTRGjOwq/,https://www.instagram.com/popular/dream-home/
DQ2vN1BCCZn,luxuryhouseview,2900000,2.9M,futuristic-interior,"Sukoon under the stars — where dreams meet the galaxy."" 🌌🪐💫✨ #GalaxyHome #FuturisticLiving #LuxuryVibes #StarryNights #ModernElegance #DreamSpace",https://www.instagram.com/reel/DQ2vN1BCCZn/,https://www.instagram.com/popular/futuristic-interior/
DKCzq1ROSYc,benignitiles,2900000,2.9M,luxury-pool,For you that doubt about the #luxuryglass #resistant of our #pools we wanted to try it out firs,https://www.instagram.com/reel/DKCzq1ROSYc/,https://www.instagram.com/popular/luxury-pool/
DaavhZUxxrL,caboconkaty,2900000,2.9M,tulum,"🍂Save this before you book your Mexico beach trip 💾 🌊 Everyone is asking if Mexico is ruined by the sargassum seaweed right now, and the truth is it d",https://www.instagram.com/reel/DaavhZUxxrL/,https://www.instagram.com/popular/tulum/
DSxLy9CgH-2,alwaysstylish_home,2900000,2.9M,amazon-home-finds,"Follow & comment BEST for a link! These are the Amazon home finds you loved MOST in 2025! No regrets here — affordable, pretty, and the kind of everyd",https://www.instagram.com/reel/DSxLy9CgH-2/,https://www.instagram.com/popular/amazon-home-finds/
DMF8kGrM4lS,shanwicki,2900000,2.9M,glamping-ideas,"TENT BACK IN STOCK! Comment ""link"" and I'll send it to you! You have to be fast as they only have a few",https://www.instagram.com/reel/DMF8kGrM4lS/,https://www.instagram.com/popular/glamping-ideas/
DTkhih2DAEC,sunt_mrr,2900000,2.9M,ai-house-design;futuristic-houses,A black villa shrouded in mist . . . . . . . . . . . . . . . . . . #midjourney #mansion #interiør #houses #ai,https://www.instagram.com/reel/DTkhih2DAEC/,https://www.instagram.com/popular/futuristic-houses/
C3S6d8-RtGv,greenitecture,2800000,2.8M,biophilic-design;tropical-house,🌱 Relax at this jungle oasis! 🥰 . . . 🌿 @artvillascostarica shot by @hypermiggzz . 🤝 DM @greenitecture for collaborations / credit / or removal.,https://www.instagram.com/reel/C3S6d8-RtGv/,https://www.instagram.com/popular/biophilic-design/
DNGJKD9ytTJ,luxe.visionnaire,2800000,2.8M,luxury-house,Tag your friends 🏷️ . POV: Dreams built this empire — now this is home 🏰💸,https://www.instagram.com/reel/DNGJKD9ytTJ/,https://www.instagram.com/popular/luxury-house/
DFJrYmZJDx7,quaintandsimple,2800000,2.8M,indoor-pool,Many of our evenings look like this even in the dead of winter. Frost and snow have no effect on this indoor pool!,https://www.instagram.com/reel/DFJrYmZJDx7/,https://www.instagram.com/popular/indoor-pool/
Da4qA2fP2XS,roxy_carretero,2800000,2.8M,cozy-bedroom-ideas,"Comment ""BEDROOM "" and I'll send you the links to everything featured in this space. 🤍 POV: You finally created the cozy bedroom you've always dreamed",https://www.instagram.com/reel/Da4qA2fP2XS/,https://www.instagram.com/popular/cozy-bedroom-ideas/
CqY18lMp6hh,ananewyork,2800000,2.8M,luxury-hotel-suite,penthouse suite of dreams ✨ @bulgarihotels #mylittleparis #Parisjetaime #parismaville,https://www.instagram.com/reel/CqY18lMp6hh/,https://www.instagram.com/popular/luxury-hotel-suite/
DAGRW5NPUo1,petersoncabinetworks,2700000,2.7M,luxury-kitchen;luxury-kitchen-design,"We love the final result of this elegant, modern kitchen. We used high g",https://www.instagram.com/reel/DAGRW5NPUo1/,https://www.instagram.com/popular/luxury-kitchen/
Dbd__f5ssd8,liasrvz,2700000,2.7M,quiet-luxury,private life. loud lifestyle. ☄️ follow @liasrvz for luxury lifestyle & extraordinary living.,https://www.instagram.com/reel/Dbd__f5ssd8/,https://www.instagram.com/popular/quiet-luxury/
DUzFNSYDXY5,antt,2700000,2.7M,luxury-penthouse,#penthouse,https://www.instagram.com/reel/DUzFNSYDXY5/,https://www.instagram.com/popular/luxury-penthouse/
DdEgqHFozBe,travelask.world,2700000,2.7M,cabins;treehouse,"🍁10 Dreamy Treehouse Stays Around the World 📍 Woodnest — Odda, Norway — modern treehouses hidden in a pine forest with beautiful fjord views. 📍 Treeho",https://www.instagram.com/reel/DdEgqHFozBe/,https://www.instagram.com/popular/treehouse/
DbzJSSjFNDA,yanz_zhu,2700000,2.7M,treehouse,They seem happier here than they would be in a big city. #TreeHouse #GiantTree #TreeTopHouse #JungleLife #Survival #Documentary,https://www.instagram.com/reel/DbzJSSjFNDA/,https://www.instagram.com/popular/treehouse/
DPBFz4YgeQF,luxurydreamhub,2700000,2.7M,futuristic-interior,Living the grand life! ✨ This open-concept space with its incredible lighting and architectural design is absolutely captivating. Imagine unwinding he,https://www.instagram.com/reel/DPBFz4YgeQF/,https://www.instagram.com/popular/futuristic-interior/
DVRdL5wkkIK,neuraltransform,2700000,2.7M,infinity-pools;luxury-pool,They turned a desert hill into THIS?! #infinitypool #luxuryhome #outdoordesign #backyardgo,https://www.instagram.com/reel/DVRdL5wkkIK/,https://www.instagram.com/popular/luxury-pool/
DObJje_gWha,jaseel_pm.le,2700000,2.7M,dubai-villa,"This villa costs ₹50 crore… so if you find me making tea in the kitchen, just know I accidentally moved in!",https://www.instagram.com/reel/DObJje_gWha/,https://www.instagram.com/popular/dubai-villa/
DcG1xPEgZU7,helenjzhao,2700000,2.7M,tulum,"Tulum, Mexico looks like a ghost town in 2026, after the Americans who fell in love with it, left. Here's everything that went wrong. Tulum represente",https://www.instagram.com/reel/DcG1xPEgZU7/,https://www.instagram.com/popular/tulum/
DXUk6mrjjjZ,navafamilytx,2700000,2.7M,mansion-tour,"Little POV shot of our latest mansion tour @navarealtygroup Text ""McKinney"" at 210-915-6627 to",https://www.instagram.com/reel/DXUk6mrjjjZ/,https://www.instagram.com/popular/mansion-tour/
DPBMs60gTds,luxurydreamhub,2700000,2.7M,modern-luxury-house-interiors,"Pure architectural elegance! 😍 The way this space flows, the natural light from the skylight, and that",https://www.instagram.com/reel/DPBMs60gTds/,https://www.instagram.com/popular/modern-luxury-house-interiors/
DdRlcgEuFAx,nelsontreehouse,2600000,2.6M,treehouse,"Challenge accepted😏🌲 @treehousepete built this treehouse on Saltspring Island in 1992, his first ever ""grown-up"" treehouse. More than three decades la",https://www.instagram.com/reel/DdRlcgEuFAx/,https://www.instagram.com/popular/treehouse/
DZaTrr5N7gt,villa_designn,2600000,2.6M,modern-architecture,"Built For Extraordinary Living ✨ More than a villa, it's a statement of vision, luxury, and",https://www.instagram.com/reel/DZaTrr5N7gt/,https://www.instagram.com/popular/modern-architecture/
Dc1qCHQP6CO,carvideobr,2600000,2.6M,monaco,A tropa dos Paganis em Mônaco! 🇲🇨,https://www.instagram.com/reel/Dc1qCHQP6CO/,https://www.instagram.com/popular/monaco/
DVt2W8GACHZ,sema.z.efe,2600000,2.6M,saudi-arabia-architecture,Yaklaşık 5 aydır Arabistan'dayım ve burada gerçekten çok güzel evler görüyorum. Genellikle yüksek duvarlı,https://www.instagram.com/reel/DVt2W8GACHZ/,https://www.instagram.com/popular/saudi-arabia-architecture/
DYz0TRHPFFf,chembarathiwayanad,2600000,2.6M,luxury-resort,Some places are made for summer. This is made for the rain. Mist rolling through the hills. Raindrops o,https://www.instagram.com/reel/DYz0TRHPFFf/,https://www.instagram.com/popular/luxury-resort/
CtSuDIhRdvn,terralodge.co,2600000,2.6M,treehouse-hotel,"Weekend escape away from Music City 🌲🎶 Share with who you would bring! 📍Terralodge Treehouse Resort in Monteagle, Tennessee (1.5 drive from Nashville!",https://www.instagram.com/reel/CtSuDIhRdvn/,https://www.instagram.com/popular/treehouse-hotel/
DVklPk9DDaU,rksnest,2600000,2.6M,bedroom-decor,"After a hectic day, home is the place that brings peace and warmth. And for me, that feeling",https://www.instagram.com/reel/DVklPk9DDaU/,https://www.instagram.com/popular/bedroom-decor/
DcfDbiDsJb2,modern_house__3d,2600000,2.6M,luxury-modern-beautiful-house;ultra-modern-luxury-house-design,Modern Luxury House Design 🏠✨ | Dream Home 16 Modern luxury house design with a stunning exterior 🏡✨ A beautiful 3D dream home for modern arc,https://www.instagram.com/reel/DcfDbiDsJb2/,https://www.instagram.com/popular/ultra-modern-luxury-house-design/
DSDLwESDXfY,pride_and__property,2500000,2.5M,luxury-bathroom,Luxury Bathroom,https://www.instagram.com/reel/DSDLwESDXfY/,https://www.instagram.com/popular/luxury-bathroom/
DR93ufJDfjx,serenecabin,2500000,2.5M,cozy-winter-cabin;luxury-cabin,The Alchemy of Atmosphere: Crafting Cabin Serenity ✨ #cozycabin #relaxation #heavysnowfall,https://www.instagram.com/reel/DR93ufJDfjx/,https://www.instagram.com/popular/luxury-cabin/
DX9uKYWoRwb,travelask.world,2500000,2.5M,marrakech-riad,😍Morocco like Pinterest: the most beautiful hotels 🇲🇦 📍 Royal Mansour Marrakech One of the mos,https://www.instagram.com/reel/DX9uKYWoRwb/,https://www.instagram.com/popular/marrakech-riad/
DJM1L1SyU0x,naturesms_for_u,2500000,2.5M,ai-generated-house,🥀 Dream House 🏡 seems extremely beautiful ❤️ . . #art #love #home #photography,https://www.instagram.com/reel/DJM1L1SyU0x/,https://www.instagram.com/popular/ai-generated-house/
C7LKdlfyaHs,think.millionaire02,2500000,2.5M,dream-life,Dream 😍@think.millionaire02,https://www.instagram.com/reel/C7LKdlfyaHs/,https://www.instagram.com/popular/dream-life/
C_98Y7opI2k,calmwavesmedia,2500000,2.5M,rainy-day,☔ Walking in the Rain 🌧️ There's something magical about a rainy day—every drop tells,https://www.instagram.com/reel/C_98Y7opI2k/,https://www.instagram.com/popular/rainy-day/
C_eQhn3vcfs,nature.dew,2500000,2.5M,luxury-garden,Enchanting garden blooming with vibrant colors and lush greenery! 🌸🌿✨ #beautifulgarden #gardenlife #naturebeauty #floralparadise #gardeningjoy #scenic,https://www.instagram.com/reel/C_eQhn3vcfs/,https://www.instagram.com/popular/luxury-garden/
CnzjnVDu8HC,foxterradesign,2500000,2.5M,backyard-design,No one regrets transforming their backyard into an oasis! 🌴 📩 Ready for a makeover of,https://www.instagram.com/reel/CnzjnVDu8HC/,https://www.instagram.com/popular/backyard-design/
C4BB-H_yXuj,arteo_luxury,2500000,2.5M,luxury-bathroom-design;luxury-bathroom-interior-design-inspiration,"A touch of pure luxury In the opulence of black and ivory hues, this luxury bathroom transcends mere",https://www.instagram.com/reel/C4BB-H_yXuj/,https://www.instagram.com/popular/luxury-bathroom-interior-design-inspiration/
C_P-6KmOGt9,soothenests,2500000,2.5M,dream-bedrooms,A cozy luxury room with a front-row seat to winter's beauty #cozybedroom #cozyapartment #wintervibes,https://www.instagram.com/reel/C_P-6KmOGt9/,https://www.instagram.com/popular/dream-bedrooms/
CsdJvHVMPy9,industrieelchique,2500000,2.5M,industrial-chic-interior-design,•ENJOY• wij starten vandaag op de voetbalvelden en gaan lekker genieten van de zon 👏🏻 Geniet van jullie weekend 😘,https://www.instagram.com/reel/CsdJvHVMPy9/,https://www.instagram.com/popular/industrial-chic-interior-design/
DT4D0MtCJc5,myjhouse_cn,2500000,2.5M,container-home-luxury-models-2026,Container home #containerhouse #prefabricatedhouse #tinyhouse #housedesign #mobilehouse,https://www.instagram.com/reel/DT4D0MtCJc5/,https://www.instagram.com/popular/container-home-luxury-models-2026/
DaFxpIesxvU,alanood_villa,2500000,2.5M,chalet,العنود بالليل والنهار بتجنن 🥹 #fyp#alanoodvilla#summervibes#chalet#summertime,https://www.instagram.com/reel/DaFxpIesxvU/,https://www.instagram.com/popular/chalet/
Dc01pz-MJ9v,uniqchalets,2500000,2.5M,chalet,"dreaming of a chalet winter 🌨️ fresh snow, skiing, soaking in the whirlpool for way too long, putting our phones away and ending the day cosied up tog",https://www.instagram.com/reel/Dc01pz-MJ9v/,https://www.instagram.com/popular/chalet/
DN6dhhgjQLZ,henry.evr,2500000,2.5M,cozy-room,sunny glow in my bedroom #bedroom #roominspiration #furniture #apartment #roomtour #wallart #room,https://www.instagram.com/reel/DN6dhhgjQLZ/,https://www.instagram.com/popular/cozy-room/
DXhPisCE_Du,nextawas,2400000,2.4M,home-decor-ideas;living-room-design,Upgrade your living space with this modern partition idea that adds style and smart space separation to your home. Design your dream home wi,https://www.instagram.com/reel/DXhPisCE_Du/,https://www.instagram.com/popular/living-room-design/
DWFHX7KiGay,yumiheiwa,2400000,2.4M,quiet-luxury,"Quiet life | I hope your day was good, take care of yourself #quietlife #softlife #calm #cozy",https://www.instagram.com/reel/DWFHX7KiGay/,https://www.instagram.com/popular/quiet-luxury/
C-2qQ4fMOsm,architectanddesign,2400000,2.4M,rooftop-pool,"This is what a floating rooftop pool at a hotel in Huizhou, #China, looks like. Would you dare to swim",https://www.instagram.com/reel/C-2qQ4fMOsm/,https://www.instagram.com/popular/rooftop-pool/
Db2ZgYKISRF,solmykonosvillas,2400000,2.4M,mykonos,"Credit: @heypouya Mykonos is the ultimate paradise for those craving luxury and non-stop nightlife. Its breathtaking beaches, high-end c",https://www.instagram.com/reel/Db2ZgYKISRF/,https://www.instagram.com/popular/mykonos/
Ca4-MsKpA1D,worldtraveladventurers,2400000,2.4M,underwater-hotel,"The Muraka is the most unique hotel villa we've ever seen, submersed 16 feet under",https://www.instagram.com/reel/Ca4-MsKpA1D/,https://www.instagram.com/popular/underwater-hotel/
DV0JJo5if8h,ideadesigncasa,2400000,2.4M,garden-design,#gardenideas #gardeninspiration #giardino #beforeafter #gardendesign,https://www.instagram.com/reel/DV0JJo5if8h/,https://www.instagram.com/popular/garden-design/
DGQc37kNcJ7,nomadatoast,2400000,2.4M,ai-virtual-staging,"Comment SPACE for the link Turn empty spaces into dream homes with AI! Redesign, decorate, and even animate your home",https://www.instagram.com/reel/DGQc37kNcJ7/,https://www.instagram.com/popular/ai-virtual-staging/
DcRC92XMXh5,aiforarchitects,2400000,2.4M,jamesedition-luxury-homes,"We kept the architecture heavy, the interiors dark, and the openings enormous. 🌲 Stone, smoked timber and deep tones frame the Tenness",https://www.instagram.com/reel/DcRC92XMXh5/,https://www.instagram.com/popular/jamesedition-luxury-homes/
DZuoXwUoQXP,almostlove21,2400000,2.4M,cozy-room,My cozy little room 😍 . #cozyroom #aesthetic,https://www.instagram.com/reel/DZuoXwUoQXP/,https://www.instagram.com/popular/cozy-room/
DAwA66gvmbH,annaschottin,2300000,2.3M,dream-bedroom;dream-bedrooms;dream-room,Turned it into my dream room ✨,https://www.instagram.com/reel/DAwA66gvmbH/,https://www.instagram.com/popular/dream-bedroom/
DcG5RJTMSd3,acardesigns,2300000,2.3M,art-deco-interior-design,#InteriorDesign #HomeDecor #LuxuryInteriors #TimelessDesign #interiørinspiration,https://www.instagram.com/reel/DcG5RJTMSd3/,https://www.instagram.com/popular/art-deco-interior-design/
DXY96Ocl-4u,xiaoxiao_udhdecor,2300000,2.3M,luxury-interior-design,This is what understated luxury looks like when every detail feels intentional ✨🏛️,https://www.instagram.com/reel/DXY96Ocl-4u/,https://www.instagram.com/popular/luxury-interior-design/
DJgrWb2MNtO,challenge_decor,2300000,2.3M,interior-design-ideas,«تبي تغيّر شكل بيتك؟ نوفّر لك أعمال صبغ احترافية بكل الألوان والديك,https://www.instagram.com/reel/DJgrWb2MNtO/,https://www.instagram.com/popular/interior-design-ideas/
DdbN1FLJIXF,ekam_sandhu_fitness,2300000,2.3M,dream-house,Khud ka ghar🏡 @ekam_sandhu_fitness #dreamhomes #homesweethome #dreamhomes #ghar #dreamhouse,https://www.instagram.com/reel/DdbN1FLJIXF/,https://www.instagram.com/popular/dream-house/
DHMBPpcpswh,siyad_abdali,2300000,2.3M,dream-home,Do you like this kind of home? Share it with someone you want to live with,https://www.instagram.com/reel/DHMBPpcpswh/,https://www.instagram.com/popular/dream-home/
DLaOzlesmzc,luxuriatehomes,2300000,2.3M,dream-home,"Tired body, quiet night, and the home that makes it all worth it.#luxuriatehome",https://www.instagram.com/reel/DLaOzlesmzc/,https://www.instagram.com/popular/dream-home/
DULlWJXDQmr,visionbuildofficial,2300000,2.3M,modern-house,Minimal Luxury Home in the Countryside. #ModernHouse #DroneShot #LuxuryHome,https://www.instagram.com/reel/DULlWJXDQmr/,https://www.instagram.com/popular/modern-house/
DanrULGojvQ,jopmc16,2300000,2.3M,monaco,@charles_leclerc & @alexandramalenaleclerc #charlesleclerc #charlesleclerc16 #alexandraleclerc #f1 #monaco,https://www.instagram.com/reel/DanrULGojvQ/,https://www.instagram.com/popular/monaco/
Db075UJMtiX,itsdjlevi,2300000,2.3M,mykonos,"Summer in Mykonos, Montreal and New York next",https://www.instagram.com/reel/Db075UJMtiX/,https://www.instagram.com/popular/mykonos/
C5Qw0-CI5Rk,ally_jape,2300000,2.3M,underwater-hotel,This underwater hotel room is the first in the Entire continent of Africa and the experience is,https://www.instagram.com/reel/C5Qw0-CI5Rk/,https://www.instagram.com/popular/underwater-hotel/
Cf8NZx_jI69,beautifuldestinations,2300000,2.3M,overwater-villa,"Dreaming of @louiscannell's bathtub with a view. 🛁🌹 In the Maldives, you'll never run out of luxurious overwater villas that provide",https://www.instagram.com/reel/Cf8NZx_jI69/,https://www.instagram.com/popular/overwater-villa/
DLffL8pNp5j,erfan_padiav,2300000,2.3M,ai-interior-designer,Modern and Warm Kitchen and Livingroom Software: Coronarenderer-3ds max-photoshop #interiordesign #interiorvisualization #3dsmaxrender #coronarender #,https://www.instagram.com/reel/DLffL8pNp5j/,https://www.instagram.com/popular/ai-interior-designer/
DHOHrGmIr2S,bynayma,2300000,2.3M,dream-life,"✨The Blueprint to Your Dream Life ✨ Most people don't live their dream life not because it's impossible, but because they don't have a clear plan.",https://www.instagram.com/reel/DHOHrGmIr2S/,https://www.instagram.com/popular/dream-life/
DWRwR3tk9Om,ava_findss,2300000,2.3M,dream-bedroom-decor-ideas,"Caption: Dream room ✨🤍 A cozy space filled with the little details I love. From the comfortable bed to the soft decor and organized corners, everythin",https://www.instagram.com/reel/DWRwR3tk9Om/,https://www.instagram.com/popular/dream-bedroom-decor-ideas/
DQ77Qe_gSdS,lvclosetdesign,2200000,2.2M,dream-closet;luxury-closet,This transformation is one of my toughest challenges to date! Fitting everything AND more than what was shown in the before video while also redirecti,https://www.instagram.com/reel/DQ77Qe_gSdS/,https://www.instagram.com/popular/luxury-closet/
CxTdEfOpO9y,archedmanor,2200000,2.2M,home-theater,"The home theater we built for our friend/client is complete!!! All the details are in a newly published post, comment 'THEATER23' for a",https://www.instagram.com/reel/CxTdEfOpO9y/,https://www.instagram.com/popular/home-theater/
DXbzLtnjMek,dani.the.real,2200000,2.2M,dubai-penthouse,Absolutely love this view… and John Mayer #dubai #penthouse #view,https://www.instagram.com/reel/DXbzLtnjMek/,https://www.instagram.com/popular/dubai-penthouse/
DFw2Q9XoCYQ,jetset_anna,2200000,2.2M,amalfi-coast;luxury-homes-on-the-amalfi-coast,🇮🇹4-Day Amalfi Coast Itinerary: A Perfect Italian Getaway ⬇️ 📍SAVE this post for when you are visiting,https://www.instagram.com/reel/DFw2Q9XoCYQ/,https://www.instagram.com/popular/amalfi-coast/
DRPiypikRW6,reneeroaming,2200000,2.2M,arctic-treehouse-hotel-rovaniemi;treehouse-hotel,"I'm convinced this is the most magical treehouse rental in the world 🥹 Comment ""treehouse"" and I'll message you the details! We didn't want to leave &",https://www.instagram.com/reel/DRPiypikRW6/,https://www.instagram.com/popular/treehouse-hotel/
DMsUdcfOaZK,ryandubs,2200000,2.2M,luxury-suite,Welcome to the most expensive hotel room in the world. 🤩 #dubai #atlantistheroyal #hotel #suite #luxury #interiordesign,https://www.instagram.com/reel/DMsUdcfOaZK/,https://www.instagram.com/popular/luxury-suite/
DY9CLYOx-rq,vrishtidesigns,2200000,2.2M,dubai-luxury-interior-design-trends;luxury-apartment-interior-design-ideas-2026,"Golden lighting, grand details, and luxury that speaks for itself ✨🤎 #vrishtidesigns #luxuryinteriors #livingroomd",https://www.instagram.com/reel/DY9CLYOx-rq/,https://www.instagram.com/popular/luxury-apartment-interior-design-ideas-2026/
DVK9k-mEa_S,pentarkdesign,2100000,2.1M,bedroom-design,Your bedroom shouldn't feel ordinary. It should feel like a 5-star suite you never want to leave. ✨ From warm beige elegance to bold navy royalty — th,https://www.instagram.com/reel/DVK9k-mEa_S/,https://www.instagram.com/popular/bedroom-design/
Cnx8jCrsSC5,vincethebuilder,2100000,2.1M,luxury-kitchen,Kitchen Inspo 👨🏻‍🍳 #clean #kitchen #kitcheninspo #kitchendecor #kit,https://www.instagram.com/reel/Cnx8jCrsSC5/,https://www.instagram.com/popular/luxury-kitchen/
DV8L0eZJDPn,georgewu_udhkids,2100000,2.1M,kids-room-design,A 10m² kids' room styled like this feels incredibly cozy 🛏️🌤️,https://www.instagram.com/reel/DV8L0eZJDPn/,https://www.instagram.com/popular/kids-room-design/
Db7RZhop0WP,byreginamalina,2100000,2.1M,japandi,Japandi style 2.0,https://www.instagram.com/reel/Db7RZhop0WP/,https://www.instagram.com/popular/japandi/
DZ1YVlvpd5m,mr_govind360,2100000,2.1M,dream-house,MY DREAM🏠....🙏 #dreams #house #brothers #complete,https://www.instagram.com/reel/DZ1YVlvpd5m/,https://www.instagram.com/popular/dream-house/
DWhyDMrDwNu,connorphillips,2100000,2.1M,cabin,Downsizing to only the essentials. #cabin #offgrid #rustic #smallhome,https://www.instagram.com/reel/DWhyDMrDwNu/,https://www.instagram.com/popular/cabin/
DS5GYPmAESA,facade_designn,2100000,2.1M,futuristic-architecture,✨A futuristic skyscraper inspired by the power of a serpent… 😍Where architecture meets,https://www.instagram.com/reel/DS5GYPmAESA/,https://www.instagram.com/popular/futuristic-architecture/
DEXdiSOCLz0,millionaire.vibes__,2100000,2.1M,luxury-life,"Power, money, respect – the ultimate mafia trifecta. Are you ready to level up?🏆 First Rolls-Royce Clip by @plat",https://www.instagram.com/reel/DEXdiSOCLz0/,https://www.instagram.com/popular/luxury-life/
DbI37Oqo9WK,evlin.ononna,2100000,2.1M,cozy-rain,"pov: you're watching a storm roll over the valley from your quiet mountain balcony ⛈️ 🌧️ steady rain falling over a misted mountain valley, the world",https://www.instagram.com/reel/DbI37Oqo9WK/,https://www.instagram.com/popular/cozy-rain/
DWSU27riJbh,coldvisions_,2100000,2.1M,rainy-day,rainy day,https://www.instagram.com/reel/DWSU27riJbh/,https://www.instagram.com/popular/rainy-day/
DW7gqkPB_WG,chrislovesjulia,2100000,2.1M,backyard-design;outdoor-living,"You don't need a bigger backyard, you don't need a full renovation. You just need a few",https://www.instagram.com/reel/DW7gqkPB_WG/,https://www.instagram.com/popular/backyard-design/
DctONdERiHk,sourcedinteriorsdesign,2100000,2.1M,luxury-real-estate,The art of the entrance. 🚪 Where architectural mastery meets timeless elegance. This custom pivot door opens to a world of luxury in one of Miami's mo,https://www.instagram.com/reel/DctONdERiHk/,https://www.instagram.com/popular/luxury-real-estate/
DVXP4QcDWke,ashlan.sorenson,2100000,2.1M,dream-closet,FINALLY organized my dream closet! You can comment 'WANT' for closet links💌,https://www.instagram.com/reel/DVXP4QcDWke/,https://www.instagram.com/popular/dream-closet/
DRUl_l4kgeD,pvc_delhi.1,2100000,2.1M,luxury-room,"⭐ Luxury Bedroom Design Titles (YouTube / Instagram) 1. ""Luxury Bedroom Tour – Modern, Classy & Premium Look!"" 2. ""5 Star Luxury Bedroom Makeover | Ro",https://www.instagram.com/reel/DRUl_l4kgeD/,https://www.instagram.com/popular/luxury-room/
Da714ebtLOp,miladeshtiyaghi,2100000,2.1M,house-in-forest,Jungle House 🌳🤍🌱 Architect & Interior Designer: @miladeshtiyaghi This project is a deeply p,https://www.instagram.com/reel/Da714ebtLOp/,https://www.instagram.com/popular/house-in-forest/
C-5lFEQPt7j,outofboundsretreats,2100000,2.1M,house-in-forest,"⛰️ Do you consider a cabin in the woods to be therapy? For us it's not just therapy, but",https://www.instagram.com/reel/C-5lFEQPt7j/,https://www.instagram.com/popular/house-in-forest/
DUiYg01DBhP,finegrid_planners,2100000,2.1M,hotel-bathroom-designs,"Wait… ye bathroom ghar ka hai ya hotel ka? 😳✨ Warm lighting + clean minimal design = pure luxury feel✨ Would you want this in your home? 😍 Comment ""BA",https://www.instagram.com/reel/DUiYg01DBhP/,https://www.instagram.com/popular/hotel-bathroom-designs/
DC1hCm5StQn,aliciaadorna,2100000,2.1M,cozy-room,"clean room, clear mind ✨✨ - - #roomtour #acubi #cozyroom #roominspo #roomdesign #aesthetic",https://www.instagram.com/reel/DC1hCm5StQn/,https://www.instagram.com/popular/cozy-room/
C_aGkRDutcQ,karim.eltaher.designs,2100000,2.1M,luxury-bathroom-design,Luxury bathroom🖤 ✨🪄 Make your dreams🤩🖤 #homedecor #designinspiration #architecture #interiordesigne,https://www.instagram.com/reel/C_aGkRDutcQ/,https://www.instagram.com/popular/luxury-bathroom-design/
DMsu-AtArBt,luxuriatetouche,2100000,2.1M,dream-house-design,"🏡✨ Where modern design meets timeless beauty — a space that feels like pure peace 💖🌿 💬 If you had a choice, which city would you build this home in? D",https://www.instagram.com/reel/DMsu-AtArBt/,https://www.instagram.com/popular/dream-house-design/
Cq-DoAJrm63,house_of_reservations,2000000,2M,tropical-house;tropical-villa,Get ready for some serious relaxation in our tropical boho style. @modjovillas has a spacious gard,https://www.instagram.com/reel/Cq-DoAJrm63/,https://www.instagram.com/popular/tropical-villa/
DScqiv1EsV0,luxurydreamhub,2000000,2M,luxury-interior;luxury-interior-design;luxury-room;modern-luxury-house-interiors,Redefining modern elegance in a sanctuary of light and luxury. ✨🕊️ Experience the ultimate dream s,https://www.instagram.com/reel/DScqiv1EsV0/,https://www.instagram.com/popular/luxury-interior/
DSa1KOvCKsz,luxuryhouseview,2000000,2M,luxury-interior-design,Luxury interior design🤍 💎💫 #luxuryhomes #interiordesign #instagram #reels #tranding,https://www.instagram.com/reel/DSa1KOvCKsz/,https://www.instagram.com/popular/luxury-interior-design/
DVPdh3uk0XC,luxurydreamhub,2000000,2M,dream-home;dubai-luxury-interior-design-trends;futuristic-home;luxury-interior-design,Living in a world of blue hues and boundless luxury. ✨💎 Where high-tech design meets high-end,https://www.instagram.com/reel/DVPdh3uk0XC/,https://www.instagram.com/popular/luxury-interior-design/
DVf3hz8k2lW,midnight_files_ll,2000000,2M,underground-house,Built under ground #midnightfiles #underground #house #Home,https://www.instagram.com/reel/DVf3hz8k2lW/,https://www.instagram.com/popular/underground-house/
DZheXLNMbUO,sammyvagabond,2000000,2M,maldives-villa,"Maldives is not a destination, it's a feeling! 🤯🇲🇻😍🏝️ 📍 Four Seasons Resort Maldives at Kuda Hura",https://www.instagram.com/reel/DZheXLNMbUO/,https://www.instagram.com/popular/maldives-villa/
DW9FA90C3fn,jiavisuals.ae,2000000,2M,luxury-resort,The only reason I work hard is so my holidays can look like this: Hotels featured: @oberoiamarvilas @babal,https://www.instagram.com/reel/DW9FA90C3fn/,https://www.instagram.com/popular/luxury-resort/
DcMYWKBzVS5,cyborg.digitalart,2000000,2M,ai-art,Infinite peace part 18 🌊 This video is made with @openart_ai @madewithopenart HD live Wallpaper,https://www.instagram.com/reel/DcMYWKBzVS5/,https://www.instagram.com/popular/ai-art/
DavH3TqolZv,ozudairies,2000000,2M,home-decor,✨ one corner completely change the vibe of the room ✨ . . . . . #homedecor #CornerStylin,https://www.instagram.com/reel/DavH3TqolZv/,https://www.instagram.com/popular/home-decor/
DaTWN4Pjlkh,vesgantti_home,2000000,2M,living-room-decor,"Designed to be lived in, not staged. — @vesgantti_home for warm contemporary living.",https://www.instagram.com/reel/DaTWN4Pjlkh/,https://www.instagram.com/popular/living-room-decor/
DcUC5bzitR8,homelove.bylaura,2000000,2M,living-room-decor,staying in > going out 🤍 #interiordesign #cozyhome #explorepage #interior #Livingroom,https://www.instagram.com/reel/DcUC5bzitR8/,https://www.instagram.com/popular/living-room-decor/
DRH0bWEDGpI,aiforarchitects,2000000,2M,los-angeles-house;luxury-real-estate-mansion-exterior,"In the hills of Los Angeles, a mansion that rivals the night itself. Dark stone volumes, glass framed with bronze lines, a gallery-style garage openin",https://www.instagram.com/reel/DRH0bWEDGpI/,https://www.instagram.com/popular/los-angeles-house/
DTYUARECkAQ,buket.interior,2000000,2M,quiet-luxury-bathroom,Der kleinste Raum im Haus – unser Gästebad ✨ Wie findet ihr es? #gästebad #gästewc #tinybathroom #interiorvibes #bathroom #badgestaltung #interiordet,https://www.instagram.com/reel/DTYUARECkAQ/,https://www.instagram.com/popular/quiet-luxury-bathroom/
DU04-JoCXsb,soyarqadrianadelacruz,2000000,2M,minimalist-art-deco-interior-design,"El estilo no se copia, se construye. Nace de cómo habitas tus espacios y de lo que quieres sentir en ellos. #D",https://www.instagram.com/reel/DU04-JoCXsb/,https://www.instagram.com/popular/minimalist-art-deco-interior-design/
DKhR4_qxUif,wayup_media,2000000,2M,desert-modern-house-tours,"Every detail of this modern estate is over the top in the BEST way! Pull into the garage, and the platform lowers your car to a hidden underground lev",https://www.instagram.com/reel/DKhR4_qxUif/,https://www.instagram.com/popular/desert-modern-house-tours/
C7b2U3syt7f,_rainy_street,2000000,2M,rain-sounds,Sound of Rain and Thunder ❤️😴💯🌱👈 . . #thunder #thunderstorm #rain #rainyday #rainynight #window #rainywindow #sabr #waqt #alone #ishq #mohabbat #life,https://www.instagram.com/reel/C7b2U3syt7f/,https://www.instagram.com/popular/rain-sounds/
Dam_XH1MWvk,leoniehanne,1900000,1.9M,quiet-luxury,Quiet luxury - I don't know her!? 🫢✨🍸 @tamararalph #couture #fashion,https://www.instagram.com/reel/Dam_XH1MWvk/,https://www.instagram.com/popular/quiet-luxury/
CyNWse3qDtM,loft208,1900000,1.9M,wabi-sabi-interior,"I mean, I know it's not for everyone… but I can't tell you how much I love living in an",https://www.instagram.com/reel/CyNWse3qDtM/,https://www.instagram.com/popular/wabi-sabi-interior/
DSnW9BIksbc,bic_trading,1900000,1.9M,luxury-house;luxury-mansion,Ultra luxury house • #mansion #luxuryhouse #dreamhouse #realestate,https://www.instagram.com/reel/DSnW9BIksbc/,https://www.instagram.com/popular/luxury-house/
DW3_-GNk_Zj,alex_jechev,1900000,1.9M,luxury-penthouse,"How do I even came here at 22 boys🙂.. I never felt ready , I just took the decision regardless and got the work done…",https://www.instagram.com/reel/DW3_-GNk_Zj/,https://www.instagram.com/popular/luxury-penthouse/
DP8q8tvDBct,swissedmund,1900000,1.9M,swiss-chalet,POV: You live in Switzerland 🇨🇭,https://www.instagram.com/reel/DP8q8tvDBct/,https://www.instagram.com/popular/swiss-chalet/
DX6qz-iu0gH,imhometokyo,1900000,1.9M,tokyo-apartment,Feel free to ask any questions! 😊 #tokyo #japan #tokyoapartment #studioapartment #lifeinjapan,https://www.instagram.com/reel/DX6qz-iu0gH/,https://www.instagram.com/popular/tokyo-apartment/
DNNmrEUzzOx,hakatayaken,1900000,1.9M,tokyo-apartment,Where what $910 gets you in Japan #japan #apartmenttour #housetour #akiya #japaneseapartment #apartment #tokyo,https://www.instagram.com/reel/DNNmrEUzzOx/,https://www.instagram.com/popular/tokyo-apartment/
DaYxfk_uV5D,charlottelaverickx,1900000,1.9M,mykonos,mykonos outfit roundup! 🇬🇷 all linked in my LTK 🩵 #summeroutfitideas #summeroutfitinspo #holidayoutfits #holidayoutfitideas,https://www.instagram.com/reel/DaYxfk_uV5D/,https://www.instagram.com/popular/mykonos/
DLhkdBcI08K,howthingsarebuilld,1900000,1.9M,ai-architecture;ai-generated-architecture-designs;ai-generated-house;ai-home-design,Home design made with artificial intelligence👍 🎥 @viralworking,https://www.instagram.com/reel/DLhkdBcI08K/,https://www.instagram.com/popular/ai-architecture/
DR94Qu_ktrH,richbynature09,1900000,1.9M,luxury-life;luxury-lifestyle,M O N E Y 🤑 . . . …..#luxury #luxurylifestyle #LuxuryNYC #LuxuryUSA #wealth • luxury lifestyle • luxury cars,https://www.instagram.com/reel/DR94Qu_ktrH/,https://www.instagram.com/popular/luxury-lifestyle/
DH9D6uqqjnD,jusathome,1900000,1.9M,kitchen-inspiration,🍃 K I T C H E N R E E L 🍃 Who can believe this weather? It's been glorious on the South Coast but can't wait to be back and get more jobs done in the,https://www.instagram.com/reel/DH9D6uqqjnD/,https://www.instagram.com/popular/kitchen-inspiration/
DVB-ootiG4h,aitransformation.lab,1900000,1.9M,inside-underground-bunker-house,Hidden Container Bunker —— From a standard backyard to a high-end hidden retreat. Watch the fu,https://www.instagram.com/reel/DVB-ootiG4h/,https://www.instagram.com/popular/inside-underground-bunker-house/
DaVZ3ODuRTb,axel_stone0,1900000,1.9M,inside-underground-bunker-house,I Built a Secret Underground Container House. #timelapse #containerhouse #bunker #construction #architecture,https://www.instagram.com/reel/DaVZ3ODuRTb/,https://www.instagram.com/popular/inside-underground-bunker-house/
DL4eMcWSd2S,eleinterior,1900000,1.9M,dubai-luxury-interior-design-trends,Luxury interiors. Perfectly personal. Our designs fuse heritage with sophistication — a seamless balanc,https://www.instagram.com/reel/DL4eMcWSd2S/,https://www.instagram.com/popular/dubai-luxury-interior-design-trends/
DSxrSKakvV9,verandaestatehomes,1800000,1.8M,dream-kitchen;dream-kitchens;organic-modern-kitchen-designs,"This kitchen is a true sun-soaked haven! With large windows that let in an abundance of natural light, every detail shines beautifully. The white oak",https://www.instagram.com/reel/DSxrSKakvV9/,https://www.instagram.com/popular/dream-kitchen/
DTrgOnZk3v-,theraj_interior,1800000,1.8M,luxury-bathroom;luxury-bathroom-design;luxury-bathroom-interior-design-inspiration,Luxury Bathroom Design That Feels Like a 5⭐ Hotel ✨ #LuxuryBathroom #ModernInterior,https://www.instagram.com/reel/DTrgOnZk3v-/,https://www.instagram.com/popular/luxury-bathroom/
DFzp9kasyef,dreamintrodesigns,1800000,1.8M,kids-room-design,"Kids Bedroom Design ✨ . . . Project Details: 3BHK Interior Project,Panchshil Towers, Kha",https://www.instagram.com/reel/DFzp9kasyef/,https://www.instagram.com/popular/kids-room-design/
C8b6L1yAzPS,archia.design,1800000,1.8M,modern-house,#archiadesign #archlovers #arq #arquitectura #arquitetura #architect #arquiteto,https://www.instagram.com/reel/C8b6L1yAzPS/,https://www.instagram.com/popular/modern-house/
DVesrMZDNwx,urban_lifestyle_lab,1800000,1.8M,futuristic-house;futuristic-houses,Concept & Copyright © @urban_lifestyle_lab @Agnis Buls,https://www.instagram.com/reel/DVesrMZDNwx/,https://www.instagram.com/popular/futuristic-house/
C1ofaiFM95o,ti.fu,1800000,1.8M,parametric-architecture,Parametric Intelligence . Discover a new power architecture workflow with Parametric Design,https://www.instagram.com/reel/C1ofaiFM95o/,https://www.instagram.com/popular/parametric-architecture/
Da-xP5AMnnh,madame_galu,1800000,1.8M,monaco,Monaco🇲🇨 Mr Versace 😁👌 #madamegalu #monaco #luxury #luxurylifestyle #fashion,https://www.instagram.com/reel/Da-xP5AMnnh/,https://www.instagram.com/popular/monaco/
CMfYHKRqyWf,alexpreview,1800000,1.8M,luxury-resort,Discover 10 of the world's best hotels! Which one is on your bucketlist? ✨ Tag someone you want to visit,https://www.instagram.com/reel/CMfYHKRqyWf/,https://www.instagram.com/popular/luxury-resort/
C6KPzyNh0uW,jaden.versluis,1800000,1.8M,unique-airbnb,Welcome to the best AirBnB in Norway… Would you stay here for the night? FOLLO,https://www.instagram.com/reel/C6KPzyNh0uW/,https://www.instagram.com/popular/unique-airbnb/
DaYnlsYI0Dg,infinity_gardens_grup,1800000,1.8M,landscape-design;luxury-garden,Что такое геопластика в ландшафтном дизайне? 🌿 Геопластика — это искусство создания красивого рельефа на участке. Даже если территория абсолютно ровна,https://www.instagram.com/reel/DaYnlsYI0Dg/,https://www.instagram.com/popular/luxury-garden/
CvVcXM9A2rS,chloereneewebb,1800000,1.8M,amazon-home-finds,LINK IN BIO + stories + story highlights ('July Home'). 🫶🏼 follow for more amazon finds! . . #randomamazonfinds #amazonfinds #amazonfavorites #amazonh,https://www.instagram.com/reel/CvVcXM9A2rS/,https://www.instagram.com/popular/amazon-home-finds/
DSkb82VjPBD,_crystalvisual,1800000,1.8M,dream-bedrooms,Which bedroom? ❣️ #reels #fyp #cozyvibes #bedroomgoals #aesthetic,https://www.instagram.com/reel/DSkb82VjPBD/,https://www.instagram.com/popular/dream-bedrooms/
DVtm6pNkiO_,tucasad3co,1700000,1.7M,living-room-design,"Nadie cree que esta sala empezó vacía… mira la transformación completa Transformación de interior paso a paso. Mármol, madera natural, ilumi",https://www.instagram.com/reel/DVtm6pNkiO_/,https://www.instagram.com/popular/living-room-design/
DcWTQ_jiSCi,husnain_g13_properties,1700000,1.7M,luxury-kitchen;modern-kitchen,🖤 Black Theme Luxury Kitchen Design 🍽️ A stunning black-themed desi,https://www.instagram.com/reel/DcWTQ_jiSCi/,https://www.instagram.com/popular/luxury-kitchen/
DOEDxVjDSEX,nikimariephoto,1700000,1.7M,home-library,Really underestimated the amount of books I'd needed 🤣,https://www.instagram.com/reel/DOEDxVjDSEX/,https://www.instagram.com/popular/home-library/
DKAY9BAIqv6,paulmarkkitchens,1700000,1.7M,outdoor-kitchen,Check out this amazing Outdoor Kitchen pod that we built what do you think?🙌🙌,https://www.instagram.com/reel/DKAY9BAIqv6/,https://www.instagram.com/popular/outdoor-kitchen/
DVd1PPVj6Z4,primurse_log,1700000,1.7M,futuristic-architecture,Concept 90: Fish-Shaped Skyscrapers Rising From the Ocean 😳🐟 Imagine a city where the,https://www.instagram.com/reel/DVd1PPVj6Z4/,https://www.instagram.com/popular/futuristic-architecture/
DS8yOlOkWBJ,soldbytyler,1700000,1.7M,malibu-house,"Would you want to live here? 🤔 DM me for all buying, selling, and leasing. 📲",https://www.instagram.com/reel/DS8yOlOkWBJ/,https://www.instagram.com/popular/malibu-house/
DRc0PGtErsa,luxurytravelermedia,1700000,1.7M,luxury-hotel,This is the kind of hotel that ruins you for everywhere else.✨ • Lakeside breakfasts that feel,https://www.instagram.com/reel/DRc0PGtErsa/,https://www.instagram.com/popular/luxury-hotel/
DGvmymOMdST,matitectura,1700000,1.7M,ai-architecture;midjourney-architecture,Ruins Reimagined OLD BUT NEW Bringing old ruins back to life with the help of AI. Using the latest AI,https://www.instagram.com/reel/DGvmymOMdST/,https://www.instagram.com/popular/ai-architecture/
DUtbUbUkmkP,jennabayergardendesign,1700000,1.7M,garden-design,"Thriller → Filler → Spiller ✓ Structure and height ✓ Fullness and texture ✓ Soft, natural edges Great gardens are built in layers.",https://www.instagram.com/reel/DUtbUbUkmkP/,https://www.instagram.com/popular/garden-design/
DXxDizylQdZ,buildup_work,1700000,1.7M,home-decor-ideas,Plain Table to Luxury Mosaic Patio Table ✨ Stunning DIY Transformation A simple wooden table turned into a beautiful mosaic patio centerpiece.,https://www.instagram.com/reel/DXxDizylQdZ/,https://www.instagram.com/popular/home-decor-ideas/
DaVfA_Mpg3j,furnicher_mahal__,1700000,1.7M,furniture-design,✨ Nagpur ke luxury homes ke liye premium handmade sofa 🔥 Royal look • Strong quality • Custom design • Prem,https://www.instagram.com/reel/DaVfA_Mpg3j/,https://www.instagram.com/popular/furniture-design/
DVrk07ojSsm,roomify.design,1700000,1.7M,interior-styling,Turning an empty room into a warm luxury bedroom. The right textures + lighting make all the difference. Would you live here? #homest,https://www.instagram.com/reel/DVrk07ojSsm/,https://www.instagram.com/popular/interior-styling/
DAR27mHPLNA,goldenhourabode,1700000,1.7M,bedroom-decor,the other day someone asked me what my favorite project has been from the new house so far and,https://www.instagram.com/reel/DAR27mHPLNA/,https://www.instagram.com/popular/bedroom-decor/
C3ulET_tzH_,kf.3dsolutions,1700000,1.7M,wabi-sabi-japandi-interior-design,Step by step to the dream home💫 #design #minimalism #japandi #wabisabi# #beige #in,https://www.instagram.com/reel/C3ulET_tzH_/,https://www.instagram.com/popular/wabi-sabi-japandi-interior-design/
DT52mBdgXiF,olena_prykhodko_design,1700000,1.7M,scandinavian-interior-design-styles,Choose Your Interior Style | From Construction to Design Transformation From a raw construction space to multiple interior design styles.,https://www.instagram.com/reel/DT52mBdgXiF/,https://www.instagram.com/popular/scandinavian-interior-design-styles/
DdNCWdvv2XE,rucalico_traful,1700000,1.7M,cabins,"Enviaselo sin decir nada 😌 🤍 🏔️Estás cabañas buscan un lujo silencioso en la mitad de la Patagonia, sin perder este aspecto de cabaña que tanto nos gu",https://www.instagram.com/reel/DdNCWdvv2XE/,https://www.instagram.com/popular/cabins/
DXUt-pOM8ZE,sunt_mrr,1700000,1.7M,bali-infinity-pool-villas;bali-luxury-villas-with-private-pools,Dream circle villa in Bali🌱✨ Design: @sunt_mrr,https://www.instagram.com/reel/DXUt-pOM8ZE/,https://www.instagram.com/popular/bali-luxury-villas-with-private-pools/
DZDBtiKuE2Q,rivageresort,1700000,1.7M,hunza-valley-luxury-resorts,"Dear future bride, You deserve a view like this. 💍✨",https://www.instagram.com/reel/DZDBtiKuE2Q/,https://www.instagram.com/popular/hunza-valley-luxury-resorts/
DV-CtiaDrrN,designxdani,1700000,1.7M,future-home,We built this home ourselves and had no idea what we were doing. And I share how we did it on my,https://www.instagram.com/reel/DV-CtiaDrrN/,https://www.instagram.com/popular/future-home/
DUxgA8dDEBj,havello3,1600000,1.6M,bedroom-design,"Small Bedroom Space Hacks That Look Expensive | Smart Storage & Bay Window Ideas Discover smart small bedroom design ideas that maximize storage, impr",https://www.instagram.com/reel/DUxgA8dDEBj/,https://www.instagram.com/popular/bedroom-design/
Cx1A-Z0r9aD,shauna_kelly_interiors,1600000,1.6M,luxury-living-room,Luxury and comfort…#design #interiordesign #shaunakellyinteriors #luxury #cosyhome #livingroom #lounge,https://www.instagram.com/reel/Cx1A-Z0r9aD/,https://www.instagram.com/popular/luxury-living-room/
DW4okNkjMlY,frenchandbeyond.design,1600000,1.6M,kitchen-design,"Design by Laurence 🤍 Small footprint, bold presence. A moody kitchen brought to life with rich tones",https://www.instagram.com/reel/DW4okNkjMlY/,https://www.instagram.com/popular/kitchen-design/
DFXKj2_CIyM,travelask.world,1600000,1.6M,mediterranean-villa,"🍋 Imagine, a luxurious villa on the Amalfi Coast, surrounded by lemon trees, in the heart of the homeland of limoncello. 🥰 Breathtaking views of the s",https://www.instagram.com/reel/DFXKj2_CIyM/,https://www.instagram.com/popular/mediterranean-villa/
DdHegfQM6DU,sara.interiorstudio,1600000,1.6M,art-deco-interior-design,Day vs night ✨ #apartmentaesthetic #midcenturymodern #interiordesign,https://www.instagram.com/reel/DdHegfQM6DU/,https://www.instagram.com/popular/art-deco-interior-design/
DclL5CNt48E,abeastinside,1600000,1.6M,cyberpunk-city,Just a normal rooftop from the rooftop of the cyberpunk2077 world.,https://www.instagram.com/reel/DclL5CNt48E/,https://www.instagram.com/popular/cyberpunk-city/
DafTKLbKlFz,ws_properties.pk,1600000,1.6M,luxury-house,🏡 2 Kanal Luxury Spanish House for Sale 📍DHA Lahore For Visit: 03008433051 ✅ 03034908677,https://www.instagram.com/reel/DafTKLbKlFz/,https://www.instagram.com/popular/luxury-house/
DbdIHO2NC0-,aaltomotive,1600000,1.6M,dream-house,Dream house. Follow for more 🤙,https://www.instagram.com/reel/DbdIHO2NC0-/,https://www.instagram.com/popular/dream-house/
DVY1P4AArWL,fast_buildsx,1600000,1.6M,cliff-house,Inside the World's Most Peaceful Cliffside Hideout 🏔️✨ Step inside this breathtaking,https://www.instagram.com/reel/DVY1P4AArWL/,https://www.instagram.com/popular/cliff-house/
DbkDSq7xR__,sevenora.design,1600000,1.6M,architecture-design,"For this project, our client envisioned a villa with the calm, immersive atmosphere of a resort. ⠀ That visi",https://www.instagram.com/reel/DbkDSq7xR__/,https://www.instagram.com/popular/architecture-design/
C2Uyw2ArW6H,skyviewexperts,1600000,1.6M,indoor-pool,"One of the wildest indoor pools you'll ever see! Has two pools, a jacuzzi, slide, and a waterfall 🤯",https://www.instagram.com/reel/C2Uyw2ArW6H/,https://www.instagram.com/popular/indoor-pool/
DHjIdf6N9IZ,purehotelbyhollywood,1600000,1.6M,boutique-hotel,Otaqlarımızın təsvirolunmaz aurası bizə təkrak-təkrar qayıtmaq istəyinizin səbəbi olacaqdır! - Непередаваемая аура наших номеров вызовет желание возвр,https://www.instagram.com/reel/DHjIdf6N9IZ/,https://www.instagram.com/popular/boutique-hotel/
DFCG_ZISb6o,sembler8,1600000,1.6M,unique-airbnb,Would you like to be in this fairy tale? This is my favorite AirBnb 😱,https://www.instagram.com/reel/DFCG_ZISb6o/,https://www.instagram.com/popular/unique-airbnb/
DSocrpKD0jF,thegoatmusics,1600000,1.6M,dream-life,"my dreams, will it come true? #music #spotify #playlist #lonely #song",https://www.instagram.com/reel/DSocrpKD0jF/,https://www.instagram.com/popular/dream-life/
DUd6WQ8Eetx,alexcentomo,1600000,1.6M,dream-life,"This with my husband and two kids, an endless supply of books, and my dogs 🕯️📜✨ Hotel: @maisonrosehudson Dress: @rumored_",https://www.instagram.com/reel/DUd6WQ8Eetx/,https://www.instagram.com/popular/dream-life/
C5ljtXpiRqg,laurenfrancesstanger,1600000,1.6M,rainy-day,rainy days in the city 🕯️🌧️ #rain #rainlover #rainy #rainyday #raininthecity,https://www.instagram.com/reel/C5ljtXpiRqg/,https://www.instagram.com/popular/rainy-day/
DV1gTOdk5nC,neuraltransform,1600000,1.6M,garden-design,A More Refined Look for the Whole Yard 🌱 #ModernGarden #LandscapeRefresh #CurbAppeal #LawnDesign #GardenInspo #OutdoorUpgrade,https://www.instagram.com/reel/DV1gTOdk5nC/,https://www.instagram.com/popular/garden-design/
DbbAMaTRT8h,zarela_home_decor_,1600000,1.6M,home-decor,Respirando mi paz en mi zona de comfort …😍 feliz jueves mis amores #decoration #homedecor,https://www.instagram.com/reel/DbbAMaTRT8h/,https://www.instagram.com/popular/home-decor/
DU7FRyugUyf,malaysiahomie,1600000,1.6M,mansion-tour,"A 19,000 squarefeet mansion with a beautiful backyard ❤️ 🏡 @mag.architect Follow @malaysiahomie",https://www.instagram.com/reel/DU7FRyugUyf/,https://www.instagram.com/popular/mansion-tour/
DD1WiXuutPt,housenumbereight_,1600000,1.6M,interior-styling,"I'm often asked how I would describe my interior style. It's a mix of minimalism, a touch of Danish design, and the practicality of a fa",https://www.instagram.com/reel/DD1WiXuutPt/,https://www.instagram.com/popular/interior-styling/
DLw2rFDMqZ9,sunt_mrr,1600000,1.6M,tropical-house-architecture-styles,Dream tropical villa . . . . . . . . . . . . . . . . #midjourney #luxuryhomes #mansion #bedroomdesign #interiør #mariadudkina #luxuryinteriors #villa,https://www.instagram.com/reel/DLw2rFDMqZ9/,https://www.instagram.com/popular/tropical-house-architecture-styles/
DAQic06SmvP,calmwhispers01,1600000,1.6M,cozy-cabin-in-the-snow,"Imagine waking up to this cozy scene ❄️🔥. The soft snowfall 🌨️, the crackling fire 🔥, and the warm glow of",https://www.instagram.com/reel/DAQic06SmvP/,https://www.instagram.com/popular/cozy-cabin-in-the-snow/
DdCGXhzCs9t,hikingwithmary,1600000,1.6M,cabins,"Which one would you choose?🙂‍↔️🌲 Comment ""link"" and I'll send you the collection of my favorite cabins in Washington (including all of these!)",https://www.instagram.com/reel/DdCGXhzCs9t/,https://www.instagram.com/popular/cabins/
Da3PGS9qbs8,chalet_lumdor,1600000,1.6M,chalet,How every day should end in our opinion⛰️🍃 Save this escape for your next vacation #chalet #slowlife #retreat #slowliving,https://www.instagram.com/reel/Da3PGS9qbs8/,https://www.instagram.com/popular/chalet/
DVy7BDyE0-d,divaa.finds,1500000,1.5M,bedroom-decor;bedroom-design,🛏 My bedroom transformation is complete with Temu's Aesthetic White Bedroom essentials! ✨ From minimalist furniture to soft bedding and perfect lighti,https://www.instagram.com/reel/DVy7BDyE0-d/,https://www.instagram.com/popular/bedroom-design/
DV09IF7AOEA,twinreadsandreds,1500000,1.5M,home-library,Our literal dream 😍🥰 #bookstagram #books #bookshelves #homelibrary,https://www.instagram.com/reel/DV09IF7AOEA/,https://www.instagram.com/popular/home-library/
DcBefsyR3OM,neutral_homebody,1500000,1.5M,japandi,Making the most of the space we have and loving every little corner of it. 🤎 Home is so much more than square footage. follow + comment shop for the links #organicmodern #curated #smallhouse #japandi #apartmentliving,https://www.instagram.com/reel/DcBefsyR3OM/,https://www.instagram.com/popular/japandi/
DN8llDvCJMD,trezdstudio,1500000,1.5M,luxury-interior,"What if elegance felt this effortless Every line, every reflection, every detail created to slow down",https://www.instagram.com/reel/DN8llDvCJMD/,https://www.instagram.com/popular/luxury-interior/
DB_vtY4IzpI,theluxuryhomeshow,1500000,1.5M,luxury-house-tour;luxury-mansion,"This $48,000,000 Fort Lauderdale home actually features 3 floors, with an incredible theatre room on the top floor 👀 Amazing to see already over 6 mil",https://www.instagram.com/reel/DB_vtY4IzpI/,https://www.instagram.com/popular/luxury-mansion/
DRAN8-OkmPt,wahid_bhattt,1500000,1.5M,mountain-house,"Imagine waking up to this view every morning — the sound of birds, the cool mountain breeze, and sunlight slowly touching your home among the clouds.",https://www.instagram.com/reel/DRAN8-OkmPt/,https://www.instagram.com/popular/mountain-house/
DJnfJsWPbAI,balidroomvillas,1500000,1.5M,bali-infinity-pool-villas;bali-villa,Contact by WhatsApp : +62 812-3950-878 #eastbali #BaliVilla #BaliVillaForRent #VillaForRent #BaliVacation #BaliHoliday #BaliLiving #BaliLife #BaliStay,https://www.instagram.com/reel/DJnfJsWPbAI/,https://www.instagram.com/popular/bali-villa/
DauWTkrSznf,mike.tokyohousing,1500000,1.5M,tokyo-apartment,For rent! Not available anymore! Inquire through the links on our bio! Add us on LINE for easier communication! Apartment details 3 LDK | 3 bedroom 24,https://www.instagram.com/reel/DauWTkrSznf/,https://www.instagram.com/popular/tokyo-apartment/
Cyl3Py1v64k,glashaus.realestate,1500000,1.5M,houses-on-malibu-beach;malibu-house,"this view is about as good as it gets… $10,450,000 in malibu. listed by: @rober",https://www.instagram.com/reel/Cyl3Py1v64k/,https://www.instagram.com/popular/malibu-house/
DI4BWOnoTNx,lemeuriceparis,1500000,1.5M,boutique-hotel,"Welcome to La Parisienne Suite, where secret corridors lead to your private haven in the heart of Paris 🤍 #DCmoments",https://www.instagram.com/reel/DI4BWOnoTNx/,https://www.instagram.com/popular/boutique-hotel/
DadYeHfu8MG,hannahandkord,1500000,1.5M,cozy-cabin,"A truly unforgettable stay @north_cascades_haven This cozy, little off-grid riv",https://www.instagram.com/reel/DadYeHfu8MG/,https://www.instagram.com/popular/cozy-cabin/
DP_q6N7joMT,amandabhome,1500000,1.5M,amazon-home-finds,Genius Amazon home finds 🙌 Like + comment SEND for links 🔗 #amazongadgets #amazonhomefinds #amazonhomehacks #amazonmusthaves #am,https://www.instagram.com/reel/DP_q6N7joMT/,https://www.instagram.com/popular/amazon-home-finds/
DCez39nPOfF,clarazrd,1500000,1.5M,penthouse-tour,"Coming back home to this view✨🤩🌃#newyork #nightview 📍30 Rose Hill - Penthouse B $12,499,995.00 Partnership: Clara.catherine.zoroddu@gmail.com #apartme",https://www.instagram.com/reel/DCez39nPOfF/,https://www.instagram.com/popular/penthouse-tour/
C9VN5dPqg_a,annaellens_,1500000,1.5M,bedroom-decor,"Turns out, not all changes are for the better! 🙈 I've made a few changes to this room in recent",https://www.instagram.com/reel/C9VN5dPqg_a/,https://www.instagram.com/popular/bedroom-decor/
C_QuIjRPTVP,fritztinyhomes,1500000,1.5M,forest-house,"Okay, but what if you built a tiny house in the woods? What if you had a place to rest and get away from it",https://www.instagram.com/reel/C_QuIjRPTVP/,https://www.instagram.com/popular/forest-house/
DTDCWudCm6c,diycraftstvofficial,1500000,1.5M,a-frame-modern-cabins,Modern A-Frame & Container Cabin,https://www.instagram.com/reel/DTDCWudCm6c/,https://www.instagram.com/popular/a-frame-modern-cabins/
DapO866Md-P,spotlistworldwide,1500000,1.5M,chalet,"Dolomites together? ⛰️🤍🍃 Welcome to Chalet Mirabell, a hotel located in the heart of South Tyrol, near Merano, Italy. This wellness hotel offers a 6,0",https://www.instagram.com/reel/DapO866Md-P/,https://www.instagram.com/popular/chalet/
DUkuDAfiE0f,joe_hattab,1500000,1.5M,faroe-islands-luxury-villas,Faroe Islands 🇫🇴 جزر فارو المنعزلة .. Soon قريباً⁩,https://www.instagram.com/reel/DUkuDAfiE0f/,https://www.instagram.com/popular/faroe-islands-luxury-villas/
CVa3vWkhsoc,interior.by.ja,1500000,1.5M,hotel-room-interior-design-ideas,Now she hates all the hotels' rooms and prefer her own room 🤍 #masterbedroom #hetelroom,https://www.instagram.com/reel/CVa3vWkhsoc/,https://www.instagram.com/popular/hotel-room-interior-design-ideas/
C2UKHhlodMF,alaligroup0786,1400000,1.4M,luxury-bedroom,"Full Furnished Luxurious Bedroom, #reels #reelsinstagram #instagram #viral #viralvideos #videos #be",https://www.instagram.com/reel/C2UKHhlodMF/,https://www.instagram.com/popular/luxury-bedroom/
DRDUSI0DGyv,louise_andallthingshome,1400000,1.4M,living-room-design;luxury-living-room,I always thought this would be the summer room but I love this room at this time of year the most!,https://www.instagram.com/reel/DRDUSI0DGyv/,https://www.instagram.com/popular/luxury-living-room/
DFcKgMEM8IF,happywifenewlife,1400000,1.4M,living-room-design,"Living space 🧘🏻‍♀️ Nie wiem jak to jest, ale za każdym razem jak powiem, że dawno nie bolała mnie głowa to zaczyna boleć albo że dzieci",https://www.instagram.com/reel/DFcKgMEM8IF/,https://www.instagram.com/popular/living-room-design/
DWrHl_2jO-b,alusmaninteriorsarchitect,1400000,1.4M,kitchen-design,A modern kitchen designed to maximize both functionality and visual appeal. This layout integrates a sleek breakfast,https://www.instagram.com/reel/DWrHl_2jO-b/,https://www.instagram.com/popular/kitchen-design/
C0R3M2XqOoj,laurahammett.interiors,1400000,1.4M,luxury-bathroom,Take a tour of the principal bathroom at our Swiss Lakehouse🇨🇭 . #marblebatheoom #b,https://www.instagram.com/reel/C0R3M2XqOoj/,https://www.instagram.com/popular/luxury-bathroom/
DUgBmlGCCCI,houseofheron,1400000,1.4M,dark-academia-home-library;home-library,It's just a home library… THE home library. We built this house knowing one day these walls would hold all the books collecting dust in our garage.,https://www.instagram.com/reel/DUgBmlGCCCI/,https://www.instagram.com/popular/home-library/
DSq-uCkk8_4,jncdesignstudio,1400000,1.4M,minimalist-interior,Minimal interiors with a premium touch. @jncdesignstudio #MinimalLuxury #ModernInteriors #LuxuryLiving #CleanDesign #InteriorGoals Prem,https://www.instagram.com/reel/DSq-uCkk8_4/,https://www.instagram.com/popular/minimalist-interior/
DBx_93lMS1S,happyhomecopenhagen,1400000,1.4M,scandinavian-interior-design,Good morning & happy Thursday 🤍✨⁣ ⁣ #wohnzimmer #livingroom #altbau #altbauliebe #livingroo,https://www.instagram.com/reel/DBx_93lMS1S/,https://www.instagram.com/popular/scandinavian-interior-design/
DaFDAkMRoTZ,studio.enclave_,1400000,1.4M,luxury-interior-design,"A staircase that feels like art ✨ Soft curves, warm lighting, floating steps, and a statement wall",https://www.instagram.com/reel/DaFDAkMRoTZ/,https://www.instagram.com/popular/luxury-interior-design/
DCq9LnZK2bF,nexonity_living,1400000,1.4M,interior-design-ideas,Interior Design Idea ✨ Designed by @nexonity_living - #livingroom #,https://www.instagram.com/reel/DCq9LnZK2bF/,https://www.instagram.com/popular/interior-design-ideas/
DOUsMGZE73_,beautifuldixe,1400000,1.4M,mountain-house,Waking up to this view every morning would be a dream. ⛰️✨ The perfect mountain retreat with a cozy balcony and fresh air. #MountainView #CabinLife #N,https://www.instagram.com/reel/DOUsMGZE73_/,https://www.instagram.com/popular/mountain-house/
DXI12kqxCk1,renovatemate,1400000,1.4M,luxury-pool,Early access for these pool link in bio. Hurry up and join. As we have limited pieces.,https://www.instagram.com/reel/DXI12kqxCk1/,https://www.instagram.com/popular/luxury-pool/
DY2NdIJMmLI,gurpreet40,1400000,1.4M,maldives-villa,Rate this villa tour out of 10😍 Because making it to your own overwater bungalow in the Maldives for the first time...,https://www.instagram.com/reel/DY2NdIJMmLI/,https://www.instagram.com/popular/maldives-villa/
C-7-_fsSgbN,thelanadubai,1400000,1.4M,luxury-suite,A front row date awaits from the comfort of your suite ✨ #TheLanaDubai #DCmoments 📷by: @bei.bei.wei,https://www.instagram.com/reel/C-7-_fsSgbN/,https://www.instagram.com/popular/luxury-suite/
DUgQGfBCMKS,lavender.a1,1400000,1.4M,cozy-rain,My favorite kind of therapy🌧️. . . #explore #fyp #rainyday #aesthetic #cozyvibes cozyhome roomdecor wintervibes rain comfort home interior viral,https://www.instagram.com/reel/DUgQGfBCMKS/,https://www.instagram.com/popular/cozy-rain/
Dak0D5ZNbIf,day_design_101,1400000,1.4M,landscape-design,Watch this stunning modern landscape come to life! ✨🌵 The perfect mix of succul,https://www.instagram.com/reel/Dak0D5ZNbIf/,https://www.instagram.com/popular/landscape-design/
Dcmxb47HRDJ,arama_mobila,1400000,1.4M,furniture-design,"Магия скрытого пространства: твой идеальный хоум-офис Как организовать полноценное, удобное рабочее место дома, но при эт",https://www.instagram.com/reel/Dcmxb47HRDJ/,https://www.instagram.com/popular/furniture-design/
DcypdnmoFJq,timberwit,1400000,1.4M,luxury-real-estate,"€29,500,000 in Cala Llamp, Mallorca🇪🇸😍 Thanks for the invite @mallorcaselect Follow @mansionisti for more ——————",https://www.instagram.com/reel/DcypdnmoFJq/,https://www.instagram.com/popular/luxury-real-estate/
CmaYLyhq1_X,fullpackagemedia,1400000,1.4M,luxury-real-estate,$12.5 million estate with private lake on over 7 acres🫠 Listed by: @georgeandnoonanrealestate Video by: @fullpackagemedia 👇🏻 FOLLOW for more stunning,https://www.instagram.com/reel/CmaYLyhq1_X/,https://www.instagram.com/popular/luxury-real-estate/
DP7vFFhDVw3,zekehemmila,1400000,1.4M,luxury-apartment,This view>>>,https://www.instagram.com/reel/DP7vFFhDVw3/,https://www.instagram.com/popular/luxury-apartment/
DZnSu7zoJeQ,recastliving,1400000,1.4M,landscape-design-ai,From an empty backyard to a cozy outdoor retreat. 🌿✨ This AI-powered backyard transformati,https://www.instagram.com/reel/DZnSu7zoJeQ/,https://www.instagram.com/popular/landscape-design-ai/
DRM0OvLEswF,luxurydreamhub,1400000,1.4M,luxury-apartment-interior-design-ideas-2026,"Sleek marble floors meet soft neutral luxury. ✨🛋️ The open-concept living and dining area, subtle ambient",https://www.instagram.com/reel/DRM0OvLEswF/,https://www.instagram.com/popular/luxury-apartment-interior-design-ideas-2026/
DWjyfpKEQPv,tucasad3co,1400000,1.4M,japandi-serenity-bedroom-design-ideas,"La habitación más acogedora que verás hoy ✨ Madera clara, luz envolvente y una armonía vis",https://www.instagram.com/reel/DWjyfpKEQPv/,https://www.instagram.com/popular/japandi-serenity-bedroom-design-ideas/
CplgZYQJcgD,alexisandraaustin,1400000,1.4M,coastal-bedroom-design-ideas,Made some changes to the bedroom to give it a more bright and airy feel for spring.,https://www.instagram.com/reel/CplgZYQJcgD/,https://www.instagram.com/popular/coastal-bedroom-design-ideas/
C-GK8yJyZjT,thetrillionairelife,1400000,1.4M,futuristic-houses,Car shaped villas 🌴 #TheTrillionaireLife Video by: @sunt_mrr #luxuryhomes #mansion #bedroomdesign #interior #mariadudkina,https://www.instagram.com/reel/C-GK8yJyZjT/,https://www.instagram.com/popular/futuristic-houses/
CuHTr3rJ5pJ,tiatinn_,1400000,1.4M,dubai-luxury-penthouse,A dream 🤍 Guess the tower . . . . #dubai #dubairealestate #dubailife #luxuryinteriors #realestate,https://www.instagram.com/reel/CuHTr3rJ5pJ/,https://www.instagram.com/popular/dubai-luxury-penthouse/
Cx8Qbr5pvX3,tiatinn_,1400000,1.4M,dubai-luxury-penthouse,"Guess the tower 😍 Penthouse for sale, Dm me ✨ . . . . . #dubai #dubairealestate #dubailife #luxuryinteriors",https://www.instagram.com/reel/Cx8Qbr5pvX3/,https://www.instagram.com/popular/dubai-luxury-penthouse/
DCZc-yTOIxI,ell.glamhome,1300000,1.3M,bedroom-design,☁️☁️☁️ #bedroom #bedroomideas #bedroomdesign,https://www.instagram.com/reel/DCZc-yTOIxI/,https://www.instagram.com/popular/bedroom-design/
DbmsOfOywba,watchthebuild,1300000,1.3M,modern-living-room,"THIS ROOM WAS COMPLETELY EMPTY… 🤯 Watch an empty space become a warm, modern living room in j",https://www.instagram.com/reel/DbmsOfOywba/,https://www.instagram.com/popular/modern-living-room/
DSFmnmIAlYb,karim.eltaher.designs,1300000,1.3M,luxury-bathroom;luxury-bathroom-design;luxury-bathroom-interior-design-inspiration,Luxury bathroom🖤 ✨🪄 Make your dreams🤩🖤 #homedecor #designinspiration #architect,https://www.instagram.com/reel/DSFmnmIAlYb/,https://www.instagram.com/popular/luxury-bathroom/
DaVu1dXowjz,jermrugs,1300000,1.3M,japandi,⁨ ⁨ نسيم الساكورا: هدوء ياباني-سكندناڤي (Japandi) بروح خليجية. سجادة مصممة لتنساب مع المكان، لا لتملأه فقط. أغصان ناعمة، أزهار هادئة، وتفاصيل يدوية تجعل المجلس أكثر دفئاً واتزاناً⁩⁩,https://www.instagram.com/reel/DaVu1dXowjz/,https://www.instagram.com/popular/japandi/
C6GAY9psVSX,elaperona,1300000,1.3M,scandinavian-interior-design,I always thought I'm the kind of person that's the happiest while experiencing big adventures,https://www.instagram.com/reel/C6GAY9psVSX/,https://www.instagram.com/popular/scandinavian-interior-design/
DNqizCUs3cj,emvonhofsten,1300000,1.3M,scandinavian-interior-design,Slow days at home is priceless ♥️ #interior #interiordesign #interiorinspo #interiorinspir,https://www.instagram.com/reel/DNqizCUs3cj/,https://www.instagram.com/popular/scandinavian-interior-design/
DaIsDsXNx78,ibuilddevelopers,1300000,1.3M,dream-house,#sweetdreams,https://www.instagram.com/reel/DaIsDsXNx78/,https://www.instagram.com/popular/dream-house/
DLFVAhcsAhA,wayup_media,1300000,1.3M,luxury-mansion;luxury-real-estate-mansion-exterior,"This home speaks for itself 😮‍💨 That entrance is unreal and out back, it only gets better. Pool, spa, and fire features. Tag the first person you're i",https://www.instagram.com/reel/DLFVAhcsAhA/,https://www.instagram.com/popular/luxury-mansion/
DV_a3j9jJ64,foorcrafts,1300000,1.3M,cliff-house,Building a Glass House on a Cliff 😳 | Insane Construction Process Step by Step Watch how,https://www.instagram.com/reel/DV_a3j9jJ64/,https://www.instagram.com/popular/cliff-house/
DarfeElNhyc,treecraftdesignbuild,1300000,1.3M,treehouse,Building a 33ft suspension bridge between the main treehouse and the outpost treehouse!,https://www.instagram.com/reel/DarfeElNhyc/,https://www.instagram.com/popular/treehouse/
DZx1gIBofW9,buildsinblack,1300000,1.3M,modern-architecture,"Series 001 — Ancient Ruins, Episode 01: an abandoned monastery reimagined as a black contempora",https://www.instagram.com/reel/DZx1gIBofW9/,https://www.instagram.com/popular/modern-architecture/
C3ktMaosAXN,lucaslagoons,1300000,1.3M,luxury-pool,"This tropical lagoon in Englewood, Florida, was designed to mimic an old Florida swimming hole.",https://www.instagram.com/reel/C3ktMaosAXN/,https://www.instagram.com/popular/luxury-pool/
Crbmi4_gi0_,westmod,1300000,1.3M,rooftop-pool,You can buy the experience but the vibe is priceless. #luxurypools #luxuryhomes,https://www.instagram.com/reel/Crbmi4_gi0_/,https://www.instagram.com/popular/rooftop-pool/
DcbY8D_t8gN,ninaritz.oficial,1300000,1.3M,mykonos,"Chegamos no nosso destino: Mykonos 🇬🇷 • Acompanhem os próximos dias, na nossa EUROSUMMER ✨",https://www.instagram.com/reel/DcbY8D_t8gN/,https://www.instagram.com/popular/mykonos/
DbnyQLboqqm,pametsakalimou,1300000,1.3M,mykonos,Ήπιε λίγο νμζ .. 🫣🤣 #mykonos #vacation #foryoupagе,https://www.instagram.com/reel/DbnyQLboqqm/,https://www.instagram.com/popular/mykonos/
DXCKPemDEwr,muizza_here,1300000,1.3M,saudi-arabia-architecture,"Save for later 📍Aseer Region, Saudi Arabia #abha #honeyrefinery #rijalalma #alsoudha #saudia",https://www.instagram.com/reel/DXCKPemDEwr/,https://www.instagram.com/popular/saudi-arabia-architecture/
Cca7KpGM5UA,hotelsdenicher,1300000,1.3M,luxury-hotel,What's the best hotel for you ✨ @hotelsdenicher @hotelsdenicher #nature #hotels #hotelsandresorts,https://www.instagram.com/reel/Cca7KpGM5UA/,https://www.instagram.com/popular/luxury-hotel/
DTfMBpyCJgJ,aka_projectuz,1300000,1.3M,ai-generated-house,Project: cottage 17×10m #design #ai #exterior #animation #cottage,https://www.instagram.com/reel/DTfMBpyCJgJ/,https://www.instagram.com/popular/ai-generated-house/
DOcrXxqknf7,naturesms,1300000,1.3M,house-in-the-forest,"Find a place where no one is, listen to a quiet music, listen to the rain in the mount",https://www.instagram.com/reel/DOcrXxqknf7/,https://www.instagram.com/popular/house-in-the-forest/
DbzOumcOaNs,pamelita_decor,1300000,1.3M,home-decor,#homedecor #cozyhomedecor #exploremoreً #home #decoration,https://www.instagram.com/reel/DbzOumcOaNs/,https://www.instagram.com/popular/home-decor/
DVyT-jFiCsx,ourpnw_home,1300000,1.3M,amazon-home-finds,Amazon finds in my home! comment YES PLEASE for link Favorite home items I've shared that probably all hit the top seller list. Who doesn't love a goo,https://www.instagram.com/reel/DVyT-jFiCsx/,https://www.instagram.com/popular/amazon-home-finds/
DCT-FSDP6iB,_prspctivs,1300000,1.3M,glass-house-photos,"AI.597 ""Pink Horizon | A Glass House by the Baltic Sea's Edge"" by @_prspctivs © 2024-2025 Harshdeep Arora ""_p",https://www.instagram.com/reel/DCT-FSDP6iB/,https://www.instagram.com/popular/glass-house-photos/
DDAIJo-ORVo,tbryanbay,1300000,1.3M,dubai-luxury-penthouse,"📍One of the most expensive suites in Dubai ⚜️ Growing and Scaling Business through IG, +100M 🌐 Views & finally",https://www.instagram.com/reel/DDAIJo-ORVo/,https://www.instagram.com/popular/dubai-luxury-penthouse/
DbLl2eEtYWH,decorrwitms,1200000,1.2M,bathroom-design,A beautiful bathroom isn't just about tiles and fittings—the right dimensions make it comfortable to use every day. 🚿 Save this bathroom dimension gui,https://www.instagram.com/reel/DbLl2eEtYWH/,https://www.instagram.com/popular/bathroom-design/
DCfljsyv0bR,americasrealtygroup,1200000,1.2M,dream-closet;luxury-closet,"The closet SHE deserves!😌 🔎Looking for a home in Texas? DM us ""TEXAS HOME"" to get started! 🥂",https://www.instagram.com/reel/DCfljsyv0bR/,https://www.instagram.com/popular/luxury-closet/
DZHvTL7thqm,abeastinside,1200000,1.2M,cyberpunk-city,"""i feel lost in the Cyberpunk city""",https://www.instagram.com/reel/DZHvTL7thqm/,https://www.instagram.com/popular/cyberpunk-city/
DCXPDFlK3nc,la_barbed,1200000,1.2M,cyberpunk-city,I'll find you… . . . Rendered with @dropandrender . . . . #blender #blender3d,https://www.instagram.com/reel/DCXPDFlK3nc/,https://www.instagram.com/popular/cyberpunk-city/
DaUn2Wks0RI,maaikelothmann,1200000,1.2M,house-tour,Pinch me!!!! House tour part 1 💌 #house,https://www.instagram.com/reel/DaUn2Wks0RI/,https://www.instagram.com/popular/house-tour/
DPuHH28jJm7,kheer_rvt,1200000,1.2M,parametric-architecture,Parametric Origami !😬🔥 كـ تكملة للريل السابق. و محاولة دمج الأوريغامي في ال,https://www.instagram.com/reel/DPuHH28jJm7/,https://www.instagram.com/popular/parametric-architecture/
Cl8TfGkJENr,abby.architecture,1200000,1.2M,architecture-design,"I'm so relieved to be done with this project :,) also model was made with @sketchup_official and rendered",https://www.instagram.com/reel/Cl8TfGkJENr/,https://www.instagram.com/popular/architecture-design/
CeyfmVLgFnR,life_of_fab27,1200000,1.2M,swiss-chalet,Chalet in the Swissalps🇨🇭 Would you like to live here?😍 Have a wonderful day everyone 👌 . . . .,https://www.instagram.com/reel/CeyfmVLgFnR/,https://www.instagram.com/popular/swiss-chalet/
DagGHdTsDh2,the_goldpig,1200000,1.2M,mykonos,"Ragazza presa dall'ira di dover andare a Mykonos🏖️ Vende l'oro personale per poter fare questa vacanza, ma non si accorge che per ar",https://www.instagram.com/reel/DagGHdTsDh2/,https://www.instagram.com/popular/mykonos/
DKjJ6KTNhc1,aureliestory,1200000,1.2M,saudi-arabia-architecture,"@aureliestory this is not AI, this is Saudi Arabia ✨",https://www.instagram.com/reel/DKjJ6KTNhc1/,https://www.instagram.com/popular/saudi-arabia-architecture/
DaoC1ZXOSHg,lawrencewalton_,1200000,1.2M,luxury-resort,POV: You've just found the most insane all-inclusive resort in Europe… 🇹🇷✨ Welcome to Regnum The Crown,https://www.instagram.com/reel/DaoC1ZXOSHg/,https://www.instagram.com/popular/luxury-resort/
DWgzHgYDpdN,diniz_nasaroba,1200000,1.2M,luxury-garden,Night Transformation: The Garden of Your Dreams! 🌴✨ Watch this incredible glow-up! We took a simple palm tree and turned it into a luxury landscape ma,https://www.instagram.com/reel/DWgzHgYDpdN/,https://www.instagram.com/popular/luxury-garden/
DZ47aEyK1jk,ebrahimpm,1200000,1.2M,furniture-design,"AL SHAAB FURNITURE AJMAN UAE 🇦🇪 For more enquiries: ☎️ Landline : +97167455788 🛋️ Al Shaab Furniture Ittihad road, B",https://www.instagram.com/reel/DZ47aEyK1jk/,https://www.instagram.com/popular/furniture-design/
CRzFDcvnvt_,2bdesignbuild,1200000,1.2M,mansion-tour,007 seconds mansion tour- comment with a❤️& Share if you 👍 SEE our IGTV for full tour - Chateau,https://www.instagram.com/reel/CRzFDcvnvt_/,https://www.instagram.com/popular/mansion-tour/
DaE9v7bsEdk,the.quirkartforhome,1200000,1.2M,living-room-decor,Let's see favourite part of home in comment section🏡😍 . . . . . . . . . #homedecor #indianhomedecor,https://www.instagram.com/reel/DaE9v7bsEdk/,https://www.instagram.com/popular/living-room-decor/
CspSS0qgw0n,refinedgardens,1200000,1.2M,modern-mediterranean-houses,Obsessed with this modern Mediterranean style. Project Manager: @kaysawada #refined #refinedgardens #design #outdoorliving #outdooroasis #luxurylandsc,https://www.instagram.com/reel/CspSS0qgw0n/,https://www.instagram.com/popular/modern-mediterranean-houses/
DXW8mQ4jP7S,creativ_storiess,1200000,1.2M,bali-luxury-villas-with-private-pools,Our Best Stay in Bali🌴🌊 📍 for location check Highlight and Bio,https://www.instagram.com/reel/DXW8mQ4jP7S/,https://www.instagram.com/popular/bali-luxury-villas-with-private-pools/
DDfksM7NvXO,dubai_fast_renovation,1200000,1.2M,dubai-luxury-interior-design-trends,#dubaifastrenovation #decoredubai #carpentery #interiorwork #dubai #luxurybedrooms,https://www.instagram.com/reel/DDfksM7NvXO/,https://www.instagram.com/popular/dubai-luxury-interior-design-trends/
DNn7CW7M79M,butnomatter.theroadislife,1200000,1.2M,ibiza-luxury-villas-sea-view,"Bonito Ibiza is a newly opened hotel in Sant Antoni, offering stunning views of the",https://www.instagram.com/reel/DNn7CW7M79M/,https://www.instagram.com/popular/ibiza-luxury-villas-sea-view/
C-5c0gZxG6-,saltyluxe,1200000,1.2M,cook-islands-luxury-resorts,"Add this MUST STAY hotel in the South Pacific to your travel bucketlist 🐚🌴 📍Aitutaki Lagoon, Cook",https://www.instagram.com/reel/C-5c0gZxG6-/,https://www.instagram.com/popular/cook-islands-luxury-resorts/
DaxVmNVR4R1,rodnova_installation_,1100000,1.1M,luxury-kitchen;modern-kitchen,"El lujo está en cada detalle. Una cocina donde el diseño moderno, los",https://www.instagram.com/reel/DaxVmNVR4R1/,https://www.instagram.com/popular/luxury-kitchen/
DUsvJg1EmYt,thekitchenguy,1100000,1.1M,kitchen-design,I'm not a fan of cutting outlets into a natural marble backsplash. That's why I use plug molds under,https://www.instagram.com/reel/DUsvJg1EmYt/,https://www.instagram.com/popular/kitchen-design/
ChRZ_TIsdTL,mina__casa,1100000,1.1M,luxury-dining-room,Dining room 👏🏻 @ridgehome #home #design #mydubai #interior #interiordesign #decor #decoration,https://www.instagram.com/reel/ChRZ_TIsdTL/,https://www.instagram.com/popular/luxury-dining-room/
C30sh8FNde1,ivan.honcharenko,1100000,1.1M,minimalist-interior,Step into the epitome of modern minimalism in our latest interior design project in a Kiev apartment. This stunning space embodies simplicity,https://www.instagram.com/reel/C30sh8FNde1/,https://www.instagram.com/popular/minimalist-interior/
C_mcD3vCp-R,anrcreativedesign,1100000,1.1M,interior-design-ideas,Happy weekend ✨ #interiordesign #interiordesignideas,https://www.instagram.com/reel/C_mcD3vCp-R/,https://www.instagram.com/popular/interior-design-ideas/
DPhXga8DAYK,nycshahrealty,1100000,1.1M,luxury-penthouse,"$13,500,000 NYC Penthouse For Sale! • $5,546/mo for CC | $5,340/mo for Taxes • 3 BEDS 3.5 BATHS | 3,152 SF • 11",https://www.instagram.com/reel/DPhXga8DAYK/,https://www.instagram.com/popular/luxury-penthouse/
DXywRV_ROaj,jordmerritt,1100000,1.1M,cabin,Throwback to last summer! Excited to get some work done upta camp this year. Lots of work to be done! #camp #aframe #renovation #cabin,https://www.instagram.com/reel/DXywRV_ROaj/,https://www.instagram.com/popular/cabin/
DYulZq-gCHY,sellingdestin,1100000,1.1M,beach-house,Whoever said money can't buy happiness clearly never bought a beach house in Florida and let Airbnb guests cover the mortgage.,https://www.instagram.com/reel/DYulZq-gCHY/,https://www.instagram.com/popular/beach-house/
Cgr1F7ygmyn,flexicube.pl,1100000,1.1M,container-house,L30 home with building area 30m2 ✨🏡 #compactliving #containerhome #containerhouse #container #shippingcontainer #shippinhcontainerhome #home #house #c,https://www.instagram.com/reel/Cgr1F7ygmyn/,https://www.instagram.com/popular/container-house/
C-96Rg-saWK,urban_containers_homes,1100000,1.1M,container-house,Model UCH401 28m2 + terasa #container #containerslovers #containerhomedesigns #offgrid #zivotvansistema #mobilhome,https://www.instagram.com/reel/C-96Rg-saWK/,https://www.instagram.com/popular/container-house/
DXoxkiRAfVG,marleyandsamhomediy,1100000,1.1M,modern-architecture,Old House Exterior to Modern Zen Facade ⛩️🌿 First impressions are everything! 🛑✨ We co,https://www.instagram.com/reel/DXoxkiRAfVG/,https://www.instagram.com/popular/modern-architecture/
DA_euRjtll8,kimiyarc,1100000,1.1M,architecture-design,-plan a: become a successful architect -plan b: plan a ✨ _______________________________,https://www.instagram.com/reel/DA_euRjtll8/,https://www.instagram.com/popular/architecture-design/
DbYGPLAJUML,dubai._lovers,1100000,1.1M,dubai-luxury,Money does buy Dubai lifestyle 😍🇦🇪 . #dubai #dubailife #luxury #dubainights #indubai,https://www.instagram.com/reel/DbYGPLAJUML/,https://www.instagram.com/popular/dubai-luxury/
DX61ggcTaA3,banjaran.mag,1100000,1.1M,bali-villa,"If you want details of this exact stay, comment ""villa"" and I'll DM it to you. We found this villa on Airbnb after going deep into options to get the",https://www.instagram.com/reel/DX61ggcTaA3/,https://www.instagram.com/popular/bali-villa/
DCiwkj5TNk4,the.sky_realtors,1100000,1.1M,santorini-villa,Santorini Island 🏝️ 💙 A villa surrounded by nature & crafted with greek elegance has to be on your bucket list,https://www.instagram.com/reel/DCiwkj5TNk4/,https://www.instagram.com/popular/santorini-villa/
DMkljD9SygQ,thetrillionairelife,1100000,1.1M,miami-mansion,Where do you think this Mansion is—Miami or Dubai? 🏡 #mansion #architecture #realestat,https://www.instagram.com/reel/DMkljD9SygQ/,https://www.instagram.com/popular/miami-mansion/
DTMyHgqDBTV,erolbrasco,1100000,1.1M,amalfi-coast,Goodmorning Positano 🇮🇹,https://www.instagram.com/reel/DTMyHgqDBTV/,https://www.instagram.com/popular/amalfi-coast/
DdRNq65o7pG,losamigostulumgecesi,1100000,1.1M,tulum,'Tulum Gecesi' 25 Eylül Cuma günü LosAmigos'ta!❤️‍🔥 . #horon #karadeniz #tulumgecesi #kemençe #tulum,https://www.instagram.com/reel/DdRNq65o7pG/,https://www.instagram.com/popular/tulum/
DOwSo8WiXSG,starlight_retreats,1100000,1.1M,unique-airbnb,"The stillness of the lake, mornings with no rush, evenings by the fire, and the",https://www.instagram.com/reel/DOwSo8WiXSG/,https://www.instagram.com/popular/unique-airbnb/
DWbc3xADTyw,mk.craft_house,1100000,1.1M,ai-home-design,This is how to design a modern living room,https://www.instagram.com/reel/DWbc3xADTyw/,https://www.instagram.com/popular/ai-home-design/
DUjrP7lkzqj,valroyco,1100000,1.1M,luxury-lifestyle,Rich Class⚜️ Are you ready to level up !!? ♨️ Follow and manifest now @valroyco #discipline #luxurylifestyle #oldmone,https://www.instagram.com/reel/DUjrP7lkzqj/,https://www.instagram.com/popular/luxury-lifestyle/
DYhtyjVCcHB,thecozykansan,1100000,1.1M,rainy-day,"""Pluviophile: a person who enjoys rain and rainy days, and who is fascinated by the sights",https://www.instagram.com/reel/DYhtyjVCcHB/,https://www.instagram.com/popular/rainy-day/
C900ZcHSaxi,mhlandco,1100000,1.1M,backyard-design,Can you match my freak? #landscapedesign #landscapearchitecture #backyardgarden #backya,https://www.instagram.com/reel/C900ZcHSaxi/,https://www.instagram.com/popular/backyard-design/
C9286PlA0eD,katie.fischer,1100000,1.1M,home-decor-ideas,Good night ✨ Searching for ideas on how to make your home feel more organic and snug? Follow & save for all the inspo you need! 🤍,https://www.instagram.com/reel/C9286PlA0eD/,https://www.instagram.com/popular/home-decor-ideas/
DWKS9Gpk3j-,tessshanahan,1100000,1.1M,dream-closet,my dream wardrobe (& shaun's too tbh!) #dreamwardrobe #walkincloset #closettour #homedesign,https://www.instagram.com/reel/DWKS9Gpk3j-/,https://www.instagram.com/popular/dream-closet/
DBXQGA2RChL,king.famvlogs,1100000,1.1M,glamping-ideas,"Camping Vibes 🏕️ If you haven't watched the full Vlog yet, check it out ➡️ https://youtu.be/",https://www.instagram.com/reel/DBXQGA2RChL/,https://www.instagram.com/popular/glamping-ideas/
CxEL9lYv1Dw,nataliedoef,1100000,1.1M,cozy-bedroom-ideas,Happy Monday!! Who else is holding onto these last days of Summer??? ✨🍃🌸 . . . . bedroom inspo interior design #bedroomdecor #livingroomdecor home dec,https://www.instagram.com/reel/CxEL9lYv1Dw/,https://www.instagram.com/popular/cozy-bedroom-ideas/
CmCQVtaJKpy,hotpink_interiors,1100000,1.1M,dream-bedroom-decor-ideas,"Happy Sunday my lovely friends 💗 Sharing Hayley's gorgeous bedroom ✨❄️💗✨❄️💗✨ @thegrey_house_sparkles . , . . . . . . . #bedroomdecor #bedroominspirati",https://www.instagram.com/reel/CmCQVtaJKpy/,https://www.instagram.com/popular/dream-bedroom-decor-ideas/
DQN5QNBknDf,firstlivinghomejaipur,1100000,1.1M,luxury-apartment-interior-design-ideas-2026,Luxury Living Design 💫✨ . . . #realestate #newhome #work #realtor #transition #styleathome #hometohave,https://www.instagram.com/reel/DQN5QNBknDf/,https://www.instagram.com/popular/luxury-apartment-interior-design-ideas-2026/
Daz_k89ODLi,spotlistfr,1100000,1.1M,chalet,"Une piscine naturelle de 25 mètres dans les Alpes 🍃🇮🇹 Bienvenue à l'Hôtel Chalet Mirabell, une petite merveille située au cœur du Tyrol du Sud, près d",https://www.instagram.com/reel/Daz_k89ODLi/,https://www.instagram.com/popular/chalet/
C__GsibSv6K,nostalgicraindrops,1100000,1.1M,rain-cozy,Save the Rain Sleep Playlist in my bio! 😴💤 This is the most magical and coziest room I have ever created. 💫☔️🛋️💤,https://www.instagram.com/reel/C__GsibSv6K/,https://www.instagram.com/popular/rain-cozy/
DPqrfxdkzVH,wayanad_rooms,1100000,1.1M,villa-with-pool,4 BEDROOM POOL VILLA @wayanad_rooms 9946326222,https://www.instagram.com/reel/DPqrfxdkzVH/,https://www.instagram.com/popular/villa-with-pool/
DLx_3fsI3kn,divaa.finds,1000000,1M,bedroom-decor;dream-bedroom,"Welcome to my cozy, dreamy bedroom — the space that truly feels like home. From soft lighti",https://www.instagram.com/reel/DLx_3fsI3kn/,https://www.instagram.com/popular/dream-bedroom/
DU0lBWMjGJZ,olena_prykhodko_design,1000000,1M,bedroom-design,Stop Guessing Your Bedroom Colors — 5 Luxury Combos That Always Work Choosing the right bedroom colors can completely change the way your space feels.,https://www.instagram.com/reel/DU0lBWMjGJZ/,https://www.instagram.com/popular/bedroom-design/
DWbnHzqE-kL,islandgal_5homedecor,1000000,1M,modern-living-room,Proof that your living room doesn't need much to feel at home! *For Facebook shop the link in my bi,https://www.instagram.com/reel/DWbnHzqE-kL/,https://www.instagram.com/popular/modern-living-room/
DTLteEoE2Z5,goldconconstruction,1000000,1M,dream-kitchen;dream-kitchens;luxury-kitchen-design,Dream kitchen goals 🏡 This is the standard. #DreamKitchenGoals #LuxuryKitchen #KitchenInspo #ModernHomes #DesignGoals #CustomHomes #InteriorInspo #Hig,https://www.instagram.com/reel/DTLteEoE2Z5/,https://www.instagram.com/popular/dream-kitchen/
DYeLm-FBkrJ,bathroomguide_,1000000,1M,bathroom-design,"These measurements have been viewed tens of millions of times, so here it is again!! Measurement List 👇 🚀P.S If you want to learn how to create your o",https://www.instagram.com/reel/DYeLm-FBkrJ/,https://www.instagram.com/popular/bathroom-design/
DQ9om1kiKQ3,kimeyle_home,1000000,1M,home-office-design,Homeoffice Tour 🤍 #einrichtung #einrichtungsideen #wohnen #wohnung #home #interior #homeoffice #arbeitszimmer #wohnungseinrichtung,https://www.instagram.com/reel/DQ9om1kiKQ3/,https://www.instagram.com/popular/home-office-design/
DDj-lyuOm2b,thevisualpoetflavia,1000000,1M,quiet-luxury,"""Let me be surrounded by luxury, I can do without the necessities!"" Oscar Wilde #luxury",https://www.instagram.com/reel/DDj-lyuOm2b/,https://www.instagram.com/popular/quiet-luxury/
DGD1m67oxhl,pk__architects,1000000,1M,neoclassical-interior,The timeless beauty of neoclassicism. Новий проєкт в Одесі ЖК Шах-Наме. Ми поєднуємо су,https://www.instagram.com/reel/DGD1m67oxhl/,https://www.instagram.com/popular/neoclassical-interior/
DPoAX_tkiWR,idw.design,1000000,1M,tropical-house,Where Nature Meets Modern Living 🌿 This Modern Tropical home isn't just designed it's composed.,https://www.instagram.com/reel/DPoAX_tkiWR/,https://www.instagram.com/popular/tropical-house/
DXo6Tn1k8e6,theluxliving_official,1000000,1M,luxury-interior-design,"This is not a house… it's a lifestyle upgrade ✨ Clean, calm, and quietly expensive in all the",https://www.instagram.com/reel/DXo6Tn1k8e6/,https://www.instagram.com/popular/luxury-interior-design/
DLJJ4R-Ajvd,navarealtygroup,1000000,1M,luxury-homes;luxury-mansion,Imagine designing your dream luxury home with @stylarc 😍 Who's the first person you'd invite over? #luxuryhouse #housetour #homes #luxuryhome #design,https://www.instagram.com/reel/DLJJ4R-Ajvd/,https://www.instagram.com/popular/luxury-homes/
DTVkScRCNth,darjawren,1000000,1M,dream-home,"If home were a dream, it would look like this 🕯️ . . . . . dream house",https://www.instagram.com/reel/DTVkScRCNth/,https://www.instagram.com/popular/dream-home/
Dcqp_7MMPHz,frenchnakedchef,1000000,1M,monaco,Hôtel Louis XV Monaco,https://www.instagram.com/reel/Dcqp_7MMPHz/,https://www.instagram.com/popular/monaco/
DOag--Wk0uU,glashaus.realestate,1000000,1M,beverly-hills-mansion;los-angeles-house,"$33,500,000 in beverly hills #view #viewforview #hollywoodhills",https://www.instagram.com/reel/DOag--Wk0uU/,https://www.instagram.com/popular/beverly-hills-mansion/
DbTKQTEM41W,louisantonioorefice,1000000,1M,amalfi-coast,Estate italiana 🇮🇹 in costiera amalfitana 🍋 @towershotel #costieraamalfitana #amalficoast #positano #amalfi,https://www.instagram.com/reel/DbTKQTEM41W/,https://www.instagram.com/popular/amalfi-coast/
Dag4KpIg17K,charlieherrerare,1000000,1M,tulum,"Comment ""Info"" for more details. Sculptural homes in Tulum 🇲🇽 It's not just a development. It's a work of art designed to be lived in. Just a five min",https://www.instagram.com/reel/Dag4KpIg17K/,https://www.instagram.com/popular/tulum/
DcbrJ5lxgyO,inakiencasas,1000000,1M,tulum,"the front door vs the villa 🚪✨ Comment ""CK"" for info Welcome to this Japanese-inspired apartment in Tulum, Mexico. Designed with a unique architectura",https://www.instagram.com/reel/DcbrJ5lxgyO/,https://www.instagram.com/popular/tulum/
DaqDnGzRiaL,bryn.elise,1000000,1M,tulum,Americans don't know about the Mexican Disneyland  And they're missing out! KEY INFO ⬇️ Comment PARK and I'll send you the park details🌴  This is @xca,https://www.instagram.com/reel/DaqDnGzRiaL/,https://www.instagram.com/popular/tulum/
DP-35WbDB0P,kelseyinlondon,1000000,1M,marrakech-riad,🇲🇦 Comment LINK for my free Marrakech Guide ⬇️ 💬 Comment LINK and I'll send you a link to my,https://www.instagram.com/reel/DP-35WbDB0P/,https://www.instagram.com/popular/marrakech-riad/
DTS4A5tCH-o,travelask.world,1000000,1M,arctic-treehouse-hotel-rovaniemi;treehouse-hotel,"✨The best unique treehouses and elevated cabins around the world 📍 Treehotel — Harads, Sweden Designer treehouses set in a northern forest — minimalis",https://www.instagram.com/reel/DTS4A5tCH-o/,https://www.instagram.com/popular/treehouse-hotel/
DIidZ8Rg0Yc,paria__seif,1000000,1M,ai-interior-designer,‏ rendering by me 🦋🫖 ‏Using @chaosgroup vantage and @autodesk 3dsmax . ‏#InteriorDesign #HomeDecor #ArchitectureLovers #InteriorInspiration #KitchenDe,https://www.instagram.com/reel/DIidZ8Rg0Yc/,https://www.instagram.com/popular/ai-interior-designer/
DWB3XE6jZ1A,baddieinbiz,1000000,1M,dream-life,"Afternoons at Home 🏡🌷✨💻 I'm a girl in her 20s, semi-retired, house paid off, living a life of freedom. I literally started from 0.",https://www.instagram.com/reel/DWB3XE6jZ1A/,https://www.instagram.com/popular/dream-life/
DS2t7OKk2Jk,lavishsocietie,1000000,1M,luxury-life;luxury-lifestyle,This lifestyle 🥂 - #luxury #motivation #trendingreels #millionaire #richmindset,https://www.instagram.com/reel/DS2t7OKk2Jk/,https://www.instagram.com/popular/luxury-lifestyle/
DU9hBiiCNsb,zainabkxn_,1000000,1M,dream-room,#trendingreels #explorepage #trending #DreamRoom #RoomGoals,https://www.instagram.com/reel/DU9hBiiCNsb/,https://www.instagram.com/popular/dream-room/
DVa7fIdExLh,fromrawto_real,1000000,1M,landscape-design,Modern Minimalist Garden Path Makeover | Pavers + White Gravel + Perfect Symmetry,https://www.instagram.com/reel/DVa7fIdExLh/,https://www.instagram.com/popular/landscape-design/
DZQwuGBhHgb,roxy_carretero,1000000,1M,home-decor,"Follow & Comment ""SHOP"" for links 🔗💌 Mi lugar favorito 🤍. #homedecor #interiordesign",https://www.instagram.com/reel/DZQwuGBhHgb/,https://www.instagram.com/popular/home-decor/
DTfgc0LgNSy,ringchen.furniture,1000000,1M,luxury-furniture,"The Sofa I Fell for at First Glance – Luxury Lives in the Details! Should you be interested, please feel free to contact us! 📩 We provide full-house s",https://www.instagram.com/reel/DTfgc0LgNSy/,https://www.instagram.com/popular/luxury-furniture/
CyMU7yQRVIA,corcoransunshine,1000000,1M,penthouse-tour,"With the asking price of $24,975,000—Duplex Penthouse 88B at 15 Hudson Yards was the top sale in NYC last week 🙌 The dramatic double-height living roo",https://www.instagram.com/reel/CyMU7yQRVIA/,https://www.instagram.com/popular/penthouse-tour/
DVXVcsBjqdU,livautry,1000000,1M,dream-closet,my fav room in the house🙌🙌 #roomtour #organize #satisfying #closet #inspo,https://www.instagram.com/reel/DVXVcsBjqdU/,https://www.instagram.com/popular/dream-closet/
DWC44oQjz0X,diycraftstvofficial,1000000,1M,infinity-pools,The moment a luxury infinity pool comes to life on the edge of a cliff,https://www.instagram.com/reel/DWC44oQjz0X/,https://www.instagram.com/popular/infinity-pools/
DYPD2_JEzhy,rain.nest,1000000,1M,ai-cozy-cabin,"🔥 Somewhere between the crackling fire, the warm wooden walls, and the soft glow of candlelight…",https://www.instagram.com/reel/DYPD2_JEzhy/,https://www.instagram.com/popular/ai-cozy-cabin/
DUi6zDJga0_,luxurydreamhub,1000000,1M,ultra-modern-luxury-house-design,Finding tranquility in the curves of modern design. ✨ A spiral of elegance that leads to a world of luxury and light. 🏛️💎 ​#interiordesign #luxuryhome,https://www.instagram.com/reel/DUi6zDJga0_/,https://www.instagram.com/popular/ultra-modern-luxury-house-design/
C97YFBGP449,nature_4k_reels_,1000000,1M,forest-house,🌳🏡 Serene Forest Escape Discovering Hidden Cabins 🌲✨ #NatureLovers #ForestAdventure #CabinLife #Wanderlust,https://www.instagram.com/reel/C97YFBGP449/,https://www.instagram.com/popular/forest-house/
Db2ZNkdNEv-,big_toy_stories,1000000,1M,house-in-forest,,https://www.instagram.com/reel/Db2ZNkdNEv-/,https://www.instagram.com/popular/house-in-forest/
DTYUnN5jVl0,cozyvibescorner,1000000,1M,cozy-cabin-in-the-snow,Who would you like to stay here with ?🥰 #cozycorner #cozyvibes #cozy Creative Partner: @imagineartofficial,https://www.instagram.com/reel/DTYUnN5jVl0/,https://www.instagram.com/popular/cozy-cabin-in-the-snow/
DdHV5y4sIs0,naturooms,1000000,1M,chalet,"🌧️ Fuori piove, ci sono 16 gradi e improvvisamente tutti i programmi che avevi per la giornata possono aspettare Perché quando sei a @la_bottega_del_d",https://www.instagram.com/reel/DdHV5y4sIs0/,https://www.instagram.com/popular/chalet/
DLGD7OwTajF,living.modernism,999000,999K,minimalist-interior,,https://www.instagram.com/reel/DLGD7OwTajF/,https://www.instagram.com/popular/minimalist-interior/
C69GtktJ_K7,scottsdaledesignservices,998000,998K,organic-modern,"The dance between space and decor, light and contrast, modern and organic🤍 Want more modern? Add in metals, m",https://www.instagram.com/reel/C69GtktJ_K7/,https://www.instagram.com/popular/organic-modern/
DRwOVkBDl8n,homemorph,997000,997K,ai-house-design,From forgotten to fabulous! ✨ This incredible AI-powered house transformation is mind-blowing.,https://www.instagram.com/reel/DRwOVkBDl8n/,https://www.instagram.com/popular/ai-house-design/
Db-o6YVR3If,dystopiccity,996000,996K,cyberpunk-city,NOT EVERY NIGHT IN NIGHT CIRCUIT BEGINS AT A CASINO. Along the avenues...,https://www.instagram.com/reel/Db-o6YVR3If/,https://www.instagram.com/popular/cyberpunk-city/
DUWxMeTCn65,exploringdreamhomes,996000,996K,ai-generated-house;ai-house,So beautiful ❤️😍,https://www.instagram.com/reel/DUWxMeTCn65/,https://www.instagram.com/popular/ai-generated-house/
DVdrN-oATWh,that_craftybee,995000,995K,home-decor-ideas,🍇 DIY Grape Wine Glass Bottle Decor | Aesthetic Handmade Home Decor Turning an old bottle into something beautiful ✨🍇,https://www.instagram.com/reel/DVdrN-oATWh/,https://www.instagram.com/popular/home-decor-ideas/
DUrqKptkjjA,styltechinterior_official,994000,994K,living-room-design;modern-living-room,"This Living Room Setup Looks So Premium, You Can't Ignore the Details 😍✨",https://www.instagram.com/reel/DUrqKptkjjA/,https://www.instagram.com/popular/modern-living-room/
DU-CdFEDQJH,aqardxb,987000,987K,dubai-villa,"5 BR Villa For Sale فله في الميدان 📍Sobha Hartland Meydan Dubai Freehold for all nationalities BUA 8,238 Sq.ft",https://www.instagram.com/reel/DU-CdFEDQJH/,https://www.instagram.com/popular/dubai-villa/
C2CJAkkqR6W,stjosephscottage,982000,982K,cottagecore-living-room-design,Happy Weekend Everyone 🤎 I have one of those weekends where I literally have nothing planned. I think it's the first weekend since the beginning of De,https://www.instagram.com/reel/C2CJAkkqR6W/,https://www.instagram.com/popular/cottagecore-living-room-design/
Da5tWbWMwyP,sallyswelt,980000,980K,japandi,Anzeige | @fingerhaus 🏡 Endlich kann ich euch die Room Tour vom neuen FingerHaus Musterhaus zeigen! 😍 Dieses Haus durfte ich gemeinsam mit FingerHaus mitgestalten - von den ersten Ideen,https://www.instagram.com/reel/Da5tWbWMwyP/,https://www.instagram.com/popular/japandi/
DbsefztTV7w,calmstorms_13,979000,979K,rain-sounds,The ultimate mental escape. ⏳ #rain #rainyday #rainsounds #peace,https://www.instagram.com/reel/DbsefztTV7w/,https://www.instagram.com/popular/rain-sounds/
DQCC9iNiuAS,architectcha,978000,978K,futuristic-architecture-designs-2026,"Machinic Tower Variation 12 A duet between a human architect and AI, this reel showcase",https://www.instagram.com/reel/DQCC9iNiuAS/,https://www.instagram.com/popular/futuristic-architecture-designs-2026/
DZhV2noRxp1,zaxzaaafrica,977000,977K,hotel-bathroom-designs;quiet-luxury-bathroom,"Escape to the stars without ever leaving home. We build. We create. We source. We partner. We execute. Transforming spaces into timeless masterpieces,",https://www.instagram.com/reel/DZhV2noRxp1/,https://www.instagram.com/popular/quiet-luxury-bathroom/
DaZa5j4o8dZ,ocho.design.studio_,976000,976K,modern-kitchen,جمال البساطة في أدق التفاصيل. ✨ كل زاوية في تصميمات Ocho Design Studio تم التخطيط لها لتوف,https://www.instagram.com/reel/DaZa5j4o8dZ/,https://www.instagram.com/popular/modern-kitchen/
DJzoFbOyfN8,revolvingbooks,974000,974K,home-library,Everyone has the power to build their own library. And it's simpler than you might think. Here's some advice on how you can do it.,https://www.instagram.com/reel/DJzoFbOyfN8/,https://www.instagram.com/popular/home-library/
DYXw0rko7hn,jafthegardener,974000,974K,luxury-garden,Stunning gardens of ours I stood here over a decade ago with a blank canvas to design the planting schemes with whatever I wanted.,https://www.instagram.com/reel/DYXw0rko7hn/,https://www.instagram.com/popular/luxury-garden/
DY2lB2QpHBO,the_haunted_tale,973000,973K,rain-cozy,Somewhere out there… rainy nights still feel magical. ☕🌧️🍂 Front porch coffee. Quiet cafés. Cabins by the lake. Candlelit greenhouses. Which rainy POV,https://www.instagram.com/reel/DY2lB2QpHBO/,https://www.instagram.com/popular/rain-cozy/
DW2LNTQEkzo,interiorbydnd,970000,970K,mid-century-modern-living-room-ideas,POV : you finally moved in together 🥰🥹 Mid century • interior design • eclectic,https://www.instagram.com/reel/DW2LNTQEkzo/,https://www.instagram.com/popular/mid-century-modern-living-room-ideas/
DOyEtwSCgd1,architectcha,969000,969K,midjourney-architecture,Machinic Tower Variation 9 A simulated construction of robotics and AI-integrated architecture. Designed by a human architect and AI. Author: @archite,https://www.instagram.com/reel/DOyEtwSCgd1/,https://www.instagram.com/popular/midjourney-architecture/
DXHPMdqIMJp,sarayi.interiors,969000,969K,luxury-bathroom-design,"Same layout, different vibes Which bathroom style are you choosing? 👇 Comment your favorite & save for",https://www.instagram.com/reel/DXHPMdqIMJp/,https://www.instagram.com/popular/luxury-bathroom-design/
DTpCYjokXpq,palmlivingae,968000,968K,home-theater,"Your dream home cinema room awaits ☁️ Take movie nights to the next level with a bespoke home cinema room, designed",https://www.instagram.com/reel/DTpCYjokXpq/,https://www.instagram.com/popular/home-theater/
DZklVhxIs9X,seaglassbeachhouse,966000,966K,beach-house,Book your seaside vacation at Seaglass Beach House in Exuma Bahamas. Available Fall 2026 & Spring 2027 The house has 4 master bedrooms and sleeps up t,https://www.instagram.com/reel/DZklVhxIs9X/,https://www.instagram.com/popular/beach-house/
DYQ3I3fMJkN,myplants.uae,957000,957K,landscape-design-ai,Send this to someone who needs a pool and pergola in their back garden ☀️🌴 A luxury poo,https://www.instagram.com/reel/DYQ3I3fMJkN/,https://www.instagram.com/popular/landscape-design-ai/
DVEZqAaDwFM,foxterradesign,954000,954K,luxury-pool,A sunken fire pit INSIDE the pool? This is what happens when you take luxury to the next level,https://www.instagram.com/reel/DVEZqAaDwFM/,https://www.instagram.com/popular/luxury-pool/
DcV3kBeh334,lulalunalee,952000,952K,room-makeover,alhamdulillah sedikit demi sedikit🤩😍 #room #RoomTour #roomdecor #roommakeover #fyp,https://www.instagram.com/reel/DcV3kBeh334/,https://www.instagram.com/popular/room-makeover/
DWrTmA-Avfk,homelove.bylaura,947000,947K,home-decor-ideas,Livingroom details 🤍 #explorepage #livingroom #home #inspiration #cozy,https://www.instagram.com/reel/DWrTmA-Avfk/,https://www.instagram.com/popular/home-decor-ideas/
DUannSokdQD,montani3d,946000,946K,ai-architecture,Comente WORKSHOP 👇 E aprenda a transformar seus projetos ou fotos em vídeos incríveis como esse usand,https://www.instagram.com/reel/DUannSokdQD/,https://www.instagram.com/popular/ai-architecture/
DWQlih9CBiF,asan_emlak.az,940000,940K,luxury-apartment,"⚜️ 28 May metro ⚜️ 28 Residence – Premium bina👌 ⚜️ 2 sürətli lift, 2 mərtəbə parkinq ⚜️ Geniş",https://www.instagram.com/reel/DWQlih9CBiF/,https://www.instagram.com/popular/luxury-apartment/
DHX-cHIz_UB,indonesiajuaratrip,933000,933K,overwater-villa,"Ketik 'INFO' kalau mau tahu tentang resort overwater terbaru ala Maldives di Indonesia! 🌊✨ Tersembunyi di Labuan Bajo, resort ini menawar",https://www.instagram.com/reel/DHX-cHIz_UB/,https://www.instagram.com/popular/overwater-villa/
DHGy6WZOH7p,imaginativemike,931000,931K,forest-house,"Hidden retreat. Tucked away from the world. Only solitude and the forest. For more, follow along @imagin",https://www.instagram.com/reel/DHGy6WZOH7p/,https://www.instagram.com/popular/forest-house/
DNmVFXzpUZA,houseofheron,923000,923K,dark-academia-home-library,"Six years ago, I played it safe and kept this library light—when what I really wanted was the drama of going dark. 🖤 This time, I trusted my instincts",https://www.instagram.com/reel/DNmVFXzpUZA/,https://www.instagram.com/popular/dark-academia-home-library/
DM5N70tMZFW,zachariemaille_,920000,920K,ibiza-villa,"Listed by BARNES in partnership with DOMUS NOVA For more information, contact: z.maille@barnes-international.com Ibiza North – Can Draco",https://www.instagram.com/reel/DM5N70tMZFW/,https://www.instagram.com/popular/ibiza-villa/
DJfFrpooJ1S,cgce.stu,915000,915K,minimalist-interior,Modern Minimalist Living Room. 3Ds Max & Corona Render - - #render #coronarender #3dsmax #interiordesign #cgi #3d #3dm,https://www.instagram.com/reel/DJfFrpooJ1S/,https://www.instagram.com/popular/minimalist-interior/
DLFxY2WI7_S,eliemoussa_creative_design,914000,914K,luxury-living-room-design,"The future belongs to those who believe in the beauty of their dreams, and the beauty starts here , give a glance on this dreamy design and spot the l",https://www.instagram.com/reel/DLFxY2WI7_S/,https://www.instagram.com/popular/luxury-living-room-design/
DUHZdshiaBB,luxquisit,912000,912K,faroe-islands-luxury-villas,A Dreamy House on a Private Island,https://www.instagram.com/reel/DUHZdshiaBB/,https://www.instagram.com/popular/faroe-islands-luxury-villas/
C8CwocPMBQY,aiforarchitects,910000,910K,luxury-resort,Embarking on a blissful journey of relaxation and rejuvenation amidst the breathtaking beauty 🌊✨ Design,https://www.instagram.com/reel/C8CwocPMBQY/,https://www.instagram.com/popular/luxury-resort/
DSAo7HHgD0J,facade_designn,906000,906K,futuristic-architecture,"🏛️""This architecture is not just a structure; it's a statement. 🏠A form that looks as",https://www.instagram.com/reel/DSAo7HHgD0J/,https://www.instagram.com/popular/futuristic-architecture/
DaOFsDpsINv,toriesvik,906000,906K,faroe-islands-luxury-villas,📍Faroe Islands,https://www.instagram.com/reel/DaOFsDpsINv/,https://www.instagram.com/popular/faroe-islands-luxury-villas/
Dapw1A6uI8Q,ashevilleglamping,903000,903K,treehouse;treehouse-hotel,🌲 Treehouse ASMR 🌧️ The sound of rain on the roof. Hearing the creek flowing just below. Wind moving through the leaves in the trees. Birds singing. I,https://www.instagram.com/reel/Dapw1A6uI8Q/,https://www.instagram.com/popular/treehouse/
DStoJcyj602,ilhamabdii,902000,902K,landscape-design-ai,From abandoned to backyard goals 🏡✨ A full exterior + landscape AI makeover—one selectio,https://www.instagram.com/reel/DStoJcyj602/,https://www.instagram.com/popular/landscape-design-ai/
Cwxf5cmsoSX,design.input,900000,900K,midjourney-architecture,"Comment ""timber"" to learn how 👉🏻 Alterations - 01 Creating versions of similar design concepts in context using inpainting. #aiarchitecture #aiart #ai",https://www.instagram.com/reel/Cwxf5cmsoSX/,https://www.instagram.com/popular/midjourney-architecture/
DUtaCA2jTlb,aureliestory,897000,897K,marrakech-riad,follow @aureliestory for more unique travel inspo 🫶 4 days in Marrakech 🇲🇦 Part of my Morocco,https://www.instagram.com/reel/DUtaCA2jTlb/,https://www.instagram.com/popular/marrakech-riad/
DWY6mpHggdg,iselin.travel,893000,893K,dream-life,with a sunset and your favorite person ❤️ #sunset #islandlife #tropicalparadise #endoftheday #dreamlife,https://www.instagram.com/reel/DWY6mpHggdg/,https://www.instagram.com/popular/dream-life/
DFfT9plNgm5,luxuryproperttyy,893000,893K,luxury-kitchen-design,📤📌📌😍♥️✨ Elevate your home with a luxury kitchen that blends style and functio,https://www.instagram.com/reel/DFfT9plNgm5/,https://www.instagram.com/popular/luxury-kitchen-design/
DY7M-SRzoVD,gaurav_furniture_ludhiana,891000,891K,furniture-design,Double Arm Sofa Set With Table ₹28000 Only Contact 9646224841 Gaurav Furniture Ludhiana Customisation Availa,https://www.instagram.com/reel/DY7M-SRzoVD/,https://www.instagram.com/popular/furniture-design/
Dbv4ej8R6jl,elenaajoyce,889000,889K,cabins,"comment ""link"" for the link to my list of cozy cabins to book for this fall, including this one! 🥹🍂 #cozyweather #peacefulplaces #travelcreator #uniqu",https://www.instagram.com/reel/Dbv4ej8R6jl/,https://www.instagram.com/popular/cabins/
CnYvCpzhbKF,d.signers,887000,887K,bali-infinity-pool-villas;infinity-pools,How amazing is this infinity pool view😍 🌃 Share this with someone that would love this 👇 📍 #indonesia #bali 🎥 by @heyitsjodee _____,https://www.instagram.com/reel/CnYvCpzhbKF/,https://www.instagram.com/popular/infinity-pools/
DIv15V-s3g2,ihsansamhoun.interiors,885000,885K,luxury-master-bedroom,"Master Bedroom, beige, grey, brown! . . . #lightingdesign #lightingdecor #lighting #lightdesign #li",https://www.instagram.com/reel/DIv15V-s3g2/,https://www.instagram.com/popular/luxury-master-bedroom/
DcBShnvt0yC,milanchettri123,879000,879K,dream-house;luxury-modern-beautiful-house;modern-house,✨🏡 Modern luxury meets dream-home vibes! A house that truly catches the eye. ❤️ #LuxuryHouse #Dream,https://www.instagram.com/reel/DcBShnvt0yC/,https://www.instagram.com/popular/dream-house/
DXR1QLegfen,proud_and_property,877000,877K,luxury-house,Brand New Luxury House for Sale ✨ Experience premium living in this beautifully designed brand new house,https://www.instagram.com/reel/DXR1QLegfen/,https://www.instagram.com/popular/luxury-house/
DXqngl_DB4Q,interiorsbyplatinum,874000,874K,bedroom-design,"A space where every detail falls into place. Thoughtfully designed, perfectly balanced, and made for everyday living. [bedroom, bedroom interior, bedr",https://www.instagram.com/reel/DXqngl_DB4Q/,https://www.instagram.com/popular/bedroom-design/
DYJoxrgP3ih,farmgirlstories01,873000,873K,garden-design,"🌿 Transforming a small side yard into a cozy garden space felt so satisfying and peaceful 💚 With a few creative touches and natural details, this once",https://www.instagram.com/reel/DYJoxrgP3ih/,https://www.instagram.com/popular/garden-design/
DSgD-TxCLuF,travel_withben,873000,873K,london-apartment,your new London apartment. #london,https://www.instagram.com/reel/DSgD-TxCLuF/,https://www.instagram.com/popular/london-apartment/
DbYWcQNvxsB,mk_contrctor_and_builders,871000,871K,bathroom-design,#bathroom #bathroomdesign #video #trendingdesigns #bathroomsofinstagram,https://www.instagram.com/reel/DbYWcQNvxsB/,https://www.instagram.com/popular/bathroom-design/
DDhnRF6Jk5h,duchess.lifestyle,871000,871K,home-theater,Home Theater Reveal…. It's been a long time coming but we finally finished it. I'll be updating more detailed videos on my @,https://www.instagram.com/reel/DDhnRF6Jk5h/,https://www.instagram.com/popular/home-theater/
DUxO1KOjaWF,alinarsenova,870000,870K,ai-home-design;ai-interior-designer,"Чтобы начать внедрять AI в свою работу, приходи на мой AI-интенсив. Подробности по ссылке в шапке профиля 😉",https://www.instagram.com/reel/DUxO1KOjaWF/,https://www.instagram.com/popular/ai-interior-designer/
DXwWo-7RwTl,montani3d,870000,870K,landscape-design-ai,A inteligência artificial abriu um novo nível no paisagismo 🌿 Agora você não só apresenta…,https://www.instagram.com/reel/DXwWo-7RwTl/,https://www.instagram.com/popular/landscape-design-ai/
DPPjf_-EsBN,allyrokstyle,870000,870K,organic-modern-kitchen-designs,This kitchen combo will never get old for me: White oak + zellige + warm white = pe,https://www.instagram.com/reel/DPPjf_-EsBN/,https://www.instagram.com/popular/organic-modern-kitchen-designs/
DdI7UUGy5ZO,shubham_kochar_shilp_store,861000,861K,furniture-design,Order naw watsapp 🌹91 9801755890🌹✅#FurnitureNo2 #Furniture #FurnitureDesign 🚚✅✈️🌹🇱🇷🇸🇦🇮🇳#Almirah #Almira,https://www.instagram.com/reel/DdI7UUGy5ZO/,https://www.instagram.com/popular/furniture-design/
DTXf_OWDIan,dreammakersstudio24,861000,861K,container-home-luxury-models-2026,"WOW… this completely changes how we see container homes. This project is a design concept that transforms an empty site into a refined, modern contain",https://www.instagram.com/reel/DTXf_OWDIan/,https://www.instagram.com/popular/container-home-luxury-models-2026/
DanaEFQoayI,engineering_school_9,848000,848K,bathroom-design,Small Bathroom Layout Design | Standard Bathroom Dimensions & Space Planning Guide 😱 Planning a small bathroom? Learn the standard bathroom dimensions,https://www.instagram.com/reel/DanaEFQoayI/,https://www.instagram.com/popular/bathroom-design/
DcvwJcATTts,tenkasipattanam_construction,846000,846K,dream-house,"மிக பெரிய கனவு, சொந்த வீடு ❤️‍🔥🥹‼️ #construction #dreamhouse #constructionlife #viral",https://www.instagram.com/reel/DcvwJcATTts/,https://www.instagram.com/popular/dream-house/
C0bgQl7pcye,terplanet,844000,844K,overwater-villa,Overwater Treehouse vibes at @sixsenseslaamu 😍🌴 The Six Senses Laamu overwater villas are a marvel of sustainable design,https://www.instagram.com/reel/C0bgQl7pcye/,https://www.instagram.com/popular/overwater-villa/
DWSPe8LjTqx,roomify.design,842000,842K,luxury-kitchen-design,This kitchen just made the whole house feel expensive… ✨ The mix of warm wood,https://www.instagram.com/reel/DWSPe8LjTqx/,https://www.instagram.com/popular/luxury-kitchen-design/
DaANHNRMYsO,lorenestates,838000,838K,luxury-real-estate,"Oliveto Vale presents a refined contemporary estate positioned on one of Bel Air's most coveted ridgelines, where sweeping canyon and city vistas meet",https://www.instagram.com/reel/DaANHNRMYsO/,https://www.instagram.com/popular/luxury-real-estate/
DIhPDy1zg2m,joehoustonsf,838000,838K,glamping-ideas,You'd never guess my Glamping 🏕️setup cost under $650! 🤑 Comment 'glamp' to get the link to,https://www.instagram.com/reel/DIhPDy1zg2m/,https://www.instagram.com/popular/glamping-ideas/
DckIzFNuoUq,nashla_t_02,838000,838K,dream-kitchens,"✨ The heart of the home, elevated to pure luxury. 🤍🏡 A breathtaking kitchen where elegant marble, sophisticated gold accents, and stun",https://www.instagram.com/reel/DckIzFNuoUq/,https://www.instagram.com/popular/dream-kitchens/
DVZ5DYpjSUB,homebyxi,838000,838K,future-home,The house we toured vs the home we created! Follow along to watch us build our dream home. #housetour,https://www.instagram.com/reel/DVZ5DYpjSUB/,https://www.instagram.com/popular/future-home/
DXK852ADKFy,daydreaming__2,837000,837K,lake-como-villa,"You & Me, Lake Como?⛲️🌿 Towns to Visit🗺 The lake's most iconic scenery is found in the ""Golden Triangle"" at its centre✨ Bellagio: Often called the ""Pe",https://www.instagram.com/reel/DXK852ADKFy/,https://www.instagram.com/popular/lake-como-villa/
DVVipnmDecW,pelteki_interiordesign,835000,835K,living-room-design,Piece by piece. Layer by layer. Until the space becomes a feeling. Which piece do you think made the biggest impact? #interiordesign #li,https://www.instagram.com/reel/DVVipnmDecW/,https://www.instagram.com/popular/living-room-design/
DUaraiFDe1U,exploringdreamhomes,835000,835K,dream-house-design,Very pretty 😍🥳,https://www.instagram.com/reel/DUaraiFDe1U/,https://www.instagram.com/popular/dream-house-design/
DDPcz3FsVAU,nature._.videos,834000,834K,forest-house;luxury-cabin,"A cozy wooden cabin interior with a modern aesthetic. It features large floor-to-ceiling windows overlooking a lush green forest, allowing natural lig",https://www.instagram.com/reel/DDPcz3FsVAU/,https://www.instagram.com/popular/luxury-cabin/
DYG_f5DtuXh,hello4travel,834000,834K,dubai-luxury,D U B A I🥰🏙️🇦🇪 . #dubai #uae #dubailuxury #dubailifestyle #dubailife,https://www.instagram.com/reel/DYG_f5DtuXh/,https://www.instagram.com/popular/dubai-luxury/
CtODnwQIefd,casadelsimonsen,832000,832K,luxury-kitchen,🤍 #kütchenideen #kuchenliebe #kücheninspiration #kitcheninspiration #int,https://www.instagram.com/reel/CtODnwQIefd/,https://www.instagram.com/popular/luxury-kitchen/
C0ARCNMr6wK,cliffhousemaine,830000,830K,cliff-house,Grateful…Wishing everyone a happy Thanksgiving from Cliff House Maine! . . #cliffhouse,https://www.instagram.com/reel/C0ARCNMr6wK/,https://www.instagram.com/popular/cliff-house/
DNJNfzIIQir,french_exterior,828000,828K,indoor-pool,And I will not settle for less 🌿🏊🏼‍♀️ By @french_exterior At @chateaudesannes,https://www.instagram.com/reel/DNJNfzIIQir/,https://www.instagram.com/popular/indoor-pool/
DIgwkgtsn4T,cvlager,826000,826K,ibiza-villa,Ibiza with @highstayparis staying at their beautiful Villa Infinity🌴✨,https://www.instagram.com/reel/DIgwkgtsn4T/,https://www.instagram.com/popular/ibiza-villa/
DT7J_-AgECB,facade_designn,825000,825K,ai-generated-architecture-designs,"🌿Futuristic architecture redefining the skyline… ✨A perfect blend of innovative design, modern eng",https://www.instagram.com/reel/DT7J_-AgECB/,https://www.instagram.com/popular/ai-generated-architecture-designs/
Db8kR7oBrt3,thedollstudio2026,825000,825K,ai-art,Open hairs looks cute… 😍But after 5 min patience has run out😂🎀 #trend #aiartwork,https://www.instagram.com/reel/Db8kR7oBrt3/,https://www.instagram.com/popular/ai-art/
DZapnwBo8j8,livingwithtilda,823000,823K,mid-century-modern,Welcome to our midcentury modern apartment 🤎,https://www.instagram.com/reel/DZapnwBo8j8/,https://www.instagram.com/popular/mid-century-modern/
C2S78bmIIlX,acroxthepond,823000,823K,unique-airbnb,Best Airbnbs around the World 🌎 pt 1 @tourismthailand #uniquestays #travel #gl,https://www.instagram.com/reel/C2S78bmIIlX/,https://www.instagram.com/popular/unique-airbnb/
DaFxPAptilO,alinaross,817000,817K,mykonos,Bachelorette Day 1: I came to Mykonos as a fiancée and went to bed as a liability 😂 #bachelorette #bacheloretteoutfit #ba,https://www.instagram.com/reel/DaFxPAptilO/,https://www.instagram.com/popular/mykonos/
DULSMgRiACK,anetamalgorzatagorska,815000,815K,biophilic-design,"Concrete can be worm. In the world of modern architecture, it's not just about the form—it's about the feeling. This piece blends minimalist design with elements of biophilic design",https://www.instagram.com/reel/DULSMgRiACK/,https://www.instagram.com/popular/biophilic-design/
DNXZNt8SO-Q,jamshicv,815000,815K,dream-house-design,"Total Sqft : 1570 3BHK 🏡✨ ""Modern elegance meets tropical vibes! 🌴 Discover this stunning contemporary home design with sleek lines, natural textures,",https://www.instagram.com/reel/DNXZNt8SO-Q/,https://www.instagram.com/popular/dream-house-design/
Ddlaw6NIJLz,gleerup.cerin,807000,807K,monaco,A small glimpse of my gallery 😛❤️📸 #monaco #trending #reels,https://www.instagram.com/reel/Ddlaw6NIJLz/,https://www.instagram.com/popular/monaco/
C7kFiXgPyUM,quaintandsimple,806000,806K,indoor-pool,"The answer…. Priceless. In all honesty, this pool made us go over budget on our house but it truly is one of the most",https://www.instagram.com/reel/C7kFiXgPyUM/,https://www.instagram.com/popular/indoor-pool/
DYj8IaLRRYg,sprugmaworld,802000,802K,cyberpunk-city,"Lost in a neon-drenched future where rain never stops, giants are made of lig...",https://www.instagram.com/reel/DYj8IaLRRYg/,https://www.instagram.com/popular/cyberpunk-city/
DW5l6h1jF8W,lawrencewalton_,802000,802K,maldives-villa,Insane Villa In Maldives! Send to someone you want a tropical escape with! 🌴 ✨ 📍 Ritz-Carlton Maldives @ritzcarltonmaldives,https://www.instagram.com/reel/DW5l6h1jF8W/,https://www.instagram.com/popular/maldives-villa/
DWjYMFVgAVa,hollander_design,802000,802K,garden-design,Something happens the moment you cross this garden threshold - a shift from the world of demands into a world that asks you only to be. #landscapedesi,https://www.instagram.com/reel/DWjYMFVgAVa/,https://www.instagram.com/popular/garden-design/
DPUUxW6k8NP,amrusha.jain,799000,799K,kitchen-design,"✨A kitchen that proves small can be stunning. ✨ Acrylic finish in soft tones with gold detailing, designed",https://www.instagram.com/reel/DPUUxW6k8NP/,https://www.instagram.com/popular/kitchen-design/
DJmNepYoPQm,arteo_luxury,798000,798K,luxury-kitchen-design,A kitchen from lores! Elegance Begins With Purpose This Kitchen is a tale of ti,https://www.instagram.com/reel/DJmNepYoPQm/,https://www.instagram.com/popular/luxury-kitchen-design/
DW1yPF5CYgq,christingracehome,795000,795K,amazon-home-finds,"Amazon best sellers 😍 follow & comment ""SEND DETAILS"" for the links. Make sure to follow first so the link can send correctly These two best sellers a",https://www.instagram.com/reel/DW1yPF5CYgq/,https://www.instagram.com/popular/amazon-home-finds/
CzmTyCxPNlo,glashaus.realestate,791000,791K,houses-on-malibu-beach,"$29,995,000 in malibu. this is paradise. listed by: @jademillsestates dre# 00526877",https://www.instagram.com/reel/CzmTyCxPNlo/,https://www.instagram.com/popular/houses-on-malibu-beach/
DJbufSbTiWh,ayushi.goyal.designs,790000,790K,kitchen-design,Read caption for more details 👇👇 Step into Mr. Kishore's stunning kitchen—where every inch reflects thoughtful,https://www.instagram.com/reel/DJbufSbTiWh/,https://www.instagram.com/popular/kitchen-design/
DcTkSVjolHx,melllattes,789000,789K,tulum,Hayırlı olsun alırım Tulum @taksimbutik.co,https://www.instagram.com/reel/DcTkSVjolHx/,https://www.instagram.com/popular/tulum/
DNG5Zd7NPv9,anisa_alghurbani,789000,789K,rainy-day,Heavy rainy summer evening ⛈️🌧️ Just breathe. 🫀 @anisa_alghurbani • • #rainyday,https://www.instagram.com/reel/DNG5Zd7NPv9/,https://www.instagram.com/popular/rainy-day/
DV9K7tciJ0p,nemoza_interiors,785000,785K,luxury-bathroom,Your bathroom deserves more than guesswork. Every luxury bathroom we design starts with one,https://www.instagram.com/reel/DV9K7tciJ0p/,https://www.instagram.com/popular/luxury-bathroom/
DRMqeXRiNQ5,veertamotiani,781000,781K,home-library,"When I first walked into our 300-year-old home, I could feel its history in the walls, but the dining room felt unfinished. A home with this much past",https://www.instagram.com/reel/DRMqeXRiNQ5/,https://www.instagram.com/popular/home-library/
C9kJeNDygJ9,backyardoasisdesign,781000,781K,backyard-design,When your backyard glows under the sun AND the stars! 🙌🏼☀️💫 #luxuryhomes #backyard #b,https://www.instagram.com/reel/C9kJeNDygJ9/,https://www.instagram.com/popular/backyard-design/
DIZiXRETmYH,containerhomesdaily,772000,772K,container-house,"Dreaming of your perfect container home? Let's make it a reality! 🚀 If you're ready to get started, contact us at customcontainerdesigns@gmail.com 📧 L",https://www.instagram.com/reel/DIZiXRETmYH/,https://www.instagram.com/popular/container-house/
DROj51jEvC7,life.vs.sarah,764000,764K,outdoor-kitchen,OUTDOOR KITCHEN COST BREAKDOWN 💸✨ Here's exactly what we spent building our DIY outdoor kitchen,https://www.instagram.com/reel/DROj51jEvC7/,https://www.instagram.com/popular/outdoor-kitchen/
DT0BHW6Ct9o,georgios_tataridis,761000,761K,dubai-luxury-interior-design-trends;futuristic-interior;luxury-interior,Project in Dubai. What's your opinion? Contemporary design style with luxurious touches. _ _,https://www.instagram.com/reel/DT0BHW6Ct9o/,https://www.instagram.com/popular/luxury-interior/
Da0tFqToXsM,stylishnorrastudios,755000,755K,industrial-chic-interior-design,"A curated study in modern industrial loft living and sophisticated materiality, engineered by Stylish Norra Studios. The design narrative guides you s",https://www.instagram.com/reel/Da0tFqToXsM/,https://www.instagram.com/popular/industrial-chic-interior-design/
Db6qpeOhAyp,creeksidehideawaytn,754000,754K,cabins,You will never believe all the amenities this resort in Gatlinburg has 😱😍 Creekside Hideaway is a family owned and operated 15 acre property that's ju,https://www.instagram.com/reel/Db6qpeOhAyp/,https://www.instagram.com/popular/cabins/
DNlNMXASgAS,vishnu_xo,752000,752K,luxury-dining-room,Modern Luxury Dining Room ✨ Design and visualization by @vishnu_xo @vedic_interior,https://www.instagram.com/reel/DNlNMXASgAS/,https://www.instagram.com/popular/luxury-dining-room/
DOlpM39kbd5,harmosai,752000,752K,desert-modern-house-tours;futuristic-home;futuristic-house;futuristic-houses,"When the desert sky turns dark, the real show begins. ​This is where architecture becomes an experience.",https://www.instagram.com/reel/DOlpM39kbd5/,https://www.instagram.com/popular/futuristic-house/
DbBuW0qp8rE,dunlaphollowcabins,752000,752K,cabins,Some cabins blend in… this one makes an entrance🤩🌲 🏷️ #hockinghills #ohio #cabininthewoods #cabin #cabinaddicted,https://www.instagram.com/reel/DbBuW0qp8rE/,https://www.instagram.com/popular/cabins/
CzTjJs5tlI7,foodieofmumbai7,749000,749K,santorini-villa,Santorini Theme Villa in Karjat📍 . FOR BOOKING: 8169519564 • ₹6500 On Weekdays For 4 People,https://www.instagram.com/reel/CzTjJs5tlI7/,https://www.instagram.com/popular/santorini-villa/
Dcljq_-Cb62,hoppergroup,749000,749K,luxury-real-estate,"✨ JUST LISTED | The Enclave at Grandridge Estates $10,700,000 Introducing ""The Enclave,"" an ultra-private newly constructed residence in the prestigio",https://www.instagram.com/reel/Dcljq_-Cb62/,https://www.instagram.com/popular/luxury-real-estate/
C_5jH3pMVL1,arc_needs,748000,748K,bathroom-design,"Installing a urinal above 65cm can result in several issues, such as discomfort for users and inefficient use of bathroom space. When positioned too h",https://www.instagram.com/reel/C_5jH3pMVL1/,https://www.instagram.com/popular/bathroom-design/
DQOweTLkby6,rb_derek,745000,745K,luxury-bathroom-design;luxury-bathroom-interior-design-inspiration,"This guest bathroom redefines elegance - where every line, tile, and finish tells a story of refined c",https://www.instagram.com/reel/DQOweTLkby6/,https://www.instagram.com/popular/luxury-bathroom-interior-design-inspiration/
DUCLy_Jjq3D,alot.design,739000,739K,industrial-interior,"👉 Want to make videos like this? Link in bio. We bought an old, empty warehouse and complete",https://www.instagram.com/reel/DUCLy_Jjq3D/,https://www.instagram.com/popular/industrial-interior/
DPYT-hUifOG,europexplores,739000,739K,arctic-treehouse-hotel-rovaniemi,Stay in private igloo underneath the northern lights in Finland. Hotel offers like this don't stay live for long and right now they can be accessed th,https://www.instagram.com/reel/DPYT-hUifOG/,https://www.instagram.com/popular/arctic-treehouse-hotel-rovaniemi/
Db8jLrwIqs1,srmdesignhub,738000,738K,architecture-design,🏠 25' × 40' North-Facing 2BHK House Plan A compact and practical home design with proper room,https://www.instagram.com/reel/Db8jLrwIqs1/,https://www.instagram.com/popular/architecture-design/
DTF5mohEWJQ,containerhouseplans,738000,738K,container-home-luxury-models-2026,Rate this shipping container home on a scale of 0 to 10. Would you live in this? 🤔 We are licensed container home architects and engineers. Email us a,https://www.instagram.com/reel/DTF5mohEWJQ/,https://www.instagram.com/popular/container-home-luxury-models-2026/
DUsw1h-Emra,luxurydreamhub,737000,737K,luxury-bedroom;luxury-bedroom-design;luxury-master-bedroom,A world of elegance and starlight. ✨🛏️ Experience the pinnacle of luxury in this dream-like s,https://www.instagram.com/reel/DUsw1h-Emra/,https://www.instagram.com/popular/luxury-bedroom/
DZ_JYrbhmDc,cozy_cabin_diaries,733000,733K,ai-cozy-cabin;cozy-cabin;cozy-cabin-in-the-snow;cozy-winter-cabin,The storm hasn't stopped in three days. #cabinlife #CozyCabin #WinterEscape #usa,https://www.instagram.com/reel/DZ_JYrbhmDc/,https://www.instagram.com/popular/cozy-cabin/
DEgdgMLPxi-,interiordesignerella,732000,732K,amazon-home-finds,"Comment ""HOME"" to shop! On sale!!🤩 Amazon kitchen finds!!✨ Follow me @interiordesignerella for links as Meta is rolling out a new feature where we wil",https://www.instagram.com/reel/DEgdgMLPxi-/,https://www.instagram.com/popular/amazon-home-finds/
DLVcZHMCxiJ,visionaireco,732000,732K,luxury-real-estate,✨,https://www.instagram.com/reel/DLVcZHMCxiJ/,https://www.instagram.com/popular/luxury-real-estate/
DSh015LgpsI,digitaldesign.lab,731000,731K,desert-house-interior-design-ideas,Raw earth villa 🌿 By: @digitaldesign.lab #tropical #luxuryhomes #villa #interior #houses homes green interiør mansion تصميم cliff فيلا bedroomdesign r,https://www.instagram.com/reel/DSh015LgpsI/,https://www.instagram.com/popular/desert-house-interior-design-ideas/
DW9CcyVRRax,areeshaa._.here,729000,729K,room-makeover,My Room Transformation 🎀✨🫶🏻 Did all of this under a budget 🪄 Links to all my room decor items are in my h,https://www.instagram.com/reel/DW9CcyVRRax/,https://www.instagram.com/popular/room-makeover/
DOY7KFpifBY,harmosai,728000,728K,futuristic-house;futuristic-houses;modern-villa,Let the storm roll in. ​There's a certain magic when a home feels like a fortress of warmth and light against a moody sky. Every glowing window and fl,https://www.instagram.com/reel/DOY7KFpifBY/,https://www.instagram.com/popular/modern-villa/
DWtm8hHjOop,jusathome,726000,726K,dream-kitchen,💛 S P R I N G K I T C H E N 💛 My favourite time of year for styling the kitchen 💛 Just wish the Daffs would last a little longer 🌼 Down on the south c,https://www.instagram.com/reel/DWtm8hHjOop/,https://www.instagram.com/popular/dream-kitchen/
DTs_-VRkZb0,tinylivingdesignsi,726000,726K,indoor-pool,From Empty Pavilion to a Breathtaking Indoor Beach ! #IndoorPool #LuxuryDesign #NaturalShoreline #IndoorOasis,https://www.instagram.com/reel/DTs_-VRkZb0/,https://www.instagram.com/popular/indoor-pool/
Dazul_lMLBd,dresscodelab.co,718000,718K,quiet-luxury,Looking expensive has nothing to do with money The 5 rules: 1. Loud logos?,https://www.instagram.com/reel/Dazul_lMLBd/,https://www.instagram.com/popular/quiet-luxury/
DK2Q1OxtSuw,lenas_cottage_home_garden,717000,717K,cottagecore-living-room-design,Velkommen til en liten runde i min lille stue🌸 Happy Friday🥰 #cottagecoreaesthetic #cozy #pinterestaesthetic #cottage #cottagecore #interiorinspo #vir,https://www.instagram.com/reel/DK2Q1OxtSuw/,https://www.instagram.com/popular/cottagecore-living-room-design/
DQWtLwbDNR9,diachok.architects,714000,714K,luxury-bathroom;quiet-luxury-bathroom,"We all need moments that feel like a pause. Not a getaway, just a few minutes that belong",https://www.instagram.com/reel/DQWtLwbDNR9/,https://www.instagram.com/popular/luxury-bathroom/
DLkRidMCMcp,wowbespoke,714000,714K,hotel-bathroom-designs,"Bring the luxury of a hotel bathroom to your home with Amber Cloud ☁️ With bespoke designs and premium porcelain tiles, we offer the complete package-",https://www.instagram.com/reel/DLkRidMCMcp/,https://www.instagram.com/popular/hotel-bathroom-designs/
DUi_jljEn0H,renovaistudio,713000,713K,landscape-design-ai,From a blank lawn to the ultimate cozy night spot. 🔥✨ We used AI landscape design to v,https://www.instagram.com/reel/DUi_jljEn0H/,https://www.instagram.com/popular/landscape-design-ai/
Da0ctnokTqw,vesgantti_home,712000,712K,living-room-decor,Not trend driven. Just slowly built. — Follow @vesgantti_home for rooms that age well.,https://www.instagram.com/reel/Da0ctnokTqw/,https://www.instagram.com/popular/living-room-decor/
DISCNIXO4nK,2pdesigners,711000,711K,luxury-dining-room,This is what dining in style looks like. A luxurious dining room designed with intention—where every detail tells a story.,https://www.instagram.com/reel/DISCNIXO4nK/,https://www.instagram.com/popular/luxury-dining-room/
Cv4GrAvpVuZ,theamethyyst,710000,710K,dream-life,Dream life 🖤 . . Follow @theamethyyst for more posts. . . . . . #dreamlife#success#selfmotivation#passion#reels#reelsinstagram#selflove#asethetic#expl,https://www.instagram.com/reel/Cv4GrAvpVuZ/,https://www.instagram.com/popular/dream-life/
DW4amjWEU4B,mojisstyle,707000,707K,bedroom-decor,The weather warmed up a little and I was itching for some spring vibes in here 😂 the yellow,https://www.instagram.com/reel/DW4amjWEU4B/,https://www.instagram.com/popular/bedroom-decor/
DXUI-HHT0H4,houseofchais,706000,706K,interior-design-ideas,Every inch of these spaces are designed with intention🫶🏻 storage op,https://www.instagram.com/reel/DXUI-HHT0H4/,https://www.instagram.com/popular/interior-design-ideas/
Csh-iRppSDG,vacations,706000,706K,underwater-hotel,Waking up in an underwater suite at Atlantis The Palm Dubai 🐠🦈 TAG someone you would,https://www.instagram.com/reel/Csh-iRppSDG/,https://www.instagram.com/popular/underwater-hotel/
DPRHuW_jPAa,beautifuldestinations,706000,706K,cook-islands-luxury-resorts,I think we just found the coolest villa in the Caribbean… 🏝️🚤 Perched on the rugged cliffs of Moskito,https://www.instagram.com/reel/DPRHuW_jPAa/,https://www.instagram.com/popular/cook-islands-luxury-resorts/
DVKsMx6CIB_,manhwa_diablo,704000,704K,backyard-design;garden-design;landscape-design,Trust the Process: Ultimate Yard Upgrade 🤯 #luxury #landscape #backyard #garden,https://www.instagram.com/reel/DVKsMx6CIB_/,https://www.instagram.com/popular/landscape-design/
DVbJ9KqCrAE,eloisepreen,704000,704K,mid-century-modern-living-room-ideas,if you love this style… hi welcome to my home! 🙋‍♀️🏡 midcenturymodern vintagefurniture mcm loftapartment colorfulhome homedecor homeinspo interiordesi,https://www.instagram.com/reel/DVbJ9KqCrAE/,https://www.instagram.com/popular/mid-century-modern-living-room-ideas/
DW_ygHtGfAi,nicholepaclibar,701000,701K,kitchen-inspiration,"aesthetic kitchen finds 💫 drop ""KITCHEN"" for the deets to everything I used to update my kitchen and make it feel high end on a budget! #kitcheninspir",https://www.instagram.com/reel/DW_ygHtGfAi/,https://www.instagram.com/popular/kitchen-inspiration/
DEfymt3ylqT,karissa.brighton,696000,696K,amazon-home-finds,Shop this find on my Amazon Home Finds List! #amazon #amazonfinds,https://www.instagram.com/reel/DEfymt3ylqT/,https://www.instagram.com/popular/amazon-home-finds/
DW9JeF-DHES,sq_interiors_ae,696000,696K,kitchen-inspiration,Kitchen colour combinations you should definitely consider for your kitchen Save this for later ✨ Which combination is your favorite? 👀 Each palette c,https://www.instagram.com/reel/DW9JeF-DHES/,https://www.instagram.com/popular/kitchen-inspiration/
DJCTsDzPJQ_,ohneis652,693000,693K,ai-architecture;ai-generated-architecture-designs,Most AI architecture looks like cheap 3D renders. Flat. Overpolished. Soulless. This? This feels lik,https://www.instagram.com/reel/DJCTsDzPJQ_/,https://www.instagram.com/popular/ai-architecture/
DPnIV9tkjaZ,naturesms,690000,690K,house-in-the-forest,"Spend a night in a tree house, listen to the rain in the mountains, feel the wind in the",https://www.instagram.com/reel/DPnIV9tkjaZ/,https://www.instagram.com/popular/house-in-the-forest/
DPt8obqjxFY,luxquisit,688000,688K,overwater-villa,Dreamy Underwater Villa,https://www.instagram.com/reel/DPt8obqjxFY/,https://www.instagram.com/popular/overwater-villa/
CEnj8C4ARPX,vacations,684000,684K,underwater-hotel,Dinner under the sea in Maldives 🐠✨ Video by: @sennarelax TAG someone you'd dine here,https://www.instagram.com/reel/CEnj8C4ARPX/,https://www.instagram.com/popular/underwater-hotel/
DctfC47uMsN,ms.josefine,683000,683K,architecture-design,Sadly it took a little bit longer 🤏🏻📐🪚✍🏻 #architecturedesign #architecture #modelling #architect #degree,https://www.instagram.com/reel/DctfC47uMsN/,https://www.instagram.com/popular/architecture-design/
DPl_g5pjccv,imadqacami09,683000,683K,dubai-luxury,"🏙️✨ Dubaï 🇦🇪, entre désert doré et mer scintillante, incarne le rêve moderne à l'état pur.",https://www.instagram.com/reel/DPl_g5pjccv/,https://www.instagram.com/popular/dubai-luxury/
DUvYUlSkWwu,the.tnk.loft,680000,680K,biophilic-design,"If you're looking to improve the feeling of your home at night, the single most effective thing you can do is to invest in mood lighting. It honestly blows me away how effective some warm white lighting",https://www.instagram.com/reel/DUvYUlSkWwu/,https://www.instagram.com/popular/biophilic-design/
CmKT2FMvofs,jameseditioncom,679000,679K,jamesedition-luxury-homes,"What do you think of this house? ✈️ 7 Beds • 11 Baths • 1,400 sqm Price: €5,900,000 Location: Florida, USA Reference: 11915102",https://www.instagram.com/reel/CmKT2FMvofs/,https://www.instagram.com/popular/jamesedition-luxury-homes/
DY5qcFAsYHl,kika.baut,678000,678K,hotel-bathroom-designs,"Dreaming of spaces that feel calm, timeless, and inspiring ✨ Soft details, warm textures, and little moments that make a house feel like home. Our gue",https://www.instagram.com/reel/DY5qcFAsYHl/,https://www.instagram.com/popular/hotel-bathroom-designs/
DRxG60ZCCMe,eliemoussa_creative_design,675000,675K,luxury-living-room-design,Unwind and relax in the embrace of our living room sanctuary… #design #instagram #art #lounge #mood #renderlovers #instadesign #colors #living#render,https://www.instagram.com/reel/DRxG60ZCCMe/,https://www.instagram.com/popular/luxury-living-room-design/
DItw578RlXA,the.princess.mini,674000,674K,luxury-closet,"today's the day, finally moving all my stuff into my closet room after 1.5 years of having all my stuff in our upstairs hallway 🎀",https://www.instagram.com/reel/DItw578RlXA/,https://www.instagram.com/popular/luxury-closet/
DZvuMervgb5,roxy_carretero,674000,674K,home-decor,"Comment ""SHOP"" for links 🔗💌 🤎🤎 #homedecor #interiordesign #livingroomdecor #homeinspo #i",https://www.instagram.com/reel/DZvuMervgb5/,https://www.instagram.com/popular/home-decor/
DGlkw_VSJSy,thelifestyledco,672000,672K,dream-kitchen,"A few ideas to add to your ""Dream Kitchen"" list 🤗⁠ ⁠ Comment which feature is taking the number one spot on your list!⁠ Countertops: @vadaraquartz Ser",https://www.instagram.com/reel/DGlkw_VSJSy/,https://www.instagram.com/popular/dream-kitchen/
DZt2MwqRjBH,its.aswathy_sethu,672000,672K,room-makeover,"Rental home 🏠 Room makeover part-1 (Room makeover, room decoration , meesho product's room make over) @meeshoapp #room",https://www.instagram.com/reel/DZt2MwqRjBH/,https://www.instagram.com/popular/room-makeover/
CtSOY7VMU8O,dunlaphollowcabins,671000,671K,a-frame-cabin;a-frame-modern-cabins,"The A-Frame ✨✨✨ One of the most unique cabins you'll find. Featuring plenty of natural light for a relaxing atmosphere, along with ample space for a s",https://www.instagram.com/reel/CtSOY7VMU8O/,https://www.instagram.com/popular/a-frame-cabin/
DULjHg8jt-d,mindset.therapy,669000,669K,dream-life,"Dreams don't become real by chance. They're built through discipline, shaped by routine, strengthened by learning, pushed forward by action, and susta",https://www.instagram.com/reel/DULjHg8jt-d/,https://www.instagram.com/popular/dream-life/
CvVD7laqmRf,featheringournest,666000,666K,kitchen-inspiration,Don't get me wrong in frame kitchens are beautiful but they can be up to 30% more expensive. If you get your other finishes and styling right I think,https://www.instagram.com/reel/CvVD7laqmRf/,https://www.instagram.com/popular/kitchen-inspiration/
C0TOkqNI7iV,aakash.darji,662000,662K,villa-with-pool,"Giant Pool Inside a Villa 🏊❤️ ☎️ 9960333332 | 992311114 It's a 4 BHK villa and each bedroom has different TV, AC and",https://www.instagram.com/reel/C0TOkqNI7iV/,https://www.instagram.com/popular/villa-with-pool/
DdJe4zQMGMY,terezija.simunovic,660000,660K,chalet,The person that sent this wants a cozy chalet in the mountains with you this winter ✨❄️ #cople #cozy #chalet #mountain #travelcouple,https://www.instagram.com/reel/DdJe4zQMGMY/,https://www.instagram.com/popular/chalet/
DKIL6JPNlOg,vywherenext,657000,657K,bali-luxury-villas-with-private-pools,"🤩🔥New Bali Villa goals!! 📍Shanaya Villa, Umalas (near Seminyak) This villa is like straight out of Pinterest!",https://www.instagram.com/reel/DKIL6JPNlOg/,https://www.instagram.com/popular/bali-luxury-villas-with-private-pools/
DNs9jiEWhVb,miladeshtiyaghi,656000,656K,house-in-the-forest,🖤 BLACK HOUSE 🖤🌳 A Minimal Sanctuary in Nature Designed by @miladeshtiyaghi Black House is,https://www.instagram.com/reel/DNs9jiEWhVb/,https://www.instagram.com/popular/house-in-the-forest/
DXw2UALMrdq,sunt_mrr,655000,655K,waterfall-house,Dream water villa Design: @sunt_mrr,https://www.instagram.com/reel/DXw2UALMrdq/,https://www.instagram.com/popular/waterfall-house/
C8a9pZeounc,vacations,655000,655K,ibiza-luxury-villas-sea-view,Summertime in Ibiza ☀️🌊🇪🇸 TAG someone you'd visit Formentera island with!,https://www.instagram.com/reel/C8a9pZeounc/,https://www.instagram.com/popular/ibiza-luxury-villas-sea-view/
DWUYYeTkcY7,my.bell.house,654000,654K,bathroom-design,Small bathroom inspo 😍 our guest bath downstairs is one of my favorite designs ✨ Comment BATHROOM for links 🔗 #bathroominspo #modernbathroom #homeinsp,https://www.instagram.com/reel/DWUYYeTkcY7/,https://www.instagram.com/popular/bathroom-design/
Dbm8DcISBD9,cap_sulecastlehouse,653000,653K,capsule-castle-luxury-space-capsule-houses,This house is so flexible .#capsulecastle #resort #vacationrental #stay #getaway Website:www.capsulecastle.com WhatsApp link： wa.me/8619011518978 What,https://www.instagram.com/reel/Dbm8DcISBD9/,https://www.instagram.com/popular/capsule-castle-luxury-space-capsule-houses/
DVKed_aEX_I,myyab_designs,651000,651K,bedroom-decor,A little pillow refresher and suddenly the whole room feels new 🤍 Sometimes it's not about changing,https://www.instagram.com/reel/DVKed_aEX_I/,https://www.instagram.com/popular/bedroom-decor/
DYCpVqAyBvV,hakatayaken,649000,649K,tokyo-apartment,What $1700 gets you in Tokyo #japan #apartmenttour #akiya #tokyo #shibuya,https://www.instagram.com/reel/DYCpVqAyBvV/,https://www.instagram.com/popular/tokyo-apartment/
DMnrYd9sjZU,smyrna__home,647000,647K,living-room-design;luxury-living-room;modern-living-room,Happy Sunday 🖤 Meine Couch ist übrigens aus der Comora Kollektion von @livindahome 🫶🏼Ich liebe sie!,https://www.instagram.com/reel/DMnrYd9sjZU/,https://www.instagram.com/popular/luxury-living-room/
DUZ_TYJka3r,vrishtidesigns,647000,647K,luxury-interior;luxury-interior-design;modern-luxury-house-interiors,"Luxury isn't about adding more… it's about designing volume, light, and drama the right way. ✨ Dou",https://www.instagram.com/reel/DUZ_TYJka3r/,https://www.instagram.com/popular/luxury-interior/
DUC0BzjjouW,behind.thewoods,646000,646K,house-tour,"Dzień dobry! Zapraszam na pierwszy home tour naszego domku 😄 Tyle to zajęło, bo to niepojęte",https://www.instagram.com/reel/DUC0BzjjouW/,https://www.instagram.com/popular/house-tour/
DXNQC9VjhDV,styledby.rhonda,645000,645K,home-decor-ideas,"because the fridge deserves to be cute too 🙂‍↕️🌸 i actually thought i'd add plants to the shelves, but then i realized it was the perfect spot",https://www.instagram.com/reel/DXNQC9VjhDV/,https://www.instagram.com/popular/home-decor-ideas/
DZa5xTNshRn,kaiboet,642000,642K,minimalist-art-deco-interior-design,anyway . . . . Interior - midcentury modern - homedecor - interiorinspo,https://www.instagram.com/reel/DZa5xTNshRn/,https://www.instagram.com/popular/minimalist-art-deco-interior-design/
DTYI5T0DEG-,happy_petit_family,641000,641K,scandinavian-interior-design-styles,My cosy home ✨️ #cosyhome #interiordecor #scandinavianinterior #neutraldecor #decohome,https://www.instagram.com/reel/DTYI5T0DEG-/,https://www.instagram.com/popular/scandinavian-interior-design-styles/
Ddm_jLNTINF,sigaarchitect,640000,640K,architecture-photography,Beautiful Classical Villa. . . #sigaarchitect #interiordesign #interior #architect #architecturephotography,https://www.instagram.com/reel/Ddm_jLNTINF/,https://www.instagram.com/popular/architecture-photography/
DX7awzBuMK3,friluftsbjerke,639000,639K,cabin,Who would you bring to this cabin? 🇳🇴☕️🌲 #visitnorway #norway🇳🇴 #otta #cabininthewoods #cabin,https://www.instagram.com/reel/DX7awzBuMK3/,https://www.instagram.com/popular/cabin/
DF-WgD3onqJ,_vlasov_roman_,638000,638K,modern-villa,Villa / 773 Architecture By @_vlasov_roman_ #architecture #archilovers #modern #modernhouse #design #concept #luxuryhouse #luxuryhomes #villa #house #,https://www.instagram.com/reel/DF-WgD3onqJ/,https://www.instagram.com/popular/modern-villa/
DYmzKjXta1v,mednikovadesign,636000,636K,art-deco-interior-design,#designinteriors #designdubai #interiordesign #studiodesign #dubaiinteriors,https://www.instagram.com/reel/DYmzKjXta1v/,https://www.instagram.com/popular/art-deco-interior-design/
DV6MooqDA88,aveotasarim,634000,634K,living-room-decor;living-room-design;luxury-living-room-design,Would you live in this livingroom? #interiordesign #livingroom #homemakeover #evyenileme #salondekorasyonu,https://www.instagram.com/reel/DV6MooqDA88/,https://www.instagram.com/popular/living-room-design/
DR4Tt4WEcVF,eisukekiuchi.jp,633000,633K,tokyo-apartment,"vlog#219 Price: ¥348M($2.2M) Location: Nanpeidaicho, Shibuya, Tokyo, Japan | Land Title: Freehold I Floor size: 68.61 sqm | Floor: 2F/4F | Floorplan:",https://www.instagram.com/reel/DR4Tt4WEcVF/,https://www.instagram.com/popular/tokyo-apartment/
DcgYUCNP-4z,deborahandradeee,631000,631K,mykonos,"Mykonos, solzinho & @ninaritz.oficial ⚡️ ~ certeza de que esse vestido nasceu pra esse cenário. 🇬🇷✨🌊",https://www.instagram.com/reel/DcgYUCNP-4z/,https://www.instagram.com/popular/mykonos/
DZLwdTxCFJk,dutch_belgium_gardens,631000,631K,luxury-garden,THE GREEN ROOM Hedges that close in around you. A pool that holds the last of the light. Drop a 🌿 if you'd lose an evening here. In collaboration with,https://www.instagram.com/reel/DZLwdTxCFJk/,https://www.instagram.com/popular/luxury-garden/
DKWedwshlzc,pinkoro_house,626000,626K,living-room-decor,@pinkoro_house Today's living room 🌿 #グレージュインテリア #リビングインテリア #インテリアコーディネート #植物のある暮らし,https://www.instagram.com/reel/DKWedwshlzc/,https://www.instagram.com/popular/living-room-decor/
DA_3tQxCi_y,crystalkitchenandbedroom,623000,623K,modern-kitchen,,https://www.instagram.com/reel/DA_3tQxCi_y/,https://www.instagram.com/popular/modern-kitchen/
DXEfelLCRt0,selaproperty,623000,623K,luxury-villa,The DAY VS NIGHT view of this luxury USD 11.000.000 / IDR 195 Miliar mansion in Bal,https://www.instagram.com/reel/DXEfelLCRt0/,https://www.instagram.com/popular/luxury-villa/
DVwR-zUD9QW,herjoliejourney,623000,623K,unique-airbnb,THE MOST UNIQUE AIRBNB IN IDAHO: @idahoflowerpot 🌻 I've stayed in a lot of uniq,https://www.instagram.com/reel/DVwR-zUD9QW/,https://www.instagram.com/popular/unique-airbnb/
DXPwxuFjdrG,katyaresin,616000,616K,interior-styling,Nature meets home. 🪵 There's something so peaceful about the glow of real wood and candles. Adding a touch of warmth to the space toda,https://www.instagram.com/reel/DXPwxuFjdrG/,https://www.instagram.com/popular/interior-styling/
DZnsO-yuheC,spacesbylaura,615000,615K,modern-mediterranean-houses,The villa my future self definitely owns 😂🤎 which room is calling you? #mediterraneanhome #dreamhome #interiordesign #homeinspiration #hometours,https://www.instagram.com/reel/DZnsO-yuheC/,https://www.instagram.com/popular/modern-mediterranean-houses/
DcxtRzlz6Ig,ai_furniture_design,614000,614K,luxury-room,Luxury Bedroom 😯,https://www.instagram.com/reel/DcxtRzlz6Ig/,https://www.instagram.com/popular/luxury-room/
DW9ZHOpD1Qx,skymountainhouse,612000,612K,cabin,"I'm not saying mountains fix everything, but that is what I'm saying💅 Now walk with me ⛰️☕️⛰️ Links to BOOK A STAY IN OUR BIO ⬆️⬆️ . . . #weekendgetaw",https://www.instagram.com/reel/DW9ZHOpD1Qx/,https://www.instagram.com/popular/cabin/
DWVZ8vpiIJE,meghanorourkee,611000,611K,cabin,"the best sleep of my life. 🌿☁️ and no, this is not AI—this is Norway. - #norway #cabin #river #spring #visitnorway",https://www.instagram.com/reel/DWVZ8vpiIJE/,https://www.instagram.com/popular/cabin/
DQJ5NlWCAFh,asharch_design,608000,608K,futuristic-interior,"A luxurious modern interior balancing sleek finishes, soft textures, and ambient lighting for an elegant feel. Project based in NY📍. #interiordesign #",https://www.instagram.com/reel/DQJ5NlWCAFh/,https://www.instagram.com/popular/futuristic-interior/
DYHnuwhxF75,followourcompass,607000,607K,unique-airbnb,"Waterfall Airbnbs you HAVE to see! Nancy Key Airbnb @staylakenorman Lake Norman,",https://www.instagram.com/reel/DYHnuwhxF75/,https://www.instagram.com/popular/unique-airbnb/
DR6eSzEDV_m,housesafari,606000,606K,mid-century-modern,These 3 mistakes literally kill a Mid-Century look 1. Ignoring contrast and sticking to similar hues Flat colour schemes make t,https://www.instagram.com/reel/DR6eSzEDV_m/,https://www.instagram.com/popular/mid-century-modern/
DU-f5Y0CbHa,nestseekersdubai,604000,604K,dubai-villa,"Ultra Luxury villa for sale in Dubai , most luxurious community, contact us now for more information ℹ️",https://www.instagram.com/reel/DU-f5Y0CbHa/,https://www.instagram.com/popular/dubai-villa/
DMPZzYxNF_b,insmultiverse,604000,604K,future-houses-2050,Which house would you pick to live in? . . . The vibe is limitless—unlock it now. . Follow,https://www.instagram.com/reel/DMPZzYxNF_b/,https://www.instagram.com/popular/future-houses-2050/
DbieQoxzOak,theras.space,599000,599K,cozy-room,my cozy room 🍀✨ #roomaesthetic #roomforinspo #cozyroom #kamarimpian #roomdecor,https://www.instagram.com/reel/DbieQoxzOak/,https://www.instagram.com/popular/cozy-room/
DSQJLXYikmU,barnesrealty,595000,595K,dubai-luxury-penthouse,#FORSALE – Atlantis The Royal Residences – Ultra-Rare Duplex Penthouse – Panoramic Views – Dubai For more,https://www.instagram.com/reel/DSQJLXYikmU/,https://www.instagram.com/popular/dubai-luxury-penthouse/
DZbFAzLkp6Q,abcdjoinery,594000,594K,dream-kitchens;luxury-kitchen;organic-modern-kitchen-designs,"Step into elegance. As the camera glides through, the curved stone islan",https://www.instagram.com/reel/DZbFAzLkp6Q/,https://www.instagram.com/popular/luxury-kitchen/
DcrJ6vOzdcC,ai.cozy.fun.scenes,594000,594K,cozy-rain,Slow cozy days. #cozyvibes #cozyhome #aivideo #rainyday #cozyasmr,https://www.instagram.com/reel/DcrJ6vOzdcC/,https://www.instagram.com/popular/cozy-rain/
DacrRArxSn1,shehaofurniture,594000,594K,furniture-design,"The furniture factory that global curtilage stylist is choosing, the design here is too good to match a plan",https://www.instagram.com/reel/DacrRArxSn1/,https://www.instagram.com/popular/furniture-design/
C_qsri6hBKL,royashabboui,593000,593K,luxury-interior;modern-luxury-house-interiors,This stunning and spacious residence that epitomizes luxury living… #realestate #realestateagent #l,https://www.instagram.com/reel/C_qsri6hBKL/,https://www.instagram.com/popular/luxury-interior/
Cq848yLBfRg,royashabboui,593000,593K,luxury-apartment,#realestate #realestateagent #realestateinvesting #luxury #mansion #luxurylifestyle #luxuryhomes #luxuryrealestate #losangeles #california #lifestyle,https://www.instagram.com/reel/Cq848yLBfRg/,https://www.instagram.com/popular/luxury-apartment/
DHjI3StICpD,161london,592000,592K,walk-in-closet,Walk in wardrobe design at our Grosvenor Square project,https://www.instagram.com/reel/DHjI3StICpD/,https://www.instagram.com/popular/walk-in-closet/
DcYvETET-2z,creativevaanarofbraj,590000,590K,room-makeover,"Part-4 Room makeover . . . . . [Room makeover, room decor, minivlogs, amazon haul, flipkar finds, haul, findsc amazon f",https://www.instagram.com/reel/DcYvETET-2z/,https://www.instagram.com/popular/room-makeover/
DYArsL0uP2Q,aframe_kuce,589000,589K,a-frame-modern-cabins,Akcija do juna.Redovna cena sive faze 15.200 Eur Naš montažni A-frame 40m² objekat dimenzija 5 × 6 m sa galerijom. Krov+izolacija,https://www.instagram.com/reel/DYArsL0uP2Q/,https://www.instagram.com/popular/a-frame-modern-cabins/
DW-OeKmjXED,pointspassport,588000,588K,maldives-villa,[#hosted] This is the overwater villa at Halcyon Private Isles in the Maldives. Autograph Collection. Opened October 2025.,https://www.instagram.com/reel/DW-OeKmjXED/,https://www.instagram.com/popular/maldives-villa/
DPBx1_5jofK,treehouseocala,588000,588K,treehouse-hotel,Send this to the person you'd escape to our luxury treehouse with this fall 🍂✨ #explore #explorepage #airbnb #treehouse #treehouseocala #perfectgetawa,https://www.instagram.com/reel/DPBx1_5jofK/,https://www.instagram.com/popular/treehouse-hotel/
DZPeyiKTGkk,magadhinterior,586000,586K,bathroom-design,"​From mood board to reality. ✨ Watch how we pair dramatic marble textures with earthy porcelain tones to create five distinct, high-end bathroom conce",https://www.instagram.com/reel/DZPeyiKTGkk/,https://www.instagram.com/popular/bathroom-design/
DdHp0flO1cX,boutique_sahra,586000,586K,tulum,"🌷✨ YAZEL TULUM | ŞIKLIĞIN EN GÖZ ALICI HALİ ✨🌷 Özel davetlerde, düğün ve nişanlarda zarif, iddialı ve farklı bir görünüm arayanlara… 🤍 Yazel Tulum; ış",https://www.instagram.com/reel/DdHp0flO1cX/,https://www.instagram.com/popular/tulum/
DWb-eEKk6TQ,sahasrarafurnitures,583000,583K,bedroom-design,✨ Same Bedroom… But Elevated Luxury ✨ Your bedroom isn't just a space - it's your personal sanctuary 🛏️ And the right back wall design can completely,https://www.instagram.com/reel/DWb-eEKk6TQ/,https://www.instagram.com/popular/bedroom-design/
DcD_4WBNhPs,bhagwan_solanke_18,574000,574K,modern-kitchen,✨ A Kitchen That Feels Like Luxury. Clean lines. Premium finishes. Warm lighting. Timeless elegance. 🤎,https://www.instagram.com/reel/DcD_4WBNhPs/,https://www.instagram.com/popular/modern-kitchen/
DQMuxjDCOt2,byselimfurniture,573000,573K,luxury-dining-room,Luxury dining with timeless gold details. Designed by @byselimfurniture,https://www.instagram.com/reel/DQMuxjDCOt2/,https://www.instagram.com/popular/luxury-dining-room/
DMJPzybsNA-,harmosai,571000,571K,modern-villa,"Clean aesthetics, cutting-edge comfort. Discover the essence of modern villa living. #ModernVillas #ArchitecturalDesign #LuxuryLiving #ContemporaryHom",https://www.instagram.com/reel/DMJPzybsNA-/,https://www.instagram.com/popular/modern-villa/
DAPS7AesL1I,aylintheagent,571000,571K,dream-kitchens,The kitchen truly is the heart of the home. I had so much fun designing this kitchen for my clients! Shop the links below and follow along for,https://www.instagram.com/reel/DAPS7AesL1I/,https://www.instagram.com/popular/dream-kitchens/
DZBaK0Fh1Y1,kmprecastwork,570000,570K,a-frame-cabin;a-frame-modern-cabins,"Premium A-Frame at 9L 400 sqft Completed work @ Wayanad,Kerala #resort #aframecabin #budgethomes #precastedhomes #tinyhouse",https://www.instagram.com/reel/DZBaK0Fh1Y1/,https://www.instagram.com/popular/a-frame-cabin/
DUnjrPCD53g,suasarealestate,568000,568K,luxury-villa,"Just a big fan of my own house✨ 5 Bedrooms | Leasehold | IDR 28,000,000,000",https://www.instagram.com/reel/DUnjrPCD53g/,https://www.instagram.com/popular/luxury-villa/
DV1mm8YEVh8,mojisstyle,566000,566K,interior-styling,"Ending the week with a quiet spa moment at home, a little time to slow down after a long week 😌 How are you spending your Friday eve",https://www.instagram.com/reel/DV1mm8YEVh8/,https://www.instagram.com/popular/interior-styling/
Db-WdT9NCdp,food_by_aisha,562000,562K,chalet,"Tog'lar bag'rida sokinlik, nafis muhit va haqiqiy premium dam olish. 🏔️✨ August Resort - Xo'jakent tog'larining ajoyib panoramasi, toza havo va har bi",https://www.instagram.com/reel/Db-WdT9NCdp/,https://www.instagram.com/popular/chalet/
DUPA4S4CVk-,maisonnyckel,561000,561K,kitchen-inspiration,"Le moodboard parfait pour une cuisine chaleureuse. 🕊️ Votre élément préféré ici ? Perso, on craque pour les luminaires ! #interiordesign #kitcheninspi",https://www.instagram.com/reel/DUPA4S4CVk-/,https://www.instagram.com/popular/kitchen-inspiration/
DSFayikDNVo,_plus_interiors,561000,561K,luxury-master-bedroom-interior-design,"The master bedroom ✨ Recently, we completed a 3BHK project in Mulund, where the master bedroom was designed thoughtfully using a beige and grey colour",https://www.instagram.com/reel/DSFayikDNVo/,https://www.instagram.com/popular/luxury-master-bedroom-interior-design/
DbIqyuRAPDn,luxicavibe,561000,561K,luxury-modern-beautiful-house,NA,https://www.instagram.com/reel/DbIqyuRAPDn/,https://www.instagram.com/popular/luxury-modern-beautiful-house/
DS7oWRUCInE,modern.architect,560000,560K,container-house,A secluded forest serves as the canvas for a revolutionary architectural transformation. 🌲 Industrial shipping containers meet traditional timber fram,https://www.instagram.com/reel/DS7oWRUCInE/,https://www.instagram.com/popular/container-house/
DUs3gdrjNog,exploringdreamhomes,556000,556K,ai-generated-house,Pretty cool 😃❤️,https://www.instagram.com/reel/DUs3gdrjNog/,https://www.instagram.com/popular/ai-generated-house/
DM7kNwKB-QA,rendair.ai,556000,556K,ai-render,Comment 'interested' to get the full tutorial 👇 All-in-one rendering platform for architects and designer,https://www.instagram.com/reel/DM7kNwKB-QA/,https://www.instagram.com/popular/ai-render/
DV1wO68Dg2F,lilswalty,553000,553K,interior-design-ideas,My ride or dies. #interiordesigner #denverinteriordesign #interioride,https://www.instagram.com/reel/DV1wO68Dg2F/,https://www.instagram.com/popular/interior-design-ideas/
DYCXsDBs_Ya,vkuoo,552000,552K,ai-generated-architecture-designs,🏗️✨ DESIGN 10 BUILDINGS IN 10 SECONDS? AI JUST REWROTE ARCHITECTURE. Same site. Infinite des,https://www.instagram.com/reel/DYCXsDBs_Ya/,https://www.instagram.com/popular/ai-generated-architecture-designs/
C1KX5HeozzE,beautifulhotels,551000,551K,luxury-cabin,@adinistorfoto discovers the ultimate mountain hideaway nestled amidst Transylvania's Apuseni mountains - the picturesque Nordland Cabin! 🇷🇴🏔️ This se,https://www.instagram.com/reel/C1KX5HeozzE/,https://www.instagram.com/popular/luxury-cabin/
DKHkvBlOzX7,realtordenisbibik,548000,548K,luxury-master-bedroom,Master Bedroom Tour Contact me for Real Estate in Miami @realtordenisbibik . . Denis S. B,https://www.instagram.com/reel/DKHkvBlOzX7/,https://www.instagram.com/popular/luxury-master-bedroom/
DWjQIN5Aemr,jareef__saifi,547000,547K,luxury-apartment-interior-design-ideas-2026;luxury-living-room-design,Ultra Luxury Living Room That Looks Straight Out of a Dream ✨ #livingroomdecor #interiordesign #shortvideo,https://www.instagram.com/reel/DWjQIN5Aemr/,https://www.instagram.com/popular/luxury-apartment-interior-design-ideas-2026/
CyzF2n0v5k1,texaseatsfirst,545000,545K,glass-house-photos,[CLOSED] 2 𝙉𝙄𝙂𝙃𝙏 𝙂𝙄𝙑𝘼𝙒𝘼𝙔 -𝙈𝙄𝙍𝙍𝙊𝙍 𝘾𝘼𝘽𝘐𝙉 (1 HOUR AWAY FROM HOUSTON) this brand new mirror glas,https://www.instagram.com/reel/CyzF2n0v5k1/,https://www.instagram.com/popular/glass-house-photos/
DV8lXlgjmIM,nestbygrazi.design,544000,544K,interior-styling,"For $399, you get a complete design plan: ✔ Layout plan ✔ Realistic 3D renderings ✔ Clickable shopping list ✔ Color & material direction ✔",https://www.instagram.com/reel/DV8lXlgjmIM/,https://www.instagram.com/popular/interior-styling/
DRKeOeoCPrl,nina.nayko,543000,543K,architecture-photography,Uneasy comfort #photography #editing #editingtutorial #architecture #cinematic #darkaesthetic #brutalism #georgia,https://www.instagram.com/reel/DRKeOeoCPrl/,https://www.instagram.com/popular/architecture-photography/
DZGbp0DsJod,kika.baut,542000,542K,quiet-luxury-bathroom,"A perfect blend of warmth and sophistication. Grey-beige tiles, a seamless matching vanity, a stunning walnut cabinet, and soft indirect lighting come",https://www.instagram.com/reel/DZGbp0DsJod/,https://www.instagram.com/popular/quiet-luxury-bathroom/
DKiwp3vowku,volferda_tinyhouse,541000,541K,container-house,"Expandable container house less than $10,000,Perfect for Airbnb,guesthouse,rental house, farm house and tourism project 📱 WhatsApp: +852 5648 9209 🔗 W",https://www.instagram.com/reel/DKiwp3vowku/,https://www.instagram.com/popular/container-house/
Dbdx3LTORoR,elitebuildhq,539000,539K,ai-generated-house,I Built a Hidden Luxury Loft Behind a Waterfall | Ultimate Off-Grid AI Concept,https://www.instagram.com/reel/Dbdx3LTORoR/,https://www.instagram.com/popular/ai-generated-house/
DV-4CbyE_E_,fromrawto_real,535000,535K,garden-design,Backyard Flower Bed Makeover | Stunning Garden Border #gardendesign #designinspiration #backyard Watch this backyard flower bed transform into a color,https://www.instagram.com/reel/DV-4CbyE_E_/,https://www.instagram.com/popular/garden-design/
DRe15ajgGtf,facade_designn,531000,531K,parametric-architecture,"✨When architecture dares to break the rules, magic happens... 😍This design blends nature,",https://www.instagram.com/reel/DRe15ajgGtf/,https://www.instagram.com/popular/parametric-architecture/
DF8v_c8oe6I,tiny_homess,530000,530K,luxury-cabin,Luxury tiny cabins with a view! 🌿✨ These stunning modern retreats offer the perfect escape. Who would love to stay here? 🏡💙 Follow @tiny_homess for mo,https://www.instagram.com/reel/DF8v_c8oe6I/,https://www.instagram.com/popular/luxury-cabin/
Da2LadfSUXi,watchthebuild,529000,529K,biophilic-bedroom-design,"Empty Bedroom to Calm Green Retreat An empty modern bedroom becomes a calm, c",https://www.instagram.com/reel/Da2LadfSUXi/,https://www.instagram.com/popular/biophilic-bedroom-design/
DVl3B9zDUMv,wanderlust__ever,528000,528K,amalfi-coast,🍋Amalfi Coast the ultimate 3 days itinerary 👆 🧷Save this R€€L & share with your friends who love,https://www.instagram.com/reel/DVl3B9zDUMv/,https://www.instagram.com/popular/amalfi-coast/
C3oA_JwrmWi,anderalencar,526000,526K,ai-render,"Olha só que legal! Essa animação que você está vendo, eu criei usando Inteligência Artificial + Render no 3DsMax",https://www.instagram.com/reel/C3oA_JwrmWi/,https://www.instagram.com/popular/ai-render/
DUf97RtFfh9,balamoda,524000,524K,house-tour;los-angeles-house,House Tour #41 Guardaros esta casa para ideas de decoración de la vuestra y compartid con a,https://www.instagram.com/reel/DUf97RtFfh9/,https://www.instagram.com/popular/house-tour/
DLKxpnhKWyx,jennifershomeinterior,524000,524K,outdoor-living,"Unwinding in my love to lounge paradise – the Patio🫠♥️ ""That feeling of being lost in comfort and good company.""",https://www.instagram.com/reel/DLKxpnhKWyx/,https://www.instagram.com/popular/outdoor-living/
DVmh2BqkqBw,homecareproperty,523000,523K,inside-underground-bunker-house,The rich build underground for bunker. มหาเศรษฐีขุดใต้ดินเพื่อเป็นบังเกอร์ Contact Care,https://www.instagram.com/reel/DVmh2BqkqBw/,https://www.instagram.com/popular/inside-underground-bunker-house/
DUdAk3OjSIe,exploringdreamhomes,520000,520K,dream-house-design,Dream home 🥰🏡,https://www.instagram.com/reel/DUdAk3OjSIe/,https://www.instagram.com/popular/dream-house-design/
DTVQtPfkuhm,sugar____home.127,519000,519K,cozy-room,For everyone who loves a cozy home ☕️ cozy home好きさん集まれ〜 #ミッドセンチュリーモダン #cozyroom,https://www.instagram.com/reel/DTVQtPfkuhm/,https://www.instagram.com/popular/cozy-room/
DZ2i71qkbhv,goldeneaglelogtimberhomes,518000,518K,lake-house,"Morning coffee hits different with this view ☕ • Timber Lake by Golden Eagle: wraparound deck, stone fire pit, and a dock right at your door. Start yo",https://www.instagram.com/reel/DZ2i71qkbhv/,https://www.instagram.com/popular/lake-house/
DW0pF5RDKcB,shivay_._interior,517000,517K,living-room-design,"Transforming a simple wall into a statement masterpiece ✨ From plain to premium — this modern paneling design adds depth, lux",https://www.instagram.com/reel/DW0pF5RDKcB/,https://www.instagram.com/popular/living-room-design/
DbnV3CjNVzf,hogarconcalma,516000,516K,cozy-bedroom-ideas,"Tu habitación debería ser ese lugar al que siempre quieras volver. 🤍 Un espacio tranquilo, con colores suaves y una decoración que transmita paz, porq",https://www.instagram.com/reel/DbnV3CjNVzf/,https://www.instagram.com/popular/cozy-bedroom-ideas/
DT8Iv30DWBM,home_designfr,516000,516K,scandinavian-interior-design-styles,"Hello, En attendant de recevoir toutes les nouveautés, j'avais envie de changement, j'ai donc remis l'olivier dans le salon.",https://www.instagram.com/reel/DT8Iv30DWBM/,https://www.instagram.com/popular/scandinavian-interior-design-styles/
DVOU6NDDe7n,anna_home_finds,515000,515K,amazon-home-finds,"Comment ""Tech"" get the links. If you love smart home gadgets and practical tech, these 10 Amazon finds are absolute must-haves. Clean, aesthetic, func",https://www.instagram.com/reel/DVOU6NDDe7n/,https://www.instagram.com/popular/amazon-home-finds/
CvbnGnTOL1n,tatevik_therealtor,513000,513K,beverly-hills-mansion,"New Listing 🏡 📍Beverly Hills, CA 6 bed| 6.5 bath",https://www.instagram.com/reel/CvbnGnTOL1n/,https://www.instagram.com/popular/beverly-hills-mansion/
DR1kWBMjf9H,homeless.backpacker,513000,513K,unique-airbnb,Is this the best room in the world under $100? This is NOT an advert but simpl,https://www.instagram.com/reel/DR1kWBMjf9H/,https://www.instagram.com/popular/unique-airbnb/
DPKfsbiDMnt,_everydayalyssa_,513000,513K,glamping-ideas,"Send this to someone you'd take here for your next fall getaway! 🍁🏕️ Comment ""glamp"" to receive the direct booking",https://www.instagram.com/reel/DPKfsbiDMnt/,https://www.instagram.com/popular/glamping-ideas/
DUdsZ14EfTr,moodywhimsicalforest,512000,512K,dark-academia-home-library,"This living room used to whisper. Now it commands the room. Built-in bookshelves, dark moody millwork, a rust sofa, and a gallery wall that disguises",https://www.instagram.com/reel/DUdsZ14EfTr/,https://www.instagram.com/popular/dark-academia-home-library/
C7n0xNOov5j,lmdesignstudio.no,510000,510K,modern-classic-interior-design,Modern classic elegance is a design philosophy that blends the timeless appeal of classic,https://www.instagram.com/reel/C7n0xNOov5j/,https://www.instagram.com/popular/modern-classic-interior-design/
DWeo8pUjxlh,sam.shan.shops,510000,510K,amazon-home-finds,✨WRITE: HOME for the Top best selling Amazon kitchen & home finds of 2026 #amazonfinds2026 #amazonhomefinds #amazonbestseller #homeandkitchen #viralam,https://www.instagram.com/reel/DWeo8pUjxlh/,https://www.instagram.com/popular/amazon-home-finds/
DN0vhis3G4l,foxterradesign,509000,509K,backyard-design,"Wondering how a yard like this could get even better? This is how! ✨ Comment ""book"" to",https://www.instagram.com/reel/DN0vhis3G4l/,https://www.instagram.com/popular/backyard-design/
DX7I9CNt2c0,blonde.travel,509000,509K,como-lake-villas,"Save these 6 must-visit villas on Lake Como🌳🍃 ⠀ • Villa Monastero, Varenna - daily, 9:30am -",https://www.instagram.com/reel/DX7I9CNt2c0/,https://www.instagram.com/popular/como-lake-villas/
DKMeZCuvoTU,siriorsinterior,508000,508K,luxury-bedroom;luxury-bedroom-design,"Modern Classic Luxury Bedroom ❤️✨ Kalau punya kamar tidur kayak gini, terasa nyaman ya? 🤭🌻",https://www.instagram.com/reel/DKMeZCuvoTU/,https://www.instagram.com/popular/luxury-bedroom/
DcgqcDXAKkK,helenjzhao,507000,507K,tulum,"Seaweed called Sargassum is one of the biggest reasons Tulum, Mexico is a ghost town in the summer of 2026, when it used to be one of the most famous",https://www.instagram.com/reel/DcgqcDXAKkK/,https://www.instagram.com/popular/tulum/
DZF_37clPHt,craftvibeehm,506000,506K,inside-underground-bunker-house,Tour the Ultimate Luxury Underground Bunker 🏡 Explore this luxury underground bunker and secret home design hidden,https://www.instagram.com/reel/DZF_37clPHt/,https://www.instagram.com/popular/inside-underground-bunker-house/
DNECCkuvpY6,seaglassbeachhouse,505000,505K,beach-house,Tucked away on a small island in the Bahamas the perfect vacation house sits on the perfect beach. Remote island living comes complete with WiFi centr,https://www.instagram.com/reel/DNECCkuvpY6/,https://www.instagram.com/popular/beach-house/
C-1ibfJtsd5,_.decor_and_more._,503000,503K,luxury-living-room;luxury-living-room-design,When the client wants a luxurious living room! If you are looking for a professional designer to transform your room,https://www.instagram.com/reel/C-1ibfJtsd5/,https://www.instagram.com/popular/luxury-living-room/
DD6NwnmvGNv,dreamh0using_dubai,503000,503K,dreamy-walk-in-closet-designs-ideas,3*3 walk-in closet…. @dream_studi0_interior #walk #walkin #closet #decor #artist #art #uae,https://www.instagram.com/reel/DD6NwnmvGNv/,https://www.instagram.com/popular/dreamy-walk-in-closet-designs-ideas/
DB6gp--RtbG,starlight_retreats,501000,501K,lake-house;luxury-cabin,"The ultimate lakeside hideaway, complete with a private pier and an outdoor shower for the perfect blend of nature and luxury 🌲🚿🏞️. This cozy cabin is",https://www.instagram.com/reel/DB6gp--RtbG/,https://www.instagram.com/popular/luxury-cabin/
DcwpCOCCLF_,heritageclass,501000,501K,luxury-lifestyle,The lifestyle I'm building✨,https://www.instagram.com/reel/DcwpCOCCLF_/,https://www.instagram.com/popular/luxury-lifestyle/
DcpN8zGRb6b,brooklyn_naveah,500000,500K,cozy-room,"the sky was so perfect today ✨ comment ""Cozy"" for my blankets ☁️#cozyroom #cozyhome #home",https://www.instagram.com/reel/DcpN8zGRb6b/,https://www.instagram.com/popular/cozy-room/
DULe4AKkfl7,montani3d,499000,499K,ai-render,Comente WORKSHOP 👇 E aprenda a transformar os seus renders em vídeos incríveis como esse usando apenas IA.,https://www.instagram.com/reel/DULe4AKkfl7/,https://www.instagram.com/popular/ai-render/
DTLRj8BEfZ9,homewithkoby,499000,499K,mid-century-modern-living-room-ideas,All 2026 😮‍💨✌🏾 #peaceful #apartmenttherapy #livingroomdecor #interiordesign #midcenturymodern,https://www.instagram.com/reel/DTLRj8BEfZ9/,https://www.instagram.com/popular/mid-century-modern-living-room-ideas/
DcQMWwUOkX9,marmir_home,498000,498K,modern-classic-interior-design,"Modern Classic Home ✨ Nie wszystko musi być modne, żeby dobrze wyglądało. Tutaj klasyczn",https://www.instagram.com/reel/DcQMWwUOkX9/,https://www.instagram.com/popular/modern-classic-interior-design/
DVPJT-wDak4,riyadh_reels_ksa,498000,498K,saudi-arabia-architecture,Riyadh Saudi Arabia 🇸🇦 #riyadh #saudiarabia,https://www.instagram.com/reel/DVPJT-wDak4/,https://www.instagram.com/popular/saudi-arabia-architecture/
DRm4bGTDPdh,evakentmimarlik,498000,498K,hotel-bathroom-designs,📍 LÜKS BANYO TASARIMIMIZ 🔥 #dekorasyonunadresi #mutfaktasarımı #keşfetteyiz,https://www.instagram.com/reel/DRm4bGTDPdh/,https://www.instagram.com/popular/hotel-bathroom-designs/
C5vq6jitunN,archiart_mag,497000,497K,luxury-master-bedroom-interior-design,Master Bedroom Design #interiordesign #masterbedroom #bedroomdecor #interiordesigns #masterbedroomdesing #bedroomluxury #designer #bedroominterior,https://www.instagram.com/reel/C5vq6jitunN/,https://www.instagram.com/popular/luxury-master-bedroom-interior-design/
CTYAuB2KkEp,best_vacationrentals,496000,496K,glass-house,Amazing glass house in the middle of nature.😍🍃 Credits to: @sunny_rung 📍 @morning_star_g,https://www.instagram.com/reel/CTYAuB2KkEp/,https://www.instagram.com/popular/glass-house/
DaN7RHQtcXZ,mr.mcdone,495000,495K,cyberpunk-city,Wandering under the rain in Cyberpunk city. . . . . #travel #rain #citylife,https://www.instagram.com/reel/DaN7RHQtcXZ/,https://www.instagram.com/popular/cyberpunk-city/
DZ2bymlKF2u,jareef__saifi,493000,493K,hotel-bathroom-designs,Luxury Spa Bathroom Transformation That Feels Like a 5-Star Hotel 🛁,https://www.instagram.com/reel/DZ2bymlKF2u/,https://www.instagram.com/popular/hotel-bathroom-designs/
DbYPbcguZ4U,domesticallyblissful,491000,491K,home-library,"Roger built me my dream library, and it is one of our favorite rooms in our home! 📚Comment ""LIBRARY"" for decor details in your DM.",https://www.instagram.com/reel/DbYPbcguZ4U/,https://www.instagram.com/popular/home-library/
DQHOuS4AAli,itsblankcreative,490000,490K,beverly-hills-mansion,"How to earn the title of ""Most Epic home in Beverly Hills""",https://www.instagram.com/reel/DQHOuS4AAli/,https://www.instagram.com/popular/beverly-hills-mansion/
DTv8qZWk-I3,janarestates,490000,490K,dubai-luxury-interior-design-trends,Imagine this is your next home! Contact me for Real Estate in Dubai. BUY | RENT | SELL | INVEST DUBAI,https://www.instagram.com/reel/DTv8qZWk-I3/,https://www.instagram.com/popular/dubai-luxury-interior-design-trends/
DYCbaHUzwGG,designedbeneath,488000,488K,bathroom-design,"Do you still think a small bathroom can't look luxurious? 🛁✨ A well-designed small space can feel warmer, richer, and more premium than a big one. #in",https://www.instagram.com/reel/DYCbaHUzwGG/,https://www.instagram.com/popular/bathroom-design/
DVEBHaPlJFP,balamoda,488000,488K,los-angeles-house,"HOUSE TOUR #43 Os dejo con esta casa moderna, con una luz increíble que entra a través de claraboyas en varias estancias",https://www.instagram.com/reel/DVEBHaPlJFP/,https://www.instagram.com/popular/los-angeles-house/
DVGphdciHdt,baptiste.kretzrealestate,487000,487K,luxury-villa,En vente. Cette villa contemporaine de plain-pied de 276.5 m² sur une parcelle de,https://www.instagram.com/reel/DVGphdciHdt/,https://www.instagram.com/popular/luxury-villa/
DbD7dl9IYmf,travelask.world,486000,486K,como-lake-villas,🏰The most beautiful historic villas on Lake Como where you can stay 📍 Villa d'Este — a legend,https://www.instagram.com/reel/DbD7dl9IYmf/,https://www.instagram.com/popular/como-lake-villas/
DQkFQYNjHMz,juliagal_,483000,483K,luxury-hotel-suite,Dreams do come true in this suite!💫😍 📍@santonero_santorini,https://www.instagram.com/reel/DQkFQYNjHMz/,https://www.instagram.com/popular/luxury-hotel-suite/
DaGYgShO5N0,spacesbylaura,481000,481K,mid-century-modern,My entire personality is walnut and olive 😂🤎 part 2 for the obsessed #homeinspo #midcentury #midcenturyhomes #homeaesthetic #dre,https://www.instagram.com/reel/DaGYgShO5N0/,https://www.instagram.com/popular/mid-century-modern/
DVAptGtgQ6L,tacosattire,476000,476K,industrial-interior,warehouse studio homes . . . . #architecture #warehouse #home #interior #design,https://www.instagram.com/reel/DVAptGtgQ6L/,https://www.instagram.com/popular/industrial-interior/
Dasn_5UT_HV,cortezhelene,470000,470K,beach-house,our seaside cottage 🐚 #lagunabeach #beachcottage #cottage #beachlifestyle #beachhouse,https://www.instagram.com/reel/Dasn_5UT_HV/,https://www.instagram.com/popular/beach-house/
DbGWcIsIqDV,homedecorbymusfira,470000,470K,dream-bedroom-decor-ideas,"💜✨ Dream Room Unlocked. ✨ A cozy little corner where every detail feels like a dream. ☁️💖 💬 Love this dreamy setup? Comment ""LINK"" for the product det",https://www.instagram.com/reel/DbGWcIsIqDV/,https://www.instagram.com/popular/dream-bedroom-decor-ideas/
DZh8PHDoYa5,homedecorbymusfira,470000,470K,dream-bedroom-decor-ideas,"POV: You walk into your dream bedroom 🤍💜✨ Soft lavender tones, cozy textures, and a touch of luxury... the perfect space to relax and dream. 🌙 #DreamB",https://www.instagram.com/reel/DZh8PHDoYa5/,https://www.instagram.com/popular/dream-bedroom-decor-ideas/
DMatfy7RaBr,harmosai,468000,468K,saudi-arabia-architecture,"Saudi Arabia's real estate market is booming, driven by Vision 2030. Discover incredible investment opportu",https://www.instagram.com/reel/DMatfy7RaBr/,https://www.instagram.com/popular/saudi-arabia-architecture/
DS-RoHVjqVe,orcadesignec,467000,467K,futuristic-house,"Start 2026 with architecture at another scale. Infinite Mega-Mansion, Accra: 2,800 m², double-height foyer",https://www.instagram.com/reel/DS-RoHVjqVe/,https://www.instagram.com/popular/futuristic-house/
DCZpxj-t48e,journey.to_serenity,467000,467K,ai-interior,Dream Home with AI and Romantic Vibes in the Snow ❄️❤️ #RomanticVibes #RomanticHome #WarmAndRomantic #AIHome #RomanticDesign #WinterRomance #PeaceAndR,https://www.instagram.com/reel/DCZpxj-t48e/,https://www.instagram.com/popular/ai-interior/
Dc2OApkuyMt,maisyleigh,466000,466K,japandi,welcome to my cozy japandi home ✨🍃🕯️ comment LINK and I'll send you everything in our living room ☁️,https://www.instagram.com/reel/Dc2OApkuyMt/,https://www.instagram.com/popular/japandi/
DacJhpkS_0q,watchthebuild,465000,465K,living-room-decor,"From Empty Space to Cozy Home 🔥 From an empty room to a cozy living room — simple styling, warm textures",https://www.instagram.com/reel/DacJhpkS_0q/,https://www.instagram.com/popular/living-room-decor/
DZ-k-9hgR_N,ravnix23,461000,461K,modern-living-room,"🏡 Would you spend your entire weekend in this living room? With cozy textures, warm lighting, and a re",https://www.instagram.com/reel/DZ-k-9hgR_N/,https://www.instagram.com/popular/modern-living-room/
DVl4FLoiNZw,luxuryhouseview,461000,461K,futuristic-home;luxury-homes;luxury-house-tour;luxury-interior;luxury-interior-design;luxury-penthouse;modern-luxury-house-interiors;modern-villa,"Living in a masterpiece of light, space, and luxury💥💎✨. #LuxuryHome #ModernVilla #Dream",https://www.instagram.com/reel/DVl4FLoiNZw/,https://www.instagram.com/popular/luxury-interior/
DFDXX1qOV8O,azulcontainers,461000,461K,container-house,"Já pensou?! Num dia você só tem um terreno vazio, e no outro chega uma casa prontinha para usar! 🏡🌿♻️ #casacontainer #azulcontainers #container #const",https://www.instagram.com/reel/DFDXX1qOV8O/,https://www.instagram.com/popular/container-house/
DV2Xw3sDQPv,designbyerick,461000,461K,backyard-design,Is this the backyard you dream of having? Would it make sense to get a free consultation,https://www.instagram.com/reel/DV2Xw3sDQPv/,https://www.instagram.com/popular/backyard-design/
DUSRO7GAIke,facade_designn,461000,461K,house-on-cliff,🏛️Luxury cliffside villa with breathtaking ocean views 🌊✨ 🏠A modern architectural masterpiece,https://www.instagram.com/reel/DUSRO7GAIke/,https://www.instagram.com/popular/house-on-cliff/
DQHJDjcEzTG,mybeautifulblisshome,455000,455K,interior-design-ideas,✨ Interiors that whisper intention ✨ #homestyling #interiordesign,https://www.instagram.com/reel/DQHJDjcEzTG/,https://www.instagram.com/popular/interior-design-ideas/
DXTPVdaDivZ,blogamormaisamor,454000,454K,green-minimalist-interior-design,Cozinha linda e aconchegante para as apaixonadas por verde 🏡🌿,https://www.instagram.com/reel/DXTPVdaDivZ/,https://www.instagram.com/popular/green-minimalist-interior-design/
DBOlrWIsz8q,ihsansamhoun.interiors,453000,453K,modern-villa,"Modern villa, concrete, wood, black metal! . . . #lightingdesign #lightingdecor #lighting #lightdesign #livingarea #livingspace #bedroominterior #bedr",https://www.instagram.com/reel/DBOlrWIsz8q/,https://www.instagram.com/popular/modern-villa/
DR0Avs-CHmX,nouxri,452000,452K,rooftop-pool,The rooftop pool at @thelanadubai 😍 #dubai,https://www.instagram.com/reel/DR0Avs-CHmX/,https://www.instagram.com/popular/rooftop-pool/
CvFjz55rpcJ,clearformcreative,452000,452K,beverly-hills-mansion,Evenings feel like a movie in this $48m Beverly Hills mansion!,https://www.instagram.com/reel/CvFjz55rpcJ/,https://www.instagram.com/popular/beverly-hills-mansion/
DXhUusPDO4T,olena_prykhodko_design,452000,452K,kitchen-inspiration,"10 Kitchen Colors That Instantly Look Expensive Same kitchen, 10 completely different color moods. From soft neutrals to bold statement shades, these",https://www.instagram.com/reel/DXhUusPDO4T/,https://www.instagram.com/popular/kitchen-inspiration/
DdgNcKuM6Sn,uniqchalets,451000,451K,chalet,"sorry, I'm busy doing absolutely nothing here 💭 I'm at a point in life where I want to see fewer people, not more.. give me a cosy chalet, a private s",https://www.instagram.com/reel/DdgNcKuM6Sn/,https://www.instagram.com/popular/chalet/
DXxEsCChsiz,treehousepoint,450000,450K,cabin,"Seven treehouse getaways, one forest 🌲✨ Name a better spring escape… For the month of May, we are offering single-night stays in the trees! Grab your",https://www.instagram.com/reel/DXxEsCChsiz/,https://www.instagram.com/popular/cabin/
DWjLuOqjin8,wayup_media,448000,448K,futuristic-house;ultra-modern-luxury-house-design,"This home has been nominated for Home of the Year! If you think it should win, check out @azdarchitects & @nastructures",https://www.instagram.com/reel/DWjLuOqjin8/,https://www.instagram.com/popular/futuristic-house/
C62pYvFIb2s,vacations,447000,447K,overwater-villa;underwater-hotel,One of the most magical experiences in Maldives.. @whatsthehelen staying at The Muraka underwater,https://www.instagram.com/reel/C62pYvFIb2s/,https://www.instagram.com/popular/underwater-hotel/
DPu-mE_k7wd,luxxeinteriors,447000,447K,luxury-apartment-interior-design-ideas-2026,Our recent modern contemporary interior design concept for our beautiful clients home on the Gold Coast! In collabor,https://www.instagram.com/reel/DPu-mE_k7wd/,https://www.instagram.com/popular/luxury-apartment-interior-design-ideas-2026/
DJsJL2ysHBZ,archibible,446000,446K,midjourney-architecture,Archwave . . Follow if you'd like to see more!👨🏻‍💻 Shop link in bio 🖼️ DM for commissions 📩 ——————————————————- Animations designed by @archibible usi,https://www.instagram.com/reel/DJsJL2ysHBZ/,https://www.instagram.com/popular/midjourney-architecture/
DRchF00jKnN,base9studio,445000,445K,luxury-kitchen-design,"A kitchen that stands as the purest expression of modern luxury."" Every element",https://www.instagram.com/reel/DRchF00jKnN/,https://www.instagram.com/popular/luxury-kitchen-design/
DUtdQv_Dxpp,epocraftdiy,445000,445K,house-on-cliff,From Empty Cliff to Private Beach Mansion 🤯 No Music. Just Pure Construction.,https://www.instagram.com/reel/DUtdQv_Dxpp/,https://www.instagram.com/popular/house-on-cliff/
DHdW06gSdo7,ayeshadeary5,442000,442K,dream-bedrooms,Choose your new dreamy bedroom,https://www.instagram.com/reel/DHdW06gSdo7/,https://www.instagram.com/popular/dream-bedrooms/
DYzdz9VzDYO,thejourneyerlife,441000,441K,luxury-resort,Monsoon + Wayanad = pure magic ⛈️ Save this if you are planning a trip to Wayanad & Comment to know the,https://www.instagram.com/reel/DYzdz9VzDYO/,https://www.instagram.com/popular/luxury-resort/
DMfmp0gScp0,naturesms,440000,440K,futuristic-architecture-designs-2026,Architectural design that integrates into nature. #artchitectural #design #explore,https://www.instagram.com/reel/DMfmp0gScp0/,https://www.instagram.com/popular/futuristic-architecture-designs-2026/
DRSkVC_CcS8,glamorouslyliving,439000,439K,bedroom-decor,Create a bedroom you love walking into 😍 Comment VIBE and I'll send you the deets,https://www.instagram.com/reel/DRSkVC_CcS8/,https://www.instagram.com/popular/bedroom-decor/
DN56xGxjiKu,andreaday_travel,439000,439K,bora-bora-luxury-hotels,POV: you just arrived to the dreamiest resort on earth ✨ Save this for your future trip here!,https://www.instagram.com/reel/DN56xGxjiKu/,https://www.instagram.com/popular/bora-bora-luxury-hotels/
DWlH699tBS-,mvd.interiordesign,438000,438K,luxury-interior,"Quick tour through one of our recent projects ✨ From sculptural wall lights, leather walls to nat",https://www.instagram.com/reel/DWlH699tBS-/,https://www.instagram.com/popular/luxury-interior/
DMHorJyNrHH,naturesms,438000,438K,forest-house,Who would you most like to live with in such a quiet and romantic forest villa. #naturesms,https://www.instagram.com/reel/DMHorJyNrHH/,https://www.instagram.com/popular/forest-house/
DbDfGGHgljO,tuhin.universe,436000,436K,cyberpunk-city,The City That Looks Like Cyberpunk in Real Life 🌆🤯,https://www.instagram.com/reel/DbDfGGHgljO/,https://www.instagram.com/popular/cyberpunk-city/
DCHQJgzNj5z,m_g_villas,436000,436K,villa-with-pool,M G Villa ... #vila #farmhouse #viral #maharashtratourism #lonavala #pune #nature #travel #mountain #villa,https://www.instagram.com/reel/DCHQJgzNj5z/,https://www.instagram.com/popular/villa-with-pool/
DQqkiEPjJzF,amirsaeedvadie,433000,433K,impossible-architecture,Sagrada Familia | Then and Now | 1882 vs 2025 🇪🇸🦅 144 years in the making and still unfinished. The S,https://www.instagram.com/reel/DQqkiEPjJzF/,https://www.instagram.com/popular/impossible-architecture/
DZhTwuExTC6,radixarchitecturaldesignstudio,432000,432K,tropical-house-architecture-styles,"Timeless Kerala architecture, reimagined with purpose.",https://www.instagram.com/reel/DZhTwuExTC6/,https://www.instagram.com/popular/tropical-house-architecture-styles/
DZXl1qqsDHl,luxvelosity,430000,430K,luxury-lifestyle,The dream lifestyle.🫀💸 - #luxury #lifestyle #luxurylifestyle #luxurycars #money,https://www.instagram.com/reel/DZXl1qqsDHl/,https://www.instagram.com/popular/luxury-lifestyle/
DdQoBsVA4dU,motivtrud,429000,429K,treehouse,#Treehouse #домикнадереве #домнадереве,https://www.instagram.com/reel/DdQoBsVA4dU/,https://www.instagram.com/popular/treehouse/
DCwfVj-ItHr,artleove,429000,429K,architecture-photography,"Meet Constantinos Spathis, a Greek architect and one of Instagram's top drone photographers. His feed",https://www.instagram.com/reel/DCwfVj-ItHr/,https://www.instagram.com/popular/architecture-photography/
DXq1zroiA7N,dunsinnan,427000,427K,cabin,"You don't need to ask twice! Send this to the person that's coming with you… 📍Fairygreen Cabin - Dunsinnan Farm & Estate, Perthshire, Scotland. 20 min",https://www.instagram.com/reel/DXq1zroiA7N/,https://www.instagram.com/popular/cabin/
CzWBWS7y1Gf,archea.in,427000,427K,parametric-architecture,"With time, more and more Indian firms are embracing parametric architecture, a generative des",https://www.instagram.com/reel/CzWBWS7y1Gf/,https://www.instagram.com/popular/parametric-architecture/
DTVhtKxElMy,anas_meqdadi,426000,426K,dubai-villa,"AE#D 188,000,000 | Palm Jumeirah Signature Villa 🌴 Step inside one of the most exclusive trophy homes on Palm Jumeirah.",https://www.instagram.com/reel/DTVhtKxElMy/,https://www.instagram.com/popular/dubai-villa/
DbnpmnpSUMJ,rainy__village,425000,425K,treehouse,🌿🌧️ Hidden Treehouse Paradise – Where the Rain Becomes Your Lullaby 🏡✨ Escape the noise and discover a peaceful treehouse tucked deep inside the rainf,https://www.instagram.com/reel/DbnpmnpSUMJ/,https://www.instagram.com/popular/treehouse/
DP9BFUIDTDC,mylogcabins,425000,425K,cozy-cabin;luxury-cabin,Just perfect... 🥰 Follow us @mylogcabins👈 for more content Credits: MyLogCabins ©️,https://www.instagram.com/reel/DP9BFUIDTDC/,https://www.instagram.com/popular/luxury-cabin/
Db8yVgVIyIG,vlad.starboy,423000,423K,monaco,Are you a Birkin or a Kelly girly? 👇🏻🤩 Only in Monaco - Hermès bags spotted everywhere. Which one are you choosing?,https://www.instagram.com/reel/Db8yVgVIyIG/,https://www.instagram.com/popular/monaco/
DObqMvwDiJp,orcadesignec,422000,422K,futuristic-home;futuristic-house;futuristic-houses;luxury-house;ultra-modern-luxury-house-design,"A design created to transcend. Infinite Mansion redefines the living experience: modern lines, immersive lighting",https://www.instagram.com/reel/DObqMvwDiJp/,https://www.instagram.com/popular/luxury-house/
DP_9B6OCMdm,_vlasov_roman_,422000,422K,modern-architecture,Concept | 799 Architecture By @_vlasov_roman_,https://www.instagram.com/reel/DP_9B6OCMdm/,https://www.instagram.com/popular/modern-architecture/
C-ewiBJO2Ph,drcozyvibes,421000,421K,glass-house-photos,Do you prefer a stay in this Cozy glasshouse during a Rainstorm? #cozycabin #RainyDayVibes #cabinlife #glasshou,https://www.instagram.com/reel/C-ewiBJO2Ph/,https://www.instagram.com/popular/glass-house-photos/
DW3-JeeibwS,barbarareimelt,419000,419K,mid-century-modern,All our favorite mid-century designers by name! Did we miss any?,https://www.instagram.com/reel/DW3-JeeibwS/,https://www.instagram.com/popular/mid-century-modern/
Db1HW84MXbV,nikolaskalantzis_,419000,419K,mykonos,Mykonos mode activated by some high-energy Aussies picking up their Corsa #rentacar #mykonos #carrental #mykonosisland #mykonosgr,https://www.instagram.com/reel/Db1HW84MXbV/,https://www.instagram.com/popular/mykonos/
DUYGNvADGuM,lucyinthesskyy,418000,418K,amalfi-coast,Here is the perfect 3 day itinerary at the Amalfi Coast ⬇️ DAY 1 - Positano & Amalfi,https://www.instagram.com/reel/DUYGNvADGuM/,https://www.instagram.com/popular/amalfi-coast/
DbOHDVWKGCX,queeninspireddesigns,417000,417K,walk-in-closet,"✨Lights, Camera, Action✨ The revel isn't what's inside… it's the potential 🤍 Every dream closet",https://www.instagram.com/reel/DbOHDVWKGCX/,https://www.instagram.com/popular/walk-in-closet/
DC2wIxoSWik,markhmendez,417000,417K,los-angeles-house,Zero color grading. iPhone in-hand. This is Case Study #22 (The Stahl House) by Pierre Koenig. One of the most remarkable Case Study Homes,https://www.instagram.com/reel/DC2wIxoSWik/,https://www.instagram.com/popular/los-angeles-house/
DW7vFiAIJ48,ibuilddevelopers,416000,416K,dream-closet,#dream,https://www.instagram.com/reel/DW7vFiAIJ48/,https://www.instagram.com/popular/dream-closet/
Dchax7NM2-g,contessasilvana,410000,410K,quiet-luxury,"Rule one, from my notebook. New money buys what looks expensive. Old money buys what lasts.",https://www.instagram.com/reel/Dchax7NM2-g/,https://www.instagram.com/popular/quiet-luxury/
DTnyRZ9jETA,takemyhearteverywhere,409000,409K,lake-como-villa,"📍Villa del Balbianello, Lake Como 🇮🇹 #lakecomo #villadelbalbianello #ladolcevita",https://www.instagram.com/reel/DTnyRZ9jETA/,https://www.instagram.com/popular/lake-como-villa/
DYPwHkgI3BP,recastliving,409000,409K,landscape-design,A cinematic night landscape designed to turn a simple outdoor corridor into a luxa,https://www.instagram.com/reel/DYPwHkgI3BP/,https://www.instagram.com/popular/landscape-design/
DJUR-tkswbV,cozylllusions,406000,406K,mediterranean-house,"A slow summer day in a Mediterranean paradise — stone walls, sea breeze, olive trees, and the scent of fresh herbs in the air. Would you spend a whole",https://www.instagram.com/reel/DJUR-tkswbV/,https://www.instagram.com/popular/mediterranean-house/
DThYGKkEokC,styltechinterior_official,405000,405K,luxury-kitchen,This Kitchen Looks Luxury on Another Level 😍🔥,https://www.instagram.com/reel/DThYGKkEokC/,https://www.instagram.com/popular/luxury-kitchen/
DOGYBLcDWM-,thecouturecloset1,404000,404K,dream-closet,"The Couture Closet is celebrating 12 years designing luxury closets! Peek inside this high gloss closet with custom designed cabinetry, integrated LED",https://www.instagram.com/reel/DOGYBLcDWM-/,https://www.instagram.com/popular/dream-closet/
DTIJrUUEZNi,asseldxb07,404000,404K,modern-luxury-house-interiors,Эксклюзивная вилла на Palm Jumeirah 🤍 Частный пляж. Приватность. Эстетика высокой моды в интерьере.,https://www.instagram.com/reel/DTIJrUUEZNi/,https://www.instagram.com/popular/modern-luxury-house-interiors/
Dahza84peEz,cabinstillwoods,403000,403K,forest-house,#cabininthewoods #foresthideaway 🍃original content by @cabinstillwoods 🏡AI-assisted visual,https://www.instagram.com/reel/Dahza84peEz/,https://www.instagram.com/popular/forest-house/
DdGgqVGoIMB,jamesology_,402000,402K,quiet-luxury,A life like this 🍸,https://www.instagram.com/reel/DdGgqVGoIMB/,https://www.instagram.com/popular/quiet-luxury/
DacKAUwPv5s,roxy_carretero,397000,397K,living-room-decor,"Follow & Comment ""SHOP"" for links 🔗💌 Ever 🙂‍↔️ 🤍 Let me know if you're like me !!",https://www.instagram.com/reel/DacKAUwPv5s/,https://www.instagram.com/popular/living-room-decor/
DYW4iAlN-YX,luxhilspace,394000,394K,art-deco-interior-design,"Quiet luxury, loud character. Merging the geometric opulence of Art Deco with the refined restraint of Modernism.",https://www.instagram.com/reel/DYW4iAlN-YX/,https://www.instagram.com/popular/art-deco-interior-design/
DSYypOAjEEk,luxquisit,394000,394K,luxury-pool,This Pool Feels Like a Dream,https://www.instagram.com/reel/DSYypOAjEEk/,https://www.instagram.com/popular/luxury-pool/
DOK43DEgGH-,kerala_architectures,394000,394K,tropical-house-architecture-styles,"🏡 Modern Tropical Residence | 3BHK | 1280 SQFT A sleek blend of modern geometry and warm wooden accents, this residence celebrates simplicity with ele",https://www.instagram.com/reel/DOK43DEgGH-/,https://www.instagram.com/popular/tropical-house-architecture-styles/
DNFU1t0Kvd9,cb_loves_interiors_20,393000,393K,backyard-design,w e e k e n d ✨ - Incoming….. 🙌🙌🙌 Happy Friday guys. It's the weekend and the wea,https://www.instagram.com/reel/DNFU1t0Kvd9/,https://www.instagram.com/popular/backyard-design/
DTfE4tqjGlV,lauracontelhistoire,393000,393K,dark-academia-home-library,"J'ai construit ma bibliothèque que tout le monde rêve d'avoir 🥰 J'aime le côté un peu Dark Academia donné avec les couleurs sombres et les moulures, c",https://www.instagram.com/reel/DTfE4tqjGlV/,https://www.instagram.com/popular/dark-academia-home-library/
DWgf2nQiV_a,design_x_interior,390000,390K,luxury-room,Client- I want 5 star luxury bedroom interior in my budget 😍 Site location- Ambikapur Chhattisgarh India 📍,https://www.instagram.com/reel/DWgf2nQiV_a/,https://www.instagram.com/popular/luxury-room/
DXE_9f_AZhk,shaman_.shak,389000,389K,maldives-villa,Dreamed of making this reel in maldives…..Discovering your villa is always an amazing moment 🥰#maldives #maldivestrip,https://www.instagram.com/reel/DXE_9f_AZhk/,https://www.instagram.com/popular/maldives-villa/
DbWtPBZTnmX,avalwynhouse,389000,389K,architecture-photography,"Built, not taken. — Avalwyn House #interiordesignindia #architecturephotography #luxuryinteriors #hotel",https://www.instagram.com/reel/DbWtPBZTnmX/,https://www.instagram.com/popular/architecture-photography/
DSJsSQxkwYf,promptking_ai,388000,388K,hotel-room-interior-design-ideas,"Luxury bedroom interior design, soft pastel pink walls, elegant wooden bed, premium bedding, floral curtains,",https://www.instagram.com/reel/DSJsSQxkwYf/,https://www.instagram.com/popular/hotel-room-interior-design-ideas/
DQw88Etj6dw,grupomb_1,384000,384K,container-home-luxury-models-2026,"Você já imaginou fazer o seu negócio, sua casa ou um empreendimento em container ou em módulos? ✅ Isso é mais comum do que você imagina! A busca por s",https://www.instagram.com/reel/DQw88Etj6dw/,https://www.instagram.com/popular/container-home-luxury-models-2026/
CWDwzv5gSq1,dubai_luxury_club,384000,384K,dubai-luxury-penthouse,What's your favorite Dubai view? . . Dubai is everyone's Home 🤗 #dubai #dubaimarina #palmjumeirah,https://www.instagram.com/reel/CWDwzv5gSq1/,https://www.instagram.com/popular/dubai-luxury-penthouse/
DNfsfoOPlFk,gmjinterior,383000,383K,luxury-master-bedroom;luxury-master-bedroom-interior-design,Where modern elegance meets everyday comfort ✨ This master bedroom is designed with a seamles,https://www.instagram.com/reel/DNfsfoOPlFk/,https://www.instagram.com/popular/luxury-master-bedroom/
ChAXLVjAxby,chase_amie,383000,383K,luxury-closet,Did a little mid year clean-out! ✨ Taking advantage of that 2nd trimester energy whilst it's still here haha 😍✨❤️,https://www.instagram.com/reel/ChAXLVjAxby/,https://www.instagram.com/popular/luxury-closet/
DZzfedAsfvT,esseta_studio,383000,383K,futuristic-interior,"Would you live in a fully automated penthouse like this? 👀 Locked in. Lights, clim",https://www.instagram.com/reel/DZzfedAsfvT/,https://www.instagram.com/popular/futuristic-interior/
DE5FTaMo1ex,lovelocations,382000,382K,london-apartment,"City Apartment 🤍 A spectacular duplex penthouse spanning over 2,850sqft across two floors. The unique property enjoys a prime position on the 48th and",https://www.instagram.com/reel/DE5FTaMo1ex/,https://www.instagram.com/popular/london-apartment/
DPWW2E6jgze,hafezi.architects,381000,381K,luxury-interior,Where architecture becomes pure atmosphere✨ A sequence of interiors designed for timeless living fro,https://www.instagram.com/reel/DPWW2E6jgze/,https://www.instagram.com/popular/luxury-interior/
DLw-wW0NBEY,miladeshtiyaghi,381000,381K,desert-modern-house-tours;futuristic-house,Modern Hillside House 🌿🏡 Architecture & Interior designer: @miladeshtiyaghi This project reflects my vision of minimal,https://www.instagram.com/reel/DLw-wW0NBEY/,https://www.instagram.com/popular/futuristic-house/
DIJuOLftp2z,ioscapes,381000,381K,futuristic-architecture;midjourney-architecture,"The Finned Rift ""𝑬𝒍𝒆𝒈𝒂𝒏𝒄𝒆 𝑩𝒆𝒚𝒐𝒏𝒅 𝑮𝒆𝒐𝒎𝒆𝒕𝒓𝒚"" 𝐍𝐞𝐨𝐜𝐨𝐬𝐦𝐢𝐜",https://www.instagram.com/reel/DIJuOLftp2z/,https://www.instagram.com/popular/futuristic-architecture/
DXeZzzbjsOp,wayup_media,380000,380K,luxury-homes;luxury-mansion,"I think I found my dream home… The backyard features a sports court, pool, and spa. Throughout the interior of the home you'll find Versace tile, artf",https://www.instagram.com/reel/DXeZzzbjsOp/,https://www.instagram.com/popular/luxury-homes/
C37npQ-r5oO,theblackbeecottage,380000,380K,cottagecore-living-room-design,…can you hear it? ~Shoshannah ♥️ cottage core | spring cottage decor | cottage style | spring decor | English cottage style | vintage cottage style |,https://www.instagram.com/reel/C37npQ-r5oO/,https://www.instagram.com/popular/cottagecore-living-room-design/
DQl7HhFE4LF,cloudninecouture,379000,379K,maldives-resort;maldives-villa,How much a water villa costs and everything you get when you book a night 🤑 You can use my promo code HIBA2025,https://www.instagram.com/reel/DQl7HhFE4LF/,https://www.instagram.com/popular/maldives-villa/
DYITPpMh7Nl,navafamilytx,379000,379K,luxury-house-tour,"Not gonna lie the man cave was everything, definitely got my steps in. Can you believe this house was",https://www.instagram.com/reel/DYITPpMh7Nl/,https://www.instagram.com/popular/luxury-house-tour/
DZaAHDMRcrd,creatoarquitectos,377000,377K,ai-architecture;ai-generated-architecture-designs;futuristic-architecture-designs-2026,"From a simple sketch to a powerful vision. At Creato Architects, every great project begins with an",https://www.instagram.com/reel/DZaAHDMRcrd/,https://www.instagram.com/popular/ai-architecture/
DW4ikbfiYl6,about.archi.ai,374000,374K,ai-architecture,"Prompts for Claude 🔽 1. Create a modern and sophisticated interior layout for this space, featur",https://www.instagram.com/reel/DW4ikbfiYl6/,https://www.instagram.com/popular/ai-architecture/
DP4Um94DUvr,junkearl,374000,374K,house-in-the-forest,5 pro tips to help you in 99 nights in the forest ! #roblox #robloxmemes #99nightsinthe,https://www.instagram.com/reel/DP4Um94DUvr/,https://www.instagram.com/popular/house-in-the-forest/
DWi4HLMCP6G,mrm.blog,373000,373K,luxury-hotel,تجربتي في The Lana - Dorchester Collection 🤍 @thelanadubai واحدة من أفخم الإقامات في دبي 😍,https://www.instagram.com/reel/DWi4HLMCP6G/,https://www.instagram.com/popular/luxury-hotel/
DX7WHTEyjWE,theacedesignco,372000,372K,luxury-furniture,"Acrylic furniture ✨ barely there, but impossible to ignore 🫧 . . . . #acrylicfurniture #glassfurniture #luxuryfurniture #luxuryhomes #viralreels",https://www.instagram.com/reel/DX7WHTEyjWE/,https://www.instagram.com/popular/luxury-furniture/
Db-yR30tlzn,igortermenon,372000,372K,architecture-photography,"Spending the next heat wave here 🌴 Check my photography work on my profile, and find the",https://www.instagram.com/reel/Db-yR30tlzn/,https://www.instagram.com/popular/architecture-photography/
DSaUu_iEotk,richbynature09,370000,370K,luxury-life;luxury-lifestyle,FUTURE LIFE⬇️ - - Follow @luxiciety to become a millionaire ✨️ - - #luxurylifestyle #money #millionaire #mindset #futureli,https://www.instagram.com/reel/DSaUu_iEotk/,https://www.instagram.com/popular/luxury-lifestyle/
DaH4yzFAztE,luxoraify,370000,370K,quiet-luxury-bathroom,😍 Proof That Small Bathrooms Can Be Absolutely Stunning #explore #trendingreels #viralreels #bathroom #transformation,https://www.instagram.com/reel/DaH4yzFAztE/,https://www.instagram.com/popular/quiet-luxury-bathroom/
DbspVpgpas3,cabinstillwoods,369000,369K,house-in-forest,#cabininthewoods #foresthideaway ➡️original content by @cabinstillwoods AI-assisted visu,https://www.instagram.com/reel/DbspVpgpas3/,https://www.instagram.com/popular/house-in-forest/
DYY0vCUIjmH,karinaross,368000,368K,quiet-luxury,,https://www.instagram.com/reel/DYY0vCUIjmH/,https://www.instagram.com/popular/quiet-luxury/
DPPFg0Jk2Kj,vishnu_xo,367000,367K,biophilic-bedroom-design,Natural stone and plants in perfect harmony in the bedroom ✨ #bedroom,https://www.instagram.com/reel/DPPFg0Jk2Kj/,https://www.instagram.com/popular/biophilic-bedroom-design/
Da74_quNk4Y,artedition.studio,366000,366K,hotel-design,Every hospitality space tells a story. Art helps it find its voice. #hospitalitydesign #hospitalityinteriors #contemp,https://www.instagram.com/reel/Da74_quNk4Y/,https://www.instagram.com/popular/hotel-design/
DS06JVuCDhd,7figurelives,366000,366K,luxury-life;luxury-lifestyle,Rich Lifestyle 💸💫 - Link in Bio ‼️- #millionairemindset #millionaire #7FL #luxury #wealthylifestyle,https://www.instagram.com/reel/DS06JVuCDhd/,https://www.instagram.com/popular/luxury-lifestyle/
C9_jbkbyHmM,vivekajeet,365000,365K,home-office-design,"""Work, unwind, and wonder amidst greenery 🌿✨"" Designed by @maverick.architects . . . #interior #office #workspace #punecity #interiordesigner #designs",https://www.instagram.com/reel/C9_jbkbyHmM/,https://www.instagram.com/popular/home-office-design/
DVKk1NDCOjL,divaa.finds,365000,365K,dream-room,"Every girl's dream 💗🛏️✨ A room that feels soft, cozy, and a little magical where everything is pink",https://www.instagram.com/reel/DVKk1NDCOjL/,https://www.instagram.com/popular/dream-room/
DTf1j0ZgTLk,luxurydreamhub,365000,365K,luxury-modern-beautiful-house,Modern luxury at its finest. ✨🏙️ #interiordesign #luxuryhomes #homedecor #modernliving #aesth,https://www.instagram.com/reel/DTf1j0ZgTLk/,https://www.instagram.com/popular/luxury-modern-beautiful-house/
DbYMCnmsjMQ,rc_homess,364000,364K,luxury-house-tour,POV: You're walking into the home you've always dreamed about. 😍✨ From the grand entrance to every lu,https://www.instagram.com/reel/DbYMCnmsjMQ/,https://www.instagram.com/popular/luxury-house-tour/
DU23ssKkl_X,corbel_architecture,363000,363K,tropical-house,"Transforming empty space into a statement 🌿✨ A custom planter box with a modern circle design – small details, big impact!",https://www.instagram.com/reel/DU23ssKkl_X/,https://www.instagram.com/popular/tropical-house/
DZqPXEzuoYC,spacesbylaura,363000,363K,mid-century-modern,Unfortunately I'll be working forever 😂🤎 #midcenturymodern #moodyinteriors #homeaesthetic #homeinspo #interiordesign,https://www.instagram.com/reel/DZqPXEzuoYC/,https://www.instagram.com/popular/mid-century-modern/
DdlAIVJOrve,vaigaprefab7,362000,362K,cabins,"🔥 **5 LUXURY C-CABINS — ONLY ₹25 LAKH!** 🔥 Apne **Farmhouse, Resort ya Glamping Project** ko dijiye premium luxury look! 🏡✨ ✅ 5 Ready-to-Use Luxury C-",https://www.instagram.com/reel/DdlAIVJOrve/,https://www.instagram.com/popular/cabins/
DZw4vHtoyqD,ivy_corleone,361000,361K,art-deco-interior-design;minimalist-art-deco-interior-design,#artdeco #midcenturydesign #2026trends #interiors #trial,https://www.instagram.com/reel/DZw4vHtoyqD/,https://www.instagram.com/popular/art-deco-interior-design/
DcECEzEgfqP,nasze_hk31,360000,360K,house-tour,Zapraszam na Home Tour 🤍 #dom #hometour #homekoncept #hk31 #salon,https://www.instagram.com/reel/DcECEzEgfqP/,https://www.instagram.com/popular/house-tour/
DX2GUioAHC0,eliemoussa_creative_design,359000,359K,interior-design-ideas;luxury-apartment-interior-design-ideas-2026;luxury-interior-design,Elevating everyday elegance in our enclaves… #design #instagram #interiordesign #render #art,https://www.instagram.com/reel/DX2GUioAHC0/,https://www.instagram.com/popular/luxury-interior-design/
DQJT8mNAus_,jenga_leo,359000,359K,modern-villa,🏡 4 Bedrooms Modern Villa An Elegant Double-Volume Design ✨ Key Features: Ground Floor: 🏠 Double-Height Living Lounge 🍽️ Open Kitchen + Dining 🛏️ Gues,https://www.instagram.com/reel/DQJT8mNAus_/,https://www.instagram.com/popular/modern-villa/
DV39y9qibNz,trilliumdomes,359000,359K,cabin,Stopped by Zome Depot 😎 . Built from my very own 20ft / 6m zome build plans 🫡 another one in the books. Busted this kit out over a couple of weeks in,https://www.instagram.com/reel/DV39y9qibNz/,https://www.instagram.com/popular/cabin/
DdHTfryIqa_,cozy__cabiin,358000,358K,house-in-forest,"Rain on the Roof, a Warm Fireplace, and Cozy Cabin Vibes. How Long Would You Stay? #rain",https://www.instagram.com/reel/DdHTfryIqa_/,https://www.instagram.com/popular/house-in-forest/
DW6fRr8Enxk,lavenderbrookfarm,356000,356K,cottagecore-living-room-design,"Some rooms just hold you differently. This living room has been my most intentional space yet — every texture, every layer, every little thing chosen",https://www.instagram.com/reel/DW6fRr8Enxk/,https://www.instagram.com/popular/cottagecore-living-room-design/
DScs1gJiqrh,hafezi.architects,355000,355K,desert-modern-house-tours,"Holiday glow, desert hush, a private oasis dressed in lights for the season 🎄🌴 From the palm courtyard wrapped in golden strings to bedrooms that open",https://www.instagram.com/reel/DScs1gJiqrh/,https://www.instagram.com/popular/desert-modern-house-tours/
DZyUWCQxZCp,aureon.studi0,354000,354K,dubai-penthouse,A view worth building a life around. ✨ Double-height luxury ✨ Infinity-edge living ✨ Dubai at your doorstep #LuxuryPenthouse #ArchitectureLovers,https://www.instagram.com/reel/DZyUWCQxZCp/,https://www.instagram.com/popular/dubai-penthouse/
DXNO5bbDWVp,roomify.design,353000,353K,bedroom-design,"Day 5 of styling the same house… and this one might be my favorite 🤍 Search: modern luxury bedroom design From an empty room to a calm, high-end bedro",https://www.instagram.com/reel/DXNO5bbDWVp/,https://www.instagram.com/popular/bedroom-design/
DJjx0IUOT8d,estudiolfarq,352000,352K,luxury-homes;luxury-mansion;luxury-real-estate-mansion-exterior;ultra-modern-luxury-house-design,"Luxury House Design by @estudiolfarq São Paulo, Brasil 🇧🇷 . . #arquitetura #casasluxuosas #casasdeluxo #fachadasmodernas #casasmodernas #fachadasincri",https://www.instagram.com/reel/DJjx0IUOT8d/,https://www.instagram.com/popular/luxury-homes/
DbEvOkhRDaJ,modernistgarage,352000,352K,mid-century-modern-living-room-ideas,Quiet evenings at home 🧡 #midcenturymodern #midcenturyfurniture #apartmentdecor,https://www.instagram.com/reel/DbEvOkhRDaJ/,https://www.instagram.com/popular/mid-century-modern-living-room-ideas/
DYfXRE8hEx6,nesthome.03,352000,352K,cozy-winter-cabin,Hidden Peace in the Snow ❄️🏔️ #WinterCabin #SnowyHills #USAViews #LuxembourgNature #CozyEscape,https://www.instagram.com/reel/DYfXRE8hEx6/,https://www.instagram.com/popular/cozy-winter-cabin/
DPxeDONj46y,tns_realestate_,351000,351K,luxury-apartment,✨ Experience the Art of Fine Living ✨ 🏡 3–5 BHK Spacious Luxury Flats 🌳 Green Township • World-Class Amenities • Peaceful Lifestyle 💎 Clubhouse • Pool,https://www.instagram.com/reel/DPxeDONj46y/,https://www.instagram.com/popular/luxury-apartment/
DaXROTBSfSt,watchthebuild,349000,349K,scandinavian-interior-design-styles,"✨ Scandinavian Living Room Makeover with Piano 🎹🛋️ Same room, same furniture — but a smarter layout changes everything.",https://www.instagram.com/reel/DaXROTBSfSt/,https://www.instagram.com/popular/scandinavian-interior-design-styles/
DVJbojBEiWO,bests_of_amz,348000,348K,amazon-home-finds,"Comment the number of the product you need. 10 Amazon Home Must Have, you wish you could have known about them sooner! #amazon #amazonfinds #amazonhom",https://www.instagram.com/reel/DVJbojBEiWO/,https://www.instagram.com/popular/amazon-home-finds/
DUqNpOZDtdX,wayup_media,348000,348K,luxury-house-tour;mansion-tour,Should we do more house tours with an FPV drone? This home has major curb appeal with a fire feature a,https://www.instagram.com/reel/DUqNpOZDtdX/,https://www.instagram.com/popular/luxury-house-tour/
DKdvIL5JUzF,decoart_designs,346000,346K,a-frame-modern-cabins,ചെലവ് ചുരുക്കി വീടും റിസോർട്ടും നിര്മിക്കുന്നവർക്കു ഉപകാരപ്പെടുന്ന വീഡിയോ ആണ് ഷെയർ ചെയ്തു കാണുമല്ലോ -10 ലക്ഷത്തിനുള്ളിൽ എ ഫ്ര,https://www.instagram.com/reel/DKdvIL5JUzF/,https://www.instagram.com/popular/a-frame-modern-cabins/
DZXvQmTtGHq,anas_meqdadi,345000,345K,luxury-villa,"🌴 Atlantis Views | Brand New Luxury Villa 💰 AED 44,000,000 📐 5,700 Sq.ft BUA",https://www.instagram.com/reel/DZXvQmTtGHq/,https://www.instagram.com/popular/luxury-villa/
CYTs_aQqwLV,amazinghotel.s,345000,345K,santorini-villa,"Romantic getaways to Santorini, Greece 🇬🇷 Who would you take here? 😍 📸: @jeremyaustiin / @missangievilla",https://www.instagram.com/reel/CYTs_aQqwLV/,https://www.instagram.com/popular/santorini-villa/
DaQYFVDMls1,giovanniogliormino,345000,345K,luxury-resort,Some views feel immense! @agalia_luxury_suites ad - #agalialuxurysuites #ios #greece #luxurytravel #lux,https://www.instagram.com/reel/DaQYFVDMls1/,https://www.instagram.com/popular/luxury-resort/
DS8XZHzk3ZX,ai.design.ideas,343000,343K,industrial-chic-interior-design,"INDUSTRIAL LOFT Renovation (Before → After) In its original state, this loft felt raw and transitional, with exposed brick, unfinished surfaces, and a",https://www.instagram.com/reel/DS8XZHzk3ZX/,https://www.instagram.com/popular/industrial-chic-interior-design/
Da_J0gGhdyM,queen.olu,342000,342K,living-room-decor,how are we liking the new space so far? 🤭 all furniture is linked in my bio! the kitchen vases,https://www.instagram.com/reel/Da_J0gGhdyM/,https://www.instagram.com/popular/living-room-decor/
DbmuVa_srsx,scandi_uk,342000,342K,cozy-bedroom-ideas,"Nasza sypialnia 🤍 Miejsce, gdzie zaczynamy i kończymy każdy dzień. Pięknego dnia 🌞 Lustro @alasta_glass #ourbedroom #bedroominspiration #homedecor #co",https://www.instagram.com/reel/DbmuVa_srsx/,https://www.instagram.com/popular/cozy-bedroom-ideas/
DbKr8NvsfS-,housebybhatti1,341000,341K,house-tour,Most beautiful 1 kanal house tour more details or visit contact us #foryou #luxurylifestyle,https://www.instagram.com/reel/DbKr8NvsfS-/,https://www.instagram.com/popular/house-tour/
DAQeIHUqesL,amazinghotel.s,341000,341K,luxury-resort,"✨ Comment LUXE and we'll DM you our FREE 2025 Luxury Escape Playbook, including 10 bucket-list hot",https://www.instagram.com/reel/DAQeIHUqesL/,https://www.instagram.com/popular/luxury-resort/
DWVEO2MDCWu,kiran.craft.and.creations,341000,341K,garden-design,From Empty Space to Stunning Garden 😍 | Full Transformation #viral #satisfying #homegarden #home,https://www.instagram.com/reel/DWVEO2MDCWu/,https://www.instagram.com/popular/garden-design/
DEiQjAoostH,eloiseoverseas,341000,341K,best-rooftop-pools,THE BEST ROOFTOP INFINITY POOL IN VIETNAM 🏊‍♀️🌅 details at the end of the video 📍💸 #lifeineveryplace,https://www.instagram.com/reel/DEiQjAoostH/,https://www.instagram.com/popular/best-rooftop-pools/
DaVCr-UObMn,studio_mills,340000,340K,hotel-design,Hotel room layouts rethink! 😌 📏✏️ The same layout everywhere you go and it has wasted space. When we designed a 10B hol,https://www.instagram.com/reel/DaVCr-UObMn/,https://www.instagram.com/popular/hotel-design/
DXzMTVtgQsL,nick.arace,338000,338K,luxury-mansion;luxury-real-estate-mansion-exterior;mansion-tour,"This $11M luxury mansion has a limestone staircase entry with mood lighting 📲Comment ""STAIRCASE"" for more information 🏡Looking to buy or sell in Las V",https://www.instagram.com/reel/DXzMTVtgQsL/,https://www.instagram.com/popular/luxury-mansion/
Da2Lg6gOUat,prostohousekyiv,338000,338K,a-frame-cabin,"🔥 Два беззаперечні фаворити для туристичного бізнесу. 🏠 Barn 42м2 🏔️ A-Frame 52м2 Сучасний дизайн, швидкий монтаж та ідеальне рішення для глемпінгів,",https://www.instagram.com/reel/Da2Lg6gOUat/,https://www.instagram.com/popular/a-frame-cabin/
DYxV-IDPo2C,styledwithjordant,338000,338K,home-decor,Collector of all things decor✨ Slowly adding little summer touches around the house lately💛 curi,https://www.instagram.com/reel/DYxV-IDPo2C/,https://www.instagram.com/popular/home-decor/
DLHdsAETm3P,mydreamhome_realtors,337000,337K,luxury-master-bedroom,Perfect master Bedroom 🤍😍 #noida #gurugram #gurgoan #delhi #luxurylifestyle #dreamhome #lux,https://www.instagram.com/reel/DLHdsAETm3P/,https://www.instagram.com/popular/luxury-master-bedroom/
DbqUfQoNY9B,cozycabinlife1,337000,337K,ai-cozy-cabin;cozy-cabin;cozy-cabin-in-the-snow,Would You Trade Your City Life For This Winter Cabin? Footprints in the,https://www.instagram.com/reel/DbqUfQoNY9B/,https://www.instagram.com/popular/cozy-cabin/
DU_6TszDUU9,roomify.design,337000,337K,virtual-staging,"Soft, warm, and everything you need🤍🧡 #luxurylivingrooms #virtualstaging #interiortransformation #beforeafter #realestate",https://www.instagram.com/reel/DU_6TszDUU9/,https://www.instagram.com/popular/virtual-staging/
DTaz-jUEbGp,imaginativemike,336000,336K,ai-cozy-cabin,"You look weary, traveler. Won't you stop and rest here by the fire for a while? My home is your ho",https://www.instagram.com/reel/DTaz-jUEbGp/,https://www.instagram.com/popular/ai-cozy-cabin/
DLkE7SMuBNk,realtordenisbibik,336000,336K,luxury-home-theater-ideas,Movie nights will never be the same Contact me for Real Estate in Miami,https://www.instagram.com/reel/DLkE7SMuBNk/,https://www.instagram.com/popular/luxury-home-theater-ideas/
C_0p78vSxYJ,naturesms,334000,334K,indoor-pool,NA,https://www.instagram.com/reel/C_0p78vSxYJ/,https://www.instagram.com/popular/indoor-pool/
DZ-s-dXypDo,villaharmonybali,332000,332K,bali-villa,"Villa nights just hit different ✨ As the sun sets, Villa Harmony comes alive with warm lights, peaceful vibes, and the kind of slow evenings you never",https://www.instagram.com/reel/DZ-s-dXypDo/,https://www.instagram.com/popular/bali-villa/
DQPMnBnkcpj,estudiolfarq,332000,332K,ultra-modern-luxury-house-design,"JS House Estudio LF Arquitetura 1500,00 m2 construídos Terreno: 2500,00 m2 . . #masterhomes #architecture #arquitetura #casasdeluxo #ca",https://www.instagram.com/reel/DQPMnBnkcpj/,https://www.instagram.com/popular/ultra-modern-luxury-house-design/
DQDOSU_jlK0,wheretoeatcharlotte,331000,331K,glamping-ideas,Two-Night Mountain Getaway at @theglampingcollective ⛰️✨🙏🏼🩷 Truly one of the most peaceful Airbnb's I've ever,https://www.instagram.com/reel/DQDOSU_jlK0/,https://www.instagram.com/popular/glamping-ideas/
DYPopSSolJU,arjen.richmond,330000,330K,dubai-luxury-interior-design-trends,Dubai is designed for the future • AI integration • Smart infrastructure • Global tourism • Luxury lif,https://www.instagram.com/reel/DYPopSSolJU/,https://www.instagram.com/popular/dubai-luxury-interior-design-trends/
Dcba6b5o_90,renovohaus_1,329000,329K,modern-house,"✨ Modern luxury, designed to feel like home. Clean lines, warm tones, and timeless",https://www.instagram.com/reel/Dcba6b5o_90/,https://www.instagram.com/popular/modern-house/
DKUtUceS7XW,ant.archviz,329000,329K,ai-render,"Not today, ChatGPT! 😂 I think render artists still got the sauce. 🔥 Can AI really replace human creativity in 3D",https://www.instagram.com/reel/DKUtUceS7XW/,https://www.instagram.com/popular/ai-render/
DYhc6lYOVyb,johnnyhilbrant,328000,328K,aspen,Denver Guy had bark mulch flown in for his substantial home! #denver #ad #comedyreel #parodу,https://www.instagram.com/reel/DYhc6lYOVyb/,https://www.instagram.com/popular/aspen/
DXfkTCrAMUt,romantic.atlanta,327000,327K,cabin,Just 2 hours from Atlanta — Glamp Blue Ridge is a truly unforgettable escape with its own private waterfall 🌊✨ Imagine cozy evenings by the fire 🔥 whi,https://www.instagram.com/reel/DXfkTCrAMUt/,https://www.instagram.com/popular/cabin/
Dc6Wa3Ao7Eu,raul.marchisio,326000,326K,monaco,Direction les sommets avec @offroadclubmonaco 🏔️ Leur Classe G 4x4 accompagné du spectaculaire G63 AMG 6x6 préparé par Zaur Technologie pour une sorti,https://www.instagram.com/reel/Dc6Wa3Ao7Eu/,https://www.instagram.com/popular/monaco/
DH72DzitksG,insmultiverse,326000,326K,ai-house;future-houses-2050,Which house would you pick to live in? . . . The vibe is limitless—unlock it now. . Follow @insmultiverse for more inspiration.,https://www.instagram.com/reel/DH72DzitksG/,https://www.instagram.com/popular/ai-house/
DUdrMfzCjQp,luxury_listings,325000,325K,malibu-house,"This is how Malibu living is meant to feel: open, effortless, and centered around",https://www.instagram.com/reel/DUdrMfzCjQp/,https://www.instagram.com/popular/malibu-house/
DXVUGJvAI4L,collarsandco.travel,323000,323K,luxury-hotel,3 hotels billionaires don't need to post about… but always come back to. One. Aman Tokyo Top,https://www.instagram.com/reel/DXVUGJvAI4L/,https://www.instagram.com/popular/luxury-hotel/
DbCD3JAh34M,rainydaisy5,323000,323K,cozy-rain,"A little cabin, endless rain, and complete peace ☘️🌧️ Rain is where my inner child feels safe again 🤍 #cozyvibes #slowliving #rainydays",https://www.instagram.com/reel/DbCD3JAh34M/,https://www.instagram.com/popular/cozy-rain/
DYndyxPB5gr,zaxzaaafrica,323000,323K,hotel-bathroom-designs;luxury-bathroom-interior-design-inspiration,Click the Link on my Bio 👆 #interiordesign #zaxzaainterior #interiordecor #bathroom #luxury,https://www.instagram.com/reel/DYndyxPB5gr/,https://www.instagram.com/popular/luxury-bathroom-interior-design-inspiration/
DbSFLFiz7J-,malibuhomesbyizzy,322000,322K,malibu-house,"📍Malibu, California 2 bed + 1.5 bath | $1,219,000 Million dollar ocean views, step",https://www.instagram.com/reel/DbSFLFiz7J-/,https://www.instagram.com/popular/malibu-house/
DX4dNvHyR3H,soft_arch_studio_2206,322000,322K,organic-modern-kitchen-designs,"Where texture meets silence. A Mediterranean kitchen shaped by light, earth, and im",https://www.instagram.com/reel/DX4dNvHyR3H/,https://www.instagram.com/popular/organic-modern-kitchen-designs/
Dc6urfAgl1U,hardwarerenaissance,321000,321K,japandi;wabi-sabi-japandi-interior-design,"Japandi is what happens when two cultures, separated by thousands of miles, arrive at the same conclusion about what a beautiful space should feel like. A mix of Japanese minimalism and Scandinavian simplicity",https://www.instagram.com/reel/Dc6urfAgl1U/,https://www.instagram.com/popular/japandi/
DTavLTLE3x1,itsmesohaib,321000,321K,dubai-penthouse,POV: view from your penthouse in Dubai✨ 🎥: @itsmesohaib bluegroundhomes now offers short-term stays in select citi,https://www.instagram.com/reel/DTavLTLE3x1/,https://www.instagram.com/popular/dubai-penthouse/
DTN4EjUEVAC,dfmarin,320000,320K,quiet-luxury,"Luxury is time, space and a good view. ✨ #RivieraMood #SoftLuxury #DreamView #SummerState",https://www.instagram.com/reel/DTN4EjUEVAC/,https://www.instagram.com/popular/quiet-luxury/
DdUAQCKJL5D,doubletree7s,320000,320K,treehouse,Treehouse Making#building,https://www.instagram.com/reel/DdUAQCKJL5D/,https://www.instagram.com/popular/treehouse/
DPZ9k9SjLjL,urban_lifestyle_lab,320000,320K,future-house;futuristic-architecture;futuristic-home;futuristic-houses,"this isn't architecture… it's the future of luxury living, 💎🌊🏎️ ///Concept and copyright",https://www.instagram.com/reel/DPZ9k9SjLjL/,https://www.instagram.com/popular/future-house/
DQ_8444DvZ5,island.realtor,320000,320K,future-home;modern-luxury-house-interiors,Who else needs a house like this by 2026 😍 𝐁𝐔𝐘 | 𝐑𝐄𝐍𝐓 | 𝐒𝐄𝐋𝐋 | 𝐈𝐍𝐕𝐄𝐒𝐓,https://www.instagram.com/reel/DQ_8444DvZ5/,https://www.instagram.com/popular/modern-luxury-house-interiors/
DQUUZF-EpAX,naturesms,319000,319K,cozy-winter-cabin,"On a snowy day, who would you most like to live with in such a cozy cave cabin? #naturesms",https://www.instagram.com/reel/DQUUZF-EpAX/,https://www.instagram.com/popular/cozy-winter-cabin/
DLJtY_mt3sV,insmultiverse,318000,318K,dream-bedroom;dream-bedrooms;dream-room,Which bedroom would you pick to nap in? . . . The vibe is limitless—unlock it now.,https://www.instagram.com/reel/DLJtY_mt3sV/,https://www.instagram.com/popular/dream-bedroom/
DN5tJ4SEaYw,archia.design,318000,318K,modern-house,#archiadesign #luxuryhome #arquitetura #home #archlovers #design #design #homedesign,https://www.instagram.com/reel/DN5tJ4SEaYw/,https://www.instagram.com/popular/modern-house/
DXHA9dNjfA-,cata.haus,318000,318K,mid-century-modern-living-room-ideas,What should we call it? Retro/mid-century? 🤔🧡#retrointerior #midcenturydecor #apartmentinspo #livingroominspiration #interiorstyling,https://www.instagram.com/reel/DXHA9dNjfA-/,https://www.instagram.com/popular/mid-century-modern-living-room-ideas/
DTvByw5kyek,siyad_abdali,316000,316K,dream-bedroom,A Dreamy Bunk Bed Room Made for Warm Nights and Quiet Moments,https://www.instagram.com/reel/DTvByw5kyek/,https://www.instagram.com/popular/dream-bedroom/
DRltDvxkYpV,quangquacs,315000,315K,waterfall-house,Bạn muốn cùng ai trong ngôi nhà này,https://www.instagram.com/reel/DRltDvxkYpV/,https://www.instagram.com/popular/waterfall-house/
C5w-koYrT8J,yourfantasyhomes,313000,313K,future-home;future-houses-2050,which one is your new home ? • • • • • #dreamhome #aesthetic #vibes #dream #choose #fantasy,https://www.instagram.com/reel/C5w-koYrT8J/,https://www.instagram.com/popular/future-houses-2050/
DIliWqbSVHv,tarini.kalingarayar,313000,313K,luxury-villa-with-pool,Looking for the perfect Summer Staycation around Chennai?Escape to @ibiza_highviblelife,https://www.instagram.com/reel/DIliWqbSVHv/,https://www.instagram.com/popular/luxury-villa-with-pool/
DWTzgrBk9aB,baliinteriordesign,312000,312K,mediterranean-house;tropical-house-architecture-styles,"Designed for the Tropics 🌴 This two-bedroom Mediterranean-style villa combines natural materials, soft architectural curves, and a calm, tropical ambi",https://www.instagram.com/reel/DWTzgrBk9aB/,https://www.instagram.com/popular/mediterranean-house/
Dbuw1zNNEFS,alta.chinafurniture,312000,312K,furniture-design,"🇨🇳Sofa Ksh 295,000 + Shipping to Kenya ✅ 🇨🇳 Accent chairs Ksh 75,000 each + Shipping ✅ 🇨🇳Customized to your prefer",https://www.instagram.com/reel/Dbuw1zNNEFS/,https://www.instagram.com/popular/furniture-design/
DUaCLDjAjnW,project_ivel,311000,311K,outdoor-kitchen,Build a DIY Outdoor BBQ Kitchen for under £500 🍗 🔨 We built ours two years ago in autumn,https://www.instagram.com/reel/DUaCLDjAjnW/,https://www.instagram.com/popular/outdoor-kitchen/
DJ7w5V1xje3,explore_home_inspo,311000,311K,mediterranean-house,Dreaming of a Mediterranean home #mediterranean #home #homeinspo #homedesign #dreamhome #homegoals,https://www.instagram.com/reel/DJ7w5V1xje3/,https://www.instagram.com/popular/mediterranean-house/
DT0WXrSDcQc,ojc_concept,311000,311K,luxury-furniture,"Now available 'Best Seller' Luxuri Sofa and Dining set ₦15,700,000 . 👉Complete sofa with dining set = ₦15,700,000 👉Only sofa set 3/3/1/1 with center t",https://www.instagram.com/reel/DT0WXrSDcQc/,https://www.instagram.com/popular/luxury-furniture/
DVhHDWlDpa2,montaznekuceadles,310000,310K,a-frame-modern-cabins,#montaznekuceadles #aframe #aframehouse #aframecabin #aframes,https://www.instagram.com/reel/DVhHDWlDpa2/,https://www.instagram.com/popular/a-frame-modern-cabins/
C6Xc5rqJvlo,bossiselitetravel,310000,310K,cook-islands-luxury-resorts,Sun and Sea are all you need. Check out the details below of this all-inclusive resort. 😍🏘🩵 @bossiselite,https://www.instagram.com/reel/C6Xc5rqJvlo/,https://www.instagram.com/popular/cook-islands-luxury-resorts/
DT4_ZQoEjLv,imaginetheinterior,310000,310K,luxury-kitchen-design,"Subtle tones, smart design, and effortless elegance. A kitchen that looks as goo",https://www.instagram.com/reel/DT4_ZQoEjLv/,https://www.instagram.com/popular/luxury-kitchen-design/
DVmJXgBk37r,lhasainteriors,308000,308K,luxury-master-bedroom-interior-design,"Small Bedroom → Luxury Space Transformation ✨ Smart storage, elegant wall panels & cozy lighting make this bedroom feel like a hotel suite. 🛏️ Which d",https://www.instagram.com/reel/DVmJXgBk37r/,https://www.instagram.com/popular/luxury-master-bedroom-interior-design/
DHoL7Afu01H,chic_interiors_by_shante,307000,307K,home-office-design,Happy Tuesday! ✨ Is this not the home office of your dreams? In this full transformation I added this beautiful custom built in with locks for securit,https://www.instagram.com/reel/DHoL7Afu01H/,https://www.instagram.com/popular/home-office-design/
DbTum4FuA0t,s4b_sh,306000,306K,japandi,Top: @bayek.couture Pants: @besideskimchi Shoes: @6crayon Bag: @parallelxstudio Tie: @celio_benormal . . . #outfitinspo #japanesefashion #japandi #ootd #allblack,https://www.instagram.com/reel/DbTum4FuA0t/,https://www.instagram.com/popular/japandi/
DLhxUeNzX3l,mablleinteriors,306000,306K,wabi-sabi-interior,"In a world chasing perfection, Wabi-Sabi reminds us to slow down and celebrate what's real",https://www.instagram.com/reel/DLhxUeNzX3l/,https://www.instagram.com/popular/wabi-sabi-interior/
DcGhZZCxf77,the.tnk.loft,306000,306K,biophilic-bedroom-design,"Give us 500 plants, filtered sunlight, jungle humidity and a home that feels a",https://www.instagram.com/reel/DcGhZZCxf77/,https://www.instagram.com/popular/biophilic-bedroom-design/
DEQulkZx-ow,missvanediva,305000,305K,luxury-closet,Obsessed with my closet ❤️ so much thought went into every detail 🥹,https://www.instagram.com/reel/DEQulkZx-ow/,https://www.instagram.com/popular/luxury-closet/
DZJC1ovRJQW,aqp_mountainescape,305000,305K,a-frame-cabin,"Your sign to book a getaway at the most beautiful A-Frames in Arkansas! Right now, when you book one of our two A-Frame cabins, you will receive two c",https://www.instagram.com/reel/DZJC1ovRJQW/,https://www.instagram.com/popular/a-frame-cabin/
DdMMYAAKYJW,whatsupgloriya,305000,305K,room-makeover,"studio room makeover ep:1 . . . studio room, room transformation, studio room, room decore, transforming my room into s",https://www.instagram.com/reel/DdMMYAAKYJW/,https://www.instagram.com/popular/room-makeover/
DOatpj8CoSw,d5officialaccount,305000,305K,landscape-design-ai,🌱 Still spending time searching and placing plants one by one to fit your design? Try D5 R,https://www.instagram.com/reel/DOatpj8CoSw/,https://www.instagram.com/popular/landscape-design-ai/
DaYMvFlp6Rq,klosetworx,303000,303K,walk-in-closet,✨ Every girl's dream closet starts with one beautiful idea. Imagine opening the door to a space where,https://www.instagram.com/reel/DaYMvFlp6Rq/,https://www.instagram.com/popular/walk-in-closet/
DB9D0emNVyR,tarekalkhattab,302000,302K,luxury-master-bedroom,Dreamy Master bedroom 🤍🤎 Location: Virginia - USA by : @tarekalkhattab,https://www.instagram.com/reel/DB9D0emNVyR/,https://www.instagram.com/popular/luxury-master-bedroom/
DWGvz7WjoLa,misaliddiard,302000,302K,coastal-bedroom-design-ideas,Spring bedroom refresh. This was the look I did last year and it it timeless! Blue is naturally,https://www.instagram.com/reel/DWGvz7WjoLa/,https://www.instagram.com/popular/coastal-bedroom-design-ideas/
DXRcLPTB0Jd,royal_interiors_official_,301000,301K,luxury-room,Luxurious bedroom interior ! @royal_interiors_official_ #viralreels #bedroom #shorts #instagood #luxury,https://www.instagram.com/reel/DXRcLPTB0Jd/,https://www.instagram.com/popular/luxury-room/
DV3t286gJp6,roomify.design,301000,301K,green-minimalist-interior-design,"Turning an empty space into a luxury living & dining room. The right layout, textures and lighting make all the difference. Would you live here? Sage",https://www.instagram.com/reel/DV3t286gJp6/,https://www.instagram.com/popular/green-minimalist-interior-design/
DVi6FiKimQn,sam_sharma,301000,301K,container-home-luxury-models-2026,When Shipping Containers Meet Luxury Living 🌿🏗️ What started as just a few industrial shipping containers has been transformed into a stunning multi-l,https://www.instagram.com/reel/DVi6FiKimQn/,https://www.instagram.com/popular/container-home-luxury-models-2026/
DBqpwtKqV1U,markonyc,300000,300K,luxury-penthouse;penthouse-tour,God I love this penthouse… #nycrealestate #luxurylifestyle #luxuryhomes #realestate #nycapartments,https://www.instagram.com/reel/DBqpwtKqV1U/,https://www.instagram.com/popular/luxury-penthouse/
DSDBoJujwCf,the.archart,300000,300K,ai-architecture,Do you want to learn this? Comment 'Building' for masterclass details where I will be teaching this wo,https://www.instagram.com/reel/DSDBoJujwCf/,https://www.instagram.com/popular/ai-architecture/
CYpB7sWIKJr,aaronkirman,299000,299K,beverly-hills-mansion,The BEST views in all of Los Angeles!! 🤯,https://www.instagram.com/reel/CYpB7sWIKJr/,https://www.instagram.com/popular/beverly-hills-mansion/
DaBM19ZuW2-,renovaistudio,299000,299K,landscape-design,From a dusty yard to a lush garden escape! 🌿✨ Watch this bare space completely,https://www.instagram.com/reel/DaBM19ZuW2-/,https://www.instagram.com/popular/landscape-design/
DJIOmcFuzX4,2pdesigners,298000,298K,kitchen-design,Your kitchen deserves charm without losing functionality. Designing a stylish and practical space is all about smart,https://www.instagram.com/reel/DJIOmcFuzX4/,https://www.instagram.com/popular/kitchen-design/
DX45vLOB93q,calebulf,298000,298K,luxury-resort,The top 7 Luxury Resorts I would stay at this summer. We're covering the whole world from the A,https://www.instagram.com/reel/DX45vLOB93q/,https://www.instagram.com/popular/luxury-resort/
DYWweI3Mgji,limited.pool,298000,298K,best-rooftop-pools,Luxury infinity pool✨🤩💎 📍Tashkent city @jwmarriott.tashkent Murojat uchun:+99895103244,https://www.instagram.com/reel/DYWweI3Mgji/,https://www.instagram.com/popular/best-rooftop-pools/
C-pYyght5Tn,sagrace_designs,297000,297K,mid-century-modern,Can we all agree that the midcentury modern aesthetic has left an indelible mark on the design world—a function and form we can,https://www.instagram.com/reel/C-pYyght5Tn/,https://www.instagram.com/popular/mid-century-modern/
DQGCfPnDLhu,ariffathulhakim,296000,296K,luxury-cabin,"The most perfect little cabin in Washington — a cozy escape in the woods 🏡 📍Sky Haus Cabin, Skykomish WA @tyehaus #cabin #washington #vacation #vacati",https://www.instagram.com/reel/DQGCfPnDLhu/,https://www.instagram.com/popular/luxury-cabin/
DUxcW_vkdPH,builderswife,296000,296K,kitchen-inspiration,"Trust me - add this to your kitchen, whether it's in your island and / or near the sink and dishwasher. Don't forget the drawer above to use that wast",https://www.instagram.com/reel/DUxcW_vkdPH/,https://www.instagram.com/popular/kitchen-inspiration/
DMff66LTcEc,luxurydreamhub,295000,295K,modern-living-room,Clean lines and chic vibes. This is my kind of living space! Obsessed with the minimalist and modern,https://www.instagram.com/reel/DMff66LTcEc/,https://www.instagram.com/popular/modern-living-room/
DOlFHUgEd5m,ayeshadeary5,294000,294K,dream-bedroom;dream-bedrooms,Choose your new dreamy bedroom,https://www.instagram.com/reel/DOlFHUgEd5m/,https://www.instagram.com/popular/dream-bedroom/
DRC_F8BkphB,hannahandkord,294000,294K,a-frame-cabin,"The dreamiest A-frame in Mount Hood 🏔️🌲 Tucked away in a lush, mossy forest, @portlandiaframe is a stunning 4 bedroom A-frame cabin at the base of Mou",https://www.instagram.com/reel/DRC_F8BkphB/,https://www.instagram.com/popular/a-frame-cabin/
DNOOju3xhcq,peachesanddiesel104,293000,293K,aspen,This was our first ever fashion show and it was to see 9 year old design prodigy Max Alexande,https://www.instagram.com/reel/DNOOju3xhcq/,https://www.instagram.com/popular/aspen/
DRE-JuNDsD8,mg.archy,293000,293K,ai-architecture;midjourney-architecture,✍🏻 Designed By: @Mg.Archy 🙏🏻 Thanks to: @studioedrisi & @Studio____ai 🪄 Ai conceptualized: #Mid,https://www.instagram.com/reel/DRE-JuNDsD8/,https://www.instagram.com/popular/ai-architecture/
DYcHAzus4uG,vkuoo,292000,292K,ai-architecture;architecture-design;futuristic-architecture-designs-2026,🏗️✨ DESIGN 10 BUILDINGS IN 10 SECONDS? AI JUST REWROTE ARCHITECTURE. Same site. Infinite designs — all AI-gene,https://www.instagram.com/reel/DYcHAzus4uG/,https://www.instagram.com/popular/architecture-design/
DcYgm97o4w5,cozycabinlife1,292000,292K,ai-cozy-cabin,"Would you spend a week offline in this stone cabin? 🏔️🕯️ A heavy blizzard outside, pure warmth and",https://www.instagram.com/reel/DcYgm97o4w5/,https://www.instagram.com/popular/ai-cozy-cabin/
DcB2VTZMxeK,the.oracle.of.legend,291000,291K,home-library,"""When I have a house of my own, I shall be miserable if I have not an excellent library."" - Jane Austen A dream that so many people take for granted,",https://www.instagram.com/reel/DcB2VTZMxeK/,https://www.instagram.com/popular/home-library/
DVAWRiZjXlh,islandgal_5homedecor,291000,291K,interior-styling,Comment VASE and I'll share deets! My favorite floor vases! #homedecor #floorvase #interiorstyling #homeinspo #homedecorat,https://www.instagram.com/reel/DVAWRiZjXlh/,https://www.instagram.com/popular/interior-styling/
DWPBYwkEoht,theluxuryhomeshow,290000,290K,luxury-homes;luxury-house-tour,"Welcome to $34 million of pure Florida luxury. This residence pushes the boundaries of design with a post-tension build that eliminates all columns, c",https://www.instagram.com/reel/DWPBYwkEoht/,https://www.instagram.com/popular/luxury-homes/
DdmOoGnzNtK,yulayeloficial,289000,289K,tulum,Ya nadie quiere visitar tulum #yulay #mexico🇲🇽,https://www.instagram.com/reel/DdmOoGnzNtK/,https://www.instagram.com/popular/tulum/
DLsDLeYydeX,arteo_luxury,287000,287K,luxury-interior-design,Luxury interiors by Arteo! A living room should speak your soul—this one whispers elegance in,https://www.instagram.com/reel/DLsDLeYydeX/,https://www.instagram.com/popular/luxury-interior-design/
DJDOCGKN_xW,danielseanmaguire,287000,287K,ai-virtual-staging;virtual-staging,"Realtors, are you still posting empty rooms? That's killing your listing! Step it up with @collov.ai — it transforms bare spaces into beautifully stag",https://www.instagram.com/reel/DJDOCGKN_xW/,https://www.instagram.com/popular/virtual-staging/
Cxs3utuNMGk,dreamsorcery,286000,286K,dream-home,Choose your dream house design @dreamsorcery #whichonewouldyouchoose #chooseone,https://www.instagram.com/reel/Cxs3utuNMGk/,https://www.instagram.com/popular/dream-home/
C6zAV9YKE5q,saudi.arabia,286000,286K,saudi-arabia-architecture,Welcome to Saudi Arabia! 🇸🇦💚 📷: @mesharyfahad,https://www.instagram.com/reel/C6zAV9YKE5q/,https://www.instagram.com/popular/saudi-arabia-architecture/
DVEDUtDCcZ3,container_house_lisa,285000,285K,container-house,prefab house folding house Container homes #containerhome#containerhomes#containerstore#containerhouse#shippingcontainer#containerlife#tintinyhousebui,https://www.instagram.com/reel/DVEDUtDCcZ3/,https://www.instagram.com/popular/container-house/
DXld166kQRO,vrishtidesigns,285000,285K,luxury-living-room-design,"Golden accents, luxe textures, and a living space that makes a statement ✨🤍🛋️ #vrishtidesigns #custominteriors #livingroomdesign #luxuryliving #modern",https://www.instagram.com/reel/DXld166kQRO/,https://www.instagram.com/popular/luxury-living-room-design/
DYQVAt3s9FU,itsmesohaib,281000,281K,dubai-penthouse,POV : View from your penthouse in Dubai ✨ #dubai #luxurylifestyle #explorepage✨,https://www.instagram.com/reel/DYQVAt3s9FU/,https://www.instagram.com/popular/dubai-penthouse/
DZFAAx-oZHK,capsulecastle2025,281000,281K,capsule-castle-luxury-space-capsule-houses,"Come and take your own space capsule! For more info,pls 📲Whatsapp:+8615318955803 or 📨Email:sales@capsulecastle.com#MobileHomestay #House #BoutiqueHome",https://www.instagram.com/reel/DZFAAx-oZHK/,https://www.instagram.com/popular/capsule-castle-luxury-space-capsule-houses/
DdBq1Pkuktl,unplugged.rest,281000,281K,cabins,Going away doesn't mean having to leave your pup behind 🐶 Not only is dog care a hassle but it can be realllyyy expensive which is why almost all of o,https://www.instagram.com/reel/DdBq1Pkuktl/,https://www.instagram.com/popular/cabins/
DVSEyhIjoR0,henriq.arq,280000,280K,kids-room-design,🌳💚Jungle Theme Kids Room with Custom Loft Bed and Indoor Play Area ​ 🦁 Custom wood tree p,https://www.instagram.com/reel/DVSEyhIjoR0/,https://www.instagram.com/popular/kids-room-design/
DQQkjl0kjPj,beyondbespokevillas,280000,280K,tropical-villa,"Your private haven. A lush, green escape for the soul. 🌱 . . 📍 @beyondbespokevillas . . #in",https://www.instagram.com/reel/DQQkjl0kjPj/,https://www.instagram.com/popular/tropical-villa/
DE20vHgS3NL,meridas.house,279000,279K,organic-modern,Organic Modern inspo ✨ Shop links in bio 🛍️ Organic Modern decor staples: 🤍 Clay pottery and woven bas,https://www.instagram.com/reel/DE20vHgS3NL/,https://www.instagram.com/popular/organic-modern/
DcWtqlvoXQq,arch_.rama,278000,278K,architecture-design,What if the things we see every day could become spaces we live in?🤔 #architecture #interiordesign,https://www.instagram.com/reel/DcWtqlvoXQq/,https://www.instagram.com/popular/architecture-design/
DXOqv_ZDc4V,cozynomadstudio,278000,278K,ai-cozy-cabin,"Found my literal safe haven. 🕯️ Outside it's freezing, but inside it's all blankets, books, and a c",https://www.instagram.com/reel/DXOqv_ZDc4V/,https://www.instagram.com/popular/ai-cozy-cabin/
DXwNAXPs65z,voyagefox_,278000,278K,cook-islands-luxury-resorts,Busy doing belly flops in the Maldives 😌💦 hehe Who would you take here? 🥹 📍 Ritz-Carlton Maldives,https://www.instagram.com/reel/DXwNAXPs65z/,https://www.instagram.com/popular/cook-islands-luxury-resorts/
DXpKxtFjfhJ,poolvilla.ae,277000,277K,tropical-villa,استمتع بخيارات دفع مرنة وإلغاء مجاني حتى 14 يومًا قبل الوصول. . Enjoy flexible payment & free c,https://www.instagram.com/reel/DXpKxtFjfhJ/,https://www.instagram.com/popular/tropical-villa/
DIdbQVoIenT,corbangroup,277000,277K,london-apartment,"Principal Tower, London, EC2 2 Beds | 2 Baths | 1,373 sq ft (128 SQM) This two-bedroom apartment sits on the 45th floor, with three terraces facing no",https://www.instagram.com/reel/DIdbQVoIenT/,https://www.instagram.com/popular/london-apartment/
DS-YA68k89x,sohansahanigyn,277000,277K,ai-house-design,AI Home Design Video Reaction 😮 | Smart House Ideas #shorts #homedesign #ai,https://www.instagram.com/reel/DS-YA68k89x/,https://www.instagram.com/popular/ai-house-design/
DdMaTkxxdvQ,manfredvonkoreander,276000,276K,japandi,"Brought the gems safely back home.💎🦺 Unpacking done, now off to the more exciting part: finding the right spot in the apartment where the pieces can shine.🥹✨ Let me know",https://www.instagram.com/reel/DdMaTkxxdvQ/,https://www.instagram.com/popular/japandi/
C_1mvCNuQvB,anasuazotips,275000,275K,santorini-villa,"¿Conocías este lugar en Honduras? @tatumblaentrepinos un lugar con temática de Santorini en Honduras, el escape perfecto",https://www.instagram.com/reel/C_1mvCNuQvB/,https://www.instagram.com/popular/santorini-villa/
DVJD3kJElNI,thehomestylist__,275000,275K,interior-styling,Don't guess. Measure. 📐 📏 Here are some spacing rules you should save 👇 Distance between sofa and coffee table: 45–60cm Bed rug reveal,https://www.instagram.com/reel/DVJD3kJElNI/,https://www.instagram.com/popular/interior-styling/
DXmZtBYj4VE,nihamahome,275000,275K,luxury-master-bedroom-interior-design,"Where comfort meets quiet luxury ✨ Designed with soft textures, warm lighting, and a calming neutral palette, this master bedroom creates a serene ret",https://www.instagram.com/reel/DXmZtBYj4VE/,https://www.instagram.com/popular/luxury-master-bedroom-interior-design/
DLnHmVNympx,ant.archviz,274000,274K,ai-architecture,"If only clients knew the process 💀 Every pixel, every shadow, every tweak takes time. What you s",https://www.instagram.com/reel/DLnHmVNympx/,https://www.instagram.com/popular/ai-architecture/
DSb2auoiNDg,shotbybrendan_,274000,274K,dubai-luxury-penthouse,"Most expensive residential deal in UAE history. A single penthouse here sold for $150 million (₹1,349 crores)",https://www.instagram.com/reel/DSb2auoiNDg/,https://www.instagram.com/popular/dubai-luxury-penthouse/
DVGz_aNE_76,fromrawto_real,272000,272K,backyard-design;outdoor-kitchen,"Luxury Outdoor Pavilion | Poolside Pergola, Fireplace & Outdoor Kitchen #designinspiration",https://www.instagram.com/reel/DVGz_aNE_76/,https://www.instagram.com/popular/outdoor-kitchen/
DWjh9MxCOod,eliemoussa_creative_design,270000,270K,luxury-master-bedroom;luxury-master-bedroom-interior-design,Because your bedroom deserves five star luxury… #design #instagram #interiordesign #masterbedroom #dubai🇦🇪,https://www.instagram.com/reel/DWjh9MxCOod/,https://www.instagram.com/popular/luxury-master-bedroom/
DD4vYYNsGLo,jawakaramaldives,270000,270K,maldives-resort;maldives-villa,"Welcome to your personal paradise! ☀️💦 Our Water Pool Villas offer a seamless blend of luxury and nature, with a pool",https://www.instagram.com/reel/DD4vYYNsGLo/,https://www.instagram.com/popular/maldives-villa/
DdMrGMePElG,isaacfrench_,270000,270K,cabins,"If you know who to work with, hiring an appraiser preemptively can be a baller move and getting the maximum leverage for a micro resort project. Janic",https://www.instagram.com/reel/DdMrGMePElG/,https://www.instagram.com/popular/cabins/
DYT8ySTsBbx,huisjeopdevloet,269000,269K,modern-kitchen,Kitchen ✨ Hebben jullie vandaag ook lekker een dagje vrij? 💕,https://www.instagram.com/reel/DYT8ySTsBbx/,https://www.instagram.com/popular/modern-kitchen/
DPKD_WliaQF,thebestmotivation.1x,269000,269K,luxury-life,Dream life 💫#wifimoney #rich #luxurylifestyle #mindset #millionaire #success,https://www.instagram.com/reel/DPKD_WliaQF/,https://www.instagram.com/popular/luxury-life/
C_a5wnXpQrN,ryanmikols,269000,269K,penthouse-tour,Would you guys pay $5k/mo for this..? #apartmenttour #miamilife #penthouse,https://www.instagram.com/reel/C_a5wnXpQrN/,https://www.instagram.com/popular/penthouse-tour/
C89zm-QIPKo,nhcollectiondubaithepalm,268000,268K,best-rooftop-pools;rooftop-pool,"Tranquil escapes begin at our rooftop pool, where the skyline stretches endlessly, offering a panorama",https://www.instagram.com/reel/C89zm-QIPKo/,https://www.instagram.com/popular/rooftop-pool/
DVVIlAhDRlP,havenhaus_1,267000,267K,living-room-design,"Half study, half living room—I love this living room design! #LivingRoomDecoration #LivingRoom #InteriorDesign",https://www.instagram.com/reel/DVVIlAhDRlP/,https://www.instagram.com/popular/living-room-design/
DQROS4ejMkc,thenature_jb,267000,267K,swiss-chalet,🍃🇨🇭 Lost in the beauty of Switzerland — where every mountain looks painted and every lake reflects the sky like a mirror 🏞️✨,https://www.instagram.com/reel/DQROS4ejMkc/,https://www.instagram.com/popular/swiss-chalet/
DV-2k_YkyS_,terencesia,267000,267K,ai-home-design;ai-interior-designer,"You can do this too! Comment ""ai"" and I will send you the workflow!",https://www.instagram.com/reel/DV-2k_YkyS_/,https://www.instagram.com/popular/ai-interior-designer/
DTIPWpiiQQQ,ilham_desainrumah,267000,267K,ai-render,"3D Rendering is now easier with AI. No complex settings, no long waiting time—realistic visuals in minutes.",https://www.instagram.com/reel/DTIPWpiiQQQ/,https://www.instagram.com/popular/ai-render/
DV8gvo0EYsc,luxoraify,267000,267K,hotel-bathroom-designs;luxury-bathroom-design;luxury-bathroom-interior-design-inspiration,"Small Bathroom, Big Luxury! ✨ Rate This Design 1–10 #explore #trendingreels #bathroom #Interio",https://www.instagram.com/reel/DV8gvo0EYsc/,https://www.instagram.com/popular/luxury-bathroom-interior-design-inspiration/
DblRAjFsijT,aiforarchitects,267000,267K,jamesedition-luxury-homes,"Some estates are built. This one was composed. 🤍🌿 Cream limestone, blue and white porcelain, endless hydrangeas, and light pourin",https://www.instagram.com/reel/DblRAjFsijT/,https://www.instagram.com/popular/jamesedition-luxury-homes/
DSQHX8giKwH,zachariemaille_,266000,266K,dubai-luxury-penthouse,#FORSALE – Atlantis The Royal Residences – Ultra-Rare Duplex Penthouse – Exclusive Listing – Dubai For more,https://www.instagram.com/reel/DSQHX8giKwH/,https://www.instagram.com/popular/dubai-luxury-penthouse/
DXgBqNESg88,vighnaharta_interiors,262000,262K,bedroom-design,Elegant bedroom 🌸,https://www.instagram.com/reel/DXgBqNESg88/,https://www.instagram.com/popular/bedroom-design/
DcZYT3OOhqb,costa.diamante.realty,262000,262K,waterfall-house,"🪨✨ Una mansión escondida dentro de una cueva… cascadas, piscina natural, fu",https://www.instagram.com/reel/DcZYT3OOhqb/,https://www.instagram.com/popular/waterfall-house/
DYM6lbTxLpk,avanthika.babu,261000,261K,house-tour,I wish I could live here forever 🥹🤏🏾 #housetour #bangalorevilla #weekendgetaway,https://www.instagram.com/reel/DYM6lbTxLpk/,https://www.instagram.com/popular/house-tour/
DPvZjrtk5qo,growithrobin,261000,261K,virtual-staging,@collov.ai lets you virtually stage any room in seconds — just upload a photo and watch it transform with realistic furniture and decor. Choose from s,https://www.instagram.com/reel/DPvZjrtk5qo/,https://www.instagram.com/popular/virtual-staging/
DVdNuLgAfv5,andreavanheerden.creative,259000,259K,desert-house-interior-design-ideas,"A home where every texture speaks. This breathtaking build by @diazhomes layers natural materials, soft neutrals and flowing curtains to create a spac",https://www.instagram.com/reel/DVdNuLgAfv5/,https://www.instagram.com/popular/desert-house-interior-design-ideas/
DdEHplasuRe,vital_camp_gmbh,259000,259K,chalet,Unser wunderschönes Chalet Grönland auf dem Schaugelände Nord! Kommt uns gern besuchen wir freuen uns auf euch! www.vital-camp-living.de am Sophienhof,https://www.instagram.com/reel/DdEHplasuRe/,https://www.instagram.com/popular/chalet/
DUeYNKFEVZ4,2pdesigners,258000,258K,luxury-living-room,"In this project, we used the exclusivity of our @innovareinteriors furniture collection to create a truly spectacular result.",https://www.instagram.com/reel/DUeYNKFEVZ4/,https://www.instagram.com/popular/luxury-living-room/
DVT7R65j3aH,north_cascades_haven,258000,258K,cabin,Who are you drinking coffee with here?🌲 We have a couple April openings at the Airbnb or direct booking links in our bio! March 2027 dates open tomorr,https://www.instagram.com/reel/DVT7R65j3aH/,https://www.instagram.com/popular/cabin/
DK4-8CstulC,traveldamonsway,258000,258K,luxury-hotel-room,Staying in paradise #luxury #hotel #airbnb #travel #luxurystay #travelgram,https://www.instagram.com/reel/DK4-8CstulC/,https://www.instagram.com/popular/luxury-hotel-room/
DcriR6BB1Cp,claudia._x0o,258000,258K,cozy-bedroom-ideas,"✨ Cozy Bedroom Room Tour ✨ A little room tour of this cozy, dreamy space 🤍 From the soft fluffy bedding and warm lighting to the cute little decor det",https://www.instagram.com/reel/DcriR6BB1Cp/,https://www.instagram.com/popular/cozy-bedroom-ideas/
DTs5TwtksJY,dubai.captured,257000,257K,dubai-penthouse,NA,https://www.instagram.com/reel/DTs5TwtksJY/,https://www.instagram.com/popular/dubai-penthouse/
Db7R6lrJBF6,byreginamalina,256000,256K,japandi,Japandi aesthetic part 2,https://www.instagram.com/reel/Db7R6lrJBF6/,https://www.instagram.com/popular/japandi/
DViBkP5DRo1,luxlocators,256000,256K,luxury-penthouse;penthouse-tour,Send this to your person ✨❤️‍🔥 #penthouseliving #dallaspenthouse #dallasliving #luxurypenthouse,https://www.instagram.com/reel/DViBkP5DRo1/,https://www.instagram.com/popular/luxury-penthouse/
DQzKZ7KDJz8,tarekalkhattab,255000,255K,luxury-dining-room,Riyadh Project Luxury Dining room 💚🤍🖤🤎 What do you think? By : @tarekalkhattab interiors team,https://www.instagram.com/reel/DQzKZ7KDJz8/,https://www.instagram.com/popular/luxury-dining-room/
DVlteM0ErvJ,ekastudiobysana,252000,252K,minimalist-art-deco-interior-design;wabi-sabi-interior;wabi-sabi-japandi-interior-design,"Comment ""EKA"" to get the Interior Design Styles PDF guide. Interior design styles every design",https://www.instagram.com/reel/DVlteM0ErvJ/,https://www.instagram.com/popular/wabi-sabi-interior/
DZqEq3Turn2,emilycanham,252000,252K,london-apartment,apartment hunting in the city 🏙️ AD 📍Embassy Boulevard by Moda The gym though!!! 🫢 and it's open 24 hours! #LondonApartment #ApartmentHunting #LondonR,https://www.instagram.com/reel/DZqEq3Turn2/,https://www.instagram.com/popular/london-apartment/
DVMQYOvk-nz,fromrawto_real,252000,252K,landscape-design-ai,"Modern Garden Lounge Makeover Time-Lapse | LED Frames, Hanging Egg Chairs & Luxury Backya",https://www.instagram.com/reel/DVMQYOvk-nz/,https://www.instagram.com/popular/landscape-design-ai/
DWeSoyoCfzi,alak.shisingh,251000,251K,interior-design-ideas,Your kitchen deserves better than boring colors 😌✨ These 5 combin,https://www.instagram.com/reel/DWeSoyoCfzi/,https://www.instagram.com/popular/interior-design-ideas/
C-iGxhuMWLU,drcozyvibes,251000,251K,cozy-cabin-in-the-snow;cozy-winter-cabin,Sometimes the most productive thing you can do is relax😌 What will you do in this cozy room? #cozyhome #cozyvibes #warmhouse #winterescape,https://www.instagram.com/reel/C-iGxhuMWLU/,https://www.instagram.com/popular/cozy-winter-cabin/
DY7mA3sCyht,c2.atelier,250000,250K,minimalist-interior,"LUSH MOOD | INTERIOR DESIGN | BUCHAREST | C2 ATELIER Design: @c2.atelier Location: Bucharest, Romania Year: 2025 Warm minim",https://www.instagram.com/reel/DY7mA3sCyht/,https://www.instagram.com/popular/minimalist-interior/
DbghU90JavF,charleeknoxatelier,250000,250K,art-deco-interior-design,"Love a piece you see? DM us if you're interested in any of the pieces, want the full catalog, or would like to place an order.",https://www.instagram.com/reel/DbghU90JavF/,https://www.instagram.com/popular/art-deco-interior-design/
DSZdhDgiF-0,architect_hitesh,249000,249K,modern-villa,modern house design luxury house modern villa luxury villa design house elevation modern home design contemporary house #viral #explorepage✨ #trend,https://www.instagram.com/reel/DSZdhDgiF-0/,https://www.instagram.com/popular/modern-villa/
DbB5sVYI3j7,mikayla.deg,249000,249K,architecture-design,exploring architecture >> follow @mikayla.deg for more architecture and design content! #architecture,https://www.instagram.com/reel/DbB5sVYI3j7/,https://www.instagram.com/popular/architecture-design/
DWDRWQgEves,styltechinterior_official,248000,248K,bedroom-design;dream-bedroom-decor-ideas,This Bedroom Setup Looks Too Good 😍✨,https://www.instagram.com/reel/DWDRWQgEves/,https://www.instagram.com/popular/bedroom-design/
DY_lRoJuAd4,rezatoronto,247000,247K,luxury-garden,#mygarden,https://www.instagram.com/reel/DY_lRoJuAd4/,https://www.instagram.com/popular/luxury-garden/
DZ-iFMVgElT,inauguralhomes,247000,247K,cottagecore-living-room-design,"A cozy country living room where warmth meets winter magic ❄️🔥🏡 Soft interiors, a crackling fireplace, and peaceful snowfall outside create the perfec",https://www.instagram.com/reel/DZ-iFMVgElT/,https://www.instagram.com/popular/cottagecore-living-room-design/
DYIaaPOMG7B,malthousecottage,247000,247K,cottagecore-living-room-design,Cottage life… with a spoonful of magic.. Jane xx #interiors #cottagecore #fairytale #cosy #rusticdecor,https://www.instagram.com/reel/DYIaaPOMG7B/,https://www.instagram.com/popular/cottagecore-living-room-design/
C7vNXwOvPnI,villamilanabali,247000,247K,bali-luxury-villas-with-private-pools,"Would you add this villa to your Bali Bucket-list? With its Tropical and mediterranean vibes, this villa has the best of",https://www.instagram.com/reel/C7vNXwOvPnI/,https://www.instagram.com/popular/bali-luxury-villas-with-private-pools/
DVbWPnCCKFC,chistol.ella,247000,247K,arctic-treehouse-hotel-rovaniemi,Vorba aia: Dacă nu călătoresc am probleme psihologice Dacă călătoresc am probleme financiare 😂 Ce să fac? Arctic TreeHouse Hotel - o experiență în mij,https://www.instagram.com/reel/DVbWPnCCKFC/,https://www.instagram.com/popular/arctic-treehouse-hotel-rovaniemi/
DVBqpjrADzS,ourmidwayhome,246000,246K,organic-modern,"For the ones drawn to organic modern design, calm spaces with simple styling, and a mix of moody + bold neutra",https://www.instagram.com/reel/DVBqpjrADzS/,https://www.instagram.com/popular/organic-modern/
DYNqA2ARGzy,aktraveltwo,246000,246K,tropical-house-architecture-styles,The architecture is so beautiful! #srilanka #architecturelovers #homedesign #travel #srilankatravel,https://www.instagram.com/reel/DYNqA2ARGzy/,https://www.instagram.com/popular/tropical-house-architecture-styles/
C-2juhzo1f0,traveltbz,246000,246K,bali-infinity-pool-villas,"In the tranquil embrace of Ubud.🙏🌿 Nestled in the heart of Bali's lush jungles, Aksari offers a sanctuary where you can reconnect with nature, with pr",https://www.instagram.com/reel/C-2juhzo1f0/,https://www.instagram.com/popular/bali-infinity-pool-villas/
DUnsYBsDNBI,beverlyhills.realestate,245000,245K,beverly-hills-mansion;los-angeles-house,"📍Los Angeles • $34,450,000 Newly built ""The Monocle"" estate",https://www.instagram.com/reel/DUnsYBsDNBI/,https://www.instagram.com/popular/beverly-hills-mansion/
Da3ia6Lx6Q4,mrspropertyline,244000,244K,hotel-bathroom-designs,Beautiful Washroom,https://www.instagram.com/reel/Da3ia6Lx6Q4/,https://www.instagram.com/popular/hotel-bathroom-designs/
DVWxQqJkj57,tinabyer,243000,243K,dark-academia-home-library,A happy Shelfie Sunday 📚 #homelibrary #bookshelves #mylibrary #prettybooks #shelfie,https://www.instagram.com/reel/DVWxQqJkj57/,https://www.instagram.com/popular/dark-academia-home-library/
DNxwtDo5FWE,spring_floryn,242000,242K,dream-life,The life I want 😌 #viral #instagram #trending #explore #reels #ａｅｓｔｈｅｔｉｃ #popular #aestheticedits #fyp #life #peace,https://www.instagram.com/reel/DNxwtDo5FWE/,https://www.instagram.com/popular/dream-life/
DT5j5brDiHA,giniawilliams,242000,242K,dream-kitchens,"Snowed in, dreaming big ❄️✨ If this kitchen was yours, what would your next real estate move be? Buying, selling, building, or inv",https://www.instagram.com/reel/DT5j5brDiHA/,https://www.instagram.com/popular/dream-kitchens/
DSu0uzegdeM,luxurydreamhub,241000,241K,futuristic-home;futuristic-house;futuristic-houses,"Defining modern luxury: where sleek architecture meets timeless elegance. 🌙✨ Your dream home, reimagined.",https://www.instagram.com/reel/DSu0uzegdeM/,https://www.instagram.com/popular/futuristic-house/
DW31W_Cid-4,rashid_manga_tiri,240000,240K,tropical-house,2967 Sqft l 4 BHK Design & Render @rashid_manga_tiri Contact for your designs +918921177030,https://www.instagram.com/reel/DW31W_Cid-4/,https://www.instagram.com/popular/tropical-house/
DdCUcyxo-Fd,a_lost_worlds,240000,240K,house-in-forest,A peaceful little home hidden deep inside the forest 🌲🏡✨ Where the sound of the flowing,https://www.instagram.com/reel/DdCUcyxo-Fd/,https://www.instagram.com/popular/house-in-forest/
DcQ7apMKk18,realm.of.rae,239000,239K,home-library,newww home library !! 💌✨ i'm in love! • • • • #bookstagram #homelibrary #billybookcase #diylibrary #booksta,https://www.instagram.com/reel/DcQ7apMKk18/,https://www.instagram.com/popular/home-library/
DMSJr3xN3Xk,theveltrix,239000,239K,future-house,Who's that person? Tag in the comments 💸✨ #architechture #interiordesign #millionaire #bi,https://www.instagram.com/reel/DMSJr3xN3Xk/,https://www.instagram.com/popular/future-house/
DSh3QjJAOcv,facade_designn,239000,239K,modern-architecture,✨A sculptural glass facade rising above the city… 🌿This modern high-rise blends fluid architectu,https://www.instagram.com/reel/DSh3QjJAOcv/,https://www.instagram.com/popular/modern-architecture/
DSDMMnRjL88,base9studio,238000,238K,luxury-master-bedroom-interior-design;luxury-room,"A modern bedroom design should feel warm, calm, and effortlessly luxurious. In this project, we blended luxury interior details with soft textures and",https://www.instagram.com/reel/DSDMMnRjL88/,https://www.instagram.com/popular/luxury-master-bedroom-interior-design/
DUzukieDNa7,things2exploreinmumbai,237000,237K,hotel-room-interior-design-ideas;hotel-suite-design-ideas,Step into a world of luxury at this beautifully hotel suite room ❤️🤩 Tag someone you wanna stay here with ❤️ Follow @things2exploreinmumbai for more s,https://www.instagram.com/reel/DUzukieDNa7/,https://www.instagram.com/popular/hotel-suite-design-ideas/
DKpD7EJKsWV,namanrecommends,236000,236K,villa-with-pool,3BHK villa with 'Two Private Pools' at just ₹800 per person 😍😍 . Located near malavali station and you can reach there by train,https://www.instagram.com/reel/DKpD7EJKsWV/,https://www.instagram.com/popular/villa-with-pool/
DXSLqJ3DKNf,charlotte.e.green,234000,234K,dreamy-walk-in-closet-designs-ideas,Bespoke joinery with secret handbag storage concealed behind it in this little walk in wardrobe,https://www.instagram.com/reel/DXSLqJ3DKNf/,https://www.instagram.com/popular/dreamy-walk-in-closet-designs-ideas/
DYaCAapB1tD,kanerenovationspro,233000,233K,landscape-design,I Built a Black & White Yin-Yang Garden and My Front Yard Has Never Looked Like T,https://www.instagram.com/reel/DYaCAapB1tD/,https://www.instagram.com/popular/landscape-design/
C9Bb-f6vYXs,estateluxshoot,232000,232K,luxury-homes-on-the-amalfi-coast;malibu-house,💲16.000.000 Malibu home 🏡 would you live here? . . . #luxuryrealestate #malibuhom,https://www.instagram.com/reel/C9Bb-f6vYXs/,https://www.instagram.com/popular/malibu-house/
DZvVb39oMFO,omerogluinsaatt,232000,232K,hotel-bathroom-designs,"Aynı banyo, farklı dokunuşlar. ✨ Renkler değiştiğinde mekanın karakteri de değişir. Siz hangisini tercih ederdiniz? #BanyoTasarımı #İçMimari #Dekorasy",https://www.instagram.com/reel/DZvVb39oMFO/,https://www.instagram.com/popular/hotel-bathroom-designs/
DWO-wRhgK7L,itsblankcreative,230000,230K,luxury-closet,This incredible home is listed by @senadaadzem • #closet #fashion #mansion #designer,https://www.instagram.com/reel/DWO-wRhgK7L/,https://www.instagram.com/popular/luxury-closet/
DLcijPxNikv,miladeshtiyaghi,230000,230K,biophilic-design;tropical-house;tropical-house-architecture-styles,🌿 Welcome to the Jungle Home Not just a house — a sanctuary rooted in the heart of the forest. This retreat doesn't sit on the land. It breathes with it.,https://www.instagram.com/reel/DLcijPxNikv/,https://www.instagram.com/popular/biophilic-design/
DaSnOm8uq5Q,walksauce42_,229000,229K,aspen,Don't ask where anything's from. Everything linked in bio,https://www.instagram.com/reel/DaSnOm8uq5Q/,https://www.instagram.com/popular/aspen/
DSYXuioEWMl,roni_wil,228000,228K,industrial-interior,Turning my another industrial space into a work and hangout zone . . . #newyork #newyorkstreetst,https://www.instagram.com/reel/DSYXuioEWMl/,https://www.instagram.com/popular/industrial-interior/
DWl3HKqkV82,neutral_homebody,227000,227K,organic-modern,Living room details ✨ follow + comment Shop for the links #organicmodern #curated #livingroominspiration #japa,https://www.instagram.com/reel/DWl3HKqkV82/,https://www.instagram.com/popular/organic-modern/
DP0-r7dEnme,idw.design,226000,226K,biophilic-design;tropical-house,"Where Nature Meets the Heart of Home 🌿 Every courtyard tells a quiet story of sunlight filtering through leaves, of calm mornings, and unhurried evenings that breathe life into the home.",https://www.instagram.com/reel/DP0-r7dEnme/,https://www.instagram.com/popular/biophilic-design/
DQ9ghxvjE3c,aiforarchitects,226000,226K,miami-mansion,"A residence where structure, view, and light converge into pure geometry. This Miami wat",https://www.instagram.com/reel/DQ9ghxvjE3c/,https://www.instagram.com/popular/miami-mansion/
DV9F-aVAMje,eliemoussa_creative_design,226000,226K,dubai-luxury-interior-design-trends,Designed for connection and comfort.… #instagram #lounge #interiordesign #design #dubai🇦🇪,https://www.instagram.com/reel/DV9F-aVAMje/,https://www.instagram.com/popular/dubai-luxury-interior-design-trends/
DSnimZbAPYH,nightshade.bh,225000,225K,luxury-bathroom,"A master bathroom designed as a calm, intimate retreat, where natural textures, warm wood",https://www.instagram.com/reel/DSnimZbAPYH/,https://www.instagram.com/popular/luxury-bathroom/
DWjKLkmkfxF,kousikamdevelopers,224000,224K,tropical-house,""" Turning dream homes into reality ✨ new completed project ❤️‍🔥🫶 ""Wait till the end… 😍🔥",https://www.instagram.com/reel/DWjKLkmkfxF/,https://www.instagram.com/popular/tropical-house/
DZ2GOJytc5i,peachy.mely,224000,224K,best-rooftop-pools,Pool with a view ✨,https://www.instagram.com/reel/DZ2GOJytc5i/,https://www.instagram.com/popular/best-rooftop-pools/
DYAI9ToxbHI,wolferizorinteriors,223000,223K,luxury-home-theater-ideas,"A home theater designed for comfort, immersion, and nights that feel like a true experience.🍿",https://www.instagram.com/reel/DYAI9ToxbHI/,https://www.instagram.com/popular/luxury-home-theater-ideas/
DTm-Y5niFvX,the_professional_wood_creator,222000,222K,kitchen-design,Design kitchen,https://www.instagram.com/reel/DTm-Y5niFvX/,https://www.instagram.com/popular/kitchen-design/
DRKzQF8EhGK,coastlinepools_,222000,222K,luxury-pool,Step into luxury living ✨ This modern pool is designed with every amenity you could dream of—sl,https://www.instagram.com/reel/DRKzQF8EhGK/,https://www.instagram.com/popular/luxury-pool/
DV9EQB4jMTx,tarakanovadesign,221000,221K,luxury-interior,Luxury interior design provided by our team 💫,https://www.instagram.com/reel/DV9EQB4jMTx/,https://www.instagram.com/popular/luxury-interior/
DSkjYJYjDep,roya93_design,220000,220K,interior-design-ideas,#designer #livingroom #kitchendesign #interiordesign,https://www.instagram.com/reel/DSkjYJYjDep/,https://www.instagram.com/popular/interior-design-ideas/
CrDO5DgIHXk,worldexclusivetravel,220000,220K,luxury-hotel-suite;luxury-suite,Dream suite 🤍✨️ Tag the person you would take here! Hotel: @calilo_ios 🎥 @juliagal_ #worldexclusivetravel #worldexclusivehotels #luxuryresort #besthot,https://www.instagram.com/reel/CrDO5DgIHXk/,https://www.instagram.com/popular/luxury-suite/
DUjiGK0iOl7,survivalvaults,219000,219K,inside-underground-bunker-house;underground-house,A Private Underground Shelter Beneath a Suburban Home. Would You Live in This Hidden Backyard Bunker?,https://www.instagram.com/reel/DUjiGK0iOl7/,https://www.instagram.com/popular/underground-house/
DAmLo4tNADi,sagistgroup,219000,219K,luxury-suite,"You know, a hotel room should make your guests feel at home. But how is that possible? It's all in the details! At Sagist Group Luxury Hotel Furniture",https://www.instagram.com/reel/DAmLo4tNADi/,https://www.instagram.com/popular/luxury-suite/
DcTD9ufyBUd,theluxuryhomeshow,218000,218K,luxury-villa,"In Europe's most exclusive residential enclave, Villa Enso establishes a new benchmark",https://www.instagram.com/reel/DcTD9ufyBUd/,https://www.instagram.com/popular/luxury-villa/
DYtwHsUo_C0,aakankshapanwarr,218000,218K,luxury-hotel,Mentally moving into this hotel forever 🕌 #hotel #indiahotel #vacationmode #explorepage,https://www.instagram.com/reel/DYtwHsUo_C0/,https://www.instagram.com/popular/luxury-hotel/
C_tDjCmyK53,archfeed_,218000,218K,waterfall-house,𝗙𝗮𝗹𝗹𝗶𝗻𝗴𝘄𝗮𝘁𝗲𝗿 | by 𝗙𝗿𝗮𝗻𝗸 𝗟𝗹𝗼𝘆𝗱 𝗪𝗿𝗶𝗴𝗵𝘁 . Fallingwater is a house designed by the archit,https://www.instagram.com/reel/C_tDjCmyK53/,https://www.instagram.com/popular/waterfall-house/
DBB2pystZct,mycambridgefairytale,218000,218K,cottagecore-living-room-design,"Outside the wind is blowing, the rain is falling, the temperatures are chilling, but the cottage is warm and cosy, the fireplace is lit, a pie is cook",https://www.instagram.com/reel/DBB2pystZct/,https://www.instagram.com/popular/cottagecore-living-room-design/
DJpBbibIpzQ,takemyhearteverywhere,217000,217K,rooftop-pool,Our favorite rooftop pool in Dubai 💧 @highsocietyatthelana feels like a secret spot above the city,https://www.instagram.com/reel/DJpBbibIpzQ/,https://www.instagram.com/popular/rooftop-pool/
DV8UUPMDOvJ,syifa_in_switzerland,217000,217K,swiss-chalet,SWISS VIEW🇨🇭🍀 #swiss #switzerland #switzerland🇨🇭 #visitswitzerland #myswitzerland,https://www.instagram.com/reel/DV8UUPMDOvJ/,https://www.instagram.com/popular/swiss-chalet/
DF221_nzn78,lee__desksetup,216000,216K,home-office-design,Home Office🏡🖥️ . . #desk #desksetup #deskgoals #deskspace #deskdecor #deskorganization #deskinspiration #desktour #setup #workspaces #designyourworksp,https://www.instagram.com/reel/DF221_nzn78/,https://www.instagram.com/popular/home-office-design/
Db0eLTCOlK-,millainmobiliaria,216000,216K,luxury-villa,"El lujo está en cada detalle. En cada espacio, cada material y cada acabado hay",https://www.instagram.com/reel/Db0eLTCOlK-/,https://www.instagram.com/popular/luxury-villa/
DISCrzEhSXC,dhrh_construction,216000,216K,beach-house,"Dreaming of coastal elegance? Let the ocean breeze inspire your next remodel. From concept to creation, we bring beach house dreams to life in Santa B",https://www.instagram.com/reel/DISCrzEhSXC/,https://www.instagram.com/popular/beach-house/
DWjJ57UCd1M,lilmalvi.design,216000,216K,ai-interior-designer,"✍🏻 AI course for interior designers The course consists of 3 blocks: basic knowledge, image creation and video creation. We will figure out how to gen",https://www.instagram.com/reel/DWjJ57UCd1M/,https://www.instagram.com/popular/ai-interior-designer/
DQDmZqGEnVC,thetrillionairelife,216000,216K,jamesedition-luxury-homes,$55 Million worth of pure class 🏠🖤 Every inch of this mansion is designed in deep black tones — from the grand double staircase,https://www.instagram.com/reel/DQDmZqGEnVC/,https://www.instagram.com/popular/jamesedition-luxury-homes/
DcEVXMsgCOR,essenzyplace,215000,215K,mid-century-modern,"It's all in the mid-century details. ✨ Warm wood, vintage accents, iconic shapes, and timeless textures that make a space feel effo",https://www.instagram.com/reel/DcEVXMsgCOR/,https://www.instagram.com/popular/mid-century-modern/
DXP2nwbDhYv,_living.aura,215000,215K,cabin,"Frozen Mountain Hut Entry, He Opened the Door in a Blizzard. #mountains #snowstorm #blizzard #survival #cabin #cinematic #POV #winter #adventure #aban",https://www.instagram.com/reel/DXP2nwbDhYv/,https://www.instagram.com/popular/cabin/
DTSfOoOkXXA,theresortscollection,215000,215K,maldives-resort,These are the 5 best all-inclusive luxury resorts in the Maldives for 2026 😍🏆 After visiting more,https://www.instagram.com/reel/DTSfOoOkXXA/,https://www.instagram.com/popular/maldives-resort/
DO5gCFkjc8M,viktoro_ok,214000,214K,mountain-house,Alpine House🌳🏡🌿 A home where silence speaks louder than words 🕊️ 🎥 @viktoro_ok #berneroberland #switzerland #mountains #schweiz #swissalps #myswitzerl,https://www.instagram.com/reel/DO5gCFkjc8M/,https://www.instagram.com/popular/mountain-house/
Dbnsja7Mtq2,chalet_restaurant_vld,214000,214K,chalet,"🎤 7 августа в 19:00 — вечер живой музыки, который нельзя пропустить! На сцене ресторана Chalet — Альберт Назранов и Марат Альборов. Вас ждут любимые х",https://www.instagram.com/reel/Dbnsja7Mtq2/,https://www.instagram.com/popular/chalet/
DVbq2h7jHlv,ihsansamhoun.interiors,213000,213K,luxury-bathroom;luxury-bathroom-design,"✨️ Luxurious Master Bathroom, marble, wood, gold! . . . #lightingdecor #lighting #lightdes",https://www.instagram.com/reel/DVbq2h7jHlv/,https://www.instagram.com/popular/luxury-bathroom/
DbJCff6TdYI,glacial_whisper,213000,213K,waterfall-house,Beyond Ordinary. 🌧️ ⸻ POV: You found the only cabin where waterfalls become,https://www.instagram.com/reel/DbJCff6TdYI/,https://www.instagram.com/popular/waterfall-house/
DdB7UxEN74L,yousef.almehdari,213000,213K,architecture-photography,My favourite trick for architectural photography on crowded areas - use long exposures to turn,https://www.instagram.com/reel/DdB7UxEN74L/,https://www.instagram.com/popular/architecture-photography/
DU7gjFqiKpl,nestseekersdubai,212000,212K,dubai-villa;luxury-villa,"Ultra luxury villa for sale in Dubai most luxurious community, contact us now",https://www.instagram.com/reel/DU7gjFqiKpl/,https://www.instagram.com/popular/luxury-villa/
DaInSUDMk1P,studio_mek,211000,211K,hotel-design,Design by Enes Kıyaklı. Bir otel lobisi sadece bekleme alanı olmak zorunda mı? Bu konseptte klasik lobi anlayışının dışına ç,https://www.instagram.com/reel/DaInSUDMk1P/,https://www.instagram.com/popular/hotel-design/
DTuHM0wEt2a,housebeyondthe,211000,211K,ai-interior,Living Room Floor Design #ai #design #home #house #shorts,https://www.instagram.com/reel/DTuHM0wEt2a/,https://www.instagram.com/popular/ai-interior/
DNIWSnSTrsf,wanderlost_prachi,211000,211K,luxury-villa-with-pool,Top 8 Romantic Villas In #nammachennai ❤️🫶💯 1) Ivy Villa @ivy_villa_ecr : 1 BHK cozy,https://www.instagram.com/reel/DNIWSnSTrsf/,https://www.instagram.com/popular/luxury-villa-with-pool/
DQqwWw9kR--,firetubs_aust,210000,210K,glamping-ideas,"@builtwithtools showcasing an evening with the family & one of our 5ft 'Cozy Chatter' FireTubs ♨️ ""With everyt",https://www.instagram.com/reel/DQqwWw9kR--/,https://www.instagram.com/popular/glamping-ideas/
DT_pHXdgeTh,ibuilddevelopers,209000,209K,luxury-closet,#closet,https://www.instagram.com/reel/DT_pHXdgeTh/,https://www.instagram.com/popular/luxury-closet/
DW4DAlHk7S1,woodmet.in,209000,209K,luxury-furniture,"This Chair Looks Expensive… And It Is 😎 | Woodmet Not every chair is made to impress… but this one is. Designed with premium wood, smooth curves & ult",https://www.instagram.com/reel/DW4DAlHk7S1/,https://www.instagram.com/popular/luxury-furniture/
DVIm05-DW6M,exploringdreamhomes,208000,208K,dream-house,Dreamy ❤️🍀,https://www.instagram.com/reel/DVIm05-DW6M/,https://www.instagram.com/popular/dream-house/
DWW_A3fAsq3,bramleyandbear,207000,207K,outdoor-kitchen,I cannot wait for a summer of alfresco cooking and dining 💛🌼☀️🍔🍕🍽️,https://www.instagram.com/reel/DWW_A3fAsq3/,https://www.instagram.com/popular/outdoor-kitchen/
CuwwzXFOWjV,creativecabinsllc,207000,207K,a-frame-modern-cabins,Who are you bringing to our modern A Frame airbnb?! 😍 • • • • #aframecabin #aframe #vacationrental #modernarchitecture #airb,https://www.instagram.com/reel/CuwwzXFOWjV/,https://www.instagram.com/popular/a-frame-modern-cabins/
DVqO8WFiar_,buildrushdiy,207000,207K,ai-house-design,From an empty cave to a luxury dream home… would you live here? 🏔️ #cavehome #luxurybuild,https://www.instagram.com/reel/DVqO8WFiar_/,https://www.instagram.com/popular/ai-house-design/
DKgm22aRXdk,vrishtidesigns,206000,206K,kids-room-design,"A little world where dreams begin. Soft hues, gentle light, and everything they love",https://www.instagram.com/reel/DKgm22aRXdk/,https://www.instagram.com/popular/kids-room-design/
DUjgIpWki_Z,swimply,206000,206K,indoor-pool,"Indoor pool drop! 💜 With summer still month away, enjoy this warm indoor oasis 🏖 70 five-star reviews ⭐️",https://www.instagram.com/reel/DUjgIpWki_Z/,https://www.instagram.com/popular/indoor-pool/
DW64JlFCA0l,nikol.hladek,205000,205K,kitchen-inspiration,The most common question I get is about our kitchen countertop 🤍 Taj Mahal is timeless and so unique ✨ #newhome #homeinspo #neutralhome #kitcheninspir,https://www.instagram.com/reel/DW64JlFCA0l/,https://www.instagram.com/popular/kitchen-inspiration/
DMxbIOpsUck,barnesrealty,204000,204K,ibiza-villa,"For Sale – Ibiza – Villa Lumina – 8 Bedrooms – Sea & Sunset Views – Private Gated Community For more information, contact: z",https://www.instagram.com/reel/DMxbIOpsUck/,https://www.instagram.com/popular/ibiza-villa/
DVrCBxKgIA5,erikaculmer_,203000,203K,luxury-homes;luxury-real-estate,"Welcome to the pinnacle of luxury living. Offered at $9,850,000, this extraordinary residence embodies the essence of the Miami lifestyle. Spanning ov",https://www.instagram.com/reel/DVrCBxKgIA5/,https://www.instagram.com/popular/luxury-homes/
DdW_0-CAk7K,02xh.o,202000,202K,japandi,Recomendando 3 marcas de Taobao para vestir Japandi:) #fashion #japandi,https://www.instagram.com/reel/DdW_0-CAk7K/,https://www.instagram.com/popular/japandi/
DQppv9NDMaz,luxurdream,202000,202K,luxury-life,The life I'm chasing 🫀 #motiation #luxury #achieve #financialfreedom #manifest #luxurycars #travel #lifestyle,https://www.instagram.com/reel/DQppv9NDMaz/,https://www.instagram.com/popular/luxury-life/
DVgcBnQDf1-,kristinanevans,202000,202K,outdoor-living,It's only March 5th but I have already been outside prepping all my outdoor spaces for spring and summer. The best time of the year!!,https://www.instagram.com/reel/DVgcBnQDf1-/,https://www.instagram.com/popular/outdoor-living/
DJrVdhtowGH,theluxuryhomeshow,202000,202K,mansion-tour,"Inside a $70,000,000 Mansion in California.. wait for the basement 😲 To meet the owner, @michael",https://www.instagram.com/reel/DJrVdhtowGH/,https://www.instagram.com/popular/mansion-tour/
DWEO0qoAFq2,dream._home_designs,202000,202K,coastal-bedroom-design-ideas,bedroom transformation video in costal style . . . . #roomdesign #homedesign,https://www.instagram.com/reel/DWEO0qoAFq2/,https://www.instagram.com/popular/coastal-bedroom-design-ideas/
DVyzy-UEabK,atelier.karolina,200000,200K,luxury-bathroom,Same bathroom. Two design directions. 🖤🤍 #bathroomdesign #bathroominspo #bathroomremodel,https://www.instagram.com/reel/DVyzy-UEabK/,https://www.instagram.com/popular/luxury-bathroom/
DP9iatjAGnw,justvideowalls,200000,200K,home-theater,Just a couple dudes watching a super manly trailer 🫡 Not afraid to say it! Lilo and Stitch looks and sounds awesome,https://www.instagram.com/reel/DP9iatjAGnw/,https://www.instagram.com/popular/home-theater/
DJXc1c4tMn1,purestvintage,200000,200K,ai-house,Frutiger aqua interior 🐠💧 Would you live here ?✨ follow @purestvintage • • • #nostalgia #2010s #aesthetic #nostalgic #fyp #dreamcore #feverdream,https://www.instagram.com/reel/DJXc1c4tMn1/,https://www.instagram.com/popular/ai-house/
DY7ltqKIltc,oliverbernardprivate,200000,200K,london-apartment,"Three occupied. One left. The final apartment at The Seymour Collection – a one-bedroom on the second floor with south-facing light, remarkable ceilin",https://www.instagram.com/reel/DY7ltqKIltc/,https://www.instagram.com/popular/london-apartment/
DIBbj5usY8-,kenxtori,200000,200K,bora-bora-luxury-hotels,"Who are you bringing here?? 😍👇🏼 🎎 @kenxtori 👆🏼 Follow for more bucket list & luxury travel inspo! 📍 @fsborabora Bora Bora, French P",https://www.instagram.com/reel/DIBbj5usY8-/,https://www.instagram.com/popular/bora-bora-luxury-hotels/
DQl4ONeEabG,gmjinterior,199000,199K,luxury-dining-room,✨ The Art of Dining in Pure Luxury ✨ Step into a realm where every meal becomes a celebration.,https://www.instagram.com/reel/DQl4ONeEabG/,https://www.instagram.com/popular/luxury-dining-room/
C7wM_onsI2z,laurenashleyhansen,199000,199K,organic-modern,MODERN ORGANIC mini home tour 🤍 comment STYLE and I'll send you ways to shop our home Which space is your f,https://www.instagram.com/reel/C7wM_onsI2z/,https://www.instagram.com/popular/organic-modern/
DdRFhAmj2Y5,hasselblad,198000,198K,architecture-photography,"A thousand-year-old inscription, brought into focus. Silent yet enduring, the Yingxian Wooden Pagoda carries a presence shaped",https://www.instagram.com/reel/DdRFhAmj2Y5/,https://www.instagram.com/popular/architecture-photography/
DVoT3tCCOfx,lattefueledmonster,198000,198K,dark-academia-home-library,"I'm officially done with the built-ins. I can't stop staring at the details and I feel like I never want to leave this room again, lol. I still can't",https://www.instagram.com/reel/DVoT3tCCOfx/,https://www.instagram.com/popular/dark-academia-home-library/
DRx5dytiJWY,hotelsguide_,197000,197K,arctic-treehouse-hotel-rovaniemi,"In the heart of Finnish Lapland, @apukkaresort offers one of the most immersive ways to experience the Arctic winter. Between panoramic igloos, snowy",https://www.instagram.com/reel/DRx5dytiJWY/,https://www.instagram.com/popular/arctic-treehouse-hotel-rovaniemi/
Db25-KPNaeF,fushuhousedesign,196000,196K,modern-classic-interior-design,𓍯 Warm Lights and Timeless Classic Elegance ✨ #VintageHome #EuropeanElegance #CozyInte,https://www.instagram.com/reel/Db25-KPNaeF/,https://www.instagram.com/popular/modern-classic-interior-design/
CfT-lzPjjgQ,flexicube.eu,196000,196K,container-house,L15 container house 🏡 Interested? Contact us now #container #containers #containerhome #containerhouse #containerlife #containerliving #tinyliving #ca,https://www.instagram.com/reel/CfT-lzPjjgQ/,https://www.instagram.com/popular/container-house/
Dblh2QWRUn_,zalabadesign,196000,196K,futuristic-interior,"This vibe is making a strong comeback, but it never really disappeared. It simply evolved. The renewed interest in neo futurism, Italian modernism, an",https://www.instagram.com/reel/Dblh2QWRUn_/,https://www.instagram.com/popular/futuristic-interior/
DLusmHHtEF-,keyf.alhaal,196000,196K,saudi-arabia-architecture,البيت هو حيث قلبك - 🇸🇦الرياض🤍 الرياض ليست مجرد مدينة، بل هي موطني - مدينة تمزج بب,https://www.instagram.com/reel/DLusmHHtEF-/,https://www.instagram.com/popular/saudi-arabia-architecture/
DbWOv-IxYaz,rodnova_installation_,195000,195K,dream-kitchens;luxury-kitchen,Luxury isn't just about design—it's about every detail coming together in,https://www.instagram.com/reel/DbWOv-IxYaz/,https://www.instagram.com/popular/luxury-kitchen/
DQzSlpiiHVN,theluxuryhomeshow,195000,195K,scandinavian-interior-design;scandinavian-interior-design-styles,"Inside interior stylist Sara Mungeam's (@houseobsessed) London home, a study in Scandinavian",https://www.instagram.com/reel/DQzSlpiiHVN/,https://www.instagram.com/popular/scandinavian-interior-design/
DJWtQMBNGl3,whatif.real,195000,195K,cliff-house,Add someone with whom you would want to be stuck here 😏😉 . . #luxuryliving #dreamhome,https://www.instagram.com/reel/DJWtQMBNGl3/,https://www.instagram.com/popular/cliff-house/
DV89BZfkhpW,nature.tales._by_arjun,194000,194K,mountain-house,Beautiful ❤️❤️ mountain house 🏡🏠#reels #beautiful #house #mountains #virals ❤️🏡🏠💓🌴🦜👍🙏,https://www.instagram.com/reel/DV89BZfkhpW/,https://www.instagram.com/popular/mountain-house/
DJrNsRipl0N,ringchen.furniture,194000,194K,furniture-design,The most talked-about craft #sofa #functionalsofa #furniturefactory #chinesefurniture #procurement #custom,https://www.instagram.com/reel/DJrNsRipl0N/,https://www.instagram.com/popular/furniture-design/
DP1nHTajfMc,velartyestates,194000,194K,como-lake-villas,"Soon you'll be able to book villas like this with us, stay tuned…🗝️ #italy #lakecomo #luxuryh",https://www.instagram.com/reel/DP1nHTajfMc/,https://www.instagram.com/popular/como-lake-villas/
C6HZTIzvreP,thenightfallgroup,193000,193K,miami-mansion,"This Miami Beach mansion is offered at $80,000/month Bedrooms: 7 | Bathrooms 7 | 5,327",https://www.instagram.com/reel/C6HZTIzvreP/,https://www.instagram.com/popular/miami-mansion/
DVBZs-rgYvC,jareef__saifi,192000,192K,interior-design-ideas;living-room-design;luxury-living-room;modern-living-room,A Calm & Classy Modern Lifestyle Living Room ✨🏡 #livingroomdecor #interiordesign #reelsvideo,https://www.instagram.com/reel/DVBZs-rgYvC/,https://www.instagram.com/popular/luxury-living-room/
Dcxy68nOSPJ,engr_manish,192000,192K,modern-house,#explorepage #instagramreels #viral #modernhouse #architecture,https://www.instagram.com/reel/Dcxy68nOSPJ/,https://www.instagram.com/popular/modern-house/
DczE1XUTIrH,cyborg.digitalart,192000,192K,ai-art,Infinite ocean ❤️ This video is made with @openart_ai @madewithopenart HD live Wallpaper link,https://www.instagram.com/reel/DczE1XUTIrH/,https://www.instagram.com/popular/ai-art/
DadknxmJ50i,kapsolutionscorp,191000,191K,backyard-design,Golden hour goals. 🌅✨ Unwinding in this ultimate backyard oasis. Who would you invite,https://www.instagram.com/reel/DadknxmJ50i/,https://www.instagram.com/popular/backyard-design/
DGJnf-fJs40,kendra_homedecor,191000,191K,home-decor;home-decor-ideas,"Good afternoon and happy Sunday, my lovely! Wishing you a great day! Shop my home on my BIO. #winte",https://www.instagram.com/reel/DGJnf-fJs40/,https://www.instagram.com/popular/home-decor/
DbuAyo8Jhe_,__sensorial_,190000,190K,desert-house-interior-design-ideas,"En esta propuesta, la madera aporta calidez las fibras naturales aportan textura la vegetación pausa y la luz profundidad por eso un espacio puede sen",https://www.instagram.com/reel/DbuAyo8Jhe_/,https://www.instagram.com/popular/desert-house-interior-design-ideas/
DbTRDeMyaOy,naturesms,189000,189K,biophilic-bedroom-design,What kind of person would like this kind of atmosphere? #rainyday #rainforest,https://www.instagram.com/reel/DbTRDeMyaOy/,https://www.instagram.com/popular/biophilic-bedroom-design/
DaLPPvhAq2e,dream._home_designs,189000,189K,green-minimalist-interior-design,bedroom transformation video in sage green color . . #roomdesign #homedesign,https://www.instagram.com/reel/DaLPPvhAq2e/,https://www.instagram.com/popular/green-minimalist-interior-design/
DWJ1aOIiing,vishnu_xo,188000,188K,luxury-bedroom;luxury-bedroom-design,"Not a bedroom… this is a whole universe 🌌✨ Sleep under stars, wake up in luxury. #LuxuryLiving #Be",https://www.instagram.com/reel/DWJ1aOIiing/,https://www.instagram.com/popular/luxury-bedroom/
DMp293mPKT0,mazaridevelopments,188000,188K,tropical-villa,"Home after 6PM hits different. Soft lighting, evening swims. And that quiet moment where the day",https://www.instagram.com/reel/DMp293mPKT0/,https://www.instagram.com/popular/tropical-villa/
DcgmeFsxg2T,andresnunezarquitectos,188000,188K,architecture-design;architecture-photography,Casa Francis Condominio Hacienda Chicureo,https://www.instagram.com/reel/DcgmeFsxg2T/,https://www.instagram.com/popular/architecture-design/
C_DtJZ-KOmX,abdullahaslanoglu_,187000,187K,luxury-dining-room,Luxury dining area concept. 😍❤️‍🔥 Designer @abdullahaslanoglu_ #reklam #işbirliği değildir.,https://www.instagram.com/reel/C_DtJZ-KOmX/,https://www.instagram.com/popular/luxury-dining-room/
DY_ftgQz3bA,jakerowleyyy,187000,187K,luxury-hotel-room,dreamy #realestate #sales #lifestyle #australia #travel,https://www.instagram.com/reel/DY_ftgQz3bA/,https://www.instagram.com/popular/luxury-hotel-room/
DGLk6d8OIef,sheivaafshari,187000,187K,waterfall-house,آرزویی که واقعی شد ✨😍 همیشه این خانه آبشار رو ما بچه های معماری تو,https://www.instagram.com/reel/DGLk6d8OIef/,https://www.instagram.com/popular/waterfall-house/
DYtPkX5sfx_,havello3,187000,187K,dreamy-walk-in-closet-designs-ideas,This floor-to-ceiling walk-in closet design saves so much space! #clothes Hat closet #Small,https://www.instagram.com/reel/DYtPkX5sfx_/,https://www.instagram.com/popular/dreamy-walk-in-closet-designs-ideas/
DNm5oeiSiWo,vizag_talks,187000,187K,luxury-villa-with-pool,"Most luxurious villas in vizag , Crazy experience 🔥 📍Bheemili 📞9666292242 .",https://www.instagram.com/reel/DNm5oeiSiWo/,https://www.instagram.com/popular/luxury-villa-with-pool/
Dbvmgj_qmmi,shivani_mistry22,186000,186K,best-rooftop-pools,Serving views with the view @auraskypool.dubai ❤️🔥 #AuraSkyPool #Dubai #InfinityPool #PoolGlam #Instatravel,https://www.instagram.com/reel/Dbvmgj_qmmi/,https://www.instagram.com/popular/best-rooftop-pools/
DMGOgrpNAHt,ioscapes,185000,185K,ai-generated-architecture-designs;futuristic-architecture;futuristic-architecture-designs-2026,"The Rogue Noir Residence ""𝑬𝒍𝒆𝒈𝒂𝒏𝒄𝒆 𝑩𝒆𝒚𝒐𝒏𝒅 𝑮𝒆𝒐𝒎𝒆𝒕𝒓𝒚"" 𝐍𝐞𝐨𝐜𝐨𝐬𝐦𝐢𝐜",https://www.instagram.com/reel/DMGOgrpNAHt/,https://www.instagram.com/popular/futuristic-architecture/
DS47rSojdQ-,realtordenisbibik,185000,185K,luxury-pool;villa-with-pool,This is what slow living looks like Contact me for Real Estate in Miami @realtordenisbibik . .,https://www.instagram.com/reel/DS47rSojdQ-/,https://www.instagram.com/popular/luxury-pool/
DY6uf8_Bbkz,elvavillasbali,185000,185K,bali-villa,"🤩⬇️ BALI VILLA GOALS!!🌴 Save for later and share with your person that you need to rent this villa out 🤍 Follow @elvavillasbali + Comment ""Villa Elva""",https://www.instagram.com/reel/DY6uf8_Bbkz/,https://www.instagram.com/popular/bali-villa/
DaVPmakMsRk,noborutravel,185000,185K,boutique-hotel,"It's called @jnanerumi and was one of my favourite stays of last year in Marrakech. It is the definition of luxury boutique hotel. Not a standardized,",https://www.instagram.com/reel/DaVPmakMsRk/,https://www.instagram.com/popular/boutique-hotel/
DONovjQCeGG,oakandorange,185000,185K,outdoor-living,"Imagine this 👉 summer BBQs with friends, cosy winter nights by the fire, and long spring lunches with the family…",https://www.instagram.com/reel/DONovjQCeGG/,https://www.instagram.com/popular/outdoor-living/
DUqko75iC1o,arch_sana80,184000,184K,architecture-design,إخراج واجهة كلاسكية🤍 ريل قديم نحظر و بحبه ف رجعت نزلته🥹✨ #architecture #architect #reels #arch,https://www.instagram.com/reel/DUqko75iC1o/,https://www.instagram.com/popular/architecture-design/
DYC3yYosCkR,kaiboet,184000,184K,mid-century-modern-living-room-ideas,welcome to my sanctuary . . . . . . Interior - Interiorinspo - homedecor - midcentury modern - design,https://www.instagram.com/reel/DYC3yYosCkR/,https://www.instagram.com/popular/mid-century-modern-living-room-ideas/
DXKMeOmgjnO,_.decor_and_more._,183000,183K,luxury-dining-room,When you design a room with love it always shines through!get inspired by this beautiful dining room,https://www.instagram.com/reel/DXKMeOmgjnO/,https://www.instagram.com/popular/luxury-dining-room/
DbIGiNeTnns,the.homebody.club8,182000,182K,neoclassical-interior,Timeless elegance never goes out of style. #ClassicInteriors #LuxuryInteriors #InteriorDes,https://www.instagram.com/reel/DbIGiNeTnns/,https://www.instagram.com/popular/neoclassical-interior/
DbTkaFoqG44,vishnu_xo,182000,182K,luxury-room,✨ One room. Five stunning designs. Which one matches your style? 🤍 🏷️ 1️⃣ 2️⃣ 3️⃣ 4️⃣ or 5️⃣? Vote in the comments,https://www.instagram.com/reel/DbTkaFoqG44/,https://www.instagram.com/popular/luxury-room/
DXYzD00D02n,theacedesignco,181000,181K,art-deco-interior-design,"Pinned under art deco ✨ bold geometry, rich tones, and timeless glamour that never fades 🖤 . . . . #artdeco #viralreels #artdecofurniture #artdec",https://www.instagram.com/reel/DXYzD00D02n/,https://www.instagram.com/popular/art-deco-interior-design/
DDsz7gsyQc0,missgloriac,181000,181K,beverly-hills-mansion,Imagine waking up to these Beverly Hills City Views 💕,https://www.instagram.com/reel/DDsz7gsyQc0/,https://www.instagram.com/popular/beverly-hills-mansion/
DUoWEaHEZ5U,casatropicaltulum,180000,180K,tropical-villa,"If this feels like your kind of stay, comment ""VILLA"" and we'll send you the details. Welco",https://www.instagram.com/reel/DUoWEaHEZ5U/,https://www.instagram.com/popular/tropical-villa/
DcT7TX_Myp1,ak._.furnitures,180000,180K,furniture-design,Count till ten and view ten different designs. #design #furnituredesign #qualitymatter,https://www.instagram.com/reel/DcT7TX_Myp1/,https://www.instagram.com/popular/furniture-design/
DSp3KunjJsI,ihsansamhoun.interiors,180000,180K,luxury-master-bedroom-interior-design,"✨️ Luxurious Master Bedroom, beige, grey, brown! . . . #lightingdesign #lightingdecor #lighting",https://www.instagram.com/reel/DSp3KunjJsI/,https://www.instagram.com/popular/luxury-master-bedroom-interior-design/
DU-vAEujd8W,alexander_zakharin,179000,179K,penthouse-tour,Living a dream #newyork #apartment #penthouse,https://www.instagram.com/reel/DU-vAEujd8W/,https://www.instagram.com/popular/penthouse-tour/
CxJa9moyVXj,casasforsale,178000,178K,luxury-real-estate-mansion-exterior,Picture returning to this sanctuary daily. Bringing this masterpiece to life 🎥 @wayup_media Architect: @martinisam,https://www.instagram.com/reel/CxJa9moyVXj/,https://www.instagram.com/popular/luxury-real-estate-mansion-exterior/
DcG3vbhCYtF,relaxinoffgrid,177000,177K,glass-house,Sound ON. 🌧️🔥 The ultimate rainy day glasshouse. If you had this cozy cabin for the wee,https://www.instagram.com/reel/DcG3vbhCYtF/,https://www.instagram.com/popular/glass-house/
DYU8hU7tjzW,thecubeshape,176000,176K,modern-classic-interior-design;neoclassical-interior,بعض اهم انماط المدرسة الكلاسيكية في التصميم الداخلي . قولولنا كنتوا تعرفوا انه,https://www.instagram.com/reel/DYU8hU7tjzW/,https://www.instagram.com/popular/neoclassical-interior/
DVGmQsWjDwh,parametric.architecture,176000,176K,impossible-architecture,📌The Sagrada Família reaches its highest point with the placement of the upper arm of the cross,https://www.instagram.com/reel/DVGmQsWjDwh/,https://www.instagram.com/popular/impossible-architecture/
DctMPcPR6Ik,tiny.homees,176000,176K,cozy-cabin,"Storm outside, peace inside. 🌊🕯️ #cozycabin #stormysea #oceanview #tinyh",https://www.instagram.com/reel/DctMPcPR6Ik/,https://www.instagram.com/popular/cozy-cabin/
C_xRGLoyk-G,theavenuehotel_,176000,176K,luxury-hotel-suite,Experience the luxury 😍 . . . . . . #hotel #hotels #food #vacation #vacations #travel,https://www.instagram.com/reel/C_xRGLoyk-G/,https://www.instagram.com/popular/luxury-hotel-suite/
DT38DJdgRAh,ibuilddevelopers,175000,175K,dream-kitchen;kitchen-design,#weekendishere,https://www.instagram.com/reel/DT38DJdgRAh/,https://www.instagram.com/popular/dream-kitchen/
DQorFplja_V,andreavetrano,175000,175K,luxury-hotel-suite,"Suite serenity in Casablanca at @royalmansourcasablanca . Morning light, flawless details, and a view",https://www.instagram.com/reel/DQorFplja_V/,https://www.instagram.com/popular/luxury-hotel-suite/
DKgatEnxxvZ,rq.concepts,174000,174K,tropical-house-architecture-styles,"a modern tropical architectural style, blending contemporary design with natural elements. . Client : Aslam Location : Cheruthuruthi, Palakkad, kerala",https://www.instagram.com/reel/DKgatEnxxvZ/,https://www.instagram.com/popular/tropical-house-architecture-styles/
DCFOTHSCPr-,homesandgardensofficial,172000,172K,home-library,"Having a home library is the dream for book lovers everywhere and this cozy blue space, designed by @pringleandpringle, is the perfect spot to curl up",https://www.instagram.com/reel/DCFOTHSCPr-/,https://www.instagram.com/popular/home-library/
DRmuO5dgprK,calm_neststudio,172000,172K,rain-sounds,Relaxing Rain for Sleep #relaxingasmrsounds #asmrrain #rainasmr #relaxingrainsounds #rainsoundsforsleeping #sleeprain #sleeprain #relaxingrain,https://www.instagram.com/reel/DRmuO5dgprK/,https://www.instagram.com/popular/rain-sounds/
Da6Yo6Ah4HZ,lauraingraham,169000,169K,aspen,The Angle is back on the move! 📍Aspen,https://www.instagram.com/reel/Da6Yo6Ah4HZ/,https://www.instagram.com/popular/aspen/
DXW0vIhiIhz,hosambaghdady,169000,169K,ai-generated-architecture-designs,TIPS AI @hosambaghdady #ai #gemini #architecture #videoai #homedesign architecture veo3ai tip v,https://www.instagram.com/reel/DXW0vIhiIhz/,https://www.instagram.com/popular/ai-generated-architecture-designs/
DaGnR0_skWc,ojs_,168000,168K,luxury-hotel-room,💌💌 #اكسبلور #foryou #اكسبلورر #explore #تصوير,https://www.instagram.com/reel/DaGnR0_skWc/,https://www.instagram.com/popular/luxury-hotel-room/
DUFlgWFDG3g,iamsarahharris,168000,168K,arctic-treehouse-hotel-rovaniemi,POV you finally book that Lapland trip 🥹🤎 We stayed between Saariselka and Rovaniemi and this video is all from @arctictreehousehotel in Rovaniemi. Be,https://www.instagram.com/reel/DUFlgWFDG3g/,https://www.instagram.com/popular/arctic-treehouse-hotel-rovaniemi/
DZo_K7KAw46,luxoraify,167000,167K,bathroom-design,"😍 Small Space, Big Luxury – Bathroom Transformation Goals #bathroom #explore #trendingreels #interiordesign #trending",https://www.instagram.com/reel/DZo_K7KAw46/,https://www.instagram.com/popular/bathroom-design/
DZMyqPbTlEg,sucy_dome_house_factory,167000,167K,glass-house,How is a glass room created? Here is the step-by-step process. #星空房 #星空房厂家 #OutdoorLiving,https://www.instagram.com/reel/DZMyqPbTlEg/,https://www.instagram.com/popular/glass-house/
DQ1Yi8XkWn6,thebaliexpert,167000,167K,bali-infinity-pool-villas;bali-luxury-villas-with-private-pools;bali-villa,Your Bali villa dream come true🔥🌴😍 @baliexpertvillas Gather your crew just like @vywherenext did and wake up to rice fields and sunrise views. This lu,https://www.instagram.com/reel/DQ1Yi8XkWn6/,https://www.instagram.com/popular/bali-villa/
DLUe-q7RwDU,theyoungvillas,167000,167K,bali-villa,"This one-bedroom villa in Bali is perfect for a romantic holiday 🥰 Treat yourself, book your stay on our website 🌴🌊 @theyoungvillas",https://www.instagram.com/reel/DLUe-q7RwDU/,https://www.instagram.com/popular/bali-villa/
DWwhndMiBi0,architects_need,167000,167K,ai-render,"Create ultra-realistic renders and cinematic walkthrough videos in seconds with @vibe3d.ai — no complex setup, no",https://www.instagram.com/reel/DWwhndMiBi0/,https://www.instagram.com/popular/ai-render/
DdG5HwoOmiA,wayup_media,166000,166K,dream-house;jamesedition-luxury-homes;luxury-house-tour,Let's just stay in tonight 😌 Interior Design: @house_of_reem #luxuryrealestate #mansion,https://www.instagram.com/reel/DdG5HwoOmiA/,https://www.instagram.com/popular/dream-house/
DcO6k0Yh7fl,isaacfrench_,166000,166K,cabins,This trick is called value engineering. It's one of the most important things to no if you were trying to build something truly beautiful but you are,https://www.instagram.com/reel/DcO6k0Yh7fl/,https://www.instagram.com/popular/cabins/
DSxdffvjsz7,beautifulhotels,166000,166K,arctic-treehouse-hotel-rovaniemi,"Ever dreamed of sleeping under the northern lights? Start with these Lapland stays. 💫 🌲 Kuuru Lakeside, Salla (@tjbetrippin): Secluded cabins on a fro",https://www.instagram.com/reel/DSxdffvjsz7/,https://www.instagram.com/popular/arctic-treehouse-hotel-rovaniemi/
DU0_4QEEuAM,d_design.studio._,165000,165K,rooftop-terrace,Cozy chats. Skyline sips. Elevated evenings. From slow coffee mornings to rooftop bar nights — this terrace was designed to live beauti,https://www.instagram.com/reel/DU0_4QEEuAM/,https://www.instagram.com/popular/rooftop-terrace/
DYEw9IwKL1L,panneauhomedecor,165000,165K,green-minimalist-interior-design,"Green obsession ✨ من بيحب اللون الأخضر ؟!💚 #design #green #homedesign #interiordecor #interiors Interior design, home decor, design , greens,",https://www.instagram.com/reel/DYEw9IwKL1L/,https://www.instagram.com/popular/green-minimalist-interior-design/
DURCEoKCbEm,luxquisit,165000,165K,faroe-islands-luxury-villas,A Private Island Retreat Surrounded by Nature,https://www.instagram.com/reel/DURCEoKCbEm/,https://www.instagram.com/popular/faroe-islands-luxury-villas/
DX03czIsO6x,isabella.aroundtheworld,164000,164K,lake-como-villa,One of the prettiest villas at Lake Como 😍,https://www.instagram.com/reel/DX03czIsO6x/,https://www.instagram.com/popular/lake-como-villa/
DGvMtw_xUof,karlahomestyle,164000,164K,outdoor-living,"Counting down the days until sunshine, patio hangs, and barefoot mornings✨ #manifestingsummer #summervibes #warmweatherfeels",https://www.instagram.com/reel/DGvMtw_xUof/,https://www.instagram.com/popular/outdoor-living/
DY_0tu2zDVh,balihomeimmo,163000,163K,tropical-villa,Timeless luxury lives near Pererenan 🤍 Tucked along a peaceful lane just moments from the coa,https://www.instagram.com/reel/DY_0tu2zDVh/,https://www.instagram.com/popular/tropical-villa/
CwNtKGCgvT9,tamanna9147,163000,163K,rooftop-pool,What a pool view !! 💙 @addressskyview . . . . . . #dubaiinfluencer#travelblogger#traveltheworld,https://www.instagram.com/reel/CwNtKGCgvT9/,https://www.instagram.com/popular/rooftop-pool/
DT2fx5RE9eU,vkuoo,163000,163K,midjourney-architecture,🏗️✨ DESIGN 10 BUILDINGS IN 10 SECONDS? AI JUST REWROTE ARCHITECTURE. Same site. Infinite designs — all AI-generated. See the algorithm go wild 👇 Wait,https://www.instagram.com/reel/DT2fx5RE9eU/,https://www.instagram.com/popular/midjourney-architecture/
DVgQrzKgpki,neuraltransform,163000,163K,landscape-design-ai,Modern Landscape Elegance ✨🏡 #ModernLandscaping #LandscapeDesign #CurbAppeal #OutdoorLiv,https://www.instagram.com/reel/DVgQrzKgpki/,https://www.instagram.com/popular/landscape-design-ai/
DOdcoLagmoM,dutch_belgium_gardens,162000,162K,luxury-garden,"✨ Clean lines, deep greens, and a touch of color. Modern gardens where peace and elegance come together. 🌿💜 DB Gardens | Inspiration for luxury garden",https://www.instagram.com/reel/DOdcoLagmoM/,https://www.instagram.com/popular/luxury-garden/
DIbvZbey4Ki,dezo_interior,161000,161K,luxury-bedroom-design;luxury-master-bedroom;luxury-master-bedroom-interior-design,Master bedroom jahan elegance milti hai smart design se — front wall pe custom bed aur designe,https://www.instagram.com/reel/DIbvZbey4Ki/,https://www.instagram.com/popular/luxury-master-bedroom/
Db0tDSPtQ2Y,francescobeggio,161000,161K,architecture-photography,"Il Lost Shtetl Museum, progettato da Lahdelma & Mahlamäki Architects e completato nel 2025, è un gioiello architettonico",https://www.instagram.com/reel/Db0tDSPtQ2Y/,https://www.instagram.com/popular/architecture-photography/
DFJAv8yxaHp,natureexplorers.pk,161000,161K,hunza-valley-luxury-resorts,"📍GUMAAN RESORT, SKARDU Coming soon",https://www.instagram.com/reel/DFJAv8yxaHp/,https://www.instagram.com/popular/hunza-valley-luxury-resorts/
DaT3p-osKqe,joinfirstchair,160000,160K,green-minimalist-interior-design,looking for beautiful decor? comment 'Green' and we'll send you a link with options you can see in your space and add to your wishlist ↓,https://www.instagram.com/reel/DaT3p-osKqe/,https://www.instagram.com/popular/green-minimalist-interior-design/
DUWZXEPiLip,luxuryhouseview,159000,159K,futuristic-house;futuristic-houses,"Not just a home, it's a lifestyle illuminated in elegance.""🖤💎 #LuxuryHome #ModernVilla #DreamHouse #EliteLiving",https://www.instagram.com/reel/DUWZXEPiLip/,https://www.instagram.com/popular/futuristic-house/
DbUqSgCtQO8,muhammad_azhar_official,159000,159K,architecture-design,"We are a team of Architects and Engineers, Providing High Quality of work. 🏠Get your House design today ⌚",https://www.instagram.com/reel/DbUqSgCtQO8/,https://www.instagram.com/popular/architecture-design/
DIbLE0qNPwG,absolookid,158000,158K,wabi-sabi-interior,"Stepping into this wabi-sabi home is like entering a zen spa. 🧘‍♀️ The soft, muted tones create",https://www.instagram.com/reel/DIbLE0qNPwG/,https://www.instagram.com/popular/wabi-sabi-interior/
DZ5u1gbI4fE,luxuryhouseview,157000,157K,luxury-house,Such A Home Where luxury meets starlight and every corner feels like a dream. ✨💎🌙,https://www.instagram.com/reel/DZ5u1gbI4fE/,https://www.instagram.com/popular/luxury-house/
DUjuUXRDegY,antt,157000,157K,luxury-penthouse;penthouse-tour,#penthouse,https://www.instagram.com/reel/DUjuUXRDegY/,https://www.instagram.com/popular/luxury-penthouse/
DNDW9N8yED3,villa.eyla,157000,157K,bali-villa,Book your stay with us at @villa.eyla Bali 🫶🏻✨ Please click the link in our bio for availability and rates 🤍 #bali #villa #balivilla #villabali #balih,https://www.instagram.com/reel/DNDW9N8yED3/,https://www.instagram.com/popular/bali-villa/
Dah-CfmJ_l-,treelagao_2,157000,157K,landscape-design,Landscaping | Plantation #landscaping_design #landscaping #landscape_lovers #landsc,https://www.instagram.com/reel/Dah-CfmJ_l-/,https://www.instagram.com/popular/landscape-design/
DYVP8nCTtht,modernconstructiondiy,157000,157K,landscape-design,Modern Landscaping Ideas Homeowners Are Loving Right Now,https://www.instagram.com/reel/DYVP8nCTtht/,https://www.instagram.com/popular/landscape-design/
DczN3eyNIoe,mike.osin,157000,157K,futuristic-architecture-designs-2026,Imagine..,https://www.instagram.com/reel/DczN3eyNIoe/,https://www.instagram.com/popular/futuristic-architecture-designs-2026/
Db9ODNdBcjh,remodel_design_,156000,156K,futuristic-interior,"Modern High-Rise, Floor-to-Ceiling Glass & Moody Tones 💡 #ModernMinimalism #HighRiseLiving #LuxuryApartment #RainyCityVibes #moodyinter",https://www.instagram.com/reel/Db9ODNdBcjh/,https://www.instagram.com/popular/futuristic-interior/
DQuNebgiM2K,the.nuance.studio,156000,156K,parametric-architecture,. PRISMA OFFICE BUILDING Architect: Amirali sharifi @the.nuance.studio Visualisation: @ar,https://www.instagram.com/reel/DQuNebgiM2K/,https://www.instagram.com/popular/parametric-architecture/
DWfOW1Xjt2w,lumispace.ai,156000,156K,dreamy-walk-in-closet-designs-ideas,That awkward corner? We turned it into a diamond-shaped walk-in closet 🤯 No wasted space.,https://www.instagram.com/reel/DWfOW1Xjt2w/,https://www.instagram.com/popular/dreamy-walk-in-closet-designs-ideas/
DV0xcjvjC-w,fahedz90,154000,154K,luxury-suite,What's the most luxurious suite you've ever stayed in? 👇 .. #suites #resort #hotel #luxury #hotel,https://www.instagram.com/reel/DV0xcjvjC-w/,https://www.instagram.com/popular/luxury-suite/
DaS_liaNngq,kuchecucina,153000,153K,walk-in-closet,Closet goals unlocked ✨ His vs hers closet… and hers clearly won this round 😅,https://www.instagram.com/reel/DaS_liaNngq/,https://www.instagram.com/popular/walk-in-closet/
DUu6jhCk4QP,pergola_uae,153000,153K,glass-house;glass-house-photos,Modern Glass Room ⭐️ ABUDHABI 📍 6 x 6 m 📏 For Contact ☎️ 050-8687086,https://www.instagram.com/reel/DUu6jhCk4QP/,https://www.instagram.com/popular/glass-house/
DRRrdauCdP9,terplanet,153000,153K,overwater-villa,The best alarm clock ever: turquoise water at your doorstep. 🤍🌊😍 Waking up in an overwater residence and jumping straight,https://www.instagram.com/reel/DRRrdauCdP9/,https://www.instagram.com/popular/overwater-villa/
C9KFwGWs_zm,romesignature,153000,153K,dream-kitchens,"A space that marries form and function seamlessly, from top-of-the-line appliances to custom finishes. this kitchen is a feast for the eye",https://www.instagram.com/reel/C9KFwGWs_zm/,https://www.instagram.com/popular/dream-kitchens/
C7BZHLQRCI8,casaversacedxb,152000,152K,mediterranean-villa;modern-mediterranean-houses,NEW PROJECT / MEDITERRANEAN VILLA / 2024 The villa is spread over two above-ground levels and one basement level. The design is articulated in two vol,https://www.instagram.com/reel/C7BZHLQRCI8/,https://www.instagram.com/popular/mediterranean-villa/
C8jn8dLtnJh,fincadelicaibiza,152000,152K,ibiza-luxury-villas-sea-view;ibiza-villa,"Xarraca, Ibiza - Sea Access Estate: Feel the essence of barefoot luxury and tranquil elegance at our beachfront Ibiza villa.",https://www.instagram.com/reel/C8jn8dLtnJh/,https://www.instagram.com/popular/ibiza-villa/
DRP7TseCBZt,romania,152000,152K,cozy-cabin-in-the-snow,"What pulls you inward? The first snow descends over the Romanian forest like a quiet omen, softening the world until this",https://www.instagram.com/reel/DRP7TseCBZt/,https://www.instagram.com/popular/cozy-cabin-in-the-snow/
Cw4922ir0jZ,darkhomes,151000,151K,glass-house;house-in-forest,Secluded glass house with this amazing view within the forest. | @darkhomes @nostalgicraindr,https://www.instagram.com/reel/Cw4922ir0jZ/,https://www.instagram.com/popular/glass-house/
DZz0ijoxATL,wellnesstravelled,151000,151K,best-rooftop-pools,📌SAVE this post for Toronto summer inspo ✨ Toronto's best rooftop pool is now open! It's the best way to coo,https://www.instagram.com/reel/DZz0ijoxATL/,https://www.instagram.com/popular/best-rooftop-pools/
DVY64DJjNvG,jess.wandering,150000,150K,treehouse-hotel,Who would you fall asleep listening to the rain with? 🌿🌲😌 Suspended 35 feet off the ground this luxury treehouse is tucked into the towering redwoods,https://www.instagram.com/reel/DVY64DJjNvG/,https://www.instagram.com/popular/treehouse-hotel/
DV35fDIjWlt,naturediariesvideos,150000,150K,cozy-rain;rain-cozy,The quiet magic of a rainy day alone. 🌧️ #rain #rainyday #CozyVibes #raining #relaxing,https://www.instagram.com/reel/DV35fDIjWlt/,https://www.instagram.com/popular/cozy-rain/
DKqCJwaBwVG,thesmittencollective,150000,150K,outdoor-living,Summer is pretty much here which means I'll be outside enjoying our new backyard until further notice ☀️,https://www.instagram.com/reel/DKqCJwaBwVG/,https://www.instagram.com/popular/outdoor-living/
DWWAeILCKtJ,lifeofblahhh,150000,150K,minimalist-art-deco-interior-design,"Minimal interiors but with accent 😍✨ Image courtesy: Pinterest [ interior design, interior design style, minim",https://www.instagram.com/reel/DWWAeILCKtJ/,https://www.instagram.com/popular/minimalist-art-deco-interior-design/
DX9qPgcSaV5,theluxuryhomeshow,150000,150K,luxury-real-estate-mansion-exterior,"Inside a $19.5M mansion in Miami, Florida. Situated on 2 irreplaceable acres off Old Cutler Road, this",https://www.instagram.com/reel/DX9qPgcSaV5/,https://www.instagram.com/popular/luxury-real-estate-mansion-exterior/
DGHBOvCpcBp,chase.the.rainbows,149000,149K,cook-islands-luxury-resorts,"This isn't the Maldives, Bora Bora, or Thailand… but it might just be even better. Welcome to the Cook",https://www.instagram.com/reel/DGHBOvCpcBp/,https://www.instagram.com/popular/cook-islands-luxury-resorts/
DDZhNZ3JQAW,envypoolsaz,148000,148K,luxury-pool,Chasing sunshine and unforgettable moments in an oasis of tranquility! 🧘🏝️,https://www.instagram.com/reel/DDZhNZ3JQAW/,https://www.instagram.com/popular/luxury-pool/
DYUyZCNxC0K,dwanderess,148000,148K,amalfi-coast,Steal my 6-Day Amalfi Coast Itinerary🇮🇹 Save for your upcoming trip! I stayed at @hotelmiramalfi and,https://www.instagram.com/reel/DYUyZCNxC0K/,https://www.instagram.com/popular/amalfi-coast/
DIG3Me0oeSr,invisible.mumbaikar,148000,148K,villa-with-pool,Book a private villa at just 9999/- for 10 people (Offer available on weekdays without food) 😍❤️ 1600/- per person with food,https://www.instagram.com/reel/DIG3Me0oeSr/,https://www.instagram.com/popular/villa-with-pool/
DXFScnhjSSh,pocketathome,147000,147K,home-office-design,The before and after of our home office transformation ✨👩🏻‍💻 🤍 Details 🤍 Units: @diykitchens Knobs: @hendelandhendel Worktop: @howdensjoinery Chair: @,https://www.instagram.com/reel/DXFScnhjSSh/,https://www.instagram.com/popular/home-office-design/
DbvGuZ_xYxg,briarandlinen,147000,147K,modern-classic-interior-design,Some homes never go out of style. From grand entryways and richly layered living spaces to elegan,https://www.instagram.com/reel/DbvGuZ_xYxg/,https://www.instagram.com/popular/modern-classic-interior-design/
DcB7xmSPIsw,dream_homeworld,147000,147K,cozy-cabin,"❄️ A tiny cabin, a warm light, and a peaceful winter night... what more could",https://www.instagram.com/reel/DcB7xmSPIsw/,https://www.instagram.com/popular/cozy-cabin/
DU6LNIuDFOV,diy_craft_restore,147000,147K,garden-design,"A small garden designed perfectly for a small family 🌱 Timelapse transformation, simple and cozy. #smallgarden #familygarden #timelapsevideo #gardende",https://www.instagram.com/reel/DU6LNIuDFOV/,https://www.instagram.com/popular/garden-design/
DYC7e9fBD6z,alexiarogoz,146000,146K,maldives-villa,Welcome to the Maldives 🌊💙 Send this to the person you'd escape here with A secluded island surrounded by tropical,https://www.instagram.com/reel/DYC7e9fBD6z/,https://www.instagram.com/popular/maldives-villa/
DQXux2ZkZmV,soldbymarkz,146000,146K,real-estate,"Everyone thinks you need a ton of money to start investing in real estate, but that's not true. 💡 Smart investors know how to leverage financing, part",https://www.instagram.com/reel/DQXux2ZkZmV/,https://www.instagram.com/popular/real-estate/
DUDignDkYgF,mkbbespokeaudio,146000,146K,luxury-home-theater-ideas,Want yourself a cinema theatre like this? You know who to contact 😉,https://www.instagram.com/reel/DUDignDkYgF/,https://www.instagram.com/popular/luxury-home-theater-ideas/
DV_Bm_yDfFj,fushuhousedesign,146000,146K,luxury-apartment-interior-design-ideas-2026,Modern Organic Luxury | Urban Sanctuary Design 🏙️✨ #InteriorDesign #ModernLuxury #LuxuryLifestyle #homedeco,https://www.instagram.com/reel/DV_Bm_yDfFj/,https://www.instagram.com/popular/luxury-apartment-interior-design-ideas-2026/
Cyv1FSSMxo9,minimal_architectures,145000,145K,modern-house,House project / 719 ✏️Design: @_vlasov_roman_ We post daily minimal houses!🤍,https://www.instagram.com/reel/Cyv1FSSMxo9/,https://www.instagram.com/popular/modern-house/
DYaMhpjMcjb,ambiancehometv,145000,145K,rain-cozy,"Rain. Pages. Warmth. ☕📖🌧️ A cozy rainy autumn evening in a café with an open book, floral teacup, and warm pendant lights",https://www.instagram.com/reel/DYaMhpjMcjb/,https://www.instagram.com/popular/rain-cozy/
DMlWifApHsW,andrew.design_lab,144000,144K,futuristic-architecture,Concept study: interior of a high-rise observation deck in a future vertical city.,https://www.instagram.com/reel/DMlWifApHsW/,https://www.instagram.com/popular/futuristic-architecture/
DOvG_GZjT3-,poles_gypsum_designe,144000,144K,luxury-master-bedroom-interior-design,"Master bedroom Design,",https://www.instagram.com/reel/DOvG_GZjT3-/,https://www.instagram.com/popular/luxury-master-bedroom-interior-design/
DWtiyElocII,beautifulhotels,143000,143K,maldives-villa,Milaidhoo Maldives is a hotel that offers a more understated take on an island stay 🌴 Set within the Baa Atoll,https://www.instagram.com/reel/DWtiyElocII/,https://www.instagram.com/popular/maldives-villa/
DbVLkUniSaz,henry129841,143000,143K,capsule-castle-luxury-space-capsule-houses,"Peu d'investissement, bénéfices maximisés 📱WhatsApp：+86 18905362533 🔗WhatsApp link: wa.me/8618905362533 #capsulecastle #resort #modularhome #passivein",https://www.instagram.com/reel/DbVLkUniSaz/,https://www.instagram.com/popular/capsule-castle-luxury-space-capsule-houses/
DaVjBqROY1M,rehanbabarofficial,143000,143K,hunza-valley-luxury-resorts,Planning a trip to Hunza? Save this itinerary.,https://www.instagram.com/reel/DaVjBqROY1M/,https://www.instagram.com/popular/hunza-valley-luxury-resorts/
Da5BlKmuIbY,behome_factorydirect,142000,142K,biophilic-bedroom-design,"Warm wood tones, soft green walls, and hidden lighting create the perfect Wabi",https://www.instagram.com/reel/Da5BlKmuIbY/,https://www.instagram.com/popular/biophilic-bedroom-design/
Ddet5wVpeRF,harvardbrookcabins,142000,142K,cabins,"No filters, no AI, just the real beauty of a stay at Harvard Brook Cabins. 🌲🤎 Enjoy a private sauna, the sound of the brook, and peaceful surroundings",https://www.instagram.com/reel/Ddet5wVpeRF/,https://www.instagram.com/popular/cabins/
DI2UWGAP5BL,staydinedo,142000,142K,bora-bora-luxury-hotels,Paradise 📍 Bora Bora #passportbyforbes #mydomainetravels #Tastemademedoit #iamatraveler #forbestravelguide #voyaged #postcardplaces #f,https://www.instagram.com/reel/DI2UWGAP5BL/,https://www.instagram.com/popular/bora-bora-luxury-hotels/
DNF1aQjSJf9,avenue_home_decor,141000,141K,luxury-kitchen;luxury-kitchen-design,Luxury Kitchen Design 😍 #instagood #homesweethome #decoration #home,https://www.instagram.com/reel/DNF1aQjSJf9/,https://www.instagram.com/popular/luxury-kitchen/
DOYm086Ad-r,abdullah_home980,141000,141K,dream-house-design,#architect #interiordesign #homedesign #3dvisualization #architecturaldigest,https://www.instagram.com/reel/DOYm086Ad-r/,https://www.instagram.com/popular/dream-house-design/
DcazFfxo3fQ,mybeautifulblisshome,140000,140K,luxury-room,Days like these 🍃 #bedroom #luxurydesign #interiordesignhelp #dubai🇦🇪,https://www.instagram.com/reel/DcazFfxo3fQ/,https://www.instagram.com/popular/luxury-room/
DTBRF1fEi8h,glashaus.realestate,140000,140K,houses-on-malibu-beach,"$42,900,000 in malibu",https://www.instagram.com/reel/DTBRF1fEi8h/,https://www.instagram.com/popular/houses-on-malibu-beach/
DYWIw3-Cyky,thetenderline,139000,139K,art-deco-interior-design,Art Deco hits Modernism. The late 1920s and 1930s created some of the most inspiring interiors — where the elegance of Art D,https://www.instagram.com/reel/DYWIw3-Cyky/,https://www.instagram.com/popular/art-deco-interior-design/
DUIEI_mkll9,benjamin.little_,139000,139K,unique-airbnb,Comment POD and I'll send you the direct booking link✨. This tiny Tasmanian cabin,https://www.instagram.com/reel/DUIEI_mkll9/,https://www.instagram.com/popular/unique-airbnb/
C0CXJDNILwn,andreavetrano,139000,139K,luxury-suite,POV: You stay at the dreamiest hotel Suite in all of Italy.. 🇮🇹 Location: @fsflorence . . #italy #italia #florence #firenze #hotels #beautifuldestinat,https://www.instagram.com/reel/C0CXJDNILwn/,https://www.instagram.com/popular/luxury-suite/
DTsR_g4kfQj,montani3d,139000,139K,ai-interior-design;ai-interior-designer,"Com essa tecnologia🤖, eu transformo uma única foto em várias versões conceituais do ambiente.",https://www.instagram.com/reel/DTsR_g4kfQj/,https://www.instagram.com/popular/ai-interior-design/
DcrYIx7CSBn,casa.curutchet,139000,139K,architecture-photography,"ARCHITECTURE IS A PLAY OF VOLUMES UNDER THE LIGHT. LE CORBUSIER 📍Casa Curutchet 🇦🇷 La Plata, Buenos Aires",https://www.instagram.com/reel/DcrYIx7CSBn/,https://www.instagram.com/popular/architecture-photography/
DRj_fKZFYet,rendair.ai,138000,138K,virtual-staging,"Comment 'BF' to get info about Black Friday discount!! I love exploring different interior styles, testing furniture layouts, finishes, and atmosphere",https://www.instagram.com/reel/DRj_fKZFYet/,https://www.instagram.com/popular/virtual-staging/
DX7bDuTuvID,elitebuildhq,138000,138K,container-home-luxury-models-2026,The Future of Modular Living . This luxury container courtyard home build redefines modern architecture. Experience how industrial shipping containers,https://www.instagram.com/reel/DX7bDuTuvID/,https://www.instagram.com/popular/container-home-luxury-models-2026/
DWgbv7zmqd5,hafezi.architects,138000,138K,jamesedition-luxury-homes,"Comment ""DREAM"" if you want your future home designed like this. A private French-inspired estate designed for those who want more t",https://www.instagram.com/reel/DWgbv7zmqd5/,https://www.instagram.com/popular/jamesedition-luxury-homes/
DZ7JaGyMBIj,hussein_talaei,138000,138K,hotel-room-interior-design-ideas,حين تتحول غرفة النوم إلى تجربة فندقية متكاملة، يصبح التصميم أسلوب حياة,https://www.instagram.com/reel/DZ7JaGyMBIj/,https://www.instagram.com/popular/hotel-room-interior-design-ideas/
C1NDDnuJ1xR,trillionaireestates,138000,138K,futuristic-home,An A.I. generated interior inspired by the beautiful winter season style! Thoughts on this concept? ➖➖➖➖➖➖➖➖➖➖➖➖➖,https://www.instagram.com/reel/C1NDDnuJ1xR/,https://www.instagram.com/popular/futuristic-home/
DXXYo78jKrt,evakentmimarlik,137000,137K,luxury-bathroom-design,LÜKS BANYO TASARIMIMIZ 🔥🔥 #mimarlık #içmimarlık #interiordesign #architecture #design modernmimari lüksmim,https://www.instagram.com/reel/DXXYo78jKrt/,https://www.instagram.com/popular/luxury-bathroom-design/
DVnp6N-DJuY,visitibz,136000,136K,ibiza-luxury-villas-sea-view,Imagine waking up in IBZ to a view like this! Make your dreams come true this season,https://www.instagram.com/reel/DVnp6N-DJuY/,https://www.instagram.com/popular/ibiza-luxury-villas-sea-view/
DXsEYFpkl-z,brittnietravellerdesign,135000,135K,luxury-bathroom,A look inside the primary suite bathroom from our latest spec build. Designed to feel,https://www.instagram.com/reel/DXsEYFpkl-z/,https://www.instagram.com/popular/luxury-bathroom/
DX6naSPKDyx,cassandralm,135000,135K,dark-academia-home-library;home-library,"Yes, I do have two home libraries! This was my original home library and it also doubles as my home office. When I ran out of space, we had a new one",https://www.instagram.com/reel/DX6naSPKDyx/,https://www.instagram.com/popular/home-library/
DVcUZBLjYzG,paradeofhomesig,133000,133K,house-tour,Would you put that above your bedroom? Yay or nay? Build @jwwesthomes Plan Design,https://www.instagram.com/reel/DVcUZBLjYzG/,https://www.instagram.com/popular/house-tour/
DTnOUBCkiKU,naturesms,133000,133K,mountain-house,"Once I have no more worries, I will retire to the ends of the earth, making my home a secluded old house deep in the mountains, far from the hustle an",https://www.instagram.com/reel/DTnOUBCkiKU/,https://www.instagram.com/popular/mountain-house/
DYNEuC5IHdl,melika_realtor,133000,133K,dubai-villa,Some homes are built to impress. This one was built to leave a mark. A private statement in the heart of Dubai Hills Estate.,https://www.instagram.com/reel/DYNEuC5IHdl/,https://www.instagram.com/popular/dubai-villa/
DblfHgCMyGd,volcanicbuildx,133000,133K,ai-generated-house,I Built a Secret House Inside a Giant Steel Sphere What if a giant steel sphere beca,https://www.instagram.com/reel/DblfHgCMyGd/,https://www.instagram.com/popular/ai-generated-house/
DLQsbsRscfx,ai.metaverse.cr,133000,133K,midjourney-architecture,"Future Cities Sketches 2.0 - AIMETA Studio exploring configurations and storytelling for future cities. Created using Midjourney 7.0 © 2022-2025, Rola",https://www.instagram.com/reel/DLQsbsRscfx/,https://www.instagram.com/popular/midjourney-architecture/
DPtXg17DGRa,farrioutdoor,133000,133K,glamping-ideas,😍🥰😍🥰 video @ozgur_ruhlar55 #kamp #camp #kampanya #farrioutdoor #şişmeçadır #kampçadırı #airtent #campinggear,https://www.instagram.com/reel/DPtXg17DGRa/,https://www.instagram.com/popular/glamping-ideas/
DWqCiqSz5-h,luxurydreamhub,133000,133K,ultra-modern-luxury-house-design,Grandeur in every detail. 🏛️✨ There's nothing quite like the striking elegance of a modern masterpiece at night. 🌌🏠 #luxuryhomes #modernarchit,https://www.instagram.com/reel/DWqCiqSz5-h/,https://www.instagram.com/popular/ultra-modern-luxury-house-design/
DTfyHebDSoF,interiorbydnd,133000,133K,mid-century-modern-living-room-ideas,"We've come so far, but still so far to go 😎🔥 Mid century • eclectic • interior design • IKEA • Scandinavian • home decor • living room inspo",https://www.instagram.com/reel/DTfyHebDSoF/,https://www.instagram.com/popular/mid-century-modern-living-room-ideas/
DJi-5kqoL8x,felifam_worldwide,132000,132K,kids-room-design,"A room for two sisters — Lucrezia (4 y.o.) and Beatrice (2 y.o.) 14.8 m² | Gaeta, Italy",https://www.instagram.com/reel/DJi-5kqoL8x/,https://www.instagram.com/popular/kids-room-design/
DOwCWHEEQaT,houseaddictive,132000,132K,luxury-homes,A house designed to impress! 🏆 Ignite the Night 🔥 - Video by @tranchantmedia #build #impress #house #luxuryhomes #luxuryliving #luxuryrealestate #real,https://www.instagram.com/reel/DOwCWHEEQaT/,https://www.instagram.com/popular/luxury-homes/
DLv61Bqo4V_,ridhi.khosla.jalan,132000,132K,penthouse-tour,This tour happened because I have the best followers on Insta ♥️ Storytime: @kavitagenomal noticed I was in New York through my stories — reached out,https://www.instagram.com/reel/DLv61Bqo4V_/,https://www.instagram.com/popular/penthouse-tour/
DUA3SSEDuqq,modulex.s.a,131000,131K,a-frame-modern-cabins,"Las mejores cabañas alpinas las encuentras en Modulex! Diseños exclusivos, precios cómodos y trabajos garantizados! Con",https://www.instagram.com/reel/DUA3SSEDuqq/,https://www.instagram.com/popular/a-frame-modern-cabins/
DDFX74_ocwH,zeynep.yalmann,130000,130K,japandi-serenity-bedroom-design-ideas,Japandi Bedroom 🤍 Eindelijk is mijn slaapkamerhoekje klaar ik ben er helemaal verliefd op! 😍,https://www.instagram.com/reel/DDFX74_ocwH/,https://www.instagram.com/popular/japandi-serenity-bedroom-design-ideas/
DV84EfcERm7,mrphoenixgrey,128000,128K,interior-design-ideas,"Besides the kitchen, the living room is one of the most lived in spa",https://www.instagram.com/reel/DV84EfcERm7/,https://www.instagram.com/popular/interior-design-ideas/
DZNS64ID9Ns,arch.ahmedsamy,128000,128K,modern-house,Modern House Design 🏡✨ #toronto #vancouver #montreal #Calgary #upgradewavechallenge,https://www.instagram.com/reel/DZNS64ID9Ns/,https://www.instagram.com/popular/modern-house/
DUcxpnYEUVx,archpro.live,127000,127K,tropical-house,"Step inside The Palagiri House in Kochi, a 9,000 sq. ft. tropical residence built on a 619 sq.m urban plot in Kaloor.",https://www.instagram.com/reel/DUcxpnYEUVx/,https://www.instagram.com/popular/tropical-house/
DdhIw44s0OJ,jerrymco,127000,127K,monaco,Louer une Bugatti pour 25k€ à Monaco 🇲🇨,https://www.instagram.com/reel/DdhIw44s0OJ/,https://www.instagram.com/popular/monaco/
DcyVlgTTggV,sapphireluxuryhomes,127000,127K,luxury-modern-beautiful-house,"This beautiful modern luxury home with an elevator is the perfect blend of convenience, design, and",https://www.instagram.com/reel/DcyVlgTTggV/,https://www.instagram.com/popular/luxury-modern-beautiful-house/
DVY1Jq6CgT9,eloisepreen,127000,127K,mid-century-modern-living-room-ideas,our eclectic mid century modern home 🏡🌆 #apartmentaesthetic #fyp #interiordesign #ambientlighting #boygirlapartment loftdesign boyandgirla,https://www.instagram.com/reel/DVY1Jq6CgT9/,https://www.instagram.com/popular/mid-century-modern-living-room-ideas/
DNLy30NN3dR,luiscasanovasmg,126000,126K,ibiza-villa,Una villa única en la isla de Ibiza 🏡🏝️ En el corazón de Vista Alegre se alza una de las villas más impresionantes de toda #Ibiza.,https://www.instagram.com/reel/DNLy30NN3dR/,https://www.instagram.com/popular/ibiza-villa/
DAy3Ez6OWRG,sagrace_designs,126000,126K,minimalist-art-deco-interior-design,"Bold lines, rich colors, and timeless elegance. This is Art Deco at its finest. 😌 Which Art Deco feature stands out to",https://www.instagram.com/reel/DAy3Ez6OWRG/,https://www.instagram.com/popular/minimalist-art-deco-interior-design/
DaLctEDiKyg,cabinborn,126000,126K,forest-house,"Carved into the heart of an ancient forest giant, this golden-roofed hideaway glows like a warm ember amidst th",https://www.instagram.com/reel/DaLctEDiKyg/,https://www.instagram.com/popular/forest-house/
Dc66cydJB-0,aleshaspov,125000,125K,home-decor,Refresh my living room with me 🤎 I had my old rug for sooo long literally years lol it was time for,https://www.instagram.com/reel/Dc66cydJB-0/,https://www.instagram.com/popular/home-decor/
C4iOHSrI4kK,purrubykushagraa,124000,124K,rooftop-terrace,A beautiful evening from our project Aangan. A beautiful rooftop terrace created at a high rise building.,https://www.instagram.com/reel/C4iOHSrI4kK/,https://www.instagram.com/popular/rooftop-terrace/
DVPGQUnkllu,lisi.quietdiaries,124000,124K,quiet-luxury,quiet moments alone are so good for the soul #aesthetic #cozynights #cozyhome #slowlife,https://www.instagram.com/reel/DVPGQUnkllu/,https://www.instagram.com/popular/quiet-luxury/
DHmwmwOsa-l,beautyofhouses,124000,124K,ai-generated-house,Tag someone who needs to see this! 😍 Thank you for following @BeautyOfHouses 🔑,https://www.instagram.com/reel/DHmwmwOsa-l/,https://www.instagram.com/popular/ai-generated-house/
DcY10fjujJ_,theeverydayfinds_co,124000,124K,dream-kitchens,8 dream kitchens. You can only choose ONE. 👀🏡 I thought this would be an easy choice until I started putting them all together. From brig,https://www.instagram.com/reel/DcY10fjujJ_/,https://www.instagram.com/popular/dream-kitchens/
DWbRM_fguGf,start.design__,124000,124K,luxury-apartment-interior-design-ideas-2026,"Un proiect de design interior modern, unde eleganța întâlnește rafinamentul în cele mai subtile detalii ✨ Liniile",https://www.instagram.com/reel/DWbRM_fguGf/,https://www.instagram.com/popular/luxury-apartment-interior-design-ideas-2026/
Dc75XN4M8V2,casa.mees,123000,123K,japandi,JAPANDI KÜCHE Unbedingt als Inspiration speichern 📌✨,https://www.instagram.com/reel/Dc75XN4M8V2/,https://www.instagram.com/popular/japandi/
DTxK-MNiRMX,impianbali,123000,123K,mediterranean-villa,"Your stay, your pace ✨ @villa.mariamaria 🤍 A modern Mediterranean 3-bedroom villa with generous spaces, a cozy rooftop, and a calm Ungasan location —",https://www.instagram.com/reel/DTxK-MNiRMX/,https://www.instagram.com/popular/mediterranean-villa/
DChF0XtR8nn,settaarquitetura,123000,123K,a-frame-cabin,"Enquanto o tour completo da @cabanasilfra está em produção por aqui, convidamos você a fazer um passeio rápido por esse projeto incrível!✨ Neste Mini",https://www.instagram.com/reel/DChF0XtR8nn/,https://www.instagram.com/popular/a-frame-cabin/
DVnVOTZiWjm,lukashubik,123000,123K,bali-villa,🤩⬇️ BALI VILLA GOALS!!🌴 Save for later and share with your 7 friends or family members that you need to rent this villa out😎 Follow @lukashubik + Comm,https://www.instagram.com/reel/DVnVOTZiWjm/,https://www.instagram.com/popular/bali-villa/
DX224EhN5jm,vivirdesign,123000,123K,scandinavian-interior-design-styles,"A thoughtful blend of Scandinavian restraint and modern detail, this home by @hendelhomes leans into simplicity without ever feeling sparse.",https://www.instagram.com/reel/DX224EhN5jm/,https://www.instagram.com/popular/scandinavian-interior-design-styles/
DIm-KaoMT1T,pahome_cabinet,122000,122K,dreamy-walk-in-closet-designs-ideas,Walk-In Closet Design for Small Rooms Whether you're working with a compact bedroom or con,https://www.instagram.com/reel/DIm-KaoMT1T/,https://www.instagram.com/popular/dreamy-walk-in-closet-designs-ideas/
DWskkoJB5q2,georgewu_udhkids,121000,121K,kids-room-design,Kids' room design that fills their growing space with fun and dreams ✨,https://www.instagram.com/reel/DWskkoJB5q2/,https://www.instagram.com/popular/kids-room-design/
CrV1TAVMrNn,thesill,121000,121K,biophilic-design,"Happy Earth Day, plant friends!🌏 To be human is to experience biophilia. Biophilia is the feeling of connection to the natural world and represents our innate desire to connect with nature and bond with other species.",https://www.instagram.com/reel/CrV1TAVMrNn/,https://www.instagram.com/popular/biophilic-design/
DPtWTvUEWHs,asfavlogs,121000,121K,luxury-villa-with-pool,Just ₹8K🤩 for a private villa in Kovalam ECR Beach! 🌊 Contact White stone villa,https://www.instagram.com/reel/DPtWTvUEWHs/,https://www.instagram.com/popular/luxury-villa-with-pool/
DFksugIOufM,burkhartinteriors,120000,120K,mediterranean-house;mediterranean-villa,More Mediterranean vibes for a travel weekend. With a few mountains in the background. Have great Sunday peeps Xo JB Design @dhrh_construction 💫follow,https://www.instagram.com/reel/DFksugIOufM/,https://www.instagram.com/popular/mediterranean-villa/
DW6YVcjI2RC,catharinaelisabethx,120000,120K,luxury-hotel,Modern hotels could never compete with this #classystyle #oldmoneyaesthetic #hotels #prstay,https://www.instagram.com/reel/DW6YVcjI2RC/,https://www.instagram.com/popular/luxury-hotel/
DLDNaaDpPEs,melissamaedesign,120000,120K,organic-modern-kitchen-designs,"All the feels in this newly remodeled kitchen with custom rift cut oak cabinetry, c",https://www.instagram.com/reel/DLDNaaDpPEs/,https://www.instagram.com/popular/organic-modern-kitchen-designs/
DNd50Z8oYVv,_vlasov_roman_,119000,119K,hotel-design,Concept | 582 | Lumina Resort Architecture By @_vlasov_roman_,https://www.instagram.com/reel/DNd50Z8oYVv/,https://www.instagram.com/popular/hotel-design/
DXeUgZ-DA9T,parametric.architecture,119000,119K,midjourney-architecture,🚨Haven't you registered yet? Join us this weekend at the Generative Architectural Thinking with Midjourney workshop to learn using Midjourney as a gen,https://www.instagram.com/reel/DXeUgZ-DA9T/,https://www.instagram.com/popular/midjourney-architecture/
DcOaEgmGivL,buildenza_,118000,118K,desert-house,"Building a desert dome house from sandbags. 🏜️ No cement, no talking, just pure off-grid construction satisfaction.",https://www.instagram.com/reel/DcOaEgmGivL/,https://www.instagram.com/popular/desert-house/
DWodmZgDUo1,goldconconstruction,117000,117K,dream-kitchen,You can have both. The Birkin and the dream kitchen. 🔥 Follow @goldconconstruction #luxuryhomes #dreamkitchen #customhomebuilder #modernliving #kitche,https://www.instagram.com/reel/DWodmZgDUo1/,https://www.instagram.com/popular/dream-kitchen/
Db3PfvsoHk5,ayshastories_,117000,117K,room-makeover,"Room makeover series🎀✨part-3 . . . (room makeover series, room transformation series, room decor, room t",https://www.instagram.com/reel/Db3PfvsoHk5/,https://www.instagram.com/popular/room-makeover/
CkBL2y2h6Du,anas_meqdadi,116000,116K,dubai-penthouse,Check out the Sunset Views from this Sky Collection Penthouse at the top of 📍Address Boulevard #downtowndubai - Four bedrooms plus Maid - Fully furnis,https://www.instagram.com/reel/CkBL2y2h6Du/,https://www.instagram.com/popular/dubai-penthouse/
DZGFwySIb1l,abbou._design,116000,116K,dubai-luxury-interior-design-trends,حين تتحدث الفخامة بلغة الجمال.. تصميم استثنائي في قلب الجميرا دبي. دمجنا بين اتساع المساحة وإشراقة,https://www.instagram.com/reel/DZGFwySIb1l/,https://www.instagram.com/popular/dubai-luxury-interior-design-trends/
DSfFVlZE0m1,modernhousedesign918,116000,116K,dream-house-design,Sirf 43 Lakhs me bana ye modern luxury house 🔥 Looks bilkul crore-level villa jaisa 😍 Premium elevation ✨ Modern lighting + entrance design 🏠 Perfect,https://www.instagram.com/reel/DSfFVlZE0m1/,https://www.instagram.com/popular/dream-house-design/
Db6HtC9kdnv,auramodernhome,115000,115K,modern-classic-interior-design,Old Money style doesn't need to prove anything. Dark wood. Tailored furniture. Layered a,https://www.instagram.com/reel/Db6HtC9kdnv/,https://www.instagram.com/popular/modern-classic-interior-design/
DbgJMF8x9pO,waterfrontmuskoka,115000,115K,lake-house,"NEW LISTING - Lake Joseph - $3,600,000 1800ft of Frontage, Sunrise to Sunset, Two Storey Boathouse, 6 Bedroom Cottage 🌅 Welcome to Playfair Island! Se",https://www.instagram.com/reel/DbgJMF8x9pO/,https://www.instagram.com/popular/lake-house/
DXrV9B8ikH0,architectcha,115000,115K,futuristic-architecture,"University Variation A fritted, translucent, double-enveloped educational building design.",https://www.instagram.com/reel/DXrV9B8ikH0/,https://www.instagram.com/popular/futuristic-architecture/
DXwbkCYq0XL,nada.alyahia,114000,114K,neoclassical-interior,من مشاريعنا في التصميم الداخلي والتنفيذ والتأثيث ✨ تصميم نيوكلاسيك بألوان مميزة,https://www.instagram.com/reel/DXwbkCYq0XL/,https://www.instagram.com/popular/neoclassical-interior/
DWq6BMHNUdV,diachok.architects,114000,114K,organic-modern-kitchen-designs,"""I want a fancy kitchen or a functional one?"" — a question almost everyone asks dur",https://www.instagram.com/reel/DWq6BMHNUdV/,https://www.instagram.com/popular/organic-modern-kitchen-designs/
DEnWgTYt-Kg,kikis_interiors,114000,114K,luxury-bedroom-design,🤍✨Master Bedroom✨🤍 . . . #interior #homestyle #homedesign #luxurydesign #homeinspo #homedecor #int,https://www.instagram.com/reel/DEnWgTYt-Kg/,https://www.instagram.com/popular/luxury-bedroom-design/
Dc4RL10J7de,kainos_architecture,113000,113K,architecture-photography,"Above the clouds. Beyond the ordinary. Architecture shaped by the landscape, suspended between nature and the horizon.",https://www.instagram.com/reel/Dc4RL10J7de/,https://www.instagram.com/popular/architecture-photography/
DI1X0b4sdMl,caropeony,113000,113K,cozy-bedroom-ideas,"As the light fades outside, the bedroom turns into a calm, cocoon-like space. The new curtains set the mood just right. 🧡✨ #moodymoments #bedroominspo",https://www.instagram.com/reel/DI1X0b4sdMl/,https://www.instagram.com/popular/cozy-bedroom-ideas/
DbVgrjOxpd1,all_50_states_and_beyond,112000,112K,lake-house,Travel > lake house 🤷‍♀️😂 #lakehouse #travel #lakesamrayburn #lakelife #all50statesandbeyond,https://www.instagram.com/reel/DbVgrjOxpd1/,https://www.instagram.com/popular/lake-house/
DW7GrbtgSlr,autorender.ai,112000,112K,ai-render,"Comment ""WOW"" For Prompts ⬇️ Creating insane animations like this is simple with @autorender.ai . 1️⃣ Create Images",https://www.instagram.com/reel/DW7GrbtgSlr/,https://www.instagram.com/popular/ai-render/
DbUWbXWoxYo,nidamakesart,112000,112K,room-makeover,15k mein room transformation?? Yes Comment for links 🤭🤭,https://www.instagram.com/reel/DbUWbXWoxYo/,https://www.instagram.com/popular/room-makeover/
DZ9YwUQSDR8,mike.tokyohousing,111000,111K,tokyo-apartment,Comment 601 for more info! Inquire through the links on our bio for more listings! Apartment details 1SLDK | 1 Bed + free room 62sqm Yoyogi station 5,https://www.instagram.com/reel/DZ9YwUQSDR8/,https://www.instagram.com/popular/tokyo-apartment/
C4sd--MPcij,worldwideinteriors,111000,111K,luxury-home-theater-ideas,A home theatre designed in just 4 seconds… 🪄 What do you think of this cozy movie room?,https://www.instagram.com/reel/C4sd--MPcij/,https://www.instagram.com/popular/luxury-home-theater-ideas/
C4pdw6GSI74,healingcotton,111000,111K,rain-sounds,"Rain Sounds For Sleeping | Heavy Rain and Thunder Sounds | Floating home 🍀To watch the entire video, click the link on the profile to visit the Healin",https://www.instagram.com/reel/C4pdw6GSI74/,https://www.instagram.com/popular/rain-sounds/
DYFY7dOM8m8,atelier.chatvolant,110000,110K,tropical-house-architecture-styles,"The Forest House - Concrete, glass, bamboo and tropical nature flowing together as one seamless space. Design by @atelier.chatvolant #jungle #balivill",https://www.instagram.com/reel/DYFY7dOM8m8/,https://www.instagram.com/popular/tropical-house-architecture-styles/
DWLq2oADact,rivieravoltaclub,110000,110K,luxury-hotel-suite,"At Riviera Volta Hotel, your room is part of the experience #luxurystay #hotelroomgoals",https://www.instagram.com/reel/DWLq2oADact/,https://www.instagram.com/popular/luxury-hotel-suite/
Dc-AjssMDrT,diybuild_lab,109000,109K,glass-house,Imagine having THIS view from your bedroom. 🌌🌕 An empty glass dome was transformed in,https://www.instagram.com/reel/Dc-AjssMDrT/,https://www.instagram.com/popular/glass-house/
DaV_5rYPjqH,lakehousebomoseen,109000,109K,lake-house,"Not a bad commute to work! We're open until 9pm tonight with live music by The Bear Mountain Boys! Join us for a fun, energetic evening on the water 🌊",https://www.instagram.com/reel/DaV_5rYPjqH/,https://www.instagram.com/popular/lake-house/
DZAOVJExIcw,sherricalnanhome,109000,109K,coastal-bedroom-design-ideas,Comment SHOP for links 🤍 Getting our home ready for summer starts right here. ☀️,https://www.instagram.com/reel/DZAOVJExIcw/,https://www.instagram.com/popular/coastal-bedroom-design-ideas/
DY4dZghvn-8,joegpacetti,108000,108K,aspen,"TBT, Aspen, Christmas morning, 2018, with ""the pack"", headed over to The Little Nell for brea",https://www.instagram.com/reel/DY4dZghvn-8/,https://www.instagram.com/popular/aspen/
DPO-xwRkxii,heritageclass,108000,108K,luxury-life,"The luxury life✨ If any of your clip is present in the video, DM FOR CREDITS. #motivation #wealth #wealth #mo",https://www.instagram.com/reel/DPO-xwRkxii/,https://www.instagram.com/popular/luxury-life/
DZ__aQMAaML,myjhouse_cn,108000,108K,container-home-luxury-models-2026,Container home design #tinyhouse #prefabricatedhouse #containerhouse #housedesign #prefabhome #mobilehome,https://www.instagram.com/reel/DZ__aQMAaML/,https://www.instagram.com/popular/container-home-luxury-models-2026/
DFWPJSLp0Wt,amandawayburgess,107000,107K,home-office-design,"✨ Office Reveal ✨ Our built-in cabinets are painted in SW Iron Ore, and I love the moody office vibe. This space is where my entire life gets organize",https://www.instagram.com/reel/DFWPJSLp0Wt/,https://www.instagram.com/popular/home-office-design/
DWY_6A-EVKS,2pdesigners,107000,107K,luxury-interior;modern-luxury-house-interiors,A breathtaking home unfolding right before your eyes. Every detail is composed with intention from,https://www.instagram.com/reel/DWY_6A-EVKS/,https://www.instagram.com/popular/luxury-interior/
DcRzF6RBiju,desrosiersarchitects,107000,107K,luxury-house-tour;luxury-villa,A Private Resort at Home | Luxury Estate Designed by @desrosiersarchitects. Built,https://www.instagram.com/reel/DcRzF6RBiju/,https://www.instagram.com/popular/luxury-villa/
DDB4E6CIIPn,thezaisers,107000,107K,maldives-resort,"Escape to paradise @radissonbluresortmaldives Enjoy the serenity of private pools, stunning ocean views",https://www.instagram.com/reel/DDB4E6CIIPn/,https://www.instagram.com/popular/maldives-resort/
DH5wTJpIMvU,urvashirampariya,107000,107K,maldives-resort,• Must Stay At This Property When In Maldives😍❤️ 📍Holiday Inn Kandooma Maldives • Just 40Mins Away,https://www.instagram.com/reel/DH5wTJpIMvU/,https://www.instagram.com/popular/maldives-resort/
DcV00cQIDgP,hamsa.hotel,107000,107K,boutique-hotel,"Ваше пребывание в Ташкенте может быть особенным. Khamsa Boutique Hotel создан для гостей, которые ценят не только комфорт, но и эстетику, атмосферу и",https://www.instagram.com/reel/DcV00cQIDgP/,https://www.instagram.com/popular/boutique-hotel/
DT0-CTRCLYA,mstayglobal,107000,107K,luxury-suite,"📩 To reserve this room, you can contact us via DM. With its modern design, spacious atmosphere and a bathtub located right next to the bed, this exclu",https://www.instagram.com/reel/DT0-CTRCLYA/,https://www.instagram.com/popular/luxury-suite/
DQyzZeVAN4b,luxuriatehomes,107000,107K,glass-house-photos,This glass retreat makes every drop of rain look like art🤍 #luxuriatehome #homedecor #instadaily #newyork,https://www.instagram.com/reel/DQyzZeVAN4b/,https://www.instagram.com/popular/glass-house-photos/
Co0rlSCpnVx,ariellahorowitzdesigngroup,106000,106K,luxury-bathroom;luxury-bathroom-interior-design-inspiration,Heavenly master bathroom just completed for truly wonderful clients ✨🛁🫧🖤 •,https://www.instagram.com/reel/Co0rlSCpnVx/,https://www.instagram.com/popular/luxury-bathroom/
DYhohCuMAaL,yourpropertysisters.dubaj,106000,106K,dubai-villa;luxury-villa,And the best part of this villa… you'll see tomorrow.,https://www.instagram.com/reel/DYhohCuMAaL/,https://www.instagram.com/popular/luxury-villa/
DWJw_uIArJt,sens_of_home,106000,106K,cottagecore-living-room-design,"Vintage Cottage Soul 🌸 The city's neon glow once felt like life, but it was just noise. Trading a modern high-rise for a weathered stone cottage wasn'",https://www.instagram.com/reel/DWJw_uIArJt/,https://www.instagram.com/popular/cottagecore-living-room-design/
DMVCn0ESmmz,thehouserealty,105000,105K,tropical-villa,"‼️ 𝟏 𝐁𝐄𝐃𝐑𝐎𝐎𝐌 𝐕𝐈𝐋𝐋𝐀 𝐅𝐎𝐑 $𝟏𝟏𝟎𝐊 ‼️ Enjoy an enclosed living space, pool-view bedroom",https://www.instagram.com/reel/DMVCn0ESmmz/,https://www.instagram.com/popular/tropical-villa/
C4qi0BZoi58,sistersinterioruae,105000,105K,biophilic-bedroom-design,"Interior Design & visualization of a biophilic bedroom in Dubai. 📍Dubai, UAE",https://www.instagram.com/reel/C4qi0BZoi58/,https://www.instagram.com/popular/biophilic-bedroom-design/
Db_AIx6sUzt,aniframe_art,104000,104K,ai-art,"Looking up, letting go, and watching possibilities.☁️ . . Created using: @polloaiofficial",https://www.instagram.com/reel/Db_AIx6sUzt/,https://www.instagram.com/popular/ai-art/
DW7qg32j2O3,cityhousefurnitureshop,104000,104K,luxury-furniture,Need furniture? DM me. Have a look at the exclusive selection of designer furniture made in China. #chinafurniture #furniture #designerfurniture #luxu,https://www.instagram.com/reel/DW7qg32j2O3/,https://www.instagram.com/popular/luxury-furniture/
DYpB8-ItNXR,theacedesignco,104000,104K,wabi-sabi-japandi-interior-design,"Japandi interiors I can't stop saving ✨ soft textures, warm woods, and calm spaces",https://www.instagram.com/reel/DYpB8-ItNXR/,https://www.instagram.com/popular/wabi-sabi-japandi-interior-design/
C-4sDlONJ02,uniqchalets,103000,103K,lake-house,mindful living 🕊️🍃🌲The person that sent this wants to slow down at this lake house with you! Save this beautiful place for your next vacation 🤍,https://www.instagram.com/reel/C-4sDlONJ02/,https://www.instagram.com/popular/lake-house/
DYq9oEiT-Z1,shykh_fareed1025,103000,103K,luxury-room,Master bedroom . . . #new #interiör #itealian #luxury,https://www.instagram.com/reel/DYq9oEiT-Z1/,https://www.instagram.com/popular/luxury-room/
DMdzxzsup8T,designboom,103000,103K,faroe-islands-luxury-villas,"@giftllee shares a fairytale view of bøur, a small village in the faroe islands with a population of just seventy-five people. #designboom #architectu",https://www.instagram.com/reel/DMdzxzsup8T/,https://www.instagram.com/popular/faroe-islands-luxury-villas/
DbC8IbDMeT3,juliagal_,102000,102K,luxury-hotel,Living the dream in this suite!💭✨ #AgaliaLuxurySuites #hotel,https://www.instagram.com/reel/DbC8IbDMeT3/,https://www.instagram.com/popular/luxury-hotel/
DXvgIb0RtZR,nesthome.03,102000,102K,cozy-cabin-in-the-snow,"Silence, snow, and a warm glow inside… would you live here for a week? 🔥🏡 Comment ""ME"" if you'd escape here! #WinterMagic",https://www.instagram.com/reel/DXvgIb0RtZR/,https://www.instagram.com/popular/cozy-cabin-in-the-snow/
Datvs-fJTxv,earthlyexplorer01,102000,102K,cozy-room,"A quiet morning, a warm fire, and the gentle rhythm of autumn rain. 🍂🌧️🤍",https://www.instagram.com/reel/Datvs-fJTxv/,https://www.instagram.com/popular/cozy-room/
DFC2m0duhxC,insideno8x,101000,101K,luxury-kitchen,Monday🖤🤍 Hope you have a lovely week🖤🤍 Use code: INSIDE10 for disco,https://www.instagram.com/reel/DFC2m0duhxC/,https://www.instagram.com/popular/luxury-kitchen/
DZgyVkWgX8D,vironhomes,101000,101K,a-frame-cabin,Our Cherry Oak A Frame Cabin's Airbnb Developer pack hits the viral ratings of Most Requested House. Thousands of clients worldwide have built and sta,https://www.instagram.com/reel/DZgyVkWgX8D/,https://www.instagram.com/popular/a-frame-cabin/
DF8QUJrq6F3,la_barbed,100000,100K,cyberpunk-city,No destination.. . . . Rendered with @dropandrender . . . #blender3d #3dan...,https://www.instagram.com/reel/DF8QUJrq6F3/,https://www.instagram.com/popular/cyberpunk-city/
DCpBWeEvMTm,glashaus.realestate,100000,100K,malibu-house,"$34,000,000 in malibu available off-market #views #view #viewforview #hollywoodhil",https://www.instagram.com/reel/DCpBWeEvMTm/,https://www.instagram.com/popular/malibu-house/
DWqaXz-iIdH,naira_interior_official,100000,100K,luxury-bathroom-interior-design-inspiration,Bathroom interior 🤩 #parisianinterior #luxuryinterior #современнаяклассика #армения #armenia,https://www.instagram.com/reel/DWqaXz-iIdH/,https://www.instagram.com/popular/luxury-bathroom-interior-design-inspiration/
DPAYn7EkwE8,trending_pondicherry,100000,100K,luxury-villa-with-pool,Auroville Beach Villa Contact : 8122467079 #aurovillevilla #aurovillebeach🌊 #aurovillebeach,https://www.instagram.com/reel/DPAYn7EkwE8/,https://www.instagram.com/popular/luxury-villa-with-pool/
Db747p-SpGY,theluxuryhomeshow,99700,99.7K,house-tour,"We visited one of our subscriber's home! Spanning three expansive levels, this Ealing esta",https://www.instagram.com/reel/Db747p-SpGY/,https://www.instagram.com/popular/house-tour/
DXZj2apCQlf,bymichellelei,99600,99.6K,dream-kitchen,"This kitchen has been a year in the making… every detail was something we took our time with, long before we ever started demo. Finally getting to liv",https://www.instagram.com/reel/DXZj2apCQlf/,https://www.instagram.com/popular/dream-kitchen/
C-G8o-fPYgB,builtforkeeps,99100,99.1K,japandi-serenity-bedroom-design-ideas;wabi-sabi-japandi-interior-design,Japandi is getting more popular for a reason - it's the perfect vibe for those who want simpl,https://www.instagram.com/reel/C-G8o-fPYgB/,https://www.instagram.com/popular/japandi-serenity-bedroom-design-ideas/
DTiz85Ykefk,dejan.tolmac,98900,98.9K,penthouse-tour,"A penthouse apartment with a ""perfect"" (unobstructed and comprehensive) NYC skyline view is extremely hard to find. These units are rare and command a",https://www.instagram.com/reel/DTiz85Ykefk/,https://www.instagram.com/popular/penthouse-tour/
DcJDYNEB5Jl,ahmadprops,98400,98.4K,luxury-room,Bedroom,https://www.instagram.com/reel/DcJDYNEB5Jl/,https://www.instagram.com/popular/luxury-room/
DUYTUKbDZba,interiordesign.addicts,96700,96.7K,industrial-interior,From abandoned court to modern loft. ✨ A bold transformation that turns raw space into warmth,https://www.instagram.com/reel/DUYTUKbDZba/,https://www.instagram.com/popular/industrial-interior/
DYdGP64y3UN,melissavaupel.estates,96600,96.6K,walk-in-closet,His & Hers 👔👗👠 Incredible closet setup at this $55 million dollar mansion in Los Angeles 🤩,https://www.instagram.com/reel/DYdGP64y3UN/,https://www.instagram.com/popular/walk-in-closet/
DLi_61pA64O,pahome_official,96600,96.6K,dreamy-walk-in-closet-designs-ideas,Dreaming of a walk-in closet that's both classic and functional? 💭✨ This Shaker-style wa,https://www.instagram.com/reel/DLi_61pA64O/,https://www.instagram.com/popular/dreamy-walk-in-closet-designs-ideas/
DW6P0CTAgFb,iselin.travel,96200,96.2K,future-house;tropical-house,🌺🌞🌴..and the ocean in the backyard ofc #futurehouse #tropicalparadise #islandlife,https://www.instagram.com/reel/DW6P0CTAgFb/,https://www.instagram.com/popular/tropical-house/
DNMGvfoSDXg,cvmlux,96100,96.1K,houses-on-malibu-beach;malibu-house,$20Million views in Malibu 😍 5819 Filaree Heights - listed by @SharonVLevi @Sally,https://www.instagram.com/reel/DNMGvfoSDXg/,https://www.instagram.com/popular/malibu-house/
DT_lL6Ik_yl,thehouserealty,95900,95.9K,bali-luxury-villas-with-private-pools,"One of Bali's most unique Villas 🇮🇩🔑 Price: 167$ per night💰 Redefining Modern & Tropical architecture, this is a one",https://www.instagram.com/reel/DT_lL6Ik_yl/,https://www.instagram.com/popular/bali-luxury-villas-with-private-pools/
DbqFbxOocj3,studionauma,95700,95.7K,art-deco-interior-design;mid-century-modern,Mid-Century charm 🤎 • • • • • #OrganicModern #MidCenturyModern #InteriorDesign #BedroomDesign #HomeDecor,https://www.instagram.com/reel/DbqFbxOocj3/,https://www.instagram.com/popular/art-deco-interior-design/
DKkeMGNSgAH,westmod,95300,95.3K,outdoor-living,Modern outdoor living done the right way.,https://www.instagram.com/reel/DKkeMGNSgAH/,https://www.instagram.com/popular/outdoor-living/
DHiw6GyR6hD,digitaldesign.lab,95200,95.2K,desert-house,Desert villa inspired by Najd traditional architecture By: @digitaldesign.lab #الدرعية #aldiriyah,https://www.instagram.com/reel/DHiw6GyR6hD/,https://www.instagram.com/popular/desert-house/
DVvqlLrjw85,vev_jardinagem,95200,95.2K,garden-design,🌿 Transformação satisfatória do jardim da casa Nada mais incrível do que ver a **transformação de um espaço vazio em um lindo jardim**. Em poucos mome,https://www.instagram.com/reel/DVvqlLrjw85/,https://www.instagram.com/popular/garden-design/
DYjSP9-I72Y,travel_withben,95200,95.2K,london-apartment,your London apartment view 🌃 #london,https://www.instagram.com/reel/DYjSP9-I72Y/,https://www.instagram.com/popular/london-apartment/
DKu5FCwJy3P,standbywithadrie,95200,95.2K,bali-luxury-villas-with-private-pools,This villa sleeps 4 people and cost $400 per person for a week private pool included 😍🌴 🌊 Comment Bali below ⬇️,https://www.instagram.com/reel/DKu5FCwJy3P/,https://www.instagram.com/popular/bali-luxury-villas-with-private-pools/
DJtR3eFSnDe,perfect_decorss,95000,95K,dream-bedroom,Dreams bedrooms... . . . . . . . #luxuryhomes #usa🇺🇸 #cozycorners,https://www.instagram.com/reel/DJtR3eFSnDe/,https://www.instagram.com/popular/dream-bedroom/
Dadew_gKk6c,jakebuiltit,94900,94.9K,modern-mediterranean-houses,Organic Mediterranean Part 2 Would you live here? #homeremodel #organicmeditterean #dreamhouse #housegoals #losangeles,https://www.instagram.com/reel/Dadew_gKk6c/,https://www.instagram.com/popular/modern-mediterranean-houses/
DNLDYTptD9X,miladeshtiyaghi,94800,94.8K,house-in-the-forest,🏞✨ A house suspended between mist and forest Designed in the heart of Brazil's lush j,https://www.instagram.com/reel/DNLDYTptD9X/,https://www.instagram.com/popular/house-in-the-forest/
Db6Dd-4xEpr,adridiaries_,94800,94.8K,cozy-room,augtober diaries are back 🍂🧸🕯️🧺 #falltok #autumn #cozyvibes #relaxing #unwind,https://www.instagram.com/reel/Db6Dd-4xEpr/,https://www.instagram.com/popular/cozy-room/
DLFQUjSNwcF,switzerland.explores,94700,94.7K,swiss-chalet,"@swiss.beautifuls says summer in Switzerland is all fresh air, wildflowers, and mountain magic 🏞️🌼 Tag someone who needs an alpine escape this summer.",https://www.instagram.com/reel/DLFQUjSNwcF/,https://www.instagram.com/popular/swiss-chalet/
DZsHP5uSFE7,shaehitassawur,94400,94.4K,hotel-design,A Hotel project which was completed recently in Pahalgam kashmir. @luxury_retreatpahalgam . . Shaehi Tassawur is an architect,https://www.instagram.com/reel/DZsHP5uSFE7/,https://www.instagram.com/popular/hotel-design/
DHUf891sHZO,nicolemsunderland,94300,94.3K,bora-bora-luxury-hotels,paradise 🥹 📍 Conrad Bora Bora #passportbyforbes #mydomainetravels #Tastemademedoit #iamatraveler #forbestravelguide #voyaged #postcardplaces #f,https://www.instagram.com/reel/DHUf891sHZO/,https://www.instagram.com/popular/bora-bora-luxury-hotels/
DYm4fkVCAKT,thetenderline,94100,94.1K,minimalist-art-deco-interior-design,Art Deco hits Minimalism. Especially the late 1920s and 1930s remain endlessly inspiring to me.,https://www.instagram.com/reel/DYm4fkVCAKT/,https://www.instagram.com/popular/minimalist-art-deco-interior-design/
DLGXLeZIgMX,dreamxvoyager,94000,94K,future-houses-2050,Which house do you pick? . . . #newhouse #house #housegoals,https://www.instagram.com/reel/DLGXLeZIgMX/,https://www.instagram.com/popular/future-houses-2050/
DHdynV8tEzO,arteo_luxury,93100,93.1K,luxury-living-room;luxury-living-room-design,A golden living! Luxury is a feeling. This living room is the perfect harmony of opulence and serenity,https://www.instagram.com/reel/DHdynV8tEzO/,https://www.instagram.com/popular/luxury-living-room/
DWTLwJqiX4A,semmzk,92300,92.3K,luxury-hotel,Another Bill Bensley masterpiece #capella #luxurytravel #luxuryhotel,https://www.instagram.com/reel/DWTLwJqiX4A/,https://www.instagram.com/popular/luxury-hotel/
DHWnBxxTl3P,indoriorrenovation,92300,92.3K,luxury-bathroom-interior-design-inspiration,Presenting our latest bathroom project—a luxurious modern retreat where every detail speaks of ref,https://www.instagram.com/reel/DHWnBxxTl3P/,https://www.instagram.com/popular/luxury-bathroom-interior-design-inspiration/
DUBKoqsjGip,eunique_furnitureng,91700,91.7K,walk-in-closet,Whatever the song says is how we feel about this Beautiful walkin closet we designed for PROJECT,https://www.instagram.com/reel/DUBKoqsjGip/,https://www.instagram.com/popular/walk-in-closet/
DTsiNIIjMY-,_crystalvisual,91700,91.7K,dream-bedrooms,Which one? 🙈 #reels #fyp #cozyvibes #bedroomgoals #aesthetic,https://www.instagram.com/reel/DTsiNIIjMY-/,https://www.instagram.com/popular/dream-bedrooms/
DVMlogokVX5,2pdesigners,91700,91.7K,dubai-luxury-interior-design-trends,"A dream home is more than a vision, it's a feeling. It's where elegance meets comfort, and every detai",https://www.instagram.com/reel/DVMlogokVX5/,https://www.instagram.com/popular/dubai-luxury-interior-design-trends/
DQrx7AsE3cC,millionairemotives2025,91200,91.2K,luxury-lifestyle,Us in 2029! 💸🖤 || Follow for more! . . . #luxury #luxurylifestyle #europeanstyle #parisinsta #wealth #highendliving #modernlux,https://www.instagram.com/reel/DQrx7AsE3cC/,https://www.instagram.com/popular/luxury-lifestyle/
DUx7nVkkerQ,habitat.tokyo27,91100,91.1K,tokyo-apartment,"Comment ""No21"" to receive more information. Point ・Affordable rent ・South-facing and well-lit ・No key money Rent: ¥70,000／＄448 Layout: 2bedroom Size:",https://www.instagram.com/reel/DUx7nVkkerQ/,https://www.instagram.com/popular/tokyo-apartment/
Dcovx--PMfI,earcandy.ca,90600,90.6K,beach-house,Beach House! Self-titled! full episode is on yt now ♥️ #beachhouse #subpop #musicrecommendations #indie #fyp,https://www.instagram.com/reel/Dcovx--PMfI/,https://www.instagram.com/popular/beach-house/
DMITF2GoBfh,balcony_decorators,90300,90.3K,rooftop-terrace,Rooftop terrace and design for your home #rooftop #roof #instagood #design #interiordesign #homedecor #instagram #home #instadaily #trendingreels,https://www.instagram.com/reel/DMITF2GoBfh/,https://www.instagram.com/popular/rooftop-terrace/
DawYWsXgFN7,toolandtea,90100,90.1K,japandi,You had a vision for your home 😌 #japandi #interiordecor #loftapartment #apartmenttherapy #homedecor,https://www.instagram.com/reel/DawYWsXgFN7/,https://www.instagram.com/popular/japandi/
CztuT-7RV_Y,aleksandrazee,89800,89.8K,desert-house-interior-design-ideas,HOME TOUR When it came to designing our 1978 Ranch Style home we really wanted the space to not only reflect our personal style but also mirror the co,https://www.instagram.com/reel/CztuT-7RV_Y/,https://www.instagram.com/popular/desert-house-interior-design-ideas/
DYKXXxASMxM,nesthome.03,89800,89.8K,cozy-winter-cabin,Warm Cabin on a Freezing Winter Night ❄️🔥 #WinterCabin #SnowfallMood #USAWinter #LuxembourgViews #CozyNight,https://www.instagram.com/reel/DYKXXxASMxM/,https://www.instagram.com/popular/cozy-winter-cabin/
DR2G4irCFzr,heartwantstravel,89400,89.4K,maldives-resort,"Is Maldives's water villa worth the price? Let's find out. 🤗 Here's what you get, by spending",https://www.instagram.com/reel/DR2G4irCFzr/,https://www.instagram.com/popular/maldives-resort/
DRC8VzpEez0,shanwicki,89400,89.4K,glamping-ideas,"IN STOCK 🚨 comment ""link"" and i'll message it right to you! #glampingtent #tentcamping #giftidea #camping",https://www.instagram.com/reel/DRC8VzpEez0/,https://www.instagram.com/popular/glamping-ideas/
DcjRnI9DUOD,hellohayleyblog,89300,89.3K,house-in-forest,Cozy mountain lodge dreams 🏔️🔥,https://www.instagram.com/reel/DcjRnI9DUOD/,https://www.instagram.com/popular/house-in-forest/
Db8YcBChCBD,theunrealatlas,88800,88.8K,ai-architecture,"""Aurelius"" cutting through neon-lit water at golden hour, with a row of glass villas glowing warm b",https://www.instagram.com/reel/Db8YcBChCBD/,https://www.instagram.com/popular/ai-architecture/
DctAY5ONN8d,luxhilspace,87700,87.7K,mid-century-modern,"Mid-century state of mind! #interiorstyling #decor #organicmodernism #interiordesignindia #luxuryinteriors (marble interior, bold interior",https://www.instagram.com/reel/DctAY5ONN8d/,https://www.instagram.com/popular/mid-century-modern/
Dc7YAEmAxQz,_dreamworldai_,87600,87.6K,ai-house,Which cute animal house would you choose? 🥹🏡✨ 🐼 Panda | 🦌 Fawn | 🐨 Koala | 🐿️ Chipmunk | 🐭 Mouse | 🐰 Rabbit | 🐹 Hamster Drop your favorite,https://www.instagram.com/reel/Dc7YAEmAxQz/,https://www.instagram.com/popular/ai-house/
DD098YyRf4K,camxpetra,87400,87.4K,home-theater,"This is what MOVIE NIGHT at our house looks like!🍿 Thank you, @svs_sound, for helping us with this epic upgrade",https://www.instagram.com/reel/DD098YyRf4K/,https://www.instagram.com/popular/home-theater/
DZ7youjsTns,archprojectt,87400,87.4K,modern-house,MODERN HOUSE | 2026 🏡 Shtëpi moderne me koncept minimalist dhe pamje elegante.,https://www.instagram.com/reel/DZ7youjsTns/,https://www.instagram.com/popular/modern-house/
DMx4i2otT7L,visitibz,87400,87.4K,ibiza-villa,IBIZA DREAMS ✨🌴 Imagine enjoing your vacation to this style 🥹😍 Enjoy the beauty #islanders ✨✨,https://www.instagram.com/reel/DMx4i2otT7L/,https://www.instagram.com/popular/ibiza-villa/
DZLQCKgIdya,beetrootandblack,87100,87.1K,house-tour,"First FULL house tour! 🤍 For the last two years, I've poured so much time, energy and lov",https://www.instagram.com/reel/DZLQCKgIdya/,https://www.instagram.com/popular/house-tour/
DUri1kQk42N,home_automation_panipat,86000,86K,home-theater,Home thatre 4K projector,https://www.instagram.com/reel/DUri1kQk42N/,https://www.instagram.com/popular/home-theater/
DcQx9m8g-zW,komalch_7,86000,86K,room-makeover,Room makeover part-5 is finally here 🪴💗 #roommakeover #renovation #minivlog #roominspo #fyp,https://www.instagram.com/reel/DcQx9m8g-zW/,https://www.instagram.com/popular/room-makeover/
DFflnKMPNeh,sapphireluxuryhomes,85900,85.9K,dreamy-walk-in-closet-designs-ideas;luxury-closet,"Dream closets do exist, and this one takes it to a whole new level—literally. A 2-storey walk-in closet gives you all the room you need to store, orga",https://www.instagram.com/reel/DFflnKMPNeh/,https://www.instagram.com/popular/luxury-closet/
DBHBlkGy1gq,travelhunterlk,85900,85.9K,santorini-villa,"A beautiful beach villa inspired by the Greek city of Santorini is located in Talalla, a town just beyond Matara",https://www.instagram.com/reel/DBHBlkGy1gq/,https://www.instagram.com/popular/santorini-villa/
DcXdFgqOUly,pamelita_decor,85900,85.9K,home-decor,#homedecorating #exploremoreً #homedecor #homedesign #interiordesign,https://www.instagram.com/reel/DcXdFgqOUly/,https://www.instagram.com/popular/home-decor/
DW9FSdEiUUl,travelwithtalia,85600,85.6K,unique-airbnb,"Comment ""Woods"" and I will send you the link to this stunning @airbnb surroun",https://www.instagram.com/reel/DW9FSdEiUUl/,https://www.instagram.com/popular/unique-airbnb/
DXFgS9_CvZz,lonestarlandscapetx,85300,85.3K,backyard-design,"$20K backyard transformation… worth it? Oversized 36x36 slabs, turf inlays, natural stone",https://www.instagram.com/reel/DXFgS9_CvZz/,https://www.instagram.com/popular/backyard-design/
DTc22z0EZwz,arc_dezine,84900,84.9K,architecture-design,"The ""Thought"" behind the masterpiece✨ Architecture is where geometry meets emotion. From the dome sh",https://www.instagram.com/reel/DTc22z0EZwz/,https://www.instagram.com/popular/architecture-design/
DNj1dgIRIcX,aarman.decor,84800,84.8K,dream-bedroom-decor-ideas,How gorgeous is this bedroom? 🤩 - By: @domnamakowej - #bedroominspo #bedroomdecoration,https://www.instagram.com/reel/DNj1dgIRIcX/,https://www.instagram.com/popular/dream-bedroom-decor-ideas/
DH6rbDwNGSo,muttimo_kids,84400,84.4K,kids-room-design,"En şık genç odaları , her yaşa uyumlu modeller , çocuk odası tasarımları , bebek odaları ve iç mi",https://www.instagram.com/reel/DH6rbDwNGSo/,https://www.instagram.com/popular/kids-room-design/
C_3QnF0tPUo,homeaiapp,84200,84.2K,minimalist-interior,Embracing simplicity with sleek lines and serene tones🤍 #homeaiapp #cozyathome #kitchen #kitchendesign #interiordesign #interiorin,https://www.instagram.com/reel/C_3QnF0tPUo/,https://www.instagram.com/popular/minimalist-interior/
DH9QazNTGvj,articture,84100,84.1K,luxury-homes;modern-luxury-house-interiors,"Dream home goals! ✨🏡 The perfect blend of luxury, comfort, and breathtaking ocean views. Who else is obsessed with this stunning interior? 😍🌊 📸 Credit",https://www.instagram.com/reel/DH9QazNTGvj/,https://www.instagram.com/popular/luxury-homes/
DXSOatgD0k8,dannydhas,84100,84.1K,luxury-house-tour,"This is what elevated living actually looks like✨ Perched above MacDonald Highlands, this modern custo",https://www.instagram.com/reel/DXSOatgD0k8/,https://www.instagram.com/popular/luxury-house-tour/
DITYoxEsry8,hotelnakshtraresidency,82700,82.7K,hotel-suite-design-ideas;luxury-hotel-room,A luxurious room for your perfect stay. #nakshtraresidencykalyan #hotelnakshtraresidency #besthotel #hotel #rooms #staycation #travel #family #corpora,https://www.instagram.com/reel/DITYoxEsry8/,https://www.instagram.com/popular/luxury-hotel-room/
DU1Oyp6DDO8,domnamakowej,82600,82.6K,dream-bedroom-decor-ideas,Hej Kochani Miłego wieczoru #bed #bedroom #interior,https://www.instagram.com/reel/DU1Oyp6DDO8/,https://www.instagram.com/popular/dream-bedroom-decor-ideas/
DclLMq5sj1f,cozy_winter_homes,82000,82K,cozy-cabin-in-the-snow,What Would Your First Night in This Cabin Feel Like? 🏡❄️,https://www.instagram.com/reel/DclLMq5sj1f/,https://www.instagram.com/popular/cozy-cabin-in-the-snow/
DaEIpdbN9P5,astraluxestudio,81900,81.9K,art-deco-interior-design,When Art Deco met Modernism. And neither blinked. Dark velvet. Checkerboard. Coffered ceiling. Mauve walls. This is what happens w,https://www.instagram.com/reel/DaEIpdbN9P5/,https://www.instagram.com/popular/art-deco-interior-design/
DZzo6HrOp0c,mycanvashome,81600,81.6K,coastal-bedroom-design-ideas,Is this you? ❤️ Comment HOME if you'd like a link to the core pieces in our home,https://www.instagram.com/reel/DZzo6HrOp0c/,https://www.instagram.com/popular/coastal-bedroom-design-ideas/
DbN8AlHMUnd,glowwithgauriii,81400,81.4K,room-makeover,Dream Room Makeover - Day 8 🎀✨ Comment 'LINK' to get products in DM! @meeshoapp #budgetfinds,https://www.instagram.com/reel/DbN8AlHMUnd/,https://www.instagram.com/popular/room-makeover/
DUuRTjmkTit,saifi_shab28,81300,81.3K,luxury-room,#Luxury Baderoom design # ‎#House Luxury room design # ‎#Luxury Baderoom design # #‎Luxury room me design,https://www.instagram.com/reel/DUuRTjmkTit/,https://www.instagram.com/popular/luxury-room/
DIRBd3tPJXN,wayfareralivia,81200,81.2K,marrakech-riad,Go ahead and hit the save button if you are dreaming of having the most beautiful and auth,https://www.instagram.com/reel/DIRBd3tPJXN/,https://www.instagram.com/popular/marrakech-riad/
DWQEqxNjCgf,hakatayaken,80700,80.7K,tokyo-apartment,What $325 gets you in Tokyo #japan #apartmenttour #akiya #housetour #japanlife,https://www.instagram.com/reel/DWQEqxNjCgf/,https://www.instagram.com/popular/tokyo-apartment/
CzJ1rfxp2MU,trillionaireestates,80700,80.7K,saudi-arabia-architecture,Check out this stunning house in Saudi Arabia! Would you buy this house? ➖➖➖➖➖➖➖➖➖,https://www.instagram.com/reel/CzJ1rfxp2MU/,https://www.instagram.com/popular/saudi-arabia-architecture/
DHDKDLwN8xF,adziran,80700,80.7K,luxury-furniture,"Elevate your home with our luxurious sofa sets, crafted for royalty. Contact us now to indulge in elegance. رفعوا منزلكم مع مجموعات الأرائك الفاخرة، ا",https://www.instagram.com/reel/DHDKDLwN8xF/,https://www.instagram.com/popular/luxury-furniture/
DclRgI7ptov,cabinstillwoods,80300,80.3K,house-in-forest,#cabininthewoods #cozycabin ➡️original content by @cabinstillwoods AI-assisted visual,https://www.instagram.com/reel/DclRgI7ptov/,https://www.instagram.com/popular/house-in-forest/
DUtx-CikhcB,scottsdaledesignservices,79800,79.8K,organic-modern,"Clean, earthy, modern, open, natural…that is what draws me in to the organic modern look🤎🌱 Organic Modern home",https://www.instagram.com/reel/DUtx-CikhcB/,https://www.instagram.com/popular/organic-modern/
DDeyt3kteft,the_morsia_home,79100,79.1K,indoor-pool,Literally hanging out too with the hang tough rings 😂 The details: Interiors @seabrook_studio Architecture: @frame__architects,https://www.instagram.com/reel/DDeyt3kteft/,https://www.instagram.com/popular/indoor-pool/
DalEcR1iYPK,relaxinoffgrid,79100,79.1K,cozy-cabin-in-the-snow,"Imagine spending a winter nights in this rustic log 🪵 loft cabin. With a roaring fire 🔥, glowing string lights, and heavy snow",https://www.instagram.com/reel/DalEcR1iYPK/,https://www.instagram.com/popular/cozy-cabin-in-the-snow/
DbbQ6LHJzv8,theglasshousetxfarmhouseblooms,78900,78.9K,glass-house,Solid advice 💪🏼 #photographyvenue #glasshouse #greenhousebuild #couplegoals❤ #marri,https://www.instagram.com/reel/DbbQ6LHJzv8/,https://www.instagram.com/popular/glass-house/
DaYfwv0iv_i,homesofceleb,78900,78.9K,aspen,"Billionaire businessman Bill Koch is taking his sprawling Aspen compound to auction, with bidd",https://www.instagram.com/reel/DaYfwv0iv_i/,https://www.instagram.com/popular/aspen/
DQZn8KpgKe4,loyalconstructionga,78800,78.8K,organic-modern,🌿 Where Nature Meets Modern Design: The 2026 Vision for Inspiring Interiors Are you ready to transform your home,https://www.instagram.com/reel/DQZn8KpgKe4/,https://www.instagram.com/popular/organic-modern/
DaQIlELqWml,jareef__saifi,78500,78.5K,hotel-suite-design-ideas,Luxury Hotel-Style Bedroom Transformation 😱,https://www.instagram.com/reel/DaQIlELqWml/,https://www.instagram.com/popular/hotel-suite-design-ideas/
Da3YU0OsniJ,tiny.housees,78300,78.3K,lake-house,A quiet little place where the rest of the world feels far away. 🏡🌲 #tinyhouse #lakehouse #cabinlife #cozyvibes #natureescape,https://www.instagram.com/reel/Da3YU0OsniJ/,https://www.instagram.com/popular/lake-house/
DVydOlKiIBU,amandabdelrazzaq,78000,78K,ai-interior-design,Insane construction time-lapse created by using Ai 🤖🤩 Prompt in pin comment 🫶🏻✨,https://www.instagram.com/reel/DVydOlKiIBU/,https://www.instagram.com/popular/ai-interior-design/
DJIy14JI3w_,titanichotel_novkhani,77900,77.9K,luxury-hotel-suite,Titanic hotel Novxani ✨Lux suit ✨ #hotel #novxanı #titanic #luxury #fy #fypppp,https://www.instagram.com/reel/DJIy14JI3w_/,https://www.instagram.com/popular/luxury-hotel-suite/
DIRnrRFt_sL,flexicube.pl,77200,77.2K,container-house,"We don't just build with containers — we cut, widen, and customize them to create unique spaces. L22XL (9 x 3m) — wider than standard, made for those",https://www.instagram.com/reel/DIRnrRFt_sL/,https://www.instagram.com/popular/container-house/
DAhRVMEBqUi,relaxationescapism,77200,77.2K,future-houses-2050,✨ Comment below which house you're starting a new life in! . . . . . . #PeacefulMoments,https://www.instagram.com/reel/DAhRVMEBqUi/,https://www.instagram.com/popular/future-houses-2050/
DWoGzgbjWPV,fushuhousedesign,76600,76.6K,cottagecore-living-room-design,☼ Stole a piece of sunlight for my soul ☼ #RusticCharm #CottageCore #SlowLiving #interiörinspiration,https://www.instagram.com/reel/DWoGzgbjWPV/,https://www.instagram.com/popular/cottagecore-living-room-design/
DTVZ-VuAbrX,propertypromohali,76400,76.4K,dream-home;dream-house;dream-house-design,Dream Home ❤️ . . . . . #explorepage✨ #dreamhome #homedesign #homesweethome #reelsinstagram,https://www.instagram.com/reel/DTVZ-VuAbrX/,https://www.instagram.com/popular/dream-house/
DdCO8Vmogg9,i.qoi,75900,75.9K,dubai-luxury,"Dubai, Elevated. ✨ #reels #explorepage #dubai #lifestyle #fyp",https://www.instagram.com/reel/DdCO8Vmogg9/,https://www.instagram.com/popular/dubai-luxury/
DOFT4aFEQpv,joseoliveirafilms,75600,75.6K,real-estate,Share this post until realtors stop doing those mistakes … #realestate #realestateagent #realestatemarketing,https://www.instagram.com/reel/DOFT4aFEQpv/,https://www.instagram.com/popular/real-estate/
DbrIjLTg-Cb,kathy_schaefer,75500,75.5K,dark-academia-home-library,And guess how long my tbr is 🫠 #homelibrary #gothicstyle #bookshelf #readingroom #cozyhomevibes Sound- @asweetkiwi ✨,https://www.instagram.com/reel/DbrIjLTg-Cb/,https://www.instagram.com/popular/dark-academia-home-library/
DF29xkvx0zc,myluxury_furnituretx,75400,75.4K,luxury-furniture,🔥 MY LUXURY FURNITURE 🔥 🔥the lowest prices of the year from today🔥 THE BIG DEAL OF THE YEAR 😍 all available in stock same day delivery 🚚 ✅ hablamos es,https://www.instagram.com/reel/DF29xkvx0zc/,https://www.instagram.com/popular/luxury-furniture/
DMI4ySlSwig,build.and.believe,75200,75.2K,hotel-design,Hotel lobby . A design concept by @build.and.believe . . . #visitdubai #InteriorInspo #ExquisiteDesign #dubailuxury #D,https://www.instagram.com/reel/DMI4ySlSwig/,https://www.instagram.com/popular/hotel-design/
C_3udCiREwR,baccarathotels,75000,75K,luxury-suite,"Immerse yourself in the grandeur of the Baccarat Suite, where every element—from the art-filled spaces to the opulent bathroom and expansive city view",https://www.instagram.com/reel/C_3udCiREwR/,https://www.instagram.com/popular/luxury-suite/
DGLlunHtrDJ,homeaiapp,75000,75K,desert-house-interior-design-ideas,"Sleek, simple, and inspired by the desert's natural beauty 🌵🐫 #homeaiapp #decoration #desertmodern #modernism #dreamhomegoals #mediterranean #decorati",https://www.instagram.com/reel/DGLlunHtrDJ/,https://www.instagram.com/popular/desert-house-interior-design-ideas/
DUgZ3OLkVJg,imaginativemike,74900,74.9K,cozy-winter-cabin,"Imagine you are in the cozy of a warm room, looking out at the many stars the night sky has to offer. For more, follow along @imaginativemike Made wit",https://www.instagram.com/reel/DUgZ3OLkVJg/,https://www.instagram.com/popular/cozy-winter-cabin/
DVKNjNbDwSE,architecturenow,74800,74.8K,impossible-architecture,"➕ More than 140 years after construction began, Gaudí's unfinished masterpiece has reached a historic",https://www.instagram.com/reel/DVKNjNbDwSE/,https://www.instagram.com/popular/impossible-architecture/
DdBMCCqoF3D,cozycolorfiles,74100,74.1K,ai-cozy-cabin,❄️🔥 A warm little cabin while a winter storm rages outside… Imagine spending a quiet evening,https://www.instagram.com/reel/DdBMCCqoF3D/,https://www.instagram.com/popular/ai-cozy-cabin/
DY7eIFkJii8,selvahamidovic,74100,74.1K,luxury-modern-beautiful-house,"Where vision meets execution. From concept to completion, every detail of this waterfront residence",https://www.instagram.com/reel/DY7eIFkJii8/,https://www.instagram.com/popular/luxury-modern-beautiful-house/
DbZMhRAhknf,remodel_design_,73700,73.7K,waterfall-house,"Living with Water, Moss & Lotus Ponds 🌲 #MinimalistDesign #VillaInterior #F",https://www.instagram.com/reel/DbZMhRAhknf/,https://www.instagram.com/popular/waterfall-house/
C8NeCt4SxeW,corcoransunshine,73400,73.4K,luxury-penthouse,"@CentralParkTower's Duplex Penthouse is officially SOLD + CLOSED, with the asking price of $149.5M",https://www.instagram.com/reel/C8NeCt4SxeW/,https://www.instagram.com/popular/luxury-penthouse/
DaYRcKsMHHe,grantjbates,73200,73.2K,london-apartment,East London 📍 Coming soon…. Four beds and three baths £1.75m E mail hello@grantjbates.com,https://www.instagram.com/reel/DaYRcKsMHHe/,https://www.instagram.com/popular/london-apartment/
C7CaH1YLr2G,harebell_grove,73100,73.1K,home-office-design,A throwback to how my office began … I can tell you this for free it is NOT this tidy and HAS turned into the bump it room 🤣🤣🤣🤭 Hope you're all having,https://www.instagram.com/reel/C7CaH1YLr2G/,https://www.instagram.com/popular/home-office-design/
DZsNeFPzKoq,neeva.homes,72900,72.9K,organic-modern-kitchen-designs,Luxury Modular Kitchen That Blends Beauty with Smart Storage | Ojas Interiors #Oja,https://www.instagram.com/reel/DZsNeFPzKoq/,https://www.instagram.com/popular/organic-modern-kitchen-designs/
DHJAUoCJAve,nestseekersdubai,72300,72.3K,dubai-luxury-penthouse,"Luxury Apartment for sale in one of Dubai's most prestigious communities, reach out to us for",https://www.instagram.com/reel/DHJAUoCJAve/,https://www.instagram.com/popular/dubai-luxury-penthouse/
DDPTr1JRD-S,interior_home_design1,72100,72.1K,ai-house-design;ai-interior,Euphoria Drips from Every Raindrop in this Bedroom By: @cozyzen.ai @interior_home_design1 #cozybedroom #rainyday #interiordesign #home,https://www.instagram.com/reel/DDPTr1JRD-S/,https://www.instagram.com/popular/ai-interior/
DasrxeRDFl3,im_rikul_,72100,72.1K,faroe-islands-luxury-villas,"One house, one fjord, complete silence 🖤 📍 Faroe Islands A single black turf-roof cabin sits alone where an electric-green hillside meets a deep, dark",https://www.instagram.com/reel/DasrxeRDFl3/,https://www.instagram.com/popular/faroe-islands-luxury-villas/
DLc0cDAs6sP,brainyblueprints,72000,72K,mediterranean-house,"✨☀️ Tucked beneath the whispering oaks, a Mediterranean dream rises in stone and sun. Every curve, every arch, every shadow tells a story of warmth, c",https://www.instagram.com/reel/DLc0cDAs6sP/,https://www.instagram.com/popular/mediterranean-house/
DP733JZE0t9,mad_traveller_by_titus,71900,71.9K,villa-with-pool,4BHK PRIVATE POOL VILLA 10 pax. 18000 including breakfast Extra person. 1000 extra Contact more details,https://www.instagram.com/reel/DP733JZE0t9/,https://www.instagram.com/popular/villa-with-pool/
DXjfyJbCiue,architectcha,71800,71.8K,ai-generated-architecture-designs,Habitation Variation Mixed-use residential design proposal with commercial functions embedded. Des,https://www.instagram.com/reel/DXjfyJbCiue/,https://www.instagram.com/popular/ai-generated-architecture-designs/
DF1kNfqRmIF,deirdres_design,71700,71.7K,dream-closet,Tag someone who would love this dream closet via @msblingmiami ✨ I'm excited to offer a special virtual design consultation!,https://www.instagram.com/reel/DF1kNfqRmIF/,https://www.instagram.com/popular/dream-closet/
DXP8UxNjm29,the.ryanexperience,71100,71.1K,boutique-hotel,"I love boutique hotels, I'm very bullish on them and I think they're the future of the hotel space. However, the often hold themselves back by focusin",https://www.instagram.com/reel/DXP8UxNjm29/,https://www.instagram.com/popular/boutique-hotel/
DcvJAkdOcs6,sv_hometheatre,70700,70.7K,luxury-home-theater-ideas,🏡✨ Another Successful Home Theatre Project Completed! 🎬,https://www.instagram.com/reel/DcvJAkdOcs6/,https://www.instagram.com/popular/luxury-home-theater-ideas/
DTp2-BPlaQC,kohlectcabins,70600,70.6K,mountain-house,In the middle of no where 😍 #cabin #cabinlife #cabinliving,https://www.instagram.com/reel/DTp2-BPlaQC/,https://www.instagram.com/popular/mountain-house/
DWTg57XsQuL,sunt_mrr,69900,69.9K,futuristic-houses,Circle villa Design: @sunt_mrr #midjourney #villa #ai #houses #circle,https://www.instagram.com/reel/DWTg57XsQuL/,https://www.instagram.com/popular/futuristic-houses/
DQMbsBCElDV,wellbee_travels,69900,69.9K,luxury-villa-with-pool,Best Budget Private Pool Rooms at Varkala 😍 Save for later.!! 800 Meters to Odayam Beach,https://www.instagram.com/reel/DQMbsBCElDV/,https://www.instagram.com/popular/luxury-villa-with-pool/
DPjNmoojDUn,rekha_interiors,69800,69.8K,kids-room-design,KIDS BEDROOM but make it AESTHETIC🎀 Double tap♥️ if this setup melts your heart🫠,https://www.instagram.com/reel/DPjNmoojDUn/,https://www.instagram.com/popular/kids-room-design/
DN1ouM23jHl,artemarmolcol,69500,69.5K,dreamy-walk-in-closet-designs-ideas;walk-in-closet,"Descubre cómo un walk in closet puede convertirse en el espacio soñado para organizar, exhibir y",https://www.instagram.com/reel/DN1ouM23jHl/,https://www.instagram.com/popular/walk-in-closet/
DIrnCYWTIld,casa_keylead,69400,69.4K,los-angeles-house,@T_Maimon takes you on a tour of this iconic modern mansion in Los Angeles with breathtaking views 🔑 📍 #LosAngeles,https://www.instagram.com/reel/DIrnCYWTIld/,https://www.instagram.com/popular/los-angeles-house/
DT8XKMXiJRh,travelask.world,69400,69.4K,arctic-treehouse-hotel-rovaniemi,♥️Save this: the most romantic and secluded hotels in Lapland 📍 Arctic TreeHouse Hotel (Rovaniemi) — designer cabins hidden in the forest with panoram,https://www.instagram.com/reel/DT8XKMXiJRh/,https://www.instagram.com/popular/arctic-treehouse-hotel-rovaniemi/
DWIzoOMEWSK,worldtravelfox,69400,69.4K,cook-islands-luxury-resorts,some tropical postcards from…🏝️ the Cook Islands 🇨🇰 - where no video and no picture needs a,https://www.instagram.com/reel/DWIzoOMEWSK/,https://www.instagram.com/popular/cook-islands-luxury-resorts/
DXW3m7VD6zx,hoxtonhotels,68700,68.7K,hotel-suite-design-ideas,"Step into comfort, stay for the experience ✨ A complete suite tour featuring elegant interiors, a cozy lounge, and thoughtfully designed spaces for pu",https://www.instagram.com/reel/DXW3m7VD6zx/,https://www.instagram.com/popular/hotel-suite-design-ideas/
DaDfK9QSUCe,capsulex_home,68500,68.5K,capsule-castle-luxury-space-capsule-houses,"Think about it: You add a fully furnished, futuristic smart capsule home to your cart, hit ""Buy Now,"" and it literally arrives on your land ready to m",https://www.instagram.com/reel/DaDfK9QSUCe/,https://www.instagram.com/popular/capsule-castle-luxury-space-capsule-houses/
Dcvde7ojT8c,newcozyhomedesign5,68400,68.4K,jamesedition-luxury-homes,Grand elegance meets cozy luxury. #LuxuryHome #DreamHouse #ModernMansion #InteriorDesign #HomeInspiration,https://www.instagram.com/reel/Dcvde7ojT8c/,https://www.instagram.com/popular/jamesedition-luxury-homes/
DUXa56AgawK,dimension.xy,68200,68.2K,modern-villa,Wide glass. Floating slabs. Zero visual noise. This is what happens when minimalism gets expensive. #ModernVilla #LuxuryExterior #ArchitecturalDesign,https://www.instagram.com/reel/DUXa56AgawK/,https://www.instagram.com/popular/modern-villa/
DUdnNltgQv5,dimension.xy,68200,68.2K,luxury-modern-beautiful-house,"If minimalism had a power move this would be it. Layered slabs, shadow play, and that glass corner st",https://www.instagram.com/reel/DUdnNltgQv5/,https://www.instagram.com/popular/luxury-modern-beautiful-house/
DO5EogICtLV,houses_stars_,67900,67.9K,luxury-house,✅ 4 Kanal Fully Furnished Luxury House (With Basement) – For Sale A stunning 4 Kanal luxury mansion,https://www.instagram.com/reel/DO5EogICtLV/,https://www.instagram.com/popular/luxury-house/
DDSrYlAMQQN,aytanabbasli,67700,67.7K,london-apartment,POV: you found an apartment in London with a stunning view 📍Cheval Three Quays #londonapartments #london,https://www.instagram.com/reel/DDSrYlAMQQN/,https://www.instagram.com/popular/london-apartment/
DHTVi7noiuj,rockwellproperty,67600,67.6K,london-apartment,"One bedroom riverside apartment tour in Fulham, London 😍 Tag someone who would love this! Located at our development Hurlingham Waterfront, Fulham, th",https://www.instagram.com/reel/DHTVi7noiuj/,https://www.instagram.com/popular/london-apartment/
C8DtEFthTB6,starryhomestead,67200,67.2K,wabi-sabi-interior,"In a Modern Wabi Sabi home, typical modern comforts and natural colours are used to craft a",https://www.instagram.com/reel/C8DtEFthTB6/,https://www.instagram.com/popular/wabi-sabi-interior/
DcyVXWiiNUs,digitaldesign.lab,67100,67.1K,desert-house-interior-design-ideas,Desert Palm Villa By @digitaldesign.lab #interiordesign #interior #luxuryhomes #desertlife #تصميم,https://www.instagram.com/reel/DcyVXWiiNUs/,https://www.instagram.com/popular/desert-house-interior-design-ideas/
DbYtsKStyvr,themaldivescollection,67000,67K,maldives-resort,Our honest ranking of the 10 best luxury resorts in the Maldives for 2026 🏆🌴 After 42 resort,https://www.instagram.com/reel/DbYtsKStyvr/,https://www.instagram.com/popular/maldives-resort/
DPE4Az4EpcZ,housinginfo,66300,66.3K,cottagecore-living-room-design,Step inside this stunning classic living room 😍 A serene blend of vintage romance and sunlit charm ✨ Save for your next home refresh & share with a fe,https://www.instagram.com/reel/DPE4Az4EpcZ/,https://www.instagram.com/popular/cottagecore-living-room-design/
DUrAEncjwpo,neatmethod,66100,66.1K,dream-closet,"So good we never want to leave #closetgoals closet organizing, organized spaces",https://www.instagram.com/reel/DUrAEncjwpo/,https://www.instagram.com/popular/dream-closet/
DOTl0KLCHQn,home_designfr,66000,66K,living-room-decor,"Hello, Les vacances sont finies, demain c'est la reprise… ça va être dur 😕 Ça passe tellement vite",https://www.instagram.com/reel/DOTl0KLCHQn/,https://www.instagram.com/popular/living-room-decor/
DOafL1rjLbJ,hudnallshideout,65600,65.6K,treehouse-hotel,Have you ever seen an A-frame treehouse in the UK? This is The Hudnalls Hideout 🌳 Our treehouse invites you to slow down and savour the small pockets,https://www.instagram.com/reel/DOafL1rjLbJ/,https://www.instagram.com/popular/treehouse-hotel/
DbUsKAlxE-h,dev3d3012,64100,64.1K,quiet-luxury-bathroom,✨ LUXFRAME | Episode 01 – Quiet Luxury Bathroom 2028 ✨ Luxury isn't loud. It's the details you feel before you notice them. A cinematic bathro,https://www.instagram.com/reel/DbUsKAlxE-h/,https://www.instagram.com/popular/quiet-luxury-bathroom/
DKBlW14swvf,the_karighars,63900,63.9K,luxury-dining-room,"Where conversations flow as beautifully as the design. This luxury dining table, curated by The KariGhars",https://www.instagram.com/reel/DKBlW14swvf/,https://www.instagram.com/popular/luxury-dining-room/
DToXQT-kiz5,explorewithmia_,63900,63.9K,underwater-hotel,POV: You wake up underwater… #underwaterhotel #travel #china #vlog,https://www.instagram.com/reel/DToXQT-kiz5/,https://www.instagram.com/popular/underwater-hotel/
DXFQ4I4CMCX,kuchecucina,63800,63.8K,luxury-kitchen,"A contemporary kitchen defined by clean architectural lines, warm wood ca",https://www.instagram.com/reel/DXFQ4I4CMCX/,https://www.instagram.com/popular/luxury-kitchen/
CvWhO0Htto7,suyash_diplomat,63600,63.6K,swiss-chalet,👉🏻Do you prefer staying in hotels or in traditional houses when you are traveling? ⁉️ ✨So this time during our tour to Switzerland,https://www.instagram.com/reel/CvWhO0Htto7/,https://www.instagram.com/popular/swiss-chalet/
DX_t84VKl0u,sbidawards,63600,63.6K,hotel-design,This week's instalment of the Project of the Week series features an understated luxury hotel lobby design by 2025 SBID Awar,https://www.instagram.com/reel/DX_t84VKl0u/,https://www.instagram.com/popular/hotel-design/
DIzN_Y6ShVW,futurehomesdaily,63300,63.3K,luxury-house-tour;mansion-tour,"$8,500,000 Million dollar estate tour. This is how I wanna tour every home from now on! Would you l",https://www.instagram.com/reel/DIzN_Y6ShVW/,https://www.instagram.com/popular/luxury-house-tour/
DP2hZlliC2l,top_1_pers,63200,63.2K,future-houses-2050,join the top 1%🗿Swipe past the static and meet the future head‑on. This isn't just VR—this is,https://www.instagram.com/reel/DP2hZlliC2l/,https://www.instagram.com/popular/future-houses-2050/
DO7f4urE7xO,forestlife06,63200,63.2K,forest-house,Build a forest house 🌲🌲 #BuildAForestHouse #ForestLiving #NatureHome #EcoFriendlyBuilding #Sustainable,https://www.instagram.com/reel/DO7f4urE7xO/,https://www.instagram.com/popular/forest-house/
DWWZZK6TWCF,luxurydreamhub,63000,63K,luxury-apartment,"Living life in the high-definition of luxury. ✨ From the grand chandeliers to the sprawling skyline views, this is what penthouse dreams are made of.",https://www.instagram.com/reel/DWWZZK6TWCF/,https://www.instagram.com/popular/luxury-apartment/
DYsApjVBTYq,luxurydreamhub,63000,63K,luxury-apartment-interior-design-ideas-2026,"City lights outside, pure luxury inside. ✨🌃 The ultimate living room setup where sleek modern design meets a",https://www.instagram.com/reel/DYsApjVBTYq/,https://www.instagram.com/popular/luxury-apartment-interior-design-ideas-2026/
DH_pnRDv8qk,houseofheron,62700,62.7K,dark-academia-home-library,"Transforming my bland, white entryway into a captivating dark academia library! 🖤✨ With dark wooden shelves, vintage decor, and a carefully curated co",https://www.instagram.com/reel/DH_pnRDv8qk/,https://www.instagram.com/popular/dark-academia-home-library/
DXuQGOUjoWa,herjoliejourney,62700,62.7K,faroe-islands-luxury-villas,"SAVE THIS for your Faroe Islands itinerary 🇫🇴✨ 📍the View, Faroe Islands Ending day 1 of our Faroe Islands trip in a traditional turf house overlooking",https://www.instagram.com/reel/DXuQGOUjoWa/,https://www.instagram.com/popular/faroe-islands-luxury-villas/
DX6xxdWok2W,efetopcuarchitecture,62500,62.5K,parametric-architecture,Bu çalışma Grasshopper ile oluşturulmuş parametrik bir kabuk ve yüzey üzerinde tanımlı bir pe,https://www.instagram.com/reel/DX6xxdWok2W/,https://www.instagram.com/popular/parametric-architecture/
DUkcbiaiN6H,supreme_homes_dha,62400,62.4K,luxury-home-theater-ideas,1-Kanal Full Basement Fully Furnished Ultra Modern Design Bungalow Available for Sale,https://www.instagram.com/reel/DUkcbiaiN6H/,https://www.instagram.com/popular/luxury-home-theater-ideas/
C7J_w0Tg3eM,jessicaannereed,62200,62.2K,organic-modern,"ORGANIC MODERN HOME INSPO Comment ""Inspo"" to shop my home! What's your design style? I like to say my style",https://www.instagram.com/reel/C7J_w0Tg3eM/,https://www.instagram.com/popular/organic-modern/
DQmrCjljPRK,aesthetic_aicontent,62200,62.2K,cozy-cabin,Escape from the world to a cozy lakeside cabin🍂🍁🍂 #fall #autumn #cozy,https://www.instagram.com/reel/DQmrCjljPRK/,https://www.instagram.com/popular/cozy-cabin/
DXCuw34jVm4,roomify.design,62000,62K,dream-kitchen,Day 3 of designing my dream home… and this kitchen changed everything ✨ Luxury kitchen transformation From empty space → a kitchen that feels straight,https://www.instagram.com/reel/DXCuw34jVm4/,https://www.instagram.com/popular/dream-kitchen/
DdTaxeTMUtz,dream.scapenatureai,61800,61.8K,beach-house,"My dream house isn't in the city, it's right here 🌊💗 Just me, a swing, and the sound of waves.",https://www.instagram.com/reel/DdTaxeTMUtz/,https://www.instagram.com/popular/beach-house/
DcgGN_oyCSu,roisai_ai,61600,61.6K,ai-art,A little moment that feels too beautiful to be real... Ai Art | Concept | Visual by @roisai_ai,https://www.instagram.com/reel/DcgGN_oyCSu/,https://www.instagram.com/popular/ai-art/
DTngd3xDFhQ,lana7amdan,61300,61.3K,ai-render,⚡️ آخر أعمالي بـ Ai ،، من صورة وحدة قادرين نعمل workflow كامل بهالطريقة 🔥 علّق بـ Ai,https://www.instagram.com/reel/DTngd3xDFhQ/,https://www.instagram.com/popular/ai-render/
Cbnj1iLDwWf,meirr,60800,60.8K,luxury-cabin,"A frame Cabin Big Bear, CA - #cabin #aframe #cabininthewoods #aframecabin #cabinlife #naturehome #naturehouse #aframecabins #bigbear #mountaincabin #c",https://www.instagram.com/reel/Cbnj1iLDwWf/,https://www.instagram.com/popular/luxury-cabin/
DXeOoHLCC5x,classyibiza,60200,60.2K,ibiza-luxury-villas-sea-view,"This stunning villa is available for rent in Ibiza, located in the exclusive gated",https://www.instagram.com/reel/DXeOoHLCC5x/,https://www.instagram.com/popular/ibiza-luxury-villas-sea-view/
DWtH-I6jVWW,tnt_interiors,59700,59.7K,kids-room-design,Because every child deserves a magical room ✨,https://www.instagram.com/reel/DWtH-I6jVWW/,https://www.instagram.com/popular/kids-room-design/
DT4zutFD2Mu,ai.design.ideas,59500,59.5K,industrial-interior,Urban Loft Revival (Before / After) A raw brick loft transformed into a warm and functional,https://www.instagram.com/reel/DT4zutFD2Mu/,https://www.instagram.com/popular/industrial-interior/
DSm4CHdE295,theroomedit007,59300,59.3K,biophilic-design,Walking Through a Living Forest Inside a Home 🌿✨ #biophilicdesign #luxuryinterior #designinspiration,https://www.instagram.com/reel/DSm4CHdE295/,https://www.instagram.com/popular/biophilic-design/
C7RAjoJMOc2,liolaliola,59200,59.2K,beach-house,A sneak peak to the dreamiest house on the beach 🐚🫧🥥🪸 @longbaybvi @britishvirginis @britishvirginis.uk AD | PR trip #longbaybeach #longbay #britishvir,https://www.instagram.com/reel/C7RAjoJMOc2/,https://www.instagram.com/popular/beach-house/
DXkjRx0jVKh,windowsandwoods,59200,59.2K,outdoor-living,"Comment OUTDOOR below for details to all of my patio seating, rugs, planters and fire pit seen here or go directly to",https://www.instagram.com/reel/DXkjRx0jVKh/,https://www.instagram.com/popular/outdoor-living/
DGqE61PqbSD,interiordesign.addicts,59100,59.1K,ai-house-design;ai-interior,What would you do here?😍 🎥: @soothenests #interiordesignaddicts • #architecture #design #homedesign #interior #interiordesign #ai #artificialintellige,https://www.instagram.com/reel/DGqE61PqbSD/,https://www.instagram.com/popular/ai-interior/
DdZS-rDJI7x,cozyhome0.3,59100,59.1K,cozy-cabin,"A Tiny Cabin Lost in a Heavy Snowstorm ❄️🌨️ A little stone cabin, completely",https://www.instagram.com/reel/DdZS-rDJI7x/,https://www.instagram.com/popular/cozy-cabin/
DXrunfOAj7T,virtuosoltd,58400,58.4K,luxury-hotel,They mustn't have stayed at a Virtuoso hotel 😉 #VirtuosoTravel #hotelsabovepar #hotellifestyle,https://www.instagram.com/reel/DXrunfOAj7T/,https://www.instagram.com/popular/luxury-hotel/
DKreseXSK1H,seputargumelar,58400,58.4K,rain-sounds,Sound of rain.,https://www.instagram.com/reel/DKreseXSK1H/,https://www.instagram.com/popular/rain-sounds/
Dab0h73ojh4,capsulecastleyfl,58100,58.1K,capsule-castle-luxury-space-capsule-houses,A house that can be used for multiple purposes 📱WhatsApp：+86 18905362533 🔗WhatsApp link: wa.me/8618905362533 #capsulecastle #resort #modularhome #pass,https://www.instagram.com/reel/Dab0h73ojh4/,https://www.instagram.com/popular/capsule-castle-luxury-space-capsule-houses/
DKcrVsjNr5J,theresortscollection,58100,58.1K,bora-bora-luxury-hotels,This luxury resort in Bora Bora should be on your travel list 😍 📍Four Seasons Bora Bora Contact us 📧 to book with the most competitive rates,https://www.instagram.com/reel/DKcrVsjNr5J/,https://www.instagram.com/popular/bora-bora-luxury-hotels/
C_aHkQqA_WA,studio.lux.interiors,57800,57.8K,interior-styling,Interior styling is more than just the finishing touches ~ it's the artistry that brings a space to life 🙌🏼,https://www.instagram.com/reel/C_aHkQqA_WA/,https://www.instagram.com/popular/interior-styling/
DVxJIpykxvG,baliinteriordesign,57400,57.4K,tropical-house;tropical-villa,Designed for the tropics 🌴 Would you stay here? #dreamhome #tropicalvilla #villadesign,https://www.instagram.com/reel/DVxJIpykxvG/,https://www.instagram.com/popular/tropical-villa/
DY1Hb4_Nro0,street_worksltd,57400,57.4K,a-frame-cabin,Hii A-frame cabin ni proof kabisa kwamba unique architecture sasa hivi ni biashara kubwa sana. Watu hawalipii tu sehemu ya kulala anymore — wanataka a,https://www.instagram.com/reel/DY1Hb4_Nro0/,https://www.instagram.com/popular/a-frame-cabin/
DAbgigvSjDz,shltr,57200,57.2K,mediterranean-house,SHLTR's Style Guide on Mediterranean home decor. 🌿 This interior design style brings the flair of European beach life to the everyday with light natur,https://www.instagram.com/reel/DAbgigvSjDz/,https://www.instagram.com/popular/mediterranean-house/
DWUBLCLDHqT,tinkerbelltik,57000,57K,rooftop-pool,Do you agree?💙 📍AURA Sky Pool 🇦🇪 #summer #viralreels #luxurytravel,https://www.instagram.com/reel/DWUBLCLDHqT/,https://www.instagram.com/popular/rooftop-pool/
DOiV8ucDaFB,wishcraft_africa,56900,56.9K,hotel-design,"Project: 44 Bedrooms hotel. Location: 📍Benin City, Edo state, Nigeria. 🇳🇬🇬🇭🇿🇦🇱🇷🇷🇼🇰🇪 Area of plot",https://www.instagram.com/reel/DOiV8ucDaFB/,https://www.instagram.com/popular/hotel-design/
DWDvXdsE2iy,theraj_interior,56700,56.7K,luxury-bedroom;luxury-bedroom-design,Luxury Modern Bedroom — Where Comfort Meets Elegance ✨ #LuxuryBedroom #ModernInterior #BedroomDesign,https://www.instagram.com/reel/DWDvXdsE2iy/,https://www.instagram.com/popular/luxury-bedroom/
DQ9zf23jFaM,at_the_barkers,56600,56.6K,hotel-suite-design-ideas,5 tips for a luxury hotel vibe bedroom! 1. Different sized luxury cushions 2. Floor to ceiling headboard 3. Luxury bed throw 4. Lighting 5. Built in m,https://www.instagram.com/reel/DQ9zf23jFaM/,https://www.instagram.com/popular/hotel-suite-design-ideas/
DRk4Kc4jHwg,zenqarchitecture,56300,56.3K,luxury-apartment;luxury-apartment-interior-design-ideas-2026,Which part of the apartment steals your heart? • Follow @zenqarchitecture for more! • BY @zilola_design •,https://www.instagram.com/reel/DRk4Kc4jHwg/,https://www.instagram.com/popular/luxury-apartment/
DXwnyV4xcPs,thebillionaire_vibe_,55800,55.8K,luxury-mansion,What a Mansion 💸😱 #mansion #moneymaker #moneymoneymoney #billionaire #business,https://www.instagram.com/reel/DXwnyV4xcPs/,https://www.instagram.com/popular/luxury-mansion/
CuCXrQcNbUD,keylead_media,55600,55.6K,underground-house,Embracing safety in style! Welcome to my bomb-proof haven where peace and protection collide. 🌪️🚀 DM for credit,https://www.instagram.com/reel/CuCXrQcNbUD/,https://www.instagram.com/popular/underground-house/
DYCxr99N2Zu,nairobi___spaces,55500,55.5K,best-rooftop-pools,"Studio AirBNB Upperhill 21st floor (New apartment, just launched) Amenities: . Rooftop swimming pool (33rd floor)",https://www.instagram.com/reel/DYCxr99N2Zu/,https://www.instagram.com/popular/best-rooftop-pools/
DXFzOSZiBeX,roomify.design,55400,55.4K,luxury-dining-room,This dining room just made the whole house feel complete… 🌸✨ From empty space → a soft luxury dining,https://www.instagram.com/reel/DXFzOSZiBeX/,https://www.instagram.com/popular/luxury-dining-room/
DMa_j3noxyi,shltr,55400,55.4K,indoor-pool,"A quick dip in this breathtaking indoor pool, anyone? 💦 ✨ Via @uniqchalets",https://www.instagram.com/reel/DMa_j3noxyi/,https://www.instagram.com/popular/indoor-pool/
DWVsrxeke2t,ehousing.jp,54800,54.8K,tokyo-apartment,"Akasaka Tower Residence — what wealth looks like in Tokyo. Comment ""listing"" to receive more information Most ""luxury"" apartments in Tokyo still sit a",https://www.instagram.com/reel/DWVsrxeke2t/,https://www.instagram.com/popular/tokyo-apartment/
DUmt1TSk5_8,chennai_ecrvilla,54500,54.5K,luxury-villa-with-pool,For Booking 7708860986 2 bhk individual villa with swimming pool Weekdays - 7k weekends,https://www.instagram.com/reel/DUmt1TSk5_8/,https://www.instagram.com/popular/luxury-villa-with-pool/
Da2JYrtzoJS,thehouserealty,54300,54.3K,bali-villa,"$89K for a fully furnished Bali villa near Canggu? 🌴✨ Located in Buduk, just 10 minutes from the beach, this modern 1-bedroom tropical villa offers an",https://www.instagram.com/reel/Da2JYrtzoJS/,https://www.instagram.com/popular/bali-villa/
DbgFxv4xJZ9,modernistgarage,54100,54.1K,mid-century-modern,Mid-century modern vibes 🧡🤗 #midcenturymodern #apartmentliving #apartmentdecor,https://www.instagram.com/reel/DbgFxv4xJZ9/,https://www.instagram.com/popular/mid-century-modern/
DAoR8NbK5yp,theluxuryhomeshow,53900,53.9K,miami-mansion,"What $9,000,000 Buys You in Miami, Florida 🇺🇸 Boasting 21-foot ceilings and an open la",https://www.instagram.com/reel/DAoR8NbK5yp/,https://www.instagram.com/popular/miami-mansion/
DYmgpjFyXtA,tropicallifemagazine,53700,53.7K,bali-infinity-pool-villas,"Bali cliffside villas with private pools just hit different ✨ Radisson Blu Resort & Villas, Bali Uluwatu unveils exclusive cliffside villas overlookin",https://www.instagram.com/reel/DYmgpjFyXtA/,https://www.instagram.com/popular/bali-infinity-pool-villas/
DMNRWtRyaM4,iamsaqibmanzoor,53500,53.5K,mountain-house,My kind of Spot :) 🏔️🏡 . @1amsaqib . . . . . . . . . . #mountains #peace #alone #mountainhouse #sukoon #pahad #nature #feel #dreamlife #alonehouse #na,https://www.instagram.com/reel/DMNRWtRyaM4/,https://www.instagram.com/popular/mountain-house/
DOyNCTyFF67,shltr,53400,53.4K,underwater-hotel,"This stay might not be real, but a night ✨ quite literally✨ under water in the Maldives",https://www.instagram.com/reel/DOyNCTyFF67/,https://www.instagram.com/popular/underwater-hotel/
DNJKH4OMEHR,scifiscapes,53200,53.2K,futuristic-architecture,Year 3 of AI + Architecture (Aug 2022 – Aug 2025) +1 Million Followers +600 Million,https://www.instagram.com/reel/DNJKH4OMEHR/,https://www.instagram.com/popular/futuristic-architecture/
DTwWF32Ew6n,iwouldstaythere,53200,53.2K,bali-luxury-villas-with-private-pools,"Waking up to this view at an infinity villa in Bali feels unreal 🌿 Quiet mornings, jungle views, and pure peace.",https://www.instagram.com/reel/DTwWF32Ew6n/,https://www.instagram.com/popular/bali-luxury-villas-with-private-pools/
DV6PVtjATXq,jareef__saifi,53000,53K,luxury-bathroom,Luxury Bathroom Interior With Stone Wall & Marble Floor ✨ #bathroomdesign #interiordesign,https://www.instagram.com/reel/DV6PVtjATXq/,https://www.instagram.com/popular/luxury-bathroom/
DUnnfRxCJdX,_vlasov_roman_,53000,53K,modern-house;modern-villa,project / 665 Architecture By @_vlasov_roman_ #villa #house #interior #architecture #modern,https://www.instagram.com/reel/DUnnfRxCJdX/,https://www.instagram.com/popular/modern-house/
Dcqg_aVvBdL,suren.space,53000,53K,biophilic-bedroom-design,"Waking up immersed in nature. The perfect blend of raw textures, moody tone",https://www.instagram.com/reel/Dcqg_aVvBdL/,https://www.instagram.com/popular/biophilic-bedroom-design/
DPJHwVHiMGl,luxuryhouseview,53000,53K,glass-house-photos,"""A glasshouse of dreams – living inside a postcard 🌿🏞️"" #DreamHome #LuxuryLiving #MountainView #NatureAnd",https://www.instagram.com/reel/DPJHwVHiMGl/,https://www.instagram.com/popular/glass-house-photos/
DL2J604Or3c,andreaday_travel,52900,52.9K,bora-bora-luxury-hotels,Living the dream in beautiful Bora Bora 🌴 SAVE this bucketlist hotel for your future dream trip here! 🌺,https://www.instagram.com/reel/DL2J604Or3c/,https://www.instagram.com/popular/bora-bora-luxury-hotels/
DK16rxhzl7q,nstudiainteriors,52900,52.9K,luxury-bathroom-design,Step into calm every time you enter 🚪✨ A well-designed washroom isn't just a space — it's a feeling 🌿,https://www.instagram.com/reel/DK16rxhzl7q/,https://www.instagram.com/popular/luxury-bathroom-design/
DWhCcfijezK,relaxationreflections_,52500,52.5K,rain-cozy,"If your evening feels rushed, this is your invitation to slow it down. 🌧️✨ Let the rain guide the pace. Adjust 🔈volume to your comfort level.",https://www.instagram.com/reel/DWhCcfijezK/,https://www.instagram.com/popular/rain-cozy/
C-t4FLKJhwy,aluminium_glass_design,52400,52.4K,rooftop-terrace,"Transform your rooftop terrace into a cozy oasis! 🌿✨ Check out this stunning decor makeover, perfect for summer nights",https://www.instagram.com/reel/C-t4FLKJhwy/,https://www.instagram.com/popular/rooftop-terrace/
DGEIMTbSfMS,homebunch,52100,52.1K,organic-modern-kitchen-designs,2025 Modern Organic Kitchen Inspiration It's time to make a statement with your kit,https://www.instagram.com/reel/DGEIMTbSfMS/,https://www.instagram.com/popular/organic-modern-kitchen-designs/
Dc1VLxZz7Kf,visual.aset,52000,52K,desert-house,A crystal-clear refuge hidden in the endless desert. This simple house beside the oasis is a dream of peace and q,https://www.instagram.com/reel/Dc1VLxZz7Kf/,https://www.instagram.com/popular/desert-house/
DRkKMTfjCc7,fortune.sketches,52000,52K,future-home,A small house for working parents.,https://www.instagram.com/reel/DRkKMTfjCc7/,https://www.instagram.com/popular/future-home/
DYwCHTlMtEq,buondesign.az,51900,51.9K,minimalist-art-deco-interior-design;neoclassical-interior,🤍 Neoclassic interior design #neoclassicinterior #neoklassik #neoklassikinteryer #interye,https://www.instagram.com/reel/DYwCHTlMtEq/,https://www.instagram.com/popular/neoclassical-interior/
DO1qYbxjLwc,travel_moroccan,51700,51.7K,marrakech-riad,✨ 5 of the most beautiful riads in Marrakech ❤️🇲🇦 … Have you ever visited one of them?,https://www.instagram.com/reel/DO1qYbxjLwc/,https://www.instagram.com/popular/marrakech-riad/
Ctb2ahcM73s,trillionaireestates,51700,51.7K,luxury-homes-on-the-amalfi-coast,The Almafi Coast 🇮🇹 Tag someone you'd go here with! ➖➖➖➖➖➖➖➖➖➖➖➖➖➖ *Follow us* @trillio,https://www.instagram.com/reel/Ctb2ahcM73s/,https://www.instagram.com/popular/luxury-homes-on-the-amalfi-coast/
DbzBSxLAY5Z,therealtonyspriggs,51500,51.5K,lake-house,"WHAT $200,000 CAN GET YOU 🏡🌊 Number above is Downpayment. 6Bd • 6Ba • 5,034 Sqft 🌊 Lakefront 🛥️ Private Dock 🏡 Over 5,000 Sqft ✨ Luxury Finishes 🌅 Inc",https://www.instagram.com/reel/DbzBSxLAY5Z/,https://www.instagram.com/popular/lake-house/
DNljJYCIbsy,hemby.capital,51500,51.5K,dubai-penthouse,✨ Welcome to the pinnacle of Dubai living. This iconic penthouse redefines luxury with panoramic views that leave you breathless and interiors,https://www.instagram.com/reel/DNljJYCIbsy/,https://www.instagram.com/popular/dubai-penthouse/
DcmH3EKPm11,pristinelandscapesinc,51300,51.3K,luxury-garden,Bringing the tropical resort feel right into the backyard. 🌴✨,https://www.instagram.com/reel/DcmH3EKPm11/,https://www.instagram.com/popular/luxury-garden/
DQfBulJEq2a,herlinmill,51200,51.2K,rain-sounds,"Studies show that steady rain sounds can help people fall asleep up to 40% faster. The consistent rhythm acts like a natural white noise machine, mask",https://www.instagram.com/reel/DQfBulJEq2a/,https://www.instagram.com/popular/rain-sounds/
DXY-_sGgYkN,luxurydreamhub,50900,50.9K,luxury-dining-room,Dine in elegance where every detail shines. ✨🕯️ A touch of luxury for the perfect evening.,https://www.instagram.com/reel/DXY-_sGgYkN/,https://www.instagram.com/popular/luxury-dining-room/
DWV1jTwk4pn,aadhunik.estates,50900,50.9K,luxury-apartment,✨ Experience Hotel-Style Luxury Living ✨ Ultra-Luxury 3BHK Builder Floor in SL-1 | 270 Sq. Yards Step into a home that feels like a 5-star hotel 🏡,https://www.instagram.com/reel/DWV1jTwk4pn/,https://www.instagram.com/popular/luxury-apartment/
DMGBXbRMcaF,luxuryworldtraveler,50800,50.8K,underwater-hotel,This is one of the most unique experiences in the world - dining underwater 🎥 @saltyluxe,https://www.instagram.com/reel/DMGBXbRMcaF/,https://www.instagram.com/popular/underwater-hotel/
DbtAn04T8aU,homewithmichiii,50500,50.5K,cozy-bedroom-ideas,"From a blank room to a space that feels calm, warm, and lived in. It's always the little details that shape the overall vibe. What would be the first",https://www.instagram.com/reel/DbtAn04T8aU/,https://www.instagram.com/popular/cozy-bedroom-ideas/
DMJZ0CDyCEQ,ecooutdoor,50400,50.4K,desert-house;desert-house-interior-design-ideas;desert-modern-house-tours,"Imagined by Amber Interiors, Desert House is where modern living coalesces with the rawness of nature. Set",https://www.instagram.com/reel/DMJZ0CDyCEQ/,https://www.instagram.com/popular/desert-house/
DWEqx2-iQSQ,conceptual_interior_studio,50300,50.3K,kids-room-design,14ft x 12ft kids room design . . . . . #noidainterior #noidaextensioninterior #viralinterior,https://www.instagram.com/reel/DWEqx2-iQSQ/,https://www.instagram.com/popular/kids-room-design/
DcLLvKpNWRD,pooneh.abbaszadeh,50000,50K,modern-classic-interior-design;neoclassical-interior,⁨ طراحی یک فضای نئوکلاسیک با رویکردی معاصر ✨ در این پروژه تلاش کردیم شکوه و ظرافت,https://www.instagram.com/reel/DcLLvKpNWRD/,https://www.instagram.com/popular/neoclassical-interior/
DZLxxfRBcJ_,niceplacela,50000,50K,houses-on-malibu-beach;malibu-house,"Positioned directly along one of Malibu's most sought-after stretches of sand, this",https://www.instagram.com/reel/DZLxxfRBcJ_/,https://www.instagram.com/popular/malibu-house/
DFOV5cOg8yV,airwaveav,49900,49.9K,home-theater,Home Cinema of dreams 🍿 This is one of our favourite rooms ever completed for a private client in the South East.,https://www.instagram.com/reel/DFOV5cOg8yV/,https://www.instagram.com/popular/home-theater/
DFczI6Ihobl,nainitalinterior,49700,49.7K,kids-room-design,Beautiful kids room design by @nainitalinterior contact us for #interiordesign 📍site #greater,https://www.instagram.com/reel/DFczI6Ihobl/,https://www.instagram.com/popular/kids-room-design/
DOB0W9yDZdu,respinahotel,49700,49.7K,hotel-design,A place of respite and relaxation. Content creator: @emad.niik @nik_creativefactory . #هتل #اقامت #کافه_رستوران #hotel #اس,https://www.instagram.com/reel/DOB0W9yDZdu/,https://www.instagram.com/popular/hotel-design/
Coe9YW2IW82,katefulller,49500,49.5K,coastal-bedroom-design-ideas,"Some of you asked for a coastal bedroom design, so I hope this finds you!💙✨ #coastalbedroom",https://www.instagram.com/reel/Coe9YW2IW82/,https://www.instagram.com/popular/coastal-bedroom-design-ideas/
C-W7_QWKNCT,thewhitethistle,49300,49.3K,glamping-ideas,Running out of ideas to entertain the kids this holiday… time for some back garden camping (or Glamping,https://www.instagram.com/reel/C-W7_QWKNCT/,https://www.instagram.com/popular/glamping-ideas/
DT5VSJ0E4cf,arihantpaintindustries,48900,48.9K,ai-home-design,1 Click = Perfect Home Design 🤖🏡 Mene AI ki madad se apne ghar ka design FREE me banaya,https://www.instagram.com/reel/DT5VSJ0E4cf/,https://www.instagram.com/popular/ai-home-design/
DGJGeoftP3l,mozhgan_arch,48600,48.6K,industrial-interior,Industrial Minimalist Cafe Design 😍 Brutalist elegance meets minimal warmth. A space where,https://www.instagram.com/reel/DGJGeoftP3l/,https://www.instagram.com/popular/industrial-interior/
C9K0DCdJ-ji,tacticallyprepped,48500,48.5K,inside-underground-bunker-house;underground-house,Would you get this secret bunker installed in your house?!?! #bunker #saferoom #secretroom #house #emergency #survival #safe #underground #bugout #wor,https://www.instagram.com/reel/C9K0DCdJ-ji/,https://www.instagram.com/popular/underground-house/
DXcIQqEkdX-,theresortscollection,48400,48.4K,underwater-hotel,"If you want a truly special and unique experience, trying a lunch or dinner in an underwater",https://www.instagram.com/reel/DXcIQqEkdX-/,https://www.instagram.com/popular/underwater-hotel/
DQK1nwHEj42,shelbychurch,48300,48.3K,los-angeles-house,"I think this is my favorite house for sale in this neighborhood 🫢 $3.7M - 5 bedrooms, 5 bathrooms 📍west LA",https://www.instagram.com/reel/DQK1nwHEj42/,https://www.instagram.com/popular/los-angeles-house/
Dav4xDovutB,joinfirstchair,48000,48K,wabi-sabi-japandi-interior-design,how to create the perfect japandi style ↓ bring harmony into your home by blending,https://www.instagram.com/reel/Dav4xDovutB/,https://www.instagram.com/popular/wabi-sabi-japandi-interior-design/
DTGLeVDCf-5,bic_trading,47900,47.9K,future-house,Definitely • #luxuryhouse #2030 #mansion,https://www.instagram.com/reel/DTGLeVDCf-5/,https://www.instagram.com/popular/future-house/
DZFOCYatqRT,aluxuryinterior,47800,47.8K,luxury-interior-design,"Serving looks, comfort, and luxury... all under one roof. 🔥🏡 This isn't just a finished home",https://www.instagram.com/reel/DZFOCYatqRT/,https://www.instagram.com/popular/luxury-interior-design/
DFGUIU2Sgq8,lisahuhome,47600,47.6K,scandinavian-interior-design,"tonals forever, for now 🤭🤍 🏷️ scandinavian scandi minimalist japandi wabi sabi cloud couc",https://www.instagram.com/reel/DFGUIU2Sgq8/,https://www.instagram.com/popular/scandinavian-interior-design/
DdUKWFftz2B,brutalistbrunch,47600,47.6K,boutique-hotel,"A hidden hotel in Palermo, built into the ruins. Old stone. Corten steel. Warm light spilling into ancient courtyards. A rooftop made for long Sicilia",https://www.instagram.com/reel/DdUKWFftz2B/,https://www.instagram.com/popular/boutique-hotel/
DXgkpqok11f,vifa.dekorasi,47600,47.6K,japandi-serenity-bedroom-design-ideas,"Minimalist: Desain kamar sederhana dengan sedikit furnitur, warna netral, dan fokus pada fung",https://www.instagram.com/reel/DXgkpqok11f/,https://www.instagram.com/popular/japandi-serenity-bedroom-design-ideas/
DHQl-4tRCWP,decorworld_interiorsolution,47300,47.3K,dream-kitchen;luxury-kitchen-design,A ultra premium Kitchen design #kitchendecor #kitchendesign #kitcheninspo #kitchenremodel #kitcheninspiration #kitchengadgets #kitchenappliance,https://www.instagram.com/reel/DHQl-4tRCWP/,https://www.instagram.com/popular/dream-kitchen/
DHtcdSdom-J,nestledstays,47100,47.1K,lake-house,Spring escape by the lake 🌿,https://www.instagram.com/reel/DHtcdSdom-J/,https://www.instagram.com/popular/lake-house/
CvXMF_hsKuP,newyorkcity4all,46500,46.5K,best-rooftop-pools,NYC BEST ROOFTOP POOLS WITH DAY PASSES🎟️ 🏙️☀️ Ready to make a splash this summer in NYC?🌊 Discover,https://www.instagram.com/reel/CvXMF_hsKuP/,https://www.instagram.com/popular/best-rooftop-pools/
DMi17mcsosb,lifetime_interior_design,46400,46.4K,luxury-living-room;luxury-living-room-design,A living room made for quiet luxury. ✨ This AI-designed space combines timeless elegance with modern sophistication,https://www.instagram.com/reel/DMi17mcsosb/,https://www.instagram.com/popular/luxury-living-room/
DdbDmppovOA,columbine_cornwebb,46300,46.3K,mykonos,#foryou #greece #mykonos #natural #chef,https://www.instagram.com/reel/DdbDmppovOA/,https://www.instagram.com/popular/mykonos/
DRF_Ydlj9IG,mariela.goldfarb,46100,46.1K,green-minimalist-interior-design,🤩COMBINACIÓN DE VERDE Y MADERA🤩 Si querés una combinación que de frescura y tranquilidad a tus espacios la combinación de verde y madera es ideal,https://www.instagram.com/reel/DRF_Ydlj9IG/,https://www.instagram.com/popular/green-minimalist-interior-design/
DOVQCkpEZOO,paigunna,45700,45.7K,overwater-villa,This overwater pool villa feels like a dream turned into reality. #maldives #centaragrandmaldives #overwatervilla #maldivesresorts,https://www.instagram.com/reel/DOVQCkpEZOO/,https://www.instagram.com/popular/overwater-villa/
DTF5iBuk774,designopolis_,45700,45.7K,ai-generated-architecture-designs,AI for Architecture Workshop👇🏻 09th - 11th January (7:00 PM IST) Hosted by: Naman Mehta Archite,https://www.instagram.com/reel/DTF5iBuk774/,https://www.instagram.com/popular/ai-generated-architecture-designs/
DYFCWkgPLu1,styltechinterior_official,45500,45.5K,hotel-bathroom-designs,This Bathroom Looks More Expensive Than A Hotel 😍✨,https://www.instagram.com/reel/DYFCWkgPLu1/,https://www.instagram.com/popular/hotel-bathroom-designs/
DXFrYimDR_z,tatlondono,45400,45.4K,real-estate,Want more views on your real estate content? Start with your hook. 👇 You have 3 to 5 seconds to stop someone mid scroll. That is it. One of the best h,https://www.instagram.com/reel/DXFrYimDR_z/,https://www.instagram.com/popular/real-estate/
DKDICFPtiiH,themillionaires_mindset,45200,45.2K,mansion-tour,Who's dream villa is this? 🤩 . . Follow @themillionaires_mindset for more ! ✔ . . Video by @sapph,https://www.instagram.com/reel/DKDICFPtiiH/,https://www.instagram.com/popular/mansion-tour/
DQgnqKljDY9,esoarch,44900,44.9K,ai-generated-architecture-designs;midjourney-architecture,...work in progress... Follow us for more architecture: @esoarch •Turn on Post Notifications. •Tag us,https://www.instagram.com/reel/DQgnqKljDY9/,https://www.instagram.com/popular/ai-generated-architecture-designs/
DX4Z0V9IDGC,luxuife,44800,44.8K,luxury-life,From Zero to Unstoppable. 🚀 #luxury #rich #motivation #billionairelifestyle #fyp,https://www.instagram.com/reel/DX4Z0V9IDGC/,https://www.instagram.com/popular/luxury-life/
DU6_CtNiWrC,vitrinedamorati,44800,44.8K,industrial-chic-interior-design,"Design moderno, luz natural e um conceito que respira liberdade. Esse loft é mais que um espaço — é um estilo de vida.",https://www.instagram.com/reel/DU6_CtNiWrC/,https://www.instagram.com/popular/industrial-chic-interior-design/
DWb-ablDN5l,ayesha_realtor1122,44600,44.6K,dubai-villa,23 million dirham villa. #uae #realestate #foryou #damac #realtor,https://www.instagram.com/reel/DWb-ablDN5l/,https://www.instagram.com/popular/dubai-villa/
DWOocxtEhfS,maldivesluxury_escape,44600,44.6K,maldives-resort,Hotels you need to visit in April 2026 in Maldives🏝️💕 1. Soneva jani 2. ⁠Conrad Maldives 3. ⁠ST R,https://www.instagram.com/reel/DWOocxtEhfS/,https://www.instagram.com/popular/maldives-resort/
DJTsUfrMQgB,katevera.creative,44600,44.6K,ai-interior-design,"👉 Want to learn how? Comment ""AI"" and join my upcoming course on AI for Interior Design",https://www.instagram.com/reel/DJTsUfrMQgB/,https://www.instagram.com/popular/ai-interior-design/
C_jka6Ys7AT,alpine_manor,44500,44.5K,desert-modern-house-tours,"🏡✨ The most beautiful home in Paradise Valley, where French modern design meets desert elegance. This stunning masterpiece by @katrina.a.barrett redef",https://www.instagram.com/reel/C_jka6Ys7AT/,https://www.instagram.com/popular/desert-modern-house-tours/
DXKoaF0DenR,baltik_barn,44300,44.3K,container-home-luxury-models-2026,"Идеальный компактный загородный дом из 4 морских контейнеров 🏡 Быстровозводимый, энергоэффективный и доступный по цене — комфортно размещает семью и н",https://www.instagram.com/reel/DXKoaF0DenR/,https://www.instagram.com/popular/container-home-luxury-models-2026/
DZCfbUSA3au,myauraview,44200,44.2K,quiet-luxury,The countryside version of luxury 🕯️✨ *invitation #quietluxury #slowliving #manorlife #countryescape,https://www.instagram.com/reel/DZCfbUSA3au/,https://www.instagram.com/popular/quiet-luxury/
DdnDYlsuwQP,livinglesh,44000,44K,boutique-hotel,Sometimes the best trip is the one that's only an hour and change away. We checked into @thestlaurentsocialclub in Asbury Park for a little adults onl,https://www.instagram.com/reel/DdnDYlsuwQP/,https://www.instagram.com/popular/boutique-hotel/
DNWkcwTuIyz,nelsongonzalezmiami,43900,43.9K,miami-mansion,"JUST LISTED $𝟏𝟔𝟗,𝟎𝟎𝟎,𝟎𝟎𝟎 Own the 𝐥𝐚𝐫𝐠𝐞𝐬𝐭 𝐚𝐧𝐝 𝐦𝐨𝐬𝐭 𝐯𝐚𝐥𝐮𝐚𝐛𝐥𝐞 𝐰𝐚𝐭𝐞𝐫𝐟𝐫𝐨𝐧𝐭 𝐞𝐬𝐭𝐚𝐭𝐞",https://www.instagram.com/reel/DNWkcwTuIyz/,https://www.instagram.com/popular/miami-mansion/
DMdIsrlNHpw,dwell.scape,43900,43.9K,future-houses-2050,Somewhere between daydreaming and window shopping… Which one would you choose if you could move,https://www.instagram.com/reel/DMdIsrlNHpw/,https://www.instagram.com/popular/future-houses-2050/
DJv0Lpgs8CW,visitors_saudi,43800,43.8K,saudi-arabia-architecture,"The King Abdulaziz Center for World Culture, also known as Ithra, is a cultural centre situated in Dha",https://www.instagram.com/reel/DJv0Lpgs8CW/,https://www.instagram.com/popular/saudi-arabia-architecture/
DS8LlZ8CB_D,malik_the_realtor,43700,43.7K,luxury-master-bedroom,Call/WhatsApp/03231934745 #maliktherealtor #reel #reelitfeelit #luxury #luxurylifestyle,https://www.instagram.com/reel/DS8LlZ8CB_D/,https://www.instagram.com/popular/luxury-master-bedroom/
DcytWBNhaAx,amnova_2,43500,43.5K,desert-house,Empty Desert Canyon Becomes a Retractable Solar-Roof Mansion #construction #3dprintedhouse #luxuryhome #deser,https://www.instagram.com/reel/DcytWBNhaAx/,https://www.instagram.com/popular/desert-house/
DUtsH1zEjDG,billandbryanteam,43400,43.4K,miami-mansion,🏝 BOAT SHOW OPEN HOUSE SCHEDULE 🏝 SATURDAY & SUNDAY at 5515 Pine Tree Drive in Miami,https://www.instagram.com/reel/DUtsH1zEjDG/,https://www.instagram.com/popular/miami-mansion/
DYxb_pFJ6D5,warntv,43100,43.1K,aspen,on frogger's life we cancelling her 😭🥀 #overwatch #overwatch2 #ashe,https://www.instagram.com/reel/DYxb_pFJ6D5/,https://www.instagram.com/popular/aspen/
DLzbWRZuMf-,interior_home_design1,43100,43.1K,ai-house;futuristic-home,What are your thoughts about this design?🍃 by @zenform @interior_home_design1 #interiordesign #home #ai #house,https://www.instagram.com/reel/DLzbWRZuMf-/,https://www.instagram.com/popular/ai-house/
DOkAk0DCK8j,luxuryhouseview,43000,43K,dream-home,Cozy home 🏡 #cozyathome #nature #LuxuryHome #DreamInterior #RoyalLook #interiorgoals,https://www.instagram.com/reel/DOkAk0DCK8j/,https://www.instagram.com/popular/dream-home/
DcCc9AIT6ja,remodel_design_,42500,42.5K,luxury-room,"Hidden Doors, Master Suites & Sky-High Baths 💡 #ModernMinimalism #HighRisePenthouse #MasterSuite #LuxuryHospitality #boutiquehotel",https://www.instagram.com/reel/DcCc9AIT6ja/,https://www.instagram.com/popular/luxury-room/
DIM0g1puwsZ,vizcept,42200,42.2K,santorini-villa,🇬🇷 A stunning Greek Villa in Santorini. 🇬🇷,https://www.instagram.com/reel/DIM0g1puwsZ/,https://www.instagram.com/popular/santorini-villa/
DYFOsFBtepH,crownscape_official,42000,42K,waterfall-house,Some homes aren't built… they're whispered into existence by nature ✨🍃💧,https://www.instagram.com/reel/DYFOsFBtepH/,https://www.instagram.com/popular/waterfall-house/
DAd_uPyq6dQ,nestseekersdubai,42000,42K,luxury-apartment,Luxury Apartments for sale in the Heart of Dubai !! Contact us now for more information ℹ️ Discover best properties in Dubai with us !!,https://www.instagram.com/reel/DAd_uPyq6dQ/,https://www.instagram.com/popular/luxury-apartment/
CbwitB6qwxt,shilanyas_architects,41800,41.8K,hotel-room-interior-design-ideas;hotel-suite-design-ideas,Hotel Room interior.. The Project have been handed over to the client. You can see all the stages of this process in our page.. from 3d to the final o,https://www.instagram.com/reel/CbwitB6qwxt/,https://www.instagram.com/popular/hotel-suite-design-ideas/
Dc4NevTCuAr,little_dreamy_mist,41500,41.5K,cozy-bedroom-ideas,You're spending the entire winter here… Which bedroom are you choosing? ❄️🛏️ #CozyBedroom #WinterCozy #CozyVibes #DreamBedroom #winterescape,https://www.instagram.com/reel/Dc4NevTCuAr/,https://www.instagram.com/popular/cozy-bedroom-ideas/
DMvWBwqpBgt,mccleandesign,41400,41.4K,beverly-hills-mansion,"HILLCREST II - Beverly Hills, CA Towering above Los Angeles on the iconic",https://www.instagram.com/reel/DMvWBwqpBgt/,https://www.instagram.com/popular/beverly-hills-mansion/
DICIJvXodZ5,nkey.architects,41400,41.4K,dubai-luxury-interior-design-trends,"An 1080 m² interior design project in Dubai exemplifies luxury and sophistication, blending modern aesth",https://www.instagram.com/reel/DICIJvXodZ5/,https://www.instagram.com/popular/dubai-luxury-interior-design-trends/
DYFX94PpG8R,dhrh_construction,41200,41.2K,mediterranean-villa;modern-mediterranean-houses,Modern Mediterranean ✨ Is there anything in this reel inspiring your future home? Let us know in the comments below. Now booking custom homes & remode,https://www.instagram.com/reel/DYFX94PpG8R/,https://www.instagram.com/popular/mediterranean-villa/
DVy7ou2DAVU,casaardolino,41200,41.2K,dark-academia-home-library,reading with no interruptions 🕯️ @disturbia PR My bookshelves are looking abundant thanks to these new additions from @disturbia 📖,https://www.instagram.com/reel/DVy7ou2DAVU/,https://www.instagram.com/popular/dark-academia-home-library/
DWhd5xXDRJi,container_home_designs,40500,40.5K,desert-house,From Sand Plot to Modern Desert Estate #deserthouse #modernestate #luxuryhome #desertvilla #housebuild Construc,https://www.instagram.com/reel/DWhd5xXDRJi/,https://www.instagram.com/popular/desert-house/
CydmzD5LPHX,aman.shai.xox,40500,40.5K,como-lake-villas,The most famous villa in Lake Como! We bought tickets to be the first people in and this was the li,https://www.instagram.com/reel/CydmzD5LPHX/,https://www.instagram.com/popular/como-lake-villas/
DctIDQXTpdo,zayns.visual,40400,40.4K,ai-house,Choose your House 🏠 . #ai #aivideo #relax #explore #fyp,https://www.instagram.com/reel/DctIDQXTpdo/,https://www.instagram.com/popular/ai-house/
DY4klEfT3Ye,sapphireluxuryhomes,40300,40.3K,jamesedition-luxury-homes,"Three incredible homes, three completely different luxury experiences. From private theaters and resort-style pools to dramatic architec",https://www.instagram.com/reel/DY4klEfT3Ye/,https://www.instagram.com/popular/jamesedition-luxury-homes/
DaWlfixPkeX,than.beb,39900,39.9K,desert-house,Restoring an Old Desert Home Step by Step Watch this abandoned desert house transform into a stunning luxury oasi,https://www.instagram.com/reel/DaWlfixPkeX/,https://www.instagram.com/popular/desert-house/
DdB7aTRt-I6,rvnxii_,39900,39.9K,dubai-luxury,a life like this #luxurylifestyle #dubai #richlife #billionaire #luxury,https://www.instagram.com/reel/DdB7aTRt-I6/,https://www.instagram.com/popular/dubai-luxury/
DBogxsesaDz,hiking.croatia,39800,39.8K,mountain-house,What else do you need beside this cabin and view?🏔️😍 #hiking_croatia #planinarenje #planine #hiking #mountains #outdoors #vikendizlet #idejazaizlet #h,https://www.instagram.com/reel/DBogxsesaDz/,https://www.instagram.com/popular/mountain-house/
DZiKL5aMLRq,eng.osamaabbad.id,39700,39.7K,modern-mediterranean-houses,🏡✨ البساطة عندما تجتمع مع الفخامة. فيلا مودرن بتصميم أنيق ومساحات مفتوحة وإطلالات مميزة على المسبح. هل تسكن في منزل كهذا؟ 👇,https://www.instagram.com/reel/DZiKL5aMLRq/,https://www.instagram.com/popular/modern-mediterranean-houses/
C8NE0RXvAbF,thecasaserrano,39600,39.6K,industrial-chic-interior-design,Industrial… Yay or Nay?! 😏 . . . 📸 @pinterest . . . . #interior #interiordesigner #interiordesign #interiors #industrialdesign #industrial #homede,https://www.instagram.com/reel/C8NE0RXvAbF/,https://www.instagram.com/popular/industrial-chic-interior-design/
DHkYcJiCGUf,successvisi0n,39500,39.5K,future-house,Manifestation 💪 ✨️ ❤️‍🔥 #manifestation #dreamhouse #buildingempires #motivationquotes #mot,https://www.instagram.com/reel/DHkYcJiCGUf/,https://www.instagram.com/popular/future-house/
DIGawpBMNcs,nest.italy,39500,39.5K,luxury-homes-on-the-amalfi-coast,Nestled in Amalfi Coast 🌿 #ilrumoredelmare 🌊 To book this villa @nest.italy reservations@nesti,https://www.instagram.com/reel/DIGawpBMNcs/,https://www.instagram.com/popular/luxury-homes-on-the-amalfi-coast/
DbqMjO_MX5s,ceosayavethinteriors_and_hotel,39400,39.4K,luxury-hotel-suite,Hotel suite looking like An Executive masters bedroom ☺️ Design by Sayaveth,https://www.instagram.com/reel/DbqMjO_MX5s/,https://www.instagram.com/popular/luxury-hotel-suite/
DSm8nF9CDwZ,jumimedia,39300,39.3K,arctic-treehouse-hotel-rovaniemi,"📌Save this video for your trip to Lapland 📍 Rovaniemi: @skyviewigloos This unique glass igloo hotel is located just outside of the biggest „city"" in L",https://www.instagram.com/reel/DSm8nF9CDwZ/,https://www.instagram.com/popular/arctic-treehouse-hotel-rovaniemi/
DWR82LTDlDM,relaxinoffgrid,39000,39K,cozy-winter-cabin;luxury-cabin,"Waking up to snow falling over the mountains. ❄️🏔️ With a warm fire and endless cozy blankets, this attic cabin is the ultimate winter dream. Share th",https://www.instagram.com/reel/DWR82LTDlDM/,https://www.instagram.com/popular/luxury-cabin/
DFarkcMM5zf,thenightfallgroup,38500,38.5K,beverly-hills-mansion,"This Beverly Hills Mansion is available for rentals from $125,000/month",https://www.instagram.com/reel/DFarkcMM5zf/,https://www.instagram.com/popular/beverly-hills-mansion/
DTa6Fw6iCrI,luxuryhouseview,38400,38.4K,luxury-bedroom,"Royal vibes, peaceful nights.💎✨ : #LuxuryHome #LuxuryBedroom #RoyalBedroom #DreamHome #interiorg",https://www.instagram.com/reel/DTa6Fw6iCrI/,https://www.instagram.com/popular/luxury-bedroom/
DVL86t4kbwN,chandigarh_luxury_house,38400,38.4K,luxury-bedroom-design,Luxurious Bedroom design,https://www.instagram.com/reel/DVL86t4kbwN/,https://www.instagram.com/popular/luxury-bedroom-design/
DQpFmX8jglz,hiddenpinescabins,38300,38.3K,luxury-cabin,Trading noise for the sound of trees🌲🍂 Book this unique luxury getaway! 📸 @will_zimm_ #cabin #cabinlove #maine #mainecabin #cabingetaway #romanticcabi,https://www.instagram.com/reel/DQpFmX8jglz/,https://www.instagram.com/popular/luxury-cabin/
DCO8KlbODXG,interior_home_design1,38100,38.1K,futuristic-architecture,Futuristic yet in harmony with nature Genrated by @matitectura using Midjourney,https://www.instagram.com/reel/DCO8KlbODXG/,https://www.instagram.com/popular/futuristic-architecture/
C9zjeWspVd6,digitaldesign.lab,38100,38.1K,infinity-pools,Infinity pool amidst Desert mountain . #alulamoments #infinitypool #swimmingpool #swimming #مسبح #midjourney #pooldesign #interiør #architecture #saud,https://www.instagram.com/reel/C9zjeWspVd6/,https://www.instagram.com/popular/infinity-pools/
DZAtAAjqcCy,sawsanhaber,38000,38K,dubai-luxury-interior-design-trends,"Our latest completed apartment in Downtown Dubai. A celebration of understated luxury, where beauty is",https://www.instagram.com/reel/DZAtAAjqcCy/,https://www.instagram.com/popular/dubai-luxury-interior-design-trends/
DHX_xryI-mK,classyibiza,37900,37.9K,ibiza-villa,"Escape to ultimate privacy in this stunning Ibiza villa Located in the peaceful north of the island, this spacious retreat offers",https://www.instagram.com/reel/DHX_xryI-mK/,https://www.instagram.com/popular/ibiza-villa/
DTtX-OmDsb1,anthonylopez.rd,37700,37.7K,beach-house,"Discover Azure Beach House Villa, a brand new five-bedroom luxury retreat in Punta Rucia 🏝️ Accommodating up to 14 guests, this villa offers stunning",https://www.instagram.com/reel/DTtX-OmDsb1/,https://www.instagram.com/popular/beach-house/
C_PilmwCrEP,earth_esence,37600,37.6K,mountain-house,Step into the epitome of luxury nestled in a charming mountain village 🏔️. This stunning home combines modern elegance with the serene beauty of its n,https://www.instagram.com/reel/C_PilmwCrEP/,https://www.instagram.com/popular/mountain-house/
Cb3vgM5KuCM,best_vacationrentals,37500,37.5K,a-frame-cabin,"A frame vibes🛖 You can feel the relaxation vibes coming from the video, do you agree?😍 🏷Tag someone who would love to stay here!🤩 🎥: @ethanabitz Via T",https://www.instagram.com/reel/Cb3vgM5KuCM/,https://www.instagram.com/popular/a-frame-cabin/
DP0992EiL4L,suns.lifestyle,37400,37.4K,outdoor-kitchen,"Ditch the ordinary BBQ and step up to a state-of-the-art, modular outdoor kitchen 🔥💫",https://www.instagram.com/reel/DP0992EiL4L/,https://www.instagram.com/popular/outdoor-kitchen/
DYjRg8xqBsK,bazaa.interiors,37400,37.4K,industrial-chic-interior-design,"Brutalist interiors, raw concrete walls, sculptural furniture, soft natural light, oversized sofas, dark wood, steel details, and spaces that feel bot",https://www.instagram.com/reel/DYjRg8xqBsK/,https://www.instagram.com/popular/industrial-chic-interior-design/
Dcn5gIRMWAb,cozy_winter_homes,37200,37.2K,cozy-cabin,🔥 Wait Until You See What's Inside This Cozy Cabin…,https://www.instagram.com/reel/Dcn5gIRMWAb/,https://www.instagram.com/popular/cozy-cabin/
Db5ALYZhil_,breakbali,37100,37.1K,bali-villa,"🤩⬇️ BALI VILLA GOALS🏝️ 📍Canggu / Seminyak, Bali 3 & 4 bedrooms | 6-8 guests | private pool | sauna, ice bath, steam room | 200m walk to beach | 5-10 m",https://www.instagram.com/reel/Db5ALYZhil_/,https://www.instagram.com/popular/bali-villa/
DYj3qBYz4b5,edlyngnzlv,37000,37K,house-tour,Full house tour uploaded on my main page 🏡 Fb link in my bio 🔗 Watch now here 👇,https://www.instagram.com/reel/DYj3qBYz4b5/,https://www.instagram.com/popular/house-tour/
DSGO3Zij8ko,beautyofinteriors,36600,36.6K,luxury-apartment-interior-design-ideas-2026;luxury-interior;modern-luxury-house-interiors,This design is beautiful! 😍 Would you agree? - Credit @2pdesigners #interiors #houses #designe,https://www.instagram.com/reel/DSGO3Zij8ko/,https://www.instagram.com/popular/luxury-interior/
DQmCrTgiPzn,elarch.studio,36500,36.5K,luxury-home-theater-ideas,Why go to the movies when you can have a private home cinema under a starry sky?,https://www.instagram.com/reel/DQmCrTgiPzn/,https://www.instagram.com/popular/luxury-home-theater-ideas/
DZuLTxGoQAV,buildsinblack,36500,36.5K,faroe-islands-luxury-villas,"Series 002 — Black Villas in Wild Places, Episode 01: a black cliffside villa imagined on the Faroe Islands, facing the ocean, fog, and stormy norther",https://www.instagram.com/reel/DZuLTxGoQAV/,https://www.instagram.com/popular/faroe-islands-luxury-villas/
DDG5yFUy66g,luxxeinteriors,36400,36.4K,luxury-home-theater-ideas,"Our recent home theatre interior design concept for our clients, featuring our signature 'Starlight Sky'",https://www.instagram.com/reel/DDG5yFUy66g/,https://www.instagram.com/popular/luxury-home-theater-ideas/
DHQv4JpvS4-,arquitetodebolso,36400,36.4K,industrial-chic-interior-design,"Você já ouviu falar no Estilo Industrial? 🖤 Se você gosta de espaços com personalidade, atmosfera urbana e um toque moderno, esse estilo pode ser perf",https://www.instagram.com/reel/DHQv4JpvS4-/,https://www.instagram.com/popular/industrial-chic-interior-design/
DBRaNZJuIHX,mr.vilensky,36400,36.4K,desert-modern-house-tours,"A masterful expression of desert modern living, this new architectural luxurious home with outstanding city views is listed by @ryanknoch ⭐️Follow 👉🏻",https://www.instagram.com/reel/DBRaNZJuIHX/,https://www.instagram.com/popular/desert-modern-house-tours/
DKPJuGHI4D3,black_diamond_tirana,36400,36.4K,luxury-hotel-suite,Elevate your stay - book our Executive Suite at Black Diamond Tirana for an experience,https://www.instagram.com/reel/DKPJuGHI4D3/,https://www.instagram.com/popular/luxury-hotel-suite/
DE-PopKyDGL,cypressbuildingsolution,36200,36.2K,rooftop-terrace,"Why to go and spend money outside on restaurants, give your rooftop an hotel feel. Dm for rates +918699955589 or +919888096889. #rooftop #rooftops #ro",https://www.instagram.com/reel/DE-PopKyDGL/,https://www.instagram.com/popular/rooftop-terrace/
DNsgRCmUIAX,alexandratravellover,36100,36.1K,como-lake-villas;lake-como-villa,"Villa d'Este: one of the most beautiful villas in Lake Como 🇮🇹 @villadestelakecomo Located in Cernobbio, Lake Como (approx 1 hour from Milan) this vil",https://www.instagram.com/reel/DNsgRCmUIAX/,https://www.instagram.com/popular/lake-como-villa/
DCj0SBAMUhU,bespokehomecinemas,35900,35.9K,home-theater,Want to see how we transform an empty room into a dedicated cinema in only 10 days? Here you go!,https://www.instagram.com/reel/DCj0SBAMUhU/,https://www.instagram.com/popular/home-theater/
DRICOgFCNZr,nouxri,35900,35.9K,ibiza-villa,Take me back to Ibiza summer 😍 @blesshotelibiza #ibiza #spain,https://www.instagram.com/reel/DRICOgFCNZr/,https://www.instagram.com/popular/ibiza-villa/
CW3ODKSq4ZK,dubailuxuryvibes,35800,35.8K,luxury-bedroom,Stunning bedroom design with walking wardrobe! What do you rate this? Follow @luxuriousworldvibes,https://www.instagram.com/reel/CW3ODKSq4ZK/,https://www.instagram.com/popular/luxury-bedroom/
DSQGTIRCAz6,cozy.nook10,35800,35.8K,future-home,Would you live in a house like this ? Yes or No,https://www.instagram.com/reel/DSQGTIRCAz6/,https://www.instagram.com/popular/future-home/
CViifN9lJHD,bellavita.italia,35700,35.7K,luxury-homes-on-the-amalfi-coast,Lemon trees on the Amalfi Coast 😍😍🍋🍋 Tag who you'd go with!!!,https://www.instagram.com/reel/CViifN9lJHD/,https://www.instagram.com/popular/luxury-homes-on-the-amalfi-coast/
DVpWy6Vjx4x,mi.mi.okinawa,35700,35.7K,glass-house-in-forest,私がハマった沖縄の〇〇男…🍠✨その名も【芋田芋男（いもだいもお）】💕とにかく芋！芋！芋！尽くし🤤お芋,https://www.instagram.com/reel/DVpWy6Vjx4x/,https://www.instagram.com/popular/glass-house-in-forest/
DU9MngDji8m,enrriquesdesign,35500,35.5K,ai-render,Você acredita que esse render super realista foi criado com IA a partir de um simples print do SketchUp?,https://www.instagram.com/reel/DU9MngDji8m/,https://www.instagram.com/popular/ai-render/
DcbVKNbMlwB,ai_dream_life_1,35000,35K,ai-house,Ai dream house,https://www.instagram.com/reel/DcbVKNbMlwB/,https://www.instagram.com/popular/ai-house/
DI_CAg6too4,bae.interiors,35000,35K,luxury-apartment-interior-design-ideas-2026,Home 🤍🦢 modern apartment design apartment ideas for women and men apartment aesthetic women and men cozy apartment,https://www.instagram.com/reel/DI_CAg6too4/,https://www.instagram.com/popular/luxury-apartment-interior-design-ideas-2026/
CpxkMTqA93t,_brooklyn_22,34900,34.9K,dream-closet,I promise I'll show other parts of the house when we don't have 72725 boxes laying around 🫠 #closet #pinkcloset,https://www.instagram.com/reel/CpxkMTqA93t/,https://www.instagram.com/popular/dream-closet/
DPNv9U0CIMa,luxuryhouseview,34900,34.9K,villa-with-pool,"""Slide into paradise 🌊🏡 Where luxury meets fun and every day feels like a holiday 🏖️💦"" #DreamHouse #LuxuryLiving #PoolVilla",https://www.instagram.com/reel/DPNv9U0CIMa/,https://www.instagram.com/popular/villa-with-pool/
DT5Xl09CEML,ringchen.aesthetics.gallery,34800,34.8K,luxury-furniture,The best purchase for my new home 🤩✨ ·Trendy Furniture Brand ·Focus on High-End Original Designs ·Factory Direct Sales & Supply #sofa #luxuryhomes #so,https://www.instagram.com/reel/DT5Xl09CEML/,https://www.instagram.com/popular/luxury-furniture/
DWl6ub3CpLu,wabisabiqiaozhuo,34600,34.6K,wabi-sabi-japandi-interior-design,"Finally, I have a wabi-sabi space of my own 😍#furniture #wabisabi #zen #vacationren",https://www.instagram.com/reel/DWl6ub3CpLu/,https://www.instagram.com/popular/wabi-sabi-japandi-interior-design/
CtMlN3fsJZ_,resortstv,34300,34.3K,luxury-resort,Amazing hotel resort within 3750 acres of Umbrian wilderness stunning architecture & design in Bella Ital,https://www.instagram.com/reel/CtMlN3fsJZ_/,https://www.instagram.com/popular/luxury-resort/
C0KB3ABJDGO,aframedaily,34200,34.2K,a-frame-cabin;a-frame-modern-cabins,"Couldn't stop myself from sharing this masterpiece. The @wildewoodaframe has such a clean geometric beauty itself, and @levimkelly just nailed it perf",https://www.instagram.com/reel/C0KB3ABJDGO/,https://www.instagram.com/popular/a-frame-cabin/
DFYMAhdtQaV,themillionaires_mindset,34200,34.2K,future-house,Who's dreamhouse is this Modern Masterpiece? 🤩 . . Follow @themillionaires_mindset for more,https://www.instagram.com/reel/DFYMAhdtQaV/,https://www.instagram.com/popular/future-house/
DN3zUvx5lFS,nature_cozy_vibe,34200,34.2K,forest-house;house-in-the-forest,Escape to a cozy forest cottage! 🏡🌲 A charming stone house with a thatched roof sits,https://www.instagram.com/reel/DN3zUvx5lFS/,https://www.instagram.com/popular/house-in-the-forest/
DP85Qb3DlWc,clearcreekcollective,33900,33.9K,organic-modern,Sneak peak of the STUNNING CA Organic Modern Home design coming soon 👀 Our Whole Home Guide are hand curated,https://www.instagram.com/reel/DP85Qb3DlWc/,https://www.instagram.com/popular/organic-modern/
DIoK2_Ry1DN,konars.design,33900,33.9K,futuristic-house;futuristic-houses,"ASIL House - Modern Futuristic As night falls, the house transforms into a visual masterp",https://www.instagram.com/reel/DIoK2_Ry1DN/,https://www.instagram.com/popular/futuristic-house/
DSN7yupE-4E,mactechconstructions,33600,33.6K,rooftop-pool,The brief was simple: create a rooftop pool oasis worthy of its iconic headland location.,https://www.instagram.com/reel/DSN7yupE-4E/,https://www.instagram.com/popular/rooftop-pool/
DGqDhgioTHf,chaletworldwide,33600,33.6K,bali-infinity-pool-villas,"📍Indonesia🇮🇩, Bali Villa Lestari features a balcony with an outdoor bathtub to relax while admiring the volcano. Enjoy the waterside in your private p",https://www.instagram.com/reel/DGqDhgioTHf/,https://www.instagram.com/popular/bali-infinity-pool-villas/
DVGabxpiKaJ,aura_interiordesigns,33500,33.5K,hotel-room-interior-design-ideas,"Send this to someone who wants a 5 star hotel bedroom In a world that moves too fast,",https://www.instagram.com/reel/DVGabxpiKaJ/,https://www.instagram.com/popular/hotel-room-interior-design-ideas/
DP_6r-aDq0c,deqoa_,33200,33.2K,minimalist-interior,Minimal. Modern. Effortlessly chic. 🤎 What do you like the most in this house? 🥰 - Video: @interior.ela - #interior #interiordekor,https://www.instagram.com/reel/DP_6r-aDq0c/,https://www.instagram.com/popular/minimalist-interior/
DLs86JPI6mm,aggil_furniture,33200,33.2K,luxury-furniture,luxury contemporary sofa chair Price : 12million naira @aggil_furniture your one stop destination for all your furniture needs WHAT SETS US APART 🔹Aff,https://www.instagram.com/reel/DLs86JPI6mm/,https://www.instagram.com/popular/luxury-furniture/
DZztbBmoprF,realms_group,33100,33.1K,best-rooftop-pools,ROOFTOP POOL DEALS🔥🔥 : 1BEDROOM 2BEDROOM FLAT WITH ROOFTOP POOL* Apartment Fe,https://www.instagram.com/reel/DZztbBmoprF/,https://www.instagram.com/popular/best-rooftop-pools/
DHqj6mTMott,world_manor,32900,32.9K,luxury-master-bedroom,"Happy Wednesday! 🥰 Gorgeous master suite, this bedroom is everything dreams are made of-spacious, sere",https://www.instagram.com/reel/DHqj6mTMott/,https://www.instagram.com/popular/luxury-master-bedroom/
DZo2EB6tuaL,glasshouseabuja,32900,32.9K,glass-house,It's official… The Glasshouse is BACK and better than ever! ✨🔥 New vibe. New ambi,https://www.instagram.com/reel/DZo2EB6tuaL/,https://www.instagram.com/popular/glass-house/
DX_uwjCTqz4,taikinishimuraaaa,32900,32.9K,tokyo-apartment,"A 1LDK apartment in Meguro is available for 300,000 JPY per month, plus a 20,000 JPY management fee. The apartment is located just an 8-minute walk fr",https://www.instagram.com/reel/DX_uwjCTqz4/,https://www.instagram.com/popular/tokyo-apartment/
DFIVxyvukb1,interior_home_design1,32900,32.9K,ai-interior-design,"Snowfall meets winter wonder – snow outside, warmth inside By: @cozyzen.ai @interior_home_design1",https://www.instagram.com/reel/DFIVxyvukb1/,https://www.instagram.com/popular/ai-interior-design/
DTBinNek_g6,bunnings,32700,32.7K,glamping-ideas,"Welcome to your best campsite yet 😌⛺ Zone your space so camp life feels effortless, comfortable and organised",https://www.instagram.com/reel/DTBinNek_g6/,https://www.instagram.com/popular/glamping-ideas/
DWovW4sD_bl,onezerostudio.in,32400,32.4K,luxury-bathroom-interior-design-inspiration;quiet-luxury-bathroom,✨ Luxury in Every Detail ✨ This modern bathroom blends elegance with functionality — from the warm wooden t,https://www.instagram.com/reel/DWovW4sD_bl/,https://www.instagram.com/popular/luxury-bathroom-interior-design-inspiration/
DKBShVqt8ds,theluxurylaunch,32300,32.3K,luxury-house;ultra-modern-luxury-house-design,Incredible home 😍 @aiforarchitects #house #houses #home #homes #realestate #mansion #luxurylifestyle,https://www.instagram.com/reel/DKBShVqt8ds/,https://www.instagram.com/popular/luxury-house/
DPmuOKIkieC,luxlocators,32300,32.3K,luxury-apartment,"📍 Dallas, Tx For a FREE list of luxury apartments that fit your needs comment 'info' ✨ #dallasluxury #dallaslifestyle #dallasviews #luxuryapartment #c",https://www.instagram.com/reel/DPmuOKIkieC/,https://www.instagram.com/popular/luxury-apartment/
DICZQ9Xxbt-,mestre.das.piscinas,32200,32.2K,infinity-pools,Como funciona a borda infinita de uma piscina? #reels #piscina #mestredaspiscinas #piscineiroprofissional #piscinaemcasa #arquitetura,https://www.instagram.com/reel/DICZQ9Xxbt-/,https://www.instagram.com/popular/infinity-pools/
DWD5HZGEVyr,fullonshreya,32100,32.1K,interior-styling,"Interiors are not just seen… they are felt 🤍 From textures to finishes, every detail defines the space you live in. At Zeitlos Interior St",https://www.instagram.com/reel/DWD5HZGEVyr/,https://www.instagram.com/popular/interior-styling/
DY7mglLqdtN,shellsdxb,32000,32K,hotel-suite-design-ideas;luxury-hotel-room,NA,https://www.instagram.com/reel/DY7mglLqdtN/,https://www.instagram.com/popular/luxury-hotel-room/
DIWX8F4CNzO,meraz_king_house,32000,32K,dream-house-design,Dream house… #house #home #realestate #architecture #design #music #dj #techno #interiordesign #housemusic #homedecor #interior #dance #deephouse #lov,https://www.instagram.com/reel/DIWX8F4CNzO/,https://www.instagram.com/popular/dream-house-design/
DGGlZiZTHKM,dreamfibre,31900,31.9K,surreal-architecture,Ｌｏｓｔ Ａｔｒｉｕｍ． #UE5 #poolrooms #brutalism #vaporwave #liminalspaces,https://www.instagram.com/reel/DGGlZiZTHKM/,https://www.instagram.com/popular/surreal-architecture/
DcECxF-PDIn,bookstack_and_lattes,31800,31.8K,home-library,Dream DIY Library ✨️ I posted the progress in my story if you're interested 🫶🏻 IKEA BOOKSHELF HACK,https://www.instagram.com/reel/DcECxF-PDIn/,https://www.instagram.com/popular/home-library/
C_C2A-fxQOX,our.chitecture,31800,31.8K,wabi-sabi-interior,"Wabi Sabi, the art of imperfection. Nothing lasts. Nothing is complete. Nothing is perfect. Ph",https://www.instagram.com/reel/C_C2A-fxQOX/,https://www.instagram.com/popular/wabi-sabi-interior/
DcxrkJxR26C,capsulecastle004,31800,31.8K,capsule-castle-luxury-space-capsule-houses,This house is so flexible .#capsulecastle #resort #vacationrental #stay #getaway Website:www.capsulecastle.com WhatsApp link： wa.me/8619011518978 What,https://www.instagram.com/reel/DcxrkJxR26C/,https://www.instagram.com/popular/capsule-castle-luxury-space-capsule-houses/
DNyoue4XI31,kristenbridger_interiors,31700,31.7K,coastal-bedroom-design-ideas,"Comment ""SHOP"" to get links sent directly to your inbox! Finally finished Ella's room and I'm",https://www.instagram.com/reel/DNyoue4XI31/,https://www.instagram.com/popular/coastal-bedroom-design-ideas/
DPOeXP4Db8N,vojtek_morsztyn,31500,31.5K,forest-house,"Elevated Sanctuary . . Hidden among the trees, this modern treehouse is more than a retreat—it's an organic",https://www.instagram.com/reel/DPOeXP4Db8N/,https://www.instagram.com/popular/forest-house/
Dad_D0EsUAn,the._cozynook,31500,31.5K,cozy-room,✨ #cozy #home #rainyday,https://www.instagram.com/reel/Dad_D0EsUAn/,https://www.instagram.com/popular/cozy-room/
DIwhkPvP7xC,the_bbq_store,31300,31.3K,outdoor-kitchen,➡️ Send this to the chef of the family! 👨🏽‍🍳 We build custom outdoor kitchens tailored to fit,https://www.instagram.com/reel/DIwhkPvP7xC/,https://www.instagram.com/popular/outdoor-kitchen/
DU068EoAnxJ,sandymakessense,31300,31.3K,unique-airbnb,AD Unique spaceship Airbnb in the UK 🌳 One of the cosiest Airbnbs I stayed in! #,https://www.instagram.com/reel/DU068EoAnxJ/,https://www.instagram.com/popular/unique-airbnb/
DPu5lIRE2Yu,latigavilla,31300,31.3K,villa-with-pool,"our private villa awaits. Dive into your own pool, enjoy a floating breakfast under the morning sun, and unwind in a spacious king-size bedroom",https://www.instagram.com/reel/DPu5lIRE2Yu/,https://www.instagram.com/popular/villa-with-pool/
C_cM7MbI4ad,talallabluebeachvilla,31100,31.1K,santorini-villa,Guest love ! Repost @manu_am_i @nimesha_nims Its Vacay time Book an unforgettable stay at our Santorini themed Villa,https://www.instagram.com/reel/C_cM7MbI4ad/,https://www.instagram.com/popular/santorini-villa/
CwnTs6CrQHr,wander,31100,31.1K,houses-on-malibu-beach,Let the waves be your playlist 🌊 Get a glimpse of paradise at Wander Malibu Beach 🌅. Book your next trip on wander.com.,https://www.instagram.com/reel/CwnTs6CrQHr/,https://www.instagram.com/popular/houses-on-malibu-beach/
DReq7GZjE-d,siddhijagtap___,31100,31.1K,villa-with-pool,Infinity pool and Spacious Villa✨ Booking: 9004308311 Location: @thehillconnection 📍 1200 per person on weekdays up to 10 people,https://www.instagram.com/reel/DReq7GZjE-d/,https://www.instagram.com/popular/villa-with-pool/
DBAL8oGN8SF,earth_esence,31000,31K,glass-house;glass-house-photos,"🏡✨ Imagine yourself in a modern glass house, surrounded by lush green gardens 🌿, as soft",https://www.instagram.com/reel/DBAL8oGN8SF/,https://www.instagram.com/popular/glass-house/
DDPpTWVpVd9,keirashomecollective,30900,30.9K,organic-modern,A few of my favourite looks recently 🤎 #neutralhome #neutralhomedecor #organicmodern #homedecorideas #homedesignins,https://www.instagram.com/reel/DDPpTWVpVd9/,https://www.instagram.com/popular/organic-modern/
Cx2RDX8IBs7,tiatinn_,30700,30.7K,dubai-luxury-penthouse,Penthouse of your dreams ✨ for sale btw 😉 . . . . . . #dubai #dubairealestate #dubailife,https://www.instagram.com/reel/Cx2RDX8IBs7/,https://www.instagram.com/popular/dubai-luxury-penthouse/
DQ4OegsDBCT,designandcurations,30600,30.6K,home-office-design,"What started as a blank, white space turned into a moody, modern home office filled with texture, personality, and timeless warmth. Phase one of #Proj",https://www.instagram.com/reel/DQ4OegsDBCT/,https://www.instagram.com/popular/home-office-design/
DSkATNfk26Q,buttercreme.home,30400,30.4K,minimalist-interior,a walkthrough of our warm minimalist home 🤍 . . . . . . . home tour | minimalist home | cream m,https://www.instagram.com/reel/DSkATNfk26Q/,https://www.instagram.com/popular/minimalist-interior/
DbuXAj5sJy4,mbasirrahmani,30400,30.4K,futuristic-architecture-designs-2026,"The City of Tomorrow Starts Here! 🚀 📖 Step into a breathtaking vision of the future,",https://www.instagram.com/reel/DbuXAj5sJy4/,https://www.instagram.com/popular/futuristic-architecture-designs-2026/
DU-5RsSEVm2,stylewithsanaz,30300,30.3K,luxury-home-theater-ideas,You won't believe this home movie theatre there are so many standout features that give it that true wow,https://www.instagram.com/reel/DU-5RsSEVm2/,https://www.instagram.com/popular/luxury-home-theater-ideas/
DXrG2Evjn78,deirdres_design,30200,30.2K,luxury-living-room;luxury-living-room-design,Luxury design via @theluxliving_official,https://www.instagram.com/reel/DXrG2Evjn78/,https://www.instagram.com/popular/luxury-living-room/
C_Cst3So-yb,danavillas.infinitysuites,30200,30.2K,santorini-villa,"Santorini Sunset Magic ✨🌅 Escape to Dana Villas & Infinity Suites, where your private pool meets the mesmerizing Santorini",https://www.instagram.com/reel/C_Cst3So-yb/,https://www.instagram.com/popular/santorini-villa/
C0wiIXTNsMq,skarduvalley,30100,30.1K,hunza-valley-luxury-resorts,Luxus Hotel Attaabad Lake Hunza Valley in Winter 🥶,https://www.instagram.com/reel/C0wiIXTNsMq/,https://www.instagram.com/popular/hunza-valley-luxury-resorts/
DO2pjUUDm6z,velvet_scenes,29900,29.9K,future-house,Choose your favorite new house #calm #relaxing #aesthetic #whichone #vibes #homedesign,https://www.instagram.com/reel/DO2pjUUDm6z/,https://www.instagram.com/popular/future-house/
DL2AkrHx8W9,ayeshadeary5,29800,29.8K,dream-bedroom;dream-bedrooms,Choose your new dreamy bedroom,https://www.instagram.com/reel/DL2AkrHx8W9/,https://www.instagram.com/popular/dream-bedroom/
DKcCWFEt-R9,tinyhouse__inspiration,29800,29.8K,ai-generated-house;ai-house;ai-house-design,AI tiny house design! It's so cute! #tinyhouse,https://www.instagram.com/reel/DKcCWFEt-R9/,https://www.instagram.com/popular/ai-generated-house/
DUhD0L5krfP,ene_builders_,29100,29.1K,mediterranean-house,"Own a Spanish-Style Home? Remodel with authentic arches, plaster walls, and iron details — done the right way. 🏡 Spanish & Mediterranean home speciali",https://www.instagram.com/reel/DUhD0L5krfP/,https://www.instagram.com/popular/mediterranean-house/
Dc8ycGpNWnC,malyar.am_decor,29000,29K,neoclassical-interior,"Неоклассика действительно меняет интерьер? неоклассика, неоклассический интерьер, дизай",https://www.instagram.com/reel/Dc8ycGpNWnC/,https://www.instagram.com/popular/neoclassical-interior/
CvhYkBUqMra,feelingofluxury,28500,28.5K,dubai-penthouse,"Penthouse goals in Dubai via @terplanet! ✨😍 💡Penthouses in Dubai are typically located in the most exclusive areas of the city, such as Palm Jumeirah,",https://www.instagram.com/reel/CvhYkBUqMra/,https://www.instagram.com/popular/dubai-penthouse/
DSDQU7BEj9h,the_build_up_m2l,28300,28.3K,luxury-real-estate-mansion-exterior,"From Dirt to a $20,000,000 Mega Mansion in 15 Seconds 😱🔥 Watch this empty land transform into a",https://www.instagram.com/reel/DSDQU7BEj9h/,https://www.instagram.com/popular/luxury-real-estate-mansion-exterior/
DWteYGuAmgo,calm_neststudio,28300,28.3K,rain-cozy,Cozy corners and rainy nights — my kind of peace #rain #raining #rainsounds #rainyweather #rainynight #cozyvibes,https://www.instagram.com/reel/DWteYGuAmgo/,https://www.instagram.com/popular/rain-cozy/
DO_h-7VDQc_,jaan.boutiquehotel,28200,28.2K,boutique-hotel,Busy doing absolutely nothing at Boutique Hotel Jaan ✨ The perfect place to slow down and breathe… Who would you love to share this moment with? 💛 . #,https://www.instagram.com/reel/DO_h-7VDQc_/,https://www.instagram.com/popular/boutique-hotel/
DZosl_bt6eU,cozynomadstudio,28100,28.1K,forest-house,"POV: This forest mansion is yours 🌲🖤 No neighbors. No noise. Just trees Warm lights, dark wood, and the",https://www.instagram.com/reel/DZosl_bt6eU/,https://www.instagram.com/popular/forest-house/
DUntgSygEbm,skyviewexperts,28000,28K,real-estate,Don't sleep on Artificial Intelligence. Using AI in your real estate videos is a powerful way to bring a property's full potential to life. Visualize,https://www.instagram.com/reel/DUntgSygEbm/,https://www.instagram.com/popular/real-estate/
DO886y6jSR-,aruhrealestate,27900,27.9K,tropical-house,"Minimalism blends with the jungle. This home sleeps 8 guests with 4 bedrooms, 4.5 bathrooms in minimalist design",https://www.instagram.com/reel/DO886y6jSR-/,https://www.instagram.com/popular/tropical-house/
DCtmXoTulqa,meta_animate,27900,27.9K,futuristic-interior,"Living, Reinvented This isn't just an interior—it's a revolution in design. Unreal Engine brings form and function together in a way",https://www.instagram.com/reel/DCtmXoTulqa/,https://www.instagram.com/popular/futuristic-interior/
CyB2oFIPJ_2,jaeomardesign,27900,27.9K,malibu-house,'Phoenix-House' seamlessly blends nature's finest elements. Nestled on Malibu Road,https://www.instagram.com/reel/CyB2oFIPJ_2/,https://www.instagram.com/popular/malibu-house/
DE8qogQCM4G,cabinvision,27900,27.9K,overwater-villa,"Get to live the most luxurious experience ever only in yhe Maldives with @terplanet 🏝️😍 ✨The Maldives epitomizes luxury, offering",https://www.instagram.com/reel/DE8qogQCM4G/,https://www.instagram.com/popular/overwater-villa/
DUYS99Xj8-K,step_designfirm,27800,27.8K,luxury-master-bedroom-interior-design,"Luxury doesn't need to be loud. This master bedroom is designed to feel calm, cozy, and quietly luxurious. Soft grey tones with POP mouldings add eleg",https://www.instagram.com/reel/DUYS99Xj8-K/,https://www.instagram.com/popular/luxury-master-bedroom-interior-design/
DI0fbJEz0QQ,alayanaarchitects,27700,27.7K,home-decor-ideas,"🔥 ""5 LIVING ROOM MUST-HAVES THAT INSTANTLY ELEVATE YOUR SPACE! ✨ Swipe ➡️ to see how these simple additions can transform your living room from meh to",https://www.instagram.com/reel/DI0fbJEz0QQ/,https://www.instagram.com/popular/home-decor-ideas/
DVFR-AzCYcF,rich_inrealestate,27700,27.7K,los-angeles-house,Welcome to Los Angeles County Historic Landmark #1. 'The Doumakes House' is a 1928 4+3 Spanish Colonial Revival priced at $1.89M,https://www.instagram.com/reel/DVFR-AzCYcF/,https://www.instagram.com/popular/los-angeles-house/
DMYUG1qyqh2,toptravelplaces_,27700,27.7K,bora-bora-luxury-hotels,Looking for the best resorts in Bora Bora or Moorea? These are our 5 favorite resorts in French Polynesia 😍 Contact us 📧 to book with,https://www.instagram.com/reel/DMYUG1qyqh2/,https://www.instagram.com/popular/bora-bora-luxury-hotels/
DaTaO4hhbkd,pbs,27500,27.5K,aspen,"As we head into the 250th anniversary of the United States, @kenlburns tells @aspenideas his",https://www.instagram.com/reel/DaTaO4hhbkd/,https://www.instagram.com/popular/aspen/
DUvwvkIjNCM,creativitysarahs,27500,27.5K,biophilic-bedroom-design;japandi-serenity-bedroom-design-ideas,Looking for the ultimate bedroom decoration inspiration? This 2026 modern Japanese bedroom,https://www.instagram.com/reel/DUvwvkIjNCM/,https://www.instagram.com/popular/japandi-serenity-bedroom-design-ideas/
DaTkK-OT4Vd,aspenideas,27400,27.4K,aspen,Every generation has the chance to move the story forward ➡️ As America celebrates 250 year,https://www.instagram.com/reel/DaTkK-OT4Vd/,https://www.instagram.com/popular/aspen/
DZWtsTkz9gW,jkconstruction.28,27400,27.4K,biophilic-bedroom-design,🌳✨ What if your bedroom felt like a luxury forest retreat? This incredible n,https://www.instagram.com/reel/DZWtsTkz9gW/,https://www.instagram.com/popular/biophilic-bedroom-design/
DaGMN3Ntr3C,studio_tigha,27200,27.2K,desert-house-interior-design-ideas,Manifesting this type of home. Maybe we don't have a name for this style.  Maybe we don't need one.  Maybe it's because it's timeless. Tropical. Wabi-,https://www.instagram.com/reel/DaGMN3Ntr3C/,https://www.instagram.com/popular/desert-house-interior-design-ideas/
DOfeyxqgIaJ,shabbu_furniture_art,27100,27.1K,rooftop-pool,Roof top design . . . . #asgardesigner #dezo_interior #rooftop #rooftoppool #rooftiles,https://www.instagram.com/reel/DOfeyxqgIaJ/,https://www.instagram.com/popular/rooftop-pool/
DacegnqhAM7,blivilla.bali,27100,27.1K,bali-villa,"Sekilas, kamu mungkin nggak akan menebak harga villa ini cuma 2,68 M. Dari facade modern gable, full vertical glass, sampai sunken living room dengan",https://www.instagram.com/reel/DacegnqhAM7/,https://www.instagram.com/popular/bali-villa/
DDfvdoWqJIc,cookislands,27100,27.1K,cook-islands-luxury-resorts,This could be you 😍🏝 Tag who you'll be checking into our little paradise with 🙌🏼 📍@matatuivillas,https://www.instagram.com/reel/DDfvdoWqJIc/,https://www.instagram.com/popular/cook-islands-luxury-resorts/
DclypdHov-a,cozyzen.ai,27000,27K,ai-cozy-cabin,Would You Hide Away Here During a Snowstorm? A cozy cave cabin bedroom glowing with the warmth o,https://www.instagram.com/reel/DclypdHov-a/,https://www.instagram.com/popular/ai-cozy-cabin/
DU3Ebk4DMFR,surnameplease,26900,26.9K,luxury-hotel-room;luxury-hotel-suite,Spending peaceful moments in luxury and comfort 🌿🏨 #viral #instalike #explore #instatravel #hotels,https://www.instagram.com/reel/DU3Ebk4DMFR/,https://www.instagram.com/popular/luxury-hotel-room/
DHGnZQPsWdw,christiesrealestate,26800,26.8K,ibiza-villa,"This stunning peaceful villa is ideally located just 10 minutes from Ibiza, Spain! Listed by @eeh_christiesrealestate_ibiza , Sandra",https://www.instagram.com/reel/DHGnZQPsWdw/,https://www.instagram.com/popular/ibiza-villa/
DNLrmdntU8A,melaniejadedesign,26800,26.8K,industrial-chic-interior-design,"Industrial style living! After vintage/cottage design, this is one of my favourite styles of home decor. I love raw materials, exposed brickwork and t",https://www.instagram.com/reel/DNLrmdntU8A/,https://www.instagram.com/popular/industrial-chic-interior-design/
DPjRv70Dp3s,nickmaddockglobal,26700,26.7K,marrakech-riad,A little oasis in the hustle and bustle of Marrakech 🇲🇦 Didn't even know what a Riad was,https://www.instagram.com/reel/DPjRv70Dp3s/,https://www.instagram.com/popular/marrakech-riad/
DKZLkxKTTbv,jonny.melon,26600,26.6K,marrakech-riad,Dreaming of staying in a riad in Marrakech!? We found this stunning abode for just $100 per night,https://www.instagram.com/reel/DKZLkxKTTbv/,https://www.instagram.com/popular/marrakech-riad/
C9kOqMFSGqz,aakar_architects_28,26400,26.4K,biophilic-bedroom-design,Beautiful color combination of green and dark wood 🪵🌳 It's give rusty and biop,https://www.instagram.com/reel/C9kOqMFSGqz/,https://www.instagram.com/popular/biophilic-bedroom-design/
DYtOULDycGR,beyondbespokevillas,26300,26.3K,boutique-hotel,☘️Which one speaks your vibe? ✨Boutique hotel or private villas? Which side of the screen is calling your name for the next vacation? . . Up 📍 @beyond,https://www.instagram.com/reel/DYtOULDycGR/,https://www.instagram.com/popular/boutique-hotel/
DYj2NUHqc0I,jade_lostinbeauty_,26200,26.2K,boutique-hotel,🖇️Save and send to someone who loves hotels with personality. When you realise luxury isn't always marble floors and rooftop infinity pools…sometimes,https://www.instagram.com/reel/DYj2NUHqc0I/,https://www.instagram.com/popular/boutique-hotel/
DBJr1xpoKng,aparnadecors,26200,26.2K,green-minimalist-interior-design,Beautiful green colour kitchen interiors. Green glossy cupboards and drawers with Balck lines!! #ad #aparnadecors #kitchendesign #kitchendecor #kitche,https://www.instagram.com/reel/DBJr1xpoKng/,https://www.instagram.com/popular/green-minimalist-interior-design/
DU9dD8WDtvp,clearcreekcollective,26100,26.1K,scandinavian-interior-design;scandinavian-interior-design-styles,"Scandinavian design draws inspiration from the natural world, incorporating orga",https://www.instagram.com/reel/DU9dD8WDtvp/,https://www.instagram.com/popular/scandinavian-interior-design/
DJ5O1lVx9sK,explore_home_inspo,26100,26.1K,mediterranean-house,Stunning Mediterranean homes #homeinspo #homedesign #homedecor #homegoals #dreamhome,https://www.instagram.com/reel/DJ5O1lVx9sK/,https://www.instagram.com/popular/mediterranean-house/
DXmjX7NjyXn,randyspage,25900,25.9K,cook-islands-luxury-resorts,These are possibly the best overwater villas you can find in all of the Caribbean! 📌 Save this location,https://www.instagram.com/reel/DXmjX7NjyXn/,https://www.instagram.com/popular/cook-islands-luxury-resorts/
DJdNAkGICuP,novelhomedecor,25600,25.6K,luxury-furniture,Luxurious Living Room SETTEE Available in Our Showroom For Immediate Pickup or delivery 🚚 🇹🇷 - Comes With: 33-11 Seaters Center Table Tv Unit - Dining,https://www.instagram.com/reel/DJdNAkGICuP/,https://www.instagram.com/popular/luxury-furniture/
DT1QRAZiKnV,andulsia_venue,25500,25.5K,glass-house,STAY TUNED Glass House Opening 1/3/2026 First 20 wedding get 20% OFF CONTACT US 0111262,https://www.instagram.com/reel/DT1QRAZiKnV/,https://www.instagram.com/popular/glass-house/
DWU3mjYEbE7,galenahaven,25500,25.5K,unique-airbnb,We interrupt your usual Galena view for this spectacular home we visited in Marbl,https://www.instagram.com/reel/DWU3mjYEbE7/,https://www.instagram.com/popular/unique-airbnb/
Dafa2hrsREU,lifeofblahhh,25400,25.4K,art-deco-interior-design,"Art deco as a design style😍⚜️ [ interior design, interior designer, art decor, art deco interior style, interior architecture, art deco design,",https://www.instagram.com/reel/Dafa2hrsREU/,https://www.instagram.com/popular/art-deco-interior-design/
DcYKxLbtSa-,abeastinside,25400,25.4K,cyberpunk-city,What a good spot to see the the cyberpunk city in Chongqing.,https://www.instagram.com/reel/DcYKxLbtSa-/,https://www.instagram.com/popular/cyberpunk-city/
DRkbc8sCIoX,arctictreehousehotel,25400,25.4K,arctic-treehouse-hotel-rovaniemi,"✨The best unique treehouses and elevated cabins around the world 📍 Treehotel — Harads, Sweden Designer treehouses set in a northern forest — minimalis",https://www.instagram.com/reel/DRkbc8sCIoX/,https://www.instagram.com/popular/arctic-treehouse-hotel-rovaniemi/
DTxMHK3Av2Y,osnova.des,25300,25.3K,minimalist-interior,Minimalist interior that captivates from the first second! 🌿 From an empty space with stunning herringbone parquet to pure cozy luxu,https://www.instagram.com/reel/DTxMHK3Av2Y/,https://www.instagram.com/popular/minimalist-interior/
DVHZYaHDtWk,tinylivingdesignsi,25300,25.3K,luxury-pool,Watch an ultra-realistic cinematic timelapse of a futuristic alien-inspired swimming pool being,https://www.instagram.com/reel/DVHZYaHDtWk/,https://www.instagram.com/popular/luxury-pool/
DZHzwK6ynVW,ahteshamvlog_012,25300,25.3K,best-rooftop-pools,Roof top swmming pool #ahtesham_foodvlog #foryou #foryoupage #goviral,https://www.instagram.com/reel/DZHzwK6ynVW/,https://www.instagram.com/popular/best-rooftop-pools/
DWpzf3-D_Af,er.interio01,25100,25.1K,rooftop-terrace,New home rooftop terrace design share to your love ones #rooftop #terrace #homedecor #newhome #trend,https://www.instagram.com/reel/DWpzf3-D_Af/,https://www.instagram.com/popular/rooftop-terrace/
DaJEHR_IkLN,comosegreta,25100,25.1K,como-lake-villas,"The secret hidden villas of Lake Como (no, this is not AI!). New here? Follow @comosegreta for more",https://www.instagram.com/reel/DaJEHR_IkLN/,https://www.instagram.com/popular/como-lake-villas/
DBOlU80te9G,conradboraboranui,25100,25.1K,bora-bora-luxury-hotels,Experiencing Bora Bora together is truly unparalleled…✨🌺⁠ ⁠ Tag your travel buddy or send this to someone you'd love to share this paradise,https://www.instagram.com/reel/DBOlU80te9G/,https://www.instagram.com/popular/bora-bora-luxury-hotels/
DIONlbwyOhy,bvlgariresortbali,24900,24.9K,bali-infinity-pool-villas,"Every detail is thoughtfully placed. From cabanas to sunbeds, the infinity pool reflects the Italian art of living, where impeccable service meets a s",https://www.instagram.com/reel/DIONlbwyOhy/,https://www.instagram.com/popular/bali-infinity-pool-villas/
C7qCAbyIZUh,yourfantasyhomes,24800,24.8K,future-house,which futuristic home did you choose ? 🧡 • • • • • #dreamhome #aesthetic #vibes #dream #c,https://www.instagram.com/reel/C7qCAbyIZUh/,https://www.instagram.com/popular/future-house/
DH0MFLSp7tx,lawrencewalton_,24800,24.8K,underwater-hotel,"Would you sleep in an underwater hotel room? 👀🌊 📍 Conrad, Maldives This is",https://www.instagram.com/reel/DH0MFLSp7tx/,https://www.instagram.com/popular/underwater-hotel/
DNe9L9cR7W-,anaya.escapes,24800,24.8K,bali-infinity-pool-villas;bali-luxury-villas-with-private-pools,"✨🌴 Love, luxury & infinity views in Bali! 💕🏝️ Celebrate your forever with the best infinity pool villa in Bali, designed",https://www.instagram.com/reel/DNe9L9cR7W-/,https://www.instagram.com/popular/bali-luxury-villas-with-private-pools/
DV4lhtpk54d,yamaseika.okinawa,24800,24.8K,glass-house-in-forest,おはようございまーす！ビッグワン那覇店創業祭最終日！オープンしまーす😁yamaseika.okinawaは売,https://www.instagram.com/reel/DV4lhtpk54d/,https://www.instagram.com/popular/glass-house-in-forest/
Dbbu-y_Tn1l,wiwiek_widya,24700,24.7K,glass-house,"Hidden deep within a peaceful pine forest, this two-story glass house offers breathtaking vi",https://www.instagram.com/reel/Dbbu-y_Tn1l/,https://www.instagram.com/popular/glass-house/
Db3TFQXxSXm,antoinebn,24500,24.5K,architecture-photography,"✨ Not so long ago, beauty was everywhere, even in little details of the every day life. Where has",https://www.instagram.com/reel/Db3TFQXxSXm/,https://www.instagram.com/popular/architecture-photography/
DL1szmuquLT,millionaire_homes,24300,24.3K,luxury-mansion,Pulling up to the crib 🤙 By @aaltomotive #luxurylistings #luxury #realestate #mansion,https://www.instagram.com/reel/DL1szmuquLT/,https://www.instagram.com/popular/luxury-mansion/
Dcb0sPbOfXt,americas_realtor,24300,24.3K,luxury-modern-beautiful-house,Flying through your new modern home!😮‍💨 Follow @americas_realtor for Custom Homes!🇺🇸,https://www.instagram.com/reel/Dcb0sPbOfXt/,https://www.instagram.com/popular/luxury-modern-beautiful-house/
DSew2hjjDVz,ulohlifestyl,24200,24.2K,dreamy-walk-in-closet-designs-ideas;luxury-closet;walk-in-closet,"Folaz Walk-In Closet. Designed as more than storage, this space tells a story of modern livi",https://www.instagram.com/reel/DSew2hjjDVz/,https://www.instagram.com/popular/walk-in-closet/
DUk74h1DRGX,xenosphera,24200,24.2K,futuristic-architecture,Checking the Future The bright one. #futuristiccity #futuristicarchitecture #futurecity,https://www.instagram.com/reel/DUk74h1DRGX/,https://www.instagram.com/popular/futuristic-architecture/
C7L3sbAAq4H,by.abdulstudio,23900,23.9K,wabi-sabi-interior,5 Ways To Achieve The Beautiful Wabi Sabi Aesthetic In Home & Life #interiordesign #wabisab,https://www.instagram.com/reel/C7L3sbAAq4H/,https://www.instagram.com/popular/wabi-sabi-interior/
DWMGT14AITd,agentthorburn,23700,23.7K,miami-mansion,"Inside a $19,995,000 luxury waterfront home in Miami. Venetian Islands are nestled betw",https://www.instagram.com/reel/DWMGT14AITd/,https://www.instagram.com/popular/miami-mansion/
DYqREeGMcMB,astralgate.ai,23700,23.7K,ai-art,Follow for more ! Created on @openart_ai #aiart #aiartwork #openart,https://www.instagram.com/reel/DYqREeGMcMB/,https://www.instagram.com/popular/ai-art/
DTJjsVGjkPK,meggieferrerhome,23700,23.7K,coastal-bedroom-design-ideas,"Follow + Comment ""COASTAL"" for links 🔗 Giving you a little mini tour of my daughter's",https://www.instagram.com/reel/DTJjsVGjkPK/,https://www.instagram.com/popular/coastal-bedroom-design-ideas/
DLIKDy7JlBl,lamaisonarabe,23600,23.6K,marrakech-riad,"What I booked: a charming riad in Marrakech, What I got: an Arabian dream straight out of a m",https://www.instagram.com/reel/DLIKDy7JlBl/,https://www.instagram.com/popular/marrakech-riad/
C_EKqHcSmYd,hawaiitinyhomes,23500,23.5K,container-house,"Our container homes are built to completion before they are delivered to your property, They come move-in-ready so you can start getting settled soone",https://www.instagram.com/reel/C_EKqHcSmYd/,https://www.instagram.com/popular/container-house/
C_TW7ZxSL1k,staycationsoloraya,23500,23.5K,santorini-villa,📍Villa Santorini Tawangmangu Villa baru dengan model santorini ini satu2nya di tawangmangu 🤗 model bangunan yg kece,https://www.instagram.com/reel/C_TW7ZxSL1k/,https://www.instagram.com/popular/santorini-villa/
DXfo1kCCWpx,roxy_carretero,23200,23.2K,bedroom-decor;dream-bedroom-decor-ideas,"Comment ""SHOP"" for links 🔗💌 Así va quedando la habitación 🥰✨ #bedroomdecor #cozybedroom",https://www.instagram.com/reel/DXfo1kCCWpx/,https://www.instagram.com/popular/bedroom-decor/
Db3zHF5setq,deirdres_design,23100,23.1K,modern-classic-interior-design,"Soft neutrals, grand scale, and endless elegance. Save this for your dream home inspo ✨V",https://www.instagram.com/reel/Db3zHF5setq/,https://www.instagram.com/popular/modern-classic-interior-design/
DM0eN3TJ-bQ,mccleandesign,23100,23.1K,los-angeles-house,"SUNSET STRIP | Los Angeles, CA Perched above the famed Sunset Strip, this modern estate offers panoramic city-to-ocean views and seamless indoor-outdo",https://www.instagram.com/reel/DM0eN3TJ-bQ/,https://www.instagram.com/popular/los-angeles-house/
DIghQT7iZtR,alexandradts,23100,23.1K,bali-infinity-pool-villas,Paradise found in Bali ! . . . #bali #balidaily #baliisland #balilife #balitravel #indonesia #baliindonesia #balitrip #hotel #hotels #beautifulhotels,https://www.instagram.com/reel/DIghQT7iZtR/,https://www.instagram.com/popular/bali-infinity-pool-villas/
Cu2JuBzoO4E,tremrahcelik,23100,23.1K,faroe-islands-luxury-villas,My Dream Destination Faroe Islands(Føroyar),https://www.instagram.com/reel/Cu2JuBzoO4E/,https://www.instagram.com/popular/faroe-islands-luxury-villas/
DREurBkDRLP,danzadeldesign,23000,23K,japandi-serenity-bedroom-design-ideas;wabi-sabi-interior,Colours that calm. Textures that speak. Design that feels like silence in motion. The Japandi,https://www.instagram.com/reel/DREurBkDRLP/,https://www.instagram.com/popular/wabi-sabi-interior/
DVyFfBUDR02,zibaq.inc,23000,23K,luxury-modern-beautiful-house;ultra-modern-luxury-house-design,1 Kanal Ultra Modern luxury House full furnished Full basement Design for Sale DHA Lahore. Accommodations: - 5 Bedroom (Each Bedroom Features Unique T,https://www.instagram.com/reel/DVyFfBUDR02/,https://www.instagram.com/popular/ultra-modern-luxury-house-design/
DUdCwPQimyZ,kamolonthepalm,22900,22.9K,dubai-luxury-penthouse;dubai-penthouse,A triplex penthouse that doesn't just sit above the city — it owns the view. From the living spaces overlooking the Downtown skyline to the rooftop le,https://www.instagram.com/reel/DUdCwPQimyZ/,https://www.instagram.com/popular/dubai-penthouse/
DTDCwQUCOof,nemoza_interiors,22800,22.8K,biophilic-design,"Is your home passive... or is it alive? 🌿 Welcome to the era of Integrated Biophilia. We are moving past the ""potted plant"" phase of design and entering the age of Living Architecture.",https://www.instagram.com/reel/DTDCwQUCOof/,https://www.instagram.com/popular/biophilic-design/
DWnSXKzjQuL,chuvadanaturezaa,22700,22.7K,rain-sounds,🌧 Sonidos de Lluvia para Dormir Bien y Relajarse - Barulho de Chuva Fuerte sin Truenos en el Tejado por la Noche. ' Rain Sounds for Sleeping Well and,https://www.instagram.com/reel/DWnSXKzjQuL/,https://www.instagram.com/popular/rain-sounds/
Dc1Nicyg5uE,lyubovspaces,22600,22.6K,desert-house,"The desert looks empty. It isn't. An entire hotel exists below the dunes, hidden from the horizon and carved into",https://www.instagram.com/reel/Dc1Nicyg5uE/,https://www.instagram.com/popular/desert-house/
DR9ZGICAvoC,architectures0ciety,22600,22.6K,luxury-apartment,"City lights outside, aurora glow inside ✨ The purple wash on the ceiling, the warm Christmas tree and the white sofa make this apartment feel like a",https://www.instagram.com/reel/DR9ZGICAvoC/,https://www.instagram.com/popular/luxury-apartment/
DbcyWZdz5Al,aguzm.imagine,22500,22.5K,futuristic-architecture-designs-2026,Flowing beyond the limits of imagination. Curved facades that defy the conventional — d,https://www.instagram.com/reel/DbcyWZdz5Al/,https://www.instagram.com/popular/futuristic-architecture-designs-2026/
DXUMhDfCcgb,idw.design,22300,22.3K,future-home,"More than just a house this is what a family compound feels like. Designed for connection, privacy, and",https://www.instagram.com/reel/DXUMhDfCcgb/,https://www.instagram.com/popular/future-home/
DMqJ6J3pgih,royashabboui,22200,22.2K,houses-on-malibu-beach,"Broad Beach, Malibu Welcome to the ultimate luxury retreat in the heart of Broad Beach, Malibu.",https://www.instagram.com/reel/DMqJ6J3pgih/,https://www.instagram.com/popular/houses-on-malibu-beach/
DXoSTd0kSCs,ubud.property,22200,22.2K,bali-infinity-pool-villas,"This leasehold villa is more than a home—it's a lifestyle investment in the heart of Bali. Wake up to the sounds of nature, take a dip in your private",https://www.instagram.com/reel/DXoSTd0kSCs/,https://www.instagram.com/popular/bali-infinity-pool-villas/
DMfatntsTfn,interior_home_design1,22100,22.1K,cliff-house,What do you think of this design? By: @whatif.real @interior_home_design1 #luxuryliving,https://www.instagram.com/reel/DMfatntsTfn/,https://www.instagram.com/popular/cliff-house/
DSMqMrlF7gR,m.a_customcabinets,21900,21.9K,modern-kitchen,#Losangeles#customcabinets#designe#kitchen#californialuxurykitchen#kitchen#modernkitchen#wood,https://www.instagram.com/reel/DSMqMrlF7gR/,https://www.instagram.com/popular/modern-kitchen/
DXSJiT9kTKh,deirdres_design,21900,21.9K,dream-kitchen;luxury-kitchen-design,What do you think of this kitchen design? Via @deirdres_design,https://www.instagram.com/reel/DXSJiT9kTKh/,https://www.instagram.com/popular/dream-kitchen/
DYuN14xsBlJ,relaxingwithraine,21900,21.9K,tropical-house-architecture-styles,✨ Majestic Three-Story Golden Roof Mansion — Tropical Luxury at Its Finest 🏡🌴 #lightingdesign #lightingdecor #lighting #lightdesign #livingarea living,https://www.instagram.com/reel/DYuN14xsBlJ/,https://www.instagram.com/popular/tropical-house-architecture-styles/
DZ_-tHvyjvG,villamurah_diubud,21900,21.9K,bali-infinity-pool-villas,✨ Luxury Monthly Villa Rental Enjoy the comfort of a 1-bedroom private pool villa featuring a cozy and elegant living area—perfect for a relaxing mont,https://www.instagram.com/reel/DZ_-tHvyjvG/,https://www.instagram.com/popular/bali-infinity-pool-villas/
DTf7ZD1CVPR,mrsbarbarankansah,21700,21.7K,bathroom-design,"Small Bathroom Transformation Reveal! ✨ As a mompreneur always on the go, I needed a space to reset and restore. I turned my outdated bathroom into a",https://www.instagram.com/reel/DTf7ZD1CVPR/,https://www.instagram.com/popular/bathroom-design/
DTt-V7PEs2U,nature._.serenity,21600,21.6K,ai-generated-house,"Living the dream, one sunset at a time 🌄 #DreamHome #LuxuryLiving #BeautifulHom",https://www.instagram.com/reel/DTt-V7PEs2U/,https://www.instagram.com/popular/ai-generated-house/
C0uIf5hNcuv,luxurysevenstars,21400,21.4K,ai-interior;futuristic-home,Elegance and coziness. What an unreal atmosphere ❄️ @siyad_abdali with AI . . . . #atmosphere #winter #snow #relax #peace #cozy #coziness #elegance #h,https://www.instagram.com/reel/C0uIf5hNcuv/,https://www.instagram.com/popular/ai-interior/
Da6WYDBybn1,fang_tokyo_us,21300,21.3K,tokyo-apartment,Contact us at the URL in the account profile below!♪ @fang_tokyo_us propertyID：IG-D197 This is Yahiro Sta.for only 12mins 2DK Estimated trading price：,https://www.instagram.com/reel/Da6WYDBybn1/,https://www.instagram.com/popular/tokyo-apartment/
C939VFHCVCS,interioralchemyhq,21300,21.3K,minimalist-art-deco-interior-design,Experience the epitome of modern elegance with this stunning interior design! Featuring a sleek marble dining table s,https://www.instagram.com/reel/C939VFHCVCS/,https://www.instagram.com/popular/minimalist-art-deco-interior-design/
Db3U3TmtYHa,pushpinder.revo,21200,21.2K,dubai-villa,Villa in just 5.5 million USD,https://www.instagram.com/reel/Db3U3TmtYHa/,https://www.instagram.com/popular/dubai-villa/
DLF31imOez9,danbcustomclosets,21000,21K,luxury-closet,"Luxury, refined. ✨ This custom walk-in closet is the definition of dream closet. With warm wood tones, shaker drawer fronts, ambient LED lighting, ele",https://www.instagram.com/reel/DLF31imOez9/,https://www.instagram.com/popular/luxury-closet/
DNkO5eqSeI7,abita.house,21000,21K,industrial-interior,Industrial house #abitahouse #rumahindustrial #rumahtumbuh #rumahscandinavian #industrialstyle,https://www.instagram.com/reel/DNkO5eqSeI7/,https://www.instagram.com/popular/industrial-interior/
DU01X8hCKkd,travelopod,21000,21K,luxury-hotel,Save this for your next trip ✨ 7 best hotels in the world in 2025 — and why they're worth it: 1. Rosewood,https://www.instagram.com/reel/DU01X8hCKkd/,https://www.instagram.com/popular/luxury-hotel/
DcikVTvACU8,adionainteriors,21000,21K,dream-kitchens,"Beautiful finishes, thoughtful details, and a space that feels as good as it looks. The kind of kitchen that makes you want t",https://www.instagram.com/reel/DcikVTvACU8/,https://www.instagram.com/popular/dream-kitchens/
DMBIBN8yRl4,clasycore,20900,20.9K,luxury-lifestyle,"Luxury isn't a look, it's a lifestyle. - #oldmoney #luxurylifestyle #luxury #clasycore #lifestyle #oldmoneylife",https://www.instagram.com/reel/DMBIBN8yRl4/,https://www.instagram.com/popular/luxury-lifestyle/
DDuP9CtudEZ,interior_home_design1,20900,20.9K,desert-modern-house-tours,What are your thoughts on this modern bungalow in desert ? By: @hut @interior_home_design1 #interiordesign #home #resorts #lasvegas #luxurylifestyle #,https://www.instagram.com/reel/DDuP9CtudEZ/,https://www.instagram.com/popular/desert-modern-house-tours/
DCpe8QLuYgV,cheilanicki,20600,20.6K,marrakech-riad,"Behind every closed door in Marrakesh, a hidden wonder awaits.🌸 The peace you get insid",https://www.instagram.com/reel/DCpe8QLuYgV/,https://www.instagram.com/popular/marrakech-riad/
DVMYcFNAARF,theusarmenians,20500,20.5K,impossible-architecture,"After more than a century of work, Barcelona's iconic Sagrada Família basilica has now reached its maximum",https://www.instagram.com/reel/DVMYcFNAARF/,https://www.instagram.com/popular/impossible-architecture/
DWtSS0qjNeD,vkuoo,20400,20.4K,parametric-architecture,"🏗️⚡️Not all architecture needs to be soft. Some buildings are sharp, structured, and unapol",https://www.instagram.com/reel/DWtSS0qjNeD/,https://www.instagram.com/popular/parametric-architecture/
DTlcBnbD-zq,kochteam,20400,20.4K,houses-on-malibu-beach,An ultra-luxury oceanfront compound on over an acre in Palm Beach's most coveted estate enclave.,https://www.instagram.com/reel/DTlcBnbD-zq/,https://www.instagram.com/popular/houses-on-malibu-beach/
DO3BmytDgtO,toronto.luxury.houses,20200,20.2K,luxury-real-estate-mansion-exterior,"————————————————— 𝐃𝐌 𝐟𝐨𝐫 📸 𝐜𝐫𝐞𝐝𝐢𝐭 𝐨𝐫 𝐫𝐞𝐦𝐨𝐯𝐚𝐥, 𝐍𝐨 𝐜𝐨𝐩𝐲𝐫𝐢𝐠𝐡𝐭",https://www.instagram.com/reel/DO3BmytDgtO/,https://www.instagram.com/popular/luxury-real-estate-mansion-exterior/
DBZX__hhcX-,perfect_decorss,20100,20.1K,dream-room,Dreams rooms... . . . . . . . .. #usa #lightdesign #lightdecor #lighting #lightingdesign,https://www.instagram.com/reel/DBZX__hhcX-/,https://www.instagram.com/popular/dream-room/
DcVlkKMO7DG,noahhillcabin,20000,20K,a-frame-cabin,"Un colț de munte, un foc aprins și liniștea pe care o căutai. 🌲🔥 Cozy days at Noah Hill Cabin. 🤎#aframe#retreat #munte #cabana #cazare",https://www.instagram.com/reel/DcVlkKMO7DG/,https://www.instagram.com/popular/a-frame-cabin/
DaRN4gJx6Ft,thewelldressedaspen,20000,20K,aspen,ANOTHER WELL DRESSED MAN!!! @blantonp being the most perfect model repping all vinta,https://www.instagram.com/reel/DaRN4gJx6Ft/,https://www.instagram.com/popular/aspen/
DOUIJNtDcuz,architectural.desiign,20000,20K,desert-modern-house-tours,@am.irfatemi Oasis project 🫐 This house is a modern desert settlement where architecture and nature merge. Brick volumes grow out of the natural rocks,https://www.instagram.com/reel/DOUIJNtDcuz/,https://www.instagram.com/popular/desert-modern-house-tours/
DWKFTtrDfmn,cypriot.ai,19700,19.7K,saudi-arabia-architecture,Imagine pulling up to a massive 7-star superyacht... carved entirely out of solid desert rock.,https://www.instagram.com/reel/DWKFTtrDfmn/,https://www.instagram.com/popular/saudi-arabia-architecture/
DaIVRpiz6rm,matthew_giampietro,19600,19.6K,luxury-garden,"""Sculpting Sanctuaries"" . . . . #garden #landscapedesign #landscaping #gardendesign #backyard",https://www.instagram.com/reel/DaIVRpiz6rm/,https://www.instagram.com/popular/luxury-garden/
DXGfnHhj8PS,barbosalandscaping,19600,19.6K,landscape-design;landscape-design-ai,Imagine a landscaping project done that fast. With AI now 3d Designs can be made,https://www.instagram.com/reel/DXGfnHhj8PS/,https://www.instagram.com/popular/landscape-design/
DG4_0odxPvN,the.moodcrafters,19500,19.5K,mid-century-modern-living-room-ideas,"mid century modern . warm tone location : punggol size : 1001 sqft type : 4 bedroom HDB BTO budget : $108,000",https://www.instagram.com/reel/DG4_0odxPvN/,https://www.instagram.com/popular/mid-century-modern-living-room-ideas/
DVKMNZxkblm,makeshopfurnishings,19300,19.3K,organic-modern-kitchen-designs,Wish someone would just design your kitchen so you don't have to? That's kind of ou,https://www.instagram.com/reel/DVKMNZxkblm/,https://www.instagram.com/popular/organic-modern-kitchen-designs/
DTnNTj_CKpP,nestor_milic,19200,19.2K,penthouse-tour,Not just a penthouse. A perspective. #luxuryliving,https://www.instagram.com/reel/DTnNTj_CKpP/,https://www.instagram.com/popular/penthouse-tour/
DKyrJKkyipT,visitnewyork,19100,19.1K,rooftop-pool,Now this is what they call a pool with a view!,https://www.instagram.com/reel/DKyrJKkyipT/,https://www.instagram.com/popular/rooftop-pool/
DB4bqAzI9LB,hazel._finds,19000,19K,dream-room,"I just revamped my room with a few cozy pieces, and I'm obsessed with the new vibe!💗 Here's what I added:",https://www.instagram.com/reel/DB4bqAzI9LB/,https://www.instagram.com/popular/dream-room/
DP31rkbiiBU,interiorvisiondrawnbyhand,19000,19K,minimalist-art-deco-interior-design,"Anyone know someone planning a mid-century modern renovation? 👀 As an interior designer, this is my favourite sty",https://www.instagram.com/reel/DP31rkbiiBU/,https://www.instagram.com/popular/minimalist-art-deco-interior-design/
DIc6BUUhIS5,cozyroom_10,19000,19K,rain-cozy,"""Cozy Room on a Rainy Day with Ambient Lighting & Natural Rain Sounds | Relax, Read, or Sleep""",https://www.instagram.com/reel/DIc6BUUhIS5/,https://www.instagram.com/popular/rain-cozy/
DYCVuFPsjD6,lifetime_interior_design,18700,18.7K,luxury-real-estate-mansion-exterior,"Timeless elegance in every detail. 🤍🌸@lifetime_interior_design Less noise, more clarity — that's real luxury.",https://www.instagram.com/reel/DYCVuFPsjD6/,https://www.instagram.com/popular/luxury-real-estate-mansion-exterior/
CsMUSqmNf8C,tereknotderek,18700,18.7K,houses-on-malibu-beach,This is the perfect Malibu beach house! I would never leave this bedroom and bathroom 🌊,https://www.instagram.com/reel/CsMUSqmNf8C/,https://www.instagram.com/popular/houses-on-malibu-beach/
DMJicRauZ4W,hansendesignfirm,18600,18.6K,home-office-design,"A workspace designed to inspire. 🖋️📚 From the custom arched shelving to the layered textures, every detail in this home office invites focus, creativi",https://www.instagram.com/reel/DMJicRauZ4W/,https://www.instagram.com/popular/home-office-design/
DWWNPGPDWHH,dee_interiors_haven,18600,18.6K,organic-modern-kitchen-designs,🔥 Upgrade Your Kitchen Today! 🔥 Turn your space into a modern masterpiece with our,https://www.instagram.com/reel/DWWNPGPDWHH/,https://www.instagram.com/popular/organic-modern-kitchen-designs/
DZsLQx4sQTT,ellys.spaces,18500,18.5K,industrial-chic-interior-design,"Industrial interiors usually feel cold… but this one feels different. Exposed brick, black steel, warm wood, leather, soft lighting",https://www.instagram.com/reel/DZsLQx4sQTT/,https://www.instagram.com/popular/industrial-chic-interior-design/
DZ-SBx4ofXg,cozyzen.ai,18300,18.3K,ai-house,POV: Living in an AI Fantasy #luxurylifestyle #luxuryhomes #AI,https://www.instagram.com/reel/DZ-SBx4ofXg/,https://www.instagram.com/popular/ai-house/
DM7vWgbq-gL,the.sustainable.bungalow,18200,18.2K,home-office-design,"Our office ✨️ Brief : Moody, character, earthy tones, storage, organised, and plants, lots of plants 🪴 We bought the desk from @antiques_ireland in 20",https://www.instagram.com/reel/DM7vWgbq-gL/,https://www.instagram.com/popular/home-office-design/
DXQWcRmSb28,arcsurfaces.co,18200,18.2K,wabi-sabi-interior,"Japandi, but make it timeless. Not trends, but tones that last. Not more, but better. Where",https://www.instagram.com/reel/DXQWcRmSb28/,https://www.instagram.com/popular/wabi-sabi-interior/
DZVq08EJrFK,travelwithdalt,18200,18.2K,treehouse-hotel,Send this to who you'd stay here with 🌲 🛌 🏡 @treehousepoint #bucketlisttravel #uniquestays #travel,https://www.instagram.com/reel/DZVq08EJrFK/,https://www.instagram.com/popular/treehouse-hotel/
DUA_NZ7D18W,dreamespaceai,18100,18.1K,ai-house-design;ai-interior;futuristic-home,🏙️ Luxury meets AI imagination 🤖✨ Step into spaces that redefine the future of living 💎 From modern penthouses to digital masterpieces — we create dre,https://www.instagram.com/reel/DUA_NZ7D18W/,https://www.instagram.com/popular/ai-interior/
DU5iPcaDcr1,neuuralviibes,18000,18K,inside-underground-bunker-house,Luxury underground bunker in the middle of the desert… would you live here? 🏜️✨ Built with AI imagination,https://www.instagram.com/reel/DU5iPcaDcr1/,https://www.instagram.com/popular/inside-underground-bunker-house/
DDR9zmKTcR-,wildreamhom3,18000,18K,cozy-cabin-in-the-snow;cozy-winter-cabin,The winter storm is just background music in the warmth of our cabin . . . . . . #wildreamhom3 #therapy #cozy #aesthetic #calm #relax #cozyroom #Winte,https://www.instagram.com/reel/DDR9zmKTcR-/,https://www.instagram.com/popular/cozy-winter-cabin/
DZF7MpioDv1,millionaire_homes,17900,17.9K,mansion-tour,"When the architect himself gives you a tour, you know you're in for something special. jessejar",https://www.instagram.com/reel/DZF7MpioDv1/,https://www.instagram.com/popular/mansion-tour/
DZT9C-wSYo_,the_greyy_palette,17900,17.9K,green-minimalist-interior-design,"Not just a color, but a mood. 🌿 Olive green brings depth, warmth, and a quiet sense of luxury to the space. Source: Pinterest #OliveGreenInteriors",https://www.instagram.com/reel/DZT9C-wSYo_/,https://www.instagram.com/popular/green-minimalist-interior-design/
DWWt5nZjcQM,masiartfurniture,17800,17.8K,futuristic-interior,"What do you think of this stainless steel lounge chair, inflated to look like a soft cushion? #StainlessSteelFurniture #BlownSteelArt #ModernLoungeCha",https://www.instagram.com/reel/DWWt5nZjcQM/,https://www.instagram.com/popular/futuristic-interior/
DRB8f7Hkf8J,jwmarriottjkt,17800,17.8K,luxury-suite,"Experience our newly renovated Premier Suites and Premier Rooms, an intimate sanctuary inspired by modern refinement and the timeless warmth of JW Mar",https://www.instagram.com/reel/DRB8f7Hkf8J/,https://www.instagram.com/popular/luxury-suite/
DX_7GgzRWxg,interiorbymumbi,17600,17.6K,kids-room-design,amazing kids room design & interior by tanvi ✨ #InteriorDesign #HomeDecor #DreamHome #ModernL,https://www.instagram.com/reel/DX_7GgzRWxg/,https://www.instagram.com/popular/kids-room-design/
DXhkssgDQWf,imtiazsahib33,17600,17.6K,underground-house,Secret Underground Room Reveal! 😱 Hidden in Plain Sight... #bunker #stormshelter #backyardmakeover #survivalist #diyproject #homesteading,https://www.instagram.com/reel/DXhkssgDQWf/,https://www.instagram.com/popular/underground-house/
DKkajokNjdD,brigrc,17600,17.6K,como-lake-villas,Villa La Cassinella 🇮🇹 #LakeComo Who would love to stay here ??? . #Italy #LagodiComo #Italia,https://www.instagram.com/reel/DKkajokNjdD/,https://www.instagram.com/popular/como-lake-villas/
DAJw0N9R1NZ,lacasastudio0,17300,17.3K,glass-house-photos,Glass house For Terrace. Glass 6mm Toughened. #glasshouss #portacabin #terraceroom #interiordecor #interiordes,https://www.instagram.com/reel/DAJw0N9R1NZ/,https://www.instagram.com/popular/glass-house-photos/
DS-T4HFCM30,edvardtravels97,17300,17.3K,como-lake-villas,5 Most Beautiful Villas in Lake Como ✨🇮🇹❣️#lakecomo #italia #visititaly #travel #comolake,https://www.instagram.com/reel/DS-T4HFCM30/,https://www.instagram.com/popular/como-lake-villas/
C-7IVggSXeM,virasatvillabanquets,17300,17.3K,villa-with-pool,Plan Your Trip we are ready to welcome You ✅ @virasatvillabanquets #instagood #instagram #trendingreels #reels #instadaily #pool #luxury,https://www.instagram.com/reel/C-7IVggSXeM/,https://www.instagram.com/popular/villa-with-pool/
DW3yxdyiEWU,charlottejaynewalton,17200,17.2K,marrakech-riad,"Save this Riad in Marrakech 🇲🇦 If you're visiting Marrakech, this is a great place to stay",https://www.instagram.com/reel/DW3yxdyiEWU/,https://www.instagram.com/popular/marrakech-riad/
DOL-yHViGVY,aifordesigners.online,17200,17.2K,ai-interior-design,"White, stones, and whispers. Concept created with AI by @aifordesigners_ —— Hey, interior designers!",https://www.instagram.com/reel/DOL-yHViGVY/,https://www.instagram.com/popular/ai-interior-design/
Db2hPLAp_lv,ruth_with_room,17200,17.2K,cozy-room,The strong wind blew the mirror over. #cozy #peace #life #mood #fyp,https://www.instagram.com/reel/Db2hPLAp_lv/,https://www.instagram.com/popular/cozy-room/
DZ7x2v5utI5,hf.design.studio,17100,17.1K,scandinavian-interior-design-styles,"One living room, five different design stories. ✨ I redesigned the same space in 5 interior styles: Country, Industrial, Scandinavian, Japandi, and Ne",https://www.instagram.com/reel/DZ7x2v5utI5/,https://www.instagram.com/popular/scandinavian-interior-design-styles/
DDPbOp6MAq8,future.architects_,17100,17.1K,future-houses-2050,"Casa Sculpta Velada (Portugal, 2050) @ioscapes' Vision 2050 Series brings us this stunning neocosmic",https://www.instagram.com/reel/DDPbOp6MAq8/,https://www.instagram.com/popular/future-houses-2050/
DWyCbYhDNfE,zoomaproperties,17000,17K,dubai-villa,"""Luxury"" is overused… Until you see what real luxury looks like. Private beach. Designer interiors. Full automation.",https://www.instagram.com/reel/DWyCbYhDNfE/,https://www.instagram.com/popular/dubai-villa/
CxxSs-SRDrD,sunny.palace,17000,17K,surreal-architecture,Here's @satnamkaur_sk and @chaatkingindia igniting the world with their charm SK,https://www.instagram.com/reel/CxxSs-SRDrD/,https://www.instagram.com/popular/surreal-architecture/
DcAt0TTsF6k,victorianhousejourney,16800,16.8K,house-tour,You all seem to love a little house tour (my absolute favourite too!) I follow a ridiculous n,https://www.instagram.com/reel/DcAt0TTsF6k/,https://www.instagram.com/popular/house-tour/
DUSTed7iEE9,cloudscomm,16700,16.7K,beach-house,"Just me, my beach house, serene ocean views, a lot of peace ❤️🌊 Share this with someone ❤️🌅🌊 #viral #trending #fyp #explore #sunset reels instareels t",https://www.instagram.com/reel/DUSTed7iEE9/,https://www.instagram.com/popular/beach-house/
C5PrBZESAzB,space_design_fx,16600,16.6K,rooftop-terrace,ROOFTOP DESIGN #rooftopdesign,https://www.instagram.com/reel/C5PrBZESAzB/,https://www.instagram.com/popular/rooftop-terrace/
DIleH_bTaXv,bruno.francesca,16600,16.6K,marrakech-riad,Dreaming Riad in Marrakech🇲🇦 📍Riad Fabiola . . . . #marrakech #marrakechmedina #marrakech.,https://www.instagram.com/reel/DIleH_bTaXv/,https://www.instagram.com/popular/marrakech-riad/
DcEqTG4vzoV,alexmathiashomes,16300,16.3K,desert-house,Experience modern desert living. This new ground up construction is framed by native Palm Springs desert 🌵 lands,https://www.instagram.com/reel/DcEqTG4vzoV/,https://www.instagram.com/popular/desert-house/
DaSmORjO1P6,mitsumarurealestate,16300,16.3K,tokyo-apartment,"$580/month, living in central Tokyo Foreigner friendly rental apartment #tokyo #realestate #tokyoapartment #rent #housetour",https://www.instagram.com/reel/DaSmORjO1P6/,https://www.instagram.com/popular/tokyo-apartment/
Dbyq2rkozB7,baharinteriorexteriordesign,16100,16.1K,modern-classic-interior-design,Timeless elegance for the way we live and gather. ✨ This modern classic interior brings,https://www.instagram.com/reel/Dbyq2rkozB7/,https://www.instagram.com/popular/modern-classic-interior-design/
DCwYDypRObX,westlake_homes,16100,16.1K,modern-mediterranean-houses,Modern minimalism and classical Mediterranean style mansion with grand arched openings and natural tones interior. AI Design Concept by @westlake_home,https://www.instagram.com/reel/DCwYDypRObX/,https://www.instagram.com/popular/modern-mediterranean-houses/
DZHX372T39n,schmickdnd,16100,16.1K,hotel-bathroom-designs,5 Shower Designs That Feel Like a 5-Star Hotel in 2026 1️⃣ Ceiling-Mounted Rain Shower A seamless rainfall experience that turns every shower into a s,https://www.instagram.com/reel/DZHX372T39n/,https://www.instagram.com/popular/hotel-bathroom-designs/
DKKJ1woOWme,interior_home_design1,16100,16.1K,future-home,Cliffside Escape with Swinging Beds By: @luxquisit @interior_home_design1 #interiordesign,https://www.instagram.com/reel/DKKJ1woOWme/,https://www.instagram.com/popular/future-home/
DHgJiv8soJ2,polusformis,16000,16K,mediterranean-house;mediterranean-villa,"Mediterranean houses are the perfect blend of tradition and functionality. Characterized by white lime walls, terracotta roofs, and open spaces that m",https://www.instagram.com/reel/DHgJiv8soJ2/,https://www.instagram.com/popular/mediterranean-villa/
DEhaPjKTF8x,theaisavvy,16000,16K,ai-virtual-staging,Collov AI is a virtual staging tool that transforms any space with just a photo—whether it's empty or fully furnished.,https://www.instagram.com/reel/DEhaPjKTF8x/,https://www.instagram.com/popular/ai-virtual-staging/
DcA8uHQs246,volcanicbuildx,16000,16K,inside-underground-bunker-house,I Built a Cozy House Inside an Abandoned Underground Bunker! I found an abandoned underground bunker that had been,https://www.instagram.com/reel/DcA8uHQs246/,https://www.instagram.com/popular/inside-underground-bunker-house/
CxbUBd8Sm8o,leisureofnyc,16000,16K,houses-on-malibu-beach,malibu sunset 😍,https://www.instagram.com/reel/CxbUBd8Sm8o/,https://www.instagram.com/popular/houses-on-malibu-beach/
DUpuc-cAEIG,iconeraofficial,15900,15.9K,underground-house,From Soil to Shelter | Real Underground Mini House Build #ai #house #craft,https://www.instagram.com/reel/DUpuc-cAEIG/,https://www.instagram.com/popular/underground-house/
DYwQRF_spzc,rohan_photoshots,15900,15.9K,luxury-hotel-room,Still stuck in this hotel room era ✨ #amritsar #courtyardbymarriott #goldentempleamritsar #roomtour,https://www.instagram.com/reel/DYwQRF_spzc/,https://www.instagram.com/popular/luxury-hotel-room/
DZONYuIzMYj,rraj.kumaryadav,15800,15.8K,rain-cozy,🏕 Cozy Bedroom Rain Sounds । 8 house sleep #heavyrain #cozy #rainsounds❤️ #rainyday #asmr,https://www.instagram.com/reel/DZONYuIzMYj/,https://www.instagram.com/popular/rain-cozy/
DKZqtdnNMBk,interior_home_design1,15700,15.7K,futuristic-house,Majestic White Mansion Above the Mountains By: @luxquisit @interior_home_design1 #ai #house #home #interiordesign,https://www.instagram.com/reel/DKZqtdnNMBk/,https://www.instagram.com/popular/futuristic-house/
DL4n9e5NUN7,timsskiii,15600,15.6K,minimalist-interior,Warm minimalism - Kitchen Living room P.S. Not AI. Just Lego dream team✅ #renderlovers #renderbox #render #renderoftheday #cg #interiors #de,https://www.instagram.com/reel/DL4n9e5NUN7/,https://www.instagram.com/popular/minimalist-interior/
DH1knY_RCCV,explore_home_inspo,15600,15.6K,beach-house,Beach home #beachhome #homegoals #coastalhome #dreamhome,https://www.instagram.com/reel/DH1knY_RCCV/,https://www.instagram.com/popular/beach-house/
DKjKpsqojka,alexandr_dombrovschi,15600,15.6K,lake-como-villa,Villa Erba lake Como Cernobbio #alexandr_dombrovschi #destinationwedding #italia #weddingdestination #villaerba #villaerbacernobbio,https://www.instagram.com/reel/DKjKpsqojka/,https://www.instagram.com/popular/lake-como-villa/
DJZna0AuAbz,lifeaccordingtotodd,15600,15.6K,real-estate,"Some of the best real estate deals I've ever done came from the properties nobody wanted. Most investors look for the perfect properties, but that's n",https://www.instagram.com/reel/DJZna0AuAbz/,https://www.instagram.com/popular/real-estate/
DTBLT2nCt-z,archixpert,15500,15.5K,ai-generated-architecture-designs,Ai Course launching soon 🔥 Stay tuned ✨ Comment AI to get the prompt in your DMs 📩 Prompt Used,https://www.instagram.com/reel/DTBLT2nCt-z/,https://www.instagram.com/popular/ai-generated-architecture-designs/
DT-rGmQErKI,richbynature09,15500,15.5K,luxury-lifestyle,MILLIONAIRE ⬇️ - - Follow @luxiciety to become a millionaire ✨️ - - #luxurylifestyle #money #millionaire #mindset #success,https://www.instagram.com/reel/DT-rGmQErKI/,https://www.instagram.com/popular/luxury-lifestyle/
DWlOBU7jT85,capsulecastle410,15500,15.5K,capsule-castle-luxury-space-capsule-houses,This house is so flexible #capsulehouse #tinyhome #mobilehouse #outdoor #containerhouse,https://www.instagram.com/reel/DWlOBU7jT85/,https://www.instagram.com/popular/capsule-castle-luxury-space-capsule-houses/
DLEN96UJ8e_,ai_pk_0206,15500,15.5K,ai-house-design,The Ai House ❤️🤩❤️💐 #reelsinstagram #reel #ai,https://www.instagram.com/reel/DLEN96UJ8e_/,https://www.instagram.com/popular/ai-house-design/
DQJFQB5jZiB,fotis_travels,15300,15.3K,bora-bora-luxury-hotels,"✨ At the heart of Bora Bora's lagoon ✨ Set on iconic Matira Point, InterContinental Bora Bora Le Moana Resort offers a front-row seat",https://www.instagram.com/reel/DQJFQB5jZiB/,https://www.instagram.com/popular/bora-bora-luxury-hotels/
DOWAQw0kdBU,harmosai,15200,15.2K,futuristic-house;luxury-modern-beautiful-house;modern-villa;ultra-modern-luxury-house-design,"True architectural mastery doesn't just create a structure; it frames a perspective. ​This black modern villa exemplifies minimalist design, using cle",https://www.instagram.com/reel/DOWAQw0kdBU/,https://www.instagram.com/popular/modern-villa/
DU9ATC-khfb,annagerarealestate,15100,15.1K,home-theater,"Rainy days call for movie theaters at home… cozy, private, and always the best seat in the house. Which one is your favorite? 🎬🍿",https://www.instagram.com/reel/DU9ATC-khfb/,https://www.instagram.com/popular/home-theater/
DFnX5PNRWm-,lianaariashomedecor,15100,15.1K,organic-modern,Tendencia: Organico / Moderno El Organic Modern es la nueva tendencia en interiorismo que dominará el 2025. Se tr,https://www.instagram.com/reel/DFnX5PNRWm-/,https://www.instagram.com/popular/organic-modern/
DPgQMaICmMp,fancyhomeai,15000,15K,biophilic-design,"What is Biophilic Design? | Nature Meets Architecture 🌿 It's more than green walls or plants in pots. Biophilic design brings the soul of nature into every room — light, texture, air, and life.",https://www.instagram.com/reel/DPgQMaICmMp/,https://www.instagram.com/popular/biophilic-design/
DXMY97CExlU,house_of_reservations,15000,15K,tropical-villa,POV: you booked a peaceful tropical stay at @modjovillas Stay inspired with us @house_of_reserve,https://www.instagram.com/reel/DXMY97CExlU/,https://www.instagram.com/popular/tropical-villa/
Dazxf3ROi7E,naturessproutslandscape,15000,15K,landscape-design,🌿 Stunning Luxury Landscape Garden Design Ideas | Modern Backyard Landscaping Insp,https://www.instagram.com/reel/Dazxf3ROi7E/,https://www.instagram.com/popular/landscape-design/
DMdeL4IR17d,harmosai,15000,15K,los-angeles-house,"Experience the unparalleled lifestyle of Los Angeles. From iconic luxury estates to vibrant urban living, discover a diverse real estate market with e",https://www.instagram.com/reel/DMdeL4IR17d/,https://www.instagram.com/popular/los-angeles-house/
DTrPkISihJW,illaura1,14900,14.9K,luxury-cabin,"A Classic Log Cabin Where Warmth Lives in Every Beam. There's a timeless comfort in a log cabin like this, where thick timber beams stretch overhead,",https://www.instagram.com/reel/DTrPkISihJW/,https://www.instagram.com/popular/luxury-cabin/
C9HxeewRJAY,yourfantasyhomes,14900,14.9K,future-houses-2050,which home was your first choice? 🙂 • • • • • #dreamhome #aesthetic #vibes #dream,https://www.instagram.com/reel/C9HxeewRJAY/,https://www.instagram.com/popular/future-houses-2050/
DN51n5WDGah,bruun.uk,14800,14.8K,scandinavian-interior-design;scandinavian-interior-design-styles,"7 Principles of Scandinavian Style Minimal, natural, and effortlessly cozy 🌿 From neutral t",https://www.instagram.com/reel/DN51n5WDGah/,https://www.instagram.com/popular/scandinavian-interior-design/
DI2mkiuOsOV,mimisinclair.real.estate,14800,14.8K,organic-modern-kitchen-designs,This organic modern space is perfectly soft and elegant while still making a big im,https://www.instagram.com/reel/DI2mkiuOsOV/,https://www.instagram.com/popular/organic-modern-kitchen-designs/
C2hxjQWKWx4,wonderinn_norway,14800,14.8K,arctic-treehouse-hotel-rovaniemi,Peace out world. 🕊️🌅 📍Cloud 9 ~ WonderInn Arctic x ÖÖD Houses 🎥 @massimilianodallafior @rikkemb . . . . . . . . . . #wonderinn #mirrorhouse #uniquehot,https://www.instagram.com/reel/C2hxjQWKWx4/,https://www.instagram.com/popular/arctic-treehouse-hotel-rovaniemi/
DGGxmZtSmhs,amarilymccray520,14800,14.8K,luxury-kitchen-design,✨ The Ultimate Luxury Kitchen ✨ This stunning modern kitchen is designed for el,https://www.instagram.com/reel/DGGxmZtSmhs/,https://www.instagram.com/popular/luxury-kitchen-design/
DCeaenyyZTy,nature_cozy_vibe,14600,14.6K,cliff-house;glass-house;glass-house-photos,Cliffside Glass Room in the Rain 🌧️ #cliffsideliving #glasshouse #dreamvacation Imagine waking,https://www.instagram.com/reel/DCeaenyyZTy/,https://www.instagram.com/popular/cliff-house/
DJ3rl0evzmJ,luxury_living_brisbane_,14600,14.6K,luxury-furniture,"🔥 New Arrivals 🔥 Available in stock in Many colours 𝐀𝐝𝐝𝐫𝐞𝐬𝐬 𝟒𝟒 𝐌𝐨𝐬𝐬 𝐒𝐭, 𝐒𝐥𝐚𝐜𝐤𝐬 𝐂𝐫𝐞𝐞𝐤 𝟒𝟏𝟐𝟕 𝐁𝐫𝐢𝐬𝐛𝐚𝐧𝐞",https://www.instagram.com/reel/DJ3rl0evzmJ/,https://www.instagram.com/popular/luxury-furniture/
DGjB_JfN7W3,journey.to_serenity,14600,14.6K,cozy-winter-cabin,Cozy Cabin Vibes ❄️🔥 A warm retreat in the heart of winter! #CozyCabin #WinterVibes #SnowyEscape #LogCabinLife #WarmAndCozy #RusticCharm #SnowfallMagi,https://www.instagram.com/reel/DGjB_JfN7W3/,https://www.instagram.com/popular/cozy-winter-cabin/
DH0tlhWsXNM,hometrendyhome,14500,14.5K,bedroom-decor;bedroom-design,What not to miss if you love cozy elegance 👆- this modern bedroom by @ell.glamhome with gorgeous violet hues is the ultimate dreamy retreat!💜💜💜 bedroo,https://www.instagram.com/reel/DH0tlhWsXNM/,https://www.instagram.com/popular/bedroom-design/
DPAgnXLjVnl,belleau.media,14500,14.5K,virtual-staging,Next vacant stunner you get… just know we got you 😉 3893 St. Francis | Listing by Kaija Karmiste #WeSellAgents #BelleauMediaRealEstate #RealEstateMark,https://www.instagram.com/reel/DPAgnXLjVnl/,https://www.instagram.com/popular/virtual-staging/
DIimiZzCyHr,agentbillionaire,14500,14.5K,penthouse-tour,"🌆✨ Penthouse perfection with breathtaking LA views 🏙️🔥 Elevate your lifestyle with skyline panoramas, sleek modern design, and ultimate luxury high ab",https://www.instagram.com/reel/DIimiZzCyHr/,https://www.instagram.com/popular/penthouse-tour/
DTjPbw9D4Fu,ngn_farming,14400,14.4K,tropical-house-architecture-styles,"A solid concrete home with stone-finish walls and a red long-span roof, framed by lush palms for a calm tropical feel. 🇵🇭 #NGN",https://www.instagram.com/reel/DTjPbw9D4Fu/,https://www.instagram.com/popular/tropical-house-architecture-styles/
DctI5z_MW1C,oddesign.sa,14300,14.3K,neoclassical-interior,⁨ ⁨ The Reveal — The Modern Classic Project ✨ فخامة تبدأ من تفاصيل السقف ال,https://www.instagram.com/reel/DctI5z_MW1C/,https://www.instagram.com/popular/neoclassical-interior/
DFPmJLjymcv,perfect_decorss,14300,14.3K,dream-bedrooms,Dreams bedrooms... . . . . . . . . . . #luxuryhomes #reelsexplore #reels #instragram #trending #lightdesign #fyp #light #smarthome #lightdecor #interi,https://www.instagram.com/reel/DFPmJLjymcv/,https://www.instagram.com/popular/dream-bedrooms/
DTsjEy0CgbV,incrediblehunza,14300,14.3K,hunza-valley-luxury-resorts,Budget friendly Resort for your next trip to Skardu Valley ✈️,https://www.instagram.com/reel/DTsjEy0CgbV/,https://www.instagram.com/popular/hunza-valley-luxury-resorts/
DFprU4KNGXi,voyaah,14200,14.2K,underwater-hotel,"📌 Save this reel now or you might just miss out on it From the Maldives to Dubai, these",https://www.instagram.com/reel/DFprU4KNGXi/,https://www.instagram.com/popular/underwater-hotel/
C5V203VLPgY,coastal_cass,14200,14.2K,coastal-bedroom-design-ideas,The love of a serene coastal bedroom runs deep around here. Here's a few ways to give,https://www.instagram.com/reel/C5V203VLPgY/,https://www.instagram.com/popular/coastal-bedroom-design-ideas/
DXkdKTYCGJT,luxury_travel_resortss,14200,14.2K,bora-bora-luxury-hotels,@flavialatina.travels captures the serene luxury of @conradboraboranui 🌊🏝️✨ Would you start your day like this? ✨ 🎞️ @flavialatina.travels,https://www.instagram.com/reel/DXkdKTYCGJT/,https://www.instagram.com/popular/bora-bora-luxury-hotels/
DUvFoCzDacU,sah.interiors,14100,14.1K,luxury-master-bedroom-interior-design,"A master bedroom that feels like a private retreat. Seamless elegance, plush textures, and a walk in closet designed for refined living. Luxury, tailo",https://www.instagram.com/reel/DUvFoCzDacU/,https://www.instagram.com/popular/luxury-master-bedroom-interior-design/
C_ptUUoCiZs,nataliefreeman_theavenue,14000,14K,indoor-pool,"🔥👌How about THIS for an indoor pool/spa/entertaining area??! 😎This incredible space,comes complete with a hot tub",https://www.instagram.com/reel/C_ptUUoCiZs/,https://www.instagram.com/popular/indoor-pool/
DPMOMzaDfKM,relaxuni,14000,14K,cozy-winter-cabin,"Sleeping in a Warm Little Cabin, Blizzard outside 😴 Follow and enjoy! #relax #relaxation #cozyvideo #relaxvideo #cozy #relaxing #healing #sleepaid #fi",https://www.instagram.com/reel/DPMOMzaDfKM/,https://www.instagram.com/popular/cozy-winter-cabin/
DOWwZ3bCfBg,remarkablestays,14000,14K,a-frame-modern-cabins,"An A-frame straight from you dreams! Tag your cabin crew, who's coming with you? ⬇️ 📷 Credit @tramonti__house ➡️ Follow us @remark",https://www.instagram.com/reel/DOWwZ3bCfBg/,https://www.instagram.com/popular/a-frame-modern-cabins/
DVpJs62kVNI,videokrtoon,13900,13.9K,ai-house-design,Diseños de Casas Que Solo La IA Podría Crear,https://www.instagram.com/reel/DVpJs62kVNI/,https://www.instagram.com/popular/ai-house-design/
DTVIpD3CAr_,mipropertiespk,13700,13.7K,modern-living-room,TV LOUNGE 🍻 #house #property #realestate #modernhomes #interiordesign #miproperties #tvlounge,https://www.instagram.com/reel/DTVIpD3CAr_/,https://www.instagram.com/popular/modern-living-room/
DPWIKqAkzrh,extrikaspaces,13700,13.7K,japandi-serenity-bedroom-design-ideas,✨ Bedrooms are more than just places to sleep — they're reflections of you. From Minimalist,https://www.instagram.com/reel/DPWIKqAkzrh/,https://www.instagram.com/popular/japandi-serenity-bedroom-design-ideas/
C5ChIETPhgu,cyberneticfuture,13600,13.6K,cyberpunk-city,"""COMPLICATΞD THOUGHTS"". | Artwork by @la_barbed 💠 📥 Dm/tag #cyberneticfuture",https://www.instagram.com/reel/C5ChIETPhgu/,https://www.instagram.com/popular/cyberpunk-city/
DXwvzjis3dd,ai.perfect.world,13600,13.6K,luxury-homes-on-the-amalfi-coast,"Amalfi Sunset Residence by @ai.perfect.world A sculptural coastal estate overlooking the Mediterranean, where fluid archit",https://www.instagram.com/reel/DXwvzjis3dd/,https://www.instagram.com/popular/luxury-homes-on-the-amalfi-coast/
DR-2WFuidU2,urban_lifestyle_lab,13600,13.6K,futuristic-home,"Proof that imagination has no limits,",https://www.instagram.com/reel/DR-2WFuidU2/,https://www.instagram.com/popular/futuristic-home/
DW6IA4YDSwH,bellalusso_interiors,13500,13.5K,walk-in-closet,A tour of pure luxury.✨ Explore the stunning features and effortless flow of our stunning walk in closet,https://www.instagram.com/reel/DW6IA4YDSwH/,https://www.instagram.com/popular/walk-in-closet/
DEjcScDKLal,japandiinteriordesign_magl,13500,13.5K,japandi-serenity-bedroom-design-ideas,Japandi bedrooms that are seamless fusion of Japanese elegance and Scandinavian minimalism 🤍 W,https://www.instagram.com/reel/DEjcScDKLal/,https://www.instagram.com/popular/japandi-serenity-bedroom-design-ideas/
DW_j1ZGDOpm,cozyroom_10,13500,13.5K,future-home,Old Metal Box to Beautiful Home 🏡✨ | Satisfying AI Makeover#HomeMakeover #AIShorts #BeforeAfterHome,https://www.instagram.com/reel/DW_j1ZGDOpm/,https://www.instagram.com/popular/future-home/
DV_4JcrDDcg,meubelbaas,13400,13.4K,wabi-sabi-interior;wabi-sabi-japandi-interior-design,Dark Japandi Interior styling🥰 #japandi #interiordesign #interior,https://www.instagram.com/reel/DV_4JcrDDcg/,https://www.instagram.com/popular/wabi-sabi-interior/
DUz83M6EpzC,saltandserenity_coastalhaven,13300,13.3K,kitchen-inspiration,8 things in my kitchen that just make sense!! Which one is your favourite? #kitchendesıgn #kitcheninspo #kitchenstorage #kitchenreel #myhometoinspire,https://www.instagram.com/reel/DUz83M6EpzC/,https://www.instagram.com/popular/kitchen-inspiration/
DNRQwwzSPms,disen.enequilibrio,13300,13.3K,japandi-serenity-bedroom-design-ideas,"Bedrooms 2025 Minimalismo cálido que transforma tu descanso Luz natural, madera en tonos sua",https://www.instagram.com/reel/DNRQwwzSPms/,https://www.instagram.com/popular/japandi-serenity-bedroom-design-ideas/
Dc_zPi1CKzk,arabellastyles_,13000,13K,modern-classic-interior-design;neoclassical-interior,You finally found your exact interior design style. Bringing timeless elegance and classic,https://www.instagram.com/reel/Dc_zPi1CKzk/,https://www.instagram.com/popular/neoclassical-interior/
DGUwxeotedY,insmultiverse,13000,13K,future-house,Which house would you pick to live in? . . . The vibe is limitless—unlock it now. . Foll,https://www.instagram.com/reel/DGUwxeotedY/,https://www.instagram.com/popular/future-house/
DDFPnBypxJd,seeitalytravel,13000,13K,lake-como-villa,"Villa Balbiano on Lake Como 😍 Situated on the western shore of Lake Como, Villa Balbiano is an awe-inspiring Italian jewel, an exceptional historical",https://www.instagram.com/reel/DDFPnBypxJd/,https://www.instagram.com/popular/lake-como-villa/
DFhZ0seNFqf,oxelpi,12900,12.9K,cliff-house,Cliff haven - Hidden gem on the Costa Brava. . . . . . . . . . . . . . . . .,https://www.instagram.com/reel/DFhZ0seNFqf/,https://www.instagram.com/popular/cliff-house/
DMfuGX4zjAd,dsmt.raw,12900,12.9K,luxury-life,RICH LIFE. 🥂 Join the elite - more luxury success drops daily. @ceoclassy. – #oldmoney #mediterranean #dreamlife #o,https://www.instagram.com/reel/DMfuGX4zjAd/,https://www.instagram.com/popular/luxury-life/
DMfFWRKvUt0,miljo_concept,12800,12.8K,wabi-sabi-interior,A warm minimalist style with strong Japandi & Wabi-Sabi aesthetics. Creating a home that feels,https://www.instagram.com/reel/DMfFWRKvUt0/,https://www.instagram.com/popular/wabi-sabi-interior/
DOoI1z3D_72,oldmoneyflexx,12800,12.8K,luxury-life,Luxury life soon ✨️ _ Follow @oldmoneyflexx if you are money-minded . If your any clip in my video,https://www.instagram.com/reel/DOoI1z3D_72/,https://www.instagram.com/popular/luxury-life/
DU_TlESjCav,dreamvibes_9,12700,12.7K,dream-bedroom,Choose your dream bedroom #chill #relaxing,https://www.instagram.com/reel/DU_TlESjCav/,https://www.instagram.com/popular/dream-bedroom/
DYoZa32Si3T,linecraft_in,12600,12.6K,bathroom-design,"Your bathroom should feel like a luxury spa, not just a utility space ✨🚿 These 5 bathroom must-haves are trending in 2026 because they make the space",https://www.instagram.com/reel/DYoZa32Si3T/,https://www.instagram.com/popular/bathroom-design/
DVnUr39ktOd,designerbricks_official,12600,12.6K,dark-luxury-interior,Explore the Top 5 bedroom styles transforming modern homes. From minimalist elegance to lux,https://www.instagram.com/reel/DVnUr39ktOd/,https://www.instagram.com/popular/dark-luxury-interior/
DIRBeQ0RD8j,southerly_la,12600,12.6K,mediterranean-house;mediterranean-villa;modern-mediterranean-houses,Modern Mediterranean ✨ . . Via @westlake_homes,https://www.instagram.com/reel/DIRBeQ0RD8j/,https://www.instagram.com/popular/mediterranean-villa/
DLFA7A7IL98,dimensionsibiza,12500,12.5K,ibiza-villa,"Unique villa with breathtaking sea views- it's not a dream, it's called Ibiza. DM for information.",https://www.instagram.com/reel/DLFA7A7IL98/,https://www.instagram.com/popular/ibiza-villa/
DHTY3KuTVXo,ibiza.one,12400,12.4K,ibiza-luxury-villas-sea-view,🌐 https://www.ibiza-one.com/en/houses/authentischste-luxusvilla-im-mediterranen-st,https://www.instagram.com/reel/DHTY3KuTVXo/,https://www.instagram.com/popular/ibiza-luxury-villas-sea-view/
DRCog_ZDJO5,tourvertex,12400,12.4K,cook-islands-luxury-resorts,"Hidden in the heart of the South Pacific, the Cook Islands are a paradise of turquoise lagoons, lush peak",https://www.instagram.com/reel/DRCog_ZDJO5/,https://www.instagram.com/popular/cook-islands-luxury-resorts/
C5ttD-fv_Ve,audiohomeit,12300,12.3K,home-theater,"Sala de Home Cinema com tela de 100 polegadas, projeção Full Hd e 7 canais de áudio que envolve toda a sala deixando seus momentos",https://www.instagram.com/reel/C5ttD-fv_Ve/,https://www.instagram.com/popular/home-theater/
DL4XZpsNWW9,sakkaf_design,12300,12.3K,wabi-sabi-interior;wabi-sabi-japandi-interior-design,🍂 Wabi-Sabi: The Beauty of Imperfection in Interior Design 🪵 In a world of ✨polished pe,https://www.instagram.com/reel/DL4XZpsNWW9/,https://www.instagram.com/popular/wabi-sabi-interior/
DLU80qovJZC,khaled_sadeden_design,12300,12.3K,parametric-architecture,Waterfront- Skeletal Architecture By @khaled_sadeden_design @advanced.design.lab #arch,https://www.instagram.com/reel/DLU80qovJZC/,https://www.instagram.com/popular/parametric-architecture/
Dc8aU_uCZGr,zoba.es,12300,12.3K,room-makeover,Room makeover on a very tight budget! My room needed a little makeover especially cause I moved back home after uni and s,https://www.instagram.com/reel/Dc8aU_uCZGr/,https://www.instagram.com/popular/room-makeover/
DbaGtX9lkQJ,luxicavibe,12300,12.3K,luxury-real-estate,"🌟 Welcome to our Luxury House channel! Explore the world's most beautiful luxury houses, dream mansions, paradise villas, modern architecture, luxury",https://www.instagram.com/reel/DbaGtX9lkQJ/,https://www.instagram.com/popular/luxury-real-estate/
DMh59rioj8w,mauquani__interiors,12200,12.2K,luxury-living-room;luxury-living-room-design,We Designed this living room with a touch of class and timeless design.,https://www.instagram.com/reel/DMh59rioj8w/,https://www.instagram.com/popular/luxury-living-room/
DT7yRW-DEq1,orealproperties,12200,12.2K,luxury-house-tour,📞 0331-6214268 🔥 Islamabad's #1 Designer 1 Kanal Luxury House! 😳 🏡 1 Kanal Top Designer House for Sa,https://www.instagram.com/reel/DT7yRW-DEq1/,https://www.instagram.com/popular/luxury-house-tour/
DYcHirQsnXL,msinterior0078,12100,12.1K,green-minimalist-interior-design,"Elegance in every corner ✨ Olive green tones, soft white curtains, and a luxury cozy setup creating the perfect modern vibe. 🤍🌿 Designed with comfort,",https://www.instagram.com/reel/DYcHirQsnXL/,https://www.instagram.com/popular/green-minimalist-interior-design/
DQa2dxXkfhx,caineandcompany,11900,11.9K,mediterranean-villa,"Timeless Mediterranean design reimagined for modern Scottsdale living. 🌞🏛️ From arched doorways and warm stucco to elegant stone details, this style c",https://www.instagram.com/reel/DQa2dxXkfhx/,https://www.instagram.com/popular/mediterranean-villa/
DScGQpkinEk,akneuro_ai,11900,11.9K,cliff-house,From empty land to a living home in seconds ⏳ AI timelapse construction in the mountains,https://www.instagram.com/reel/DScGQpkinEk/,https://www.instagram.com/popular/cliff-house/
DQE0knck4Jj,airoomdesign,11900,11.9K,ai-home-design,I designed this entire room for $0 and I'm going to tell you exactly how 👀💰,https://www.instagram.com/reel/DQE0knck4Jj/,https://www.instagram.com/popular/ai-home-design/
DE15Q7rs33O,dreamlivingc,11800,11.8K,mediterranean-villa,Spanish homes>>>#fyp #oldmoneyaesthetic #mediterraneanhouse #spanishtiktok #aestheticvideos,https://www.instagram.com/reel/DE15Q7rs33O/,https://www.instagram.com/popular/mediterranean-villa/
DU5q0onCFpl,timberwit,11800,11.8K,luxury-real-estate,"$24,000,000 in Fort Lauderdale, Florida🌿😍 Thanks for the invite @sarahfloridaluxury Follow @mansionisti for more —————— #luxuryrealestate #mansion #re",https://www.instagram.com/reel/DU5q0onCFpl/,https://www.instagram.com/popular/luxury-real-estate/
DH3KaeTRna0,itsnovajeff,11700,11.7K,home-theater,Home theater goals at a house for sale in Northern Va. If you are looking for a house like this send me a DM or contact me today 📱,https://www.instagram.com/reel/DH3KaeTRna0/,https://www.instagram.com/popular/home-theater/
DYCZOsTMYIB,designing_factory_,11600,11.6K,ai-interior-designer,From raw concrete to a fully alive luxury living space ⚡✨ Cinematic interior transformation concept. #InteriorDesign #LivingRoomDesign #LuxuryInterior,https://www.instagram.com/reel/DYCZOsTMYIB/,https://www.instagram.com/popular/ai-interior-designer/
DL7wkTrxUSS,housefullofsummer,11600,11.6K,coastal-bedroom-design-ideas,I'd been wanting to add some more coastal vibes to our bedroom and finally found the perfect,https://www.instagram.com/reel/DL7wkTrxUSS/,https://www.instagram.com/popular/coastal-bedroom-design-ideas/
DVWXX4YiMzw,pebdesign_,11500,11.5K,walk-in-closet,✨ This is what happens when your closet is designed for your lifestyle — not just for storage,https://www.instagram.com/reel/DVWXX4YiMzw/,https://www.instagram.com/popular/walk-in-closet/
CyCNLZaOWo7,darrenkriz,11400,11.4K,malibu-house,Malibu's Newest Modern Mansion on 50 Acres of Land!,https://www.instagram.com/reel/CyCNLZaOWo7/,https://www.instagram.com/popular/malibu-house/
DVN0fe7iMq1,tx_furniture_tz,11300,11.3K,furniture-design,"✨ Classic. Clean. Timeless Furniture. Tunatengeneza furniture za kisasa kwa oda zenye ubora, umaliziaji mzuri, na muone",https://www.instagram.com/reel/DVN0fe7iMq1/,https://www.instagram.com/popular/furniture-design/
DZSA7hgstZi,worldclassresidences,11200,11.2K,dubai-penthouse,"Perched above the Dubai Water Canal, this extraordinary penthouse at One Canal redefines luxury living. Priced at approximately $50 million, the res",https://www.instagram.com/reel/DZSA7hgstZi/,https://www.instagram.com/popular/dubai-penthouse/
DPdrY2littF,fancyhomeai,11200,11.2K,desert-modern-house-tours,"If Zaha Hadid Designed a Desert Mansion in 2030… Waves of concrete and shadows like sculpture. Zaha Hadid's vision meets the desert: bold, fluid, and",https://www.instagram.com/reel/DPdrY2littF/,https://www.instagram.com/popular/desert-modern-house-tours/
C1ERnnPCeDw,m.o.r.e.l.e.s.a,11100,11.1K,house-in-forest,ЙОГА В МОРЕЛЕСА Все дома комплекса дополнены ковриками для йоги: занимайтесь люб,https://www.instagram.com/reel/C1ERnnPCeDw/,https://www.instagram.com/popular/house-in-forest/
DNlwHO5srSa,i5studio,11000,11K,wabi-sabi-japandi-interior-design,"Ten projekt skradł Wasze serca. Japandi w swojej najczystszej formie - minimalizm, kt",https://www.instagram.com/reel/DNlwHO5srSa/,https://www.instagram.com/popular/wabi-sabi-japandi-interior-design/
DXZQVtiBH6E,balitecturerealty,10900,10.9K,tropical-villa,"Designed with modern tropical living in mind, the villa showcases a seamless open plan layout tha",https://www.instagram.com/reel/DXZQVtiBH6E/,https://www.instagram.com/popular/tropical-villa/
DZKl9zhobx-,maisondenova,10900,10.9K,luxury-home-theater-ideas,Would you have a cinema room in your dream home? Designed by Maison De Nova,https://www.instagram.com/reel/DZKl9zhobx-/,https://www.instagram.com/popular/luxury-home-theater-ideas/
C_DEXvBiuyh,montravo.travel,10700,10.7K,cook-islands-luxury-resorts,Are the Cook Islands on your bucket list yet? 👀 🎬 by @saltyluxe - #cookislands #cookisland,https://www.instagram.com/reel/C_DEXvBiuyh/,https://www.instagram.com/popular/cook-islands-luxury-resorts/
DWub2ZtjbVO,homesketchai,10600,10.6K,ai-home-design,"🏠 Decorating my first apartment using AI… and honestly, I'm never going back to the old way!",https://www.instagram.com/reel/DWub2ZtjbVO/,https://www.instagram.com/popular/ai-home-design/
DQCbfH-CF-k,roomvibes01,10600,10.6K,ai-interior,AI cozy bedroom + rain outside 🌧️☕#roomvibes01 #AICozyRoom #SnowfallVibes #WinterAesthetic #AIArt #CozyWinter #SnowyRoom #AI,https://www.instagram.com/reel/DQCbfH-CF-k/,https://www.instagram.com/popular/ai-interior/
DKtFQ5UTzyX,kar_modular_kitchen,10500,10.5K,rooftop-terrace,🌟 Luxury Rooftop Terrace by KAR Modular Kitchen Your private paradise in the sky. Our luxury rooftop terrace designs transform your top,https://www.instagram.com/reel/DKtFQ5UTzyX/,https://www.instagram.com/popular/rooftop-terrace/
DPPXA4CCa0R,geral.homestudio,10500,10.5K,industrial-chic-interior-design;industrial-interior,El estilo industrial en diseño interior se basa en crear espacios que recuerdan a fábricas,https://www.instagram.com/reel/DPPXA4CCa0R/,https://www.instagram.com/popular/industrial-interior/
DUJA4FvjbzA,unikoncept,10500,10.5K,indoor-pool,"🤷🏻‍♀️Curious: If you were building a home from scratch, what's your must-have feature? A home spa was mine. 🧖‍♀️",https://www.instagram.com/reel/DUJA4FvjbzA/,https://www.instagram.com/popular/indoor-pool/
DFdapLjxefw,luxuryfeature,10500,10.5K,mansion-tour,This California mega mansion is the epitome of luxury living! 🤯 What's your favorite feature?,https://www.instagram.com/reel/DFdapLjxefw/,https://www.instagram.com/popular/mansion-tour/
DX15zGujuju,visionbuildofficial,10500,10.5K,futuristic-architecture-designs-2026,Oceanfront Architecture Designed to Make a Statement. Video concept & copyright © Vision,https://www.instagram.com/reel/DX15zGujuju/,https://www.instagram.com/popular/futuristic-architecture-designs-2026/
DP3s5WbjkMN,realtordenisbibik,10400,10.4K,miami-mansion,Welcome Home Contact me for Real Estate in Miami @realtordenisbibik . . Denis S. Bibik,https://www.instagram.com/reel/DP3s5WbjkMN/,https://www.instagram.com/popular/miami-mansion/
DWvyan7CJmJ,naturalktedy,10400,10.4K,container-home-luxury-models-2026,Africa's largest residential container house posted on my youtube channel Naturalktedy 70k per night in Nanyuki 6 bedroom all ensuite house Call +254,https://www.instagram.com/reel/DWvyan7CJmJ/,https://www.instagram.com/popular/container-home-luxury-models-2026/
DW8r5SEjpYY,daddyslilmonsta_,10400,10.4K,inside-underground-bunker-house,400 families moving into an underground Bunker?? 😳👀 I'm sorry WHAT?! This look like something out a movie but it,https://www.instagram.com/reel/DW8r5SEjpYY/,https://www.instagram.com/popular/inside-underground-bunker-house/
DczF-jWKrdE,little_dreamy_mist,10300,10.3K,ai-cozy-cabin;cozy-cabin-in-the-snow,POV: Snowed in with the ones you love ❄️🤎 #cozy #snowstorm #wintervibes #cozyhome #hygge,https://www.instagram.com/reel/DczF-jWKrdE/,https://www.instagram.com/popular/ai-cozy-cabin/
DNslnPnVGwU,lienda_alhaj,10300,10.3K,wabi-sabi-japandi-interior-design,Japanese Interior Design سحر البساطة في الطراز الياباني 🌿🏯 تصميم يجمع بين,https://www.instagram.com/reel/DNslnPnVGwU/,https://www.instagram.com/popular/wabi-sabi-japandi-interior-design/
DFlz4bjRU5u,homesluz_,10200,10.2K,quiet-luxury-bathroom,✨ Elegance in Every Detail: Downstairs WC Tour ✨ Transform your daily routine with a touch of luxury! This elegant downstairs bathroom combines: 🌟 Mod,https://www.instagram.com/reel/DFlz4bjRU5u/,https://www.instagram.com/popular/quiet-luxury-bathroom/
DUwRNzIE-nh,briellynturton,10100,10.1K,interior-styling,"How I style my own Living Room as an Interior Designer. It's not about perfection, it's about experimentation and personal express",https://www.instagram.com/reel/DUwRNzIE-nh/,https://www.instagram.com/popular/interior-styling/
C7twl0jNhRY,beo.viz,10100,10.1K,japandi-serenity-bedroom-design-ideas,Japandi bedroom Design & visualization by @beo.viz #render_minimalism #reels #3dvisualization #in,https://www.instagram.com/reel/C7twl0jNhRY/,https://www.instagram.com/popular/japandi-serenity-bedroom-design-ideas/
DcgvvVtPQwk,dream_homeworld,10000,10K,ai-house,"🌸🏡 A dreamy pink-and-white cottage straight out of a fairytale! ✨ Step inside and discover a cozy interior filled with soft pink tones, floral details",https://www.instagram.com/reel/DcgvvVtPQwk/,https://www.instagram.com/popular/ai-house/
C7yhsBbsH2u,voyage.elo,10000,10K,como-lake-villas,"Villa Balbianello, Lac de Côme 🇮🇹💚 Des jardins magnifiques, un cadre enchanteur : bienvenue à la Villa",https://www.instagram.com/reel/C7yhsBbsH2u/,https://www.instagram.com/popular/como-lake-villas/
DcTtpUMAeRA,ravnix23,9971,"9,971",living-room-decor,"Warm lighting, soft textures, neutral tones, and elegant furniture come together to create a space that feels peaceful",https://www.instagram.com/reel/DcTtpUMAeRA/,https://www.instagram.com/popular/living-room-decor/
Dc57ynnteOY,hr_cinematics_,9917,"9,917",dream-house,Dream 💭 . . . . #dream #hr_cinematics_ #exploremore #home #trendingreels,https://www.instagram.com/reel/Dc57ynnteOY/,https://www.instagram.com/popular/dream-house/
DaOOiRIoJAj,bartarinmoblejahan,9822,"9,822",furniture-design,الهام از برترین طراحی‌های مبلمان جهان در دنیای امروز، طراحی مبلمان تنها به زیبایی محدود نمی‌شود؛,https://www.instagram.com/reel/DaOOiRIoJAj/,https://www.instagram.com/popular/furniture-design/
DWDxMHnjvxo,cabinstillwoods,9705,"9,705",forest-house,Green holds you.🍃🌿🌳💚 ────────── ➡️original content by @@cabin.wood.s #cabin,https://www.instagram.com/reel/DWDxMHnjvxo/,https://www.instagram.com/popular/forest-house/
DbvWM6OxFfS,lila.s.home,9668,"9,668",home-decor,"All homebodies, where are you? #homedecor #homedecoration #cozyhome #decor",https://www.instagram.com/reel/DbvWM6OxFfS/,https://www.instagram.com/popular/home-decor/
DPvidSqDrUT,harmosai,9648,"9,648",modern-architecture,The Monolith of Grace: Redefining Form in Luxury Architecture We're sharing a conceptual visi,https://www.instagram.com/reel/DPvidSqDrUT/,https://www.instagram.com/popular/modern-architecture/
DLUvdNuRG5n,nrsh_designstudio,9640,"9,640",scandinavian-interior-design;scandinavian-interior-design-styles,"When calm meets clarity — that's Scandinavian design. Natural textures, soft lighting, pale",https://www.instagram.com/reel/DLUvdNuRG5n/,https://www.instagram.com/popular/scandinavian-interior-design/
DGFia9aR2lV,interiors.by.nandini,9528,"9,528",hotel-room-interior-design-ideas;hotel-suite-design-ideas,Hotel room interiors #resort #interiors #luxurylifestyle #hotelinterior #luxurytravel #homedesign #furniture #designinspiration #hotelmanagement #hote,https://www.instagram.com/reel/DGFia9aR2lV/,https://www.instagram.com/popular/hotel-suite-design-ideas/
DTQd2BGCO7a,mipropertiespk,9527,"9,527",luxury-bedroom;luxury-bedroom-design,Bedrooms luxury designs #house #property #realestate #interiordesign #modernhomes #luxury #exp,https://www.instagram.com/reel/DTQd2BGCO7a/,https://www.instagram.com/popular/luxury-bedroom/
DcJcj6-p38P,kary._.olson,9471,"9,471",house-tour,,https://www.instagram.com/reel/DcJcj6-p38P/,https://www.instagram.com/popular/house-tour/
DcVdJrDOnzB,modern__furnitures,9460,"9,460",modern-kitchen,"✨ Modern luxury, designed for everyday living. A beautiful blend of clean white cabinetry, warm wood accents",https://www.instagram.com/reel/DcVdJrDOnzB/,https://www.instagram.com/popular/modern-kitchen/
DUw8dHFEm78,riyansyax,9444,"9,444",ai-generated-house,"Dari tanah kosong, jadi rumah modern minimalis dalam hitungan detik. Konsepnya clean.",https://www.instagram.com/reel/DUw8dHFEm78/,https://www.instagram.com/popular/ai-generated-house/
DcBybXBz9rj,scifi.futureverse,9428,"9,428",futuristic-architecture-designs-2026,Where every corner feels intentionally beautiful. #ai #scifi #architecture #futuretech,https://www.instagram.com/reel/DcBybXBz9rj/,https://www.instagram.com/popular/futuristic-architecture-designs-2026/
DcwKZvfRXtd,khalesi_design,9390,"9,390",malibu-house,"Perched above the Pacific in Malibu, the residence transforms resilience into timeles",https://www.instagram.com/reel/DcwKZvfRXtd/,https://www.instagram.com/popular/malibu-house/
C0bywHXp92B,sagarikashethdesigns,9389,"9,389",scandinavian-interior-design,6 Easy Steps to Create Scandinavian Style: 👇🏻 - Declutter your home - Keep as much light as,https://www.instagram.com/reel/C0bywHXp92B/,https://www.instagram.com/popular/scandinavian-interior-design/
DZrMeNRvJGu,comfywhiff,9315,"9,315",modern-living-room,Clean lines. Soft lighting. Endless marble. 🤍✨ This living room proves that luxury doesn't have,https://www.instagram.com/reel/DZrMeNRvJGu/,https://www.instagram.com/popular/modern-living-room/
DVbQhlZAPTi,skyviewexperts,9278,"9,278",virtual-staging,Don't let your beautiful new build look empty on video. Would you use AI staging? #luxuryhomes #michiganhomes #interiordesign #exteriordesign #virtual,https://www.instagram.com/reel/DVbQhlZAPTi/,https://www.instagram.com/popular/virtual-staging/
DXxBIMuowzz,creed.experiences,9205,"9,205",ibiza-luxury-villas-sea-view,"Enjoy the most exclusive villas in Ibiza, with views that will take your breath away",https://www.instagram.com/reel/DXxBIMuowzz/,https://www.instagram.com/popular/ibiza-luxury-villas-sea-view/
DdER-IuhzX0,architect_shankar,9182,"9,182",hotel-design,BOUTIQUE HOTEL 🏠 By Shankar Architects #hotel #boutiquehotel #shankar_architects #architectshankar #hoteldesign,https://www.instagram.com/reel/DdER-IuhzX0/,https://www.instagram.com/popular/hotel-design/
DI4WIbXpVf1,cfnmgmt,9132,"9,132",biophilic-design,Biophillic Design: design trend that focuses on the human connection between nature and the built environment 🌿🦚🐸 #tamparealestate #realestatedesign #designtips #floridarealestate #tampadevelopment,https://www.instagram.com/reel/DI4WIbXpVf1/,https://www.instagram.com/popular/biophilic-design/
DCMxqGzyTnQ,studiogreyinteriordesign,9124,"9,124",luxury-homes-on-the-amalfi-coast,Inspired by the striped beach umbrellas on the Amalfi Coast ; this awning was custom fabricated in,https://www.instagram.com/reel/DCMxqGzyTnQ/,https://www.instagram.com/popular/luxury-homes-on-the-amalfi-coast/
DbREEB_JMj4,havenintherain,9045,"9,045",waterfall-house,🌊🏔️🌧️ HAVEN IN THE RAIN™ — THE MOUNTAIN LODGE ✨ PART 15 — The Underground,https://www.instagram.com/reel/DbREEB_JMj4/,https://www.instagram.com/popular/waterfall-house/
Db3O6ylgtbs,thebillionaireblueprint3,8986,"8,986",desert-house,You Can't See The House From The Entrance 🏡 House Name: The Secret Wall House 😮 Style: Contemporary Desert M,https://www.instagram.com/reel/Db3O6ylgtbs/,https://www.instagram.com/popular/desert-house/
DIwHwmlyf7P,andronis_hotels,8925,"8,925",boutique-hotel,Caldera views. Boutique bliss. Only at Andronis Boutique Hotel. #AndronisBoutiqueHotel #OiaDreaming #LuxuryInSantorini,https://www.instagram.com/reel/DIwHwmlyf7P/,https://www.instagram.com/popular/boutique-hotel/
DW5FTtRiSwU,ellis_cottage,8914,"8,914",outdoor-living,Outdoor living reveal!! We've been dreaming about this space for so long and it's finally here 🙌🏼✨,https://www.instagram.com/reel/DW5FTtRiSwU/,https://www.instagram.com/popular/outdoor-living/
DL9cZpFtK7S,prestigepropertiesibiza,8794,"8,794",ibiza-luxury-villas-sea-view,A view worth waking up for 🤩 This elegant five bedroom villa in Es Cubells combines,https://www.instagram.com/reel/DL9cZpFtK7S/,https://www.instagram.com/popular/ibiza-luxury-villas-sea-view/
DKzIZPXJyu5,rendair.ai,8753,"8,753",ai-virtual-staging,Virtual Staging with Rendair AI (comment 'website' to get the website link on your DMs) Interior designers and real,https://www.instagram.com/reel/DKzIZPXJyu5/,https://www.instagram.com/popular/ai-virtual-staging/
DMmGxeRoZE4,decorate.world,8712,"8,712",japandi-serenity-bedroom-design-ideas,"🌿Japandi interiors = calm, clean, and effortlessly elegant. Thinking of recreating this look with",https://www.instagram.com/reel/DMmGxeRoZE4/,https://www.instagram.com/popular/japandi-serenity-bedroom-design-ideas/
DUlRUBrglXs,uniformdisplay,8687,"8,687",industrial-interior,Living in a converted warehouse may just be the dream! 🛋️,https://www.instagram.com/reel/DUlRUBrglXs/,https://www.instagram.com/popular/industrial-interior/
CRHFNEZBymW,djbehrouz,8628,"8,628",desert-house,"Wishing a very happy birthday to my Queen, my partner in crime, and in life @mandesha. So blessed to celebr",https://www.instagram.com/reel/CRHFNEZBymW/,https://www.instagram.com/popular/desert-house/
DbFYoHZTbhW,tatv_adesignstudio,8614,"8,614",futuristic-architecture-designs-2026,Sketch → Code → Simulate → Fabricate → Build. The future of architecture is computatio,https://www.instagram.com/reel/DbFYoHZTbhW/,https://www.instagram.com/popular/futuristic-architecture-designs-2026/
DHeXGwby2AM,circleconcierge,8611,"8,611",houses-on-malibu-beach,For rent in Miami Beach: Villa Blanca 7 Bedrooms 7.5 Bathrooms. Luxury Villa Rental in Miami – Hibiscus Island,https://www.instagram.com/reel/DHeXGwby2AM/,https://www.instagram.com/popular/houses-on-malibu-beach/
DZlZDA1Ricv,varia.studiodesign,8596,"8,596",minimalist-art-deco-interior-design,"✨ 6 Interior Design Styles You Need to Know Before Your Next Renovation ✨ Not every beautiful home is Modern, Mini",https://www.instagram.com/reel/DZlZDA1Ricv/,https://www.instagram.com/popular/minimalist-art-deco-interior-design/
DBejkl1uMZz,poolique,8557,"8,557",infinity-pools;rooftop-pool,Perfect infinity pool spot to enjoy the sunset 😍🔝🆒 Credit 👉🏻 @creatorsluxury,https://www.instagram.com/reel/DBejkl1uMZz/,https://www.instagram.com/popular/rooftop-pool/
DPjaKBxDFq3,mr_maxpanin,8460,"8,460",green-minimalist-interior-design,Living room interior design. Dark green is my bestie 😁💚 #архитектор #architect #архитекторкрым #крым #симферополь #дизайнеркрым #ялта,https://www.instagram.com/reel/DPjaKBxDFq3/,https://www.instagram.com/popular/green-minimalist-interior-design/
DVI0JGjju33,forsalebyrich,8432,"8,432",miami-mansion,"$8,000,000 in Miami 🌴🔥 This is what real luxury looks like. Modern architecture. P",https://www.instagram.com/reel/DVI0JGjju33/,https://www.instagram.com/popular/miami-mansion/
DW_hK0VEiM_,aadh.___,8429,"8,429",tropical-house-architecture-styles,Designing calm within nature 🌿 Modern tropical Kerala home 🏠 Architecture | Visualization | Kerala 📍Crafting homes that breathe #tropicalarchitecture,https://www.instagram.com/reel/DW_hK0VEiM_/,https://www.instagram.com/popular/tropical-house-architecture-styles/
DcjH8GOScji,dreamnesthomes01,8400,"8,400",jamesedition-luxury-homes,"🏰 Step Inside This Jaw-Dropping Luxury Mansion! Grand Gate, Stunning Boundary & Breathtaking 360° Views!",https://www.instagram.com/reel/DcjH8GOScji/,https://www.instagram.com/popular/jamesedition-luxury-homes/
DJmFzXrxmpi,lisatbergren,8393,"8,393",dark-academia-home-library,I'm going to start redoing my office to be the perfect reading & writing space! I think I'm liking the dark academia look— what do you guys think? 👀,https://www.instagram.com/reel/DJmFzXrxmpi/,https://www.instagram.com/popular/dark-academia-home-library/
DMxxApeNELo,jameseditioncom,8383,"8,383",jamesedition-luxury-homes,The JamesEdition App Has Landed. Discover the world's finest luxury properties at your fingertips.,https://www.instagram.com/reel/DMxxApeNELo/,https://www.instagram.com/popular/jamesedition-luxury-homes/
Cocb4_oj7xA,treesspeak,8381,"8,381",surreal-architecture,"""Machine Vision,"" The visuals depict the evolution of surreal architecture into a",https://www.instagram.com/reel/Cocb4_oj7xA/,https://www.instagram.com/popular/surreal-architecture/
CzqM_xgIPNg,tripland_travel_tours,8338,"8,338",hunza-valley-luxury-resorts,Luxus Hunza ❤️,https://www.instagram.com/reel/CzqM_xgIPNg/,https://www.instagram.com/popular/hunza-valley-luxury-resorts/
DRPrg7ekdCb,freddybloy,8204,"8,204",a-frame-cabin,@maineaframe is a bucket list stay . . . #mainecabin #mainecabinmasters #sundayriver #skiing #skilodge #skichalet #aframe #cabin #airbnb #maine #autum,https://www.instagram.com/reel/DRPrg7ekdCb/,https://www.instagram.com/popular/a-frame-cabin/
DIvtC5aP4VO,civilengineernogesh,8097,"8,097",rooftop-terrace,Rooftop Terrace Rooftop Garden #building #elevation #viral #luxuryhome #india #construction #home #home #realstate #realstate,https://www.instagram.com/reel/DIvtC5aP4VO/,https://www.instagram.com/popular/rooftop-terrace/
Dcqw5U8hUqg,dream_experiences_ai,8094,"8,094",best-rooftop-pools,NA,https://www.instagram.com/reel/Dcqw5U8hUqg/,https://www.instagram.com/popular/best-rooftop-pools/
DWkhxVrD6V9,poolicons,8076,"8,076",luxury-pool,Night time beauty 🔥 #pool #pools #home #nighthome #luxuryhomes,https://www.instagram.com/reel/DWkhxVrD6V9/,https://www.instagram.com/popular/luxury-pool/
DbpHXwVhoro,aadityainteriors,8005,"8,005",hotel-design,"✨ Where luxury meets timeless design. ✨ Welcome to Hotel Long D, Surat — a space crafted to deliver elegance, comf",https://www.instagram.com/reel/DbpHXwVhoro/,https://www.instagram.com/popular/hotel-design/
C7CFjIdIWI9,stamped_traveler,7987,"7,987",cook-islands-luxury-resorts,📍Cook Islands 🇨🇰Escape to paradise at Pacific Resort Rarotonga on Muri Beach! Indulge in luxury accommo,https://www.instagram.com/reel/C7CFjIdIWI9/,https://www.instagram.com/popular/cook-islands-luxury-resorts/
DYj4ezWim0X,kataevn,7981,"7,981",luxury-hotel-room,NA,https://www.instagram.com/reel/DYj4ezWim0X/,https://www.instagram.com/popular/luxury-hotel-room/
DZNaw3pIXDk,lifestyleproperties_interiors,7975,"7,975",modern-living-room,"Designed for comfort. Styled for living. ✨ This living room space brings together elegance, funct",https://www.instagram.com/reel/DZNaw3pIXDk/,https://www.instagram.com/popular/modern-living-room/
DbMwN-OiF8C,johnclaire.craft,7974,"7,974",biophilic-bedroom-design,"Turned My Bedroom Into a Rainforest — Slept Like Never Before"" #BedroomJungle",https://www.instagram.com/reel/DbMwN-OiF8C/,https://www.instagram.com/popular/biophilic-bedroom-design/
DC9jCIkN74C,diotti.com_interiors,7963,"7,963",industrial-interior,How to furnish home in industrial style? 5 practical tips for a home / loft inspired,https://www.instagram.com/reel/DC9jCIkN74C/,https://www.instagram.com/popular/industrial-interior/
DbvXTyizeSv,apt_1901,7952,"7,952",mid-century-modern-living-room-ideas,"Save for later! And let us know if we missed anything 🤍 All products linked in bio / comment ""Apt"" to receive in DMs! Liked the vibe? Follow along 👫",https://www.instagram.com/reel/DbvXTyizeSv/,https://www.instagram.com/popular/mid-century-modern-living-room-ideas/
DcJACnaq3l5,1.59818,7649,"7,649",futuristic-interior,穿越時空的太空艙！一秒看懂「復古未來主義」🪐✨ 以前的人想像的未來，原來這麼浪漫！ 打破懷舊與科技的界線，復古未來主義,https://www.instagram.com/reel/DcJACnaq3l5/,https://www.instagram.com/popular/futuristic-interior/
Dctq-5iyfR_,mri_dreams,7648,"7,648",dream-house,A Dream Life Starts With a Dream 🏡🔥 #DreamHouse #LuxuryMansion #LuxuryHouse #DreamHome #LuxuryLife,https://www.instagram.com/reel/Dctq-5iyfR_/,https://www.instagram.com/popular/dream-house/
DdEqqBaOw8P,lesliencrealtor,7528,"7,528",lake-house,🌊 239 feet of open-water frontage. 🔐 A private gated enclave of only five residences. 🏡 One incredible setting on High Rock Lake. Welcome to 216 Lake,https://www.instagram.com/reel/DdEqqBaOw8P/,https://www.instagram.com/popular/lake-house/
DGraPzGziUN,ernisupriandini,7506,"7,506",luxury-hotel-room,"Kamar hotel tipe deluxe, connecting room @ascentpremiere.pasuruan Pasuruan. Semoga bermanfaat 🙏🏻 #ascentpremierepasuruan #kamarhotel #tipedeluxe #hote",https://www.instagram.com/reel/DGraPzGziUN/,https://www.instagram.com/popular/luxury-hotel-room/
DWzd3EqDTNN,qosqocabin,7415,"7,415",capsule-castle-luxury-space-capsule-houses,Exposición abierta en Madrid 🏠 Modelos disponibles en la página web 👨‍💻 Envíos a todo el mundo 🌎 Contacto por direct o al +34 661320765 📲 #qosqocabin,https://www.instagram.com/reel/DWzd3EqDTNN/,https://www.instagram.com/popular/capsule-castle-luxury-space-capsule-houses/
DPgh752AYjS,relax_musicbox,7353,"7,353",rain-sounds,"Rain and Thunder Sounds for Sleeping& Relaxing - Sleep, Relaxation, Reading, Focus, Relax, Healing. #rainsounds #heavyrainsounds #heavyrain #rain #rel",https://www.instagram.com/reel/DPgh752AYjS/,https://www.instagram.com/popular/rain-sounds/
DOAVWu4D1UK,step_designfirm,7236,"7,236",hotel-suite-design-ideas,Every great hotel begins with a mock-up room — the first step in perfecting guest experience. 🏨✨ Here's a sneak peek into our Gorakhpur hotel room — b,https://www.instagram.com/reel/DOAVWu4D1UK/,https://www.instagram.com/popular/hotel-suite-design-ideas/
DXTvpFaAXaV,rihlahunza,7211,"7,211",hunza-valley-luxury-resorts,The Rihla Hunza - where every morning begins above the clouds.,https://www.instagram.com/reel/DXTvpFaAXaV/,https://www.instagram.com/popular/hunza-valley-luxury-resorts/
DFKXk9YTi0n,interioralchemyhq,7208,"7,208",luxury-living-room,"Step into a serene and sophisticated living space that's all about curves, comfort, and timeless elegance!",https://www.instagram.com/reel/DFKXk9YTi0n/,https://www.instagram.com/popular/luxury-living-room/
DK3lbcWpIpL,dzign.tales,7182,"7,182",japandi-serenity-bedroom-design-ideas,Welcome to the world of Japandi aesthetics – where the minimalism of Japan meets the warmth,https://www.instagram.com/reel/DK3lbcWpIpL/,https://www.instagram.com/popular/japandi-serenity-bedroom-design-ideas/
DWajurrEhgo,otmcontainers,7123,"7,123",container-home-luxury-models-2026;container-house,2 bedroom container home 🏠 REAL AFFORDABLE HOUSING message me if interested mahalo,https://www.instagram.com/reel/DWajurrEhgo/,https://www.instagram.com/popular/container-house/
DW5E79ZDOt3,durandesigngroup,7069,"7,069",modern-mediterranean-houses,"For clients who want a home that feels warm, timeless, and deeply personal, great design is where everything begins. This residence was envisioned to",https://www.instagram.com/reel/DW5E79ZDOt3/,https://www.instagram.com/popular/modern-mediterranean-houses/
DJ9sjbFhgvQ,shyamsavani.dxb,7063,"7,063",dubai-luxury-penthouse;dubai-penthouse,I can't wait to show you all the best Penthouse in Downtown Dubai…,https://www.instagram.com/reel/DJ9sjbFhgvQ/,https://www.instagram.com/popular/dubai-penthouse/
DUj2DczDSqS,home_design_ideas_7,7004,"7,004",mediterranean-house;mediterranean-villa,"Warm Spanish/Mediterranean courtyard villa vibes: white stucco, terracotta roof, arches, clay pots, olive trees, and that peaceful #MediterraneanHome",https://www.instagram.com/reel/DUj2DczDSqS/,https://www.instagram.com/popular/mediterranean-villa/
DaoupKbxREz,briarandlinen,6978,"6,978",quiet-luxury-bathroom,"Luxury isn't about having more—it's about making the everyday feel beautiful. Fresh flowers, soft towels, elegant trays, favorite fragrances, warm can",https://www.instagram.com/reel/DaoupKbxREz/,https://www.instagram.com/popular/quiet-luxury-bathroom/
DXMNmqMj492,interioralchemyhq,6948,"6,948",green-minimalist-interior-design,"Deep, rich, and grounding — green isn't just a colour, it's a feeling. It brings a sense of calm, balance, and quiet luxury into your space.",https://www.instagram.com/reel/DXMNmqMj492/,https://www.instagram.com/popular/green-minimalist-interior-design/
CwZgz3StlJu,jameshardieau,6931,"6,931",home-office-design,"Who is excited for the home office reveals on #TheBlock tomorrow? If you're as inspired as we are by the creation of these spaces, you'll want to hear",https://www.instagram.com/reel/CwZgz3StlJu/,https://www.instagram.com/popular/home-office-design/
DGsrtOON0GT,lazaroluxury_homesdecor,6868,"6,868",dream-house-design,DREAMS HOUSE 🏠🏠🏠 CALL #0656074444 #0682551274,https://www.instagram.com/reel/DGsrtOON0GT/,https://www.instagram.com/popular/dream-house-design/
DSVj51WDj7w,alghaniinteriorsfurnishers1341,6848,"6,848",luxury-living-room-design,"Design That Speaks Luxury A fully-interiored drawing room crafted to elevate everyday living. Clean lines, plush seating, statement lighting, and refi",https://www.instagram.com/reel/DSVj51WDj7w/,https://www.instagram.com/popular/luxury-living-room-design/
DcAyhvthqqa,ivoryandsage.interiors,6811,"6,811",modern-classic-interior-design,"If deep, moody, rich & effortlessly luxurious is your vibe, this one's for you! #luxur",https://www.instagram.com/reel/DcAyhvthqqa/,https://www.instagram.com/popular/modern-classic-interior-design/
DPuw4h_CDOB,its_mohammad_sarfraz,6782,"6,782",saudi-arabia-architecture,🤍#riyad #saudi,https://www.instagram.com/reel/DPuw4h_CDOB/,https://www.instagram.com/popular/saudi-arabia-architecture/
DVRJOzKiLE2,kozyblum,6777,"6,777",mid-century-modern-living-room-ideas,tag this friend who spend all her money in home decor 😭 — girl apartment - couple apartment - boy and girl apartment - cozy apartment - home decor ins,https://www.instagram.com/reel/DVRJOzKiLE2/,https://www.instagram.com/popular/mid-century-modern-living-room-ideas/
Dcwhpy7SShB,tomer.fridman,6750,"6,750",malibu-house,"Welcome to Vela- along the iconic Malibu coastline, this extraordinary European e",https://www.instagram.com/reel/Dcwhpy7SShB/,https://www.instagram.com/popular/malibu-house/
DbXRfO2MGaj,stroilexx,6728,"6,728",quiet-luxury-bathroom,"Quiet Luxury bathroom for a Miami home. A balanced layout with a freestanding tub, spacious shower, double vanity, and premium natural materials creat",https://www.instagram.com/reel/DbXRfO2MGaj/,https://www.instagram.com/popular/quiet-luxury-bathroom/
DP_QrvvkzfJ,onmyway_destinations,6654,"6,654",bora-bora-luxury-hotels,Bora Bora #traveller #travelgram #travel #traveltheworld #destination #exploretheworld #explore #travelinspiration #trendingreels #febinstacode,https://www.instagram.com/reel/DP_QrvvkzfJ/,https://www.instagram.com/popular/bora-bora-luxury-hotels/
DXXC2LnjMPs,aermaakova,6630,"6,630",ai-interior-designer,"Дизайнер ищет вдохновение 2 недели. Я генерирую 30 вариантов, пока вы пьёте кофе🤩 Голые стены — это чистая боль. А готовый интерьер — это чистая нейро",https://www.instagram.com/reel/DXXC2LnjMPs/,https://www.instagram.com/popular/ai-interior-designer/
DJ9fqVLt0si,mjengoni.artz,6539,"6,539",a-frame-modern-cabins,A frame cabin🩶 Design and construction ✅ Congrat us @mjengoni.artz +255762017599,https://www.instagram.com/reel/DJ9fqVLt0si/,https://www.instagram.com/popular/a-frame-modern-cabins/
DRgkVpUkhRK,hanaenispace.interiors,6531,"6,531",hotel-room-interior-design-ideas,Not a Hotel room but definitely a luxury bedroom in affordable price done by hanaeni space!,https://www.instagram.com/reel/DRgkVpUkhRK/,https://www.instagram.com/popular/hotel-room-interior-design-ideas/
DcZA0xBoa78,noushinashouri,6493,"6,493",neoclassical-interior,طراحی پروژه #شیخ_بهایی به سبک نئوکلاسیک ✨ . . . ‎•••••••⚜️نوشین عاشوری⚜️•••••••• . .,https://www.instagram.com/reel/DcZA0xBoa78/,https://www.instagram.com/popular/neoclassical-interior/
C-EtazSIPij,premium.listings,6490,"6,490",beverly-hills-mansion,Immerse yourself in the pinnacle of luxury in the heart of Hollywood Hills,https://www.instagram.com/reel/C-EtazSIPij/,https://www.instagram.com/popular/beverly-hills-mansion/
DDR_FapKpOv,stylemeinteriorsdubai,6409,"6,409",scandinavian-interior-design;scandinavian-interior-design-styles,"Embrace the clean lines, neutral tones, and natural elements of Scandinavian design for a home",https://www.instagram.com/reel/DDR_FapKpOv/,https://www.instagram.com/popular/scandinavian-interior-design/
DcJrOuIsVUM,kitchenbear9,6398,"6,398",modern-kitchen,في Kitchen Bear نؤمن إن كل مطبخ له شخصية مختلفة 🤎 عشان كذا نوفر لك تنوع في التصاميم، الألوان والخ,https://www.instagram.com/reel/DcJrOuIsVUM/,https://www.instagram.com/popular/modern-kitchen/
DLJlRnaRZ4G,ksimbuilds,6386,"6,386",santorini-villa,Santorini Villa ✈️🌊 full video on my bio 🎥 #thesims4 #sims4builds #sims4creations #sims4house #sims4architecture,https://www.instagram.com/reel/DLJlRnaRZ4G/,https://www.instagram.com/popular/santorini-villa/
DdIwbTmN5ov,jumbonwuka_official,6284,"6,284",jamesedition-luxury-homes,A Popular Billionaire's Home Where Luxury Becomes Art… 🏛️✨💎💖 From the breathtaking exterior to an unforgettable private gallery,https://www.instagram.com/reel/DdIwbTmN5ov/,https://www.instagram.com/popular/jamesedition-luxury-homes/
DdC1BP2POYY,slow_cozy_living,6252,"6,252",dream-kitchens,Where mornings feel timeless. 🤎 #slowliving #cozyliving #dreamkitchens #cozyhome #softlife,https://www.instagram.com/reel/DdC1BP2POYY/,https://www.instagram.com/popular/dream-kitchens/
DVoK3U9COkr,bonardiai,6226,"6,226",future-home,From Empty Lot to Dream Home Watch how an empty lot transforms into a modern dream home — from foundation to,https://www.instagram.com/reel/DVoK3U9COkr/,https://www.instagram.com/popular/future-home/
DVI3nMmEwWZ,richmeetings.ai,6225,"6,225",ai-render,"Follow & Comment 'PROMPT' to get it in your DM AI generated, 3d render, floor plan to 3D, 3d effect",https://www.instagram.com/reel/DVI3nMmEwWZ/,https://www.instagram.com/popular/ai-render/
DYZxEdVtZSl,door25stays,6180,"6,180",lake-house,"I fear nothing will top this.. The kind of lake weekend that makes you forget about the city for a while. Slow mornings, calm water, sunsets on the de",https://www.instagram.com/reel/DYZxEdVtZSl/,https://www.instagram.com/popular/lake-house/
DV3g2DiAVWd,fineformarchitects,6179,"6,179",dark-luxury-interior,Upgrade your space with these 5 modern & trendy bedroom design ideas for 2026. 🛏️✨,https://www.instagram.com/reel/DV3g2DiAVWd/,https://www.instagram.com/popular/dark-luxury-interior/
DMPUDW5tBhq,siamoore,6166,"6,166",luxury-suite,"This luxurious hotel lounge redefines sophistication with its striking black-and-white marble floors, statement greenery, and refined comfort. From th",https://www.instagram.com/reel/DMPUDW5tBhq/,https://www.instagram.com/popular/luxury-suite/
DQMoVvWEStP,dv.media__,6045,"6,045",ai-virtual-staging;virtual-staging,We've all seen virtual staging for photos…but what about for videos? The AI revolution is just beginning and many creators are scared that their jobs,https://www.instagram.com/reel/DQMoVvWEStP/,https://www.instagram.com/popular/virtual-staging/
DUWEYVqDClS,alitex_,6014,"6,014",glass-house-photos,"For @nellyatalitex, Creative Director of Alitex, her Mottisfont glasshouse is more than a garden structure – it's",https://www.instagram.com/reel/DUWEYVqDClS/,https://www.instagram.com/popular/glass-house-photos/
CxTtFzbydBK,mattfarmerai,6002,"6,002",ai-virtual-staging,Home Design AI - Free Interior Design with Artificial Intelligence - Upload an image and redesign your rooms #homedesignai,https://www.instagram.com/reel/CxTtFzbydBK/,https://www.instagram.com/popular/ai-virtual-staging/
DVgs8GpjSNP,purehotelbyhollywood,5994,"5,994",luxury-suite,"Sakitlik. Stil. Pure. 🕊️ Şəhərin səs-küyünü qapı arxasında qoyun. - Тишина. Стиль. Pure. 🕊️ Оставьте суету за порогом. 📍10 Ahmad Rajabli, Baku",https://www.instagram.com/reel/DVgs8GpjSNP/,https://www.instagram.com/popular/luxury-suite/
DQJ9qTLgpFn,arunseraj,5981,"5,981",santorini-villa,Surat's Santorini 💙A perfect Weekend Villa This 3BHK villa has provided the ultimate peaceful and clean escape for,https://www.instagram.com/reel/DQJ9qTLgpFn/,https://www.instagram.com/popular/santorini-villa/
DdJQu6yNlzW,luxhilspace,5932,"5,932",wabi-sabi-japandi-interior-design,"Raw edges, soft light, and room to breathe. 🌱 #wabisabi #luxuryinteriors",https://www.instagram.com/reel/DdJQu6yNlzW/,https://www.instagram.com/popular/wabi-sabi-japandi-interior-design/
DcgtNBuAUen,dezynstructures,5930,"5,930",hotel-design,"A 30-room hotel coming to life, one render at a time. . . . . #rendering #render #3DRender #arc",https://www.instagram.com/reel/DcgtNBuAUen/,https://www.instagram.com/popular/hotel-design/
DUTOCe9AYAq,natureaipedia,5731,"5,731",ai-interior,"""If peace was a place, would it look like this? 🕊️"" Description: Created by AI, designed for the soul. 👇 Is this your version of peace?",https://www.instagram.com/reel/DUTOCe9AYAq/,https://www.instagram.com/popular/ai-interior/
DaKR576sxLT,theibizaprivatechef,5625,"5,625",ibiza-luxury-villas-sea-view,Where luxury meets gastronomy… unforgettable moments are created. ✨🍽️ A,https://www.instagram.com/reel/DaKR576sxLT/,https://www.instagram.com/popular/ibiza-luxury-villas-sea-view/
DYvA4vNPBAb,civil_vlog,5571,"5,571",hotel-room-interior-design-ideas,Из пустых стен → в спальню уровня luxury hotel ✨ Пошагово собрали интерьер:,https://www.instagram.com/reel/DYvA4vNPBAb/,https://www.instagram.com/popular/hotel-room-interior-design-ideas/
DTvt9SgDDsp,ar.c.loud,5427,"5,427",virtual-staging,An empty room. Endless possibilities. AI-powered virtual staging. Rendore. #virtualstaging #aitool #interiorvisualization #proptech #rendore,https://www.instagram.com/reel/DTvt9SgDDsp/,https://www.instagram.com/popular/virtual-staging/
DSQI-E1jIxR,anika.ktg,5403,"5,403",luxury-hotel-room,throwback to the most beautiful hotel room ever 🤍🤍✨,https://www.instagram.com/reel/DSQI-E1jIxR/,https://www.instagram.com/popular/luxury-hotel-room/
DUWDQyQDGig,aliiezle,5376,"5,376",dream-closet,literally a dream ✨ • • • #dreamcloset #bigcloset #bigwardrobe #wardrobe,https://www.instagram.com/reel/DUWDQyQDGig/,https://www.instagram.com/popular/dream-closet/
DSD5WUlgZhL,visuals_by_marcus,5349,"5,349",virtual-staging,"AI virtual staging is now available for video! If you've been holding off on video for your empty listings, this is a great way to highlight a homes p",https://www.instagram.com/reel/DSD5WUlgZhL/,https://www.instagram.com/popular/virtual-staging/
DHLWWltoHkG,interiorsby.carla,5226,"5,226",scandinavian-interior-design,"Step inside the Scandinavian dream home of your dreams! ✨🏡 Soft neutrals, natural textures",https://www.instagram.com/reel/DHLWWltoHkG/,https://www.instagram.com/popular/scandinavian-interior-design/
DHTthDwouNl,vanessa_gal_design_studio,5185,"5,185",desert-house-interior-design-ideas,"Înrudit cu Wabi Sabi, stilul Desert Modernism are din ce în ce mai mult succes în tendințele designului de interior. . . Vouă cum vi se pare?",https://www.instagram.com/reel/DHTthDwouNl/,https://www.instagram.com/popular/desert-house-interior-design-ideas/
DbNaY3hIyOW,asr_design_studio,5163,"5,163",neoclassical-interior,"✨ ASR Design Studio ✨ Коридор в стиле неоклассика — первое впечатление, кот",https://www.instagram.com/reel/DbNaY3hIyOW/,https://www.instagram.com/popular/neoclassical-interior/
DVzHqalFEO-,arch.interior.ai,5133,"5,133",ai-home-design,Pov: All you need is using Arch AI App for your home #livingroom #homedecor #interiordesign,https://www.instagram.com/reel/DVzHqalFEO-/,https://www.instagram.com/popular/ai-home-design/
DUfZAuIDxEj,dreamimaged,5095,"5,095",rooftop-terrace,"Urban rooftop nights done right 🌙✨ A cozy terrace made for socializing, dining and city views. #RooftopGarden #TerraceDesign #UrbanLiving",https://www.instagram.com/reel/DUfZAuIDxEj/,https://www.instagram.com/popular/rooftop-terrace/
DWMQsIADDM2,nulucreations,5069,"5,069",ibiza-villa,"Your Ibiza getaway 🤍 Beautiful finca, private pool, ultimate island vibes. Book your island escape 🌞",https://www.instagram.com/reel/DWMQsIADDM2/,https://www.instagram.com/popular/ibiza-villa/
DcPgxU6o79_,growverse3,5041,"5,041",ai-house,"A GIANT STRAWBERRY Turned Into a Luxury Dream House! 😱🍓🏡Imagine walking inside a giant strawberry… 🍓✨ Every wall, room & detail is made",https://www.instagram.com/reel/DcPgxU6o79_/,https://www.instagram.com/popular/ai-house/
DUEfg60iJq5,learn,4970,"4,970",luxury-hotel-room,"Luxury Hotel Room with Panoramic Dubai Skyline View 🎥 @shamarmarcus Interested in travel? @lost_in_travel is your go-to for in-the-know spots, locals-",https://www.instagram.com/reel/DUEfg60iJq5/,https://www.instagram.com/popular/luxury-hotel-room/
DUu-hk8CEPC,mowniee_j,4944,"4,944",luxury-villa-with-pool,Booked it for the weekend. Now I'm wondering if I can stay forever. Tucked away just off,https://www.instagram.com/reel/DUu-hk8CEPC/,https://www.instagram.com/popular/luxury-villa-with-pool/
DBFdcnbtu8L,asiviajo,4924,"4,924",cook-islands-luxury-resorts,Alguna vez has escuchado de las Islas Cook?? El mundo está lleno de lugares sorprendes así que deja,https://www.instagram.com/reel/DBFdcnbtu8L/,https://www.instagram.com/popular/cook-islands-luxury-resorts/
Dc4KMSaTk3d,kainos_architecture,4904,"4,904",futuristic-architecture-designs-2026,"Cities deserve extraordinary public spaces. Where architecture, art and culture come togethe",https://www.instagram.com/reel/Dc4KMSaTk3d/,https://www.instagram.com/popular/futuristic-architecture-designs-2026/
DPe9TAuiCc1,ecompatrik,4888,"4,888",luxury-apartment,Dream Apartment 🥰 #apartment #lifestyle #rich,https://www.instagram.com/reel/DPe9TAuiCc1/,https://www.instagram.com/popular/luxury-apartment/
DXXJ9nPkcxp,wolferizorinteriors,4868,"4,868",luxury-dining-room,Wait for it… because this dining room is anything but expected ✨ From the wallpapered ceiling to the statement,https://www.instagram.com/reel/DXXJ9nPkcxp/,https://www.instagram.com/popular/luxury-dining-room/
DYub7JgSEoC,village.moonlife,4847,"4,847",rain-sounds,🌧️🍃Sleeping Under Stormy Wind 🌬️ 🍃 Follow For more Experience the peaceful sound of heavy rain and relaxing thunderstorm ambience in a dark cozy villa,https://www.instagram.com/reel/DYub7JgSEoC/,https://www.instagram.com/popular/rain-sounds/
DaL6eUVvQGT,textureofhome,4844,"4,844",modern-mediterranean-houses,"The Mediterranean home we'll live in someday. ✨ Warm stone, soft arches, layered textures, and sun-soaked rooms that feel calm, luxurious, and timeles",https://www.instagram.com/reel/DaL6eUVvQGT/,https://www.instagram.com/popular/modern-mediterranean-houses/
DK9voy_Rtph,vancedesignco,4731,"4,731",coastal-bedroom-design-ideas,"Surf, sleep, repeat 💤🌊 This dreamy guest room blends laid-back coastal vibes with soft",https://www.instagram.com/reel/DK9voy_Rtph/,https://www.instagram.com/popular/coastal-bedroom-design-ideas/
DJx6aMyRwXQ,anandkapoorofficial,4639,"4,639",biophilic-design,Suspended Gardens: A Living Ode to Pandora These breathtaking suspended planters from @damian_wolski and everlastingflowers.pl evoke memories of the floating islands in James Cameron's Avatar.,https://www.instagram.com/reel/DJx6aMyRwXQ/,https://www.instagram.com/popular/biophilic-design/
DNRBaYYSW9k,cf__designs,4635,"4,635",coastal-bedroom-design-ideas,"Shell we stay here forever? 🐚 Rattan, salty breezes, and a primary bedroom that feels",https://www.instagram.com/reel/DNRBaYYSW9k/,https://www.instagram.com/popular/coastal-bedroom-design-ideas/
DSjPwbDkxfV,luxury_lifestylers,4527,"4,527",luxury-bedroom;luxury-master-bedroom,Luxury Master Bedroom ✨. • • • Tag 🏷️ us in your Travel 🧳 diaries to get Featured in our Page,https://www.instagram.com/reel/DSjPwbDkxfV/,https://www.instagram.com/popular/luxury-bedroom/
DXeW-nhDm_Q,mike_sells_hudson,4457,"4,457",real-estate,"Most people walk into a home and only see what it is today. Smart buyers and investors see what it can become. When purchasing real estate, two things",https://www.instagram.com/reel/DXeW-nhDm_Q/,https://www.instagram.com/popular/real-estate/
DJWkgDhobxE,shahad.abdulwasea,4453,"4,453",desert-modern-house-tours,"🎯 White is one of the smartest choices for a desert home or better yet, a desert retreat. 🏠 A modern Mediterranean style house with a crisp white exte",https://www.instagram.com/reel/DJWkgDhobxE/,https://www.instagram.com/popular/desert-modern-house-tours/
C87tC_FRoCP,luxuryfeature,4444,"4,444",miami-mansion,Would you live in this stunning Miami mansion? 🤩 Follow to see more exclusive proper,https://www.instagram.com/reel/C87tC_FRoCP/,https://www.instagram.com/popular/miami-mansion/
DFWrB7gNa6Y,studio_ja_su,4415,"4,415",industrial-chic-interior-design,5 Características del estilo industrial #estiloindustrial#estilourbano#decoracion#decor#diseñoydecoracion#decohome#desiginterior#interiorismo#design,https://www.instagram.com/reel/DFWrB7gNa6Y/,https://www.instagram.com/popular/industrial-chic-interior-design/
Dbq0u3WTCmP,ok.asiatravel,4363,"4,363",bali-villa,"📍 Canggu, Bali, Indonesia Only $44 per night. The villa is fully equipped with everything you need for a comfortable stay: • Coffee machine • Fully eq",https://www.instagram.com/reel/Dbq0u3WTCmP/,https://www.instagram.com/popular/bali-villa/
DY582UVPuux,spruceandnest,4261,"4,261",minimalist-interior,Not all minimalism is the same. 🌿 Some people want warm and cosy. Some prefer sleek and polished. Others love spaces that feel r,https://www.instagram.com/reel/DY582UVPuux/,https://www.instagram.com/popular/minimalist-interior/
DRTwuMvlAj4,sunripple_aquatics,4226,"4,226",infinity-pools,Endless pool #acrylicswimmingpool #smartconstant #temperatureswimmingpool #villaswimmingpool #hotelswimmingpool #infinipool #swimmingpool #villade,https://www.instagram.com/reel/DRTwuMvlAj4/,https://www.instagram.com/popular/infinity-pools/
DUnegj_j1Be,bestravelid,4211,"4,211",tropical-villa,Luxury 1 bedroom villa with private pool in pererenan canggu 📩 Dynamic pricing. Message us on WhatsA,https://www.instagram.com/reel/DUnegj_j1Be/,https://www.instagram.com/popular/tropical-villa/
DJSDQvxyNWA,swisschaletca,4136,"4,136",swiss-chalet,"Beef is BACK at Swiss Chalet®! 🙌 Indulge in our iconic Beef Entrée, Chicken & Beef Combo, Roast Beef on a Bun, and MORE!",https://www.instagram.com/reel/DJSDQvxyNWA/,https://www.instagram.com/popular/swiss-chalet/
DUqDAmgjJXE,containerpro_tz,4127,"4,127",container-home-luxury-models-2026,"🏗️ Je, una ndoto ya kuwa na nyumba au ofisi ya kisasa kwa gharama nafuu? Sisi EK Container Pro tunabadilisha container kuwa nyumba za kisasa, ofisi za",https://www.instagram.com/reel/DUqDAmgjJXE/,https://www.instagram.com/popular/container-home-luxury-models-2026/
DEZXNepMndT,neginn.soltanii,4090,"4,090",surreal-architecture,. فضاهای بی‌انتها در Squid Game تنها طراحی نیستند؛ یه بازی وحشتناک از قدرت,https://www.instagram.com/reel/DEZXNepMndT/,https://www.instagram.com/popular/surreal-architecture/
CmwqvWKh6CU,adriana.lopez.arq,3876,"3,876",surreal-architecture,"• Surreal Architecture - Part II ""Illusion"" • #architecture #design #interior",https://www.instagram.com/reel/CmwqvWKh6CU/,https://www.instagram.com/popular/surreal-architecture/
DbqfmdrSFks,dedi.interior_kotabekasi,3856,"3,856",modern-kitchen,"✨ Kitchen Set Modern Minimalis dengan Sentuhan Elegan ✨ Perpaduan warna putih, hitam, dan aksen gold menghadirka",https://www.instagram.com/reel/DbqfmdrSFks/,https://www.instagram.com/popular/modern-kitchen/
DU-0rNWDEEh,iron_hotel_,3845,"3,845",luxury-hotel-suite,🌟 Şəhərin mərkəzində komfort və lüksün ünvanı! 🌟 Unudulmaz istirahət üçün doğru seçim,https://www.instagram.com/reel/DU-0rNWDEEh/,https://www.instagram.com/popular/luxury-hotel-suite/
DIpVJEKpge0,nuconbuilders,3835,"3,835",mediterranean-villa,"Where timeless charm meets modern luxury. Explore a curated collection of stunning modern Mediterranean home designs—arched doorways, stucco elegance,",https://www.instagram.com/reel/DIpVJEKpge0/,https://www.instagram.com/popular/mediterranean-villa/
DbGtzE2IOsP,foxtonsestateagents,3709,"3,709",london-apartment,Where home doesn't stop at your front door... Luxury apartments. Panoramic skyline views. Wellness spaces. A private cinema. Sailmakers offers a new w,https://www.instagram.com/reel/DbGtzE2IOsP/,https://www.instagram.com/popular/london-apartment/
DVsGTu3jEbc,elegantessence906,3627,"3,627",luxury-furniture,"💫Transform your living room space with our imported Turkish luxury Relaxation Sofa set. 💎 Furniture That Defines Class, Comfort & Prestige. — UNBEATAB",https://www.instagram.com/reel/DVsGTu3jEbc/,https://www.instagram.com/popular/luxury-furniture/
DYQ7t7jttYs,by_almaaseweis,3576,"3,576",luxury-hotel-room,✈️🩷,https://www.instagram.com/reel/DYQ7t7jttYs/,https://www.instagram.com/popular/luxury-hotel-room/
DWlWlVcyFuD,momo_hitoritabi,3569,"3,569",glass-house-in-forest,沖縄旅行、那覇でアイス迷子になってる人集合！🍦国際通りからすぐの平和通りで見つけた📍 Fruit marr,https://www.instagram.com/reel/DWlWlVcyFuD/,https://www.instagram.com/popular/glass-house-in-forest/
C_dbjT3iNDT,moksha_resorts,3513,"3,513",hunza-valley-luxury-resorts,The Passu Cones are an iconic rock formation that can be seen,https://www.instagram.com/reel/C_dbjT3iNDT/,https://www.instagram.com/popular/hunza-valley-luxury-resorts/
Dbr6cHFOpSa,__adobe_sky__,3508,"3,508",desert-house-interior-design-ideas,"Meet: Adobe Sky . A new adobe style house in the desert, made for yoga, meditation and manifestation. It is a place of healing for the body and mind.",https://www.instagram.com/reel/Dbr6cHFOpSa/,https://www.instagram.com/popular/desert-house-interior-design-ideas/
Cvb-aYJuVhV,p.carredo,3507,"3,507",surreal-architecture,"The Studio Gallery - @samanthas.shot X @p.carredo Photographies displayed, art",https://www.instagram.com/reel/Cvb-aYJuVhV/,https://www.instagram.com/popular/surreal-architecture/
DWJvr81xZGl,jessicadetoledo.design,3476,"3,476",scandinavian-interior-design-styles,"✨ O estilo escandinavo é sobre sentir, não só ver. Ambientes claros, tons neutros e materiais naturais criam uma sensação de calma e aconchego que tra",https://www.instagram.com/reel/DWJvr81xZGl/,https://www.instagram.com/popular/scandinavian-interior-design-styles/
CmJscR3A03k,navids.ig,3454,"3,454",surreal-architecture,Here are some Retro Vibes🤌💛..This time I kept it Slow ✌ #heritage #architecture,https://www.instagram.com/reel/CmJscR3A03k/,https://www.instagram.com/popular/surreal-architecture/
DSKcDqajisN,bluegrassrealestatemedia,3450,"3,450",virtual-staging,"Ever wondered how virtual staging can transform a space? Here at Bluegrass Real Estate Media, we help realtors captivate buyers by transforming empty",https://www.instagram.com/reel/DSKcDqajisN/,https://www.instagram.com/popular/virtual-staging/
C-3ddrhtTAT,ai.perfect.world,3447,"3,447",ai-house,Underwater house ✨ #ai #aiart #aiartcommunity #aiartwork #aihouse #interiordesign,https://www.instagram.com/reel/C-3ddrhtTAT/,https://www.instagram.com/popular/ai-house/
DS2jo6TDBiE,thedesigner.studio,3428,"3,428",modern-classic-interior-design,"Timeless elegance, with a whisper of blue. ✨✨ . . . . #majlisdesign #newclassic #inte",https://www.instagram.com/reel/DS2jo6TDBiE/,https://www.instagram.com/popular/modern-classic-interior-design/
DVfeEwHE-qz,gozee_holidays,3369,"3,369",luxury-villa-with-pool,Enjoy a relaxing stay in our 2 Bedroom Private Pool Villa — perfect for Bachelors and Small,https://www.instagram.com/reel/DVfeEwHE-qz/,https://www.instagram.com/popular/luxury-villa-with-pool/
DRJ5VH6kjQD,engelvoelkersdubai,3365,"3,365",dubai-luxury-penthouse,"A full-floor penthouse in Downtown Dubai, with front-row Burj Khalifa and Fountain views. ✨ This ultra-spacious",https://www.instagram.com/reel/DRJ5VH6kjQD/,https://www.instagram.com/popular/dubai-luxury-penthouse/
CtepYzaAyKH,moderninteriordesign___,3339,"3,339",rooftop-terrace,Beautiful rooftop terrace design with us❤️ @moderninteriordesign2023 #terrace #ideas #Interior #design #arcitecture,https://www.instagram.com/reel/CtepYzaAyKH/,https://www.instagram.com/popular/rooftop-terrace/
DaORCbCIs_N,twincitiesdiary,3303,"3,303",hunza-valley-luxury-resorts,Still not over this hidden paradise in Hunza. 🏔️✨,https://www.instagram.com/reel/DaORCbCIs_N/,https://www.instagram.com/popular/hunza-valley-luxury-resorts/
Db7Bs8Dou0q,capsulecastleuae2,3254,"3,254",capsule-castle-luxury-space-capsule-houses,كم تكلفة هذا البيت? 📱WhatsApp：+86 18905362533 🔗WhatsApp link: wa.me/8618905362533 #capsulecastle #resort #modularhome #passiveincome #hoteldevelopment,https://www.instagram.com/reel/Db7Bs8Dou0q/,https://www.instagram.com/popular/capsule-castle-luxury-space-capsule-houses/
DXZKl1RjBQM,right.mos,3217,"3,217",future-houses-2050,A six-story mansion that inflates in minutes 🏠💨 This futuristic concept imagines portable luxury,https://www.instagram.com/reel/DXZKl1RjBQM/,https://www.instagram.com/popular/future-houses-2050/
DYPX2CKDTDd,cozinesshomefurniture,3156,"3,156",modern-living-room,Modern Luxury Living Room Goals ✨ Elevate your home with this stunning contemporary L-shaped sect,https://www.instagram.com/reel/DYPX2CKDTDd/,https://www.instagram.com/popular/modern-living-room/
DdGifhYywmn,rock_property,2915,"2,915",luxury-villa,"✨ VILLA FOR SALE ✨ A beautiful tropical villa designed for comfort, style, and effo",https://www.instagram.com/reel/DdGifhYywmn/,https://www.instagram.com/popular/luxury-villa/
Dc4DODDMrwo,whitedwarf_off,2830,"2,830",cyberpunk-city,A melancholic journey through a colossal cyberpunk megacity where neon dreams...,https://www.instagram.com/reel/Dc4DODDMrwo/,https://www.instagram.com/popular/cyberpunk-city/
DF7oB8xtwLf,nikkibisikerinteriordesign,2749,"2,749",desert-house-interior-design-ideas,"Inspired by the raw, untamed beauty of the desert, Desert Modern is redefining luxury interiors in 2025. ☀️ This aesthetic blends organic textures, sc",https://www.instagram.com/reel/DF7oB8xtwLf/,https://www.instagram.com/popular/desert-house-interior-design-ideas/
DXLLgRnkqTg,nivel.cenit,2688,"2,688",modern-mediterranean-houses,¿Te gustaría tener una casa estilo mediterránea? Te leo en comentarios 👀🤍 #casa #mediterraneo #estilos #arquitectura #diseño,https://www.instagram.com/reel/DXLLgRnkqTg/,https://www.instagram.com/popular/modern-mediterranean-houses/
DU6WAl8gVSi,outsideinncampground,2676,"2,676",glamping-ideas,"The glamping tent is here, and it's everything we hoped it would be 🏕️ Picture this: You arrive Friday afternoon",https://www.instagram.com/reel/DU6WAl8gVSi/,https://www.instagram.com/popular/glamping-ideas/
DXAXa1sCA6g,aigardendesigner,2564,"2,564",landscape-design-ai,Did you know there's a ChatGPT for your garden? 🤯 AI GARDEN takes your messy backyard,https://www.instagram.com/reel/DXAXa1sCA6g/,https://www.instagram.com/popular/landscape-design-ai/
DN3YDiNXFFv,barnesmiami,2500,"2,500",ibiza-luxury-villas-sea-view,Listed by BARNES in partnership with DOMUS NOVA 🇪🇸 Set high above Cala Xarraca,https://www.instagram.com/reel/DN3YDiNXFFv/,https://www.instagram.com/popular/ibiza-luxury-villas-sea-view/
DVwCBLvDYNK,jasminescozydiary,2487,"2,487",dark-academia-home-library,caffeine + escapism in my favorite corner. 🧸🥀🤎 foIIow me @jasminescozydiary for more cozy + dark academia content 🤎🥀🧸,https://www.instagram.com/reel/DVwCBLvDYNK/,https://www.instagram.com/popular/dark-academia-home-library/
C_DCNiLtU4G,kateallman_,2464,"2,464",arctic-treehouse-hotel-rovaniemi,"📍The Arctic Treehouse Hotel, Rovaniemi, Finnish Lapland You can see why the rooms are called nests. 💕Every ""nest"" faces north so if you are lucky enou",https://www.instagram.com/reel/C_DCNiLtU4G/,https://www.instagram.com/popular/arctic-treehouse-hotel-rovaniemi/
DX7DkaKDIG7,swisschaletca,2438,"2,438",swiss-chalet,Beef is BACK! 🤤❤️ The wait is finally over! Whether you're craving our Roast Beef Dinner or want the best of both worlds with a Chicken & Roast Beef C,https://www.instagram.com/reel/DX7DkaKDIG7/,https://www.instagram.com/popular/swiss-chalet/
DZnDGKTIkkc,elanplacesandspaces,2427,"2,427",luxury-real-estate-mansion-exterior,"FOR SALE: Ultra-Luxury Fully Furnished Miami-Style Mansion | Osapa London, Lekki, Lagos | ₦5 Billion Exp",https://www.instagram.com/reel/DZnDGKTIkkc/,https://www.instagram.com/popular/luxury-real-estate-mansion-exterior/
DJhEk3xKiUM,allthingshomestyle,2415,"2,415",indoor-pool,Disappearing indoor pool 🏊. #indoorpool #homepool #indoorswimmingpool #pooldesigner #swimmingpooldesign,https://www.instagram.com/reel/DJhEk3xKiUM/,https://www.instagram.com/popular/indoor-pool/
DVpTBBgAQJZ,miyakojima.kunsei,2337,"2,337",glass-house-in-forest,昨年この時期に大人気だった、たんかん！今年も始めました！【新作】沖縄県産たんかんとローゼルのスムージー,https://www.instagram.com/reel/DVpTBBgAQJZ/,https://www.instagram.com/popular/glass-house-in-forest/
ClTgAKiJhDk,ideaonline,2330,"2,330",industrial-interior,"Before - After Inspirasi Untuk Ruang Santai Keluarga.. Sedang kebingungan, ingin mendandani",https://www.instagram.com/reel/ClTgAKiJhDk/,https://www.instagram.com/popular/industrial-interior/
DVnh8LUEiDT,kume_shima_gourmet,2279,"2,279",glass-house-in-forest,. こんにちは、久米島ぐるっと島ぐるめ（@kume_shima_gourmet）です！今回ご紹介するのは、アグ,https://www.instagram.com/reel/DVnh8LUEiDT/,https://www.instagram.com/popular/glass-house-in-forest/
C0CFQt1IYw2,the_wedding_valley,2261,"2,261",como-lake-villas,One of our favourite villas at the lake Como 🤍 Amazing @villa_balbiano Can't wait to capture a,https://www.instagram.com/reel/C0CFQt1IYw2/,https://www.instagram.com/popular/como-lake-villas/
DQysyTEDAm4,kasbordier,2244,"2,244",biophilic-design,We were never meant to live disconnected from nature. Biophilic design isn't about adding plants to soften a space it's about integrating life into the structure itself.,https://www.instagram.com/reel/DQysyTEDAm4/,https://www.instagram.com/popular/biophilic-design/
DU57qTtEpya,jkm_fabrication_work,2221,"2,221",glass-house-photos,Rooftop glass house creat your extra comfort zone For more details please DM #instagram #virelreels #vira,https://www.instagram.com/reel/DU57qTtEpya/,https://www.instagram.com/popular/glass-house-photos/
DR16pcmjbzr,supersketchdesigners,2192,"2,192",hotel-suite-design-ideas,"There's just something about hotel rooms that makes you breathe a little slower… that quiet, effortless calm - just the kind of serenity you deserve e",https://www.instagram.com/reel/DR16pcmjbzr/,https://www.instagram.com/popular/hotel-suite-design-ideas/
DOMHeJ6jr-3,luxuryfeature,2157,"2,157",beverly-hills-mansion,"$29,995,000 view in Beverly Hills Follow for more luxury house tours",https://www.instagram.com/reel/DOMHeJ6jr-3/,https://www.instagram.com/popular/beverly-hills-mansion/
DYZYd3wTvNk,avidiinocasa,2149,"2,149",hotel-room-interior-design-ideas;hotel-suite-design-ideas,Luxury Hospitality Interior | 5 Star Hotel Bedroom Furniture Custom Redefine premium hospitality with professional five-star hotel bedroom furniture c,https://www.instagram.com/reel/DYZYd3wTvNk/,https://www.instagram.com/popular/hotel-suite-design-ideas/
CnM4ChOjeZ5,archute,2115,"2,115",waterfall-house,Could you imagine living in a waterfall house? 😍 . Share this with an ar,https://www.instagram.com/reel/CnM4ChOjeZ5/,https://www.instagram.com/popular/waterfall-house/
DV_yPgsiQYr,edensign_ai,2076,"2,076",virtual-staging,This empty room just got a glow-up ✨ AI turned this space into a fully designed room in seconds. No furniture. No staging crew. Just one photo. #homed,https://www.instagram.com/reel/DV_yPgsiQYr/,https://www.instagram.com/popular/virtual-staging/
C0Njqh1MFXQ,nathancool,1996,"1,996",ai-virtual-staging,Before and after using flambient and virtual staging. #realestatephotography #interiordesign #virtualstaging #ai,https://www.instagram.com/reel/C0Njqh1MFXQ/,https://www.instagram.com/popular/ai-virtual-staging/
DWnQ2nJkeYR,bellenademarche,1988,"1,988",glass-house-in-forest,❀ 出店者ご紹介 ❀♔ なかなかバナナ ♔⏩️ @nakanaka.banana【出店日】⏩️ 4/17(,https://www.instagram.com/reel/DWnQ2nJkeYR/,https://www.instagram.com/popular/glass-house-in-forest/
DVOPxlMDCT_,fantinidesigns,1983,"1,983",hotel-room-interior-design-ideas,Final shortlisting in progress ✨ Presenting three exclusive room designs for our upcoming hotel project,https://www.instagram.com/reel/DVOPxlMDCT_/,https://www.instagram.com/popular/hotel-room-interior-design-ideas/
CpNPaL-K_K2,ziedan_architectural_design,1951,"1,951",surreal-architecture,surreal architecture . . . .#architecture #design #architect #newdesign #3d,https://www.instagram.com/reel/CpNPaL-K_K2/,https://www.instagram.com/popular/surreal-architecture/
DXu-_jDDRQ7,4ydesigns,1901,"1,901",bathroom-design;luxury-bathroom-interior-design-inspiration,"It's not just a functional space. It's your own personal retreat. Warm wood textures. Serene stone tones. Wrap-around, strategic lighting. A bathroom",https://www.instagram.com/reel/DXu-_jDDRQ7/,https://www.instagram.com/popular/bathroom-design/
DWBWQqmjyic,smile_smoothie_roots_ishigaki,1882,"1,882",glass-house-in-forest,木曜日、金曜日とOpenしまーす！！石垣島も少しずつ暖かくなってきました☀️そろそろスムージーの季節🍌石,https://www.instagram.com/reel/DWBWQqmjyic/,https://www.instagram.com/popular/glass-house-in-forest/
DZYPa5MIIuu,sky_luxury_rooftop_suites,1833,"1,833",luxury-hotel-suite,Create unforgettable memories and experience the perfect getaway in our suites 🌅😍,https://www.instagram.com/reel/DZYPa5MIIuu/,https://www.instagram.com/popular/luxury-hotel-suite/
CsOk06KpJbr,baljeetkaurjohal,1829,"1,829",surreal-architecture,"""Once you've experienced the magic of Jaipur, you'll never forget it."" This palace",https://www.instagram.com/reel/CsOk06KpJbr/,https://www.instagram.com/popular/surreal-architecture/
DZnXt-pqVrT,tiagosampaioz,1821,"1,821",ai-generated-architecture-designs,From sketch to reality in seconds. ✏️ → 🏡 No complex workflows. No endless revisions. Just arc,https://www.instagram.com/reel/DZnXt-pqVrT/,https://www.instagram.com/popular/ai-generated-architecture-designs/
C2NAu8juWTf,sofabrainai,1811,"1,811",ai-virtual-staging,Does Virtual Staging with AI work?🕵️ Let's see the results! This is how I staged a room in 10s using AI🛋️🤖⚡️,https://www.instagram.com/reel/C2NAu8juWTf/,https://www.instagram.com/popular/ai-virtual-staging/
DLIoCS4NnOA,studio_collective,1773,"1,773",futuristic-interior,Elevator design for @virginhotelslv designed by us and @tishkbarzanji provided 3 unique pieces of artwork for the backlit walls that captures both a s,https://www.instagram.com/reel/DLIoCS4NnOA/,https://www.instagram.com/popular/futuristic-interior/
DaRYwWRSOxH,repjeffhurd,1770,"1,770",aspen,The Aspen Acres Fire in #CO03 is one of the most active and dangerous wildfires in the coun,https://www.instagram.com/reel/DaRYwWRSOxH/,https://www.instagram.com/popular/aspen/
Dc9A-4QuW9b,laurieohern,1714,"1,714",lake-house,"216 feet of Logan Martin Lake frontage, 1.35 acres, a private dock, and plenty of space to make this lake house your destination for every holiday 😎🇺🇸",https://www.instagram.com/reel/Dc9A-4QuW9b/,https://www.instagram.com/popular/lake-house/
DU-pKIIDKcX,barcelonart_of_travel,1702,"1,702",impossible-architecture,"A once-in-a-lifetime moment in Barcelona. Today, the cross is being placed atop the Tower of Jesus Christ",https://www.instagram.com/reel/DU-pKIIDKcX/,https://www.instagram.com/popular/impossible-architecture/
DUdtLMCD7hc,onton.ai,1664,"1,664",scandinavian-interior-design,"Clean lines, warm textures, and just the right amount of everything ☁️ That's the power of L",https://www.instagram.com/reel/DUdtLMCD7hc/,https://www.instagram.com/popular/scandinavian-interior-design/
DPRsUJWjfVK,xona.ai,1663,"1,663",ai-interior-design,One of AI's biggest perks in interior design? Speeed.💨 You can instantly explore endless design variations,https://www.instagram.com/reel/DPRsUJWjfVK/,https://www.instagram.com/popular/ai-interior-design/
DJ6rxypCb_7,fanarivillas.santorini,1655,"1,655",santorini-villa,📍 Fanari Villas Santorini #santorini #fanarivillassantorini #fanarivillas #santorinigreece,https://www.instagram.com/reel/DJ6rxypCb_7/,https://www.instagram.com/popular/santorini-villa/
DBJLZXWIDV-,shafagh.koohnejad.20,1637,"1,637",surreal-architecture,تو‌ مقرنس ها گم‌ میشم تا پیدا شم… برای عبور از موانع، هنرمندانه مقرنس میسازم…,https://www.instagram.com/reel/DBJLZXWIDV-/,https://www.instagram.com/popular/surreal-architecture/
DUwZVXdjiNn,epocraftdiy,1633,"1,633",house-on-cliff,Cliffside Glass Mansion Transformation.From raw mountain terrain to a fully completed ultra-glass mansion,https://www.instagram.com/reel/DUwZVXdjiNn/,https://www.instagram.com/popular/house-on-cliff/
DZeSodRz1ON,pravesh_interiors,1631,"1,631",hotel-room-interior-design-ideas,Hotel room renovation in ujjain nearly Mahakal mandir #hotel #hotelsandresorts #hotellife #hotel,https://www.instagram.com/reel/DZeSodRz1ON/,https://www.instagram.com/popular/hotel-room-interior-design-ideas/
DU0LNcYEpXc,epocraftdiy,1604,"1,604",house-on-cliff,Building a Luxury Cliff Mansion Above Violent Waves 🌊Raw coastal cliff.,https://www.instagram.com/reel/DU0LNcYEpXc/,https://www.instagram.com/popular/house-on-cliff/
DYmID1iI9cu,_lightshift,1544,"1,544",desert-house,A concept for a little getaway in the remote Namibian desert for some amazing stargazing.,https://www.instagram.com/reel/DYmID1iI9cu/,https://www.instagram.com/popular/desert-house/
DWlhVrbje4Q,ai.perfect.world,1517,"1,517",cliff-house,"This cliffside mansion feels unreal. Built directly into the rock, with private ocean access",https://www.instagram.com/reel/DWlhVrbje4Q/,https://www.instagram.com/popular/cliff-house/
DT_6XUekaYY,stephenhusted,1510,"1,510",landscape-design-ai,Got design inspiration for my Seattle project in minutes using ChatGPT. I uploaded exterior p,https://www.instagram.com/reel/DT_6XUekaYY/,https://www.instagram.com/popular/landscape-design-ai/
DWCLr8OjLVR,allwithfash,1494,"1,494",amalfi-coast,Amalfi Coast guide 🍋🇮🇹 📌 Save this for your next trip ☀️ What to do: • Positano for chic,https://www.instagram.com/reel/DWCLr8OjLVR/,https://www.instagram.com/popular/amalfi-coast/
DUaxor0DB5h,theibizakeyconcierge,1358,"1,358",ibiza-luxury-villas-sea-view,"Do Ibiza the right way… This summer, the island's most exceptional villas are",https://www.instagram.com/reel/DUaxor0DB5h/,https://www.instagram.com/popular/ibiza-luxury-villas-sea-view/
DXcHeL0sMhu,adrian_thearchitect,1352,"1,352",ai-render,From a simple 3D model to cinematic animations in seconds. The results are honestly not what I expected.,https://www.instagram.com/reel/DXcHeL0sMhu/,https://www.instagram.com/popular/ai-render/
DRPUXHdk05m,bespoke_d.designers,1332,"1,332",cozy-bedroom-ideas,"Cozy is a feeling, not a budget. Here are 6 ideas to make your bedroom feel warmer, softer, and deeply yours. 🛏️✨ Save this for your next makeover! #c",https://www.instagram.com/reel/DRPUXHdk05m/,https://www.instagram.com/popular/cozy-bedroom-ideas/
DTAdJiJCiJF,_spectrum_interiors,1286,"1,286",rooftop-terrace,Imagine the evening and your rooftop heaven 🪴🏡 . . #terracedesign #terrace #terracegarden #terraceview #terracedecor,https://www.instagram.com/reel/DTAdJiJCiJF/,https://www.instagram.com/popular/rooftop-terrace/
DWOGaDnkSpK,gsokinawa,1209,"1,209",glass-house-in-forest,@gsokinawa ◀︎その他のお土産はこちら！本部町のゴールドバレルをそのまま使用した、素材そのままのパ,https://www.instagram.com/reel/DWOGaDnkSpK/,https://www.instagram.com/popular/glass-house-in-forest/
CxOTM8PRAo2,dilmurod.explore,1165,"1,165",surreal-architecture,A canvas of surreal architecture & vibrant palettes 🎨 ☀️ 🥰 . . . . . .,https://www.instagram.com/reel/CxOTM8PRAo2/,https://www.instagram.com/popular/surreal-architecture/
CaugCuuAghb,badboyfoodz,1118,"1,118",houses-on-malibu-beach,Nobu Malibu beach California 🏝 #malibu #malibubeach #california #cali #beachvibes #sunshine #blueskies,https://www.instagram.com/reel/CaugCuuAghb/,https://www.instagram.com/popular/houses-on-malibu-beach/
DU_ipCmkiRi,renatuseducation,1117,"1,117",real-estate,Real estate prices aren't coming down… #renatus #realestate #investing,https://www.instagram.com/reel/DU_ipCmkiRi/,https://www.instagram.com/popular/real-estate/
DU6_FmVCLYU,theroomedit007,1114,"1,114",house-on-cliff,Building a literal dream house on the edge of the world! 🌊🏠✨ #Construction #ModernArchitecture,https://www.instagram.com/reel/DU6_FmVCLYU/,https://www.instagram.com/popular/house-on-cliff/
DXrGY9iiEmi,evan_mawlood__ai,1041,"1,041",futuristic-architecture,تصاميم من المستقبل… بالذكاء الاصطناعي ✨ #ai #aiart #architecture #modernarchitecture,https://www.instagram.com/reel/DXrGY9iiEmi/,https://www.instagram.com/popular/futuristic-architecture/
DOZsQadjONq,real_naples,1031,"1,031",virtual-staging,"Turning drywall into ""wow"" since 2018 🤩 🪄 Empty room ➡️ dream home. That's the magic of virtual staging ✨ Marketing matters — so does your agent. #Vir",https://www.instagram.com/reel/DOZsQadjONq/,https://www.instagram.com/popular/virtual-staging/
DZc4HntAtMm,condokingaspen,946,946,aspen,Your First Aspen Friend (With Benefits) 😉🏔️ Relax… I'm talking about insider knowledge.,https://www.instagram.com/reel/DZc4HntAtMm/,https://www.instagram.com/popular/aspen/
CeeEPY8DU25,icasis,874,874,surreal-architecture,USB-2 (2022) Universal Series Bust 2 (a.k.a. System Failure Boy) An original 1/1,https://www.instagram.com/reel/CeeEPY8DU25/,https://www.instagram.com/popular/surreal-architecture/
DPdYY9-kZGT,jayrealestate98,841,841,ai-virtual-staging,✨ Take your real estate videos to the next level! Experience our Luxury Service featuring Virtual Staging Video Effects,https://www.instagram.com/reel/DPdYY9-kZGT/,https://www.instagram.com/popular/ai-virtual-staging/
DVGw1ZqklFn,_m2viz_,676,676,impossible-architecture,144 years later... the impossible is finally finished. ⛪️🇪🇸 Antoni Gaudí's Sagrada Família is arguably,https://www.instagram.com/reel/DVGw1ZqklFn/,https://www.instagram.com/popular/impossible-architecture/
DMeWTk7xC5D,spacely.ai,662,662,ai-virtual-staging,Transform empty spaces into buyer magnets with just a few clicks! 🏡✨ Spacely AI makes it effortless for real estate,https://www.instagram.com/reel/DMeWTk7xC5D/,https://www.instagram.com/popular/ai-virtual-staging/
CgfLzrVKXSa,official.lvh,627,627,luxury-homes-on-the-amalfi-coast,Italy's Amalfi Coast is nuzzled between the towns of Amalfi and Positano. Praiano – a lovely town,https://www.instagram.com/reel/CgfLzrVKXSa/,https://www.instagram.com/popular/luxury-homes-on-the-amalfi-coast/
DYHDeEGq2PS,tmukulinteriorstyling,584,584,interior-styling,"Interior styling isn't always about adding more. Sometimes, the real magic happens in what you choose to remove.",https://www.instagram.com/reel/DYHDeEGq2PS/,https://www.instagram.com/popular/interior-styling/
DVl-qpzDfjP,nuspace.interiorss,554,554,dark-luxury-interior,Modern bedroom goals 🛏️✨ Simple. Elegant. Peaceful #bedroomdesign #modern,https://www.instagram.com/reel/DVl-qpzDfjP/,https://www.instagram.com/popular/dark-luxury-interior/
DVWRvV4iOm7,royal_villa_lonavala,502,502,luxury-villa-with-pool,Make this Holi extra special with your friends and family at our beautifully designed 2 BHK,https://www.instagram.com/reel/DVWRvV4iOm7/,https://www.instagram.com/popular/luxury-villa-with-pool/
CxUxzLQoaA8,beliani_nl,482,482,home-office-design,Zeg maar dag tegen saaie bureaustoelen! Duik in een wereld van ergonomische elegantie en stijl. Herdefinieer je werkplek met de perfecte mix van funct,https://www.instagram.com/reel/CxUxzLQoaA8/,https://www.instagram.com/popular/home-office-design/
DX2Bxb6NHOb,adventure.shelter_,444,444,underground-house,"Would You Live in This Secret Underground Bunker?""#Bunker #Underground #Secret #Survival #LuxuryLiving HiddenWorld AIvideo Cinematic ViralVideo OffGri",https://www.instagram.com/reel/DX2Bxb6NHOb/,https://www.instagram.com/popular/underground-house/
C0rB5o1M8pR,peacefulgilgitbaltistan,410,410,hunza-valley-luxury-resorts,Luxus resorts Hunza valley Gilgit baltistan 😍,https://www.instagram.com/reel/C0rB5o1M8pR/,https://www.instagram.com/popular/hunza-valley-luxury-resorts/
DHtBT4DI0r9,aryeohq,405,405,ai-virtual-staging,🚀 Introducing Virtual Staging AI on Aryeo! Say goodbye to extra costs and third party tools—Aryeo's NEW AI-powered,https://www.instagram.com/reel/DHtBT4DI0r9/,https://www.instagram.com/popular/ai-virtual-staging/
DX7UbgbBsnq,alffaheritage,391,391,future-house,2030 Vision #luxurylifestyle #successdriven #luxurycarlife #luxurylife #millionairelife,https://www.instagram.com/reel/DX7UbgbBsnq/,https://www.instagram.com/popular/future-house/
Ddde8wrqc6o,dreamlandsymphony,380,380,waterfall-house,Imagine waking up to this every single morning… 🌿💧🏡 A hidden home surrou,https://www.instagram.com/reel/Ddde8wrqc6o/,https://www.instagram.com/popular/waterfall-house/
DWEJ1mkEVgO,maya.architecture.studio,351,351,dark-luxury-interior,Bedroom design that everyone loves ❤️ #BedroomDesign #DreamBedroom #InteriorDesign #M,https://www.instagram.com/reel/DWEJ1mkEVgO/,https://www.instagram.com/popular/dark-luxury-interior/
DUyGa-sFLaT,architecturelist,297,297,impossible-architecture,"In Barcelona, architecture began to breathe. 🌿 Antoni Gaudí designed not with rulers, but with nature",https://www.instagram.com/reel/DUyGa-sFLaT/,https://www.instagram.com/popular/impossible-architecture/
DWL_T8PAo2j,apple_banana_project,293,293,glass-house-in-forest,イベントで使用するアップルバナナが沖縄から届きました🍌新しく購入したミキサーでスムージー作ってみました！,https://www.instagram.com/reel/DWL_T8PAo2j/,https://www.instagram.com/popular/glass-house-in-forest/
DWT4OxADysG,homedecorai_07,279,279,ai-interior,AI Home decor design. .. Respect real creator ♥️ #ai #homedesign #homedecor #viralreels,https://www.instagram.com/reel/DWT4OxADysG/,https://www.instagram.com/popular/ai-interior/
DVkekexiRYf,ryukyushoten,258,258,glass-house-in-forest,はいさーい♪ウチにある沖縄のフルーツジャム食べたことある？✅シークヮーサー✅マンゴー✅パイナップルの,https://www.instagram.com/reel/DVkekexiRYf/,https://www.instagram.com/popular/glass-house-in-forest/
DXqWPk1CcXU,aiplacesonearth,226,226,cliff-house,When humans turn cliffs into homes,https://www.instagram.com/reel/DXqWPk1CcXU/,https://www.instagram.com/popular/cliff-house/
DVG6EWejfvo,arch_blend07,226,226,impossible-architecture,"144 years in the making🏗️✨ ​For over a century, La Sagrada Família has been defined by its cranes and s",https://www.instagram.com/reel/DVG6EWejfvo/,https://www.instagram.com/popular/impossible-architecture/
DVwRo-Yk4J2,emiliotky_,226,226,glass-house-in-forest,沖縄・国際通り近くの平和通りで見つけたオーダーメイドアイスのお店「Fruit marry（,https://www.instagram.com/reel/DVwRo-Yk4J2/,https://www.instagram.com/popular/glass-house-in-forest/
DVF0MYykfFk,upmorph,226,226,house-on-cliff,The ultimate oceanfront escape! 🌊✨🏰 Watch this incredible transformation from a dangerous rocky cliff,https://www.instagram.com/reel/DVF0MYykfFk/,https://www.instagram.com/popular/house-on-cliff/
DVYsbkiCPyn,umershakeelfurnituresinteriors,222,222,dark-luxury-interior,Where architectural precision meets ultimate comfort. ✨ There's something about the balance,https://www.instagram.com/reel/DVYsbkiCPyn/,https://www.instagram.com/popular/dark-luxury-interior/
DXONT81gVoT,mr.adesh_yadav_rr_up_50_00,204,204,future-houses-2050,NA,https://www.instagram.com/reel/DXONT81gVoT/,https://www.instagram.com/popular/future-houses-2050/
DVj2qzsDe1H,impossible.estates,198,198,house-on-cliff,"Welcome to The Waterfall Estate. A masterclass in defiance of gravity, carved directly into the heart of the cliff.",https://www.instagram.com/reel/DVj2qzsDe1H/,https://www.instagram.com/popular/house-on-cliff/
DUuWYjWAZYH,ecr_villa_and_stay,198,198,luxury-villa-with-pool,3bhk Villa With Swimming pool 💢 For Booking and More Details 👇 7708860986 #ecrbeach #ecrr,https://www.instagram.com/reel/DUuWYjWAZYH/,https://www.instagram.com/popular/luxury-villa-with-pool/
DVs7wLfka0m,ish9582,197,197,dark-luxury-interior,"Luxury bedroom design that feels like a 5-star hotel 🛏️✨ Modern wall panels, warm light",https://www.instagram.com/reel/DVs7wLfka0m/,https://www.instagram.com/popular/dark-luxury-interior/
DX3RkJiByhK,brickblitzz,189,189,future-houses-2050,The Future of Homes is INSANE 🤖🏡 (Full Build) Watch an empty plot transform into a stunning,https://www.instagram.com/reel/DX3RkJiByhK/,https://www.instagram.com/popular/future-houses-2050/
DWJ6wvQFLYG,eosdecor,183,183,dark-luxury-interior,Step into a world of pure serenity. This bedroom design perfectly balances modern minimalis,https://www.instagram.com/reel/DWJ6wvQFLYG/,https://www.instagram.com/popular/dark-luxury-interior/
DU6R0dJia7u,weaving_the_sacred,173,173,impossible-architecture,Such a joy to see the interior of Sagrada Familia basilica at last! It was closed to visitors the last,https://www.instagram.com/reel/DU6R0dJia7u/,https://www.instagram.com/popular/impossible-architecture/
DX_nO78ITky,dreamhomedesigns1,159,159,dream-house-design,Best dream home design idea 🥰🏡 #reels #homedecor,https://www.instagram.com/reel/DX_nO78ITky/,https://www.instagram.com/popular/dream-house-design/
DWGxAM9jyGS,oishii_okinawa,156,156,glass-house-in-forest,沖縄本島の那覇の国際通り近くにあるフルーツアイス屋さんショーケースに並んでいるフルーツを選んで、牛乳か,https://www.instagram.com/reel/DWGxAM9jyGS/,https://www.instagram.com/popular/glass-house-in-forest/
DVJ3GMwjg3G,the_reflective_architecture,150,150,impossible-architecture,"@basilicasagradafamilia..After more than 140 years of construction, the moment the world has been waiting for",https://www.instagram.com/reel/DVJ3GMwjg3G/,https://www.instagram.com/popular/impossible-architecture/
DVwI8ZNk8u_,fouredgeuae,145,145,dark-luxury-interior,"Can we talk about this color palette for a second? 🌿✨ Modern Bedroom Design, Interior Des",https://www.instagram.com/reel/DVwI8ZNk8u_/,https://www.instagram.com/popular/dark-luxury-interior/
DVMPH_fEl6e,formtrashreborn89,139,139,house-on-cliff,Building a Luxury Cliffside Mansion by the Ocean | Ultimate Dream Home Timelapse 🌊🏡,https://www.instagram.com/reel/DVMPH_fEl6e/,https://www.instagram.com/popular/house-on-cliff/
DVSP35uCeNk,nova_design_24,125,125,dark-luxury-interior,Soft light. Calm tones. Intentional design. This neutral minimalist bedroom is designed to,https://www.instagram.com/reel/DVSP35uCeNk/,https://www.instagram.com/popular/dark-luxury-interior/
DVT5s5ICWPe,zen_modo.ai,111,111,house-on-cliff,"From empty land to a 20,000 sq ft luxury cliffside mansion 🌊🏡 Full cinematic construction journey",https://www.instagram.com/reel/DVT5s5ICWPe/,https://www.instagram.com/popular/house-on-cliff/
DUyoQ_9jAFr,luxury_room_reveals,110,110,house-on-cliff,🌊🏡 Building a Luxury Cliffside Dream Home from Scratch! #CliffsideVilla #ModernArchitecture,https://www.instagram.com/reel/DUyoQ_9jAFr/,https://www.instagram.com/popular/house-on-cliff/
DWOpeaPEvEg,artisanallivingedit,104,104,dark-luxury-interior,"Contemporary bedroom styles 🤍 Clean lines, calm tones, and modern comfort. Which one is",https://www.instagram.com/reel/DWOpeaPEvEg/,https://www.instagram.com/popular/dark-luxury-interior/
DVdugg5jMfU,buildinsecondsss,103,103,house-on-cliff,From raw cliffside rock to a luxury oceanfront villa with an infinity pool.,https://www.instagram.com/reel/DVdugg5jMfU/,https://www.instagram.com/popular/house-on-cliff/
DX1LNU1I5f0,whispersofnature27,102,102,cliff-house,POV: You found the secret level of paradise and forgot to tell anyone. Who's moving in with me?,https://www.instagram.com/reel/DX1LNU1I5f0/,https://www.instagram.com/popular/cliff-house/
DX8XG7xyoAr,_your_sumu_10,92,92,dream-life,Dream life >>😭🫶🏻✨ . . . . . #1mviews❤️ #dreamlife #followforfollowback #js❤️‍🩹🥀,https://www.instagram.com/reel/DX8XG7xyoAr/,https://www.instagram.com/popular/dream-life/
DXZKeo2Cn8t,mr_relatable_33,92,92,dream-life,Manifesting for this dream 🌻✨⭐#dreamline,https://www.instagram.com/reel/DXZKeo2Cn8t/,https://www.instagram.com/popular/dream-life/
DWQhWK0xu6G,spacehance,88,88,dark-luxury-interior,#BedDesign #BedroomDesign #ModernBedroom #LuxuryBedroom #InteriorDesign #HomeDecor #Be,https://www.instagram.com/reel/DWQhWK0xu6G/,https://www.instagram.com/popular/dark-luxury-interior/
DKt08cMiXra,fusionhomeai,84,84,ai-virtual-staging,Fusion AI just got smarter — Virtual Staging now works with 0 prompts needed! Getting last-minute furniture change,https://www.instagram.com/reel/DKt08cMiXra/,https://www.instagram.com/popular/ai-virtual-staging/
DUadDJuj86t,madras_beach_resort_villa,58,58,luxury-villa-with-pool,⚠️Tag ur frnd to 🏖Vibe Here... 👉🏻@tn_beach_resort_villa . . #follow for #More,https://www.instagram.com/reel/DUadDJuj86t/,https://www.instagram.com/popular/luxury-villa-with-pool/
DVElIfMAJbK,silver_moon8,38,38,impossible-architecture,Obra mestra #SagradaFamilia #Barcelona #Gaudi #VisitBarcelona #SagradaFamilia2026 #GaudiCentenary #Archit,https://www.instagram.com/reel/DVElIfMAJbK/,https://www.instagram.com/popular/impossible-architecture/
DVsVFDgk0Jt,your_interior_hub,26,26,dark-luxury-interior,Bedroom interiors that blend style with serenity 🛏️ Modern design + Functional spaces + Wa,https://www.instagram.com/reel/DVsVFDgk0Jt/,https://www.instagram.com/popular/dark-luxury-interior/
DVQePUfDx6i,the_reflective_architecture,13,13,impossible-architecture,"After the devastation of the Spanish Civil War, when parts of the original plans and models of Sagrada",https://www.instagram.com/reel/DVQePUfDx6i/,https://www.instagram.com/popular/impossible-architecture/
DND177Ts6ae,esmael.abdelhamed,,NA,luxury-master-bedroom,,https://www.instagram.com/reel/DND177Ts6ae/,https://www.instagram.com/popular/luxury-master-bedroom/
DHEOd6moA-6,paulmarkkitchens,,NA,outdoor-kitchen,Time to start thinking about your outdoor kitchens ready in time for summer. DM me any questions,https://www.instagram.com/reel/DHEOd6moA-6/,https://www.instagram.com/popular/outdoor-kitchen/
DDVWwmJKsT7,theluxuriousking,,NA,modern-house,,https://www.instagram.com/reel/DDVWwmJKsT7/,https://www.instagram.com/popular/modern-house/
CLnNe3oD6cO,enesyilmazer,,NA,future-house,This week's home is straight from the future! Listed by @santiagoarana Archit,https://www.instagram.com/reel/CLnNe3oD6cO/,https://www.instagram.com/popular/future-house/
DQUc9XXAmgT,emunarq7,,NA,parametric-architecture,NA,https://www.instagram.com/reel/DQUc9XXAmgT/,https://www.instagram.com/popular/parametric-architecture/
DPVSFNDjnh7,emunarq7,,NA,parametric-architecture,NA,https://www.instagram.com/reel/DPVSFNDjnh7/,https://www.instagram.com/popular/parametric-architecture/
DLJTWMtxWqV,emunarq7,,NA,parametric-architecture,NA,https://www.instagram.com/reel/DLJTWMtxWqV/,https://www.instagram.com/popular/parametric-architecture/
COBMKCpgf4E,thecapitalexchange,,NA,dubai-penthouse,Dubai Mansion Fever,https://www.instagram.com/reel/COBMKCpgf4E/,https://www.instagram.com/popular/dubai-penthouse/
Co7HZTJIcGX,queenshotelleeds,,NA,luxury-suite,"Romance meets cosy sophistication… Welcome to the Presidential Suite, our most luxurious room designed for nights (and mornings) in.",https://www.instagram.com/reel/Co7HZTJIcGX/,https://www.instagram.com/popular/luxury-suite/
DItXJISoMfs,vojtek_morsztyn,,NA,waterfall-house,𝗙𝗮𝗹𝗹𝗶𝗻𝗴𝘄𝗮𝘁𝗲𝗿 | by 𝗙𝗿𝗮𝗻𝗸 𝗟𝗹𝗼𝘆𝗱 𝗪𝗿𝗶𝗴𝗵𝘁 . Fallingwater is a house designed by,https://www.instagram.com/reel/DItXJISoMfs/,https://www.instagram.com/popular/waterfall-house/
DFtbxnONuXD,myhomeneed,,NA,amazon-home-finds,NA,https://www.instagram.com/reel/DFtbxnONuXD/,https://www.instagram.com/popular/amazon-home-finds/
B-IxGvXFWe5,farahjmerhi,,NA,living-room-decor,Getting closer to being done in this room!! I made a few changes in here including my new coffee table and side,https://www.instagram.com/reel/B-IxGvXFWe5/,https://www.instagram.com/popular/living-room-decor/
DCX6RHxvj7F,juliosrealestate,,NA,los-angeles-house,"🏠Beautiful House in Los Angeles🏠 4 Bedrooms 3 Bathrooms 1,878 Sqft 5,964 Lot Los Angeles CA 90043",https://www.instagram.com/reel/DCX6RHxvj7F/,https://www.instagram.com/popular/los-angeles-house/
CDeQWDlFF9a,london.flats.to.rent,,NA,london-apartment,BRAND NEW 2 BEDROOM FLAT IN NW8 £595 pw - INCLUDING BILLS + FREE WIFI This luxury 2 bedroom flat is located in one of Londons most sought after areas.,https://www.instagram.com/reel/CDeQWDlFF9a/,https://www.instagram.com/popular/london-apartment/
DHdaZnVoVew,vojtek_morsztyn,,NA,glass-house-photos,,https://www.instagram.com/reel/DHdaZnVoVew/,https://www.instagram.com/popular/glass-house-photos/
COfOMj2nedI,flyzie_com,,NA,luxury-homes-on-the-amalfi-coast,"What an amazing place that is 🏖️❤️ Location: Amalfi Coast, 84011 Amalfi, Province of Salerno, Italy",https://www.instagram.com/reel/COfOMj2nedI/,https://www.instagram.com/popular/luxury-homes-on-the-amalfi-coast/
CEXAFkrB68X,experience.trip,,NA,como-lake-villas,"📍Villa La Casinella, Lake Como, Italy . . . Hello my friends🤩 Villa La Casinella One of the",https://www.instagram.com/reel/CEXAFkrB68X/,https://www.instagram.com/popular/como-lake-villas/
B95T60FH4ky,wendywittwerdesign,,NA,hotel-suite-design-ideas,Happy Wednesday Everyone! This is a video of a hotel suite I just recently designed! I hope you all are in good spirits through this new normal we are,https://www.instagram.com/reel/B95T60FH4ky/,https://www.instagram.com/popular/hotel-suite-design-ideas/
DVkogGojH81,flipfast04,,NA,house-on-cliff,Living on the Edge... Literally! 🌊🧗‍♂️ #OceanFrontLuxury #CliffsideHome,https://www.instagram.com/reel/DVkogGojH81/,https://www.instagram.com/popular/house-on-cliff/
