topic,position,handle,shortcode,views_text,views,caption,url,source,batch
luxury-bedroom,1,siriorsinterior,DKMeZCuvoTU,508K,508000,"Modern Classic Luxury Bedroom ❤️✨ Kalau punya kamar tidur kayak gini, terasa nyaman ya? 🤭🌻",https://www.instagram.com/reel/DKMeZCuvoTU/,https://www.instagram.com/popular/luxury-bedroom/,r1_00
luxury-bedroom,2,siriorsinterior,DE7Rnh-vZQf,3.7M,3700000,"Modern Luxury Bedroom ❤️✨ Kalau punya kamar tidur kayak gini, terasa nyaman ya? 🤭🌻",https://www.instagram.com/reel/DE7Rnh-vZQf/,https://www.instagram.com/popular/luxury-bedroom/,r1_00
luxury-bedroom,3,soothenests,DBWhf0koR7_,45.1M,45100000,"Raindrops on My Window, Euphoria in My Soul: Luxury Bedroom Bliss #cozybedroom #cozyap",https://www.instagram.com/reel/DBWhf0koR7_/,https://www.instagram.com/popular/luxury-bedroom/,r1_00
luxury-bedroom,4,mipropertiespk,DTQd2BGCO7a,"9,527",9527,Bedrooms luxury designs #house #property #realestate #interiordesign #modernhomes #luxury #exp,https://www.instagram.com/reel/DTQd2BGCO7a/,https://www.instagram.com/popular/luxury-bedroom/,r1_00
luxury-bedroom,5,luxurydreamhub,DUsw1h-Emra,737K,737000,A world of elegance and starlight. ✨🛏️ Experience the pinnacle of luxury in this dream-like s,https://www.instagram.com/reel/DUsw1h-Emra/,https://www.instagram.com/popular/luxury-bedroom/,r1_00
luxury-bedroom,6,vishnu_xo,DWJ1aOIiing,188K,188000,"Not a bedroom… this is a whole universe 🌌✨ Sleep under stars, wake up in luxury. #LuxuryLiving #Be",https://www.instagram.com/reel/DWJ1aOIiing/,https://www.instagram.com/popular/luxury-bedroom/,r1_00
luxury-bedroom,7,theraj_interior,DWDvXdsE2iy,56.7K,56700,Luxury Modern Bedroom — Where Comfort Meets Elegance ✨ #LuxuryBedroom #ModernInterior #BedroomDesign,https://www.instagram.com/reel/DWDvXdsE2iy/,https://www.instagram.com/popular/luxury-bedroom/,r1_00
luxury-bedroom,8,alaligroup0786,C2UKHhlodMF,1.4M,1400000,"Full Furnished Luxurious Bedroom, #reels #reelsinstagram #instagram #viral #viralvideos #videos #be",https://www.instagram.com/reel/C2UKHhlodMF/,https://www.instagram.com/popular/luxury-bedroom/,r1_00
luxury-bedroom,9,dubailuxuryvibes,CW3ODKSq4ZK,35.8K,35800,Stunning bedroom design with walking wardrobe! What do you rate this? Follow @luxuriousworldvibes,https://www.instagram.com/reel/CW3ODKSq4ZK/,https://www.instagram.com/popular/luxury-bedroom/,r1_00
luxury-bedroom,10,luxuryhouseview,DTa6Fw6iCrI,38.4K,38400,"Royal vibes, peaceful nights.💎✨ : #LuxuryHome #LuxuryBedroom #RoyalBedroom #DreamHome #interiorg",https://www.instagram.com/reel/DTa6Fw6iCrI/,https://www.instagram.com/popular/luxury-bedroom/,r1_00
luxury-bedroom,11,luxury_lifestylers,DSjPwbDkxfV,"4,527",4527,Luxury Master Bedroom ✨. • • • Tag 🏷️ us in your Travel 🧳 diaries to get Featured in our Page,https://www.instagram.com/reel/DSjPwbDkxfV/,https://www.instagram.com/popular/luxury-bedroom/,r1_00
luxury-bedroom,12,luxurydreamhub,DUiv0Xige1Z,4M,4000000,Sweet lavender dreams and ethereal glows. ✨💜 Transforming the ordinary into a sanctuary of pure,https://www.instagram.com/reel/DUiv0Xige1Z/,https://www.instagram.com/popular/luxury-bedroom/,r1_00
luxury-master-bedroom,1,gmjinterior,DNfsfoOPlFk,383K,383000,Where modern elegance meets everyday comfort ✨ This master bedroom is designed with a seamles,https://www.instagram.com/reel/DNfsfoOPlFk/,https://www.instagram.com/popular/luxury-master-bedroom/,r1_00
luxury-master-bedroom,2,dezo_interior,DIbvZbey4Ki,161K,161000,Master bedroom jahan elegance milti hai smart design se — front wall pe custom bed aur designe,https://www.instagram.com/reel/DIbvZbey4Ki/,https://www.instagram.com/popular/luxury-master-bedroom/,r1_00
luxury-master-bedroom,3,tarekalkhattab,DB9D0emNVyR,302K,302000,Dreamy Master bedroom 🤍🤎 Location: Virginia - USA by : @tarekalkhattab,https://www.instagram.com/reel/DB9D0emNVyR/,https://www.instagram.com/popular/luxury-master-bedroom/,r1_00
luxury-master-bedroom,4,realtordenisbibik,DKHkvBlOzX7,548K,548000,Master Bedroom Tour Contact me for Real Estate in Miami @realtordenisbibik . . Denis S. B,https://www.instagram.com/reel/DKHkvBlOzX7/,https://www.instagram.com/popular/luxury-master-bedroom/,r1_00
luxury-master-bedroom,5,eliemoussa_creative_design,DWjh9MxCOod,270K,270000,Because your bedroom deserves five star luxury… #design #instagram #interiordesign #masterbedroom #dubai🇦🇪,https://www.instagram.com/reel/DWjh9MxCOod/,https://www.instagram.com/popular/luxury-master-bedroom/,r1_00
luxury-master-bedroom,6,esmael.abdelhamed,DND177Ts6ae,NA,,,https://www.instagram.com/reel/DND177Ts6ae/,https://www.instagram.com/popular/luxury-master-bedroom/,r1_00
luxury-master-bedroom,7,luxury_lifestylers,DSjPwbDkxfV,"4,527",4527,Luxury Master Bedroom ✨. • • • Tag 🏷️ us in your Travel 🧳 diaries to get Featured in our,https://www.instagram.com/reel/DSjPwbDkxfV/,https://www.instagram.com/popular/luxury-master-bedroom/,r1_00
luxury-master-bedroom,8,mydreamhome_realtors,DLHdsAETm3P,337K,337000,Perfect master Bedroom 🤍😍 #noida #gurugram #gurgoan #delhi #luxurylifestyle #dreamhome #lux,https://www.instagram.com/reel/DLHdsAETm3P/,https://www.instagram.com/popular/luxury-master-bedroom/,r1_00
luxury-master-bedroom,9,malik_the_realtor,DS8LlZ8CB_D,43.7K,43700,Call/WhatsApp/03231934745 #maliktherealtor #reel #reelitfeelit #luxury #luxurylifestyle,https://www.instagram.com/reel/DS8LlZ8CB_D/,https://www.instagram.com/popular/luxury-master-bedroom/,r1_00
luxury-master-bedroom,10,ihsansamhoun.interiors,DIv15V-s3g2,885K,885000,"Master Bedroom, beige, grey, brown! . . . #lightingdesign #lightingdecor #lighting #lightdesign #li",https://www.instagram.com/reel/DIv15V-s3g2/,https://www.instagram.com/popular/luxury-master-bedroom/,r1_00
luxury-master-bedroom,11,world_manor,DHqj6mTMott,32.9K,32900,"Happy Wednesday! 🥰 Gorgeous master suite, this bedroom is everything dreams are made of-spacious, sere",https://www.instagram.com/reel/DHqj6mTMott/,https://www.instagram.com/popular/luxury-master-bedroom/,r1_00
luxury-master-bedroom,12,luxurydreamhub,DUsw1h-Emra,737K,737000,A world of elegance and starlight. ✨🛏️ Experience the pinnacle of luxury in this dream-like sanctua,https://www.instagram.com/reel/DUsw1h-Emra/,https://www.instagram.com/popular/luxury-master-bedroom/,r1_00
dream-bedroom,1,insmultiverse,DLJtY_mt3sV,318K,318000,Which bedroom would you pick to nap in? . . . The vibe is limitless—unlock it now.,https://www.instagram.com/reel/DLJtY_mt3sV/,https://www.instagram.com/popular/dream-bedroom/,r1_00
dream-bedroom,2,annaschottin,DAwA66gvmbH,2.3M,2300000,Turned it into my dream room ✨,https://www.instagram.com/reel/DAwA66gvmbH/,https://www.instagram.com/popular/dream-bedroom/,r1_00
dream-bedroom,3,ayeshadeary5,DL2AkrHx8W9,29.8K,29800,Choose your new dreamy bedroom,https://www.instagram.com/reel/DL2AkrHx8W9/,https://www.instagram.com/popular/dream-bedroom/,r1_00
dream-bedroom,4,ayeshadeary5,DOlFHUgEd5m,294K,294000,Choose your new dreamy bedroom,https://www.instagram.com/reel/DOlFHUgEd5m/,https://www.instagram.com/popular/dream-bedroom/,r1_00
dream-bedroom,5,ayeshadeary5,C-APLc-yI85,4.4M,4400000,Choose your dream bedroom,https://www.instagram.com/reel/C-APLc-yI85/,https://www.instagram.com/popular/dream-bedroom/,r1_00
dream-bedroom,6,perfect_decorss,DJtR3eFSnDe,95K,95000,Dreams bedrooms... . . . . . . . #luxuryhomes #usa🇺🇸 #cozycorners,https://www.instagram.com/reel/DJtR3eFSnDe/,https://www.instagram.com/popular/dream-bedroom/,r1_00
dream-bedroom,7,divaa.finds,DLx_3fsI3kn,1M,1000000,"Welcome to my cozy, dreamy bedroom — the space that truly feels like home. From soft lighti",https://www.instagram.com/reel/DLx_3fsI3kn/,https://www.instagram.com/popular/dream-bedroom/,r1_00
dream-bedroom,8,dreamvibes_9,DU_TlESjCav,12.7K,12700,Choose your dream bedroom #chill #relaxing,https://www.instagram.com/reel/DU_TlESjCav/,https://www.instagram.com/popular/dream-bedroom/,r1_00
dream-bedroom,9,ell.glamhome,DUbXaywiEol,8.2M,8200000,When 🦋 meet 🌸 #bedroom #bedroomideas #bedroomdesign There is a tiny line between dreams,https://www.instagram.com/reel/DUbXaywiEol/,https://www.instagram.com/popular/dream-bedroom/,r1_00
dream-bedroom,10,soothenests,DDR89qOo08t,5.8M,5800000,Euphoria Awaits: Snowflakes and Serenity in My Cozy Bedroom #cozybedroom #luxuryapartment,https://www.instagram.com/reel/DDR89qOo08t/,https://www.instagram.com/popular/dream-bedroom/,r1_00
dream-bedroom,11,siyad_abdali,DTvByw5kyek,316K,316000,A Dreamy Bunk Bed Room Made for Warm Nights and Quiet Moments,https://www.instagram.com/reel/DTvByw5kyek/,https://www.instagram.com/popular/dream-bedroom/,r1_00
dream-bedroom,12,astralserenity,C24_SYQxzLT,7.2M,7200000,Choose a bedroom 🌟 #reels #fyp #rain #snow #dark #mystery,https://www.instagram.com/reel/C24_SYQxzLT/,https://www.instagram.com/popular/dream-bedroom/,r1_00
bedroom-design,1,divaa.finds,DVy7BDyE0-d,1.5M,1500000,🛏 My bedroom transformation is complete with Temu's Aesthetic White Bedroom essentials! ✨ From minimalist furniture to soft bedding and perfect lighti,https://www.instagram.com/reel/DVy7BDyE0-d/,https://www.instagram.com/popular/bedroom-design/,r1_00
bedroom-design,2,styltechinterior_official,DWDRWQgEves,248K,248000,This Bedroom Setup Looks Too Good 😍✨,https://www.instagram.com/reel/DWDRWQgEves/,https://www.instagram.com/popular/bedroom-design/,r1_00
bedroom-design,3,homeofmerve,CvNKxqDtAj1,13.1M,13100000,liebs💓🫶🏽 #bedroom • • • • • • • • • • • • • • • #interior #inspohome #interiorhome #bedroominspiration #schlafzimmerinspiration,https://www.instagram.com/reel/CvNKxqDtAj1/,https://www.instagram.com/popular/bedroom-design/,r1_00
bedroom-design,4,pentarkdesign,DVK9k-mEa_S,2.1M,2100000,Your bedroom shouldn't feel ordinary. It should feel like a 5-star suite you never want to leave. ✨ From warm beige elegance to bold navy royalty — th,https://www.instagram.com/reel/DVK9k-mEa_S/,https://www.instagram.com/popular/bedroom-design/,r1_00
bedroom-design,5,havello3,DUxgA8dDEBj,1.6M,1600000,"Small Bedroom Space Hacks That Look Expensive | Smart Storage & Bay Window Ideas Discover smart small bedroom design ideas that maximize storage, impr",https://www.instagram.com/reel/DUxgA8dDEBj/,https://www.instagram.com/popular/bedroom-design/,r1_00
bedroom-design,6,roomify.design,DXNO5bbDWVp,353K,353000,"Day 5 of styling the same house… and this one might be my favorite 🤍 Search: modern luxury bedroom design From an empty room to a calm, high-end bedro",https://www.instagram.com/reel/DXNO5bbDWVp/,https://www.instagram.com/popular/bedroom-design/,r1_00
bedroom-design,7,olena_prykhodko_design,DU0lBWMjGJZ,1M,1000000,Stop Guessing Your Bedroom Colors — 5 Luxury Combos That Always Work Choosing the right bedroom colors can completely change the way your space feels.,https://www.instagram.com/reel/DU0lBWMjGJZ/,https://www.instagram.com/popular/bedroom-design/,r1_00
bedroom-design,8,hometrendyhome,DH0tlhWsXNM,14.5K,14500,What not to miss if you love cozy elegance 👆- this modern bedroom by @ell.glamhome with gorgeous violet hues is the ultimate dreamy retreat!💜💜💜 bedroo,https://www.instagram.com/reel/DH0tlhWsXNM/,https://www.instagram.com/popular/bedroom-design/,r1_00
bedroom-design,9,sahasrarafurnitures,DWb-eEKk6TQ,583K,583000,✨ Same Bedroom… But Elevated Luxury ✨ Your bedroom isn't just a space - it's your personal sanctuary 🛏️ And the right back wall design can completely,https://www.instagram.com/reel/DWb-eEKk6TQ/,https://www.instagram.com/popular/bedroom-design/,r1_00
bedroom-design,10,interiorsbyplatinum,DXqngl_DB4Q,874K,874000,"A space where every detail falls into place. Thoughtfully designed, perfectly balanced, and made for everyday living. [bedroom, bedroom interior, bedr",https://www.instagram.com/reel/DXqngl_DB4Q/,https://www.instagram.com/popular/bedroom-design/,r1_00
bedroom-design,11,vighnaharta_interiors,DXgBqNESg88,262K,262000,Elegant bedroom 🌸,https://www.instagram.com/reel/DXgBqNESg88/,https://www.instagram.com/popular/bedroom-design/,r1_00
bedroom-design,12,ell.glamhome,DCZc-yTOIxI,1.3M,1300000,☁️☁️☁️ #bedroom #bedroomideas #bedroomdesign,https://www.instagram.com/reel/DCZc-yTOIxI/,https://www.instagram.com/popular/bedroom-design/,r1_00
luxury-living-room,1,lifetime_interior_design,DMi17mcsosb,46.4K,46400,A living room made for quiet luxury. ✨ This AI-designed space combines timeless elegance with modern sophistication,https://www.instagram.com/reel/DMi17mcsosb/,https://www.instagram.com/popular/luxury-living-room/,r1_00
luxury-living-room,2,arteo_luxury,DHdynV8tEzO,93.1K,93100,A golden living! Luxury is a feeling. This living room is the perfect harmony of opulence and serenity,https://www.instagram.com/reel/DHdynV8tEzO/,https://www.instagram.com/popular/luxury-living-room/,r1_00
luxury-living-room,3,mauquani__interiors,DMh59rioj8w,12.2K,12200,We Designed this living room with a touch of class and timeless design.,https://www.instagram.com/reel/DMh59rioj8w/,https://www.instagram.com/popular/luxury-living-room/,r1_00
luxury-living-room,4,theelitespaces,C-M7VT2POMk,3.1M,3100000,Transform Your Living Room into a Luxe Haven! 🌟 Dreaming of a luxurious living room? Discover 5 expert tips,https://www.instagram.com/reel/C-M7VT2POMk/,https://www.instagram.com/popular/luxury-living-room/,r1_00
luxury-living-room,5,louise_andallthingshome,DRDUSI0DGyv,1.4M,1400000,I always thought this would be the summer room but I love this room at this time of year the most!,https://www.instagram.com/reel/DRDUSI0DGyv/,https://www.instagram.com/popular/luxury-living-room/,r1_00
luxury-living-room,6,smyrna__home,DMnrYd9sjZU,647K,647000,Happy Sunday 🖤 Meine Couch ist übrigens aus der Comora Kollektion von @livindahome 🫶🏼Ich liebe sie!,https://www.instagram.com/reel/DMnrYd9sjZU/,https://www.instagram.com/popular/luxury-living-room/,r1_00
luxury-living-room,7,_.decor_and_more._,C-1ibfJtsd5,503K,503000,When the client wants a luxurious living room! If you are looking for a professional designer to transform your room,https://www.instagram.com/reel/C-1ibfJtsd5/,https://www.instagram.com/popular/luxury-living-room/,r1_00
luxury-living-room,8,shauna_kelly_interiors,Cx1A-Z0r9aD,1.6M,1600000,Luxury and comfort…#design #interiordesign #shaunakellyinteriors #luxury #cosyhome #livingroom #lounge,https://www.instagram.com/reel/Cx1A-Z0r9aD/,https://www.instagram.com/popular/luxury-living-room/,r1_00
luxury-living-room,9,jareef__saifi,DVBZs-rgYvC,192K,192000,A Calm & Classy Modern Lifestyle Living Room ✨🏡 #livingroomdecor #interiordesign #reelsvideo,https://www.instagram.com/reel/DVBZs-rgYvC/,https://www.instagram.com/popular/luxury-living-room/,r1_00
luxury-living-room,10,interioralchemyhq,DFKXk9YTi0n,"7,208",7208,"Step into a serene and sophisticated living space that's all about curves, comfort, and timeless elegance!",https://www.instagram.com/reel/DFKXk9YTi0n/,https://www.instagram.com/popular/luxury-living-room/,r1_00
luxury-living-room,11,2pdesigners,DUeYNKFEVZ4,258K,258000,"In this project, we used the exclusivity of our @innovareinteriors furniture collection to create a truly spectacular result.",https://www.instagram.com/reel/DUeYNKFEVZ4/,https://www.instagram.com/popular/luxury-living-room/,r1_00
luxury-living-room,12,deirdres_design,DXrG2Evjn78,30.2K,30200,Luxury design via @theluxliving_official,https://www.instagram.com/reel/DXrG2Evjn78/,https://www.instagram.com/popular/luxury-living-room/,r1_00
modern-living-room,1,smyrna__home,DMnrYd9sjZU,647K,647000,Happy Sunday 🖤 Meine Couch ist übrigens aus der Comora Kollektion von @livindahome 🫶🏼Ich liebe,https://www.instagram.com/reel/DMnrYd9sjZU/,https://www.instagram.com/popular/modern-living-room/,r1_00
modern-living-room,2,jareef__saifi,DVBZs-rgYvC,192K,192000,A Calm & Classy Modern Lifestyle Living Room ✨🏡 #livingroomdecor #interiordesign #reelsvideo,https://www.instagram.com/reel/DVBZs-rgYvC/,https://www.instagram.com/popular/modern-living-room/,r1_00
modern-living-room,3,luxurydreamhub,DMff66LTcEc,295K,295000,Clean lines and chic vibes. This is my kind of living space! Obsessed with the minimalist and modern,https://www.instagram.com/reel/DMff66LTcEc/,https://www.instagram.com/popular/modern-living-room/,r1_00
modern-living-room,4,ravnix23,DZ-k-9hgR_N,461K,461000,"🏡 Would you spend your entire weekend in this living room? With cozy textures, warm lighting, and a re",https://www.instagram.com/reel/DZ-k-9hgR_N/,https://www.instagram.com/popular/modern-living-room/,r1_00
modern-living-room,5,siyad_abdali,C9SiQc8S9xq,109M,109000000,,https://www.instagram.com/reel/C9SiQc8S9xq/,https://www.instagram.com/popular/modern-living-room/,r1_00
modern-living-room,6,mipropertiespk,DTVIpD3CAr_,13.7K,13700,TV LOUNGE 🍻 #house #property #realestate #modernhomes #interiordesign #miproperties #tvlounge,https://www.instagram.com/reel/DTVIpD3CAr_/,https://www.instagram.com/popular/modern-living-room/,r1_00
modern-living-room,7,styltechinterior_official,DUrqKptkjjA,994K,994000,"This Living Room Setup Looks So Premium, You Can't Ignore the Details 😍✨",https://www.instagram.com/reel/DUrqKptkjjA/,https://www.instagram.com/popular/modern-living-room/,r1_00
modern-living-room,8,comfywhiff,DZrMeNRvJGu,"9,315",9315,Clean lines. Soft lighting. Endless marble. 🤍✨ This living room proves that luxury doesn't have,https://www.instagram.com/reel/DZrMeNRvJGu/,https://www.instagram.com/popular/modern-living-room/,r1_00
modern-living-room,9,islandgal_5homedecor,DWbnHzqE-kL,1M,1000000,Proof that your living room doesn't need much to feel at home! *For Facebook shop the link in my bi,https://www.instagram.com/reel/DWbnHzqE-kL/,https://www.instagram.com/popular/modern-living-room/,r1_00
modern-living-room,10,watchthebuild,DbmsOfOywba,1.3M,1300000,"THIS ROOM WAS COMPLETELY EMPTY… 🤯 Watch an empty space become a warm, modern living room in j",https://www.instagram.com/reel/DbmsOfOywba/,https://www.instagram.com/popular/modern-living-room/,r1_00
modern-living-room,11,cozinesshomefurniture,DYPX2CKDTDd,"3,156",3156,Modern Luxury Living Room Goals ✨ Elevate your home with this stunning contemporary L-shaped sect,https://www.instagram.com/reel/DYPX2CKDTDd/,https://www.instagram.com/popular/modern-living-room/,r1_00
modern-living-room,12,lifestyleproperties_interiors,DZNaw3pIXDk,"7,975",7975,"Designed for comfort. Styled for living. ✨ This living room space brings together elegance, funct",https://www.instagram.com/reel/DZNaw3pIXDk/,https://www.instagram.com/popular/modern-living-room/,r1_00
living-room-design,1,shivay_._interior,DW0pF5RDKcB,517K,517000,"Transforming a simple wall into a statement masterpiece ✨ From plain to premium — this modern paneling design adds depth, lux",https://www.instagram.com/reel/DW0pF5RDKcB/,https://www.instagram.com/popular/living-room-design/,r1_00
living-room-design,2,styltechinterior_official,DUrqKptkjjA,994K,994000,"This Living Room Setup Looks So Premium, You Can't Ignore the Details 😍✨",https://www.instagram.com/reel/DUrqKptkjjA/,https://www.instagram.com/popular/living-room-design/,r1_00
living-room-design,3,havenhaus_1,DVVIlAhDRlP,267K,267000,"Half study, half living room—I love this living room design! #LivingRoomDecoration #LivingRoom #InteriorDesign",https://www.instagram.com/reel/DVVIlAhDRlP/,https://www.instagram.com/popular/living-room-design/,r1_00
living-room-design,4,louise_andallthingshome,DRDUSI0DGyv,1.4M,1400000,I always thought this would be the summer room but I love this room at this time of year the most! The fire makes it so cozy!,https://www.instagram.com/reel/DRDUSI0DGyv/,https://www.instagram.com/popular/living-room-design/,r1_00
living-room-design,5,nextawas,DXhPisCE_Du,2.4M,2400000,Upgrade your living space with this modern partition idea that adds style and smart space separation to your home. Design your dream home wi,https://www.instagram.com/reel/DXhPisCE_Du/,https://www.instagram.com/popular/living-room-design/,r1_00
living-room-design,6,jareef__saifi,DVBZs-rgYvC,192K,192000,A Calm & Classy Modern Lifestyle Living Room ✨🏡 #livingroomdecor #interiordesign #reelsvideo,https://www.instagram.com/reel/DVBZs-rgYvC/,https://www.instagram.com/popular/living-room-design/,r1_00
living-room-design,7,aveotasarim,DV6MooqDA88,634K,634000,Would you live in this livingroom? #interiordesign #livingroom #homemakeover #evyenileme #salondekorasyonu,https://www.instagram.com/reel/DV6MooqDA88/,https://www.instagram.com/popular/living-room-design/,r1_00
living-room-design,8,ghazale_siami,DExUPqcsNfS,5.3M,5300000,. Living room design Design&Visualization: @ghazale_siami 3dsmax _Coronarender . #livingroom #interiordesign #visualization #interiordesign #,https://www.instagram.com/reel/DExUPqcsNfS/,https://www.instagram.com/popular/living-room-design/,r1_00
living-room-design,9,tucasad3co,DVtm6pNkiO_,1.7M,1700000,"Nadie cree que esta sala empezó vacía… mira la transformación completa Transformación de interior paso a paso. Mármol, madera natural, ilumi",https://www.instagram.com/reel/DVtm6pNkiO_/,https://www.instagram.com/popular/living-room-design/,r1_00
living-room-design,10,happywifenewlife,DFcKgMEM8IF,1.4M,1400000,"Living space 🧘🏻‍♀️ Nie wiem jak to jest, ale za każdym razem jak powiem, że dawno nie bolała mnie głowa to zaczyna boleć albo że dzieci",https://www.instagram.com/reel/DFcKgMEM8IF/,https://www.instagram.com/popular/living-room-design/,r1_00
living-room-design,11,smyrna__home,DMnrYd9sjZU,647K,647000,Happy Sunday 🖤 Meine Couch ist übrigens aus der Comora Kollektion von @livindahome 🫶🏼Ich liebe sie! 😍 Mit meinem Code SMRYNA spart ihr 15%,https://www.instagram.com/reel/DMnrYd9sjZU/,https://www.instagram.com/popular/living-room-design/,r1_00
living-room-design,12,pelteki_interiordesign,DVVipnmDecW,835K,835000,Piece by piece. Layer by layer. Until the space becomes a feeling. Which piece do you think made the biggest impact? #interiordesign #li,https://www.instagram.com/reel/DVVipnmDecW/,https://www.instagram.com/popular/living-room-design/,r1_00
luxury-kitchen,1,styltechinterior_official,DThYGKkEokC,405K,405000,This Kitchen Looks Luxury on Another Level 😍🔥,https://www.instagram.com/reel/DThYGKkEokC/,https://www.instagram.com/popular/luxury-kitchen/,r1_00
luxury-kitchen,2,abcdjoinery,DZbFAzLkp6Q,594K,594000,"Step into elegance. As the camera glides through, the curved stone islan",https://www.instagram.com/reel/DZbFAzLkp6Q/,https://www.instagram.com/popular/luxury-kitchen/,r1_00
luxury-kitchen,3,avenue_home_decor,DNF1aQjSJf9,141K,141000,Luxury Kitchen Design 😍 #instagood #homesweethome #decoration #home,https://www.instagram.com/reel/DNF1aQjSJf9/,https://www.instagram.com/popular/luxury-kitchen/,r1_00
luxury-kitchen,4,rodnova_installation_,DaxVmNVR4R1,1.1M,1100000,"El lujo está en cada detalle. Una cocina donde el diseño moderno, los",https://www.instagram.com/reel/DaxVmNVR4R1/,https://www.instagram.com/popular/luxury-kitchen/,r1_00
luxury-kitchen,5,vincethebuilder,Cnx8jCrsSC5,2.1M,2100000,Kitchen Inspo 👨🏻‍🍳 #clean #kitchen #kitcheninspo #kitchendecor #kit,https://www.instagram.com/reel/Cnx8jCrsSC5/,https://www.instagram.com/popular/luxury-kitchen/,r1_00
luxury-kitchen,6,rodnova_installation_,DbWOv-IxYaz,195K,195000,Luxury isn't just about design—it's about every detail coming together in,https://www.instagram.com/reel/DbWOv-IxYaz/,https://www.instagram.com/popular/luxury-kitchen/,r1_00
luxury-kitchen,7,casadelsimonsen,CtODnwQIefd,832K,832000,🤍 #kütchenideen #kuchenliebe #kücheninspiration #kitcheninspiration #int,https://www.instagram.com/reel/CtODnwQIefd/,https://www.instagram.com/popular/luxury-kitchen/,r1_00
luxury-kitchen,8,husnain_g13_properties,DcWTQ_jiSCi,1.7M,1700000,🖤 Black Theme Luxury Kitchen Design 🍽️ A stunning black-themed desi,https://www.instagram.com/reel/DcWTQ_jiSCi/,https://www.instagram.com/popular/luxury-kitchen/,r1_00
luxury-kitchen,9,kuchecucina,DXFQ4I4CMCX,63.8K,63800,"A contemporary kitchen defined by clean architectural lines, warm wood ca",https://www.instagram.com/reel/DXFQ4I4CMCX/,https://www.instagram.com/popular/luxury-kitchen/,r1_00
luxury-kitchen,10,insideno8x,DFC2m0duhxC,101K,101000,Monday🖤🤍 Hope you have a lovely week🖤🤍 Use code: INSIDE10 for disco,https://www.instagram.com/reel/DFC2m0duhxC/,https://www.instagram.com/popular/luxury-kitchen/,r1_00
luxury-kitchen,11,arteo_luxury,DPt1R0_E6oS,3.5M,3500000,Glorious Kitchen by @spandanapb Where Function Meets Beauty Glorious Kit,https://www.instagram.com/reel/DPt1R0_E6oS/,https://www.instagram.com/popular/luxury-kitchen/,r1_00
luxury-kitchen,12,petersoncabinetworks,DAGRW5NPUo1,2.7M,2700000,"We love the final result of this elegant, modern kitchen. We used high g",https://www.instagram.com/reel/DAGRW5NPUo1/,https://www.instagram.com/popular/luxury-kitchen/,r1_00
modern-kitchen,1,inside_142,C9HhYw3MmE_,6.2M,6200000,Adding fruit = adding colour right? 🍌 🍑 For all of the haters I've had over the years about my kitch,https://www.instagram.com/reel/C9HhYw3MmE_/,https://www.instagram.com/popular/modern-kitchen/,r1_00
modern-kitchen,2,m.a_customcabinets,DSMqMrlF7gR,21.9K,21900,#Losangeles#customcabinets#designe#kitchen#californialuxurykitchen#kitchen#modernkitchen#wood,https://www.instagram.com/reel/DSMqMrlF7gR/,https://www.instagram.com/popular/modern-kitchen/,r1_00
modern-kitchen,3,husnain_g13_properties,DcWTQ_jiSCi,1.7M,1700000,🖤 Black Theme Luxury Kitchen Design 🍽️ A stunning black-themed designer kitchen featuring sleek cabinets,https://www.instagram.com/reel/DcWTQ_jiSCi/,https://www.instagram.com/popular/modern-kitchen/,r1_00
modern-kitchen,4,belinomebel,DbaX2stoUyc,5.9M,5900000,#luxurylifestyle #modernkitchen #modernkitchendesign #bestkitchen,https://www.instagram.com/reel/DbaX2stoUyc/,https://www.instagram.com/popular/modern-kitchen/,r1_00
modern-kitchen,5,bhagwan_solanke_18,DcD_4WBNhPs,574K,574000,✨ A Kitchen That Feels Like Luxury. Clean lines. Premium finishes. Warm lighting. Timeless elegance. 🤎,https://www.instagram.com/reel/DcD_4WBNhPs/,https://www.instagram.com/popular/modern-kitchen/,r1_00
modern-kitchen,6,ocho.design.studio_,DaZa5j4o8dZ,976K,976000,جمال البساطة في أدق التفاصيل. ✨ كل زاوية في تصميمات Ocho Design Studio تم التخطيط لها لتوف,https://www.instagram.com/reel/DaZa5j4o8dZ/,https://www.instagram.com/popular/modern-kitchen/,r1_00
modern-kitchen,7,crystalkitchenandbedroom,DA_3tQxCi_y,623K,623000,,https://www.instagram.com/reel/DA_3tQxCi_y/,https://www.instagram.com/popular/modern-kitchen/,r1_00
modern-kitchen,8,kitchenbear9,DcJrOuIsVUM,"6,398",6398,في Kitchen Bear نؤمن إن كل مطبخ له شخصية مختلفة 🤎 عشان كذا نوفر لك تنوع في التصاميم، الألوان والخ,https://www.instagram.com/reel/DcJrOuIsVUM/,https://www.instagram.com/popular/modern-kitchen/,r1_00
modern-kitchen,9,huisjeopdevloet,DYT8ySTsBbx,269K,269000,Kitchen ✨ Hebben jullie vandaag ook lekker een dagje vrij? 💕,https://www.instagram.com/reel/DYT8ySTsBbx/,https://www.instagram.com/popular/modern-kitchen/,r1_00
modern-kitchen,10,dedi.interior_kotabekasi,DbqfmdrSFks,"3,856",3856,"✨ Kitchen Set Modern Minimalis dengan Sentuhan Elegan ✨ Perpaduan warna putih, hitam, dan aksen gold menghadirka",https://www.instagram.com/reel/DbqfmdrSFks/,https://www.instagram.com/popular/modern-kitchen/,r1_00
modern-kitchen,11,modern__furnitures,DcVdJrDOnzB,"9,460",9460,"✨ Modern luxury, designed for everyday living. A beautiful blend of clean white cabinetry, warm wood accents",https://www.instagram.com/reel/DcVdJrDOnzB/,https://www.instagram.com/popular/modern-kitchen/,r1_00
modern-kitchen,12,rodnova_installation_,DaxVmNVR4R1,1.1M,1100000,"El lujo está en cada detalle. Una cocina donde el diseño moderno, los gabinetes negros y los acabados premium",https://www.instagram.com/reel/DaxVmNVR4R1/,https://www.instagram.com/popular/modern-kitchen/,r1_00
dream-kitchen,1,verandaestatehomes,DSxrSKakvV9,1.8M,1800000,"This kitchen is a true sun-soaked haven! With large windows that let in an abundance of natural light, every detail shines beautifully. The white oak",https://www.instagram.com/reel/DSxrSKakvV9/,https://www.instagram.com/popular/dream-kitchen/,r1_00
dream-kitchen,2,goldconconstruction,DTLteEoE2Z5,1M,1000000,Dream kitchen goals 🏡 This is the standard. #DreamKitchenGoals #LuxuryKitchen #KitchenInspo #ModernHomes #DesignGoals #CustomHomes #InteriorInspo #Hig,https://www.instagram.com/reel/DTLteEoE2Z5/,https://www.instagram.com/popular/dream-kitchen/,r1_00
dream-kitchen,3,goldconconstruction,DWodmZgDUo1,117K,117000,You can have both. The Birkin and the dream kitchen. 🔥 Follow @goldconconstruction #luxuryhomes #dreamkitchen #customhomebuilder #modernliving #kitche,https://www.instagram.com/reel/DWodmZgDUo1/,https://www.instagram.com/popular/dream-kitchen/,r1_00
dream-kitchen,4,deirdres_design,DXSJiT9kTKh,21.9K,21900,What do you think of this kitchen design? Via @deirdres_design,https://www.instagram.com/reel/DXSJiT9kTKh/,https://www.instagram.com/popular/dream-kitchen/,r1_00
dream-kitchen,5,tereknotderek,DCpaV_AsdaI,3.6M,3600000,Perfect kitchen 🤌🏼,https://www.instagram.com/reel/DCpaV_AsdaI/,https://www.instagram.com/popular/dream-kitchen/,r1_00
dream-kitchen,6,em_henderson,DWXaWZaAefE,3.6M,3600000,Love this kitchen with my whole heart:) 💙 if you want to know more about my kitchen I wrote a whole blog post on all our design decisions with a list,https://www.instagram.com/reel/DWXaWZaAefE/,https://www.instagram.com/popular/dream-kitchen/,r1_00
dream-kitchen,7,jusathome,DWtm8hHjOop,726K,726000,💛 S P R I N G K I T C H E N 💛 My favourite time of year for styling the kitchen 💛 Just wish the Daffs would last a little longer 🌼 Down on the south c,https://www.instagram.com/reel/DWtm8hHjOop/,https://www.instagram.com/popular/dream-kitchen/,r1_00
dream-kitchen,8,ibuilddevelopers,DT38DJdgRAh,175K,175000,#weekendishere,https://www.instagram.com/reel/DT38DJdgRAh/,https://www.instagram.com/popular/dream-kitchen/,r1_00
dream-kitchen,9,bymichellelei,DXZj2apCQlf,99.6K,99600,"This kitchen has been a year in the making… every detail was something we took our time with, long before we ever started demo. Finally getting to liv",https://www.instagram.com/reel/DXZj2apCQlf/,https://www.instagram.com/popular/dream-kitchen/,r1_00
dream-kitchen,10,thelifestyledco,DGlkw_VSJSy,672K,672000,"A few ideas to add to your ""Dream Kitchen"" list 🤗⁠ ⁠ Comment which feature is taking the number one spot on your list!⁠ Countertops: @vadaraquartz Ser",https://www.instagram.com/reel/DGlkw_VSJSy/,https://www.instagram.com/popular/dream-kitchen/,r1_00
dream-kitchen,11,roomify.design,DXCuw34jVm4,62K,62000,Day 3 of designing my dream home… and this kitchen changed everything ✨ Luxury kitchen transformation From empty space → a kitchen that feels straight,https://www.instagram.com/reel/DXCuw34jVm4/,https://www.instagram.com/popular/dream-kitchen/,r1_00
dream-kitchen,12,decorworld_interiorsolution,DHQl-4tRCWP,47.3K,47300,A ultra premium Kitchen design #kitchendecor #kitchendesign #kitcheninspo #kitchenremodel #kitcheninspiration #kitchengadgets #kitchenappliance,https://www.instagram.com/reel/DHQl-4tRCWP/,https://www.instagram.com/popular/dream-kitchen/,r1_00
kitchen-design,1,thekitchenguy,DUsvJg1EmYt,1.1M,1100000,I'm not a fan of cutting outlets into a natural marble backsplash. That's why I use plug molds under,https://www.instagram.com/reel/DUsvJg1EmYt/,https://www.instagram.com/popular/kitchen-design/,r1_00
kitchen-design,2,inside_142,C9HhYw3MmE_,6.2M,6200000,Adding fruit = adding colour right? 🍌 🍑 For all of the haters I've had over the years about my,https://www.instagram.com/reel/C9HhYw3MmE_/,https://www.instagram.com/popular/kitchen-design/,r1_00
kitchen-design,3,frenchandbeyond.design,DW4okNkjMlY,1.6M,1600000,"Design by Laurence 🤍 Small footprint, bold presence. A moody kitchen brought to life with rich tones",https://www.instagram.com/reel/DW4okNkjMlY/,https://www.instagram.com/popular/kitchen-design/,r1_00
kitchen-design,4,styltechinterior_official,DVn8laHklGZ,3.6M,3600000,This Kitchen Design Looks So Smooth 😍✨,https://www.instagram.com/reel/DVn8laHklGZ/,https://www.instagram.com/popular/kitchen-design/,r1_00
kitchen-design,5,pune_designer,DW2355fiMXs,4.5M,4500000,On site… Home vibes ♥️ kitchen #kitchendesign #kitchen Kids Bedroom #kidsbedroom #kids #kidsdecor,https://www.instagram.com/reel/DW2355fiMXs/,https://www.instagram.com/popular/kitchen-design/,r1_00
kitchen-design,6,eigsticonstruction,DU9gCl-Du3V,3M,3000000,Everyone needs this in their kitchen… A walk-in hidden pantry! Open it up and you've got a whole,https://www.instagram.com/reel/DU9gCl-Du3V/,https://www.instagram.com/popular/kitchen-design/,r1_00
kitchen-design,7,alusmaninteriorsarchitect,DWrHl_2jO-b,1.4M,1400000,A modern kitchen designed to maximize both functionality and visual appeal. This layout integrates a sleek breakfast,https://www.instagram.com/reel/DWrHl_2jO-b/,https://www.instagram.com/popular/kitchen-design/,r1_00
kitchen-design,8,amrusha.jain,DPUUxW6k8NP,799K,799000,"✨A kitchen that proves small can be stunning. ✨ Acrylic finish in soft tones with gold detailing, designed",https://www.instagram.com/reel/DPUUxW6k8NP/,https://www.instagram.com/popular/kitchen-design/,r1_00
kitchen-design,9,2pdesigners,DJIOmcFuzX4,298K,298000,Your kitchen deserves charm without losing functionality. Designing a stylish and practical space is all about smart,https://www.instagram.com/reel/DJIOmcFuzX4/,https://www.instagram.com/popular/kitchen-design/,r1_00
kitchen-design,10,the_professional_wood_creator,DTm-Y5niFvX,222K,222000,Design kitchen,https://www.instagram.com/reel/DTm-Y5niFvX/,https://www.instagram.com/popular/kitchen-design/,r1_00
kitchen-design,11,ibuilddevelopers,DT38DJdgRAh,175K,175000,#weekendishere,https://www.instagram.com/reel/DT38DJdgRAh/,https://www.instagram.com/popular/kitchen-design/,r1_00
kitchen-design,12,ayushi.goyal.designs,DJbufSbTiWh,790K,790000,Read caption for more details 👇👇 Step into Mr. Kishore's stunning kitchen—where every inch reflects thoughtful,https://www.instagram.com/reel/DJbufSbTiWh/,https://www.instagram.com/popular/kitchen-design/,r1_00
luxury-bathroom,1,atelier.karolina,DVyzy-UEabK,200K,200000,Same bathroom. Two design directions. 🖤🤍 #bathroomdesign #bathroominspo #bathroomremodel,https://www.instagram.com/reel/DVyzy-UEabK/,https://www.instagram.com/popular/luxury-bathroom/,r1_01
luxury-bathroom,2,brittnietravellerdesign,DXsEYFpkl-z,135K,135000,A look inside the primary suite bathroom from our latest spec build. Designed to feel,https://www.instagram.com/reel/DXsEYFpkl-z/,https://www.instagram.com/popular/luxury-bathroom/,r1_01
luxury-bathroom,3,karim.eltaher.designs,DSFmnmIAlYb,1.3M,1300000,Luxury bathroom🖤 ✨🪄 Make your dreams🤩🖤 #homedecor #designinspiration #architect,https://www.instagram.com/reel/DSFmnmIAlYb/,https://www.instagram.com/popular/luxury-bathroom/,r1_01
luxury-bathroom,4,ariellahorowitzdesigngroup,Co0rlSCpnVx,106K,106000,Heavenly master bathroom just completed for truly wonderful clients ✨🛁🫧🖤 •,https://www.instagram.com/reel/Co0rlSCpnVx/,https://www.instagram.com/popular/luxury-bathroom/,r1_01
luxury-bathroom,5,laurahammett.interiors,C0R3M2XqOoj,1.4M,1400000,Take a tour of the principal bathroom at our Swiss Lakehouse🇨🇭 . #marblebatheoom #b,https://www.instagram.com/reel/C0R3M2XqOoj/,https://www.instagram.com/popular/luxury-bathroom/,r1_01
luxury-bathroom,6,theraj_interior,DTrgOnZk3v-,1.8M,1800000,Luxury Bathroom Design That Feels Like a 5⭐ Hotel ✨ #LuxuryBathroom #ModernInterior,https://www.instagram.com/reel/DTrgOnZk3v-/,https://www.instagram.com/popular/luxury-bathroom/,r1_01
luxury-bathroom,7,diachok.architects,DQWtLwbDNR9,714K,714000,"We all need moments that feel like a pause. Not a getaway, just a few minutes that belong",https://www.instagram.com/reel/DQWtLwbDNR9/,https://www.instagram.com/popular/luxury-bathroom/,r1_01
luxury-bathroom,8,nemoza_interiors,DV9K7tciJ0p,785K,785000,Your bathroom deserves more than guesswork. Every luxury bathroom we design starts with one,https://www.instagram.com/reel/DV9K7tciJ0p/,https://www.instagram.com/popular/luxury-bathroom/,r1_01
luxury-bathroom,9,pride_and__property,DSDLwESDXfY,2.5M,2500000,Luxury Bathroom,https://www.instagram.com/reel/DSDLwESDXfY/,https://www.instagram.com/popular/luxury-bathroom/,r1_01
luxury-bathroom,10,ihsansamhoun.interiors,DVbq2h7jHlv,213K,213000,"✨️ Luxurious Master Bathroom, marble, wood, gold! . . . #lightingdecor #lighting #lightdes",https://www.instagram.com/reel/DVbq2h7jHlv/,https://www.instagram.com/popular/luxury-bathroom/,r1_01
luxury-bathroom,11,nightshade.bh,DSnimZbAPYH,225K,225000,"A master bathroom designed as a calm, intimate retreat, where natural textures, warm wood",https://www.instagram.com/reel/DSnimZbAPYH/,https://www.instagram.com/popular/luxury-bathroom/,r1_01
luxury-bathroom,12,jareef__saifi,DV6PVtjATXq,53K,53000,Luxury Bathroom Interior With Stone Wall & Marble Floor ✨ #bathroomdesign #interiordesign,https://www.instagram.com/reel/DV6PVtjATXq/,https://www.instagram.com/popular/luxury-bathroom/,r1_01
bathroom-design,1,luxoraify,DZo_K7KAw46,167K,167000,"😍 Small Space, Big Luxury – Bathroom Transformation Goals #bathroom #explore #trendingreels #interiordesign #trending",https://www.instagram.com/reel/DZo_K7KAw46/,https://www.instagram.com/popular/bathroom-design/,r1_01
bathroom-design,2,mk_contrctor_and_builders,DbYWcQNvxsB,871K,871000,#bathroom #bathroomdesign #video #trendingdesigns #bathroomsofinstagram,https://www.instagram.com/reel/DbYWcQNvxsB/,https://www.instagram.com/popular/bathroom-design/,r1_01
bathroom-design,3,my.bell.house,DWUYYeTkcY7,654K,654000,Small bathroom inspo 😍 our guest bath downstairs is one of my favorite designs ✨ Comment BATHROOM for links 🔗 #bathroominspo #modernbathroom #homeinsp,https://www.instagram.com/reel/DWUYYeTkcY7/,https://www.instagram.com/popular/bathroom-design/,r1_01
bathroom-design,4,decorrwitms,DbLl2eEtYWH,1.2M,1200000,A beautiful bathroom isn't just about tiles and fittings—the right dimensions make it comfortable to use every day. 🚿 Save this bathroom dimension gui,https://www.instagram.com/reel/DbLl2eEtYWH/,https://www.instagram.com/popular/bathroom-design/,r1_01
bathroom-design,5,arc_needs,C_5jH3pMVL1,748K,748000,"Installing a urinal above 65cm can result in several issues, such as discomfort for users and inefficient use of bathroom space. When positioned too h",https://www.instagram.com/reel/C_5jH3pMVL1/,https://www.instagram.com/popular/bathroom-design/,r1_01
bathroom-design,6,engineering_school_9,DanaEFQoayI,848K,848000,Small Bathroom Layout Design | Standard Bathroom Dimensions & Space Planning Guide 😱 Planning a small bathroom? Learn the standard bathroom dimensions,https://www.instagram.com/reel/DanaEFQoayI/,https://www.instagram.com/popular/bathroom-design/,r1_01
bathroom-design,7,designedbeneath,DYCbaHUzwGG,488K,488000,"Do you still think a small bathroom can't look luxurious? 🛁✨ A well-designed small space can feel warmer, richer, and more premium than a big one. #in",https://www.instagram.com/reel/DYCbaHUzwGG/,https://www.instagram.com/popular/bathroom-design/,r1_01
bathroom-design,8,magadhinterior,DZPeyiKTGkk,586K,586000,"​From mood board to reality. ✨ Watch how we pair dramatic marble textures with earthy porcelain tones to create five distinct, high-end bathroom conce",https://www.instagram.com/reel/DZPeyiKTGkk/,https://www.instagram.com/popular/bathroom-design/,r1_01
bathroom-design,9,bathroomguide_,DYeLm-FBkrJ,1M,1000000,"These measurements have been viewed tens of millions of times, so here it is again!! Measurement List 👇 🚀P.S If you want to learn how to create your o",https://www.instagram.com/reel/DYeLm-FBkrJ/,https://www.instagram.com/popular/bathroom-design/,r1_01
bathroom-design,10,mrsbarbarankansah,DTf7ZD1CVPR,21.7K,21700,"Small Bathroom Transformation Reveal! ✨ As a mompreneur always on the go, I needed a space to reset and restore. I turned my outdated bathroom into a",https://www.instagram.com/reel/DTf7ZD1CVPR/,https://www.instagram.com/popular/bathroom-design/,r1_01
bathroom-design,11,linecraft_in,DYoZa32Si3T,12.6K,12600,"Your bathroom should feel like a luxury spa, not just a utility space ✨🚿 These 5 bathroom must-haves are trending in 2026 because they make the space",https://www.instagram.com/reel/DYoZa32Si3T/,https://www.instagram.com/popular/bathroom-design/,r1_01
bathroom-design,12,4ydesigns,DXu-_jDDRQ7,"1,901",1901,"It's not just a functional space. It's your own personal retreat. Warm wood textures. Serene stone tones. Wrap-around, strategic lighting. A bathroom",https://www.instagram.com/reel/DXu-_jDDRQ7/,https://www.instagram.com/popular/bathroom-design/,r1_01
walk-in-closet,1,ulohlifestyl,DSew2hjjDVz,24.2K,24200,"Folaz Walk-In Closet. Designed as more than storage, this space tells a story of modern livi",https://www.instagram.com/reel/DSew2hjjDVz/,https://www.instagram.com/popular/walk-in-closet/,r1_01
walk-in-closet,2,pebdesign_,DVWXX4YiMzw,11.5K,11500,✨ This is what happens when your closet is designed for your lifestyle — not just for storage,https://www.instagram.com/reel/DVWXX4YiMzw/,https://www.instagram.com/popular/walk-in-closet/,r1_01
walk-in-closet,3,kuchecucina,DaS_liaNngq,153K,153000,Closet goals unlocked ✨ His vs hers closet… and hers clearly won this round 😅,https://www.instagram.com/reel/DaS_liaNngq/,https://www.instagram.com/popular/walk-in-closet/,r1_01
walk-in-closet,4,bellalusso_interiors,DW6IA4YDSwH,13.5K,13500,A tour of pure luxury.✨ Explore the stunning features and effortless flow of our stunning walk in closet,https://www.instagram.com/reel/DW6IA4YDSwH/,https://www.instagram.com/popular/walk-in-closet/,r1_01
walk-in-closet,5,klosetworx,DaYMvFlp6Rq,303K,303000,✨ Every girl's dream closet starts with one beautiful idea. Imagine opening the door to a space where,https://www.instagram.com/reel/DaYMvFlp6Rq/,https://www.instagram.com/popular/walk-in-closet/,r1_01
walk-in-closet,6,queeninspireddesigns,DbOHDVWKGCX,417K,417000,"✨Lights, Camera, Action✨ The revel isn't what's inside… it's the potential 🤍 Every dream closet",https://www.instagram.com/reel/DbOHDVWKGCX/,https://www.instagram.com/popular/walk-in-closet/,r1_01
walk-in-closet,7,melissavaupel.estates,DYdGP64y3UN,96.6K,96600,His & Hers 👔👗👠 Incredible closet setup at this $55 million dollar mansion in Los Angeles 🤩,https://www.instagram.com/reel/DYdGP64y3UN/,https://www.instagram.com/popular/walk-in-closet/,r1_01
walk-in-closet,8,artemarmolcol,DN1ouM23jHl,69.5K,69500,"Descubre cómo un walk in closet puede convertirse en el espacio soñado para organizar, exhibir y",https://www.instagram.com/reel/DN1ouM23jHl/,https://www.instagram.com/popular/walk-in-closet/,r1_01
walk-in-closet,9,eunique_furnitureng,DUBKoqsjGip,91.7K,91700,Whatever the song says is how we feel about this Beautiful walkin closet we designed for PROJECT,https://www.instagram.com/reel/DUBKoqsjGip/,https://www.instagram.com/popular/walk-in-closet/,r1_01
walk-in-closet,10,rebeccalouise_reallife,C47SahtKIlX,3M,3000000,My wardrobe 🤍 Lighting is everything in a walk in wardrobe. You can have the most beautiful,https://www.instagram.com/reel/C47SahtKIlX/,https://www.instagram.com/popular/walk-in-closet/,r1_01
walk-in-closet,11,cocinasintegralesjv,DJo4QLktHJz,24M,24000000,#carpinteriaarquitectonica #walkingcloset #carpinteria #closets #closetbucaramanga #diseñodeinte,https://www.instagram.com/reel/DJo4QLktHJz/,https://www.instagram.com/popular/walk-in-closet/,r1_01
walk-in-closet,12,161london,DHjI3StICpD,592K,592000,Walk in wardrobe design at our Grosvenor Square project,https://www.instagram.com/reel/DHjI3StICpD/,https://www.instagram.com/popular/walk-in-closet/,r1_01
luxury-closet,1,itsblankcreative,DWO-wRhgK7L,230K,230000,This incredible home is listed by @senadaadzem • #closet #fashion #mansion #designer,https://www.instagram.com/reel/DWO-wRhgK7L/,https://www.instagram.com/popular/luxury-closet/,r1_01
luxury-closet,2,sapphireluxuryhomes,DFflnKMPNeh,85.9K,85900,"Dream closets do exist, and this one takes it to a whole new level—literally. A 2-storey walk-in closet gives you all the room you need to store, orga",https://www.instagram.com/reel/DFflnKMPNeh/,https://www.instagram.com/popular/luxury-closet/,r1_01
luxury-closet,3,the.princess.mini,DItw578RlXA,674K,674000,"today's the day, finally moving all my stuff into my closet room after 1.5 years of having all my stuff in our upstairs hallway 🎀",https://www.instagram.com/reel/DItw578RlXA/,https://www.instagram.com/popular/luxury-closet/,r1_01
luxury-closet,4,philkeandesigngroup,DSGQeRiEvi1,3.7M,3700000,The closet *you* need ✨ Follow for more home inspiration. #PhilKeanDesignGroup #ClosetGoals #LuxuryCustomHome #CustomCloset,https://www.instagram.com/reel/DSGQeRiEvi1/,https://www.instagram.com/popular/luxury-closet/,r1_01
luxury-closet,5,missvanediva,DEQulkZx-ow,305K,305000,Obsessed with my closet ❤️ so much thought went into every detail 🥹,https://www.instagram.com/reel/DEQulkZx-ow/,https://www.instagram.com/popular/luxury-closet/,r1_01
luxury-closet,6,chase_amie,ChAXLVjAxby,383K,383000,Did a little mid year clean-out! ✨ Taking advantage of that 2nd trimester energy whilst it's still here haha 😍✨❤️,https://www.instagram.com/reel/ChAXLVjAxby/,https://www.instagram.com/popular/luxury-closet/,r1_01
luxury-closet,7,danbcustomclosets,DLF31imOez9,21K,21000,"Luxury, refined. ✨ This custom walk-in closet is the definition of dream closet. With warm wood tones, shaker drawer fronts, ambient LED lighting, ele",https://www.instagram.com/reel/DLF31imOez9/,https://www.instagram.com/popular/luxury-closet/,r1_01
luxury-closet,8,americasrealtygroup,DCfljsyv0bR,1.2M,1200000,"The closet SHE deserves!😌 🔎Looking for a home in Texas? DM us ""TEXAS HOME"" to get started! 🥂",https://www.instagram.com/reel/DCfljsyv0bR/,https://www.instagram.com/popular/luxury-closet/,r1_01
luxury-closet,9,ulohlifestyl,DSew2hjjDVz,24.2K,24200,"Folaz Walk-In Closet. Designed as more than storage, this space tells a story of modern living and quiet luxury. Warm wood finishes blend seamlessly w",https://www.instagram.com/reel/DSew2hjjDVz/,https://www.instagram.com/popular/luxury-closet/,r1_01
luxury-closet,10,ibuilddevelopers,DT_pHXdgeTh,209K,209000,#closet,https://www.instagram.com/reel/DT_pHXdgeTh/,https://www.instagram.com/popular/luxury-closet/,r1_01
luxury-closet,11,lux_mommy,CxdmZCUugqp,5.3M,5300000,👉🏼Who wants a closet tour??? Comment CLOSET and I'll DM you a link to my door handle! #closettour #closetorganization #closetgoals #dreamcloset #close,https://www.instagram.com/reel/CxdmZCUugqp/,https://www.instagram.com/popular/luxury-closet/,r1_01
luxury-closet,12,lvclosetdesign,DQ77Qe_gSdS,2.2M,2200000,This transformation is one of my toughest challenges to date! Fitting everything AND more than what was shown in the before video while also redirecti,https://www.instagram.com/reel/DQ77Qe_gSdS/,https://www.instagram.com/popular/luxury-closet/,r1_01
home-theater,1,bespokehomecinemas,DCj0SBAMUhU,35.9K,35900,Want to see how we transform an empty room into a dedicated cinema in only 10 days? Here you go!,https://www.instagram.com/reel/DCj0SBAMUhU/,https://www.instagram.com/popular/home-theater/,r1_01
home-theater,2,camxpetra,DD098YyRf4K,87.4K,87400,"This is what MOVIE NIGHT at our house looks like!🍿 Thank you, @svs_sound, for helping us with this epic upgrade",https://www.instagram.com/reel/DD098YyRf4K/,https://www.instagram.com/popular/home-theater/,r1_01
home-theater,3,justvideowalls,DP9iatjAGnw,200K,200000,Just a couple dudes watching a super manly trailer 🫡 Not afraid to say it! Lilo and Stitch looks and sounds awesome,https://www.instagram.com/reel/DP9iatjAGnw/,https://www.instagram.com/popular/home-theater/,r1_01
home-theater,4,airwaveav,DFOV5cOg8yV,49.9K,49900,Home Cinema of dreams 🍿 This is one of our favourite rooms ever completed for a private client in the South East.,https://www.instagram.com/reel/DFOV5cOg8yV/,https://www.instagram.com/popular/home-theater/,r1_01
home-theater,5,home_automation_panipat,DUri1kQk42N,86K,86000,Home thatre 4K projector,https://www.instagram.com/reel/DUri1kQk42N/,https://www.instagram.com/popular/home-theater/,r1_01
home-theater,6,palmlivingae,DTpCYjokXpq,968K,968000,"Your dream home cinema room awaits ☁️ Take movie nights to the next level with a bespoke home cinema room, designed",https://www.instagram.com/reel/DTpCYjokXpq/,https://www.instagram.com/popular/home-theater/,r1_01
home-theater,7,girardteam,C9FRKpjOSoi,6.3M,6300000,𝐄𝐏𝐈𝐂 𝐇𝐨𝐦𝐞 𝐓𝐡𝐞𝐚𝐭𝐫𝐞 🎥 𝘛𝘢𝘨 𝘢 𝘧𝘳𝘪𝘦𝘯𝘥 𝘺𝘰𝘶'𝘥 𝘭𝘰𝘷𝘦 𝘵𝘰 𝘸𝘢𝘵𝘤𝘩 𝘺𝘰𝘶𝘳 𝘧𝘢𝘷𝘰𝘶𝘳𝘪𝘵𝘦 𝘮𝘰𝘷𝘪𝘦 𝘸𝘪𝘵𝘩 — 𝘸𝘩𝘢𝘵,https://www.instagram.com/reel/C9FRKpjOSoi/,https://www.instagram.com/popular/home-theater/,r1_01
home-theater,8,archedmanor,CxTdEfOpO9y,2.2M,2200000,"The home theater we built for our friend/client is complete!!! All the details are in a newly published post, comment 'THEATER23' for a",https://www.instagram.com/reel/CxTdEfOpO9y/,https://www.instagram.com/popular/home-theater/,r1_01
home-theater,9,duchess.lifestyle,DDhnRF6Jk5h,871K,871000,Home Theater Reveal…. It's been a long time coming but we finally finished it. I'll be updating more detailed videos on my @,https://www.instagram.com/reel/DDhnRF6Jk5h/,https://www.instagram.com/popular/home-theater/,r1_01
home-theater,10,audiohomeit,C5ttD-fv_Ve,12.3K,12300,"Sala de Home Cinema com tela de 100 polegadas, projeção Full Hd e 7 canais de áudio que envolve toda a sala deixando seus momentos",https://www.instagram.com/reel/C5ttD-fv_Ve/,https://www.instagram.com/popular/home-theater/,r1_01
home-theater,11,itsnovajeff,DH3KaeTRna0,11.7K,11700,Home theater goals at a house for sale in Northern Va. If you are looking for a house like this send me a DM or contact me today 📱,https://www.instagram.com/reel/DH3KaeTRna0/,https://www.instagram.com/popular/home-theater/,r1_01
home-theater,12,annagerarealestate,DU9ATC-khfb,15.1K,15100,"Rainy days call for movie theaters at home… cozy, private, and always the best seat in the house. Which one is your favorite? 🎬🍿",https://www.instagram.com/reel/DU9ATC-khfb/,https://www.instagram.com/popular/home-theater/,r1_01
home-library,1,houseofheron,DUgBmlGCCCI,1.4M,1400000,It's just a home library… THE home library. We built this house knowing one day these walls would hold all the books collecting dust in our garage.,https://www.instagram.com/reel/DUgBmlGCCCI/,https://www.instagram.com/popular/home-library/,r1_01
home-library,2,nikimariephoto,DOEDxVjDSEX,1.7M,1700000,Really underestimated the amount of books I'd needed 🤣,https://www.instagram.com/reel/DOEDxVjDSEX/,https://www.instagram.com/popular/home-library/,r1_01
home-library,3,revolvingbooks,DJzoFbOyfN8,974K,974000,Everyone has the power to build their own library. And it's simpler than you might think. Here's some advice on how you can do it.,https://www.instagram.com/reel/DJzoFbOyfN8/,https://www.instagram.com/popular/home-library/,r1_01
home-library,4,longingtocomehome,DGQYtSbOz6S,36M,36000000,DIY Dreamy Home Library 📚 The most common question we get about our library is how we built the shelves! The construction is pretty simple using 1x10,https://www.instagram.com/reel/DGQYtSbOz6S/,https://www.instagram.com/popular/home-library/,r1_01
home-library,5,realm.of.rae,DcQ7apMKk18,239K,239000,newww home library !! 💌✨ i'm in love! • • • • #bookstagram #homelibrary #billybookcase #diylibrary #booksta,https://www.instagram.com/reel/DcQ7apMKk18/,https://www.instagram.com/popular/home-library/,r1_01
home-library,6,domesticallyblissful,DbYPbcguZ4U,491K,491000,"Roger built me my dream library, and it is one of our favorite rooms in our home! 📚Comment ""LIBRARY"" for decor details in your DM.",https://www.instagram.com/reel/DbYPbcguZ4U/,https://www.instagram.com/popular/home-library/,r1_01
home-library,7,cassandralm,DX6naSPKDyx,135K,135000,"Yes, I do have two home libraries! This was my original home library and it also doubles as my home office. When I ran out of space, we had a new one",https://www.instagram.com/reel/DX6naSPKDyx/,https://www.instagram.com/popular/home-library/,r1_01
home-library,8,bookstack_and_lattes,DcECxF-PDIn,31.8K,31800,Dream DIY Library ✨️ I posted the progress in my story if you're interested 🫶🏻 IKEA BOOKSHELF HACK,https://www.instagram.com/reel/DcECxF-PDIn/,https://www.instagram.com/popular/home-library/,r1_01
home-library,9,homesandgardensofficial,DCFOTHSCPr-,172K,172000,"Having a home library is the dream for book lovers everywhere and this cozy blue space, designed by @pringleandpringle, is the perfect spot to curl up",https://www.instagram.com/reel/DCFOTHSCPr-/,https://www.instagram.com/popular/home-library/,r1_01
home-library,10,the.oracle.of.legend,DcB2VTZMxeK,291K,291000,"""When I have a house of my own, I shall be miserable if I have not an excellent library."" - Jane Austen A dream that so many people take for granted,",https://www.instagram.com/reel/DcB2VTZMxeK/,https://www.instagram.com/popular/home-library/,r1_01
home-library,11,veertamotiani,DRMqeXRiNQ5,781K,781000,"When I first walked into our 300-year-old home, I could feel its history in the walls, but the dining room felt unfinished. A home with this much past",https://www.instagram.com/reel/DRMqeXRiNQ5/,https://www.instagram.com/popular/home-library/,r1_01
home-library,12,twinreadsandreds,DV09IF7AOEA,1.5M,1500000,Our literal dream 😍🥰 #bookstagram #books #bookshelves #homelibrary,https://www.instagram.com/reel/DV09IF7AOEA/,https://www.instagram.com/popular/home-library/,r1_01
luxury-dining-room,1,2pdesigners,DISCNIXO4nK,711K,711000,This is what dining in style looks like. A luxurious dining room designed with intention—where every detail tells a story.,https://www.instagram.com/reel/DISCNIXO4nK/,https://www.instagram.com/popular/luxury-dining-room/,r1_01
luxury-dining-room,2,tarekalkhattab,DQzKZ7KDJz8,255K,255000,Riyadh Project Luxury Dining room 💚🤍🖤🤎 What do you think? By : @tarekalkhattab interiors team,https://www.instagram.com/reel/DQzKZ7KDJz8/,https://www.instagram.com/popular/luxury-dining-room/,r1_01
luxury-dining-room,3,vishnu_xo,DNlNMXASgAS,752K,752000,Modern Luxury Dining Room ✨ Design and visualization by @vishnu_xo @vedic_interior,https://www.instagram.com/reel/DNlNMXASgAS/,https://www.instagram.com/popular/luxury-dining-room/,r1_01
luxury-dining-room,4,byselimfurniture,DQMuxjDCOt2,573K,573000,Luxury dining with timeless gold details. Designed by @byselimfurniture,https://www.instagram.com/reel/DQMuxjDCOt2/,https://www.instagram.com/popular/luxury-dining-room/,r1_01
luxury-dining-room,5,mina__casa,ChRZ_TIsdTL,1.1M,1100000,Dining room 👏🏻 @ridgehome #home #design #mydubai #interior #interiordesign #decor #decoration,https://www.instagram.com/reel/ChRZ_TIsdTL/,https://www.instagram.com/popular/luxury-dining-room/,r1_01
luxury-dining-room,6,luxurydreamhub,DXY-_sGgYkN,50.9K,50900,Dine in elegance where every detail shines. ✨🕯️ A touch of luxury for the perfect evening.,https://www.instagram.com/reel/DXY-_sGgYkN/,https://www.instagram.com/popular/luxury-dining-room/,r1_01
luxury-dining-room,7,_.decor_and_more._,DXKMeOmgjnO,183K,183000,When you design a room with love it always shines through!get inspired by this beautiful dining room,https://www.instagram.com/reel/DXKMeOmgjnO/,https://www.instagram.com/popular/luxury-dining-room/,r1_01
luxury-dining-room,8,abdullahaslanoglu_,C_DtJZ-KOmX,187K,187000,Luxury dining area concept. 😍❤️‍🔥 Designer @abdullahaslanoglu_ #reklam #işbirliği değildir.,https://www.instagram.com/reel/C_DtJZ-KOmX/,https://www.instagram.com/popular/luxury-dining-room/,r1_01
luxury-dining-room,9,roomify.design,DXFzOSZiBeX,55.4K,55400,This dining room just made the whole house feel complete… 🌸✨ From empty space → a soft luxury dining,https://www.instagram.com/reel/DXFzOSZiBeX/,https://www.instagram.com/popular/luxury-dining-room/,r1_01
luxury-dining-room,10,gmjinterior,DQl4ONeEabG,199K,199000,✨ The Art of Dining in Pure Luxury ✨ Step into a realm where every meal becomes a celebration.,https://www.instagram.com/reel/DQl4ONeEabG/,https://www.instagram.com/popular/luxury-dining-room/,r1_01
luxury-dining-room,11,wolferizorinteriors,DXXJ9nPkcxp,"4,868",4868,Wait for it… because this dining room is anything but expected ✨ From the wallpapered ceiling to the statement,https://www.instagram.com/reel/DXXJ9nPkcxp/,https://www.instagram.com/popular/luxury-dining-room/,r1_01
luxury-dining-room,12,the_karighars,DKBlW14swvf,63.9K,63900,"Where conversations flow as beautifully as the design. This luxury dining table, curated by The KariGhars",https://www.instagram.com/reel/DKBlW14swvf/,https://www.instagram.com/popular/luxury-dining-room/,r1_01
home-office-design,1,chic_interiors_by_shante,DHoL7Afu01H,307K,307000,Happy Tuesday! ✨ Is this not the home office of your dreams? In this full transformation I added this beautiful custom built in with locks for securit,https://www.instagram.com/reel/DHoL7Afu01H/,https://www.instagram.com/popular/home-office-design/,r1_01
home-office-design,2,designandcurations,DQ4OegsDBCT,30.6K,30600,"What started as a blank, white space turned into a moody, modern home office filled with texture, personality, and timeless warmth. Phase one of #Proj",https://www.instagram.com/reel/DQ4OegsDBCT/,https://www.instagram.com/popular/home-office-design/,r1_01
home-office-design,3,amandawayburgess,DFWPJSLp0Wt,107K,107000,"✨ Office Reveal ✨ Our built-in cabinets are painted in SW Iron Ore, and I love the moody office vibe. This space is where my entire life gets organize",https://www.instagram.com/reel/DFWPJSLp0Wt/,https://www.instagram.com/popular/home-office-design/,r1_01
home-office-design,4,pocketathome,DXFScnhjSSh,147K,147000,The before and after of our home office transformation ✨👩🏻‍💻 🤍 Details 🤍 Units: @diykitchens Knobs: @hendelandhendel Worktop: @howdensjoinery Chair: @,https://www.instagram.com/reel/DXFScnhjSSh/,https://www.instagram.com/popular/home-office-design/,r1_01
home-office-design,5,lee__desksetup,DF221_nzn78,216K,216000,Home Office🏡🖥️ . . #desk #desksetup #deskgoals #deskspace #deskdecor #deskorganization #deskinspiration #desktour #setup #workspaces #designyourworksp,https://www.instagram.com/reel/DF221_nzn78/,https://www.instagram.com/popular/home-office-design/,r1_01
home-office-design,6,hansendesignfirm,DMJicRauZ4W,18.6K,18600,"A workspace designed to inspire. 🖋️📚 From the custom arched shelving to the layered textures, every detail in this home office invites focus, creativi",https://www.instagram.com/reel/DMJicRauZ4W/,https://www.instagram.com/popular/home-office-design/,r1_01
home-office-design,7,vivekajeet,C9_jbkbyHmM,365K,365000,"""Work, unwind, and wonder amidst greenery 🌿✨"" Designed by @maverick.architects . . . #interior #office #workspace #punecity #interiordesigner #designs",https://www.instagram.com/reel/C9_jbkbyHmM/,https://www.instagram.com/popular/home-office-design/,r1_01
home-office-design,8,kimeyle_home,DQ9om1kiKQ3,1M,1000000,Homeoffice Tour 🤍 #einrichtung #einrichtungsideen #wohnen #wohnung #home #interior #homeoffice #arbeitszimmer #wohnungseinrichtung,https://www.instagram.com/reel/DQ9om1kiKQ3/,https://www.instagram.com/popular/home-office-design/,r1_01
home-office-design,9,the.sustainable.bungalow,DM7vWgbq-gL,18.2K,18200,"Our office ✨️ Brief : Moody, character, earthy tones, storage, organised, and plants, lots of plants 🪴 We bought the desk from @antiques_ireland in 20",https://www.instagram.com/reel/DM7vWgbq-gL/,https://www.instagram.com/popular/home-office-design/,r1_01
home-office-design,10,harebell_grove,C7CaH1YLr2G,73.1K,73100,A throwback to how my office began … I can tell you this for free it is NOT this tidy and HAS turned into the bump it room 🤣🤣🤣🤭 Hope you're all having,https://www.instagram.com/reel/C7CaH1YLr2G/,https://www.instagram.com/popular/home-office-design/,r1_01
home-office-design,11,beliani_nl,CxUxzLQoaA8,482,482,Zeg maar dag tegen saaie bureaustoelen! Duik in een wereld van ergonomische elegantie en stijl. Herdefinieer je werkplek met de perfecte mix van funct,https://www.instagram.com/reel/CxUxzLQoaA8/,https://www.instagram.com/popular/home-office-design/,r1_01
home-office-design,12,jameshardieau,CwZgz3StlJu,"6,931",6931,"Who is excited for the home office reveals on #TheBlock tomorrow? If you're as inspired as we are by the creation of these spaces, you'll want to hear",https://www.instagram.com/reel/CwZgz3StlJu/,https://www.instagram.com/popular/home-office-design/,r1_01
kids-room-design,1,vrishtidesigns,DKgm22aRXdk,206K,206000,"A little world where dreams begin. Soft hues, gentle light, and everything they love",https://www.instagram.com/reel/DKgm22aRXdk/,https://www.instagram.com/popular/kids-room-design/,r1_01
kids-room-design,2,dreamintrodesigns,DFzp9kasyef,1.8M,1800000,"Kids Bedroom Design ✨ . . . Project Details: 3BHK Interior Project,Panchshil Towers, Kha",https://www.instagram.com/reel/DFzp9kasyef/,https://www.instagram.com/popular/kids-room-design/,r1_01
kids-room-design,3,georgewu_udhkids,DWskkoJB5q2,121K,121000,Kids' room design that fills their growing space with fun and dreams ✨,https://www.instagram.com/reel/DWskkoJB5q2/,https://www.instagram.com/popular/kids-room-design/,r1_01
kids-room-design,4,georgewu_udhkids,DV8L0eZJDPn,2.1M,2100000,A 10m² kids' room styled like this feels incredibly cozy 🛏️🌤️,https://www.instagram.com/reel/DV8L0eZJDPn/,https://www.instagram.com/popular/kids-room-design/,r1_01
kids-room-design,5,tnt_interiors,DWtH-I6jVWW,59.7K,59700,Because every child deserves a magical room ✨,https://www.instagram.com/reel/DWtH-I6jVWW/,https://www.instagram.com/popular/kids-room-design/,r1_01
kids-room-design,6,felifam_worldwide,DJi-5kqoL8x,132K,132000,"A room for two sisters — Lucrezia (4 y.o.) and Beatrice (2 y.o.) 14.8 m² | Gaeta, Italy",https://www.instagram.com/reel/DJi-5kqoL8x/,https://www.instagram.com/popular/kids-room-design/,r1_01
kids-room-design,7,henriq.arq,DVSEyhIjoR0,280K,280000,🌳💚Jungle Theme Kids Room with Custom Loft Bed and Indoor Play Area ​ 🦁 Custom wood tree p,https://www.instagram.com/reel/DVSEyhIjoR0/,https://www.instagram.com/popular/kids-room-design/,r1_01
kids-room-design,8,rekha_interiors,DPjNmoojDUn,69.8K,69800,KIDS BEDROOM but make it AESTHETIC🎀 Double tap♥️ if this setup melts your heart🫠,https://www.instagram.com/reel/DPjNmoojDUn/,https://www.instagram.com/popular/kids-room-design/,r1_01
kids-room-design,9,muttimo_kids,DH6rbDwNGSo,84.4K,84400,"En şık genç odaları , her yaşa uyumlu modeller , çocuk odası tasarımları , bebek odaları ve iç mi",https://www.instagram.com/reel/DH6rbDwNGSo/,https://www.instagram.com/popular/kids-room-design/,r1_01
kids-room-design,10,nainitalinterior,DFczI6Ihobl,49.7K,49700,Beautiful kids room design by @nainitalinterior contact us for #interiordesign 📍site #greater,https://www.instagram.com/reel/DFczI6Ihobl/,https://www.instagram.com/popular/kids-room-design/,r1_01
kids-room-design,11,conceptual_interior_studio,DWEqx2-iQSQ,50.3K,50300,14ft x 12ft kids room design . . . . . #noidainterior #noidaextensioninterior #viralinterior,https://www.instagram.com/reel/DWEqx2-iQSQ/,https://www.instagram.com/popular/kids-room-design/,r1_01
kids-room-design,12,interiorbymumbi,DX_7GgzRWxg,17.6K,17600,amazing kids room design & interior by tanvi ✨ #InteriorDesign #HomeDecor #DreamHome #ModernL,https://www.instagram.com/reel/DX_7GgzRWxg/,https://www.instagram.com/popular/kids-room-design/,r1_01
rooftop-terrace,1,er.interio01,DWpzf3-D_Af,25.1K,25100,New home rooftop terrace design share to your love ones #rooftop #terrace #homedecor #newhome #trend,https://www.instagram.com/reel/DWpzf3-D_Af/,https://www.instagram.com/popular/rooftop-terrace/,r1_01
rooftop-terrace,2,aluminium_glass_design,C-t4FLKJhwy,52.4K,52400,"Transform your rooftop terrace into a cozy oasis! 🌿✨ Check out this stunning decor makeover, perfect for summer nights",https://www.instagram.com/reel/C-t4FLKJhwy/,https://www.instagram.com/popular/rooftop-terrace/,r1_01
rooftop-terrace,3,dreamimaged,DUfZAuIDxEj,"5,095",5095,"Urban rooftop nights done right 🌙✨ A cozy terrace made for socializing, dining and city views. #RooftopGarden #TerraceDesign #UrbanLiving",https://www.instagram.com/reel/DUfZAuIDxEj/,https://www.instagram.com/popular/rooftop-terrace/,r1_01
rooftop-terrace,4,space_design_fx,C5PrBZESAzB,16.6K,16600,ROOFTOP DESIGN #rooftopdesign,https://www.instagram.com/reel/C5PrBZESAzB/,https://www.instagram.com/popular/rooftop-terrace/,r1_01
rooftop-terrace,5,balcony_decorators,DMITF2GoBfh,90.3K,90300,Rooftop terrace and design for your home #rooftop #roof #instagood #design #interiordesign #homedecor #instagram #home #instadaily #trendingreels,https://www.instagram.com/reel/DMITF2GoBfh/,https://www.instagram.com/popular/rooftop-terrace/,r1_01
rooftop-terrace,6,civilengineernogesh,DIvtC5aP4VO,"8,097",8097,Rooftop Terrace Rooftop Garden #building #elevation #viral #luxuryhome #india #construction #home #home #realstate #realstate,https://www.instagram.com/reel/DIvtC5aP4VO/,https://www.instagram.com/popular/rooftop-terrace/,r1_01
rooftop-terrace,7,moderninteriordesign___,CtepYzaAyKH,"3,339",3339,Beautiful rooftop terrace design with us❤️ @moderninteriordesign2023 #terrace #ideas #Interior #design #arcitecture,https://www.instagram.com/reel/CtepYzaAyKH/,https://www.instagram.com/popular/rooftop-terrace/,r1_01
rooftop-terrace,8,d_design.studio._,DU0_4QEEuAM,165K,165000,Cozy chats. Skyline sips. Elevated evenings. From slow coffee mornings to rooftop bar nights — this terrace was designed to live beauti,https://www.instagram.com/reel/DU0_4QEEuAM/,https://www.instagram.com/popular/rooftop-terrace/,r1_01
rooftop-terrace,9,purrubykushagraa,C4iOHSrI4kK,124K,124000,A beautiful evening from our project Aangan. A beautiful rooftop terrace created at a high rise building.,https://www.instagram.com/reel/C4iOHSrI4kK/,https://www.instagram.com/popular/rooftop-terrace/,r1_01
rooftop-terrace,10,cypressbuildingsolution,DE-PopKyDGL,36.2K,36200,"Why to go and spend money outside on restaurants, give your rooftop an hotel feel. Dm for rates +918699955589 or +919888096889. #rooftop #rooftops #ro",https://www.instagram.com/reel/DE-PopKyDGL/,https://www.instagram.com/popular/rooftop-terrace/,r1_01
rooftop-terrace,11,kar_modular_kitchen,DKtFQ5UTzyX,10.5K,10500,🌟 Luxury Rooftop Terrace by KAR Modular Kitchen Your private paradise in the sky. Our luxury rooftop terrace designs transform your top,https://www.instagram.com/reel/DKtFQ5UTzyX/,https://www.instagram.com/popular/rooftop-terrace/,r1_01
rooftop-terrace,12,_spectrum_interiors,DTAdJiJCiJF,"1,286",1286,Imagine the evening and your rooftop heaven 🪴🏡 . . #terracedesign #terrace #terracegarden #terraceview #terracedecor,https://www.instagram.com/reel/DTAdJiJCiJF/,https://www.instagram.com/popular/rooftop-terrace/,r1_01
outdoor-kitchen,1,paulmarkkitchens,DKAY9BAIqv6,1.7M,1700000,Check out this amazing Outdoor Kitchen pod that we built what do you think?🙌🙌,https://www.instagram.com/reel/DKAY9BAIqv6/,https://www.instagram.com/popular/outdoor-kitchen/,r1_01
outdoor-kitchen,2,desertmidmod.atx,DL2VU8EOcNX,7.7M,7700000,One step away from finishing our weatherproof outdoor kitchen 🙌🏼 parts 1-3 are already live,https://www.instagram.com/reel/DL2VU8EOcNX/,https://www.instagram.com/popular/outdoor-kitchen/,r1_01
outdoor-kitchen,3,paulmarkkitchens,DHEOd6moA-6,NA,,Time to start thinking about your outdoor kitchens ready in time for summer. DM me any questions,https://www.instagram.com/reel/DHEOd6moA-6/,https://www.instagram.com/popular/outdoor-kitchen/,r1_01
outdoor-kitchen,4,project_ivel,DUaCLDjAjnW,311K,311000,Build a DIY Outdoor BBQ Kitchen for under £500 🍗 🔨 We built ours two years ago in autumn,https://www.instagram.com/reel/DUaCLDjAjnW/,https://www.instagram.com/popular/outdoor-kitchen/,r1_01
outdoor-kitchen,5,pmkpod,DUNWW5NiL9l,4.6M,4600000,Order your PMK Pod Now for delivery June just in time for the World Cup ⚽️⚽️⚽️,https://www.instagram.com/reel/DUNWW5NiL9l/,https://www.instagram.com/popular/outdoor-kitchen/,r1_01
outdoor-kitchen,6,fromrawto_real,DVGz_aNE_76,272K,272000,"Luxury Outdoor Pavilion | Poolside Pergola, Fireplace & Outdoor Kitchen #designinspiration",https://www.instagram.com/reel/DVGz_aNE_76/,https://www.instagram.com/popular/outdoor-kitchen/,r1_01
outdoor-kitchen,7,the_bbq_store,DIwhkPvP7xC,31.3K,31300,➡️ Send this to the chef of the family! 👨🏽‍🍳 We build custom outdoor kitchens tailored to fit,https://www.instagram.com/reel/DIwhkPvP7xC/,https://www.instagram.com/popular/outdoor-kitchen/,r1_01
outdoor-kitchen,8,suns.lifestyle,DP0992EiL4L,37.4K,37400,"Ditch the ordinary BBQ and step up to a state-of-the-art, modular outdoor kitchen 🔥💫",https://www.instagram.com/reel/DP0992EiL4L/,https://www.instagram.com/popular/outdoor-kitchen/,r1_01
outdoor-kitchen,9,bbqislandsanddesigns,DUwE2j9kger,6.2M,6200000,"One of our most popular layouts for a reason 😍 Functional, stylish, and made to last.",https://www.instagram.com/reel/DUwE2j9kger/,https://www.instagram.com/popular/outdoor-kitchen/,r1_01
outdoor-kitchen,10,paulmarkkitchens,DBKFpVDoZzM,135M,135000000,Who would love one of these in their garden? #bbq #outdoorcooking #kitchen #outdoorliving,https://www.instagram.com/reel/DBKFpVDoZzM/,https://www.instagram.com/popular/outdoor-kitchen/,r1_01
outdoor-kitchen,11,bramleyandbear,DWW_A3fAsq3,207K,207000,I cannot wait for a summer of alfresco cooking and dining 💛🌼☀️🍔🍕🍽️,https://www.instagram.com/reel/DWW_A3fAsq3/,https://www.instagram.com/popular/outdoor-kitchen/,r1_01
outdoor-kitchen,12,life.vs.sarah,DROj51jEvC7,764K,764000,OUTDOOR KITCHEN COST BREAKDOWN 💸✨ Here's exactly what we spent building our DIY outdoor kitchen,https://www.instagram.com/reel/DROj51jEvC7/,https://www.instagram.com/popular/outdoor-kitchen/,r1_01
japandi,1,02xh.o,DdW_0-CAk7K,202K,202000,Recomendando 3 marcas de Taobao para vestir Japandi:) #fashion #japandi,https://www.instagram.com/reel/DdW_0-CAk7K/,https://www.instagram.com/popular/japandi/,r1_02
japandi,2,byreginamalina,Db7RZhop0WP,2.1M,2100000,Japandi style 2.0,https://www.instagram.com/reel/Db7RZhop0WP/,https://www.instagram.com/popular/japandi/,r1_02
japandi,3,maisyleigh,Dc2OApkuyMt,466K,466000,welcome to my cozy japandi home ✨🍃🕯️ comment LINK and I'll send you everything in our living room ☁️,https://www.instagram.com/reel/Dc2OApkuyMt/,https://www.instagram.com/popular/japandi/,r1_02
japandi,4,s4b_sh,DbTum4FuA0t,306K,306000,Top: @bayek.couture Pants: @besideskimchi Shoes: @6crayon Bag: @parallelxstudio Tie: @celio_benormal . . . #outfitinspo #japanesefashion #japandi #ootd #allblack,https://www.instagram.com/reel/DbTum4FuA0t/,https://www.instagram.com/popular/japandi/,r1_02
japandi,5,hardwarerenaissance,Dc6urfAgl1U,321K,321000,"Japandi is what happens when two cultures, separated by thousands of miles, arrive at the same conclusion about what a beautiful space should feel like. A mix of Japanese minimalism and Scandinavian simplicity",https://www.instagram.com/reel/Dc6urfAgl1U/,https://www.instagram.com/popular/japandi/,r1_02
japandi,6,byreginamalina,Db7R6lrJBF6,256K,256000,Japandi aesthetic part 2,https://www.instagram.com/reel/Db7R6lrJBF6/,https://www.instagram.com/popular/japandi/,r1_02
japandi,7,sallyswelt,Da5tWbWMwyP,980K,980000,Anzeige | @fingerhaus 🏡 Endlich kann ich euch die Room Tour vom neuen FingerHaus Musterhaus zeigen! 😍 Dieses Haus durfte ich gemeinsam mit FingerHaus mitgestalten - von den ersten Ideen,https://www.instagram.com/reel/Da5tWbWMwyP/,https://www.instagram.com/popular/japandi/,r1_02
japandi,8,jermrugs,DaVu1dXowjz,1.3M,1300000,⁨ ⁨ نسيم الساكورا: هدوء ياباني-سكندناڤي (Japandi) بروح خليجية. سجادة مصممة لتنساب مع المكان، لا لتملأه فقط. أغصان ناعمة، أزهار هادئة، وتفاصيل يدوية تجعل المجلس أكثر دفئاً واتزاناً⁩⁩,https://www.instagram.com/reel/DaVu1dXowjz/,https://www.instagram.com/popular/japandi/,r1_02
japandi,9,casa.mees,Dc75XN4M8V2,123K,123000,JAPANDI KÜCHE Unbedingt als Inspiration speichern 📌✨,https://www.instagram.com/reel/Dc75XN4M8V2/,https://www.instagram.com/popular/japandi/,r1_02
japandi,10,manfredvonkoreander,DdMaTkxxdvQ,276K,276000,"Brought the gems safely back home.💎🦺 Unpacking done, now off to the more exciting part: finding the right spot in the apartment where the pieces can shine.🥹✨ Let me know",https://www.instagram.com/reel/DdMaTkxxdvQ/,https://www.instagram.com/popular/japandi/,r1_02
japandi,11,neutral_homebody,DcBefsyR3OM,1.5M,1500000,Making the most of the space we have and loving every little corner of it. 🤎 Home is so much more than square footage. follow + comment shop for the links #organicmodern #curated #smallhouse #japandi #apartmentliving,https://www.instagram.com/reel/DcBefsyR3OM/,https://www.instagram.com/popular/japandi/,r1_02
japandi,12,toolandtea,DawYWsXgFN7,90.1K,90100,You had a vision for your home 😌 #japandi #interiordecor #loftapartment #apartmenttherapy #homedecor,https://www.instagram.com/reel/DawYWsXgFN7/,https://www.instagram.com/popular/japandi/,r1_02
organic-modern,1,loyalconstructionga,DQZn8KpgKe4,78.8K,78800,🌿 Where Nature Meets Modern Design: The 2026 Vision for Inspiring Interiors Are you ready to transform your home,https://www.instagram.com/reel/DQZn8KpgKe4/,https://www.instagram.com/popular/organic-modern/,r1_02
organic-modern,2,ourmidwayhome,DVBqpjrADzS,246K,246000,"For the ones drawn to organic modern design, calm spaces with simple styling, and a mix of moody + bold neutra",https://www.instagram.com/reel/DVBqpjrADzS/,https://www.instagram.com/popular/organic-modern/,r1_02
organic-modern,3,meridas.house,DE20vHgS3NL,279K,279000,Organic Modern inspo ✨ Shop links in bio 🛍️ Organic Modern decor staples: 🤍 Clay pottery and woven bas,https://www.instagram.com/reel/DE20vHgS3NL/,https://www.instagram.com/popular/organic-modern/,r1_02
organic-modern,4,jessicaannereed,C7J_w0Tg3eM,62.2K,62200,"ORGANIC MODERN HOME INSPO Comment ""Inspo"" to shop my home! What's your design style? I like to say my style",https://www.instagram.com/reel/C7J_w0Tg3eM/,https://www.instagram.com/popular/organic-modern/,r1_02
organic-modern,5,keirashomecollective,DDPpTWVpVd9,30.9K,30900,A few of my favourite looks recently 🤎 #neutralhome #neutralhomedecor #organicmodern #homedecorideas #homedesignins,https://www.instagram.com/reel/DDPpTWVpVd9/,https://www.instagram.com/popular/organic-modern/,r1_02
organic-modern,6,lianaariashomedecor,DFnX5PNRWm-,15.1K,15100,Tendencia: Organico / Moderno El Organic Modern es la nueva tendencia en interiorismo que dominará el 2025. Se tr,https://www.instagram.com/reel/DFnX5PNRWm-/,https://www.instagram.com/popular/organic-modern/,r1_02
organic-modern,7,sagephillipshome,DUtCMyYEVvs,3M,3000000,"I'm telling you… brown bedding is the move. It adds depth, warmth, and that perfectly layered look without tryin",https://www.instagram.com/reel/DUtCMyYEVvs/,https://www.instagram.com/popular/organic-modern/,r1_02
organic-modern,8,neutral_homebody,DWl3HKqkV82,227K,227000,Living room details ✨ follow + comment Shop for the links #organicmodern #curated #livingroominspiration #japa,https://www.instagram.com/reel/DWl3HKqkV82/,https://www.instagram.com/popular/organic-modern/,r1_02
organic-modern,9,clearcreekcollective,DP85Qb3DlWc,33.9K,33900,Sneak peak of the STUNNING CA Organic Modern Home design coming soon 👀 Our Whole Home Guide are hand curated,https://www.instagram.com/reel/DP85Qb3DlWc/,https://www.instagram.com/popular/organic-modern/,r1_02
organic-modern,10,scottsdaledesignservices,DUtx-CikhcB,79.8K,79800,"Clean, earthy, modern, open, natural…that is what draws me in to the organic modern look🤎🌱 Organic Modern home",https://www.instagram.com/reel/DUtx-CikhcB/,https://www.instagram.com/popular/organic-modern/,r1_02
organic-modern,11,laurenashleyhansen,C7wM_onsI2z,199K,199000,MODERN ORGANIC mini home tour 🤍 comment STYLE and I'll send you ways to shop our home Which space is your f,https://www.instagram.com/reel/C7wM_onsI2z/,https://www.instagram.com/popular/organic-modern/,r1_02
organic-modern,12,scottsdaledesignservices,C69GtktJ_K7,998K,998000,"The dance between space and decor, light and contrast, modern and organic🤍 Want more modern? Add in metals, m",https://www.instagram.com/reel/C69GtktJ_K7/,https://www.instagram.com/popular/organic-modern/,r1_02
dark-luxury-interior,1,nuspace.interiorss,DVl-qpzDfjP,554,554,Modern bedroom goals 🛏️✨ Simple. Elegant. Peaceful #bedroomdesign #modern,https://www.instagram.com/reel/DVl-qpzDfjP/,https://www.instagram.com/popular/dark-luxury-interior/,r1_02
dark-luxury-interior,2,fineformarchitects,DV3g2DiAVWd,"6,179",6179,Upgrade your space with these 5 modern & trendy bedroom design ideas for 2026. 🛏️✨,https://www.instagram.com/reel/DV3g2DiAVWd/,https://www.instagram.com/popular/dark-luxury-interior/,r1_02
dark-luxury-interior,3,umershakeelfurnituresinteriors,DVYsbkiCPyn,222,222,Where architectural precision meets ultimate comfort. ✨ There's something about the balance,https://www.instagram.com/reel/DVYsbkiCPyn/,https://www.instagram.com/popular/dark-luxury-interior/,r1_02
dark-luxury-interior,4,maya.architecture.studio,DWEJ1mkEVgO,351,351,Bedroom design that everyone loves ❤️ #BedroomDesign #DreamBedroom #InteriorDesign #M,https://www.instagram.com/reel/DWEJ1mkEVgO/,https://www.instagram.com/popular/dark-luxury-interior/,r1_02
dark-luxury-interior,5,ish9582,DVs7wLfka0m,197,197,"Luxury bedroom design that feels like a 5-star hotel 🛏️✨ Modern wall panels, warm light",https://www.instagram.com/reel/DVs7wLfka0m/,https://www.instagram.com/popular/dark-luxury-interior/,r1_02
dark-luxury-interior,6,designerbricks_official,DVnUr39ktOd,12.6K,12600,Explore the Top 5 bedroom styles transforming modern homes. From minimalist elegance to lux,https://www.instagram.com/reel/DVnUr39ktOd/,https://www.instagram.com/popular/dark-luxury-interior/,r1_02
dark-luxury-interior,7,spacehance,DWQhWK0xu6G,88,88,#BedDesign #BedroomDesign #ModernBedroom #LuxuryBedroom #InteriorDesign #HomeDecor #Be,https://www.instagram.com/reel/DWQhWK0xu6G/,https://www.instagram.com/popular/dark-luxury-interior/,r1_02
dark-luxury-interior,8,fouredgeuae,DVwI8ZNk8u_,145,145,"Can we talk about this color palette for a second? 🌿✨ Modern Bedroom Design, Interior Des",https://www.instagram.com/reel/DVwI8ZNk8u_/,https://www.instagram.com/popular/dark-luxury-interior/,r1_02
dark-luxury-interior,9,nova_design_24,DVSP35uCeNk,125,125,Soft light. Calm tones. Intentional design. This neutral minimalist bedroom is designed to,https://www.instagram.com/reel/DVSP35uCeNk/,https://www.instagram.com/popular/dark-luxury-interior/,r1_02
dark-luxury-interior,10,your_interior_hub,DVsVFDgk0Jt,26,26,Bedroom interiors that blend style with serenity 🛏️ Modern design + Functional spaces + Wa,https://www.instagram.com/reel/DVsVFDgk0Jt/,https://www.instagram.com/popular/dark-luxury-interior/,r1_02
dark-luxury-interior,11,eosdecor,DWJ6wvQFLYG,183,183,Step into a world of pure serenity. This bedroom design perfectly balances modern minimalis,https://www.instagram.com/reel/DWJ6wvQFLYG/,https://www.instagram.com/popular/dark-luxury-interior/,r1_02
dark-luxury-interior,12,artisanallivingedit,DWOpeaPEvEg,104,104,"Contemporary bedroom styles 🤍 Clean lines, calm tones, and modern comfort. Which one is",https://www.instagram.com/reel/DWOpeaPEvEg/,https://www.instagram.com/popular/dark-luxury-interior/,r1_02
quiet-luxury,1,lisi.quietdiaries,DQzx59pEsqO,22.7M,22700000,a quiet life feels like home #aesthetic #quietlife #slowlife,https://www.instagram.com/reel/DQzx59pEsqO/,https://www.instagram.com/popular/quiet-luxury/,r1_02
quiet-luxury,2,leoniehanne,Dam_XH1MWvk,1.9M,1900000,Quiet luxury - I don't know her!? 🫢✨🍸 @tamararalph #couture #fashion,https://www.instagram.com/reel/Dam_XH1MWvk/,https://www.instagram.com/popular/quiet-luxury/,r1_02
quiet-luxury,3,dfmarin,DTN4EjUEVAC,320K,320000,"Luxury is time, space and a good view. ✨ #RivieraMood #SoftLuxury #DreamView #SummerState",https://www.instagram.com/reel/DTN4EjUEVAC/,https://www.instagram.com/popular/quiet-luxury/,r1_02
quiet-luxury,4,karinaross,DYY0vCUIjmH,368K,368000,,https://www.instagram.com/reel/DYY0vCUIjmH/,https://www.instagram.com/popular/quiet-luxury/,r1_02
quiet-luxury,5,dresscodelab.co,Dazul_lMLBd,718K,718000,Looking expensive has nothing to do with money The 5 rules: 1. Loud logos?,https://www.instagram.com/reel/Dazul_lMLBd/,https://www.instagram.com/popular/quiet-luxury/,r1_02
quiet-luxury,6,yumiheiwa,DWFHX7KiGay,2.4M,2400000,"Quiet life | I hope your day was good, take care of yourself #quietlife #softlife #calm #cozy",https://www.instagram.com/reel/DWFHX7KiGay/,https://www.instagram.com/popular/quiet-luxury/,r1_02
quiet-luxury,7,myauraview,DZCfbUSA3au,44.2K,44200,The countryside version of luxury 🕯️✨ *invitation #quietluxury #slowliving #manorlife #countryescape,https://www.instagram.com/reel/DZCfbUSA3au/,https://www.instagram.com/popular/quiet-luxury/,r1_02
quiet-luxury,8,contessasilvana,Dchax7NM2-g,410K,410000,"Rule one, from my notebook. New money buys what looks expensive. Old money buys what lasts.",https://www.instagram.com/reel/Dchax7NM2-g/,https://www.instagram.com/popular/quiet-luxury/,r1_02
quiet-luxury,9,jamesology_,DdGgqVGoIMB,402K,402000,A life like this 🍸,https://www.instagram.com/reel/DdGgqVGoIMB/,https://www.instagram.com/popular/quiet-luxury/,r1_02
quiet-luxury,10,thevisualpoetflavia,DDj-lyuOm2b,1M,1000000,"""Let me be surrounded by luxury, I can do without the necessities!"" Oscar Wilde #luxury",https://www.instagram.com/reel/DDj-lyuOm2b/,https://www.instagram.com/popular/quiet-luxury/,r1_02
quiet-luxury,11,liasrvz,Dbd__f5ssd8,2.7M,2700000,private life. loud lifestyle. ☄️ follow @liasrvz for luxury lifestyle & extraordinary living.,https://www.instagram.com/reel/Dbd__f5ssd8/,https://www.instagram.com/popular/quiet-luxury/,r1_02
quiet-luxury,12,lisi.quietdiaries,DVPGQUnkllu,124K,124000,quiet moments alone are so good for the soul #aesthetic #cozynights #cozyhome #slowlife,https://www.instagram.com/reel/DVPGQUnkllu/,https://www.instagram.com/popular/quiet-luxury/,r1_02
minimalist-interior,1,buttercreme.home,DSkATNfk26Q,30.4K,30400,a walkthrough of our warm minimalist home 🤍 . . . . . . . home tour | minimalist home | cream m,https://www.instagram.com/reel/DSkATNfk26Q/,https://www.instagram.com/popular/minimalist-interior/,r1_02
minimalist-interior,2,cgce.stu,DJfFrpooJ1S,915K,915000,Modern Minimalist Living Room. 3Ds Max & Corona Render - - #render #coronarender #3dsmax #interiordesign #cgi #3d #3dm,https://www.instagram.com/reel/DJfFrpooJ1S/,https://www.instagram.com/popular/minimalist-interior/,r1_02
minimalist-interior,3,osnova.des,DTxMHK3Av2Y,25.3K,25300,Minimalist interior that captivates from the first second! 🌿 From an empty space with stunning herringbone parquet to pure cozy luxu,https://www.instagram.com/reel/DTxMHK3Av2Y/,https://www.instagram.com/popular/minimalist-interior/,r1_02
minimalist-interior,4,homeaiapp,C_3QnF0tPUo,84.2K,84200,Embracing simplicity with sleek lines and serene tones🤍 #homeaiapp #cozyathome #kitchen #kitchendesign #interiordesign #interiorin,https://www.instagram.com/reel/C_3QnF0tPUo/,https://www.instagram.com/popular/minimalist-interior/,r1_02
minimalist-interior,5,c2.atelier,DY7mA3sCyht,250K,250000,"LUSH MOOD | INTERIOR DESIGN | BUCHAREST | C2 ATELIER Design: @c2.atelier Location: Bucharest, Romania Year: 2025 Warm minim",https://www.instagram.com/reel/DY7mA3sCyht/,https://www.instagram.com/popular/minimalist-interior/,r1_02
minimalist-interior,6,deqoa_,DP_6r-aDq0c,33.2K,33200,Minimal. Modern. Effortlessly chic. 🤎 What do you like the most in this house? 🥰 - Video: @interior.ela - #interior #interiordekor,https://www.instagram.com/reel/DP_6r-aDq0c/,https://www.instagram.com/popular/minimalist-interior/,r1_02
minimalist-interior,7,living.modernism,DLGD7OwTajF,999K,999000,,https://www.instagram.com/reel/DLGD7OwTajF/,https://www.instagram.com/popular/minimalist-interior/,r1_02
minimalist-interior,8,zeynepshome,Cp8I_tjjOng,6.1M,6100000,Sunny day ☀️☀️ Wishing you all a fantastichen evening lovelies 😘😘😘 _______________ Das wird wohl Heute ein Son,https://www.instagram.com/reel/Cp8I_tjjOng/,https://www.instagram.com/popular/minimalist-interior/,r1_02
minimalist-interior,9,ivan.honcharenko,C30sh8FNde1,1.1M,1100000,Step into the epitome of modern minimalism in our latest interior design project in a Kiev apartment. This stunning space embodies simplicity,https://www.instagram.com/reel/C30sh8FNde1/,https://www.instagram.com/popular/minimalist-interior/,r1_02
minimalist-interior,10,jncdesignstudio,DSq-uCkk8_4,1.4M,1400000,Minimal interiors with a premium touch. @jncdesignstudio #MinimalLuxury #ModernInteriors #LuxuryLiving #CleanDesign #InteriorGoals Prem,https://www.instagram.com/reel/DSq-uCkk8_4/,https://www.instagram.com/popular/minimalist-interior/,r1_02
minimalist-interior,11,spruceandnest,DY582UVPuux,"4,261",4261,Not all minimalism is the same. 🌿 Some people want warm and cosy. Some prefer sleek and polished. Others love spaces that feel r,https://www.instagram.com/reel/DY582UVPuux/,https://www.instagram.com/popular/minimalist-interior/,r1_02
minimalist-interior,12,timsskiii,DL4n9e5NUN7,15.6K,15600,Warm minimalism - Kitchen Living room P.S. Not AI. Just Lego dream team✅ #renderlovers #renderbox #render #renderoftheday #cg #interiors #de,https://www.instagram.com/reel/DL4n9e5NUN7/,https://www.instagram.com/popular/minimalist-interior/,r1_02
biophilic-design,1,nemoza_interiors,DTDCwQUCOof,22.8K,22800,"Is your home passive... or is it alive? 🌿 Welcome to the era of Integrated Biophilia. We are moving past the ""potted plant"" phase of design and entering the age of Living Architecture.",https://www.instagram.com/reel/DTDCwQUCOof/,https://www.instagram.com/popular/biophilic-design/,r1_02
biophilic-design,2,fancyhomeai,DPgQMaICmMp,15K,15000,"What is Biophilic Design? | Nature Meets Architecture 🌿 It's more than green walls or plants in pots. Biophilic design brings the soul of nature into every room — light, texture, air, and life.",https://www.instagram.com/reel/DPgQMaICmMp/,https://www.instagram.com/popular/biophilic-design/,r1_02
biophilic-design,3,miladeshtiyaghi,DLcijPxNikv,230K,230000,🌿 Welcome to the Jungle Home Not just a house — a sanctuary rooted in the heart of the forest. This retreat doesn't sit on the land. It breathes with it.,https://www.instagram.com/reel/DLcijPxNikv/,https://www.instagram.com/popular/biophilic-design/,r1_02
biophilic-design,4,theroomedit007,DSm4CHdE295,59.3K,59300,Walking Through a Living Forest Inside a Home 🌿✨ #biophilicdesign #luxuryinterior #designinspiration,https://www.instagram.com/reel/DSm4CHdE295/,https://www.instagram.com/popular/biophilic-design/,r1_02
biophilic-design,5,anandkapoorofficial,DJx6aMyRwXQ,"4,639",4639,Suspended Gardens: A Living Ode to Pandora These breathtaking suspended planters from @damian_wolski and everlastingflowers.pl evoke memories of the floating islands in James Cameron's Avatar.,https://www.instagram.com/reel/DJx6aMyRwXQ/,https://www.instagram.com/popular/biophilic-design/,r1_02
biophilic-design,6,thesill,CrV1TAVMrNn,121K,121000,"Happy Earth Day, plant friends!🌏 To be human is to experience biophilia. Biophilia is the feeling of connection to the natural world and represents our innate desire to connect with nature and bond with other species.",https://www.instagram.com/reel/CrV1TAVMrNn/,https://www.instagram.com/popular/biophilic-design/,r1_02
biophilic-design,7,cfnmgmt,DI4WIbXpVf1,"9,132",9132,Biophillic Design: design trend that focuses on the human connection between nature and the built environment 🌿🦚🐸 #tamparealestate #realestatedesign #designtips #floridarealestate #tampadevelopment,https://www.instagram.com/reel/DI4WIbXpVf1/,https://www.instagram.com/popular/biophilic-design/,r1_02
biophilic-design,8,the.tnk.loft,DUvYUlSkWwu,680K,680000,"If you're looking to improve the feeling of your home at night, the single most effective thing you can do is to invest in mood lighting. It honestly blows me away how effective some warm white lighting",https://www.instagram.com/reel/DUvYUlSkWwu/,https://www.instagram.com/popular/biophilic-design/,r1_02
biophilic-design,9,kasbordier,DQysyTEDAm4,"2,244",2244,We were never meant to live disconnected from nature. Biophilic design isn't about adding plants to soften a space it's about integrating life into the structure itself.,https://www.instagram.com/reel/DQysyTEDAm4/,https://www.instagram.com/popular/biophilic-design/,r1_02
biophilic-design,10,anetamalgorzatagorska,DULSMgRiACK,815K,815000,"Concrete can be worm. In the world of modern architecture, it's not just about the form—it's about the feeling. This piece blends minimalist design with elements of biophilic design",https://www.instagram.com/reel/DULSMgRiACK/,https://www.instagram.com/popular/biophilic-design/,r1_02
biophilic-design,11,idw.design,DP0-r7dEnme,226K,226000,"Where Nature Meets the Heart of Home 🌿 Every courtyard tells a quiet story of sunlight filtering through leaves, of calm mornings, and unhurried evenings that breathe life into the home.",https://www.instagram.com/reel/DP0-r7dEnme/,https://www.instagram.com/popular/biophilic-design/,r1_02
biophilic-design,12,greenitecture,C3S6d8-RtGv,2.8M,2800000,🌱 Relax at this jungle oasis! 🥰 . . . 🌿 @artvillascostarica shot by @hypermiggzz . 🤝 DM @greenitecture for collaborations / credit / or removal.,https://www.instagram.com/reel/C3S6d8-RtGv/,https://www.instagram.com/popular/biophilic-design/,r1_02
scandinavian-interior-design,1,clearcreekcollective,DU9dD8WDtvp,26.1K,26100,"Scandinavian design draws inspiration from the natural world, incorporating orga",https://www.instagram.com/reel/DU9dD8WDtvp/,https://www.instagram.com/popular/scandinavian-interior-design/,r1_02
scandinavian-interior-design,2,nrsh_designstudio,DLUvdNuRG5n,"9,640",9640,"When calm meets clarity — that's Scandinavian design. Natural textures, soft lighting, pale",https://www.instagram.com/reel/DLUvdNuRG5n/,https://www.instagram.com/popular/scandinavian-interior-design/,r1_02
scandinavian-interior-design,3,onton.ai,DUdtLMCD7hc,"1,664",1664,"Clean lines, warm textures, and just the right amount of everything ☁️ That's the power of L",https://www.instagram.com/reel/DUdtLMCD7hc/,https://www.instagram.com/popular/scandinavian-interior-design/,r1_02
scandinavian-interior-design,4,sagarikashethdesigns,C0bywHXp92B,"9,389",9389,6 Easy Steps to Create Scandinavian Style: 👇🏻 - Declutter your home - Keep as much light as,https://www.instagram.com/reel/C0bywHXp92B/,https://www.instagram.com/popular/scandinavian-interior-design/,r1_02
scandinavian-interior-design,5,interiorsby.carla,DHLWWltoHkG,"5,226",5226,"Step inside the Scandinavian dream home of your dreams! ✨🏡 Soft neutrals, natural textures",https://www.instagram.com/reel/DHLWWltoHkG/,https://www.instagram.com/popular/scandinavian-interior-design/,r1_02
scandinavian-interior-design,6,theluxuryhomeshow,DQzSlpiiHVN,195K,195000,"Inside interior stylist Sara Mungeam's (@houseobsessed) London home, a study in Scandinavian",https://www.instagram.com/reel/DQzSlpiiHVN/,https://www.instagram.com/popular/scandinavian-interior-design/,r1_02
scandinavian-interior-design,7,elaperona,C6GAY9psVSX,1.3M,1300000,I always thought I'm the kind of person that's the happiest while experiencing big adventures,https://www.instagram.com/reel/C6GAY9psVSX/,https://www.instagram.com/popular/scandinavian-interior-design/,r1_02
scandinavian-interior-design,8,stylemeinteriorsdubai,DDR_FapKpOv,"6,409",6409,"Embrace the clean lines, neutral tones, and natural elements of Scandinavian design for a home",https://www.instagram.com/reel/DDR_FapKpOv/,https://www.instagram.com/popular/scandinavian-interior-design/,r1_02
scandinavian-interior-design,9,bruun.uk,DN51n5WDGah,14.8K,14800,"7 Principles of Scandinavian Style Minimal, natural, and effortlessly cozy 🌿 From neutral t",https://www.instagram.com/reel/DN51n5WDGah/,https://www.instagram.com/popular/scandinavian-interior-design/,r1_02
scandinavian-interior-design,10,emvonhofsten,DNqizCUs3cj,1.3M,1300000,Slow days at home is priceless ♥️ #interior #interiordesign #interiorinspo #interiorinspir,https://www.instagram.com/reel/DNqizCUs3cj/,https://www.instagram.com/popular/scandinavian-interior-design/,r1_02
scandinavian-interior-design,11,happyhomecopenhagen,DBx_93lMS1S,1.4M,1400000,Good morning & happy Thursday 🤍✨⁣ ⁣ #wohnzimmer #livingroom #altbau #altbauliebe #livingroo,https://www.instagram.com/reel/DBx_93lMS1S/,https://www.instagram.com/popular/scandinavian-interior-design/,r1_02
scandinavian-interior-design,12,lisahuhome,DFGUIU2Sgq8,47.6K,47600,"tonals forever, for now 🤭🤍 🏷️ scandinavian scandi minimalist japandi wabi sabi cloud couc",https://www.instagram.com/reel/DFGUIU2Sgq8/,https://www.instagram.com/popular/scandinavian-interior-design/,r1_02
industrial-interior,1,diotti.com_interiors,DC9jCIkN74C,"7,963",7963,How to furnish home in industrial style? 5 practical tips for a home / loft inspired,https://www.instagram.com/reel/DC9jCIkN74C/,https://www.instagram.com/popular/industrial-interior/,r1_02
industrial-interior,2,geral.homestudio,DPPXA4CCa0R,10.5K,10500,El estilo industrial en diseño interior se basa en crear espacios que recuerdan a fábricas,https://www.instagram.com/reel/DPPXA4CCa0R/,https://www.instagram.com/popular/industrial-interior/,r1_02
industrial-interior,3,ai.design.ideas,DS8X3AKk_vU,11.3M,11300000,"MODERN LOFT Design (Before → After) Originally, this loft presented itself as an unfinished",https://www.instagram.com/reel/DS8X3AKk_vU/,https://www.instagram.com/popular/industrial-interior/,r1_02
industrial-interior,4,ai.design.ideas,DT4zutFD2Mu,59.5K,59500,Urban Loft Revival (Before / After) A raw brick loft transformed into a warm and functional,https://www.instagram.com/reel/DT4zutFD2Mu/,https://www.instagram.com/popular/industrial-interior/,r1_02
industrial-interior,5,mozhgan_arch,DGJGeoftP3l,48.6K,48600,Industrial Minimalist Cafe Design 😍 Brutalist elegance meets minimal warmth. A space where,https://www.instagram.com/reel/DGJGeoftP3l/,https://www.instagram.com/popular/industrial-interior/,r1_02
industrial-interior,6,roni_wil,DSYXuioEWMl,228K,228000,Turning my another industrial space into a work and hangout zone . . . #newyork #newyorkstreetst,https://www.instagram.com/reel/DSYXuioEWMl/,https://www.instagram.com/popular/industrial-interior/,r1_02
industrial-interior,7,alot.design,DUCLy_Jjq3D,739K,739000,"👉 Want to make videos like this? Link in bio. We bought an old, empty warehouse and complete",https://www.instagram.com/reel/DUCLy_Jjq3D/,https://www.instagram.com/popular/industrial-interior/,r1_02
industrial-interior,8,interiordesign.addicts,DUYTUKbDZba,96.7K,96700,From abandoned court to modern loft. ✨ A bold transformation that turns raw space into warmth,https://www.instagram.com/reel/DUYTUKbDZba/,https://www.instagram.com/popular/industrial-interior/,r1_02
industrial-interior,9,uniformdisplay,DUlRUBrglXs,"8,687",8687,Living in a converted warehouse may just be the dream! 🛋️,https://www.instagram.com/reel/DUlRUBrglXs/,https://www.instagram.com/popular/industrial-interior/,r1_02
industrial-interior,10,tacosattire,DVAptGtgQ6L,476K,476000,warehouse studio homes . . . . #architecture #warehouse #home #interior #design,https://www.instagram.com/reel/DVAptGtgQ6L/,https://www.instagram.com/popular/industrial-interior/,r1_02
industrial-interior,11,abita.house,DNkO5eqSeI7,21K,21000,Industrial house #abitahouse #rumahindustrial #rumahtumbuh #rumahscandinavian #industrialstyle,https://www.instagram.com/reel/DNkO5eqSeI7/,https://www.instagram.com/popular/industrial-interior/,r1_02
industrial-interior,12,ideaonline,ClTgAKiJhDk,"2,330",2330,"Before - After Inspirasi Untuk Ruang Santai Keluarga.. Sedang kebingungan, ingin mendandani",https://www.instagram.com/reel/ClTgAKiJhDk/,https://www.instagram.com/popular/industrial-interior/,r1_02
neoclassical-interior,1,tarakanovadesign,DS25S1ojBv8,3.3M,3300000,"Гостиная — это пространство, в котором вечер замедляется. #tarakanovadesign #dia",https://www.instagram.com/reel/DS25S1ojBv8/,https://www.instagram.com/popular/neoclassical-interior/,r1_02
neoclassical-interior,2,thecubeshape,DYU8hU7tjzW,176K,176000,بعض اهم انماط المدرسة الكلاسيكية في التصميم الداخلي . قولولنا كنتوا تعرفوا انه,https://www.instagram.com/reel/DYU8hU7tjzW/,https://www.instagram.com/popular/neoclassical-interior/,r1_02
neoclassical-interior,3,nada.alyahia,DXwbkCYq0XL,114K,114000,من مشاريعنا في التصميم الداخلي والتنفيذ والتأثيث ✨ تصميم نيوكلاسيك بألوان مميزة,https://www.instagram.com/reel/DXwbkCYq0XL/,https://www.instagram.com/popular/neoclassical-interior/,r1_02
neoclassical-interior,4,oddesign.sa,DctI5z_MW1C,14.3K,14300,⁨ ⁨ The Reveal — The Modern Classic Project ✨ فخامة تبدأ من تفاصيل السقف ال,https://www.instagram.com/reel/DctI5z_MW1C/,https://www.instagram.com/popular/neoclassical-interior/,r1_02
neoclassical-interior,5,buondesign.az,DYwCHTlMtEq,51.9K,51900,🤍 Neoclassic interior design #neoclassicinterior #neoklassik #neoklassikinteryer #interye,https://www.instagram.com/reel/DYwCHTlMtEq/,https://www.instagram.com/popular/neoclassical-interior/,r1_02
neoclassical-interior,6,asr_design_studio,DbNaY3hIyOW,"5,163",5163,"✨ ASR Design Studio ✨ Коридор в стиле неоклассика — первое впечатление, кот",https://www.instagram.com/reel/DbNaY3hIyOW/,https://www.instagram.com/popular/neoclassical-interior/,r1_02
neoclassical-interior,7,pk__architects,DGD1m67oxhl,1M,1000000,The timeless beauty of neoclassicism. Новий проєкт в Одесі ЖК Шах-Наме. Ми поєднуємо су,https://www.instagram.com/reel/DGD1m67oxhl/,https://www.instagram.com/popular/neoclassical-interior/,r1_02
neoclassical-interior,8,malyar.am_decor,Dc8ycGpNWnC,29K,29000,"Неоклассика действительно меняет интерьер? неоклассика, неоклассический интерьер, дизай",https://www.instagram.com/reel/Dc8ycGpNWnC/,https://www.instagram.com/popular/neoclassical-interior/,r1_02
neoclassical-interior,9,the.homebody.club8,DbIGiNeTnns,182K,182000,Timeless elegance never goes out of style. #ClassicInteriors #LuxuryInteriors #InteriorDes,https://www.instagram.com/reel/DbIGiNeTnns/,https://www.instagram.com/popular/neoclassical-interior/,r1_02
neoclassical-interior,10,pooneh.abbaszadeh,DcLLvKpNWRD,50K,50000,⁨ طراحی یک فضای نئوکلاسیک با رویکردی معاصر ✨ در این پروژه تلاش کردیم شکوه و ظرافت,https://www.instagram.com/reel/DcLLvKpNWRD/,https://www.instagram.com/popular/neoclassical-interior/,r1_02
neoclassical-interior,11,arabellastyles_,Dc_zPi1CKzk,13K,13000,You finally found your exact interior design style. Bringing timeless elegance and classic,https://www.instagram.com/reel/Dc_zPi1CKzk/,https://www.instagram.com/popular/neoclassical-interior/,r1_02
neoclassical-interior,12,noushinashouri,DcZA0xBoa78,"6,493",6493,طراحی پروژه #شیخ_بهایی به سبک نئوکلاسیک ✨ . . . ‎•••••••⚜️نوشین عاشوری⚜️•••••••• . .,https://www.instagram.com/reel/DcZA0xBoa78/,https://www.instagram.com/popular/neoclassical-interior/,r1_02
modern-classic-interior-design,1,briarandlinen,DbvGuZ_xYxg,147K,147000,Some homes never go out of style. From grand entryways and richly layered living spaces to elegan,https://www.instagram.com/reel/DbvGuZ_xYxg/,https://www.instagram.com/popular/modern-classic-interior-design/,r1_02
modern-classic-interior-design,2,ivoryandsage.interiors,DcAyhvthqqa,"6,811",6811,"If deep, moody, rich & effortlessly luxurious is your vibe, this one's for you! #luxur",https://www.instagram.com/reel/DcAyhvthqqa/,https://www.instagram.com/popular/modern-classic-interior-design/,r1_02
modern-classic-interior-design,3,thecubeshape,DYU8hU7tjzW,176K,176000,بعض اهم انماط المدرسة الكلاسيكية في التصميم الداخلي . قولولنا كنتوا تعرفوا انه الكل,https://www.instagram.com/reel/DYU8hU7tjzW/,https://www.instagram.com/popular/modern-classic-interior-design/,r1_02
modern-classic-interior-design,4,marmir_home,DcQMWwUOkX9,498K,498000,"Modern Classic Home ✨ Nie wszystko musi być modne, żeby dobrze wyglądało. Tutaj klasyczn",https://www.instagram.com/reel/DcQMWwUOkX9/,https://www.instagram.com/popular/modern-classic-interior-design/,r1_02
modern-classic-interior-design,5,arabellastyles_,Dc_zPi1CKzk,13K,13000,You finally found your exact interior design style. Bringing timeless elegance and classi,https://www.instagram.com/reel/Dc_zPi1CKzk/,https://www.instagram.com/popular/modern-classic-interior-design/,r1_02
modern-classic-interior-design,6,fushuhousedesign,Db25-KPNaeF,196K,196000,𓍯 Warm Lights and Timeless Classic Elegance ✨ #VintageHome #EuropeanElegance #CozyInte,https://www.instagram.com/reel/Db25-KPNaeF/,https://www.instagram.com/popular/modern-classic-interior-design/,r1_02
modern-classic-interior-design,7,deirdres_design,Db3zHF5setq,23.1K,23100,"Soft neutrals, grand scale, and endless elegance. Save this for your dream home inspo ✨V",https://www.instagram.com/reel/Db3zHF5setq/,https://www.instagram.com/popular/modern-classic-interior-design/,r1_02
modern-classic-interior-design,8,pooneh.abbaszadeh,DcLLvKpNWRD,50K,50000,⁨ طراحی یک فضای نئوکلاسیک با رویکردی معاصر ✨ در این پروژه تلاش کردیم شکوه و ظرافت,https://www.instagram.com/reel/DcLLvKpNWRD/,https://www.instagram.com/popular/modern-classic-interior-design/,r1_02
modern-classic-interior-design,9,lmdesignstudio.no,C7n0xNOov5j,510K,510000,Modern classic elegance is a design philosophy that blends the timeless appeal of classic,https://www.instagram.com/reel/C7n0xNOov5j/,https://www.instagram.com/popular/modern-classic-interior-design/,r1_02
modern-classic-interior-design,10,baharinteriorexteriordesign,Dbyq2rkozB7,16.1K,16100,Timeless elegance for the way we live and gather. ✨ This modern classic interior brings,https://www.instagram.com/reel/Dbyq2rkozB7/,https://www.instagram.com/popular/modern-classic-interior-design/,r1_02
modern-classic-interior-design,11,thedesigner.studio,DS2jo6TDBiE,"3,428",3428,"Timeless elegance, with a whisper of blue. ✨✨ . . . . #majlisdesign #newclassic #inte",https://www.instagram.com/reel/DS2jo6TDBiE/,https://www.instagram.com/popular/modern-classic-interior-design/,r1_02
modern-classic-interior-design,12,auramodernhome,Db6HtC9kdnv,115K,115000,Old Money style doesn't need to prove anything. Dark wood. Tailored furniture. Layered a,https://www.instagram.com/reel/Db6HtC9kdnv/,https://www.instagram.com/popular/modern-classic-interior-design/,r1_02
wabi-sabi-interior,1,ekastudiobysana,DVlteM0ErvJ,252K,252000,"Comment ""EKA"" to get the Interior Design Styles PDF guide. Interior design styles every design",https://www.instagram.com/reel/DVlteM0ErvJ/,https://www.instagram.com/popular/wabi-sabi-interior/,r1_02
wabi-sabi-interior,2,absolookid,DIbLE0qNPwG,158K,158000,"Stepping into this wabi-sabi home is like entering a zen spa. 🧘‍♀️ The soft, muted tones create",https://www.instagram.com/reel/DIbLE0qNPwG/,https://www.instagram.com/popular/wabi-sabi-interior/,r1_02
wabi-sabi-interior,3,miljo_concept,DMfFWRKvUt0,12.8K,12800,A warm minimalist style with strong Japandi & Wabi-Sabi aesthetics. Creating a home that feels,https://www.instagram.com/reel/DMfFWRKvUt0/,https://www.instagram.com/popular/wabi-sabi-interior/,r1_02
wabi-sabi-interior,4,sakkaf_design,DL4XZpsNWW9,12.3K,12300,🍂 Wabi-Sabi: The Beauty of Imperfection in Interior Design 🪵 In a world of ✨polished pe,https://www.instagram.com/reel/DL4XZpsNWW9/,https://www.instagram.com/popular/wabi-sabi-interior/,r1_02
wabi-sabi-interior,5,our.chitecture,C_C2A-fxQOX,31.8K,31800,"Wabi Sabi, the art of imperfection. Nothing lasts. Nothing is complete. Nothing is perfect. Ph",https://www.instagram.com/reel/C_C2A-fxQOX/,https://www.instagram.com/popular/wabi-sabi-interior/,r1_02
wabi-sabi-interior,6,arcsurfaces.co,DXQWcRmSb28,18.2K,18200,"Japandi, but make it timeless. Not trends, but tones that last. Not more, but better. Where",https://www.instagram.com/reel/DXQWcRmSb28/,https://www.instagram.com/popular/wabi-sabi-interior/,r1_02
wabi-sabi-interior,7,starryhomestead,C8DtEFthTB6,67.2K,67200,"In a Modern Wabi Sabi home, typical modern comforts and natural colours are used to craft a",https://www.instagram.com/reel/C8DtEFthTB6/,https://www.instagram.com/popular/wabi-sabi-interior/,r1_02
wabi-sabi-interior,8,mablleinteriors,DLhxUeNzX3l,306K,306000,"In a world chasing perfection, Wabi-Sabi reminds us to slow down and celebrate what's real",https://www.instagram.com/reel/DLhxUeNzX3l/,https://www.instagram.com/popular/wabi-sabi-interior/,r1_02
wabi-sabi-interior,9,by.abdulstudio,C7L3sbAAq4H,23.9K,23900,5 Ways To Achieve The Beautiful Wabi Sabi Aesthetic In Home & Life #interiordesign #wabisab,https://www.instagram.com/reel/C7L3sbAAq4H/,https://www.instagram.com/popular/wabi-sabi-interior/,r1_02
wabi-sabi-interior,10,danzadeldesign,DREurBkDRLP,23K,23000,Colours that calm. Textures that speak. Design that feels like silence in motion. The Japandi,https://www.instagram.com/reel/DREurBkDRLP/,https://www.instagram.com/popular/wabi-sabi-interior/,r1_02
wabi-sabi-interior,11,loft208,CyNWse3qDtM,1.9M,1900000,"I mean, I know it's not for everyone… but I can't tell you how much I love living in an",https://www.instagram.com/reel/CyNWse3qDtM/,https://www.instagram.com/popular/wabi-sabi-interior/,r1_02
wabi-sabi-interior,12,meubelbaas,DV_4JcrDDcg,13.4K,13400,Dark Japandi Interior styling🥰 #japandi #interiordesign #interior,https://www.instagram.com/reel/DV_4JcrDDcg/,https://www.instagram.com/popular/wabi-sabi-interior/,r1_02
mediterranean-villa,1,dhrh_construction,DYFX94PpG8R,41.2K,41200,Modern Mediterranean ✨ Is there anything in this reel inspiring your future home? Let us know in the comments below. Now booking custom homes & remode,https://www.instagram.com/reel/DYFX94PpG8R/,https://www.instagram.com/popular/mediterranean-villa/,r1_03
mediterranean-villa,2,polusformis,DHgJiv8soJ2,16K,16000,"Mediterranean houses are the perfect blend of tradition and functionality. Characterized by white lime walls, terracotta roofs, and open spaces that m",https://www.instagram.com/reel/DHgJiv8soJ2/,https://www.instagram.com/popular/mediterranean-villa/,r1_03
mediterranean-villa,3,abiinteriors,C0OS-5SLMfO,3.5M,3500000,"""I wake up, and I open my eyes, and I feel like I'm sitting in my Pinterest board.""⁠ ⁠ One of our most aesthetic, Mediterranean-inspired house tours y",https://www.instagram.com/reel/C0OS-5SLMfO/,https://www.instagram.com/popular/mediterranean-villa/,r1_03
mediterranean-villa,4,southerly_la,DIRBeQ0RD8j,12.6K,12600,Modern Mediterranean ✨ . . Via @westlake_homes,https://www.instagram.com/reel/DIRBeQ0RD8j/,https://www.instagram.com/popular/mediterranean-villa/,r1_03
mediterranean-villa,5,burkhartinteriors,DFksugIOufM,120K,120000,More Mediterranean vibes for a travel weekend. With a few mountains in the background. Have great Sunday peeps Xo JB Design @dhrh_construction 💫follow,https://www.instagram.com/reel/DFksugIOufM/,https://www.instagram.com/popular/mediterranean-villa/,r1_03
mediterranean-villa,6,nuconbuilders,DIpVJEKpge0,"3,835",3835,"Where timeless charm meets modern luxury. Explore a curated collection of stunning modern Mediterranean home designs—arched doorways, stucco elegance,",https://www.instagram.com/reel/DIpVJEKpge0/,https://www.instagram.com/popular/mediterranean-villa/,r1_03
mediterranean-villa,7,dreamlivingc,DE15Q7rs33O,11.8K,11800,Spanish homes>>>#fyp #oldmoneyaesthetic #mediterraneanhouse #spanishtiktok #aestheticvideos,https://www.instagram.com/reel/DE15Q7rs33O/,https://www.instagram.com/popular/mediterranean-villa/,r1_03
mediterranean-villa,8,impianbali,DTxK-MNiRMX,123K,123000,"Your stay, your pace ✨ @villa.mariamaria 🤍 A modern Mediterranean 3-bedroom villa with generous spaces, a cozy rooftop, and a calm Ungasan location —",https://www.instagram.com/reel/DTxK-MNiRMX/,https://www.instagram.com/popular/mediterranean-villa/,r1_03
mediterranean-villa,9,travelask.world,DFXKj2_CIyM,1.6M,1600000,"🍋 Imagine, a luxurious villa on the Amalfi Coast, surrounded by lemon trees, in the heart of the homeland of limoncello. 🥰 Breathtaking views of the s",https://www.instagram.com/reel/DFXKj2_CIyM/,https://www.instagram.com/popular/mediterranean-villa/,r1_03
mediterranean-villa,10,caineandcompany,DQa2dxXkfhx,11.9K,11900,"Timeless Mediterranean design reimagined for modern Scottsdale living. 🌞🏛️ From arched doorways and warm stucco to elegant stone details, this style c",https://www.instagram.com/reel/DQa2dxXkfhx/,https://www.instagram.com/popular/mediterranean-villa/,r1_03
mediterranean-villa,11,home_design_ideas_7,DUj2DczDSqS,"7,004",7004,"Warm Spanish/Mediterranean courtyard villa vibes: white stucco, terracotta roof, arches, clay pots, olive trees, and that peaceful #MediterraneanHome",https://www.instagram.com/reel/DUj2DczDSqS/,https://www.instagram.com/popular/mediterranean-villa/,r1_03
mediterranean-villa,12,casaversacedxb,C7BZHLQRCI8,152K,152000,NEW PROJECT / MEDITERRANEAN VILLA / 2024 The villa is spread over two above-ground levels and one basement level. The design is articulated in two vol,https://www.instagram.com/reel/C7BZHLQRCI8/,https://www.instagram.com/popular/mediterranean-villa/,r1_03
mediterranean-house,1,explore_home_inspo,DJ7w5V1xje3,311K,311000,Dreaming of a Mediterranean home #mediterranean #home #homeinspo #homedesign #dreamhome #homegoals,https://www.instagram.com/reel/DJ7w5V1xje3/,https://www.instagram.com/popular/mediterranean-house/,r1_03
mediterranean-house,2,polusformis,DHgJiv8soJ2,16K,16000,"Mediterranean houses are the perfect blend of tradition and functionality. Characterized by white lime walls, terracotta roofs, and open spaces that m",https://www.instagram.com/reel/DHgJiv8soJ2/,https://www.instagram.com/popular/mediterranean-house/,r1_03
mediterranean-house,3,burkhartinteriors,DFksugIOufM,120K,120000,More Mediterranean vibes for a travel weekend. With a few mountains in the background. Have great Sunday peeps Xo JB Design @dhrh_construction 💫follow,https://www.instagram.com/reel/DFksugIOufM/,https://www.instagram.com/popular/mediterranean-house/,r1_03
mediterranean-house,4,abiinteriors,C0OS-5SLMfO,3.5M,3500000,"""I wake up, and I open my eyes, and I feel like I'm sitting in my Pinterest board.""⁠ ⁠ One of our most aesthetic, Mediterranean-inspired house tours y",https://www.instagram.com/reel/C0OS-5SLMfO/,https://www.instagram.com/popular/mediterranean-house/,r1_03
mediterranean-house,5,shltr,DAbgigvSjDz,57.2K,57200,SHLTR's Style Guide on Mediterranean home decor. 🌿 This interior design style brings the flair of European beach life to the everyday with light natur,https://www.instagram.com/reel/DAbgigvSjDz/,https://www.instagram.com/popular/mediterranean-house/,r1_03
mediterranean-house,6,cozylllusions,DJUR-tkswbV,406K,406000,"A slow summer day in a Mediterranean paradise — stone walls, sea breeze, olive trees, and the scent of fresh herbs in the air. Would you spend a whole",https://www.instagram.com/reel/DJUR-tkswbV/,https://www.instagram.com/popular/mediterranean-house/,r1_03
mediterranean-house,7,baliinteriordesign,DWTzgrBk9aB,312K,312000,"Designed for the Tropics 🌴 This two-bedroom Mediterranean-style villa combines natural materials, soft architectural curves, and a calm, tropical ambi",https://www.instagram.com/reel/DWTzgrBk9aB/,https://www.instagram.com/popular/mediterranean-house/,r1_03
mediterranean-house,8,ene_builders_,DUhD0L5krfP,29.1K,29100,"Own a Spanish-Style Home? Remodel with authentic arches, plaster walls, and iron details — done the right way. 🏡 Spanish & Mediterranean home speciali",https://www.instagram.com/reel/DUhD0L5krfP/,https://www.instagram.com/popular/mediterranean-house/,r1_03
mediterranean-house,9,explore_home_inspo,DJ5O1lVx9sK,26.1K,26100,Stunning Mediterranean homes #homeinspo #homedesign #homedecor #homegoals #dreamhome,https://www.instagram.com/reel/DJ5O1lVx9sK/,https://www.instagram.com/popular/mediterranean-house/,r1_03
mediterranean-house,10,brainyblueprints,DLc0cDAs6sP,72K,72000,"✨☀️ Tucked beneath the whispering oaks, a Mediterranean dream rises in stone and sun. Every curve, every arch, every shadow tells a story of warmth, c",https://www.instagram.com/reel/DLc0cDAs6sP/,https://www.instagram.com/popular/mediterranean-house/,r1_03
mediterranean-house,11,southerly_la,DIRBeQ0RD8j,12.6K,12600,Modern Mediterranean ✨ . . Via @westlake_homes,https://www.instagram.com/reel/DIRBeQ0RD8j/,https://www.instagram.com/popular/mediterranean-house/,r1_03
mediterranean-house,12,home_design_ideas_7,DUj2DczDSqS,"7,004",7004,"Warm Spanish/Mediterranean courtyard villa vibes: white stucco, terracotta roof, arches, clay pots, olive trees, and that peaceful #MediterraneanHome",https://www.instagram.com/reel/DUj2DczDSqS/,https://www.instagram.com/popular/mediterranean-house/,r1_03
tropical-villa,1,casatropicaltulum,DUoWEaHEZ5U,180K,180000,"If this feels like your kind of stay, comment ""VILLA"" and we'll send you the details. Welco",https://www.instagram.com/reel/DUoWEaHEZ5U/,https://www.instagram.com/popular/tropical-villa/,r1_03
tropical-villa,2,house_of_reservations,Cq-DoAJrm63,2M,2000000,Get ready for some serious relaxation in our tropical boho style. @modjovillas has a spacious gard,https://www.instagram.com/reel/Cq-DoAJrm63/,https://www.instagram.com/popular/tropical-villa/,r1_03
tropical-villa,3,baliinteriordesign,DVxJIpykxvG,57.4K,57400,Designed for the tropics 🌴 Would you stay here? #dreamhome #tropicalvilla #villadesign,https://www.instagram.com/reel/DVxJIpykxvG/,https://www.instagram.com/popular/tropical-villa/,r1_03
tropical-villa,4,mazaridevelopments,DMp293mPKT0,188K,188000,"Home after 6PM hits different. Soft lighting, evening swims. And that quiet moment where the day",https://www.instagram.com/reel/DMp293mPKT0/,https://www.instagram.com/popular/tropical-villa/,r1_03
tropical-villa,5,balihomeimmo,DY_0tu2zDVh,163K,163000,Timeless luxury lives near Pererenan 🤍 Tucked along a peaceful lane just moments from the coa,https://www.instagram.com/reel/DY_0tu2zDVh/,https://www.instagram.com/popular/tropical-villa/,r1_03
tropical-villa,6,balitecturerealty,DXZQVtiBH6E,10.9K,10900,"Designed with modern tropical living in mind, the villa showcases a seamless open plan layout tha",https://www.instagram.com/reel/DXZQVtiBH6E/,https://www.instagram.com/popular/tropical-villa/,r1_03
tropical-villa,7,thehouserealty,DMVCn0ESmmz,105K,105000,"‼️ 𝟏 𝐁𝐄𝐃𝐑𝐎𝐎𝐌 𝐕𝐈𝐋𝐋𝐀 𝐅𝐎𝐑 $𝟏𝟏𝟎𝐊 ‼️ Enjoy an enclosed living space, pool-view bedroom",https://www.instagram.com/reel/DMVCn0ESmmz/,https://www.instagram.com/popular/tropical-villa/,r1_03
tropical-villa,8,house_of_reservations,DXMY97CExlU,15K,15000,POV: you booked a peaceful tropical stay at @modjovillas Stay inspired with us @house_of_reserve,https://www.instagram.com/reel/DXMY97CExlU/,https://www.instagram.com/popular/tropical-villa/,r1_03
tropical-villa,9,bestravelid,DUnegj_j1Be,"4,211",4211,Luxury 1 bedroom villa with private pool in pererenan canggu 📩 Dynamic pricing. Message us on WhatsA,https://www.instagram.com/reel/DUnegj_j1Be/,https://www.instagram.com/popular/tropical-villa/,r1_03
tropical-villa,10,thehouserealty,DWbYY55k3v4,2.9M,2900000,"This is What $189,000 gets you in Bali 🇮🇩🏡 A stylish tropical villa located in a peaceful pocket",https://www.instagram.com/reel/DWbYY55k3v4/,https://www.instagram.com/popular/tropical-villa/,r1_03
tropical-villa,11,poolvilla.ae,DXpKxtFjfhJ,277K,277000,استمتع بخيارات دفع مرنة وإلغاء مجاني حتى 14 يومًا قبل الوصول. . Enjoy flexible payment & free c,https://www.instagram.com/reel/DXpKxtFjfhJ/,https://www.instagram.com/popular/tropical-villa/,r1_03
tropical-villa,12,beyondbespokevillas,DQQkjl0kjPj,280K,280000,"Your private haven. A lush, green escape for the soul. 🌱 . . 📍 @beyondbespokevillas . . #in",https://www.instagram.com/reel/DQQkjl0kjPj/,https://www.instagram.com/popular/tropical-villa/,r1_03
tropical-house,1,miladeshtiyaghi,DLcijPxNikv,230K,230000,🌿 Welcome to the Jungle Home Not just a house — a sanctuary rooted in the heart of the forest.,https://www.instagram.com/reel/DLcijPxNikv/,https://www.instagram.com/popular/tropical-house/,r1_03
tropical-house,2,iselin.travel,DW6P0CTAgFb,96.2K,96200,🌺🌞🌴..and the ocean in the backyard ofc #futurehouse #tropicalparadise #islandlife,https://www.instagram.com/reel/DW6P0CTAgFb/,https://www.instagram.com/popular/tropical-house/,r1_03
tropical-house,3,rashid_manga_tiri,DW31W_Cid-4,240K,240000,2967 Sqft l 4 BHK Design & Render @rashid_manga_tiri Contact for your designs +918921177030,https://www.instagram.com/reel/DW31W_Cid-4/,https://www.instagram.com/popular/tropical-house/,r1_03
tropical-house,4,idw.design,DP0-r7dEnme,226K,226000,Where Nature Meets the Heart of Home 🌿 Every courtyard tells a quiet story of sunlight filtering through leaves,https://www.instagram.com/reel/DP0-r7dEnme/,https://www.instagram.com/popular/tropical-house/,r1_03
tropical-house,5,corbel_architecture,DU23ssKkl_X,363K,363000,"Transforming empty space into a statement 🌿✨ A custom planter box with a modern circle design – small details, big impact!",https://www.instagram.com/reel/DU23ssKkl_X/,https://www.instagram.com/popular/tropical-house/,r1_03
tropical-house,6,greenitecture,C3S6d8-RtGv,2.8M,2800000,🌱 Relax at this jungle oasis! 🥰 . . . 🌿 @artvillascostarica shot by @hypermiggzz,https://www.instagram.com/reel/C3S6d8-RtGv/,https://www.instagram.com/popular/tropical-house/,r1_03
tropical-house,7,house_of_reservations,Cq-DoAJrm63,2M,2000000,"Get ready for some serious relaxation in our tropical boho style. @modjovillas has a spacious garden, refreshing pool",https://www.instagram.com/reel/Cq-DoAJrm63/,https://www.instagram.com/popular/tropical-house/,r1_03
tropical-house,8,aruhrealestate,DO886y6jSR-,27.9K,27900,"Minimalism blends with the jungle. This home sleeps 8 guests with 4 bedrooms, 4.5 bathrooms in minimalist design",https://www.instagram.com/reel/DO886y6jSR-/,https://www.instagram.com/popular/tropical-house/,r1_03
tropical-house,9,archpro.live,DUcxpnYEUVx,127K,127000,"Step inside The Palagiri House in Kochi, a 9,000 sq. ft. tropical residence built on a 619 sq.m urban plot in Kaloor.",https://www.instagram.com/reel/DUcxpnYEUVx/,https://www.instagram.com/popular/tropical-house/,r1_03
tropical-house,10,baliinteriordesign,DVxJIpykxvG,57.4K,57400,Designed for the tropics 🌴 Would you stay here? #dreamhome #tropicalvilla #villadesign,https://www.instagram.com/reel/DVxJIpykxvG/,https://www.instagram.com/popular/tropical-house/,r1_03
tropical-house,11,kousikamdevelopers,DWjKLkmkfxF,224K,224000,""" Turning dream homes into reality ✨ new completed project ❤️‍🔥🫶 ""Wait till the end… 😍🔥",https://www.instagram.com/reel/DWjKLkmkfxF/,https://www.instagram.com/popular/tropical-house/,r1_03
tropical-house,12,idw.design,DPoAX_tkiWR,1M,1000000,Where Nature Meets Modern Living 🌿 This Modern Tropical home isn't just designed it's composed.,https://www.instagram.com/reel/DPoAX_tkiWR/,https://www.instagram.com/popular/tropical-house/,r1_03
art-deco-interior-design,1,mednikovadesign,DYmzKjXta1v,636K,636000,#designinteriors #designdubai #interiordesign #studiodesign #dubaiinteriors,https://www.instagram.com/reel/DYmzKjXta1v/,https://www.instagram.com/popular/art-deco-interior-design/,r1_03
art-deco-interior-design,2,studionauma,DbqFbxOocj3,95.7K,95700,Mid-Century charm 🤎 • • • • • #OrganicModern #MidCenturyModern #InteriorDesign #BedroomDesign #HomeDecor,https://www.instagram.com/reel/DbqFbxOocj3/,https://www.instagram.com/popular/art-deco-interior-design/,r1_03
art-deco-interior-design,3,luxhilspace,DYW4iAlN-YX,394K,394000,"Quiet luxury, loud character. Merging the geometric opulence of Art Deco with the refined restraint of Modernism.",https://www.instagram.com/reel/DYW4iAlN-YX/,https://www.instagram.com/popular/art-deco-interior-design/,r1_03
art-deco-interior-design,4,eloisepreen,DbXmQ4LqfbJ,3.5M,3500000,my colourful mid century modern home 🏡🎨🪴 #apartmentaesthetic #midcenturymodern #interiordesign #fyp #boyandgirlapartment,https://www.instagram.com/reel/DbXmQ4LqfbJ/,https://www.instagram.com/popular/art-deco-interior-design/,r1_03
art-deco-interior-design,5,thetenderline,DYWIw3-Cyky,139K,139000,Art Deco hits Modernism. The late 1920s and 1930s created some of the most inspiring interiors — where the elegance of Art D,https://www.instagram.com/reel/DYWIw3-Cyky/,https://www.instagram.com/popular/art-deco-interior-design/,r1_03
art-deco-interior-design,6,astraluxestudio,DaEIpdbN9P5,81.9K,81900,When Art Deco met Modernism. And neither blinked. Dark velvet. Checkerboard. Coffered ceiling. Mauve walls. This is what happens w,https://www.instagram.com/reel/DaEIpdbN9P5/,https://www.instagram.com/popular/art-deco-interior-design/,r1_03
art-deco-interior-design,7,sara.interiorstudio,DdHegfQM6DU,1.6M,1600000,Day vs night ✨ #apartmentaesthetic #midcenturymodern #interiordesign,https://www.instagram.com/reel/DdHegfQM6DU/,https://www.instagram.com/popular/art-deco-interior-design/,r1_03
art-deco-interior-design,8,charleeknoxatelier,DbghU90JavF,250K,250000,"Love a piece you see? DM us if you're interested in any of the pieces, want the full catalog, or would like to place an order.",https://www.instagram.com/reel/DbghU90JavF/,https://www.instagram.com/popular/art-deco-interior-design/,r1_03
art-deco-interior-design,9,lifeofblahhh,Dafa2hrsREU,25.4K,25400,"Art deco as a design style😍⚜️ [ interior design, interior designer, art decor, art deco interior style, interior architecture, art deco design,",https://www.instagram.com/reel/Dafa2hrsREU/,https://www.instagram.com/popular/art-deco-interior-design/,r1_03
art-deco-interior-design,10,ivy_corleone,DZw4vHtoyqD,361K,361000,#artdeco #midcenturydesign #2026trends #interiors #trial,https://www.instagram.com/reel/DZw4vHtoyqD/,https://www.instagram.com/popular/art-deco-interior-design/,r1_03
art-deco-interior-design,11,theacedesignco,DXYzD00D02n,181K,181000,"Pinned under art deco ✨ bold geometry, rich tones, and timeless glamour that never fades 🖤 . . . . #artdeco #viralreels #artdecofurniture #artdec",https://www.instagram.com/reel/DXYzD00D02n/,https://www.instagram.com/popular/art-deco-interior-design/,r1_03
art-deco-interior-design,12,acardesigns,DcG5RJTMSd3,2.3M,2300000,#InteriorDesign #HomeDecor #LuxuryInteriors #TimelessDesign #interiørinspiration,https://www.instagram.com/reel/DcG5RJTMSd3/,https://www.instagram.com/popular/art-deco-interior-design/,r1_03
mid-century-modern,1,eloisepreen,DbXmQ4LqfbJ,3.5M,3500000,my colourful mid century modern home 🏡🎨🪴 #apartmentaesthetic #midcenturymodern #interiordesign #fyp #boyandgirlapartment,https://www.instagram.com/reel/DbXmQ4LqfbJ/,https://www.instagram.com/popular/mid-century-modern/,r1_03
mid-century-modern,2,housesafari,DR6eSzEDV_m,606K,606000,These 3 mistakes literally kill a Mid-Century look 1. Ignoring contrast and sticking to similar hues Flat colour schemes make t,https://www.instagram.com/reel/DR6eSzEDV_m/,https://www.instagram.com/popular/mid-century-modern/,r1_03
mid-century-modern,3,livingwithtilda,DZapnwBo8j8,823K,823000,Welcome to our midcentury modern apartment 🤎,https://www.instagram.com/reel/DZapnwBo8j8/,https://www.instagram.com/popular/mid-century-modern/,r1_03
mid-century-modern,4,sagrace_designs,C-pYyght5Tn,297K,297000,Can we all agree that the midcentury modern aesthetic has left an indelible mark on the design world—a function and form we can,https://www.instagram.com/reel/C-pYyght5Tn/,https://www.instagram.com/popular/mid-century-modern/,r1_03
mid-century-modern,5,spacesbylaura,DZqPXEzuoYC,363K,363000,Unfortunately I'll be working forever 😂🤎 #midcenturymodern #moodyinteriors #homeaesthetic #homeinspo #interiordesign,https://www.instagram.com/reel/DZqPXEzuoYC/,https://www.instagram.com/popular/mid-century-modern/,r1_03
mid-century-modern,6,im_ericwang,Dc4TZ7cSw6J,4.7M,4700000,My japanese midcentury home during the day vs. at night ☀️🌃 - - - #midcenturymodern #homedecor #interiordesign #japanesedesign,https://www.instagram.com/reel/Dc4TZ7cSw6J/,https://www.instagram.com/popular/mid-century-modern/,r1_03
mid-century-modern,7,studionauma,DbqFbxOocj3,95.7K,95700,Mid-Century charm 🤎 • • • • • #OrganicModern #MidCenturyModern #InteriorDesign #BedroomDesign #HomeDecor,https://www.instagram.com/reel/DbqFbxOocj3/,https://www.instagram.com/popular/mid-century-modern/,r1_03
mid-century-modern,8,luxhilspace,DctAY5ONN8d,87.7K,87700,"Mid-century state of mind! #interiorstyling #decor #organicmodernism #interiordesignindia #luxuryinteriors (marble interior, bold interior",https://www.instagram.com/reel/DctAY5ONN8d/,https://www.instagram.com/popular/mid-century-modern/,r1_03
mid-century-modern,9,barbarareimelt,DW3-JeeibwS,419K,419000,All our favorite mid-century designers by name! Did we miss any?,https://www.instagram.com/reel/DW3-JeeibwS/,https://www.instagram.com/popular/mid-century-modern/,r1_03
mid-century-modern,10,modernistgarage,DbgFxv4xJZ9,54.1K,54100,Mid-century modern vibes 🧡🤗 #midcenturymodern #apartmentliving #apartmentdecor,https://www.instagram.com/reel/DbgFxv4xJZ9/,https://www.instagram.com/popular/mid-century-modern/,r1_03
mid-century-modern,11,essenzyplace,DcEVXMsgCOR,215K,215000,"It's all in the mid-century details. ✨ Warm wood, vintage accents, iconic shapes, and timeless textures that make a space feel effo",https://www.instagram.com/reel/DcEVXMsgCOR/,https://www.instagram.com/popular/mid-century-modern/,r1_03
mid-century-modern,12,spacesbylaura,DaGYgShO5N0,481K,481000,My entire personality is walnut and olive 😂🤎 part 2 for the obsessed #homeinspo #midcentury #midcenturyhomes #homeaesthetic #dre,https://www.instagram.com/reel/DaGYgShO5N0/,https://www.instagram.com/popular/mid-century-modern/,r1_03
cyberpunk-city,1,abeastinside,DZHvTL7thqm,1.2M,1200000,"""i feel lost in the Cyberpunk city""",https://www.instagram.com/reel/DZHvTL7thqm/,https://www.instagram.com/popular/cyberpunk-city/,r1_03
cyberpunk-city,2,kevouthere,DFm_bimp4xS,5.2M,5200000,The cyberpunk city #photography #cyberpunk #shanghai #aesthetic,https://www.instagram.com/reel/DFm_bimp4xS/,https://www.instagram.com/popular/cyberpunk-city/,r1_03
cyberpunk-city,3,tuhin.universe,DbDfGGHgljO,436K,436000,The City That Looks Like Cyberpunk in Real Life 🌆🤯,https://www.instagram.com/reel/DbDfGGHgljO/,https://www.instagram.com/popular/cyberpunk-city/,r1_03
cyberpunk-city,4,mr.mcdone,DaN7RHQtcXZ,495K,495000,Wandering under the rain in Cyberpunk city. . . . . #travel #rain #citylife,https://www.instagram.com/reel/DaN7RHQtcXZ/,https://www.instagram.com/popular/cyberpunk-city/,r1_03
cyberpunk-city,5,abeastinside,DclL5CNt48E,1.6M,1600000,Just a normal rooftop from the rooftop of the cyberpunk2077 world.,https://www.instagram.com/reel/DclL5CNt48E/,https://www.instagram.com/popular/cyberpunk-city/,r1_03
cyberpunk-city,6,dystopiccity,Db-o6YVR3If,996K,996000,NOT EVERY NIGHT IN NIGHT CIRCUIT BEGINS AT A CASINO. Along the avenues...,https://www.instagram.com/reel/Db-o6YVR3If/,https://www.instagram.com/popular/cyberpunk-city/,r1_03
cyberpunk-city,7,whitedwarf_off,Dc4DODDMrwo,"2,830",2830,A melancholic journey through a colossal cyberpunk megacity where neon dreams...,https://www.instagram.com/reel/Dc4DODDMrwo/,https://www.instagram.com/popular/cyberpunk-city/,r1_03
cyberpunk-city,8,la_barbed,DCXPDFlK3nc,1.2M,1200000,I'll find you… . . . Rendered with @dropandrender . . . . #blender #blender3d,https://www.instagram.com/reel/DCXPDFlK3nc/,https://www.instagram.com/popular/cyberpunk-city/,r1_03
cyberpunk-city,9,abeastinside,DcYKxLbtSa-,25.4K,25400,What a good spot to see the the cyberpunk city in Chongqing.,https://www.instagram.com/reel/DcYKxLbtSa-/,https://www.instagram.com/popular/cyberpunk-city/,r1_03
cyberpunk-city,10,sprugmaworld,DYj8IaLRRYg,802K,802000,"Lost in a neon-drenched future where rain never stops, giants are made of lig...",https://www.instagram.com/reel/DYj8IaLRRYg/,https://www.instagram.com/popular/cyberpunk-city/,r1_03
cyberpunk-city,11,la_barbed,DF8QUJrq6F3,100K,100000,No destination.. . . . Rendered with @dropandrender . . . #blender3d #3dan...,https://www.instagram.com/reel/DF8QUJrq6F3/,https://www.instagram.com/popular/cyberpunk-city/,r1_03
cyberpunk-city,12,cyberneticfuture,C5ChIETPhgu,13.6K,13600,"""COMPLICATΞD THOUGHTS"". | Artwork by @la_barbed 💠 📥 Dm/tag #cyberneticfuture",https://www.instagram.com/reel/C5ChIETPhgu/,https://www.instagram.com/popular/cyberpunk-city/,r1_03
luxury-interior,1,luxuryhouseview,DVl4FLoiNZw,461K,461000,"Living in a masterpiece of light, space, and luxury💥💎✨. #LuxuryHome #ModernVilla #Dream",https://www.instagram.com/reel/DVl4FLoiNZw/,https://www.instagram.com/popular/luxury-interior/,r1_03
luxury-interior,2,trezdstudio,DN8llDvCJMD,1.5M,1500000,"What if elegance felt this effortless Every line, every reflection, every detail created to slow down",https://www.instagram.com/reel/DN8llDvCJMD/,https://www.instagram.com/popular/luxury-interior/,r1_03
luxury-interior,3,luxurydreamhub,DScqiv1EsV0,2M,2000000,Redefining modern elegance in a sanctuary of light and luxury. ✨🕊️ Experience the ultimate dream s,https://www.instagram.com/reel/DScqiv1EsV0/,https://www.instagram.com/popular/luxury-interior/,r1_03
luxury-interior,4,luxuryhouseview,DOExDYCiEYm,4.7M,4700000,ULTRA Luxury House Interior Design💎✨☄️ #luxuryhouseview #luxury #Home #miamistad #miamilife #m,https://www.instagram.com/reel/DOExDYCiEYm/,https://www.instagram.com/popular/luxury-interior/,r1_03
luxury-interior,5,tarakanovadesign,DV9EQB4jMTx,221K,221000,Luxury interior design provided by our team 💫,https://www.instagram.com/reel/DV9EQB4jMTx/,https://www.instagram.com/popular/luxury-interior/,r1_03
luxury-interior,6,vrishtidesigns,DUZ_TYJka3r,647K,647000,"Luxury isn't about adding more… it's about designing volume, light, and drama the right way. ✨ Dou",https://www.instagram.com/reel/DUZ_TYJka3r/,https://www.instagram.com/popular/luxury-interior/,r1_03
luxury-interior,7,royashabboui,C_qsri6hBKL,593K,593000,This stunning and spacious residence that epitomizes luxury living… #realestate #realestateagent #l,https://www.instagram.com/reel/C_qsri6hBKL/,https://www.instagram.com/popular/luxury-interior/,r1_03
luxury-interior,8,georgios_tataridis,DT0BHW6Ct9o,761K,761000,Project in Dubai. What's your opinion? Contemporary design style with luxurious touches. _ _,https://www.instagram.com/reel/DT0BHW6Ct9o/,https://www.instagram.com/popular/luxury-interior/,r1_03
luxury-interior,9,beautyofinteriors,DSGO3Zij8ko,36.6K,36600,This design is beautiful! 😍 Would you agree? - Credit @2pdesigners #interiors #houses #designe,https://www.instagram.com/reel/DSGO3Zij8ko/,https://www.instagram.com/popular/luxury-interior/,r1_03
luxury-interior,10,hafezi.architects,DPWW2E6jgze,381K,381000,Where architecture becomes pure atmosphere✨ A sequence of interiors designed for timeless living fro,https://www.instagram.com/reel/DPWW2E6jgze/,https://www.instagram.com/popular/luxury-interior/,r1_03
luxury-interior,11,2pdesigners,DWY_6A-EVKS,107K,107000,A breathtaking home unfolding right before your eyes. Every detail is composed with intention from,https://www.instagram.com/reel/DWY_6A-EVKS/,https://www.instagram.com/popular/luxury-interior/,r1_03
luxury-interior,12,mvd.interiordesign,DWlH699tBS-,438K,438000,"Quick tour through one of our recent projects ✨ From sculptural wall lights, leather walls to nat",https://www.instagram.com/reel/DWlH699tBS-/,https://www.instagram.com/popular/luxury-interior/,r1_03
luxury-interior-design,1,luxuryhouseview,DVl4FLoiNZw,461K,461000,"Living in a masterpiece of light, space, and luxury💥💎✨. #LuxuryHome #ModernVill",https://www.instagram.com/reel/DVl4FLoiNZw/,https://www.instagram.com/popular/luxury-interior-design/,r1_03
luxury-interior-design,2,luxurydreamhub,DScqiv1EsV0,2M,2000000,Redefining modern elegance in a sanctuary of light and luxury. ✨🕊️ Experience the ultimate,https://www.instagram.com/reel/DScqiv1EsV0/,https://www.instagram.com/popular/luxury-interior-design/,r1_03
luxury-interior-design,3,xiaoxiao_udhdecor,DXY96Ocl-4u,2.3M,2300000,This is what understated luxury looks like when every detail feels intentional ✨🏛️,https://www.instagram.com/reel/DXY96Ocl-4u/,https://www.instagram.com/popular/luxury-interior-design/,r1_03
luxury-interior-design,4,eliemoussa_creative_design,DX2GUioAHC0,359K,359000,Elevating everyday elegance in our enclaves… #design #instagram #interiordesign #render #art,https://www.instagram.com/reel/DX2GUioAHC0/,https://www.instagram.com/popular/luxury-interior-design/,r1_03
luxury-interior-design,5,aluxuryinterior,DZFOCYatqRT,47.8K,47800,"Serving looks, comfort, and luxury... all under one roof. 🔥🏡 This isn't just a finished home",https://www.instagram.com/reel/DZFOCYatqRT/,https://www.instagram.com/popular/luxury-interior-design/,r1_03
luxury-interior-design,6,arteo_luxury,DLsDLeYydeX,287K,287000,Luxury interiors by Arteo! A living room should speak your soul—this one whispers elegance in,https://www.instagram.com/reel/DLsDLeYydeX/,https://www.instagram.com/popular/luxury-interior-design/,r1_03
luxury-interior-design,7,luxuryhouseview,DSa1KOvCKsz,2M,2000000,Luxury interior design🤍 💎💫 #luxuryhomes #interiordesign #instagram #reels #tranding,https://www.instagram.com/reel/DSa1KOvCKsz/,https://www.instagram.com/popular/luxury-interior-design/,r1_03
luxury-interior-design,8,interiorbyuma22,DZb4Qkbhr9V,55.5M,55500000,Interior by Uma ✨ #InteriorDesign #InteriorByUma #HomeDecor #InteriorStyling #ModernInterior Lux,https://www.instagram.com/reel/DZb4Qkbhr9V/,https://www.instagram.com/popular/luxury-interior-design/,r1_03
luxury-interior-design,9,luxurydreamhub,DVPdh3uk0XC,2M,2000000,Living in a world of blue hues and boundless luxury. ✨💎 Where high-tech design meets high-end,https://www.instagram.com/reel/DVPdh3uk0XC/,https://www.instagram.com/popular/luxury-interior-design/,r1_03
luxury-interior-design,10,theluxliving_official,DXo6Tn1k8e6,1M,1000000,"This is not a house… it's a lifestyle upgrade ✨ Clean, calm, and quietly expensive in all the",https://www.instagram.com/reel/DXo6Tn1k8e6/,https://www.instagram.com/popular/luxury-interior-design/,r1_03
luxury-interior-design,11,studio.enclave_,DaFDAkMRoTZ,1.4M,1400000,"A staircase that feels like art ✨ Soft curves, warm lighting, floating steps, and a statement wall",https://www.instagram.com/reel/DaFDAkMRoTZ/,https://www.instagram.com/popular/luxury-interior-design/,r1_03
luxury-interior-design,12,vrishtidesigns,DUZ_TYJka3r,647K,647000,"Luxury isn't about adding more… it's about designing volume, light, and drama the right way. ✨",https://www.instagram.com/reel/DUZ_TYJka3r/,https://www.instagram.com/popular/luxury-interior-design/,r1_03
interior-design-ideas,1,eliemoussa_creative_design,DX2GUioAHC0,359K,359000,Elevating everyday elegance in our enclaves… #design #insta,https://www.instagram.com/reel/DX2GUioAHC0/,https://www.instagram.com/popular/interior-design-ideas/,r1_03
interior-design-ideas,2,archimyst1,DXuK0-_iKVV,3.2M,3200000,Most people spend thousands on their staircase steps — and completely,https://www.instagram.com/reel/DXuK0-_iKVV/,https://www.instagram.com/popular/interior-design-ideas/,r1_03
interior-design-ideas,3,alak.shisingh,DWeSoyoCfzi,251K,251000,Your kitchen deserves better than boring colors 😌✨ These 5 combin,https://www.instagram.com/reel/DWeSoyoCfzi/,https://www.instagram.com/popular/interior-design-ideas/,r1_03
interior-design-ideas,4,anrcreativedesign,C_mcD3vCp-R,1.1M,1100000,Happy weekend ✨ #interiordesign #interiordesignideas,https://www.instagram.com/reel/C_mcD3vCp-R/,https://www.instagram.com/popular/interior-design-ideas/,r1_03
interior-design-ideas,5,jareef__saifi,DVBZs-rgYvC,192K,192000,A Calm & Classy Modern Lifestyle Living Room ✨🏡 #livingroomdecor #,https://www.instagram.com/reel/DVBZs-rgYvC/,https://www.instagram.com/popular/interior-design-ideas/,r1_03
interior-design-ideas,6,mybeautifulblisshome,DQHJDjcEzTG,455K,455000,✨ Interiors that whisper intention ✨ #homestyling #interiordesign,https://www.instagram.com/reel/DQHJDjcEzTG/,https://www.instagram.com/popular/interior-design-ideas/,r1_03
interior-design-ideas,7,houseofchais,DXUI-HHT0H4,706K,706000,Every inch of these spaces are designed with intention🫶🏻 storage op,https://www.instagram.com/reel/DXUI-HHT0H4/,https://www.instagram.com/popular/interior-design-ideas/,r1_03
interior-design-ideas,8,nexonity_living,DCq9LnZK2bF,1.4M,1400000,Interior Design Idea ✨ Designed by @nexonity_living - #livingroom #,https://www.instagram.com/reel/DCq9LnZK2bF/,https://www.instagram.com/popular/interior-design-ideas/,r1_03
interior-design-ideas,9,roya93_design,DSkjYJYjDep,220K,220000,#designer #livingroom #kitchendesign #interiordesign,https://www.instagram.com/reel/DSkjYJYjDep/,https://www.instagram.com/popular/interior-design-ideas/,r1_03
interior-design-ideas,10,mrphoenixgrey,DV84EfcERm7,128K,128000,"Besides the kitchen, the living room is one of the most lived in spa",https://www.instagram.com/reel/DV84EfcERm7/,https://www.instagram.com/popular/interior-design-ideas/,r1_03
interior-design-ideas,11,challenge_decor,DJgrWb2MNtO,2.3M,2300000,«تبي تغيّر شكل بيتك؟ نوفّر لك أعمال صبغ احترافية بكل الألوان والديك,https://www.instagram.com/reel/DJgrWb2MNtO/,https://www.instagram.com/popular/interior-design-ideas/,r1_03
interior-design-ideas,12,lilswalty,DV1wO68Dg2F,553K,553000,My ride or dies. #interiordesigner #denverinteriordesign #interioride,https://www.instagram.com/reel/DV1wO68Dg2F/,https://www.instagram.com/popular/interior-design-ideas/,r1_03
luxury-homes,1,tuesday_leroux,DUqxZBfEmhR,3.9M,3900000,$41M Mansion with a Cinema! Thoughts? . @vipluxuryhomesuae @eddiecavella #mansion #luxury #property,https://www.instagram.com/reel/DUqxZBfEmhR/,https://www.instagram.com/popular/luxury-homes/,r1_04
luxury-homes,2,urban_lifestyle_lab,DTwE4CFjKFK,3M,3000000,tHiS iS nOt lUxUrY. tHiS iS dOmInAnCe.,https://www.instagram.com/reel/DTwE4CFjKFK/,https://www.instagram.com/popular/luxury-homes/,r1_04
luxury-homes,3,theluxuryhomeshow,DWPBYwkEoht,290K,290000,"Welcome to $34 million of pure Florida luxury. This residence pushes the boundaries of design with a post-tension build that eliminates all columns, c",https://www.instagram.com/reel/DWPBYwkEoht/,https://www.instagram.com/popular/luxury-homes/,r1_04
luxury-homes,4,luxuryhouseview,DVl4FLoiNZw,461K,461000,"Living in a masterpiece of light, space, and luxury💥💎✨. #LuxuryHome #ModernVilla #DreamHome #LuxuryLiving #interiordesig",https://www.instagram.com/reel/DVl4FLoiNZw/,https://www.instagram.com/popular/luxury-homes/,r1_04
luxury-homes,5,estudiolfarq,DJjx0IUOT8d,352K,352000,"Luxury House Design by @estudiolfarq São Paulo, Brasil 🇧🇷 . . #arquitetura #casasluxuosas #casasdeluxo #fachadasmodernas #casasmodernas #fachadasincri",https://www.instagram.com/reel/DJjx0IUOT8d/,https://www.instagram.com/popular/luxury-homes/,r1_04
luxury-homes,6,wayup_media,DXeZzzbjsOp,380K,380000,"I think I found my dream home… The backyard features a sports court, pool, and spa. Throughout the interior of the home you'll find Versace tile, artf",https://www.instagram.com/reel/DXeZzzbjsOp/,https://www.instagram.com/popular/luxury-homes/,r1_04
luxury-homes,7,houseaddictive,DOwCWHEEQaT,132K,132000,A house designed to impress! 🏆 Ignite the Night 🔥 - Video by @tranchantmedia #build #impress #house #luxuryhomes #luxuryliving #luxuryrealestate #real,https://www.instagram.com/reel/DOwCWHEEQaT/,https://www.instagram.com/popular/luxury-homes/,r1_04
luxury-homes,8,luxuryhouseview,DOExDYCiEYm,4.7M,4700000,ULTRA Luxury House Interior Design💎✨☄️ #luxuryhouseview #luxury #Home #miamistad #miamilife #miamivice #travel #fyp #highquality l#luxuryhomedesign #l,https://www.instagram.com/reel/DOExDYCiEYm/,https://www.instagram.com/popular/luxury-homes/,r1_04
luxury-homes,9,wayup_media,DQ4OUB3Di0Y,22.7M,22700000,"BOOM 💥 Dream home unlocked. This luxury build has a front courtyard and water features leading up to the entrance. The backyard has a sports court, so",https://www.instagram.com/reel/DQ4OUB3Di0Y/,https://www.instagram.com/popular/luxury-homes/,r1_04
luxury-homes,10,erikaculmer_,DVrCBxKgIA5,203K,203000,"Welcome to the pinnacle of luxury living. Offered at $9,850,000, this extraordinary residence embodies the essence of the Miami lifestyle. Spanning ov",https://www.instagram.com/reel/DVrCBxKgIA5/,https://www.instagram.com/popular/luxury-homes/,r1_04
luxury-homes,11,articture,DH9QazNTGvj,84.1K,84100,"Dream home goals! ✨🏡 The perfect blend of luxury, comfort, and breathtaking ocean views. Who else is obsessed with this stunning interior? 😍🌊 📸 Credit",https://www.instagram.com/reel/DH9QazNTGvj/,https://www.instagram.com/popular/luxury-homes/,r1_04
luxury-homes,12,navarealtygroup,DLJJ4R-Ajvd,1M,1000000,Imagine designing your dream luxury home with @stylarc 😍 Who's the first person you'd invite over? #luxuryhouse #housetour #homes #luxuryhome #design,https://www.instagram.com/reel/DLJJ4R-Ajvd/,https://www.instagram.com/popular/luxury-homes/,r1_04
luxury-house,1,luxuryhouseview,DZ5u1gbI4fE,157K,157000,Such A Home Where luxury meets starlight and every corner feels like a dream. ✨💎🌙,https://www.instagram.com/reel/DZ5u1gbI4fE/,https://www.instagram.com/popular/luxury-house/,r1_04
luxury-house,2,propertymatter7,DGgYzqfCnkk,3.8M,3800000,"Contact Details : +92-316-7303-977 Dream home, interior design, architecture, luxury living, home tour",https://www.instagram.com/reel/DGgYzqfCnkk/,https://www.instagram.com/popular/luxury-house/,r1_04
luxury-house,3,proud_and_property,DXR1QLegfen,877K,877000,Brand New Luxury House for Sale ✨ Experience premium living in this beautifully designed brand new house,https://www.instagram.com/reel/DXR1QLegfen/,https://www.instagram.com/popular/luxury-house/,r1_04
luxury-house,4,orcadesignec,DObqMvwDiJp,422K,422000,"A design created to transcend. Infinite Mansion redefines the living experience: modern lines, immersive lighting",https://www.instagram.com/reel/DObqMvwDiJp/,https://www.instagram.com/popular/luxury-house/,r1_04
luxury-house,5,bic_trading,DSnW9BIksbc,1.9M,1900000,Ultra luxury house • #mansion #luxuryhouse #dreamhouse #realestate,https://www.instagram.com/reel/DSnW9BIksbc/,https://www.instagram.com/popular/luxury-house/,r1_04
luxury-house,6,theluxurylaunch,DKBShVqt8ds,32.3K,32300,Incredible home 😍 @aiforarchitects #house #houses #home #homes #realestate #mansion #luxurylifestyle,https://www.instagram.com/reel/DKBShVqt8ds/,https://www.instagram.com/popular/luxury-house/,r1_04
luxury-house,7,riya_realtor,DK2Kx6tyuNR,3M,3000000,100 cr ka villa 50 crore me??😳 #billionaire #millionaire #money #luxury #luxurylifestyle #motivation,https://www.instagram.com/reel/DK2Kx6tyuNR/,https://www.instagram.com/popular/luxury-house/,r1_04
luxury-house,8,tuesday_leroux,DUqxZBfEmhR,3.9M,3900000,$41M Mansion with a Cinema! Thoughts? . @vipluxuryhomesuae @eddiecavella #mansion #luxury #property,https://www.instagram.com/reel/DUqxZBfEmhR/,https://www.instagram.com/popular/luxury-house/,r1_04
luxury-house,9,luxuryhouseview,DOExDYCiEYm,4.7M,4700000,ULTRA Luxury House Interior Design💎✨☄️ #luxuryhouseview #luxury #Home #miamistad #miamilife,https://www.instagram.com/reel/DOExDYCiEYm/,https://www.instagram.com/popular/luxury-house/,r1_04
luxury-house,10,houses_stars_,DO5EogICtLV,67.9K,67900,✅ 4 Kanal Fully Furnished Luxury House (With Basement) – For Sale A stunning 4 Kanal luxury mansion,https://www.instagram.com/reel/DO5EogICtLV/,https://www.instagram.com/popular/luxury-house/,r1_04
luxury-house,11,luxe.visionnaire,DNGJKD9ytTJ,2.8M,2800000,Tag your friends 🏷️ . POV: Dreams built this empire — now this is home 🏰💸,https://www.instagram.com/reel/DNGJKD9ytTJ/,https://www.instagram.com/popular/luxury-house/,r1_04
luxury-house,12,ws_properties.pk,DafTKLbKlFz,1.6M,1600000,🏡 2 Kanal Luxury Spanish House for Sale 📍DHA Lahore For Visit: 03008433051 ✅ 03034908677,https://www.instagram.com/reel/DafTKLbKlFz/,https://www.instagram.com/popular/luxury-house/,r1_04
dream-house,1,ibuilddevelopers,DaIsDsXNx78,1.3M,1300000,#sweetdreams,https://www.instagram.com/reel/DaIsDsXNx78/,https://www.instagram.com/popular/dream-house/,r1_04
dream-house,2,wayup_media,DdG5HwoOmiA,166K,166000,Let's just stay in tonight 😌 Interior Design: @house_of_reem #luxuryrealestate #mansion,https://www.instagram.com/reel/DdG5HwoOmiA/,https://www.instagram.com/popular/dream-house/,r1_04
dream-house,3,propertypromohali,DTVZ-VuAbrX,76.4K,76400,Dream Home ❤️ . . . . . #explorepage✨ #dreamhome #homedesign #homesweethome #reelsinstagram,https://www.instagram.com/reel/DTVZ-VuAbrX/,https://www.instagram.com/popular/dream-house/,r1_04
dream-house,4,exploringdreamhomes,DVIm05-DW6M,208K,208000,Dreamy ❤️🍀,https://www.instagram.com/reel/DVIm05-DW6M/,https://www.instagram.com/popular/dream-house/,r1_04
dream-house,5,mri_dreams,Dctq-5iyfR_,"7,648",7648,A Dream Life Starts With a Dream 🏡🔥 #DreamHouse #LuxuryMansion #LuxuryHouse #DreamHome #LuxuryLife,https://www.instagram.com/reel/Dctq-5iyfR_/,https://www.instagram.com/popular/dream-house/,r1_04
dream-house,6,poppet_tales,DdU86vVKLSA,4.7M,4700000,This is how rainy days should feel😄🌧️ #poppettales #dreamhouse #rainyday #fyp #reels,https://www.instagram.com/reel/DdU86vVKLSA/,https://www.instagram.com/popular/dream-house/,r1_04
dream-house,7,ekam_sandhu_fitness,DdbN1FLJIXF,2.3M,2300000,Khud ka ghar🏡 @ekam_sandhu_fitness #dreamhomes #homesweethome #dreamhomes #ghar #dreamhouse,https://www.instagram.com/reel/DdbN1FLJIXF/,https://www.instagram.com/popular/dream-house/,r1_04
dream-house,8,aaltomotive,DbdIHO2NC0-,1.6M,1600000,Dream house. Follow for more 🤙,https://www.instagram.com/reel/DbdIHO2NC0-/,https://www.instagram.com/popular/dream-house/,r1_04
dream-house,9,mr_govind360,DZ1YVlvpd5m,2.1M,2100000,MY DREAM🏠....🙏 #dreams #house #brothers #complete,https://www.instagram.com/reel/DZ1YVlvpd5m/,https://www.instagram.com/popular/dream-house/,r1_04
dream-house,10,hr_cinematics_,Dc57ynnteOY,"9,917",9917,Dream 💭 . . . . #dream #hr_cinematics_ #exploremore #home #trendingreels,https://www.instagram.com/reel/Dc57ynnteOY/,https://www.instagram.com/popular/dream-house/,r1_04
dream-house,11,milanchettri123,DcBShnvt0yC,879K,879000,✨🏡 Modern luxury meets dream-home vibes! A house that truly catches the eye. ❤️ #LuxuryHouse #Dream,https://www.instagram.com/reel/DcBShnvt0yC/,https://www.instagram.com/popular/dream-house/,r1_04
dream-house,12,tenkasipattanam_construction,DcvwJcATTts,846K,846000,"மிக பெரிய கனவு, சொந்த வீடு ❤️‍🔥🥹‼️ #construction #dreamhouse #constructionlife #viral",https://www.instagram.com/reel/DcvwJcATTts/,https://www.instagram.com/popular/dream-house/,r1_04
dream-home,1,siyad_abdali,DHMBPpcpswh,2.3M,2300000,Do you like this kind of home? Share it with someone you want to live with,https://www.instagram.com/reel/DHMBPpcpswh/,https://www.instagram.com/popular/dream-home/,r1_04
dream-home,2,propertypromohali,DTVZ-VuAbrX,76.4K,76400,Dream Home ❤️ . . . . . #explorepage✨ #dreamhome #homedesign #homesweethome,https://www.instagram.com/reel/DTVZ-VuAbrX/,https://www.instagram.com/popular/dream-home/,r1_04
dream-home,3,aiforarchitects,DVoNTRGjOwq,2.9M,2900000,A residence that doesn't ask for attention it commands it. Solid natural stone,https://www.instagram.com/reel/DVoNTRGjOwq/,https://www.instagram.com/popular/dream-home/,r1_04
dream-home,4,luxuriatehomes,DLaOzlesmzc,2.3M,2300000,"Tired body, quiet night, and the home that makes it all worth it.#luxuriatehome",https://www.instagram.com/reel/DLaOzlesmzc/,https://www.instagram.com/popular/dream-home/,r1_04
dream-home,5,proud_and_property,DW3n03NCOri,13.5M,13500000,A beautiful 2 Kanal Royal Palace House (Without Basement) is now available for sale!,https://www.instagram.com/reel/DW3n03NCOri/,https://www.instagram.com/popular/dream-home/,r1_04
dream-home,6,luxurydreamhub,DVPdh3uk0XC,2M,2000000,Living in a world of blue hues and boundless luxury. ✨💎 Where high-tech design,https://www.instagram.com/reel/DVPdh3uk0XC/,https://www.instagram.com/popular/dream-home/,r1_04
dream-home,7,wayup_media,DVYna7xjmAK,4.8M,4800000,"One of these matches her energy perfectly, which house is it? Tag her in the comments",https://www.instagram.com/reel/DVYna7xjmAK/,https://www.instagram.com/popular/dream-home/,r1_04
dream-home,8,hm_architecture078,DXRMLZVjWUC,3.9M,3900000,33'x50' Modern 2BHK House Plan with Car Parking 🚗✨ Smart layout designed for,https://www.instagram.com/reel/DXRMLZVjWUC/,https://www.instagram.com/popular/dream-home/,r1_04
dream-home,9,architectkhyatisaini,DXUIBEajIwd,5M,5000000,"Because some things are not luxury, they're a feeling. . . . #DreamHome #JhulaLove",https://www.instagram.com/reel/DXUIBEajIwd/,https://www.instagram.com/popular/dream-home/,r1_04
dream-home,10,dreamsorcery,Cxs3utuNMGk,286K,286000,Choose your dream house design @dreamsorcery #whichonewouldyouchoose #chooseone,https://www.instagram.com/reel/Cxs3utuNMGk/,https://www.instagram.com/popular/dream-home/,r1_04
dream-home,11,luxuryhouseview,DOkAk0DCK8j,43K,43000,Cozy home 🏡 #cozyathome #nature #LuxuryHome #DreamInterior #RoyalLook #interiorgoals,https://www.instagram.com/reel/DOkAk0DCK8j/,https://www.instagram.com/popular/dream-home/,r1_04
dream-home,12,darjawren,DTVkScRCNth,1M,1000000,"If home were a dream, it would look like this 🕯️ . . . . . dream house",https://www.instagram.com/reel/DTVkScRCNth/,https://www.instagram.com/popular/dream-home/,r1_04
modern-house,1,engr_manish,Dcxy68nOSPJ,192K,192000,#explorepage #instagramreels #viral #modernhouse #architecture,https://www.instagram.com/reel/Dcxy68nOSPJ/,https://www.instagram.com/popular/modern-house/,r1_04
modern-house,2,archia.design,C8b6L1yAzPS,1.8M,1800000,#archiadesign #archlovers #arq #arquitectura #arquitetura #architect #arquiteto,https://www.instagram.com/reel/C8b6L1yAzPS/,https://www.instagram.com/popular/modern-house/,r1_04
modern-house,3,milanchettri123,DcBShnvt0yC,879K,879000,✨🏡 Modern luxury meets dream-home vibes! A house that truly catches the eye.,https://www.instagram.com/reel/DcBShnvt0yC/,https://www.instagram.com/popular/modern-house/,r1_04
modern-house,4,renovohaus_1,Dcba6b5o_90,329K,329000,"✨ Modern luxury, designed to feel like home. Clean lines, warm tones, and timeless",https://www.instagram.com/reel/Dcba6b5o_90/,https://www.instagram.com/popular/modern-house/,r1_04
modern-house,5,archia.design,DN5tJ4SEaYw,318K,318000,#archiadesign #luxuryhome #arquitetura #home #archlovers #design #design #homedesign,https://www.instagram.com/reel/DN5tJ4SEaYw/,https://www.instagram.com/popular/modern-house/,r1_04
modern-house,6,visionbuildofficial,DULlWJXDQmr,2.3M,2300000,Minimal Luxury Home in the Countryside. #ModernHouse #DroneShot #LuxuryHome,https://www.instagram.com/reel/DULlWJXDQmr/,https://www.instagram.com/popular/modern-house/,r1_04
modern-house,7,minimal_architectures,Cyv1FSSMxo9,145K,145000,House project / 719 ✏️Design: @_vlasov_roman_ We post daily minimal houses!🤍,https://www.instagram.com/reel/Cyv1FSSMxo9/,https://www.instagram.com/popular/modern-house/,r1_04
modern-house,8,arch.ahmedsamy,DZNS64ID9Ns,128K,128000,Modern House Design 🏡✨ #toronto #vancouver #montreal #Calgary #upgradewavechallenge,https://www.instagram.com/reel/DZNS64ID9Ns/,https://www.instagram.com/popular/modern-house/,r1_04
modern-house,9,archprojectt,DZ7youjsTns,87.4K,87400,MODERN HOUSE | 2026 🏡 Shtëpi moderne me koncept minimalist dhe pamje elegante.,https://www.instagram.com/reel/DZ7youjsTns/,https://www.instagram.com/popular/modern-house/,r1_04
modern-house,10,abdullahaslanoglu_,C-ks822KeDg,10.2M,10200000,Modernism touched by light 💥 @abdullahaslanoglu_ #REKLAM #building #buildingdesign #3dbuilding,https://www.instagram.com/reel/C-ks822KeDg/,https://www.instagram.com/popular/modern-house/,r1_04
modern-house,11,_vlasov_roman_,DUnnfRxCJdX,53K,53000,project / 665 Architecture By @_vlasov_roman_ #villa #house #interior #architecture #modern,https://www.instagram.com/reel/DUnnfRxCJdX/,https://www.instagram.com/popular/modern-house/,r1_04
modern-house,12,theluxuriousking,DDVWwmJKsT7,NA,,,https://www.instagram.com/reel/DDVWwmJKsT7/,https://www.instagram.com/popular/modern-house/,r1_04
modern-villa,1,jenga_leo,DQJT8mNAus_,359K,359000,🏡 4 Bedrooms Modern Villa An Elegant Double-Volume Design ✨ Key Features: Ground Floor: 🏠 Double-Height Living Lounge 🍽️ Open Kitchen + Dining 🛏️ Gues,https://www.instagram.com/reel/DQJT8mNAus_/,https://www.instagram.com/popular/modern-villa/,r1_04
modern-villa,2,luxuryhouseview,DVl4FLoiNZw,461K,461000,"Living in a masterpiece of light, space, and luxury💥💎✨. #LuxuryHome #ModernVilla #DreamHome #LuxuryLiving #interiordesig",https://www.instagram.com/reel/DVl4FLoiNZw/,https://www.instagram.com/popular/modern-villa/,r1_04
modern-villa,3,harmosai,DMJPzybsNA-,571K,571000,"Clean aesthetics, cutting-edge comfort. Discover the essence of modern villa living. #ModernVillas #ArchitecturalDesign #LuxuryLiving #ContemporaryHom",https://www.instagram.com/reel/DMJPzybsNA-/,https://www.instagram.com/popular/modern-villa/,r1_04
modern-villa,4,_vlasov_roman_,DUnnfRxCJdX,53K,53000,project / 665 Architecture By @_vlasov_roman_ #villa #house #interior #architecture #modern,https://www.instagram.com/reel/DUnnfRxCJdX/,https://www.instagram.com/popular/modern-villa/,r1_04
modern-villa,5,harmosai,DOWAQw0kdBU,15.2K,15200,"True architectural mastery doesn't just create a structure; it frames a perspective. ​This black modern villa exemplifies minimalist design, using cle",https://www.instagram.com/reel/DOWAQw0kdBU/,https://www.instagram.com/popular/modern-villa/,r1_04
modern-villa,6,abdullahaslanoglu_,C-ks822KeDg,10.2M,10200000,Modernism touched by light 💥 @abdullahaslanoglu_ #REKLAM #building #buildingdesign #3dbuilding #design #bina #binatasarım #project #buildingproject #c,https://www.instagram.com/reel/C-ks822KeDg/,https://www.instagram.com/popular/modern-villa/,r1_04
modern-villa,7,architect_hitesh,DSZdhDgiF-0,249K,249000,modern house design luxury house modern villa luxury villa design house elevation modern home design contemporary house #viral #explorepage✨ #trend,https://www.instagram.com/reel/DSZdhDgiF-0/,https://www.instagram.com/popular/modern-villa/,r1_04
modern-villa,8,dimension.xy,DUXa56AgawK,68.2K,68200,Wide glass. Floating slabs. Zero visual noise. This is what happens when minimalism gets expensive. #ModernVilla #LuxuryExterior #ArchitecturalDesign,https://www.instagram.com/reel/DUXa56AgawK/,https://www.instagram.com/popular/modern-villa/,r1_04
modern-villa,9,ihsansamhoun.interiors,DBOlrWIsz8q,453K,453000,"Modern villa, concrete, wood, black metal! . . . #lightingdesign #lightingdecor #lighting #lightdesign #livingarea #livingspace #bedroominterior #bedr",https://www.instagram.com/reel/DBOlrWIsz8q/,https://www.instagram.com/popular/modern-villa/,r1_04
modern-villa,10,harmosai,DOY7KFpifBY,728K,728000,Let the storm roll in. ​There's a certain magic when a home feels like a fortress of warmth and light against a moody sky. Every glowing window and fl,https://www.instagram.com/reel/DOY7KFpifBY/,https://www.instagram.com/popular/modern-villa/,r1_04
modern-villa,11,_vlasov_roman_,DF-WgD3onqJ,638K,638000,Villa / 773 Architecture By @_vlasov_roman_ #architecture #archilovers #modern #modernhouse #design #concept #luxuryhouse #luxuryhomes #villa #house #,https://www.instagram.com/reel/DF-WgD3onqJ/,https://www.instagram.com/popular/modern-villa/,r1_04
modern-villa,12,architect_hitesh,DSNLwLZCKcD,14.9M,14900000,Ultra Luxury Morden villa || #explore #home #luxurylifestyle,https://www.instagram.com/reel/DSNLwLZCKcD/,https://www.instagram.com/popular/modern-villa/,r1_04
luxury-villa,1,yourpropertysisters.dubaj,DYhohCuMAaL,106K,106000,And the best part of this villa… you'll see tomorrow.,https://www.instagram.com/reel/DYhohCuMAaL/,https://www.instagram.com/popular/luxury-villa/,r1_04
luxury-villa,2,magnitudeconstruction,DDzlMQJCaJL,21.1M,21100000,"Bringing Your Dream Villa to Life ✨ At Magnitude, every villa tells a story",https://www.instagram.com/reel/DDzlMQJCaJL/,https://www.instagram.com/popular/luxury-villa/,r1_04
luxury-villa,3,nestseekersdubai,DU7gjFqiKpl,212K,212000,"Ultra luxury villa for sale in Dubai most luxurious community, contact us now",https://www.instagram.com/reel/DU7gjFqiKpl/,https://www.instagram.com/popular/luxury-villa/,r1_04
luxury-villa,4,millainmobiliaria,Db0eLTCOlK-,216K,216000,"El lujo está en cada detalle. En cada espacio, cada material y cada acabado hay",https://www.instagram.com/reel/Db0eLTCOlK-/,https://www.instagram.com/popular/luxury-villa/,r1_04
luxury-villa,5,suasarealestate,DUnjrPCD53g,568K,568000,"Just a big fan of my own house✨ 5 Bedrooms | Leasehold | IDR 28,000,000,000",https://www.instagram.com/reel/DUnjrPCD53g/,https://www.instagram.com/popular/luxury-villa/,r1_04
luxury-villa,6,tuesday_leroux,DUqxZBfEmhR,3.9M,3900000,$41M Mansion with a Cinema! Thoughts? . @vipluxuryhomesuae @eddiecavella #mansi,https://www.instagram.com/reel/DUqxZBfEmhR/,https://www.instagram.com/popular/luxury-villa/,r1_04
luxury-villa,7,theluxuryhomeshow,DcTD9ufyBUd,218K,218000,"In Europe's most exclusive residential enclave, Villa Enso establishes a new benchmark",https://www.instagram.com/reel/DcTD9ufyBUd/,https://www.instagram.com/popular/luxury-villa/,r1_04
luxury-villa,8,baptiste.kretzrealestate,DVGphdciHdt,487K,487000,En vente. Cette villa contemporaine de plain-pied de 276.5 m² sur une parcelle de,https://www.instagram.com/reel/DVGphdciHdt/,https://www.instagram.com/popular/luxury-villa/,r1_04
luxury-villa,9,rock_property,DdGifhYywmn,"2,915",2915,"✨ VILLA FOR SALE ✨ A beautiful tropical villa designed for comfort, style, and effo",https://www.instagram.com/reel/DdGifhYywmn/,https://www.instagram.com/popular/luxury-villa/,r1_04
luxury-villa,10,anas_meqdadi,DZXvQmTtGHq,345K,345000,"🌴 Atlantis Views | Brand New Luxury Villa 💰 AED 44,000,000 📐 5,700 Sq.ft BUA",https://www.instagram.com/reel/DZXvQmTtGHq/,https://www.instagram.com/popular/luxury-villa/,r1_04
luxury-villa,11,selaproperty,DXEfelLCRt0,623K,623000,The DAY VS NIGHT view of this luxury USD 11.000.000 / IDR 195 Miliar mansion in Bal,https://www.instagram.com/reel/DXEfelLCRt0/,https://www.instagram.com/popular/luxury-villa/,r1_04
luxury-villa,12,desrosiersarchitects,DcRzF6RBiju,107K,107000,A Private Resort at Home | Luxury Estate Designed by @desrosiersarchitects. Built,https://www.instagram.com/reel/DcRzF6RBiju/,https://www.instagram.com/popular/luxury-villa/,r1_04
luxury-mansion,1,tuesday_leroux,DUqxZBfEmhR,3.9M,3900000,$41M Mansion with a Cinema! Thoughts? . @vipluxuryhomesuae @eddiecavella #mansion #luxury #property,https://www.instagram.com/reel/DUqxZBfEmhR/,https://www.instagram.com/popular/luxury-mansion/,r1_04
luxury-mansion,2,aiforarchitects,DHBihXfMPDA,34.7M,34700000,Mansion in Dubai: Experience ultra-modern elegance and unparalleled luxury with our black concept design. By @aiforarchitects 🖤🏡 #DubaiLuxury #UltraLu,https://www.instagram.com/reel/DHBihXfMPDA/,https://www.instagram.com/popular/luxury-mansion/,r1_04
luxury-mansion,3,bic_trading,DSnW9BIksbc,1.9M,1900000,Ultra luxury house • #mansion #luxuryhouse #dreamhouse #realestate,https://www.instagram.com/reel/DSnW9BIksbc/,https://www.instagram.com/popular/luxury-mansion/,r1_04
luxury-mansion,4,navarealtygroup,DLJJ4R-Ajvd,1M,1000000,Imagine designing your dream luxury home with @stylarc 😍 Who's the first person you'd invite over? #luxuryhouse #housetour #homes #luxuryhome #design,https://www.instagram.com/reel/DLJJ4R-Ajvd/,https://www.instagram.com/popular/luxury-mansion/,r1_04
luxury-mansion,5,estudiolfarq,DJjx0IUOT8d,352K,352000,"Luxury House Design by @estudiolfarq São Paulo, Brasil 🇧🇷 . . #arquitetura #casasluxuosas #casasdeluxo #fachadasmodernas #casasmodernas #fachadasincri",https://www.instagram.com/reel/DJjx0IUOT8d/,https://www.instagram.com/popular/luxury-mansion/,r1_04
luxury-mansion,6,nick.arace,DXzMTVtgQsL,338K,338000,"This $11M luxury mansion has a limestone staircase entry with mood lighting 📲Comment ""STAIRCASE"" for more information 🏡Looking to buy or sell in Las V",https://www.instagram.com/reel/DXzMTVtgQsL/,https://www.instagram.com/popular/luxury-mansion/,r1_04
luxury-mansion,7,wayup_media,DXeZzzbjsOp,380K,380000,"I think I found my dream home… The backyard features a sports court, pool, and spa. Throughout the interior of the home you'll find Versace tile, artf",https://www.instagram.com/reel/DXeZzzbjsOp/,https://www.instagram.com/popular/luxury-mansion/,r1_04
luxury-mansion,8,theluxuryhomeshow,DB_vtY4IzpI,1.5M,1500000,"This $48,000,000 Fort Lauderdale home actually features 3 floors, with an incredible theatre room on the top floor 👀 Amazing to see already over 6 mil",https://www.instagram.com/reel/DB_vtY4IzpI/,https://www.instagram.com/popular/luxury-mansion/,r1_04
luxury-mansion,9,thebillionaire_vibe_,DXwnyV4xcPs,55.8K,55800,What a Mansion 💸😱 #mansion #moneymaker #moneymoneymoney #billionaire #business,https://www.instagram.com/reel/DXwnyV4xcPs/,https://www.instagram.com/popular/luxury-mansion/,r1_04
luxury-mansion,10,wayup_media,DLFVAhcsAhA,1.3M,1300000,"This home speaks for itself 😮‍💨 That entrance is unreal and out back, it only gets better. Pool, spa, and fire features. Tag the first person you're i",https://www.instagram.com/reel/DLFVAhcsAhA/,https://www.instagram.com/popular/luxury-mansion/,r1_04
luxury-mansion,11,urban_lifestyle_lab,DTwE4CFjKFK,3M,3000000,tHiS iS nOt lUxUrY. tHiS iS dOmInAnCe.,https://www.instagram.com/reel/DTwE4CFjKFK/,https://www.instagram.com/popular/luxury-mansion/,r1_04
luxury-mansion,12,millionaire_homes,DL1szmuquLT,24.3K,24300,Pulling up to the crib 🤙 By @aaltomotive #luxurylistings #luxury #realestate #mansion,https://www.instagram.com/reel/DL1szmuquLT/,https://www.instagram.com/popular/luxury-mansion/,r1_04
luxury-penthouse,1,corcoransunshine,C8NeCt4SxeW,73.4K,73400,"@CentralParkTower's Duplex Penthouse is officially SOLD + CLOSED, with the asking price of $149.5M",https://www.instagram.com/reel/C8NeCt4SxeW/,https://www.instagram.com/popular/luxury-penthouse/,r1_04
luxury-penthouse,2,luxlocators,DViBkP5DRo1,256K,256000,Send this to your person ✨❤️‍🔥 #penthouseliving #dallaspenthouse #dallasliving #luxurypenthouse,https://www.instagram.com/reel/DViBkP5DRo1/,https://www.instagram.com/popular/luxury-penthouse/,r1_04
luxury-penthouse,3,markonyc,DBqpwtKqV1U,300K,300000,God I love this penthouse… #nycrealestate #luxurylifestyle #luxuryhomes #realestate #nycapartments,https://www.instagram.com/reel/DBqpwtKqV1U/,https://www.instagram.com/popular/luxury-penthouse/,r1_04
luxury-penthouse,4,erikvanconover,CqAsd0aAzsn,3.4M,3400000,"Inside Kendall Roy's $50,000,000 Hudson Yards Penthouse @succession @hbomax Tag a bunch of friends you'd move in w",https://www.instagram.com/reel/CqAsd0aAzsn/,https://www.instagram.com/popular/luxury-penthouse/,r1_04
luxury-penthouse,5,nycshahrealty,DPhXga8DAYK,1.1M,1100000,"$13,500,000 NYC Penthouse For Sale! • $5,546/mo for CC | $5,340/mo for Taxes • 3 BEDS 3.5 BATHS | 3,152 SF • 11",https://www.instagram.com/reel/DPhXga8DAYK/,https://www.instagram.com/popular/luxury-penthouse/,r1_04
luxury-penthouse,6,luxuryhouseview,DVl4FLoiNZw,461K,461000,"Living in a masterpiece of light, space, and luxury💥💎✨. #LuxuryHome #ModernVilla #DreamHome #LuxuryLiving #int",https://www.instagram.com/reel/DVl4FLoiNZw/,https://www.instagram.com/popular/luxury-penthouse/,r1_04
luxury-penthouse,7,antt,DUjuUXRDegY,157K,157000,#penthouse,https://www.instagram.com/reel/DUjuUXRDegY/,https://www.instagram.com/popular/luxury-penthouse/,r1_04
luxury-penthouse,8,alex_jechev,DW3_-GNk_Zj,1.9M,1900000,"How do I even came here at 22 boys🙂.. I never felt ready , I just took the decision regardless and got the work done…",https://www.instagram.com/reel/DW3_-GNk_Zj/,https://www.instagram.com/popular/luxury-penthouse/,r1_04
luxury-penthouse,9,jiqbalrealtor,CyGpI71u_QA,19.5M,19500000,"your dreamy nyc penthouse✨🌆 Follow @jiqbalrealtor for more content! For Inquiries contact me, Fill out the form link in",https://www.instagram.com/reel/CyGpI71u_QA/,https://www.instagram.com/popular/luxury-penthouse/,r1_04
luxury-penthouse,10,clarazrd,DMYHlSWuqZK,72.1M,72100000,#forsale Penthouse NYC | I'm a Real Estate Agent in New York. If you have questions about this penthouse or are looking to,https://www.instagram.com/reel/DMYHlSWuqZK/,https://www.instagram.com/popular/luxury-penthouse/,r1_04
luxury-penthouse,11,antt,DUzFNSYDXY5,2.7M,2700000,#penthouse,https://www.instagram.com/reel/DUzFNSYDXY5/,https://www.instagram.com/popular/luxury-penthouse/,r1_04
luxury-penthouse,12,luxuryhouseview,DOExDYCiEYm,4.7M,4700000,ULTRA Luxury House Interior Design💎✨☄️ #luxuryhouseview #luxury #Home #miamistad #miamilife #miamivice #travel #fyp,https://www.instagram.com/reel/DOExDYCiEYm/,https://www.instagram.com/popular/luxury-penthouse/,r1_04
house-tour,1,edlyngnzlv,DYj3qBYz4b5,37K,37000,Full house tour uploaded on my main page 🏡 Fb link in my bio 🔗 Watch now here 👇,https://www.instagram.com/reel/DYj3qBYz4b5/,https://www.instagram.com/popular/house-tour/,r1_04
house-tour,2,maaikelothmann,DaUn2Wks0RI,1.2M,1200000,Pinch me!!!! House tour part 1 💌 #house,https://www.instagram.com/reel/DaUn2Wks0RI/,https://www.instagram.com/popular/house-tour/,r1_04
house-tour,3,paradeofhomesig,DVcUZBLjYzG,133K,133000,Would you put that above your bedroom? Yay or nay? Build @jwwesthomes Plan Design,https://www.instagram.com/reel/DVcUZBLjYzG/,https://www.instagram.com/popular/house-tour/,r1_04
house-tour,4,kary._.olson,DcJcj6-p38P,"9,471",9471,,https://www.instagram.com/reel/DcJcj6-p38P/,https://www.instagram.com/popular/house-tour/,r1_04
house-tour,5,beetrootandblack,DZLQCKgIdya,87.1K,87100,"First FULL house tour! 🤍 For the last two years, I've poured so much time, energy and lov",https://www.instagram.com/reel/DZLQCKgIdya/,https://www.instagram.com/popular/house-tour/,r1_04
house-tour,6,avanthika.babu,DYM6lbTxLpk,261K,261000,I wish I could live here forever 🥹🤏🏾 #housetour #bangalorevilla #weekendgetaway,https://www.instagram.com/reel/DYM6lbTxLpk/,https://www.instagram.com/popular/house-tour/,r1_04
house-tour,7,housebybhatti1,DbKr8NvsfS-,341K,341000,Most beautiful 1 kanal house tour more details or visit contact us #foryou #luxurylifestyle,https://www.instagram.com/reel/DbKr8NvsfS-/,https://www.instagram.com/popular/house-tour/,r1_04
house-tour,8,nasze_hk31,DcECEzEgfqP,360K,360000,Zapraszam na Home Tour 🤍 #dom #hometour #homekoncept #hk31 #salon,https://www.instagram.com/reel/DcECEzEgfqP/,https://www.instagram.com/popular/house-tour/,r1_04
house-tour,9,balamoda,DUf97RtFfh9,524K,524000,House Tour #41 Guardaros esta casa para ideas de decoración de la vuestra y compartid con a,https://www.instagram.com/reel/DUf97RtFfh9/,https://www.instagram.com/popular/house-tour/,r1_04
house-tour,10,theluxuryhomeshow,Db747p-SpGY,99.7K,99700,"We visited one of our subscriber's home! Spanning three expansive levels, this Ealing esta",https://www.instagram.com/reel/Db747p-SpGY/,https://www.instagram.com/popular/house-tour/,r1_04
house-tour,11,behind.thewoods,DUC0BzjjouW,646K,646000,"Dzień dobry! Zapraszam na pierwszy home tour naszego domku 😄 Tyle to zajęło, bo to niepojęte",https://www.instagram.com/reel/DUC0BzjjouW/,https://www.instagram.com/popular/house-tour/,r1_04
house-tour,12,victorianhousejourney,DcAt0TTsF6k,16.8K,16800,You all seem to love a little house tour (my absolute favourite too!) I follow a ridiculous n,https://www.instagram.com/reel/DcAt0TTsF6k/,https://www.instagram.com/popular/house-tour/,r1_04
cliff-house,1,ai.perfect.world,DWlhVrbje4Q,"1,517",1517,"This cliffside mansion feels unreal. Built directly into the rock, with private ocean access",https://www.instagram.com/reel/DWlhVrbje4Q/,https://www.instagram.com/popular/cliff-house/,r1_05
cliff-house,2,interior_home_design1,DMfatntsTfn,22.1K,22100,What do you think of this design? By: @whatif.real @interior_home_design1 #luxuryliving,https://www.instagram.com/reel/DMfatntsTfn/,https://www.instagram.com/popular/cliff-house/,r1_05
cliff-house,3,sunt_mrr,DG-dfDMMxzF,6.8M,6800000,Villa in the rock with a dream view . . . . . . . . . . . . . #midjourney,https://www.instagram.com/reel/DG-dfDMMxzF/,https://www.instagram.com/popular/cliff-house/,r1_05
cliff-house,4,fast_buildsx,DVY1P4AArWL,1.6M,1600000,Inside the World's Most Peaceful Cliffside Hideout 🏔️✨ Step inside this breathtaking,https://www.instagram.com/reel/DVY1P4AArWL/,https://www.instagram.com/popular/cliff-house/,r1_05
cliff-house,5,akneuro_ai,DScGQpkinEk,11.9K,11900,From empty land to a living home in seconds ⏳ AI timelapse construction in the mountains,https://www.instagram.com/reel/DScGQpkinEk/,https://www.instagram.com/popular/cliff-house/,r1_05
cliff-house,6,foorcrafts,DV_a3j9jJ64,1.3M,1300000,Building a Glass House on a Cliff 😳 | Insane Construction Process Step by Step Watch how,https://www.instagram.com/reel/DV_a3j9jJ64/,https://www.instagram.com/popular/cliff-house/,r1_05
cliff-house,7,whatif.real,DJWtQMBNGl3,195K,195000,Add someone with whom you would want to be stuck here 😏😉 . . #luxuryliving #dreamhome,https://www.instagram.com/reel/DJWtQMBNGl3/,https://www.instagram.com/popular/cliff-house/,r1_05
cliff-house,8,aiplacesonearth,DXqWPk1CcXU,226,226,When humans turn cliffs into homes,https://www.instagram.com/reel/DXqWPk1CcXU/,https://www.instagram.com/popular/cliff-house/,r1_05
cliff-house,9,oxelpi,DFhZ0seNFqf,12.9K,12900,Cliff haven - Hidden gem on the Costa Brava. . . . . . . . . . . . . . . . .,https://www.instagram.com/reel/DFhZ0seNFqf/,https://www.instagram.com/popular/cliff-house/,r1_05
cliff-house,10,nature_cozy_vibe,DCeaenyyZTy,14.6K,14600,Cliffside Glass Room in the Rain 🌧️ #cliffsideliving #glasshouse #dreamvacation Imagine waking,https://www.instagram.com/reel/DCeaenyyZTy/,https://www.instagram.com/popular/cliff-house/,r1_05
cliff-house,11,cliffhousemaine,C0ARCNMr6wK,830K,830000,Grateful…Wishing everyone a happy Thanksgiving from Cliff House Maine! . . #cliffhouse,https://www.instagram.com/reel/C0ARCNMr6wK/,https://www.instagram.com/popular/cliff-house/,r1_05
cliff-house,12,whispersofnature27,DX1LNU1I5f0,102,102,POV: You found the secret level of paradise and forgot to tell anyone. Who's moving in with me?,https://www.instagram.com/reel/DX1LNU1I5f0/,https://www.instagram.com/popular/cliff-house/,r1_05
glass-house,1,glasshouseabuja,DZo2EB6tuaL,32.9K,32900,It's official… The Glasshouse is BACK and better than ever! ✨🔥 New vibe. New ambi,https://www.instagram.com/reel/DZo2EB6tuaL/,https://www.instagram.com/popular/glass-house/,r1_05
glass-house,2,andulsia_venue,DT1QRAZiKnV,25.5K,25500,STAY TUNED Glass House Opening 1/3/2026 First 20 wedding get 20% OFF CONTACT US 0111262,https://www.instagram.com/reel/DT1QRAZiKnV/,https://www.instagram.com/popular/glass-house/,r1_05
glass-house,3,relaxinoffgrid,DcG3vbhCYtF,177K,177000,Sound ON. 🌧️🔥 The ultimate rainy day glasshouse. If you had this cozy cabin for the wee,https://www.instagram.com/reel/DcG3vbhCYtF/,https://www.instagram.com/popular/glass-house/,r1_05
glass-house,4,pergola_uae,DUu6jhCk4QP,153K,153000,Modern Glass Room ⭐️ ABUDHABI 📍 6 x 6 m 📏 For Contact ☎️ 050-8687086,https://www.instagram.com/reel/DUu6jhCk4QP/,https://www.instagram.com/popular/glass-house/,r1_05
glass-house,5,theglasshousetxfarmhouseblooms,DbbQ6LHJzv8,78.9K,78900,Solid advice 💪🏼 #photographyvenue #glasshouse #greenhousebuild #couplegoals❤ #marri,https://www.instagram.com/reel/DbbQ6LHJzv8/,https://www.instagram.com/popular/glass-house/,r1_05
glass-house,6,earth_esence,DBAL8oGN8SF,31K,31000,"🏡✨ Imagine yourself in a modern glass house, surrounded by lush green gardens 🌿, as soft",https://www.instagram.com/reel/DBAL8oGN8SF/,https://www.instagram.com/popular/glass-house/,r1_05
glass-house,7,sucy_dome_house_factory,DZMyqPbTlEg,167K,167000,How is a glass room created? Here is the step-by-step process. #星空房 #星空房厂家 #OutdoorLiving,https://www.instagram.com/reel/DZMyqPbTlEg/,https://www.instagram.com/popular/glass-house/,r1_05
glass-house,8,best_vacationrentals,CTYAuB2KkEp,496K,496000,Amazing glass house in the middle of nature.😍🍃 Credits to: @sunny_rung 📍 @morning_star_g,https://www.instagram.com/reel/CTYAuB2KkEp/,https://www.instagram.com/popular/glass-house/,r1_05
glass-house,9,darkhomes,Cw4922ir0jZ,151K,151000,Secluded glass house with this amazing view within the forest. | @darkhomes @nostalgicraindr,https://www.instagram.com/reel/Cw4922ir0jZ/,https://www.instagram.com/popular/glass-house/,r1_05
glass-house,10,wiwiek_widya,Dbbu-y_Tn1l,24.7K,24700,"Hidden deep within a peaceful pine forest, this two-story glass house offers breathtaking vi",https://www.instagram.com/reel/Dbbu-y_Tn1l/,https://www.instagram.com/popular/glass-house/,r1_05
glass-house,11,diybuild_lab,Dc-AjssMDrT,109K,109000,Imagine having THIS view from your bedroom. 🌌🌕 An empty glass dome was transformed in,https://www.instagram.com/reel/Dc-AjssMDrT/,https://www.instagram.com/popular/glass-house/,r1_05
glass-house,12,nature_cozy_vibe,DCeaenyyZTy,14.6K,14600,Cliffside Glass Room in the Rain 🌧️ #cliffsideliving #glasshouse #dreamvacation Imagine wak,https://www.instagram.com/reel/DCeaenyyZTy/,https://www.instagram.com/popular/glass-house/,r1_05
treehouse,1,ashevilleglamping,Dapw1A6uI8Q,903K,903000,🌲 Treehouse ASMR 🌧️ The sound of rain on the roof. Hearing the creek flowing just below. Wind moving through the leaves in the trees. Birds singing. I,https://www.instagram.com/reel/Dapw1A6uI8Q/,https://www.instagram.com/popular/treehouse/,r1_05
treehouse,2,travelask.world,DdEgqHFozBe,2.7M,2700000,"🍁10 Dreamy Treehouse Stays Around the World 📍 Woodnest — Odda, Norway — modern treehouses hidden in a pine forest with beautiful fjord views. 📍 Treeho",https://www.instagram.com/reel/DdEgqHFozBe/,https://www.instagram.com/popular/treehouse/,r1_05
treehouse,3,craftlab2050,Dcnh66ERGzY,7.1M,7100000,Building an Epic Treehouse Cabin in the Jungle 🌲✨ #treehouse #woodworking #offgrid #diyprojects #architecture,https://www.instagram.com/reel/Dcnh66ERGzY/,https://www.instagram.com/popular/treehouse/,r1_05
treehouse,4,nelsontreehouse,DdRlcgEuFAx,2.6M,2600000,"Challenge accepted😏🌲 @treehousepete built this treehouse on Saltspring Island in 1992, his first ever ""grown-up"" treehouse. More than three decades la",https://www.instagram.com/reel/DdRlcgEuFAx/,https://www.instagram.com/popular/treehouse/,r1_05
treehouse,5,treecraftdesignbuild,DarfeElNhyc,1.3M,1300000,Building a 33ft suspension bridge between the main treehouse and the outpost treehouse!,https://www.instagram.com/reel/DarfeElNhyc/,https://www.instagram.com/popular/treehouse/,r1_05
treehouse,6,yanz_zhu,DbzJSSjFNDA,2.7M,2700000,They seem happier here than they would be in a big city. #TreeHouse #GiantTree #TreeTopHouse #JungleLife #Survival #Documentary,https://www.instagram.com/reel/DbzJSSjFNDA/,https://www.instagram.com/popular/treehouse/,r1_05
treehouse,7,sandiwara_multiverse.99,Da_rdPUj1jN,85.2M,85200000,TreeHouse #GiantTree #TreeTopHouse #JungleLife #Rainforest,https://www.instagram.com/reel/Da_rdPUj1jN/,https://www.instagram.com/popular/treehouse/,r1_05
treehouse,8,motivtrud,DdQoBsVA4dU,429K,429000,#Treehouse #домикнадереве #домнадереве,https://www.instagram.com/reel/DdQoBsVA4dU/,https://www.instagram.com/popular/treehouse/,r1_05
treehouse,9,mt.constructiondiary,DaVZ5bazq-8,3.7M,3700000,Exploring Inside a Giant Baobab Tree – I Built a Fully Equipped Secret Home #mtconstructiondiary #GiantTree #BaobabTree #TreeHouse #HiddenHome,https://www.instagram.com/reel/DaVZ5bazq-8/,https://www.instagram.com/popular/treehouse/,r1_05
treehouse,10,homemaking55,DdDJWU_zC1F,6.1M,6100000,Treehouses village strong winds blowing #treehouse #treetophouse,https://www.instagram.com/reel/DdDJWU_zC1F/,https://www.instagram.com/popular/treehouse/,r1_05
treehouse,11,doubletree7s,DdUAQCKJL5D,320K,320000,Treehouse Making#building,https://www.instagram.com/reel/DdUAQCKJL5D/,https://www.instagram.com/popular/treehouse/,r1_05
treehouse,12,rainy__village,DbnpmnpSUMJ,425K,425000,🌿🌧️ Hidden Treehouse Paradise – Where the Rain Becomes Your Lullaby 🏡✨ Escape the noise and discover a peaceful treehouse tucked deep inside the rainf,https://www.instagram.com/reel/DbnpmnpSUMJ/,https://www.instagram.com/popular/treehouse/,r1_05
cabin,1,iambeccaluna,DVpiVHgkQVw,7.3M,7300000,I cry thinking about this 🥹🥹 #cabininthewoods #cabin #dreamhome,https://www.instagram.com/reel/DVpiVHgkQVw/,https://www.instagram.com/popular/cabin/,r1_05
cabin,2,north_cascades_haven,DVT7R65j3aH,258K,258000,Who are you drinking coffee with here?🌲 We have a couple April openings at the Airbnb or direct booking links in our bio! March 2027 dates open tomorr,https://www.instagram.com/reel/DVT7R65j3aH/,https://www.instagram.com/popular/cabin/,r1_05
cabin,3,_living.aura,DXP2nwbDhYv,215K,215000,"Frozen Mountain Hut Entry, He Opened the Door in a Blizzard. #mountains #snowstorm #blizzard #survival #cabin #cinematic #POV #winter #adventure #aban",https://www.instagram.com/reel/DXP2nwbDhYv/,https://www.instagram.com/popular/cabin/,r1_05
cabin,4,skymountainhouse,DW9ZHOpD1Qx,612K,612000,"I'm not saying mountains fix everything, but that is what I'm saying💅 Now walk with me ⛰️☕️⛰️ Links to BOOK A STAY IN OUR BIO ⬆️⬆️ . . . #weekendgetaw",https://www.instagram.com/reel/DW9ZHOpD1Qx/,https://www.instagram.com/popular/cabin/,r1_05
cabin,5,meghanorourkee,DWVZ8vpiIJE,611K,611000,"the best sleep of my life. 🌿☁️ and no, this is not AI—this is Norway. - #norway #cabin #river #spring #visitnorway",https://www.instagram.com/reel/DWVZ8vpiIJE/,https://www.instagram.com/popular/cabin/,r1_05
cabin,6,friluftsbjerke,DX7awzBuMK3,639K,639000,Who would you bring to this cabin? 🇳🇴☕️🌲 #visitnorway #norway🇳🇴 #otta #cabininthewoods #cabin,https://www.instagram.com/reel/DX7awzBuMK3/,https://www.instagram.com/popular/cabin/,r1_05
cabin,7,treehousepoint,DXxEsCChsiz,450K,450000,"Seven treehouse getaways, one forest 🌲✨ Name a better spring escape… For the month of May, we are offering single-night stays in the trees! Grab your",https://www.instagram.com/reel/DXxEsCChsiz/,https://www.instagram.com/popular/cabin/,r1_05
cabin,8,connorphillips,DWhyDMrDwNu,2.1M,2100000,Downsizing to only the essentials. #cabin #offgrid #rustic #smallhome,https://www.instagram.com/reel/DWhyDMrDwNu/,https://www.instagram.com/popular/cabin/,r1_05
cabin,9,dunsinnan,DXq1zroiA7N,427K,427000,"You don't need to ask twice! Send this to the person that's coming with you… 📍Fairygreen Cabin - Dunsinnan Farm & Estate, Perthshire, Scotland. 20 min",https://www.instagram.com/reel/DXq1zroiA7N/,https://www.instagram.com/popular/cabin/,r1_05
cabin,10,romantic.atlanta,DXfkTCrAMUt,327K,327000,Just 2 hours from Atlanta — Glamp Blue Ridge is a truly unforgettable escape with its own private waterfall 🌊✨ Imagine cozy evenings by the fire 🔥 whi,https://www.instagram.com/reel/DXfkTCrAMUt/,https://www.instagram.com/popular/cabin/,r1_05
cabin,11,trilliumdomes,DV39y9qibNz,359K,359000,Stopped by Zome Depot 😎 . Built from my very own 20ft / 6m zome build plans 🫡 another one in the books. Busted this kit out over a couple of weeks in,https://www.instagram.com/reel/DV39y9qibNz/,https://www.instagram.com/popular/cabin/,r1_05
cabin,12,jordmerritt,DXywRV_ROaj,1.1M,1100000,Throwback to last summer! Excited to get some work done upta camp this year. Lots of work to be done! #camp #aframe #renovation #cabin,https://www.instagram.com/reel/DXywRV_ROaj/,https://www.instagram.com/popular/cabin/,r1_05
luxury-cabin,1,starlight_retreats,DB6gp--RtbG,501K,501000,"The ultimate lakeside hideaway, complete with a private pier and an outdoor shower for the perfect blend of nature and luxury 🌲🚿🏞️. This cozy cabin is",https://www.instagram.com/reel/DB6gp--RtbG/,https://www.instagram.com/popular/luxury-cabin/,r1_05
luxury-cabin,2,illaura1,DTrPkISihJW,14.9K,14900,"A Classic Log Cabin Where Warmth Lives in Every Beam. There's a timeless comfort in a log cabin like this, where thick timber beams stretch overhead,",https://www.instagram.com/reel/DTrPkISihJW/,https://www.instagram.com/popular/luxury-cabin/,r1_05
luxury-cabin,3,ariffathulhakim,DQGCfPnDLhu,296K,296000,"The most perfect little cabin in Washington — a cozy escape in the woods 🏡 📍Sky Haus Cabin, Skykomish WA @tyehaus #cabin #washington #vacation #vacati",https://www.instagram.com/reel/DQGCfPnDLhu/,https://www.instagram.com/popular/luxury-cabin/,r1_05
luxury-cabin,4,starlight_retreats,DB_v0uWR06c,5.4M,5400000,"Imagine a cozy cabin just for us, surrounded by nature and filled with little touches to make our getaway unforgettable. ✨ At On the Rocks, romance is",https://www.instagram.com/reel/DB_v0uWR06c/,https://www.instagram.com/popular/luxury-cabin/,r1_05
luxury-cabin,5,mylogcabins,DP9BFUIDTDC,425K,425000,Just perfect... 🥰 Follow us @mylogcabins👈 for more content Credits: MyLogCabins ©️,https://www.instagram.com/reel/DP9BFUIDTDC/,https://www.instagram.com/popular/luxury-cabin/,r1_05
luxury-cabin,6,serenecabin,DR93ufJDfjx,2.5M,2500000,The Alchemy of Atmosphere: Crafting Cabin Serenity ✨ #cozycabin #relaxation #heavysnowfall,https://www.instagram.com/reel/DR93ufJDfjx/,https://www.instagram.com/popular/luxury-cabin/,r1_05
luxury-cabin,7,hiddenpinescabins,DQpFmX8jglz,38.3K,38300,Trading noise for the sound of trees🌲🍂 Book this unique luxury getaway! 📸 @will_zimm_ #cabin #cabinlove #maine #mainecabin #cabingetaway #romanticcabi,https://www.instagram.com/reel/DQpFmX8jglz/,https://www.instagram.com/popular/luxury-cabin/,r1_05
luxury-cabin,8,meirr,Cbnj1iLDwWf,60.8K,60800,"A frame Cabin Big Bear, CA - #cabin #aframe #cabininthewoods #aframecabin #cabinlife #naturehome #naturehouse #aframecabins #bigbear #mountaincabin #c",https://www.instagram.com/reel/Cbnj1iLDwWf/,https://www.instagram.com/popular/luxury-cabin/,r1_05
luxury-cabin,9,beautifulhotels,C1KX5HeozzE,551K,551000,@adinistorfoto discovers the ultimate mountain hideaway nestled amidst Transylvania's Apuseni mountains - the picturesque Nordland Cabin! 🇷🇴🏔️ This se,https://www.instagram.com/reel/C1KX5HeozzE/,https://www.instagram.com/popular/luxury-cabin/,r1_05
luxury-cabin,10,nature._.videos,DDPcz3FsVAU,834K,834000,"A cozy wooden cabin interior with a modern aesthetic. It features large floor-to-ceiling windows overlooking a lush green forest, allowing natural lig",https://www.instagram.com/reel/DDPcz3FsVAU/,https://www.instagram.com/popular/luxury-cabin/,r1_05
luxury-cabin,11,relaxinoffgrid,DWR82LTDlDM,39K,39000,"Waking up to snow falling over the mountains. ❄️🏔️ With a warm fire and endless cozy blankets, this attic cabin is the ultimate winter dream. Share th",https://www.instagram.com/reel/DWR82LTDlDM/,https://www.instagram.com/popular/luxury-cabin/,r1_05
luxury-cabin,12,tiny_homess,DF8v_c8oe6I,530K,530000,Luxury tiny cabins with a view! 🌿✨ These stunning modern retreats offer the perfect escape. Who would love to stay here? 🏡💙 Follow @tiny_homess for mo,https://www.instagram.com/reel/DF8v_c8oe6I/,https://www.instagram.com/popular/luxury-cabin/,r1_05
a-frame-cabin,1,dunlaphollowcabins,CtSOY7VMU8O,671K,671000,"The A-Frame ✨✨✨ One of the most unique cabins you'll find. Featuring plenty of natural light for a relaxing atmosphere, along with ample space for a s",https://www.instagram.com/reel/CtSOY7VMU8O/,https://www.instagram.com/popular/a-frame-cabin/,r1_05
a-frame-cabin,2,noahhillcabin,DcVlkKMO7DG,20K,20000,"Un colț de munte, un foc aprins și liniștea pe care o căutai. 🌲🔥 Cozy days at Noah Hill Cabin. 🤎#aframe#retreat #munte #cabana #cazare",https://www.instagram.com/reel/DcVlkKMO7DG/,https://www.instagram.com/popular/a-frame-cabin/,r1_05
a-frame-cabin,3,aqp_mountainescape,DZJC1ovRJQW,305K,305000,"Your sign to book a getaway at the most beautiful A-Frames in Arkansas! Right now, when you book one of our two A-Frame cabins, you will receive two c",https://www.instagram.com/reel/DZJC1ovRJQW/,https://www.instagram.com/popular/a-frame-cabin/,r1_05
a-frame-cabin,4,prostohousekyiv,Da2Lg6gOUat,338K,338000,"🔥 Два беззаперечні фаворити для туристичного бізнесу. 🏠 Barn 42м2 🏔️ A-Frame 52м2 Сучасний дизайн, швидкий монтаж та ідеальне рішення для глемпінгів,",https://www.instagram.com/reel/Da2Lg6gOUat/,https://www.instagram.com/popular/a-frame-cabin/,r1_05
a-frame-cabin,5,freddybloy,DRPrg7ekdCb,"8,204",8204,@maineaframe is a bucket list stay . . . #mainecabin #mainecabinmasters #sundayriver #skiing #skilodge #skichalet #aframe #cabin #airbnb #maine #autum,https://www.instagram.com/reel/DRPrg7ekdCb/,https://www.instagram.com/popular/a-frame-cabin/,r1_05
a-frame-cabin,6,kmprecastwork,DZBaK0Fh1Y1,570K,570000,"Premium A-Frame at 9L 400 sqft Completed work @ Wayanad,Kerala #resort #aframecabin #budgethomes #precastedhomes #tinyhouse",https://www.instagram.com/reel/DZBaK0Fh1Y1/,https://www.instagram.com/popular/a-frame-cabin/,r1_05
a-frame-cabin,7,best_vacationrentals,Cb3vgM5KuCM,37.5K,37500,"A frame vibes🛖 You can feel the relaxation vibes coming from the video, do you agree?😍 🏷Tag someone who would love to stay here!🤩 🎥: @ethanabitz Via T",https://www.instagram.com/reel/Cb3vgM5KuCM/,https://www.instagram.com/popular/a-frame-cabin/,r1_05
a-frame-cabin,8,hannahandkord,DRC_F8BkphB,294K,294000,"The dreamiest A-frame in Mount Hood 🏔️🌲 Tucked away in a lush, mossy forest, @portlandiaframe is a stunning 4 bedroom A-frame cabin at the base of Mou",https://www.instagram.com/reel/DRC_F8BkphB/,https://www.instagram.com/popular/a-frame-cabin/,r1_05
a-frame-cabin,9,street_worksltd,DY1Hb4_Nro0,57.4K,57400,Hii A-frame cabin ni proof kabisa kwamba unique architecture sasa hivi ni biashara kubwa sana. Watu hawalipii tu sehemu ya kulala anymore — wanataka a,https://www.instagram.com/reel/DY1Hb4_Nro0/,https://www.instagram.com/popular/a-frame-cabin/,r1_05
a-frame-cabin,10,settaarquitetura,DChF0XtR8nn,123K,123000,"Enquanto o tour completo da @cabanasilfra está em produção por aqui, convidamos você a fazer um passeio rápido por esse projeto incrível!✨ Neste Mini",https://www.instagram.com/reel/DChF0XtR8nn/,https://www.instagram.com/popular/a-frame-cabin/,r1_05
a-frame-cabin,11,aframedaily,C0KB3ABJDGO,34.2K,34200,"Couldn't stop myself from sharing this masterpiece. The @wildewoodaframe has such a clean geometric beauty itself, and @levimkelly just nailed it perf",https://www.instagram.com/reel/C0KB3ABJDGO/,https://www.instagram.com/popular/a-frame-cabin/,r1_05
a-frame-cabin,12,vironhomes,DZgyVkWgX8D,101K,101000,Our Cherry Oak A Frame Cabin's Airbnb Developer pack hits the viral ratings of Most Requested House. Thousands of clients worldwide have built and sta,https://www.instagram.com/reel/DZgyVkWgX8D/,https://www.instagram.com/popular/a-frame-cabin/,r1_05
mountain-house,1,wayup_media,DPTscmgDrm6,4.1M,4100000,"Does the peace and privacy here make $7.9M worth it? 5 beds, 4 full baths, and 7,000sqft of space to spread out. Updated with mountain modern finishes",https://www.instagram.com/reel/DPTscmgDrm6/,https://www.instagram.com/popular/mountain-house/,r1_05
mountain-house,2,wahid_bhattt,DRAN8-OkmPt,1.5M,1500000,"Imagine waking up to this view every morning — the sound of birds, the cool mountain breeze, and sunlight slowly touching your home among the clouds.",https://www.instagram.com/reel/DRAN8-OkmPt/,https://www.instagram.com/popular/mountain-house/,r1_05
mountain-house,3,naturesms,DTnOUBCkiKU,133K,133000,"Once I have no more worries, I will retire to the ends of the earth, making my home a secluded old house deep in the mountains, far from the hustle an",https://www.instagram.com/reel/DTnOUBCkiKU/,https://www.instagram.com/popular/mountain-house/,r1_05
mountain-house,4,iamsaqibmanzoor,DMNRWtRyaM4,53.5K,53500,My kind of Spot :) 🏔️🏡 . @1amsaqib . . . . . . . . . . #mountains #peace #alone #mountainhouse #sukoon #pahad #nature #feel #dreamlife #alonehouse #na,https://www.instagram.com/reel/DMNRWtRyaM4/,https://www.instagram.com/popular/mountain-house/,r1_05
mountain-house,5,fortune.sketches,C_gOckLuO36,3.8M,3800000,Weekend house in the mountain area,https://www.instagram.com/reel/C_gOckLuO36/,https://www.instagram.com/popular/mountain-house/,r1_05
mountain-house,6,nature.tales._by_arjun,DV89BZfkhpW,194K,194000,Beautiful ❤️❤️ mountain house 🏡🏠#reels #beautiful #house #mountains #virals ❤️🏡🏠💓🌴🦜👍🙏,https://www.instagram.com/reel/DV89BZfkhpW/,https://www.instagram.com/popular/mountain-house/,r1_05
mountain-house,7,viktoro_ok,DO5gCFkjc8M,214K,214000,Alpine House🌳🏡🌿 A home where silence speaks louder than words 🕊️ 🎥 @viktoro_ok #berneroberland #switzerland #mountains #schweiz #swissalps #myswitzerl,https://www.instagram.com/reel/DO5gCFkjc8M/,https://www.instagram.com/popular/mountain-house/,r1_05
mountain-house,8,earth_esence,C_PilmwCrEP,37.6K,37600,Step into the epitome of luxury nestled in a charming mountain village 🏔️. This stunning home combines modern elegance with the serene beauty of its n,https://www.instagram.com/reel/C_PilmwCrEP/,https://www.instagram.com/popular/mountain-house/,r1_05
mountain-house,9,beautifuldixe,DOUsMGZE73_,1.4M,1400000,Waking up to this view every morning would be a dream. ⛰️✨ The perfect mountain retreat with a cozy balcony and fresh air. #MountainView #CabinLife #N,https://www.instagram.com/reel/DOUsMGZE73_/,https://www.instagram.com/popular/mountain-house/,r1_05
mountain-house,10,hiking.croatia,DBogxsesaDz,39.8K,39800,What else do you need beside this cabin and view?🏔️😍 #hiking_croatia #planinarenje #planine #hiking #mountains #outdoors #vikendizlet #idejazaizlet #h,https://www.instagram.com/reel/DBogxsesaDz/,https://www.instagram.com/popular/mountain-house/,r1_05
mountain-house,11,kohlectcabins,DTp2-BPlaQC,70.6K,70600,In the middle of no where 😍 #cabin #cabinlife #cabinliving,https://www.instagram.com/reel/DTp2-BPlaQC/,https://www.instagram.com/popular/mountain-house/,r1_05
mountain-house,12,raina__firdous,DW6RXQxj8c1,5.2M,5200000,Do u want to live here … #trendingvideos #mountain #reelkarofeelkaro #home #nature,https://www.instagram.com/reel/DW6RXQxj8c1/,https://www.instagram.com/popular/mountain-house/,r1_05
beach-house,1,sellingdestin,DYulZq-gCHY,1.1M,1100000,Whoever said money can't buy happiness clearly never bought a beach house in Florida and let Airbnb guests cover the mortgage.,https://www.instagram.com/reel/DYulZq-gCHY/,https://www.instagram.com/popular/beach-house/,r1_05
beach-house,2,seaglassbeachhouse,DZklVhxIs9X,966K,966000,Book your seaside vacation at Seaglass Beach House in Exuma Bahamas. Available Fall 2026 & Spring 2027 The house has 4 master bedrooms and sleeps up t,https://www.instagram.com/reel/DZklVhxIs9X/,https://www.instagram.com/popular/beach-house/,r1_05
beach-house,3,seaglassbeachhouse,DNECCkuvpY6,505K,505000,Tucked away on a small island in the Bahamas the perfect vacation house sits on the perfect beach. Remote island living comes complete with WiFi centr,https://www.instagram.com/reel/DNECCkuvpY6/,https://www.instagram.com/popular/beach-house/,r1_05
beach-house,4,dhrh_construction,DISCrzEhSXC,216K,216000,"Dreaming of coastal elegance? Let the ocean breeze inspire your next remodel. From concept to creation, we bring beach house dreams to life in Santa B",https://www.instagram.com/reel/DISCrzEhSXC/,https://www.instagram.com/popular/beach-house/,r1_05
beach-house,5,anthonylopez.rd,DTtX-OmDsb1,37.7K,37700,"Discover Azure Beach House Villa, a brand new five-bedroom luxury retreat in Punta Rucia 🏝️ Accommodating up to 14 guests, this villa offers stunning",https://www.instagram.com/reel/DTtX-OmDsb1/,https://www.instagram.com/popular/beach-house/,r1_05
beach-house,6,dream.scapenatureai,DdTaxeTMUtz,61.8K,61800,"My dream house isn't in the city, it's right here 🌊💗 Just me, a swing, and the sound of waves.",https://www.instagram.com/reel/DdTaxeTMUtz/,https://www.instagram.com/popular/beach-house/,r1_05
beach-house,7,iselin.travel,DTYDM5GCPg1,4.3M,4300000,in a bungalow by the sea🌺🛖🌴 #futureliving #livebythesea #bungalowlife #tropicalparadise #travel,https://www.instagram.com/reel/DTYDM5GCPg1/,https://www.instagram.com/popular/beach-house/,r1_05
beach-house,8,cortezhelene,Dasn_5UT_HV,470K,470000,our seaside cottage 🐚 #lagunabeach #beachcottage #cottage #beachlifestyle #beachhouse,https://www.instagram.com/reel/Dasn_5UT_HV/,https://www.instagram.com/popular/beach-house/,r1_05
beach-house,9,cloudscomm,DUSTed7iEE9,16.7K,16700,"Just me, my beach house, serene ocean views, a lot of peace ❤️🌊 Share this with someone ❤️🌅🌊 #viral #trending #fyp #explore #sunset reels instareels t",https://www.instagram.com/reel/DUSTed7iEE9/,https://www.instagram.com/popular/beach-house/,r1_05
beach-house,10,liolaliola,C7RAjoJMOc2,59.2K,59200,A sneak peak to the dreamiest house on the beach 🐚🫧🥥🪸 @longbaybvi @britishvirginis @britishvirginis.uk AD | PR trip #longbaybeach #longbay #britishvir,https://www.instagram.com/reel/C7RAjoJMOc2/,https://www.instagram.com/popular/beach-house/,r1_05
beach-house,11,earcandy.ca,Dcovx--PMfI,90.6K,90600,Beach House! Self-titled! full episode is on yt now ♥️ #beachhouse #subpop #musicrecommendations #indie #fyp,https://www.instagram.com/reel/Dcovx--PMfI/,https://www.instagram.com/popular/beach-house/,r1_05
beach-house,12,explore_home_inspo,DH1knY_RCCV,15.6K,15600,Beach home #beachhome #homegoals #coastalhome #dreamhome,https://www.instagram.com/reel/DH1knY_RCCV/,https://www.instagram.com/popular/beach-house/,r1_05
lake-house,1,starlight_retreats,DB6gp--RtbG,501K,501000,"The ultimate lakeside hideaway, complete with a private pier and an outdoor shower for the perfect blend of nature and luxury 🌲🚿🏞️. This cozy cabin is",https://www.instagram.com/reel/DB6gp--RtbG/,https://www.instagram.com/popular/lake-house/,r1_05
lake-house,2,nestledstays,DHtcdSdom-J,47.1K,47100,Spring escape by the lake 🌿,https://www.instagram.com/reel/DHtcdSdom-J/,https://www.instagram.com/popular/lake-house/,r1_05
lake-house,3,uniqchalets,C-4sDlONJ02,103K,103000,mindful living 🕊️🍃🌲The person that sent this wants to slow down at this lake house with you! Save this beautiful place for your next vacation 🤍,https://www.instagram.com/reel/C-4sDlONJ02/,https://www.instagram.com/popular/lake-house/,r1_05
lake-house,4,all_50_states_and_beyond,DbVgrjOxpd1,112K,112000,Travel > lake house 🤷‍♀️😂 #lakehouse #travel #lakesamrayburn #lakelife #all50statesandbeyond,https://www.instagram.com/reel/DbVgrjOxpd1/,https://www.instagram.com/popular/lake-house/,r1_05
lake-house,5,therealtonyspriggs,DbzBSxLAY5Z,51.5K,51500,"WHAT $200,000 CAN GET YOU 🏡🌊 Number above is Downpayment. 6Bd • 6Ba • 5,034 Sqft 🌊 Lakefront 🛥️ Private Dock 🏡 Over 5,000 Sqft ✨ Luxury Finishes 🌅 Inc",https://www.instagram.com/reel/DbzBSxLAY5Z/,https://www.instagram.com/popular/lake-house/,r1_05
lake-house,6,lakehousebomoseen,DaV_5rYPjqH,109K,109000,"Not a bad commute to work! We're open until 9pm tonight with live music by The Bear Mountain Boys! Join us for a fun, energetic evening on the water 🌊",https://www.instagram.com/reel/DaV_5rYPjqH/,https://www.instagram.com/popular/lake-house/,r1_05
lake-house,7,goldeneaglelogtimberhomes,DZ2i71qkbhv,518K,518000,"Morning coffee hits different with this view ☕ • Timber Lake by Golden Eagle: wraparound deck, stone fire pit, and a dock right at your door. Start yo",https://www.instagram.com/reel/DZ2i71qkbhv/,https://www.instagram.com/popular/lake-house/,r1_05
lake-house,8,door25stays,DYZxEdVtZSl,"6,180",6180,"I fear nothing will top this.. The kind of lake weekend that makes you forget about the city for a while. Slow mornings, calm water, sunsets on the de",https://www.instagram.com/reel/DYZxEdVtZSl/,https://www.instagram.com/popular/lake-house/,r1_05
lake-house,9,lesliencrealtor,DdEqqBaOw8P,"7,528",7528,🌊 239 feet of open-water frontage. 🔐 A private gated enclave of only five residences. 🏡 One incredible setting on High Rock Lake. Welcome to 216 Lake,https://www.instagram.com/reel/DdEqqBaOw8P/,https://www.instagram.com/popular/lake-house/,r1_05
lake-house,10,laurieohern,Dc9A-4QuW9b,"1,714",1714,"216 feet of Logan Martin Lake frontage, 1.35 acres, a private dock, and plenty of space to make this lake house your destination for every holiday 😎🇺🇸",https://www.instagram.com/reel/Dc9A-4QuW9b/,https://www.instagram.com/popular/lake-house/,r1_05
lake-house,11,waterfrontmuskoka,DbgJMF8x9pO,115K,115000,"NEW LISTING - Lake Joseph - $3,600,000 1800ft of Frontage, Sunrise to Sunset, Two Storey Boathouse, 6 Bedroom Cottage 🌅 Welcome to Playfair Island! Se",https://www.instagram.com/reel/DbgJMF8x9pO/,https://www.instagram.com/popular/lake-house/,r1_05
lake-house,12,tiny.housees,Da3YU0OsniJ,78.3K,78300,A quiet little place where the rest of the world feels far away. 🏡🌲 #tinyhouse #lakehouse #cabinlife #cozyvibes #natureescape,https://www.instagram.com/reel/Da3YU0OsniJ/,https://www.instagram.com/popular/lake-house/,r1_05
desert-house,1,digitaldesign.lab,DHiw6GyR6hD,95.2K,95200,Desert villa inspired by Najd traditional architecture By: @digitaldesign.lab #الدرعية #aldiriyah,https://www.instagram.com/reel/DHiw6GyR6hD/,https://www.instagram.com/popular/desert-house/,r1_05
desert-house,2,djbehrouz,CRHFNEZBymW,"8,628",8628,"Wishing a very happy birthday to my Queen, my partner in crime, and in life @mandesha. So blessed to celebr",https://www.instagram.com/reel/CRHFNEZBymW/,https://www.instagram.com/popular/desert-house/,r1_05
desert-house,3,ecooutdoor,DMJZ0CDyCEQ,50.4K,50400,"Imagined by Amber Interiors, Desert House is where modern living coalesces with the rawness of nature. Set",https://www.instagram.com/reel/DMJZ0CDyCEQ/,https://www.instagram.com/popular/desert-house/,r1_05
desert-house,4,alexmathiashomes,DcEqTG4vzoV,16.3K,16300,Experience modern desert living. This new ground up construction is framed by native Palm Springs desert 🌵 lands,https://www.instagram.com/reel/DcEqTG4vzoV/,https://www.instagram.com/popular/desert-house/,r1_05
desert-house,5,thebillionaireblueprint3,Db3O6ylgtbs,"8,986",8986,You Can't See The House From The Entrance 🏡 House Name: The Secret Wall House 😮 Style: Contemporary Desert M,https://www.instagram.com/reel/Db3O6ylgtbs/,https://www.instagram.com/popular/desert-house/,r1_05
desert-house,6,amnova_2,DcytWBNhaAx,43.5K,43500,Empty Desert Canyon Becomes a Retractable Solar-Roof Mansion #construction #3dprintedhouse #luxuryhome #deser,https://www.instagram.com/reel/DcytWBNhaAx/,https://www.instagram.com/popular/desert-house/,r1_05
desert-house,7,visual.aset,Dc1VLxZz7Kf,52K,52000,A crystal-clear refuge hidden in the endless desert. This simple house beside the oasis is a dream of peace and q,https://www.instagram.com/reel/Dc1VLxZz7Kf/,https://www.instagram.com/popular/desert-house/,r1_05
desert-house,8,than.beb,DaWlfixPkeX,39.9K,39900,Restoring an Old Desert Home Step by Step Watch this abandoned desert house transform into a stunning luxury oasi,https://www.instagram.com/reel/DaWlfixPkeX/,https://www.instagram.com/popular/desert-house/,r1_05
desert-house,9,_lightshift,DYmID1iI9cu,"1,544",1544,A concept for a little getaway in the remote Namibian desert for some amazing stargazing.,https://www.instagram.com/reel/DYmID1iI9cu/,https://www.instagram.com/popular/desert-house/,r1_05
desert-house,10,buildenza_,DcOaEgmGivL,118K,118000,"Building a desert dome house from sandbags. 🏜️ No cement, no talking, just pure off-grid construction satisfaction.",https://www.instagram.com/reel/DcOaEgmGivL/,https://www.instagram.com/popular/desert-house/,r1_05
desert-house,11,lyubovspaces,Dc1Nicyg5uE,22.6K,22600,"The desert looks empty. It isn't. An entire hotel exists below the dunes, hidden from the horizon and carved into",https://www.instagram.com/reel/Dc1Nicyg5uE/,https://www.instagram.com/popular/desert-house/,r1_05
desert-house,12,container_home_designs,DWhd5xXDRJi,40.5K,40500,From Sand Plot to Modern Desert Estate #deserthouse #modernestate #luxuryhome #desertvilla #housebuild Construc,https://www.instagram.com/reel/DWhd5xXDRJi/,https://www.instagram.com/popular/desert-house/,r1_05
underground-house,1,survivalvaults,DUjiGK0iOl7,219K,219000,A Private Underground Shelter Beneath a Suburban Home. Would You Live in This Hidden Backyard Bunker?,https://www.instagram.com/reel/DUjiGK0iOl7/,https://www.instagram.com/popular/underground-house/,r1_05
underground-house,2,processlabstudio,DV1TGjKguzz,4.6M,4600000,"Luxury bunker built beneath a modern mansion. From an empty backyard to a hidden underground world with a spa, private cinema, kitchen lounge and a su",https://www.instagram.com/reel/DV1TGjKguzz/,https://www.instagram.com/popular/underground-house/,r1_05
underground-house,3,keylead_media,CuCXrQcNbUD,55.6K,55600,Embracing safety in style! Welcome to my bomb-proof haven where peace and protection collide. 🌪️🚀 DM for credit,https://www.instagram.com/reel/CuCXrQcNbUD/,https://www.instagram.com/popular/underground-house/,r1_05
underground-house,4,imtiazsahib33,DX46CqWjZej,16.6M,16600000,Building a SECRET Underground Room Under My Lawn! 😱⛏️ #diy #bunker #construction #underground #secretroom #hiddengem #backyardproject,https://www.instagram.com/reel/DX46CqWjZej/,https://www.instagram.com/popular/underground-house/,r1_05
underground-house,5,midnight_files_ll,DVf3hz8k2lW,2M,2000000,Built under ground #midnightfiles #underground #house #Home,https://www.instagram.com/reel/DVf3hz8k2lW/,https://www.instagram.com/popular/underground-house/,r1_05
underground-house,6,not_your_basic_build,DUv6Hefgpjs,12.6M,12600000,I Built a Secret Underground Bunker Alone Ever wondered what's hidden beneath a simple backyard? Watch this satisfying 45-day timelapse of building a,https://www.instagram.com/reel/DUv6Hefgpjs/,https://www.instagram.com/popular/underground-house/,r1_05
underground-house,7,elitebuildhq,DXC3fVijoEN,17.3M,17300000,"The Ultimate Secret Underground Oasis 🌊💎 . Experience the future of sustainable luxury. Step inside this breathtaking underground container home, wher",https://www.instagram.com/reel/DXC3fVijoEN/,https://www.instagram.com/popular/underground-house/,r1_05
underground-house,8,diycraftstvofficial,DWJwdxggZ-b,5.4M,5400000,Building a Secret Underground Luxury Bunker Beneath a Backyard,https://www.instagram.com/reel/DWJwdxggZ-b/,https://www.instagram.com/popular/underground-house/,r1_05
underground-house,9,tacticallyprepped,C9K0DCdJ-ji,48.5K,48500,Would you get this secret bunker installed in your house?!?! #bunker #saferoom #secretroom #house #emergency #survival #safe #underground #bugout #wor,https://www.instagram.com/reel/C9K0DCdJ-ji/,https://www.instagram.com/popular/underground-house/,r1_05
underground-house,10,imtiazsahib33,DXhkssgDQWf,17.6K,17600,Secret Underground Room Reveal! 😱 Hidden in Plain Sight... #bunker #stormshelter #backyardmakeover #survivalist #diyproject #homesteading,https://www.instagram.com/reel/DXhkssgDQWf/,https://www.instagram.com/popular/underground-house/,r1_05
underground-house,11,iconeraofficial,DUpuc-cAEIG,15.9K,15900,From Soil to Shelter | Real Underground Mini House Build #ai #house #craft,https://www.instagram.com/reel/DUpuc-cAEIG/,https://www.instagram.com/popular/underground-house/,r1_05
underground-house,12,adventure.shelter_,DX2Bxb6NHOb,444,444,"Would You Live in This Secret Underground Bunker?""#Bunker #Underground #Secret #Survival #LuxuryLiving HiddenWorld AIvideo Cinematic ViralVideo OffGri",https://www.instagram.com/reel/DX2Bxb6NHOb/,https://www.instagram.com/popular/underground-house/,r1_05
container-house,1,hawaiitinyhomes,C_EKqHcSmYd,23.5K,23500,"Our container homes are built to completion before they are delivered to your property, They come move-in-ready so you can start getting settled soone",https://www.instagram.com/reel/C_EKqHcSmYd/,https://www.instagram.com/popular/container-house/,r1_05
container-house,2,otmcontainers,DWajurrEhgo,"7,123",7123,2 bedroom container home 🏠 REAL AFFORDABLE HOUSING message me if interested mahalo,https://www.instagram.com/reel/DWajurrEhgo/,https://www.instagram.com/popular/container-house/,r1_05
container-house,3,flexicube.pl,Cgr1F7ygmyn,1.1M,1100000,L30 home with building area 30m2 ✨🏡 #compactliving #containerhome #containerhouse #container #shippingcontainer #shippinhcontainerhome #home #house #c,https://www.instagram.com/reel/Cgr1F7ygmyn/,https://www.instagram.com/popular/container-house/,r1_05
container-house,4,urban_containers_homes,C-96Rg-saWK,1.1M,1100000,Model UCH401 28m2 + terasa #container #containerslovers #containerhomedesigns #offgrid #zivotvansistema #mobilhome,https://www.instagram.com/reel/C-96Rg-saWK/,https://www.instagram.com/popular/container-house/,r1_05
container-house,5,volferda_tinyhouse,DKiwp3vowku,541K,541000,"Expandable container house less than $10,000,Perfect for Airbnb,guesthouse,rental house, farm house and tourism project 📱 WhatsApp: +852 5648 9209 🔗 W",https://www.instagram.com/reel/DKiwp3vowku/,https://www.instagram.com/popular/container-house/,r1_05
container-house,6,flexicube.pl,DIRnrRFt_sL,77.2K,77200,"We don't just build with containers — we cut, widen, and customize them to create unique spaces. L22XL (9 x 3m) — wider than standard, made for those",https://www.instagram.com/reel/DIRnrRFt_sL/,https://www.instagram.com/popular/container-house/,r1_05
container-house,7,azulcontainers,DFDXX1qOV8O,461K,461000,"Já pensou?! Num dia você só tem um terreno vazio, e no outro chega uma casa prontinha para usar! 🏡🌿♻️ #casacontainer #azulcontainers #container #const",https://www.instagram.com/reel/DFDXX1qOV8O/,https://www.instagram.com/popular/container-house/,r1_05
container-house,8,modern.architect,DS7oWRUCInE,560K,560000,A secluded forest serves as the canvas for a revolutionary architectural transformation. 🌲 Industrial shipping containers meet traditional timber fram,https://www.instagram.com/reel/DS7oWRUCInE/,https://www.instagram.com/popular/container-house/,r1_05
container-house,9,customcontainerliving,CzrWW5KuLZV,4.5M,4500000,"Check out our 20ft studio backyard bedroom build. This build is perfect for nightly rentals, in-law suite, or extra space in the backyard. #shippingco",https://www.instagram.com/reel/CzrWW5KuLZV/,https://www.instagram.com/popular/container-house/,r1_05
container-house,10,flexicube.eu,CfT-lzPjjgQ,196K,196000,L15 container house 🏡 Interested? Contact us now #container #containers #containerhome #containerhouse #containerlife #containerliving #tinyliving #ca,https://www.instagram.com/reel/CfT-lzPjjgQ/,https://www.instagram.com/popular/container-house/,r1_05
container-house,11,containerhomesdaily,DIZiXRETmYH,772K,772000,"Dreaming of your perfect container home? Let's make it a reality! 🚀 If you're ready to get started, contact us at customcontainerdesigns@gmail.com 📧 L",https://www.instagram.com/reel/DIZiXRETmYH/,https://www.instagram.com/popular/container-house/,r1_05
container-house,12,container_house_lisa,DVEDUtDCcZ3,285K,285000,prefab house folding house Container homes #containerhome#containerhomes#containerstore#containerhouse#shippingcontainer#containerlife#tintinyhousebui,https://www.instagram.com/reel/DVEDUtDCcZ3/,https://www.instagram.com/popular/container-house/,r1_05
futuristic-house,1,konars.design,DIoK2_Ry1DN,33.9K,33900,"ASIL House - Modern Futuristic As night falls, the house transforms into a visual masterp",https://www.instagram.com/reel/DIoK2_Ry1DN/,https://www.instagram.com/popular/futuristic-house/,r1_06
futuristic-house,2,harmosai,DOlpM39kbd5,752K,752000,"When the desert sky turns dark, the real show begins. ​This is where architecture becomes an experience.",https://www.instagram.com/reel/DOlpM39kbd5/,https://www.instagram.com/popular/futuristic-house/,r1_06
futuristic-house,3,urban_lifestyle_lab,DVesrMZDNwx,1.8M,1800000,Concept & Copyright © @urban_lifestyle_lab @Agnis Buls,https://www.instagram.com/reel/DVesrMZDNwx/,https://www.instagram.com/popular/futuristic-house/,r1_06
futuristic-house,4,orcadesignec,DS-RoHVjqVe,467K,467000,"Start 2026 with architecture at another scale. Infinite Mega-Mansion, Accra: 2,800 m², double-height foyer",https://www.instagram.com/reel/DS-RoHVjqVe/,https://www.instagram.com/popular/futuristic-house/,r1_06
futuristic-house,5,harmosai,DOY7KFpifBY,728K,728000,Let the storm roll in. ​There's a certain magic when a home feels like a fortress of warmth and light,https://www.instagram.com/reel/DOY7KFpifBY/,https://www.instagram.com/popular/futuristic-house/,r1_06
futuristic-house,6,luxurydreamhub,DSu0uzegdeM,241K,241000,"Defining modern luxury: where sleek architecture meets timeless elegance. 🌙✨ Your dream home, reimagined.",https://www.instagram.com/reel/DSu0uzegdeM/,https://www.instagram.com/popular/futuristic-house/,r1_06
futuristic-house,7,harmosai,DOWAQw0kdBU,15.2K,15200,True architectural mastery doesn't just create a structure; it frames a perspective. ​This black modern villa exem,https://www.instagram.com/reel/DOWAQw0kdBU/,https://www.instagram.com/popular/futuristic-house/,r1_06
futuristic-house,8,miladeshtiyaghi,DLw-wW0NBEY,381K,381000,Modern Hillside House 🌿🏡 Architecture & Interior designer: @miladeshtiyaghi This project reflects my vision of minimal,https://www.instagram.com/reel/DLw-wW0NBEY/,https://www.instagram.com/popular/futuristic-house/,r1_06
futuristic-house,9,luxuryhouseview,DUWZXEPiLip,159K,159000,"Not just a home, it's a lifestyle illuminated in elegance.""🖤💎 #LuxuryHome #ModernVilla #DreamHouse #EliteLiving",https://www.instagram.com/reel/DUWZXEPiLip/,https://www.instagram.com/popular/futuristic-house/,r1_06
futuristic-house,10,wayup_media,DWjLuOqjin8,448K,448000,"This home has been nominated for Home of the Year! If you think it should win, check out @azdarchitects & @nastructures",https://www.instagram.com/reel/DWjLuOqjin8/,https://www.instagram.com/popular/futuristic-house/,r1_06
futuristic-house,11,interior_home_design1,DKZqtdnNMBk,15.7K,15700,Majestic White Mansion Above the Mountains By: @luxquisit @interior_home_design1 #ai #house #home #interiordesign,https://www.instagram.com/reel/DKZqtdnNMBk/,https://www.instagram.com/popular/futuristic-house/,r1_06
futuristic-house,12,orcadesignec,DObqMvwDiJp,422K,422000,"A design created to transcend. Infinite Mansion redefines the living experience: modern lines, immersive lighting, and",https://www.instagram.com/reel/DObqMvwDiJp/,https://www.instagram.com/popular/futuristic-house/,r1_06
future-house,1,enesyilmazer,CLnNe3oD6cO,NA,,This week's home is straight from the future! Listed by @santiagoarana Archit,https://www.instagram.com/reel/CLnNe3oD6cO/,https://www.instagram.com/popular/future-house/,r1_06
future-house,2,successvisi0n,DHkYcJiCGUf,39.5K,39500,Manifestation 💪 ✨️ ❤️‍🔥 #manifestation #dreamhouse #buildingempires #motivationquotes #mot,https://www.instagram.com/reel/DHkYcJiCGUf/,https://www.instagram.com/popular/future-house/,r1_06
future-house,3,iselin.travel,DW6P0CTAgFb,96.2K,96200,🌺🌞🌴..and the ocean in the backyard ofc #futurehouse #tropicalparadise #islandlife #tropical,https://www.instagram.com/reel/DW6P0CTAgFb/,https://www.instagram.com/popular/future-house/,r1_06
future-house,4,insmultiverse,DGUwxeotedY,13K,13000,Which house would you pick to live in? . . . The vibe is limitless—unlock it now. . Foll,https://www.instagram.com/reel/DGUwxeotedY/,https://www.instagram.com/popular/future-house/,r1_06
future-house,5,alffaheritage,DX7UbgbBsnq,391,391,2030 Vision #luxurylifestyle #successdriven #luxurycarlife #luxurylife #millionairelife,https://www.instagram.com/reel/DX7UbgbBsnq/,https://www.instagram.com/popular/future-house/,r1_06
future-house,6,yourfantasyhomes,C7qCAbyIZUh,24.8K,24800,which futuristic home did you choose ? 🧡 • • • • • #dreamhome #aesthetic #vibes #dream #c,https://www.instagram.com/reel/C7qCAbyIZUh/,https://www.instagram.com/popular/future-house/,r1_06
future-house,7,theveltrix,DMSJr3xN3Xk,239K,239000,Who's that person? Tag in the comments 💸✨ #architechture #interiordesign #millionaire #bi,https://www.instagram.com/reel/DMSJr3xN3Xk/,https://www.instagram.com/popular/future-house/,r1_06
future-house,8,urban_lifestyle_lab,DPZ9k9SjLjL,320K,320000,"this isn't architecture… it's the future of luxury living, 💎🌊🏎️ ///Concept and copyright",https://www.instagram.com/reel/DPZ9k9SjLjL/,https://www.instagram.com/popular/future-house/,r1_06
future-house,9,sunt_mrr,C_fqAjaMNIJ,5.4M,5400000,Musician Dream House . Collaboration @ti.fu & @sunt_mrr . . . . . . . . #music #aiarchitec,https://www.instagram.com/reel/C_fqAjaMNIJ/,https://www.instagram.com/popular/future-house/,r1_06
future-house,10,themillionaires_mindset,DFYMAhdtQaV,34.2K,34200,Who's dreamhouse is this Modern Masterpiece? 🤩 . . Follow @themillionaires_mindset for more,https://www.instagram.com/reel/DFYMAhdtQaV/,https://www.instagram.com/popular/future-house/,r1_06
future-house,11,velvet_scenes,DO2pjUUDm6z,29.9K,29900,Choose your favorite new house #calm #relaxing #aesthetic #whichone #vibes #homedesign,https://www.instagram.com/reel/DO2pjUUDm6z/,https://www.instagram.com/popular/future-house/,r1_06
future-house,12,bic_trading,DTGLeVDCf-5,47.9K,47900,Definitely • #luxuryhouse #2030 #mansion,https://www.instagram.com/reel/DTGLeVDCf-5/,https://www.instagram.com/popular/future-house/,r1_06
futuristic-architecture,1,facade_designn,DSAo7HHgD0J,906K,906000,"🏛️""This architecture is not just a structure; it's a statement. 🏠A form that looks as",https://www.instagram.com/reel/DSAo7HHgD0J/,https://www.instagram.com/popular/futuristic-architecture/,r1_06
futuristic-architecture,2,facade_designn,DS5GYPmAESA,2.1M,2100000,✨A futuristic skyscraper inspired by the power of a serpent… 😍Where architecture meets,https://www.instagram.com/reel/DS5GYPmAESA/,https://www.instagram.com/popular/futuristic-architecture/,r1_06
futuristic-architecture,3,andrew.design_lab,DMlWifApHsW,144K,144000,Concept study: interior of a high-rise observation deck in a future vertical city.,https://www.instagram.com/reel/DMlWifApHsW/,https://www.instagram.com/popular/futuristic-architecture/,r1_06
futuristic-architecture,4,evan_mawlood__ai,DXrGY9iiEmi,"1,041",1041,تصاميم من المستقبل… بالذكاء الاصطناعي ✨ #ai #aiart #architecture #modernarchitecture,https://www.instagram.com/reel/DXrGY9iiEmi/,https://www.instagram.com/popular/futuristic-architecture/,r1_06
futuristic-architecture,5,ioscapes,DIJuOLftp2z,381K,381000,"The Finned Rift ""𝑬𝒍𝒆𝒈𝒂𝒏𝒄𝒆 𝑩𝒆𝒚𝒐𝒏𝒅 𝑮𝒆𝒐𝒎𝒆𝒕𝒓𝒚"" 𝐍𝐞𝐨𝐜𝐨𝐬𝐦𝐢𝐜",https://www.instagram.com/reel/DIJuOLftp2z/,https://www.instagram.com/popular/futuristic-architecture/,r1_06
futuristic-architecture,6,xenosphera,DUk74h1DRGX,24.2K,24200,Checking the Future The bright one. #futuristiccity #futuristicarchitecture #futurecity,https://www.instagram.com/reel/DUk74h1DRGX/,https://www.instagram.com/popular/futuristic-architecture/,r1_06
futuristic-architecture,7,scifiscapes,DNJKH4OMEHR,53.2K,53200,Year 3 of AI + Architecture (Aug 2022 – Aug 2025) +1 Million Followers +600 Million,https://www.instagram.com/reel/DNJKH4OMEHR/,https://www.instagram.com/popular/futuristic-architecture/,r1_06
futuristic-architecture,8,architectcha,DXrV9B8ikH0,115K,115000,"University Variation A fritted, translucent, double-enveloped educational building design.",https://www.instagram.com/reel/DXrV9B8ikH0/,https://www.instagram.com/popular/futuristic-architecture/,r1_06
futuristic-architecture,9,ioscapes,DMGOgrpNAHt,185K,185000,"The Rogue Noir Residence ""𝑬𝒍𝒆𝒈𝒂𝒏𝒄𝒆 𝑩𝒆𝒚𝒐𝒏𝒅 𝑮𝒆𝒐𝒎𝒆𝒕𝒓𝒚"" 𝐍𝐞𝐨𝐜𝐨𝐬𝐦𝐢𝐜",https://www.instagram.com/reel/DMGOgrpNAHt/,https://www.instagram.com/popular/futuristic-architecture/,r1_06
futuristic-architecture,10,interior_home_design1,DCO8KlbODXG,38.1K,38100,Futuristic yet in harmony with nature Genrated by @matitectura using Midjourney,https://www.instagram.com/reel/DCO8KlbODXG/,https://www.instagram.com/popular/futuristic-architecture/,r1_06
futuristic-architecture,11,urban_lifestyle_lab,DPZ9k9SjLjL,320K,320000,"this isn't architecture… it's the future of luxury living, 💎🌊🏎️ ///Concept and copyright",https://www.instagram.com/reel/DPZ9k9SjLjL/,https://www.instagram.com/popular/futuristic-architecture/,r1_06
futuristic-architecture,12,primurse_log,DVd1PPVj6Z4,1.7M,1700000,Concept 90: Fish-Shaped Skyscrapers Rising From the Ocean 😳🐟 Imagine a city where the,https://www.instagram.com/reel/DVd1PPVj6Z4/,https://www.instagram.com/popular/futuristic-architecture/,r1_06
futuristic-interior,1,esseta_studio,DZzfedAsfvT,383K,383000,"Would you live in a fully automated penthouse like this? 👀 Locked in. Lights, clim",https://www.instagram.com/reel/DZzfedAsfvT/,https://www.instagram.com/popular/futuristic-interior/,r1_06
futuristic-interior,2,1.59818,DcJACnaq3l5,"7,649",7649,穿越時空的太空艙！一秒看懂「復古未來主義」🪐✨ 以前的人想像的未來，原來這麼浪漫！ 打破懷舊與科技的界線，復古未來主義,https://www.instagram.com/reel/DcJACnaq3l5/,https://www.instagram.com/popular/futuristic-interior/,r1_06
futuristic-interior,3,remodel_design_,Db9ODNdBcjh,156K,156000,"Modern High-Rise, Floor-to-Ceiling Glass & Moody Tones 💡 #ModernMinimalism #HighRiseLiving #LuxuryApartment #RainyCityVibes #moodyinter",https://www.instagram.com/reel/Db9ODNdBcjh/,https://www.instagram.com/popular/futuristic-interior/,r1_06
futuristic-interior,4,luxuryhouseview,DQ2vN1BCCZn,2.9M,2900000,"Sukoon under the stars — where dreams meet the galaxy."" 🌌🪐💫✨ #GalaxyHome #FuturisticLiving #LuxuryVibes #StarryNights #ModernElegance #DreamSpace",https://www.instagram.com/reel/DQ2vN1BCCZn/,https://www.instagram.com/popular/futuristic-interior/,r1_06
futuristic-interior,5,meta_animate,DCtmXoTulqa,27.9K,27900,"Living, Reinvented This isn't just an interior—it's a revolution in design. Unreal Engine brings form and function together in a way",https://www.instagram.com/reel/DCtmXoTulqa/,https://www.instagram.com/popular/futuristic-interior/,r1_06
futuristic-interior,6,asharch_design,DQJ5NlWCAFh,608K,608000,"A luxurious modern interior balancing sleek finishes, soft textures, and ambient lighting for an elegant feel. Project based in NY📍. #interiordesign #",https://www.instagram.com/reel/DQJ5NlWCAFh/,https://www.instagram.com/popular/futuristic-interior/,r1_06
futuristic-interior,7,studio_collective,DLIoCS4NnOA,"1,773",1773,Elevator design for @virginhotelslv designed by us and @tishkbarzanji provided 3 unique pieces of artwork for the backlit walls that captures both a s,https://www.instagram.com/reel/DLIoCS4NnOA/,https://www.instagram.com/popular/futuristic-interior/,r1_06
futuristic-interior,8,georgios_tataridis,DT0BHW6Ct9o,761K,761000,Project in Dubai. What's your opinion? Contemporary design style with luxurious touches. _ _,https://www.instagram.com/reel/DT0BHW6Ct9o/,https://www.instagram.com/popular/futuristic-interior/,r1_06
futuristic-interior,9,masiartfurniture,DWWt5nZjcQM,17.8K,17800,"What do you think of this stainless steel lounge chair, inflated to look like a soft cushion? #StainlessSteelFurniture #BlownSteelArt #ModernLoungeCha",https://www.instagram.com/reel/DWWt5nZjcQM/,https://www.instagram.com/popular/futuristic-interior/,r1_06
futuristic-interior,10,lk4id,CxH3K5IL2w6,13M,13000000,Modern urban #penthouse living area 🥂 #housetour #walkthrough #virtualreality #render #livingroom #condo #virtualtour #livingroominspo #livingroomdesi,https://www.instagram.com/reel/CxH3K5IL2w6/,https://www.instagram.com/popular/futuristic-interior/,r1_06
futuristic-interior,11,luxurydreamhub,DPBFz4YgeQF,2.7M,2700000,Living the grand life! ✨ This open-concept space with its incredible lighting and architectural design is absolutely captivating. Imagine unwinding he,https://www.instagram.com/reel/DPBFz4YgeQF/,https://www.instagram.com/popular/futuristic-interior/,r1_06
futuristic-interior,12,zalabadesign,Dblh2QWRUn_,196K,196000,"This vibe is making a strong comeback, but it never really disappeared. It simply evolved. The renewed interest in neo futurism, Italian modernism, an",https://www.instagram.com/reel/Dblh2QWRUn_/,https://www.instagram.com/popular/futuristic-interior/,r1_06
parametric-architecture,1,kheer_rvt,DPuHH28jJm7,1.2M,1200000,Parametric Origami !😬🔥 كـ تكملة للريل السابق. و محاولة دمج الأوريغامي في ال,https://www.instagram.com/reel/DPuHH28jJm7/,https://www.instagram.com/popular/parametric-architecture/,r1_06
parametric-architecture,2,emunarq7,DQUc9XXAmgT,NA,,NA,https://www.instagram.com/reel/DQUc9XXAmgT/,https://www.instagram.com/popular/parametric-architecture/,r1_06
parametric-architecture,3,ti.fu,C1ofaiFM95o,1.8M,1800000,Parametric Intelligence . Discover a new power architecture workflow with Parametric Design,https://www.instagram.com/reel/C1ofaiFM95o/,https://www.instagram.com/popular/parametric-architecture/,r1_06
parametric-architecture,4,khaled_sadeden_design,DLU80qovJZC,12.3K,12300,Waterfront- Skeletal Architecture By @khaled_sadeden_design @advanced.design.lab #arch,https://www.instagram.com/reel/DLU80qovJZC/,https://www.instagram.com/popular/parametric-architecture/,r1_06
parametric-architecture,5,archea.in,CzWBWS7y1Gf,427K,427000,"With time, more and more Indian firms are embracing parametric architecture, a generative des",https://www.instagram.com/reel/CzWBWS7y1Gf/,https://www.instagram.com/popular/parametric-architecture/,r1_06
parametric-architecture,6,efetopcuarchitecture,DX6xxdWok2W,62.5K,62500,Bu çalışma Grasshopper ile oluşturulmuş parametrik bir kabuk ve yüzey üzerinde tanımlı bir pe,https://www.instagram.com/reel/DX6xxdWok2W/,https://www.instagram.com/popular/parametric-architecture/,r1_06
parametric-architecture,7,emunarq7,DPVSFNDjnh7,NA,,NA,https://www.instagram.com/reel/DPVSFNDjnh7/,https://www.instagram.com/popular/parametric-architecture/,r1_06
parametric-architecture,8,emunarq7,DLJTWMtxWqV,NA,,NA,https://www.instagram.com/reel/DLJTWMtxWqV/,https://www.instagram.com/popular/parametric-architecture/,r1_06
parametric-architecture,9,facade_designn,DRe15ajgGtf,531K,531000,"✨When architecture dares to break the rules, magic happens... 😍This design blends nature,",https://www.instagram.com/reel/DRe15ajgGtf/,https://www.instagram.com/popular/parametric-architecture/,r1_06
parametric-architecture,10,vkuoo,DWtSS0qjNeD,20.4K,20400,"🏗️⚡️Not all architecture needs to be soft. Some buildings are sharp, structured, and unapol",https://www.instagram.com/reel/DWtSS0qjNeD/,https://www.instagram.com/popular/parametric-architecture/,r1_06
parametric-architecture,11,the.nuance.studio,DQuNebgiM2K,156K,156000,. PRISMA OFFICE BUILDING Architect: Amirali sharifi @the.nuance.studio Visualisation: @ar,https://www.instagram.com/reel/DQuNebgiM2K/,https://www.instagram.com/popular/parametric-architecture/,r1_06
architecture,1,jen.casanovas.ibiza,DVGaPhTDQO8,11.7M,11700000,Testing new doors for clients new houses 😮‍💨 #realestate #architecture #design #porce,https://www.instagram.com/reel/DVGaPhTDQO8/,https://www.instagram.com/popular/architecture/,r1_06
architecture,2,castlepics,DUaQ1wEApi4,20M,20000000,Cologne Cathedral (Kölner Dom) is one of Europe's most awe-inspiring Gothic masterpieces and a symbo,https://www.instagram.com/reel/DUaQ1wEApi4/,https://www.instagram.com/popular/architecture/,r1_06
architecture,3,nice_tower,DVgIXfOiIOq,31.5M,31500000,The fastest way to create a staircase in a rounded corner using the Shape Bender plugin in SketchUp,https://www.instagram.com/reel/DVgIXfOiIOq/,https://www.instagram.com/popular/architecture/,r1_06
architecture,4,crbengineer,DVH2YNYk1i9,4.7M,4700000,Civil engineering basic information . . #civilengineering #civilengineer #contractor #design #arch,https://www.instagram.com/reel/DVH2YNYk1i9/,https://www.instagram.com/popular/architecture/,r1_06
architecture,5,archstudent.marteen,DSxsu7HiQdV,32M,32000000,few clips of my assignments from first semester #architecture #architecturestudent #modelbuilding #firs,https://www.instagram.com/reel/DSxsu7HiQdV/,https://www.instagram.com/popular/architecture/,r1_06
architecture,6,architectanddesign,DV3FgFVjJLx,55.2M,55200000,Did you know that the Kölner Dom took 632 years to complete? Construction began in 1248 and was fina,https://www.instagram.com/reel/DV3FgFVjJLx/,https://www.instagram.com/popular/architecture/,r1_06
architecture,7,sanyamboraarchitects,DW1VSs9DdYd,19.3M,19300000,Some projects give themselves away the moment you lay eyes on them. And it's not because of a pretty rend,https://www.instagram.com/reel/DW1VSs9DdYd/,https://www.instagram.com/popular/architecture/,r1_06
architecture,8,erisa_mema,DVFCfTjD8aF,7.5M,7500000,Vintage architectural drawing #architecture #architecturestudent #architectureschool #art #architecturec,https://www.instagram.com/reel/DVFCfTjD8aF/,https://www.instagram.com/popular/architecture/,r1_06
architecture,9,nice_tower,DUY7-PPiLtI,5.3M,5300000,"SketchUp stair detailing tutorial 🪜 In this short video, you'll learn how to model a modern stair secti",https://www.instagram.com/reel/DUY7-PPiLtI/,https://www.instagram.com/popular/architecture/,r1_06
architecture,10,zinapoyalar_uz,DVI8mxrjUGN,11.8M,11800000,#foryou #reels #rek #architecture #construction,https://www.instagram.com/reel/DVI8mxrjUGN/,https://www.instagram.com/popular/architecture/,r1_06
architecture,11,archstudent.marteen,DWRoMsiDMrX,5.7M,5700000,first year is almost done I can't believe it #architecture #architecturestudent #firstyeararchitectur,https://www.instagram.com/reel/DWRoMsiDMrX/,https://www.instagram.com/popular/architecture/,r1_06
architecture,12,explaining.architecturee,DX4piBMuBnd,9.7M,9700000,They told the architect his design was impossible. He built it anyway. And it became the most recognizab,https://www.instagram.com/reel/DX4piBMuBnd/,https://www.instagram.com/popular/architecture/,r1_06
modern-architecture,1,facade_designn,DSh3QjJAOcv,239K,239000,✨A sculptural glass facade rising above the city… 🌿This modern high-rise blends fluid architectu,https://www.instagram.com/reel/DSh3QjJAOcv/,https://www.instagram.com/popular/modern-architecture/,r1_06
modern-architecture,2,buildsinblack,DZx1gIBofW9,1.3M,1300000,"Series 001 — Ancient Ruins, Episode 01: an abandoned monastery reimagined as a black contempora",https://www.instagram.com/reel/DZx1gIBofW9/,https://www.instagram.com/popular/modern-architecture/,r1_06
modern-architecture,3,shri_bk_babu,DZtnXgNxk_G,26.8M,26800000,This old and forgotten house has now been transformed into a modern luxury space. Every corner h,https://www.instagram.com/reel/DZtnXgNxk_G/,https://www.instagram.com/popular/modern-architecture/,r1_06
modern-architecture,4,visionbuildofficial,DW8_CcQESn8,6.6M,6600000,The Craziest Snake Tower Ever Built in the USA 🐍🏙️ #ConstructionUSA #SkyscraperBuild #Timel,https://www.instagram.com/reel/DW8_CcQESn8/,https://www.instagram.com/popular/modern-architecture/,r1_06
modern-architecture,5,harmosai,DPvidSqDrUT,"9,648",9648,The Monolith of Grace: Redefining Form in Luxury Architecture We're sharing a conceptual visi,https://www.instagram.com/reel/DPvidSqDrUT/,https://www.instagram.com/popular/modern-architecture/,r1_06
modern-architecture,6,_vlasov_roman_,DP_9B6OCMdm,422K,422000,Concept | 799 Architecture By @_vlasov_roman_,https://www.instagram.com/reel/DP_9B6OCMdm/,https://www.instagram.com/popular/modern-architecture/,r1_06
modern-architecture,7,marleyandsamhomediy,DXoxkiRAfVG,1.1M,1100000,Old House Exterior to Modern Zen Facade ⛩️🌿 First impressions are everything! 🛑✨ We co,https://www.instagram.com/reel/DXoxkiRAfVG/,https://www.instagram.com/popular/modern-architecture/,r1_06
modern-architecture,8,villa_designn,DZaTrr5N7gt,2.6M,2600000,"Built For Extraordinary Living ✨ More than a villa, it's a statement of vision, luxury, and",https://www.instagram.com/reel/DZaTrr5N7gt/,https://www.instagram.com/popular/modern-architecture/,r1_06
modern-architecture,9,elitebuildhq,DW4-fMTiB96,24M,24000000,The Evolution of Luxury: The Living Garden Garage. 🌿🏎️ Witness the seamless blend of mode,https://www.instagram.com/reel/DW4-fMTiB96/,https://www.instagram.com/popular/modern-architecture/,r1_06
modern-architecture,10,05kai_562,DXFgq7hpmOu,3.3M,3300000,The Ultimate Secret: Burying a Luxury Bus for a Hidden Underground Suite! 🏛️💖 Turning a,https://www.instagram.com/reel/DXFgq7hpmOu/,https://www.instagram.com/popular/modern-architecture/,r1_06
modern-architecture,11,simplevision_andro,DW0xoVpj7No,6.8M,6800000,Hidden Staircase Concept Hidden staircase is very convenient — but it's more than just a fun,https://www.instagram.com/reel/DW0xoVpj7No/,https://www.instagram.com/popular/modern-architecture/,r1_06
modern-architecture,12,stylishnorrastudios,DZ0TBEsOgkU,3.7M,3700000,"The precise poetry of vertical scale, biophilic harmony, and panoramic sanctuary light. 📐🌿",https://www.instagram.com/reel/DZ0TBEsOgkU/,https://www.instagram.com/popular/modern-architecture/,r1_06
architecture-design,1,srmdesignhub,Db8jLrwIqs1,738K,738000,🏠 25' × 40' North-Facing 2BHK House Plan A compact and practical home design with proper room,https://www.instagram.com/reel/Db8jLrwIqs1/,https://www.instagram.com/popular/architecture-design/,r1_06
architecture-design,2,arch_.rama,DcWtqlvoXQq,278K,278000,What if the things we see every day could become spaces we live in?🤔 #architecture #interiordesign,https://www.instagram.com/reel/DcWtqlvoXQq/,https://www.instagram.com/popular/architecture-design/,r1_06
architecture-design,3,abby.architecture,Cl8TfGkJENr,1.2M,1200000,"I'm so relieved to be done with this project :,) also model was made with @sketchup_official and rendered",https://www.instagram.com/reel/Cl8TfGkJENr/,https://www.instagram.com/popular/architecture-design/,r1_06
architecture-design,4,andresnunezarquitectos,DcgmeFsxg2T,188K,188000,Casa Francis Condominio Hacienda Chicureo,https://www.instagram.com/reel/DcgmeFsxg2T/,https://www.instagram.com/popular/architecture-design/,r1_06
architecture-design,5,arc_dezine,DTc22z0EZwz,84.9K,84900,"The ""Thought"" behind the masterpiece✨ Architecture is where geometry meets emotion. From the dome sh",https://www.instagram.com/reel/DTc22z0EZwz/,https://www.instagram.com/popular/architecture-design/,r1_06
architecture-design,6,vkuoo,DYcHAzus4uG,292K,292000,🏗️✨ DESIGN 10 BUILDINGS IN 10 SECONDS? AI JUST REWROTE ARCHITECTURE. Same site. Infinite designs — all AI-gene,https://www.instagram.com/reel/DYcHAzus4uG/,https://www.instagram.com/popular/architecture-design/,r1_06
architecture-design,7,ms.josefine,DctfC47uMsN,683K,683000,Sadly it took a little bit longer 🤏🏻📐🪚✍🏻 #architecturedesign #architecture #modelling #architect #degree,https://www.instagram.com/reel/DctfC47uMsN/,https://www.instagram.com/popular/architecture-design/,r1_06
architecture-design,8,mikayla.deg,DbB5sVYI3j7,249K,249000,exploring architecture >> follow @mikayla.deg for more architecture and design content! #architecture,https://www.instagram.com/reel/DbB5sVYI3j7/,https://www.instagram.com/popular/architecture-design/,r1_06
architecture-design,9,kimiyarc,DA_euRjtll8,1.1M,1100000,-plan a: become a successful architect -plan b: plan a ✨ _______________________________,https://www.instagram.com/reel/DA_euRjtll8/,https://www.instagram.com/popular/architecture-design/,r1_06
architecture-design,10,sevenora.design,DbkDSq7xR__,1.6M,1600000,"For this project, our client envisioned a villa with the calm, immersive atmosphere of a resort. ⠀ That visi",https://www.instagram.com/reel/DbkDSq7xR__/,https://www.instagram.com/popular/architecture-design/,r1_06
architecture-design,11,muhammad_azhar_official,DbUqSgCtQO8,159K,159000,"We are a team of Architects and Engineers, Providing High Quality of work. 🏠Get your House design today ⌚",https://www.instagram.com/reel/DbUqSgCtQO8/,https://www.instagram.com/popular/architecture-design/,r1_06
architecture-design,12,arch_sana80,DUqko75iC1o,184K,184000,إخراج واجهة كلاسكية🤍 ريل قديم نحظر و بحبه ف رجعت نزلته🥹✨ #architecture #architect #reels #arch,https://www.instagram.com/reel/DUqko75iC1o/,https://www.instagram.com/popular/architecture-design/,r1_06
luxury-pool,1,envypoolsaz,DDZhNZ3JQAW,148K,148000,Chasing sunshine and unforgettable moments in an oasis of tranquility! 🧘🏝️,https://www.instagram.com/reel/DDZhNZ3JQAW/,https://www.instagram.com/popular/luxury-pool/,r1_06
luxury-pool,2,foxterradesign,DVEZqAaDwFM,954K,954000,A sunken fire pit INSIDE the pool? This is what happens when you take luxury to the next level,https://www.instagram.com/reel/DVEZqAaDwFM/,https://www.instagram.com/popular/luxury-pool/,r1_06
luxury-pool,3,luxquisit,DSYypOAjEEk,394K,394000,This Pool Feels Like a Dream,https://www.instagram.com/reel/DSYypOAjEEk/,https://www.instagram.com/popular/luxury-pool/,r1_06
luxury-pool,4,reschio,C9z7ny9syhE,18.8M,18800000,"In the intense summer heat, Reschio remains an oasis of serenity. The castle swimming pool, ben",https://www.instagram.com/reel/C9z7ny9syhE/,https://www.instagram.com/popular/luxury-pool/,r1_06
luxury-pool,5,lucaslagoons,C3ktMaosAXN,1.3M,1300000,"This tropical lagoon in Englewood, Florida, was designed to mimic an old Florida swimming hole.",https://www.instagram.com/reel/C3ktMaosAXN/,https://www.instagram.com/popular/luxury-pool/,r1_06
luxury-pool,6,coastlinepools_,DRKzQF8EhGK,222K,222000,Step into luxury living ✨ This modern pool is designed with every amenity you could dream of—sl,https://www.instagram.com/reel/DRKzQF8EhGK/,https://www.instagram.com/popular/luxury-pool/,r1_06
luxury-pool,7,neuraltransform,DVRdL5wkkIK,2.7M,2700000,They turned a desert hill into THIS?! #infinitypool #luxuryhome #outdoordesign #backyardgo,https://www.instagram.com/reel/DVRdL5wkkIK/,https://www.instagram.com/popular/luxury-pool/,r1_06
luxury-pool,8,tinylivingdesignsi,DVHZYaHDtWk,25.3K,25300,Watch an ultra-realistic cinematic timelapse of a futuristic alien-inspired swimming pool being,https://www.instagram.com/reel/DVHZYaHDtWk/,https://www.instagram.com/popular/luxury-pool/,r1_06
luxury-pool,9,benignitiles,DKCzq1ROSYc,2.9M,2900000,For you that doubt about the #luxuryglass #resistant of our #pools we wanted to try it out firs,https://www.instagram.com/reel/DKCzq1ROSYc/,https://www.instagram.com/popular/luxury-pool/,r1_06
luxury-pool,10,realtordenisbibik,DS47rSojdQ-,185K,185000,This is what slow living looks like Contact me for Real Estate in Miami @realtordenisbibik . .,https://www.instagram.com/reel/DS47rSojdQ-/,https://www.instagram.com/popular/luxury-pool/,r1_06
luxury-pool,11,poolicons,DWkhxVrD6V9,"8,076",8076,Night time beauty 🔥 #pool #pools #home #nighthome #luxuryhomes,https://www.instagram.com/reel/DWkhxVrD6V9/,https://www.instagram.com/popular/luxury-pool/,r1_06
luxury-pool,12,renovatemate,DXI12kqxCk1,1.4M,1400000,Early access for these pool link in bio. Hurry up and join. As we have limited pieces.,https://www.instagram.com/reel/DXI12kqxCk1/,https://www.instagram.com/popular/luxury-pool/,r1_06
indoor-pool,1,quaintandsimple,DFJrYmZJDx7,2.8M,2800000,Many of our evenings look like this even in the dead of winter. Frost and snow have no effect on this indoor pool!,https://www.instagram.com/reel/DFJrYmZJDx7/,https://www.instagram.com/popular/indoor-pool/,r1_06
indoor-pool,2,french_exterior,DNJNfzIIQir,828K,828000,And I will not settle for less 🌿🏊🏼‍♀️ By @french_exterior At @chateaudesannes,https://www.instagram.com/reel/DNJNfzIIQir/,https://www.instagram.com/popular/indoor-pool/,r1_06
indoor-pool,3,nataliefreeman_theavenue,C_ptUUoCiZs,14K,14000,"🔥👌How about THIS for an indoor pool/spa/entertaining area??! 😎This incredible space,comes complete with a hot tub",https://www.instagram.com/reel/C_ptUUoCiZs/,https://www.instagram.com/popular/indoor-pool/,r1_06
indoor-pool,4,unikoncept,DUJA4FvjbzA,10.5K,10500,"🤷🏻‍♀️Curious: If you were building a home from scratch, what's your must-have feature? A home spa was mine. 🧖‍♀️",https://www.instagram.com/reel/DUJA4FvjbzA/,https://www.instagram.com/popular/indoor-pool/,r1_06
indoor-pool,5,naturesms,C_0p78vSxYJ,334K,334000,NA,https://www.instagram.com/reel/C_0p78vSxYJ/,https://www.instagram.com/popular/indoor-pool/,r1_06
indoor-pool,6,swimply,DUjgIpWki_Z,206K,206000,"Indoor pool drop! 💜 With summer still month away, enjoy this warm indoor oasis 🏖 70 five-star reviews ⭐️",https://www.instagram.com/reel/DUjgIpWki_Z/,https://www.instagram.com/popular/indoor-pool/,r1_06
indoor-pool,7,quaintandsimple,C7kFiXgPyUM,806K,806000,"The answer…. Priceless. In all honesty, this pool made us go over budget on our house but it truly is one of the most",https://www.instagram.com/reel/C7kFiXgPyUM/,https://www.instagram.com/popular/indoor-pool/,r1_06
indoor-pool,8,skyviewexperts,C2Uyw2ArW6H,1.6M,1600000,"One of the wildest indoor pools you'll ever see! Has two pools, a jacuzzi, slide, and a waterfall 🤯",https://www.instagram.com/reel/C2Uyw2ArW6H/,https://www.instagram.com/popular/indoor-pool/,r1_06
indoor-pool,9,shltr,DMa_j3noxyi,55.4K,55400,"A quick dip in this breathtaking indoor pool, anyone? 💦 ✨ Via @uniqchalets",https://www.instagram.com/reel/DMa_j3noxyi/,https://www.instagram.com/popular/indoor-pool/,r1_06
indoor-pool,10,the_morsia_home,DDeyt3kteft,79.1K,79100,Literally hanging out too with the hang tough rings 😂 The details: Interiors @seabrook_studio Architecture: @frame__architects,https://www.instagram.com/reel/DDeyt3kteft/,https://www.instagram.com/popular/indoor-pool/,r1_06
indoor-pool,11,tinylivingdesignsi,DTs_-VRkZb0,726K,726000,From Empty Pavilion to a Breathtaking Indoor Beach ! #IndoorPool #LuxuryDesign #NaturalShoreline #IndoorOasis,https://www.instagram.com/reel/DTs_-VRkZb0/,https://www.instagram.com/popular/indoor-pool/,r1_06
indoor-pool,12,allthingshomestyle,DJhEk3xKiUM,"2,415",2415,Disappearing indoor pool 🏊. #indoorpool #homepool #indoorswimmingpool #pooldesigner #swimmingpooldesign,https://www.instagram.com/reel/DJhEk3xKiUM/,https://www.instagram.com/popular/indoor-pool/,r1_06
rooftop-pool,1,nouxri,DR0Avs-CHmX,452K,452000,The rooftop pool at @thelanadubai 😍 #dubai,https://www.instagram.com/reel/DR0Avs-CHmX/,https://www.instagram.com/popular/rooftop-pool/,r1_06
rooftop-pool,2,nhcollectiondubaithepalm,C89zm-QIPKo,268K,268000,"Tranquil escapes begin at our rooftop pool, where the skyline stretches endlessly, offering a panorama",https://www.instagram.com/reel/C89zm-QIPKo/,https://www.instagram.com/popular/rooftop-pool/,r1_06
rooftop-pool,3,tinkerbelltik,DWUBLCLDHqT,57K,57000,Do you agree?💙 📍AURA Sky Pool 🇦🇪 #summer #viralreels #luxurytravel,https://www.instagram.com/reel/DWUBLCLDHqT/,https://www.instagram.com/popular/rooftop-pool/,r1_06
rooftop-pool,4,takemyhearteverywhere,DJpBbibIpzQ,217K,217000,Our favorite rooftop pool in Dubai 💧 @highsocietyatthelana feels like a secret spot above the city,https://www.instagram.com/reel/DJpBbibIpzQ/,https://www.instagram.com/popular/rooftop-pool/,r1_06
rooftop-pool,5,aureliestory,DMGId-oNg3k,3.2M,3200000,"@aureliestory Is this the most beautiful pool in the world? 🤯😍 📍 Aura Sky Pool, Dubai, UAE",https://www.instagram.com/reel/DMGId-oNg3k/,https://www.instagram.com/popular/rooftop-pool/,r1_06
rooftop-pool,6,tamanna9147,CwNtKGCgvT9,163K,163000,What a pool view !! 💙 @addressskyview . . . . . . #dubaiinfluencer#travelblogger#traveltheworld,https://www.instagram.com/reel/CwNtKGCgvT9/,https://www.instagram.com/popular/rooftop-pool/,r1_06
rooftop-pool,7,mactechconstructions,DSN7yupE-4E,33.6K,33600,The brief was simple: create a rooftop pool oasis worthy of its iconic headland location.,https://www.instagram.com/reel/DSN7yupE-4E/,https://www.instagram.com/popular/rooftop-pool/,r1_06
rooftop-pool,8,poolique,DBejkl1uMZz,"8,557",8557,Perfect infinity pool spot to enjoy the sunset 😍🔝🆒 Credit 👉🏻 @creatorsluxury,https://www.instagram.com/reel/DBejkl1uMZz/,https://www.instagram.com/popular/rooftop-pool/,r1_06
rooftop-pool,9,architectanddesign,C-2qQ4fMOsm,2.4M,2400000,"This is what a floating rooftop pool at a hotel in Huizhou, #China, looks like. Would you dare to swim",https://www.instagram.com/reel/C-2qQ4fMOsm/,https://www.instagram.com/popular/rooftop-pool/,r1_06
rooftop-pool,10,shabbu_furniture_art,DOfeyxqgIaJ,27.1K,27100,Roof top design . . . . #asgardesigner #dezo_interior #rooftop #rooftoppool #rooftiles,https://www.instagram.com/reel/DOfeyxqgIaJ/,https://www.instagram.com/popular/rooftop-pool/,r1_06
rooftop-pool,11,visitnewyork,DKyrJKkyipT,19.1K,19100,Now this is what they call a pool with a view!,https://www.instagram.com/reel/DKyrJKkyipT/,https://www.instagram.com/popular/rooftop-pool/,r1_06
rooftop-pool,12,westmod,Crbmi4_gi0_,1.3M,1300000,You can buy the experience but the vibe is priceless. #luxurypools #luxuryhomes,https://www.instagram.com/reel/Crbmi4_gi0_/,https://www.instagram.com/popular/rooftop-pool/,r1_06
dubai-penthouse,1,itsmesohaib,DTavLTLE3x1,321K,321000,POV: view from your penthouse in Dubai✨ 🎥: @itsmesohaib bluegroundhomes now offers short-term stays in select citi,https://www.instagram.com/reel/DTavLTLE3x1/,https://www.instagram.com/popular/dubai-penthouse/,r1_07
dubai-penthouse,2,hemby.capital,DNljJYCIbsy,51.5K,51500,✨ Welcome to the pinnacle of Dubai living. This iconic penthouse redefines luxury with panoramic views that leave you breathless and interiors,https://www.instagram.com/reel/DNljJYCIbsy/,https://www.instagram.com/popular/dubai-penthouse/,r1_07
dubai-penthouse,3,shyamsavani.dxb,DJ9sjbFhgvQ,"7,063",7063,I can't wait to show you all the best Penthouse in Downtown Dubai…,https://www.instagram.com/reel/DJ9sjbFhgvQ/,https://www.instagram.com/popular/dubai-penthouse/,r1_07
dubai-penthouse,4,feelingofluxury,CvhYkBUqMra,28.5K,28500,"Penthouse goals in Dubai via @terplanet! ✨😍 💡Penthouses in Dubai are typically located in the most exclusive areas of the city, such as Palm Jumeirah,",https://www.instagram.com/reel/CvhYkBUqMra/,https://www.instagram.com/popular/dubai-penthouse/,r1_07
dubai-penthouse,5,itsmesohaib,DYQVAt3s9FU,281K,281000,POV : View from your penthouse in Dubai ✨ #dubai #luxurylifestyle #explorepage✨,https://www.instagram.com/reel/DYQVAt3s9FU/,https://www.instagram.com/popular/dubai-penthouse/,r1_07
dubai-penthouse,6,thecapitalexchange,COBMKCpgf4E,NA,,Dubai Mansion Fever,https://www.instagram.com/reel/COBMKCpgf4E/,https://www.instagram.com/popular/dubai-penthouse/,r1_07
dubai-penthouse,7,worldclassresidences,DZSA7hgstZi,11.2K,11200,"Perched above the Dubai Water Canal, this extraordinary penthouse at One Canal redefines luxury living. Priced at approximately $50 million, the res",https://www.instagram.com/reel/DZSA7hgstZi/,https://www.instagram.com/popular/dubai-penthouse/,r1_07
dubai-penthouse,8,kamolonthepalm,DUdCwPQimyZ,22.9K,22900,A triplex penthouse that doesn't just sit above the city — it owns the view. From the living spaces overlooking the Downtown skyline to the rooftop le,https://www.instagram.com/reel/DUdCwPQimyZ/,https://www.instagram.com/popular/dubai-penthouse/,r1_07
dubai-penthouse,9,dani.the.real,DXbzLtnjMek,2.2M,2200000,Absolutely love this view… and John Mayer #dubai #penthouse #view,https://www.instagram.com/reel/DXbzLtnjMek/,https://www.instagram.com/popular/dubai-penthouse/,r1_07
dubai-penthouse,10,aureon.studi0,DZyUWCQxZCp,354K,354000,A view worth building a life around. ✨ Double-height luxury ✨ Infinity-edge living ✨ Dubai at your doorstep #LuxuryPenthouse #ArchitectureLovers,https://www.instagram.com/reel/DZyUWCQxZCp/,https://www.instagram.com/popular/dubai-penthouse/,r1_07
dubai-penthouse,11,dubai.captured,DTs5TwtksJY,257K,257000,NA,https://www.instagram.com/reel/DTs5TwtksJY/,https://www.instagram.com/popular/dubai-penthouse/,r1_07
dubai-penthouse,12,anas_meqdadi,CkBL2y2h6Du,116K,116000,Check out the Sunset Views from this Sky Collection Penthouse at the top of 📍Address Boulevard #downtowndubai - Four bedrooms plus Maid - Fully furnis,https://www.instagram.com/reel/CkBL2y2h6Du/,https://www.instagram.com/popular/dubai-penthouse/,r1_07
dubai-villa,1,nestseekersdubai,DU7gjFqiKpl,212K,212000,"Ultra luxury villa for sale in Dubai most luxurious community, contact us now for more information ℹ️",https://www.instagram.com/reel/DU7gjFqiKpl/,https://www.instagram.com/popular/dubai-villa/,r1_07
dubai-villa,2,alshifarealtor.dxb,DdMPxaloS3f,54.3M,54300000,"Why should I pay rent when I can have my own villa in Dubai? 🏡✨ Want to know how? Comment ""VILLA""",https://www.instagram.com/reel/DdMPxaloS3f/,https://www.instagram.com/popular/dubai-villa/,r1_07
dubai-villa,3,yourpropertysisters.dubaj,DYhohCuMAaL,106K,106000,And the best part of this villa… you'll see tomorrow.,https://www.instagram.com/reel/DYhohCuMAaL/,https://www.instagram.com/popular/dubai-villa/,r1_07
dubai-villa,4,sellingwithsimmrit,DcRFxpMITCJ,10.7M,10700000,35 Million Dirhams Home Tour 🤩 . . . #luxuryliving #dubai #richierich #damacproperties,https://www.instagram.com/reel/DcRFxpMITCJ/,https://www.instagram.com/popular/dubai-villa/,r1_07
dubai-villa,5,pushpinder.revo,Db3U3TmtYHa,21.2K,21200,Villa in just 5.5 million USD,https://www.instagram.com/reel/Db3U3TmtYHa/,https://www.instagram.com/popular/dubai-villa/,r1_07
dubai-villa,6,jaseel_pm.le,DObJje_gWha,2.7M,2700000,"This villa costs ₹50 crore… so if you find me making tea in the kitchen, just know I accidentally moved in!",https://www.instagram.com/reel/DObJje_gWha/,https://www.instagram.com/popular/dubai-villa/,r1_07
dubai-villa,7,aqardxb,DU-CdFEDQJH,987K,987000,"5 BR Villa For Sale فله في الميدان 📍Sobha Hartland Meydan Dubai Freehold for all nationalities BUA 8,238 Sq.ft",https://www.instagram.com/reel/DU-CdFEDQJH/,https://www.instagram.com/popular/dubai-villa/,r1_07
dubai-villa,8,zoomaproperties,DWyCbYhDNfE,17K,17000,"""Luxury"" is overused… Until you see what real luxury looks like. Private beach. Designer interiors. Full automation.",https://www.instagram.com/reel/DWyCbYhDNfE/,https://www.instagram.com/popular/dubai-villa/,r1_07
dubai-villa,9,anas_meqdadi,DTVhtKxElMy,426K,426000,"AE#D 188,000,000 | Palm Jumeirah Signature Villa 🌴 Step inside one of the most exclusive trophy homes on Palm Jumeirah.",https://www.instagram.com/reel/DTVhtKxElMy/,https://www.instagram.com/popular/dubai-villa/,r1_07
dubai-villa,10,nestseekersdubai,DU-f5Y0CbHa,604K,604000,"Ultra Luxury villa for sale in Dubai , most luxurious community, contact us now for more information ℹ️",https://www.instagram.com/reel/DU-f5Y0CbHa/,https://www.instagram.com/popular/dubai-villa/,r1_07
dubai-villa,11,melika_realtor,DYNEuC5IHdl,133K,133000,Some homes are built to impress. This one was built to leave a mark. A private statement in the heart of Dubai Hills Estate.,https://www.instagram.com/reel/DYNEuC5IHdl/,https://www.instagram.com/popular/dubai-villa/,r1_07
dubai-villa,12,ayesha_realtor1122,DWb-ablDN5l,44.6K,44600,23 million dirham villa. #uae #realestate #foryou #damac #realtor,https://www.instagram.com/reel/DWb-ablDN5l/,https://www.instagram.com/popular/dubai-villa/,r1_07
dubai-luxury,1,luxuviouz,DBQ3T40sm6V,3.9M,3900000,Dubai lifestyle is waiting for you in 2028. ⤵ Dubai is a luxury paradise known for its iconic arch,https://www.instagram.com/reel/DBQ3T40sm6V/,https://www.instagram.com/popular/dubai-luxury/,r1_07
dubai-luxury,2,ourabi_1,DSRlcXtD7Ex,4.8M,4800000,Dubai has the best 🇦🇪😍,https://www.instagram.com/reel/DSRlcXtD7Ex/,https://www.instagram.com/popular/dubai-luxury/,r1_07
dubai-luxury,3,i.qoi,DdCO8Vmogg9,75.9K,75900,"Dubai, Elevated. ✨ #reels #explorepage #dubai #lifestyle #fyp",https://www.instagram.com/reel/DdCO8Vmogg9/,https://www.instagram.com/popular/dubai-luxury/,r1_07
dubai-luxury,4,aureliestory,DcmBZJINnDz,4.9M,4900000,"follow @aureliestory for more unique travel inspo 🫶 Dubai nights >>> 📍 The Lana, Dubai, UAE",https://www.instagram.com/reel/DcmBZJINnDz/,https://www.instagram.com/popular/dubai-luxury/,r1_07
dubai-luxury,5,rvnxii_,DdB7aTRt-I6,39.9K,39900,a life like this #luxurylifestyle #dubai #richlife #billionaire #luxury,https://www.instagram.com/reel/DdB7aTRt-I6/,https://www.instagram.com/popular/dubai-luxury/,r1_07
dubai-luxury,6,imadqacami09,DPl_g5pjccv,683K,683000,"🏙️✨ Dubaï 🇦🇪, entre désert doré et mer scintillante, incarne le rêve moderne à l'état pur.",https://www.instagram.com/reel/DPl_g5pjccv/,https://www.instagram.com/popular/dubai-luxury/,r1_07
dubai-luxury,7,beautifulhotels,C7PFB2NIp-e,5.4M,5400000,@kamashrafi might have found Dubai's best viewpoint! 🇦🇪 The luxury Address Skyview Hotel is home to t,https://www.instagram.com/reel/C7PFB2NIp-e/,https://www.instagram.com/popular/dubai-luxury/,r1_07
dubai-luxury,8,nouxri,DQ20_hkCG1S,7.5M,7500000,Imagine swimming with this view 😍 #dubai,https://www.instagram.com/reel/DQ20_hkCG1S/,https://www.instagram.com/popular/dubai-luxury/,r1_07
dubai-luxury,9,dubai._dreamer,DH8ZgwQC7Yy,4.4M,4400000,Love the Dubai vibe 🇦🇪😍 . Credits for some clips 🎥: @dubai_dreamland #dubai #uae #burjkhalifa,https://www.instagram.com/reel/DH8ZgwQC7Yy/,https://www.instagram.com/popular/dubai-luxury/,r1_07
dubai-luxury,10,rvnxii_,DbEAZ8uNqaB,3.5M,3500000,"Life in dubai. #dubailife #luxurylifestyle #richlifestyle #billionaire #luxury Money, rich aesthetic,",https://www.instagram.com/reel/DbEAZ8uNqaB/,https://www.instagram.com/popular/dubai-luxury/,r1_07
dubai-luxury,11,hello4travel,DYG_f5DtuXh,834K,834000,D U B A I🥰🏙️🇦🇪 . #dubai #uae #dubailuxury #dubailifestyle #dubailife,https://www.instagram.com/reel/DYG_f5DtuXh/,https://www.instagram.com/popular/dubai-luxury/,r1_07
dubai-luxury,12,dubai._lovers,DbYGPLAJUML,1.1M,1100000,Money does buy Dubai lifestyle 😍🇦🇪 . #dubai #dubailife #luxury #dubainights #indubai,https://www.instagram.com/reel/DbYGPLAJUML/,https://www.instagram.com/popular/dubai-luxury/,r1_07
bali-villa,1,thebaliexpert,DQ1Yi8XkWn6,167K,167000,Your Bali villa dream come true🔥🌴😍 @baliexpertvillas Gather your crew just like @vywherenext did and wake up to rice fields and sunrise views. This lu,https://www.instagram.com/reel/DQ1Yi8XkWn6/,https://www.instagram.com/popular/bali-villa/,r1_07
bali-villa,2,breakbali,Db5ALYZhil_,37.1K,37100,"🤩⬇️ BALI VILLA GOALS🏝️ 📍Canggu / Seminyak, Bali 3 & 4 bedrooms | 6-8 guests | private pool | sauna, ice bath, steam room | 200m walk to beach | 5-10 m",https://www.instagram.com/reel/Db5ALYZhil_/,https://www.instagram.com/popular/bali-villa/,r1_07
bali-villa,3,villa.eyla,DNDW9N8yED3,157K,157000,Book your stay with us at @villa.eyla Bali 🫶🏻✨ Please click the link in our bio for availability and rates 🤍 #bali #villa #balivilla #villabali #balih,https://www.instagram.com/reel/DNDW9N8yED3/,https://www.instagram.com/popular/bali-villa/,r1_07
bali-villa,4,theyoungvillas,DLUe-q7RwDU,167K,167000,"This one-bedroom villa in Bali is perfect for a romantic holiday 🥰 Treat yourself, book your stay on our website 🌴🌊 @theyoungvillas",https://www.instagram.com/reel/DLUe-q7RwDU/,https://www.instagram.com/popular/bali-villa/,r1_07
bali-villa,5,banjaran.mag,DX61ggcTaA3,1.1M,1100000,"If you want details of this exact stay, comment ""villa"" and I'll DM it to you. We found this villa on Airbnb after going deep into options to get the",https://www.instagram.com/reel/DX61ggcTaA3/,https://www.instagram.com/popular/bali-villa/,r1_07
bali-villa,6,villaharmonybali,DZ-s-dXypDo,332K,332000,"Villa nights just hit different ✨ As the sun sets, Villa Harmony comes alive with warm lights, peaceful vibes, and the kind of slow evenings you never",https://www.instagram.com/reel/DZ-s-dXypDo/,https://www.instagram.com/popular/bali-villa/,r1_07
bali-villa,7,ok.asiatravel,Dbq0u3WTCmP,"4,363",4363,"📍 Canggu, Bali, Indonesia Only $44 per night. The villa is fully equipped with everything you need for a comfortable stay: • Coffee machine • Fully eq",https://www.instagram.com/reel/Dbq0u3WTCmP/,https://www.instagram.com/popular/bali-villa/,r1_07
bali-villa,8,balidroomvillas,DJnfJsWPbAI,1.5M,1500000,Contact by WhatsApp : +62 812-3950-878 #eastbali #BaliVilla #BaliVillaForRent #VillaForRent #BaliVacation #BaliHoliday #BaliLiving #BaliLife #BaliStay,https://www.instagram.com/reel/DJnfJsWPbAI/,https://www.instagram.com/popular/bali-villa/,r1_07
bali-villa,9,lukashubik,DVnVOTZiWjm,123K,123000,🤩⬇️ BALI VILLA GOALS!!🌴 Save for later and share with your 7 friends or family members that you need to rent this villa out😎 Follow @lukashubik + Comm,https://www.instagram.com/reel/DVnVOTZiWjm/,https://www.instagram.com/popular/bali-villa/,r1_07
bali-villa,10,thehouserealty,Da2JYrtzoJS,54.3K,54300,"$89K for a fully furnished Bali villa near Canggu? 🌴✨ Located in Buduk, just 10 minutes from the beach, this modern 1-bedroom tropical villa offers an",https://www.instagram.com/reel/Da2JYrtzoJS/,https://www.instagram.com/popular/bali-villa/,r1_07
bali-villa,11,elvavillasbali,DY6uf8_Bbkz,185K,185000,"🤩⬇️ BALI VILLA GOALS!!🌴 Save for later and share with your person that you need to rent this villa out 🤍 Follow @elvavillasbali + Comment ""Villa Elva""",https://www.instagram.com/reel/DY6uf8_Bbkz/,https://www.instagram.com/popular/bali-villa/,r1_07
bali-villa,12,blivilla.bali,DacegnqhAM7,27.1K,27100,"Sekilas, kamu mungkin nggak akan menebak harga villa ini cuma 2,68 M. Dari facade modern gable, full vertical glass, sampai sunken living room dengan",https://www.instagram.com/reel/DacegnqhAM7/,https://www.instagram.com/popular/bali-villa/,r1_07
maldives-villa,1,travelwithjaro,DXdQLKSjlH2,66.5M,66500000,Rate this villa tour out of 10 😭👇🏽 Because making it to your own overwater bungalow in the Maldives for the first time…,https://www.instagram.com/reel/DXdQLKSjlH2/,https://www.instagram.com/popular/maldives-villa/,r1_07
maldives-villa,2,beautifulhotels,DWtiyElocII,143K,143000,Milaidhoo Maldives is a hotel that offers a more understated take on an island stay 🌴 Set within the Baa Atoll,https://www.instagram.com/reel/DWtiyElocII/,https://www.instagram.com/popular/maldives-villa/,r1_07
maldives-villa,3,traveltomtom,DZpKRhivkRG,7.5M,7500000,POV: Your villa has a private waterslide directly into the ocean! 🛝🌊 Welcome to our overwater villa in the Maldives,https://www.instagram.com/reel/DZpKRhivkRG/,https://www.instagram.com/popular/maldives-villa/,r1_07
maldives-villa,4,cloudninecouture,DQl7HhFE4LF,379K,379000,How much a water villa costs and everything you get when you book a night 🤑 You can use my promo code HIBA2025,https://www.instagram.com/reel/DQl7HhFE4LF/,https://www.instagram.com/popular/maldives-villa/,r1_07
maldives-villa,5,lawrencewalton_,DW5l6h1jF8W,802K,802000,Insane Villa In Maldives! Send to someone you want a tropical escape with! 🌴 ✨ 📍 Ritz-Carlton Maldives @ritzcarltonmaldives,https://www.instagram.com/reel/DW5l6h1jF8W/,https://www.instagram.com/popular/maldives-villa/,r1_07
maldives-villa,6,gurpreet40,DY2NdIJMmLI,1.4M,1400000,Rate this villa tour out of 10😍 Because making it to your own overwater bungalow in the Maldives for the first time...,https://www.instagram.com/reel/DY2NdIJMmLI/,https://www.instagram.com/popular/maldives-villa/,r1_07
maldives-villa,7,sammyvagabond,DZheXLNMbUO,2M,2000000,"Maldives is not a destination, it's a feeling! 🤯🇲🇻😍🏝️ 📍 Four Seasons Resort Maldives at Kuda Hura",https://www.instagram.com/reel/DZheXLNMbUO/,https://www.instagram.com/popular/maldives-villa/,r1_07
maldives-villa,8,pointspassport,DW-OeKmjXED,588K,588000,[#hosted] This is the overwater villa at Halcyon Private Isles in the Maldives. Autograph Collection. Opened October 2025.,https://www.instagram.com/reel/DW-OeKmjXED/,https://www.instagram.com/popular/maldives-villa/,r1_07
maldives-villa,9,alexiarogoz,DYC7e9fBD6z,146K,146000,Welcome to the Maldives 🌊💙 Send this to the person you'd escape here with A secluded island surrounded by tropical,https://www.instagram.com/reel/DYC7e9fBD6z/,https://www.instagram.com/popular/maldives-villa/,r1_07
maldives-villa,10,jawakaramaldives,DD4vYYNsGLo,270K,270000,"Welcome to your personal paradise! ☀️💦 Our Water Pool Villas offer a seamless blend of luxury and nature, with a pool",https://www.instagram.com/reel/DD4vYYNsGLo/,https://www.instagram.com/popular/maldives-villa/,r1_07
maldives-villa,11,shaman_.shak,DXE_9f_AZhk,389K,389000,Dreamed of making this reel in maldives…..Discovering your villa is always an amazing moment 🥰#maldives #maldivestrip,https://www.instagram.com/reel/DXE_9f_AZhk/,https://www.instagram.com/popular/maldives-villa/,r1_07
maldives-villa,12,lisaabue,DYb16b-sSeI,8M,8000000,*Anzeige wegen Markennennung Wait till you see my morning view. This is how I could wake up every single day 🥹😮‍💨,https://www.instagram.com/reel/DYb16b-sSeI/,https://www.instagram.com/popular/maldives-villa/,r1_07
maldives-resort,1,toptravelplaces_,DTAnHgUEhg4,4.6M,4600000,Soneva Jani is one of the most iconic luxury island resorts in the Maldives 🌴,https://www.instagram.com/reel/DTAnHgUEhg4/,https://www.instagram.com/popular/maldives-resort/,r1_07
maldives-resort,2,jawakaramaldives,DD4vYYNsGLo,270K,270000,Welcome to your personal paradise! ☀️💦 Our Water Pool Villas offer a seamless blend of luxury,https://www.instagram.com/reel/DD4vYYNsGLo/,https://www.instagram.com/popular/maldives-resort/,r1_07
maldives-resort,3,heartwantstravel,DR2G4irCFzr,89.4K,89400,"Is Maldives's water villa worth the price? Let's find out. 🤗 Here's what you get, by spending",https://www.instagram.com/reel/DR2G4irCFzr/,https://www.instagram.com/popular/maldives-resort/,r1_07
maldives-resort,4,themaldivescollection,DbYtsKStyvr,67K,67000,Our honest ranking of the 10 best luxury resorts in the Maldives for 2026 🏆🌴 After 42 resort,https://www.instagram.com/reel/DbYtsKStyvr/,https://www.instagram.com/popular/maldives-resort/,r1_07
maldives-resort,5,cloudninecouture,DQl7HhFE4LF,379K,379000,How much a water villa costs and everything you get when you book a night 🤑 You can use my,https://www.instagram.com/reel/DQl7HhFE4LF/,https://www.instagram.com/popular/maldives-resort/,r1_07
maldives-resort,6,maldivesluxury_escape,DWOocxtEhfS,44.6K,44600,Hotels you need to visit in April 2026 in Maldives🏝️💕 1. Soneva jani 2. ⁠Conrad Maldives 3. ⁠ST R,https://www.instagram.com/reel/DWOocxtEhfS/,https://www.instagram.com/popular/maldives-resort/,r1_07
maldives-resort,7,thezaisers,DDB4E6CIIPn,107K,107000,"Escape to paradise @radissonbluresortmaldives Enjoy the serenity of private pools, stunning ocean views",https://www.instagram.com/reel/DDB4E6CIIPn/,https://www.instagram.com/popular/maldives-resort/,r1_07
maldives-resort,8,theresortscollection,DTSfOoOkXXA,215K,215000,These are the 5 best all-inclusive luxury resorts in the Maldives for 2026 😍🏆 After visiting more,https://www.instagram.com/reel/DTSfOoOkXXA/,https://www.instagram.com/popular/maldives-resort/,r1_07
maldives-resort,9,luxuryresorts,C5S0i8KPhIB,5.4M,5400000,"Heaven on Earth found at @stregismaldives, your ultimate Maldives escape 🌴 #StRegisMaldives #Live",https://www.instagram.com/reel/C5S0i8KPhIB/,https://www.instagram.com/popular/maldives-resort/,r1_07
maldives-resort,10,swaraagharat,DWwbKkRknNK,16.5M,16500000,POV: this feeling when you arrive in the Maldives🇲🇻😍 @furaverimaldives #reels #maldives #travels #re,https://www.instagram.com/reel/DWwbKkRknNK/,https://www.instagram.com/popular/maldives-resort/,r1_07
maldives-resort,11,urvashirampariya,DH5wTJpIMvU,107K,107000,• Must Stay At This Property When In Maldives😍❤️ 📍Holiday Inn Kandooma Maldives • Just 40Mins Away,https://www.instagram.com/reel/DH5wTJpIMvU/,https://www.instagram.com/popular/maldives-resort/,r1_07
maldives-resort,12,traveltomtom,DZpKRhivkRG,7.5M,7500000,POV: Your villa has a private waterslide directly into the ocean! 🛝🌊 Welcome to our overwater villa,https://www.instagram.com/reel/DZpKRhivkRG/,https://www.instagram.com/popular/maldives-resort/,r1_07
monaco,1,tasnim_amara_,DaMNg3vMpXG,5.1M,5100000,This life >> The places : Hotel Plaza Athene ( my fav) FS Dubai (fav rooftop in Dubai) St Regis Florence Manko restaurant Paris,https://www.instagram.com/reel/DaMNg3vMpXG/,https://www.instagram.com/popular/monaco/,r1_07
monaco,2,mona.co98000,Dain7u4qfku,7.3M,7300000,#monaco #montecarlo,https://www.instagram.com/reel/Dain7u4qfku/,https://www.instagram.com/popular/monaco/,r1_07
monaco,3,jerrymco,DdhIw44s0OJ,127K,127000,Louer une Bugatti pour 25k€ à Monaco 🇲🇨,https://www.instagram.com/reel/DdhIw44s0OJ/,https://www.instagram.com/popular/monaco/,r1_07
monaco,4,gleerup.cerin,Ddlaw6NIJLz,807K,807000,A small glimpse of my gallery 😛❤️📸 #monaco #trending #reels,https://www.instagram.com/reel/Ddlaw6NIJLz/,https://www.instagram.com/popular/monaco/,r1_07
monaco,5,madame_galu,Da-xP5AMnnh,1.8M,1800000,Monaco🇲🇨 Mr Versace 😁👌 #madamegalu #monaco #luxury #luxurylifestyle #fashion,https://www.instagram.com/reel/Da-xP5AMnnh/,https://www.instagram.com/popular/monaco/,r1_07
monaco,6,louis_brg13,DbLr-DZAkNo,3.6M,3600000,Part 2 ? | #monaco #celebrities #star,https://www.instagram.com/reel/DbLr-DZAkNo/,https://www.instagram.com/popular/monaco/,r1_07
monaco,7,raul.marchisio,Dc6Wa3Ao7Eu,326K,326000,Direction les sommets avec @offroadclubmonaco 🏔️ Leur Classe G 4x4 accompagné du spectaculaire G63 AMG 6x6 préparé par Zaur Technologie pour une sorti,https://www.instagram.com/reel/Dc6Wa3Ao7Eu/,https://www.instagram.com/popular/monaco/,r1_07
monaco,8,vlad.starboy,Db8yVgVIyIG,423K,423000,Are you a Birkin or a Kelly girly? 👇🏻🤩 Only in Monaco - Hermès bags spotted everywhere. Which one are you choosing?,https://www.instagram.com/reel/Db8yVgVIyIG/,https://www.instagram.com/popular/monaco/,r1_07
monaco,9,carvideobr,Dc1qCHQP6CO,2.6M,2600000,A tropa dos Paganis em Mônaco! 🇲🇨,https://www.instagram.com/reel/Dc1qCHQP6CO/,https://www.instagram.com/popular/monaco/,r1_07
monaco,10,frenchnakedchef,Dcqp_7MMPHz,1M,1000000,Hôtel Louis XV Monaco,https://www.instagram.com/reel/Dcqp_7MMPHz/,https://www.instagram.com/popular/monaco/,r1_07
monaco,11,sellierknightsbridge,DcYYbj8sCnY,5.4M,5400000,What a legend 😭 You know he has a real Birkin in those shopping bags… 👀 #hermes #birkin #monaco #luxury,https://www.instagram.com/reel/DcYYbj8sCnY/,https://www.instagram.com/popular/monaco/,r1_07
monaco,12,jopmc16,DanrULGojvQ,2.3M,2300000,@charles_leclerc & @alexandramalenaleclerc #charlesleclerc #charlesleclerc16 #alexandraleclerc #f1 #monaco,https://www.instagram.com/reel/DanrULGojvQ/,https://www.instagram.com/popular/monaco/,r1_07
swiss-chalet,1,swisschaletca,DJSDQvxyNWA,"4,136",4136,"Beef is BACK at Swiss Chalet®! 🙌 Indulge in our iconic Beef Entrée, Chicken & Beef Combo, Roast Beef on a Bun, and MORE!",https://www.instagram.com/reel/DJSDQvxyNWA/,https://www.instagram.com/popular/swiss-chalet/,r1_07
swiss-chalet,2,life_of_fab27,CeyfmVLgFnR,1.2M,1200000,Chalet in the Swissalps🇨🇭 Would you like to live here?😍 Have a wonderful day everyone 👌 . . . .,https://www.instagram.com/reel/CeyfmVLgFnR/,https://www.instagram.com/popular/swiss-chalet/,r1_07
swiss-chalet,3,swisschaletca,DX7DkaKDIG7,"2,438",2438,Beef is BACK! 🤤❤️ The wait is finally over! Whether you're craving our Roast Beef Dinner or want the best of both worlds with a Chicken & Roast Beef C,https://www.instagram.com/reel/DX7DkaKDIG7/,https://www.instagram.com/popular/swiss-chalet/,r1_07
swiss-chalet,4,swissaround,CjK-ec2DtzZ,49.2M,49200000,"🏡 Wood Dream House in Switzerland 🇨🇭 📍Gimmelwald, Switzerland 🇨🇭 🎥Instagram: @swissaround #switzerland #swissaround #gimmelwald #dreamhouse #chalet",https://www.instagram.com/reel/CjK-ec2DtzZ/,https://www.instagram.com/popular/swiss-chalet/,r1_07
swiss-chalet,5,syifa_in_switzerland,DV8UUPMDOvJ,217K,217000,SWISS VIEW🇨🇭🍀 #swiss #switzerland #switzerland🇨🇭 #visitswitzerland #myswitzerland,https://www.instagram.com/reel/DV8UUPMDOvJ/,https://www.instagram.com/popular/swiss-chalet/,r1_07
swiss-chalet,6,syifa_in_switzerland,DSzbGfUjOwu,71.8M,71800000,SWISS🇨🇭🇨🇭 #swiss #switzerland #switzerland🇨🇭 #visitswitzerland #swissalps,https://www.instagram.com/reel/DSzbGfUjOwu/,https://www.instagram.com/popular/swiss-chalet/,r1_07
swiss-chalet,7,swissedmund,DP8q8tvDBct,1.9M,1900000,POV: You live in Switzerland 🇨🇭,https://www.instagram.com/reel/DP8q8tvDBct/,https://www.instagram.com/popular/swiss-chalet/,r1_07
swiss-chalet,8,thenature_jb,DQROS4ejMkc,267K,267000,🍃🇨🇭 Lost in the beauty of Switzerland — where every mountain looks painted and every lake reflects the sky like a mirror 🏞️✨,https://www.instagram.com/reel/DQROS4ejMkc/,https://www.instagram.com/popular/swiss-chalet/,r1_07
swiss-chalet,9,swissaround,Cy8WivSM25M,5.4M,5400000,"🏡 House on the Lake in Switzerland🇨🇭 📌Wägitalersee, Switzerland 🇨🇭 🎥 Instagram: @swissaround 🎥 Tiktok: swissaround",https://www.instagram.com/reel/Cy8WivSM25M/,https://www.instagram.com/popular/swiss-chalet/,r1_07
swiss-chalet,10,suyash_diplomat,CvWhO0Htto7,63.6K,63600,👉🏻Do you prefer staying in hotels or in traditional houses when you are traveling? ⁉️ ✨So this time during our tour to Switzerland,https://www.instagram.com/reel/CvWhO0Htto7/,https://www.instagram.com/popular/swiss-chalet/,r1_07
swiss-chalet,11,switzerland.explores,DLFQUjSNwcF,94.7K,94700,"@swiss.beautifuls says summer in Switzerland is all fresh air, wildflowers, and mountain magic 🏞️🌼 Tag someone who needs an alpine escape this summer.",https://www.instagram.com/reel/DLFQUjSNwcF/,https://www.instagram.com/popular/swiss-chalet/,r1_07
swiss-chalet,12,syifa_in_switzerland,DNkc9c-sjx4,6.6M,6600000,SWITZERLAND PARADISE🇨🇭🇨🇭 #syifainswitzerland #swiss #swiss🇨🇭 #switzerland🇨🇭 #switzerland #schweiz #schweizeralpen,https://www.instagram.com/reel/DNkc9c-sjx4/,https://www.instagram.com/popular/swiss-chalet/,r1_07
tokyo-apartment,1,imhometokyo,DX6qz-iu0gH,1.9M,1900000,Feel free to ask any questions! 😊 #tokyo #japan #tokyoapartment #studioapartment #lifeinjapan,https://www.instagram.com/reel/DX6qz-iu0gH/,https://www.instagram.com/popular/tokyo-apartment/,r1_07
tokyo-apartment,2,mike.tokyohousing,DauWTkrSznf,1.5M,1500000,For rent! Not available anymore! Inquire through the links on our bio! Add us on LINE for easier communication! Apartment details 3 LDK | 3 bedroom 24,https://www.instagram.com/reel/DauWTkrSznf/,https://www.instagram.com/popular/tokyo-apartment/,r1_07
tokyo-apartment,3,mitsumarurealestate,DaSmORjO1P6,16.3K,16300,"$580/month, living in central Tokyo Foreigner friendly rental apartment #tokyo #realestate #tokyoapartment #rent #housetour",https://www.instagram.com/reel/DaSmORjO1P6/,https://www.instagram.com/popular/tokyo-apartment/,r1_07
tokyo-apartment,4,hakatayaken,DNNmrEUzzOx,1.9M,1900000,Where what $910 gets you in Japan #japan #apartmenttour #housetour #akiya #japaneseapartment #apartment #tokyo,https://www.instagram.com/reel/DNNmrEUzzOx/,https://www.instagram.com/popular/tokyo-apartment/,r1_07
tokyo-apartment,5,eisukekiuchi.jp,DR4Tt4WEcVF,633K,633000,"vlog#219 Price: ¥348M($2.2M) Location: Nanpeidaicho, Shibuya, Tokyo, Japan | Land Title: Freehold I Floor size: 68.61 sqm | Floor: 2F/4F | Floorplan:",https://www.instagram.com/reel/DR4Tt4WEcVF/,https://www.instagram.com/popular/tokyo-apartment/,r1_07
tokyo-apartment,6,habitat.tokyo27,DUx7nVkkerQ,91.1K,91100,"Comment ""No21"" to receive more information. Point ・Affordable rent ・South-facing and well-lit ・No key money Rent: ¥70,000／＄448 Layout: 2bedroom Size:",https://www.instagram.com/reel/DUx7nVkkerQ/,https://www.instagram.com/popular/tokyo-apartment/,r1_07
tokyo-apartment,7,hakatayaken,DYCpVqAyBvV,649K,649000,What $1700 gets you in Tokyo #japan #apartmenttour #akiya #tokyo #shibuya,https://www.instagram.com/reel/DYCpVqAyBvV/,https://www.instagram.com/popular/tokyo-apartment/,r1_07
tokyo-apartment,8,fang_tokyo_us,Da6WYDBybn1,21.3K,21300,Contact us at the URL in the account profile below!♪ @fang_tokyo_us propertyID：IG-D197 This is Yahiro Sta.for only 12mins 2DK Estimated trading price：,https://www.instagram.com/reel/Da6WYDBybn1/,https://www.instagram.com/popular/tokyo-apartment/,r1_07
tokyo-apartment,9,taikinishimuraaaa,DX_uwjCTqz4,32.9K,32900,"A 1LDK apartment in Meguro is available for 300,000 JPY per month, plus a 20,000 JPY management fee. The apartment is located just an 8-minute walk fr",https://www.instagram.com/reel/DX_uwjCTqz4/,https://www.instagram.com/popular/tokyo-apartment/,r1_07
tokyo-apartment,10,mike.tokyohousing,DZ9YwUQSDR8,111K,111000,Comment 601 for more info! Inquire through the links on our bio for more listings! Apartment details 1SLDK | 1 Bed + free room 62sqm Yoyogi station 5,https://www.instagram.com/reel/DZ9YwUQSDR8/,https://www.instagram.com/popular/tokyo-apartment/,r1_07
tokyo-apartment,11,ehousing.jp,DWVsrxeke2t,54.8K,54800,"Akasaka Tower Residence — what wealth looks like in Tokyo. Comment ""listing"" to receive more information Most ""luxury"" apartments in Tokyo still sit a",https://www.instagram.com/reel/DWVsrxeke2t/,https://www.instagram.com/popular/tokyo-apartment/,r1_07
tokyo-apartment,12,hakatayaken,DWQEqxNjCgf,80.7K,80700,What $325 gets you in Tokyo #japan #apartmenttour #akiya #housetour #japanlife,https://www.instagram.com/reel/DWQEqxNjCgf/,https://www.instagram.com/popular/tokyo-apartment/,r1_07
santorini-villa,1,foodieofmumbai7,CzTjJs5tlI7,749K,749000,Santorini Theme Villa in Karjat📍 . FOR BOOKING: 8169519564 • ₹6500 On Weekdays For 4 People,https://www.instagram.com/reel/CzTjJs5tlI7/,https://www.instagram.com/popular/santorini-villa/,r1_07
santorini-villa,2,ksimbuilds,DLJlRnaRZ4G,"6,386",6386,Santorini Villa ✈️🌊 full video on my bio 🎥 #thesims4 #sims4builds #sims4creations #sims4house #sims4architecture,https://www.instagram.com/reel/DLJlRnaRZ4G/,https://www.instagram.com/popular/santorini-villa/,r1_07
santorini-villa,3,anasuazotips,C_1mvCNuQvB,275K,275000,"¿Conocías este lugar en Honduras? @tatumblaentrepinos un lugar con temática de Santorini en Honduras, el escape perfecto",https://www.instagram.com/reel/C_1mvCNuQvB/,https://www.instagram.com/popular/santorini-villa/,r1_07
santorini-villa,4,staycationsoloraya,C_TW7ZxSL1k,23.5K,23500,📍Villa Santorini Tawangmangu Villa baru dengan model santorini ini satu2nya di tawangmangu 🤗 model bangunan yg kece,https://www.instagram.com/reel/C_TW7ZxSL1k/,https://www.instagram.com/popular/santorini-villa/,r1_07
santorini-villa,5,travelhunterlk,DBHBlkGy1gq,85.9K,85900,"A beautiful beach villa inspired by the Greek city of Santorini is located in Talalla, a town just beyond Matara",https://www.instagram.com/reel/DBHBlkGy1gq/,https://www.instagram.com/popular/santorini-villa/,r1_07
santorini-villa,6,the.sky_realtors,DCiwkj5TNk4,1.1M,1100000,Santorini Island 🏝️ 💙 A villa surrounded by nature & crafted with greek elegance has to be on your bucket list,https://www.instagram.com/reel/DCiwkj5TNk4/,https://www.instagram.com/popular/santorini-villa/,r1_07
santorini-villa,7,talallabluebeachvilla,C_cM7MbI4ad,31.1K,31100,Guest love ! Repost @manu_am_i @nimesha_nims Its Vacay time Book an unforgettable stay at our Santorini themed Villa,https://www.instagram.com/reel/C_cM7MbI4ad/,https://www.instagram.com/popular/santorini-villa/,r1_07
santorini-villa,8,vizcept,DIM0g1puwsZ,42.2K,42200,🇬🇷 A stunning Greek Villa in Santorini. 🇬🇷,https://www.instagram.com/reel/DIM0g1puwsZ/,https://www.instagram.com/popular/santorini-villa/,r1_07
santorini-villa,9,arunseraj,DQJ9qTLgpFn,"5,981",5981,Surat's Santorini 💙A perfect Weekend Villa This 3BHK villa has provided the ultimate peaceful and clean escape for,https://www.instagram.com/reel/DQJ9qTLgpFn/,https://www.instagram.com/popular/santorini-villa/,r1_07
santorini-villa,10,danavillas.infinitysuites,C_Cst3So-yb,30.2K,30200,"Santorini Sunset Magic ✨🌅 Escape to Dana Villas & Infinity Suites, where your private pool meets the mesmerizing Santorini",https://www.instagram.com/reel/C_Cst3So-yb/,https://www.instagram.com/popular/santorini-villa/,r1_07
santorini-villa,11,fanarivillas.santorini,DJ6rxypCb_7,"1,655",1655,📍 Fanari Villas Santorini #santorini #fanarivillassantorini #fanarivillas #santorinigreece,https://www.instagram.com/reel/DJ6rxypCb_7/,https://www.instagram.com/popular/santorini-villa/,r1_07
santorini-villa,12,amazinghotel.s,CYTs_aQqwLV,345K,345000,"Romantic getaways to Santorini, Greece 🇬🇷 Who would you take here? 😍 📸: @jeremyaustiin / @missangievilla",https://www.instagram.com/reel/CYTs_aQqwLV/,https://www.instagram.com/popular/santorini-villa/,r1_07
ibiza-villa,1,cvlager,DIgwkgtsn4T,826K,826000,Ibiza with @highstayparis staying at their beautiful Villa Infinity🌴✨,https://www.instagram.com/reel/DIgwkgtsn4T/,https://www.instagram.com/popular/ibiza-villa/,r1_07
ibiza-villa,2,dimensionsibiza,DLFA7A7IL98,12.5K,12500,"Unique villa with breathtaking sea views- it's not a dream, it's called Ibiza. DM for information.",https://www.instagram.com/reel/DLFA7A7IL98/,https://www.instagram.com/popular/ibiza-villa/,r1_07
ibiza-villa,3,visitibz,DMx4i2otT7L,87.4K,87400,IBIZA DREAMS ✨🌴 Imagine enjoing your vacation to this style 🥹😍 Enjoy the beauty #islanders ✨✨,https://www.instagram.com/reel/DMx4i2otT7L/,https://www.instagram.com/popular/ibiza-villa/,r1_07
ibiza-villa,4,classyibiza,DHX_xryI-mK,37.9K,37900,"Escape to ultimate privacy in this stunning Ibiza villa Located in the peaceful north of the island, this spacious retreat offers",https://www.instagram.com/reel/DHX_xryI-mK/,https://www.instagram.com/popular/ibiza-villa/,r1_07
ibiza-villa,5,nouxri,DRICOgFCNZr,35.9K,35900,Take me back to Ibiza summer 😍 @blesshotelibiza #ibiza #spain,https://www.instagram.com/reel/DRICOgFCNZr/,https://www.instagram.com/popular/ibiza-villa/,r1_07
ibiza-villa,6,barnesrealty,DMxbIOpsUck,204K,204000,"For Sale – Ibiza – Villa Lumina – 8 Bedrooms – Sea & Sunset Views – Private Gated Community For more information, contact: z",https://www.instagram.com/reel/DMxbIOpsUck/,https://www.instagram.com/popular/ibiza-villa/,r1_07
ibiza-villa,7,fincadelicaibiza,C8jn8dLtnJh,152K,152000,"Xarraca, Ibiza - Sea Access Estate: Feel the essence of barefoot luxury and tranquil elegance at our beachfront Ibiza villa.",https://www.instagram.com/reel/C8jn8dLtnJh/,https://www.instagram.com/popular/ibiza-villa/,r1_07
ibiza-villa,8,christiesrealestate,DHGnZQPsWdw,26.8K,26800,"This stunning peaceful villa is ideally located just 10 minutes from Ibiza, Spain! Listed by @eeh_christiesrealestate_ibiza , Sandra",https://www.instagram.com/reel/DHGnZQPsWdw/,https://www.instagram.com/popular/ibiza-villa/,r1_07
ibiza-villa,9,luiscasanovasmg,DNLy30NN3dR,126K,126000,Una villa única en la isla de Ibiza 🏡🏝️ En el corazón de Vista Alegre se alza una de las villas más impresionantes de toda #Ibiza.,https://www.instagram.com/reel/DNLy30NN3dR/,https://www.instagram.com/popular/ibiza-villa/,r1_07
ibiza-villa,10,zachariemaille_,DM5N70tMZFW,920K,920000,"Listed by BARNES in partnership with DOMUS NOVA For more information, contact: z.maille@barnes-international.com Ibiza North – Can Draco",https://www.instagram.com/reel/DM5N70tMZFW/,https://www.instagram.com/popular/ibiza-villa/,r1_07
ibiza-villa,11,nulucreations,DWMQsIADDM2,"5,069",5069,"Your Ibiza getaway 🤍 Beautiful finca, private pool, ultimate island vibes. Book your island escape 🌞",https://www.instagram.com/reel/DWMQsIADDM2/,https://www.instagram.com/popular/ibiza-villa/,r1_07
ibiza-villa,12,tomaslasoargos,Ctemb0PtXuZ,5.4M,5400000,Absolute Bespoke Villas . IBIZA @prime_invest #Ibiza #rocalisa 1/20 The Show Villa #absoluteBespokeVillas Delivery 2023 / 24,https://www.instagram.com/reel/Ctemb0PtXuZ/,https://www.instagram.com/popular/ibiza-villa/,r1_07
lake-como-villa,1,lakecomo_boat,DJyM7Akq1RY,12.4M,12400000,"LAKE COMO ✨🇮🇹 🎻 ""Lunch on the lake"" 4 hrs private Cruise PRIVATE CRUISE – from Varenna and Bellagio stop for lunch and villa A wonderful opportunity t",https://www.instagram.com/reel/DJyM7Akq1RY/,https://www.instagram.com/popular/lake-como-villa/,r1_08
lake-como-villa,2,seeitalytravel,DDFPnBypxJd,13K,13000,"Villa Balbiano on Lake Como 😍 Situated on the western shore of Lake Como, Villa Balbiano is an awe-inspiring Italian jewel, an exceptional historical",https://www.instagram.com/reel/DDFPnBypxJd/,https://www.instagram.com/popular/lake-como-villa/,r1_08
lake-como-villa,3,lakecomo_boat,DX3a6h_CvdH,12.4M,12400000,"POV: you finally understand Lake como 🇮🇹✨ PRIVATE CRUISE 3 hours Wooden boats, iconic car, Golden light, champagne in hand… and nothing else matters.",https://www.instagram.com/reel/DX3a6h_CvdH/,https://www.instagram.com/popular/lake-como-villa/,r1_08
lake-como-villa,4,takemyhearteverywhere,DTnyRZ9jETA,409K,409000,"📍Villa del Balbianello, Lake Como 🇮🇹 #lakecomo #villadelbalbianello #ladolcevita",https://www.instagram.com/reel/DTnyRZ9jETA/,https://www.instagram.com/popular/lake-como-villa/,r1_08
lake-como-villa,5,alexandr_dombrovschi,DKjKpsqojka,15.6K,15600,Villa Erba lake Como Cernobbio #alexandr_dombrovschi #destinationwedding #italia #weddingdestination #villaerba #villaerbacernobbio,https://www.instagram.com/reel/DKjKpsqojka/,https://www.instagram.com/popular/lake-como-villa/,r1_08
lake-como-villa,6,dwanderess,DVPB8a6kReM,4M,4000000,"Follow @dwanderess for more hotel inspo 🫶 Save this place for your next trip to Italy😍 Lake Como is one of my favourite places in Italy, and even more",https://www.instagram.com/reel/DVPB8a6kReM/,https://www.instagram.com/popular/lake-como-villa/,r1_08
lake-como-villa,7,jetset_anna,ChOvEWRq9Og,18.8M,18800000,"Possibly one of my most favourite places in the whole of Lake Como, is the beautiful Villa del Balbianello 💙 The villa was originally a private reside",https://www.instagram.com/reel/ChOvEWRq9Og/,https://www.instagram.com/popular/lake-como-villa/,r1_08
lake-como-villa,8,daydreaming__2,DXK852ADKFy,837K,837000,"You & Me, Lake Como?⛲️🌿 Towns to Visit🗺 The lake's most iconic scenery is found in the ""Golden Triangle"" at its centre✨ Bellagio: Often called the ""Pe",https://www.instagram.com/reel/DXK852ADKFy/,https://www.instagram.com/popular/lake-como-villa/,r1_08
lake-como-villa,9,isabella.aroundtheworld,DX03czIsO6x,164K,164000,One of the prettiest villas at Lake Como 😍,https://www.instagram.com/reel/DX03czIsO6x/,https://www.instagram.com/popular/lake-como-villa/,r1_08
lake-como-villa,10,meolafrancesco,C4nzRuuIns9,4.9M,4900000,"Follow @meolafrancesco for more travel videos about Italy 🇮🇹 📍Villa Monastero, Varenna, Lake Como 💙🇮🇹 #varenna #lakecomo #comolake #lagodicomo #italia",https://www.instagram.com/reel/C4nzRuuIns9/,https://www.instagram.com/popular/lake-como-villa/,r1_08
lake-como-villa,11,beautifulhotels,CwDUsjvBzG_,4.1M,4100000,"@enrico_costantini transports us to Villa Peduzzi in Lake Como. ⛰️ With azure skies, mountain vistas and chic accommodation options, it's not hard to",https://www.instagram.com/reel/CwDUsjvBzG_/,https://www.instagram.com/popular/lake-como-villa/,r1_08
lake-como-villa,12,alexandratravellover,DNsgRCmUIAX,36.1K,36100,"Villa d'Este: one of the most beautiful villas in Lake Como 🇮🇹 @villadestelakecomo Located in Cernobbio, Lake Como (approx 1 hour from Milan) this vil",https://www.instagram.com/reel/DNsgRCmUIAX/,https://www.instagram.com/popular/lake-como-villa/,r1_08
malibu-house,1,khalesi_design,DcwKZvfRXtd,"9,390",9390,"Perched above the Pacific in Malibu, the residence transforms resilience into timeles",https://www.instagram.com/reel/DcwKZvfRXtd/,https://www.instagram.com/popular/malibu-house/,r1_08
malibu-house,2,niceplacela,DZLxxfRBcJ_,50K,50000,"Positioned directly along one of Malibu's most sought-after stretches of sand, this",https://www.instagram.com/reel/DZLxxfRBcJ_/,https://www.instagram.com/popular/malibu-house/,r1_08
malibu-house,3,estateluxshoot,C9Bb-f6vYXs,232K,232000,💲16.000.000 Malibu home 🏡 would you live here? . . . #luxuryrealestate #malibuhom,https://www.instagram.com/reel/C9Bb-f6vYXs/,https://www.instagram.com/popular/malibu-house/,r1_08
malibu-house,4,soldbytyler,DS8yOlOkWBJ,1.7M,1700000,"Would you want to live here? 🤔 DM me for all buying, selling, and leasing. 📲",https://www.instagram.com/reel/DS8yOlOkWBJ/,https://www.instagram.com/popular/malibu-house/,r1_08
malibu-house,5,cvmlux,DNMGvfoSDXg,96.1K,96100,$20Million views in Malibu 😍 5819 Filaree Heights - listed by @SharonVLevi @Sally,https://www.instagram.com/reel/DNMGvfoSDXg/,https://www.instagram.com/popular/malibu-house/,r1_08
malibu-house,6,glashaus.realestate,Cyl3Py1v64k,1.5M,1500000,"this view is about as good as it gets… $10,450,000 in malibu. listed by: @rober",https://www.instagram.com/reel/Cyl3Py1v64k/,https://www.instagram.com/popular/malibu-house/,r1_08
malibu-house,7,glashaus.realestate,DCpBWeEvMTm,100K,100000,"$34,000,000 in malibu available off-market #views #view #viewforview #hollywoodhil",https://www.instagram.com/reel/DCpBWeEvMTm/,https://www.instagram.com/popular/malibu-house/,r1_08
malibu-house,8,malibuhomesbyizzy,DbSFLFiz7J-,322K,322000,"📍Malibu, California 2 bed + 1.5 bath | $1,219,000 Million dollar ocean views, step",https://www.instagram.com/reel/DbSFLFiz7J-/,https://www.instagram.com/popular/malibu-house/,r1_08
malibu-house,9,darrenkriz,CyCNLZaOWo7,11.4K,11400,Malibu's Newest Modern Mansion on 50 Acres of Land!,https://www.instagram.com/reel/CyCNLZaOWo7/,https://www.instagram.com/popular/malibu-house/,r1_08
malibu-house,10,jaeomardesign,CyB2oFIPJ_2,27.9K,27900,'Phoenix-House' seamlessly blends nature's finest elements. Nestled on Malibu Road,https://www.instagram.com/reel/CyB2oFIPJ_2/,https://www.instagram.com/popular/malibu-house/,r1_08
malibu-house,11,tomer.fridman,Dcwhpy7SShB,"6,750",6750,"Welcome to Vela- along the iconic Malibu coastline, this extraordinary European e",https://www.instagram.com/reel/Dcwhpy7SShB/,https://www.instagram.com/popular/malibu-house/,r1_08
malibu-house,12,luxury_listings,DUdrMfzCjQp,325K,325000,"This is how Malibu living is meant to feel: open, effortless, and centered around",https://www.instagram.com/reel/DUdrMfzCjQp/,https://www.instagram.com/popular/malibu-house/,r1_08
beverly-hills-mansion,1,premium.listings,C-EtazSIPij,"6,490",6490,Immerse yourself in the pinnacle of luxury in the heart of Hollywood Hills,https://www.instagram.com/reel/C-EtazSIPij/,https://www.instagram.com/popular/beverly-hills-mansion/,r1_08
beverly-hills-mansion,2,mccleandesign,DMvWBwqpBgt,41.4K,41400,"HILLCREST II - Beverly Hills, CA Towering above Los Angeles on the iconic",https://www.instagram.com/reel/DMvWBwqpBgt/,https://www.instagram.com/popular/beverly-hills-mansion/,r1_08
beverly-hills-mansion,3,thenightfallgroup,DFarkcMM5zf,38.5K,38500,"This Beverly Hills Mansion is available for rentals from $125,000/month",https://www.instagram.com/reel/DFarkcMM5zf/,https://www.instagram.com/popular/beverly-hills-mansion/,r1_08
beverly-hills-mansion,4,itsblankcreative,DQHOuS4AAli,490K,490000,"How to earn the title of ""Most Epic home in Beverly Hills""",https://www.instagram.com/reel/DQHOuS4AAli/,https://www.instagram.com/popular/beverly-hills-mansion/,r1_08
beverly-hills-mansion,5,glashaus.realestate,DOag--Wk0uU,1M,1000000,"$33,500,000 in beverly hills #view #viewforview #hollywoodhills",https://www.instagram.com/reel/DOag--Wk0uU/,https://www.instagram.com/popular/beverly-hills-mansion/,r1_08
beverly-hills-mansion,6,hafezi.architects,C7oJU0IMutA,4.3M,4300000,GTA in real life? (Million dollars mansion with a LA view),https://www.instagram.com/reel/C7oJU0IMutA/,https://www.instagram.com/popular/beverly-hills-mansion/,r1_08
beverly-hills-mansion,7,luxuryfeature,DOMHeJ6jr-3,"2,157",2157,"$29,995,000 view in Beverly Hills Follow for more luxury house tours",https://www.instagram.com/reel/DOMHeJ6jr-3/,https://www.instagram.com/popular/beverly-hills-mansion/,r1_08
beverly-hills-mansion,8,beverlyhills.realestate,DUnsYBsDNBI,245K,245000,"📍Los Angeles • $34,450,000 Newly built ""The Monocle"" estate",https://www.instagram.com/reel/DUnsYBsDNBI/,https://www.instagram.com/popular/beverly-hills-mansion/,r1_08
beverly-hills-mansion,9,aaronkirman,CYpB7sWIKJr,299K,299000,The BEST views in all of Los Angeles!! 🤯,https://www.instagram.com/reel/CYpB7sWIKJr/,https://www.instagram.com/popular/beverly-hills-mansion/,r1_08
beverly-hills-mansion,10,tatevik_therealtor,CvbnGnTOL1n,513K,513000,"New Listing 🏡 📍Beverly Hills, CA 6 bed| 6.5 bath",https://www.instagram.com/reel/CvbnGnTOL1n/,https://www.instagram.com/popular/beverly-hills-mansion/,r1_08
beverly-hills-mansion,11,missgloriac,DDsz7gsyQc0,181K,181000,Imagine waking up to these Beverly Hills City Views 💕,https://www.instagram.com/reel/DDsz7gsyQc0/,https://www.instagram.com/popular/beverly-hills-mansion/,r1_08
beverly-hills-mansion,12,clearformcreative,CvFjz55rpcJ,452K,452000,Evenings feel like a movie in this $48m Beverly Hills mansion!,https://www.instagram.com/reel/CvFjz55rpcJ/,https://www.instagram.com/popular/beverly-hills-mansion/,r1_08
miami-mansion,1,luxuryfeature,C87tC_FRoCP,"4,444",4444,Would you live in this stunning Miami mansion? 🤩 Follow to see more exclusive proper,https://www.instagram.com/reel/C87tC_FRoCP/,https://www.instagram.com/popular/miami-mansion/,r1_08
miami-mansion,2,thetrillionairelife,DMkljD9SygQ,1.1M,1100000,Where do you think this Mansion is—Miami or Dubai? 🏡 #mansion #architecture #realestat,https://www.instagram.com/reel/DMkljD9SygQ/,https://www.instagram.com/popular/miami-mansion/,r1_08
miami-mansion,3,aiforarchitects,DQ9ghxvjE3c,226K,226000,"A residence where structure, view, and light converge into pure geometry. This Miami wat",https://www.instagram.com/reel/DQ9ghxvjE3c/,https://www.instagram.com/popular/miami-mansion/,r1_08
miami-mansion,4,theluxuryhomeshow,DAoR8NbK5yp,53.9K,53900,"What $9,000,000 Buys You in Miami, Florida 🇺🇸 Boasting 21-foot ceilings and an open la",https://www.instagram.com/reel/DAoR8NbK5yp/,https://www.instagram.com/popular/miami-mansion/,r1_08
miami-mansion,5,billandbryanteam,DUtsH1zEjDG,43.4K,43400,🏝 BOAT SHOW OPEN HOUSE SCHEDULE 🏝 SATURDAY & SUNDAY at 5515 Pine Tree Drive in Miami,https://www.instagram.com/reel/DUtsH1zEjDG/,https://www.instagram.com/popular/miami-mansion/,r1_08
miami-mansion,6,agentthorburn,DWMGT14AITd,23.7K,23700,"Inside a $19,995,000 luxury waterfront home in Miami. Venetian Islands are nestled betw",https://www.instagram.com/reel/DWMGT14AITd/,https://www.instagram.com/popular/miami-mansion/,r1_08
miami-mansion,7,nelsongonzalezmiami,DNWkcwTuIyz,43.9K,43900,"JUST LISTED $𝟏𝟔𝟗,𝟎𝟎𝟎,𝟎𝟎𝟎 Own the 𝐥𝐚𝐫𝐠𝐞𝐬𝐭 𝐚𝐧𝐝 𝐦𝐨𝐬𝐭 𝐯𝐚𝐥𝐮𝐚𝐛𝐥𝐞 𝐰𝐚𝐭𝐞𝐫𝐟𝐫𝐨𝐧𝐭 𝐞𝐬𝐭𝐚𝐭𝐞",https://www.instagram.com/reel/DNWkcwTuIyz/,https://www.instagram.com/popular/miami-mansion/,r1_08
miami-mansion,8,thenightfallgroup,C6HZTIzvreP,193K,193000,"This Miami Beach mansion is offered at $80,000/month Bedrooms: 7 | Bathrooms 7 | 5,327",https://www.instagram.com/reel/C6HZTIzvreP/,https://www.instagram.com/popular/miami-mansion/,r1_08
miami-mansion,9,realtordenisbibik,DP3s5WbjkMN,10.4K,10400,Welcome Home Contact me for Real Estate in Miami @realtordenisbibik . . Denis S. Bibik,https://www.instagram.com/reel/DP3s5WbjkMN/,https://www.instagram.com/popular/miami-mansion/,r1_08
miami-mansion,10,forsalebyrich,DVI0JGjju33,"8,432",8432,"$8,000,000 in Miami 🌴🔥 This is what real luxury looks like. Modern architecture. P",https://www.instagram.com/reel/DVI0JGjju33/,https://www.instagram.com/popular/miami-mansion/,r1_08
miami-mansion,11,theluxuryhomeshow,DBvoA6IIZqo,5.8M,5800000,"What $48,000,000 Buys You in Fort Lauderdale, Florida 🇺🇸 Full episode coming to our Y",https://www.instagram.com/reel/DBvoA6IIZqo/,https://www.instagram.com/popular/miami-mansion/,r1_08
miami-mansion,12,tuesday_leroux,DUqxZBfEmhR,3.9M,3900000,$41M Mansion with a Cinema! Thoughts? . @vipluxuryhomesuae @eddiecavella #mansion #lux,https://www.instagram.com/reel/DUqxZBfEmhR/,https://www.instagram.com/popular/miami-mansion/,r1_08
amalfi-coast,1,jetset_anna,DFw2Q9XoCYQ,2.2M,2200000,🇮🇹4-Day Amalfi Coast Itinerary: A Perfect Italian Getaway ⬇️ 📍SAVE this post for when you are visiting,https://www.instagram.com/reel/DFw2Q9XoCYQ/,https://www.instagram.com/popular/amalfi-coast/,r1_08
amalfi-coast,2,allwithfash,DWCLr8OjLVR,"1,494",1494,Amalfi Coast guide 🍋🇮🇹 📌 Save this for your next trip ☀️ What to do: • Positano for chic,https://www.instagram.com/reel/DWCLr8OjLVR/,https://www.instagram.com/popular/amalfi-coast/,r1_08
amalfi-coast,3,lawrencewalton_,DaMxFSsurc5,4.5M,4500000,Follow @Lawrencewalton_ For more travel content Italy Together? 🇮🇹 Send this to someone you want to,https://www.instagram.com/reel/DaMxFSsurc5/,https://www.instagram.com/popular/amalfi-coast/,r1_08
amalfi-coast,4,butnomatter.theroadislife,DUJJR4Bjbq5,3.3M,3300000,"This is Positano, Amalfi Coast, Italy 🇮🇹 It feels like an Italian dream ✨ Cliffside houses",https://www.instagram.com/reel/DUJJR4Bjbq5/,https://www.instagram.com/popular/amalfi-coast/,r1_08
amalfi-coast,5,lucyinthesskyy,DUYGNvADGuM,418K,418000,Here is the perfect 3 day itinerary at the Amalfi Coast ⬇️ DAY 1 - Positano & Amalfi,https://www.instagram.com/reel/DUYGNvADGuM/,https://www.instagram.com/popular/amalfi-coast/,r1_08
amalfi-coast,6,wanderlust__ever,DVl3B9zDUMv,528K,528000,🍋Amalfi Coast the ultimate 3 days itinerary 👆 🧷Save this R€€L & share with your friends who love,https://www.instagram.com/reel/DVl3B9zDUMv/,https://www.instagram.com/popular/amalfi-coast/,r1_08
amalfi-coast,7,erolbrasco,DTMyHgqDBTV,1.1M,1100000,Goodmorning Positano 🇮🇹,https://www.instagram.com/reel/DTMyHgqDBTV/,https://www.instagram.com/popular/amalfi-coast/,r1_08
amalfi-coast,8,dwanderess,DYUyZCNxC0K,148K,148000,Steal my 6-Day Amalfi Coast Itinerary🇮🇹 Save for your upcoming trip! I stayed at @hotelmiramalfi and,https://www.instagram.com/reel/DYUyZCNxC0K/,https://www.instagram.com/popular/amalfi-coast/,r1_08
amalfi-coast,9,positanese.tour,CliwGcVJ29F,7M,7000000,✨The Amalfi Coast viewed from the sea is simply stunning✨ Book your exclusive private boat excursion with,https://www.instagram.com/reel/CliwGcVJ29F/,https://www.instagram.com/popular/amalfi-coast/,r1_08
amalfi-coast,10,karolaineponci,C8x0GQBOeG9,18.1M,18100000,"I fell in love and now I want to visit this beautiful place 📍Positano, Amalfi Coast, Italy 🇮🇹",https://www.instagram.com/reel/C8x0GQBOeG9/,https://www.instagram.com/popular/amalfi-coast/,r1_08
amalfi-coast,11,pupina,C2P_zWltLff,29M,29000000,Amalfi Coast in 48h ITALY 🇮🇹🛵💛 State organizzando una vacanza in costiera? Ecco cosa fare in 48h,https://www.instagram.com/reel/C2P_zWltLff/,https://www.instagram.com/popular/amalfi-coast/,r1_08
amalfi-coast,12,louisantonioorefice,DbTKQTEM41W,1M,1000000,Estate italiana 🇮🇹 in costiera amalfitana 🍋 @towershotel #costieraamalfitana #amalficoast #positano #amalfi,https://www.instagram.com/reel/DbTKQTEM41W/,https://www.instagram.com/popular/amalfi-coast/,r1_08
tulum,1,losamigostulumgecesi,DdRNq65o7pG,1.1M,1100000,'Tulum Gecesi' 25 Eylül Cuma günü LosAmigos'ta!❤️‍🔥 . #horon #karadeniz #tulumgecesi #kemençe #tulum,https://www.instagram.com/reel/DdRNq65o7pG/,https://www.instagram.com/popular/tulum/,r1_08
tulum,2,yulayeloficial,DdmOoGnzNtK,289K,289000,Ya nadie quiere visitar tulum #yulay #mexico🇲🇽,https://www.instagram.com/reel/DdmOoGnzNtK/,https://www.instagram.com/popular/tulum/,r1_08
tulum,3,helenjzhao,DcG1xPEgZU7,2.7M,2700000,"Tulum, Mexico looks like a ghost town in 2026, after the Americans who fell in love with it, left. Here's everything that went wrong. Tulum represente",https://www.instagram.com/reel/DcG1xPEgZU7/,https://www.instagram.com/popular/tulum/,r1_08
tulum,4,melllattes,DcTkSVjolHx,789K,789000,Hayırlı olsun alırım Tulum @taksimbutik.co,https://www.instagram.com/reel/DcTkSVjolHx/,https://www.instagram.com/popular/tulum/,r1_08
tulum,5,tulumbeachdiaries,DdPa1M2JE6l,3.3M,3300000,"Tulum, one beach day at a time 🏝️ 📍 Holy moly. In front of Ahau today. September is usually the month where the ocean calms down and slowly comes back",https://www.instagram.com/reel/DdPa1M2JE6l/,https://www.instagram.com/popular/tulum/,r1_08
tulum,6,charlieherrerare,Dag4KpIg17K,1M,1000000,"Comment ""Info"" for more details. Sculptural homes in Tulum 🇲🇽 It's not just a development. It's a work of art designed to be lived in. Just a five min",https://www.instagram.com/reel/Dag4KpIg17K/,https://www.instagram.com/popular/tulum/,r1_08
tulum,7,inakiencasas,DcbrJ5lxgyO,1M,1000000,"the front door vs the villa 🚪✨ Comment ""CK"" for info Welcome to this Japanese-inspired apartment in Tulum, Mexico. Designed with a unique architectura",https://www.instagram.com/reel/DcbrJ5lxgyO/,https://www.instagram.com/popular/tulum/,r1_08
tulum,8,oykuwear,DayX9WPuh-V,7.4M,7400000,rekor satan tulumlarımıza yeni renkler ekleyip tüm stokları açtıkta bi bakınııız!😁🫵🏻 #tulum #ootd #ootdfashion #outfit #keşfet,https://www.instagram.com/reel/DayX9WPuh-V/,https://www.instagram.com/popular/tulum/,r1_08
tulum,9,helenjzhao,DcgqcDXAKkK,507K,507000,"Seaweed called Sargassum is one of the biggest reasons Tulum, Mexico is a ghost town in the summer of 2026, when it used to be one of the most famous",https://www.instagram.com/reel/DcgqcDXAKkK/,https://www.instagram.com/popular/tulum/,r1_08
tulum,10,boutique_sahra,DdHp0flO1cX,586K,586000,"🌷✨ YAZEL TULUM | ŞIKLIĞIN EN GÖZ ALICI HALİ ✨🌷 Özel davetlerde, düğün ve nişanlarda zarif, iddialı ve farklı bir görünüm arayanlara… 🤍 Yazel Tulum; ış",https://www.instagram.com/reel/DdHp0flO1cX/,https://www.instagram.com/popular/tulum/,r1_08
tulum,11,bryn.elise,DaqDnGzRiaL,1M,1000000,Americans don't know about the Mexican Disneyland  And they're missing out! KEY INFO ⬇️ Comment PARK and I'll send you the park details🌴  This is @xca,https://www.instagram.com/reel/DaqDnGzRiaL/,https://www.instagram.com/popular/tulum/,r1_08
tulum,12,caboconkaty,DaavhZUxxrL,2.9M,2900000,"🍂Save this before you book your Mexico beach trip 💾 🌊 Everyone is asking if Mexico is ruined by the sargassum seaweed right now, and the truth is it d",https://www.instagram.com/reel/DaavhZUxxrL/,https://www.instagram.com/popular/tulum/,r1_08
mykonos,1,ninaritz.oficial,DcbY8D_t8gN,1.3M,1300000,"Chegamos no nosso destino: Mykonos 🇬🇷 • Acompanhem os próximos dias, na nossa EUROSUMMER ✨",https://www.instagram.com/reel/DcbY8D_t8gN/,https://www.instagram.com/popular/mykonos/,r1_08
mykonos,2,columbine_cornwebb,DdbDmppovOA,46.3K,46300,#foryou #greece #mykonos #natural #chef,https://www.instagram.com/reel/DdbDmppovOA/,https://www.instagram.com/popular/mykonos/,r1_08
mykonos,3,alecmonopoly,DbidAodypdn,4.8M,4800000,🎶🇬🇷 Mykonos Life coming soon… The only one missing…. @mr.thank.you 👀✨,https://www.instagram.com/reel/DbidAodypdn/,https://www.instagram.com/popular/mykonos/,r1_08
mykonos,4,shieldvipbodyguards,DaGssU3sG6g,4.7M,4700000,When security becomes part of the experience. 🛡️ Shield V.I.P. Bodyguards protecting Mr Thank You & Zeus in Mykonos. P,https://www.instagram.com/reel/DaGssU3sG6g/,https://www.instagram.com/popular/mykonos/,r1_08
mykonos,5,pametsakalimou,DbnyQLboqqm,1.3M,1300000,Ήπιε λίγο νμζ .. 🫣🤣 #mykonos #vacation #foryoupagе,https://www.instagram.com/reel/DbnyQLboqqm/,https://www.instagram.com/popular/mykonos/,r1_08
mykonos,6,nikolaskalantzis_,Db1HW84MXbV,419K,419000,Mykonos mode activated by some high-energy Aussies picking up their Corsa #rentacar #mykonos #carrental #mykonosisland #mykonosgr,https://www.instagram.com/reel/Db1HW84MXbV/,https://www.instagram.com/popular/mykonos/,r1_08
mykonos,7,charlottelaverickx,DaYxfk_uV5D,1.9M,1900000,mykonos outfit roundup! 🇬🇷 all linked in my LTK 🩵 #summeroutfitideas #summeroutfitinspo #holidayoutfits #holidayoutfitideas,https://www.instagram.com/reel/DaYxfk_uV5D/,https://www.instagram.com/popular/mykonos/,r1_08
mykonos,8,deborahandradeee,DcgYUCNP-4z,631K,631000,"Mykonos, solzinho & @ninaritz.oficial ⚡️ ~ certeza de que esse vestido nasceu pra esse cenário. 🇬🇷✨🌊",https://www.instagram.com/reel/DcgYUCNP-4z/,https://www.instagram.com/popular/mykonos/,r1_08
mykonos,9,alinaross,DaFxPAptilO,817K,817000,Bachelorette Day 1: I came to Mykonos as a fiancée and went to bed as a liability 😂 #bachelorette #bacheloretteoutfit #ba,https://www.instagram.com/reel/DaFxPAptilO/,https://www.instagram.com/popular/mykonos/,r1_08
mykonos,10,the_goldpig,DagGHdTsDh2,1.2M,1200000,"Ragazza presa dall'ira di dover andare a Mykonos🏖️ Vende l'oro personale per poter fare questa vacanza, ma non si accorge che per ar",https://www.instagram.com/reel/DagGHdTsDh2/,https://www.instagram.com/popular/mykonos/,r1_08
mykonos,11,solmykonosvillas,Db2ZgYKISRF,2.4M,2400000,"Credit: @heypouya Mykonos is the ultimate paradise for those craving luxury and non-stop nightlife. Its breathtaking beaches, high-end c",https://www.instagram.com/reel/Db2ZgYKISRF/,https://www.instagram.com/popular/mykonos/,r1_08
mykonos,12,itsdjlevi,Db075UJMtiX,2.3M,2300000,"Summer in Mykonos, Montreal and New York next",https://www.instagram.com/reel/Db075UJMtiX/,https://www.instagram.com/popular/mykonos/,r1_08
aspen,1,thewelldressedaspen,DaRN4gJx6Ft,20K,20000,ANOTHER WELL DRESSED MAN!!! @blantonp being the most perfect model repping all vinta,https://www.instagram.com/reel/DaRN4gJx6Ft/,https://www.instagram.com/popular/aspen/,r1_08
aspen,2,lauraingraham,Da6Yo6Ah4HZ,169K,169000,The Angle is back on the move! 📍Aspen,https://www.instagram.com/reel/Da6Yo6Ah4HZ/,https://www.instagram.com/popular/aspen/,r1_08
aspen,3,pbs,DaTaO4hhbkd,27.5K,27500,"As we head into the 250th anniversary of the United States, @kenlburns tells @aspenideas his",https://www.instagram.com/reel/DaTaO4hhbkd/,https://www.instagram.com/popular/aspen/,r1_08
aspen,4,condokingaspen,DZc4HntAtMm,946,946,Your First Aspen Friend (With Benefits) 😉🏔️ Relax… I'm talking about insider knowledge.,https://www.instagram.com/reel/DZc4HntAtMm/,https://www.instagram.com/popular/aspen/,r1_08
aspen,5,walksauce42_,DaSnOm8uq5Q,229K,229000,Don't ask where anything's from. Everything linked in bio,https://www.instagram.com/reel/DaSnOm8uq5Q/,https://www.instagram.com/popular/aspen/,r1_08
aspen,6,warntv,DYxb_pFJ6D5,43.1K,43100,on frogger's life we cancelling her 😭🥀 #overwatch #overwatch2 #ashe,https://www.instagram.com/reel/DYxb_pFJ6D5/,https://www.instagram.com/popular/aspen/,r1_08
aspen,7,homesofceleb,DaYfwv0iv_i,78.9K,78900,"Billionaire businessman Bill Koch is taking his sprawling Aspen compound to auction, with bidd",https://www.instagram.com/reel/DaYfwv0iv_i/,https://www.instagram.com/popular/aspen/,r1_08
aspen,8,repjeffhurd,DaRYwWRSOxH,"1,770",1770,The Aspen Acres Fire in #CO03 is one of the most active and dangerous wildfires in the coun,https://www.instagram.com/reel/DaRYwWRSOxH/,https://www.instagram.com/popular/aspen/,r1_08
aspen,9,joegpacetti,DY4dZghvn-8,108K,108000,"TBT, Aspen, Christmas morning, 2018, with ""the pack"", headed over to The Little Nell for brea",https://www.instagram.com/reel/DY4dZghvn-8/,https://www.instagram.com/popular/aspen/,r1_08
aspen,10,johnnyhilbrant,DYhc6lYOVyb,328K,328000,Denver Guy had bark mulch flown in for his substantial home! #denver #ad #comedyreel #parodу,https://www.instagram.com/reel/DYhc6lYOVyb/,https://www.instagram.com/popular/aspen/,r1_08
aspen,11,peachesanddiesel104,DNOOju3xhcq,293K,293000,This was our first ever fashion show and it was to see 9 year old design prodigy Max Alexande,https://www.instagram.com/reel/DNOOju3xhcq/,https://www.instagram.com/popular/aspen/,r1_08
aspen,12,aspenideas,DaTkK-OT4Vd,27.4K,27400,Every generation has the chance to move the story forward ➡️ As America celebrates 250 year,https://www.instagram.com/reel/DaTkK-OT4Vd/,https://www.instagram.com/popular/aspen/,r1_08
saudi-arabia-architecture,1,cypriot.ai,DWKFTtrDfmn,19.7K,19700,Imagine pulling up to a massive 7-star superyacht... carved entirely out of solid desert rock.,https://www.instagram.com/reel/DWKFTtrDfmn/,https://www.instagram.com/popular/saudi-arabia-architecture/,r1_08
saudi-arabia-architecture,2,muizza_here,DXCKPemDEwr,1.3M,1300000,"Save for later 📍Aseer Region, Saudi Arabia #abha #honeyrefinery #rijalalma #alsoudha #saudia",https://www.instagram.com/reel/DXCKPemDEwr/,https://www.instagram.com/popular/saudi-arabia-architecture/,r1_08
saudi-arabia-architecture,3,its_mohammad_sarfraz,DPuw4h_CDOB,"6,782",6782,🤍#riyad #saudi,https://www.instagram.com/reel/DPuw4h_CDOB/,https://www.instagram.com/popular/saudi-arabia-architecture/,r1_08
saudi-arabia-architecture,4,harmosai,DMatfy7RaBr,468K,468000,"Saudi Arabia's real estate market is booming, driven by Vision 2030. Discover incredible investment opportu",https://www.instagram.com/reel/DMatfy7RaBr/,https://www.instagram.com/popular/saudi-arabia-architecture/,r1_08
saudi-arabia-architecture,5,trillionaireestates,CzJ1rfxp2MU,80.7K,80700,Check out this stunning house in Saudi Arabia! Would you buy this house? ➖➖➖➖➖➖➖➖➖,https://www.instagram.com/reel/CzJ1rfxp2MU/,https://www.instagram.com/popular/saudi-arabia-architecture/,r1_08
saudi-arabia-architecture,6,mohsin_kamal7,DJrt9hroUr2,4.4M,4400000,Ithra Dhahran Saudi Arabia 🇸🇦 . . Vc🎥 mohsin_kamal7 . . #instareels #saudiarabia #alkhobar #,https://www.instagram.com/reel/DJrt9hroUr2/,https://www.instagram.com/popular/saudi-arabia-architecture/,r1_08
saudi-arabia-architecture,7,riyadh_reels_ksa,DVPJT-wDak4,498K,498000,Riyadh Saudi Arabia 🇸🇦 #riyadh #saudiarabia,https://www.instagram.com/reel/DVPJT-wDak4/,https://www.instagram.com/popular/saudi-arabia-architecture/,r1_08
saudi-arabia-architecture,8,sema.z.efe,DVt2W8GACHZ,2.6M,2600000,Yaklaşık 5 aydır Arabistan'dayım ve burada gerçekten çok güzel evler görüyorum. Genellikle yüksek duvarlı,https://www.instagram.com/reel/DVt2W8GACHZ/,https://www.instagram.com/popular/saudi-arabia-architecture/,r1_08
saudi-arabia-architecture,9,keyf.alhaal,DLusmHHtEF-,196K,196000,البيت هو حيث قلبك - 🇸🇦الرياض🤍 الرياض ليست مجرد مدينة، بل هي موطني - مدينة تمزج بب,https://www.instagram.com/reel/DLusmHHtEF-/,https://www.instagram.com/popular/saudi-arabia-architecture/,r1_08
saudi-arabia-architecture,10,visitors_saudi,DJv0Lpgs8CW,43.8K,43800,"The King Abdulaziz Center for World Culture, also known as Ithra, is a cultural centre situated in Dha",https://www.instagram.com/reel/DJv0Lpgs8CW/,https://www.instagram.com/popular/saudi-arabia-architecture/,r1_08
saudi-arabia-architecture,11,aureliestory,DKjJ6KTNhc1,1.2M,1200000,"@aureliestory this is not AI, this is Saudi Arabia ✨",https://www.instagram.com/reel/DKjJ6KTNhc1/,https://www.instagram.com/popular/saudi-arabia-architecture/,r1_08
saudi-arabia-architecture,12,saudi.arabia,C6zAV9YKE5q,286K,286000,Welcome to Saudi Arabia! 🇸🇦💚 📷: @mesharyfahad,https://www.instagram.com/reel/C6zAV9YKE5q/,https://www.instagram.com/popular/saudi-arabia-architecture/,r1_08
marrakech-riad,1,travel_moroccan,DO1qYbxjLwc,51.7K,51700,✨ 5 of the most beautiful riads in Marrakech ❤️🇲🇦 … Have you ever visited one of them?,https://www.instagram.com/reel/DO1qYbxjLwc/,https://www.instagram.com/popular/marrakech-riad/,r1_08
marrakech-riad,2,charlottejaynewalton,DW3yxdyiEWU,17.2K,17200,"Save this Riad in Marrakech 🇲🇦 If you're visiting Marrakech, this is a great place to stay",https://www.instagram.com/reel/DW3yxdyiEWU/,https://www.instagram.com/popular/marrakech-riad/,r1_08
marrakech-riad,3,jonny.melon,DKZLkxKTTbv,26.6K,26600,Dreaming of staying in a riad in Marrakech!? We found this stunning abode for just $100 per night,https://www.instagram.com/reel/DKZLkxKTTbv/,https://www.instagram.com/popular/marrakech-riad/,r1_08
marrakech-riad,4,travelask.world,DX9uKYWoRwb,2.5M,2500000,😍Morocco like Pinterest: the most beautiful hotels 🇲🇦 📍 Royal Mansour Marrakech One of the mos,https://www.instagram.com/reel/DX9uKYWoRwb/,https://www.instagram.com/popular/marrakech-riad/,r1_08
marrakech-riad,5,lamaisonarabe,DLIKDy7JlBl,23.6K,23600,"What I booked: a charming riad in Marrakech, What I got: an Arabian dream straight out of a m",https://www.instagram.com/reel/DLIKDy7JlBl/,https://www.instagram.com/popular/marrakech-riad/,r1_08
marrakech-riad,6,wayfareralivia,DIRBd3tPJXN,81.2K,81200,Go ahead and hit the save button if you are dreaming of having the most beautiful and auth,https://www.instagram.com/reel/DIRBd3tPJXN/,https://www.instagram.com/popular/marrakech-riad/,r1_08
marrakech-riad,7,kelseyinlondon,DP-35WbDB0P,1M,1000000,🇲🇦 Comment LINK for my free Marrakech Guide ⬇️ 💬 Comment LINK and I'll send you a link to my,https://www.instagram.com/reel/DP-35WbDB0P/,https://www.instagram.com/popular/marrakech-riad/,r1_08
marrakech-riad,8,aureliestory,DUtaCA2jTlb,897K,897000,follow @aureliestory for more unique travel inspo 🫶 4 days in Marrakech 🇲🇦 Part of my Morocco,https://www.instagram.com/reel/DUtaCA2jTlb/,https://www.instagram.com/popular/marrakech-riad/,r1_08
marrakech-riad,9,cheilanicki,DCpe8QLuYgV,20.6K,20600,"Behind every closed door in Marrakesh, a hidden wonder awaits.🌸 The peace you get insid",https://www.instagram.com/reel/DCpe8QLuYgV/,https://www.instagram.com/popular/marrakech-riad/,r1_08
marrakech-riad,10,quingable,Cri8NAouqCI,5.4M,5400000,Don't Stay in Hotels in Morocco… Stay in a Riad 👇🏻👇🏻👇🏻 A traditional Moroccan Riad is a home,https://www.instagram.com/reel/Cri8NAouqCI/,https://www.instagram.com/popular/marrakech-riad/,r1_08
marrakech-riad,11,bruno.francesca,DIleH_bTaXv,16.6K,16600,Dreaming Riad in Marrakech🇲🇦 📍Riad Fabiola . . . . #marrakech #marrakechmedina #marrakech.,https://www.instagram.com/reel/DIleH_bTaXv/,https://www.instagram.com/popular/marrakech-riad/,r1_08
marrakech-riad,12,nickmaddockglobal,DPjRv70Dp3s,26.7K,26700,A little oasis in the hustle and bustle of Marrakech 🇲🇦 Didn't even know what a Riad was,https://www.instagram.com/reel/DPjRv70Dp3s/,https://www.instagram.com/popular/marrakech-riad/,r1_08
luxury-hotel,1,juliagal_,DRnDRfOjAbX,13.6M,13600000,Just checked into the dreamiest hotel room ever😍🪄,https://www.instagram.com/reel/DRnDRfOjAbX/,https://www.instagram.com/popular/luxury-hotel/,r1_09
luxury-hotel,2,catharinaelisabethx,DW6YVcjI2RC,120K,120000,Modern hotels could never compete with this #classystyle #oldmoneyaesthetic #hotels #prstay,https://www.instagram.com/reel/DW6YVcjI2RC/,https://www.instagram.com/popular/luxury-hotel/,r1_09
luxury-hotel,3,luxurytravelermedia,DRc0PGtErsa,1.7M,1700000,This is the kind of hotel that ruins you for everywhere else.✨ • Lakeside breakfasts that feel,https://www.instagram.com/reel/DRc0PGtErsa/,https://www.instagram.com/popular/luxury-hotel/,r1_09
luxury-hotel,4,mrm.blog,DWi4HLMCP6G,373K,373000,تجربتي في The Lana - Dorchester Collection 🤍 @thelanadubai واحدة من أفخم الإقامات في دبي 😍,https://www.instagram.com/reel/DWi4HLMCP6G/,https://www.instagram.com/popular/luxury-hotel/,r1_09
luxury-hotel,5,semmzk,DWTLwJqiX4A,92.3K,92300,Another Bill Bensley masterpiece #capella #luxurytravel #luxuryhotel,https://www.instagram.com/reel/DWTLwJqiX4A/,https://www.instagram.com/popular/luxury-hotel/,r1_09
luxury-hotel,6,virtuosoltd,DXrunfOAj7T,58.4K,58400,They mustn't have stayed at a Virtuoso hotel 😉 #VirtuosoTravel #hotelsabovepar #hotellifestyle,https://www.instagram.com/reel/DXrunfOAj7T/,https://www.instagram.com/popular/luxury-hotel/,r1_09
luxury-hotel,7,collarsandco.travel,DXVUGJvAI4L,323K,323000,3 hotels billionaires don't need to post about… but always come back to. One. Aman Tokyo Top,https://www.instagram.com/reel/DXVUGJvAI4L/,https://www.instagram.com/popular/luxury-hotel/,r1_09
luxury-hotel,8,hotelsdenicher,Cca7KpGM5UA,1.3M,1300000,What's the best hotel for you ✨ @hotelsdenicher @hotelsdenicher #nature #hotels #hotelsandresorts,https://www.instagram.com/reel/Cca7KpGM5UA/,https://www.instagram.com/popular/luxury-hotel/,r1_09
luxury-hotel,9,juliagal_,DbC8IbDMeT3,102K,102000,Living the dream in this suite!💭✨ #AgaliaLuxurySuites #hotel,https://www.instagram.com/reel/DbC8IbDMeT3/,https://www.instagram.com/popular/luxury-hotel/,r1_09
luxury-hotel,10,kelseyinlondon,CxkoBKcMO7k,5.4M,5400000,7 hotels with amazing pools ⬇️ which one are you picking?⁣ ⁣ 🇮🇹 Grand Hotel Tremezzo in Lake Como,https://www.instagram.com/reel/CxkoBKcMO7k/,https://www.instagram.com/popular/luxury-hotel/,r1_09
luxury-hotel,11,travelopod,DU01X8hCKkd,21K,21000,Save this for your next trip ✨ 7 best hotels in the world in 2025 — and why they're worth it: 1. Rosewood,https://www.instagram.com/reel/DU01X8hCKkd/,https://www.instagram.com/popular/luxury-hotel/,r1_09
luxury-hotel,12,aakankshapanwarr,DYtwHsUo_C0,218K,218000,Mentally moving into this hotel forever 🕌 #hotel #indiahotel #vacationmode #explorepage,https://www.instagram.com/reel/DYtwHsUo_C0/,https://www.instagram.com/popular/luxury-hotel/,r1_09
luxury-resort,1,calebulf,DX45vLOB93q,298K,298000,The top 7 Luxury Resorts I would stay at this summer. We're covering the whole world from the A,https://www.instagram.com/reel/DX45vLOB93q/,https://www.instagram.com/popular/luxury-resort/,r1_09
luxury-resort,2,jiavisuals.ae,DW9FA90C3fn,2M,2000000,The only reason I work hard is so my holidays can look like this: Hotels featured: @oberoiamarvilas @babal,https://www.instagram.com/reel/DW9FA90C3fn/,https://www.instagram.com/popular/luxury-resort/,r1_09
luxury-resort,3,lawrencewalton_,DaoC1ZXOSHg,1.2M,1200000,POV: You've just found the most insane all-inclusive resort in Europe… 🇹🇷✨ Welcome to Regnum The Crown,https://www.instagram.com/reel/DaoC1ZXOSHg/,https://www.instagram.com/popular/luxury-resort/,r1_09
luxury-resort,4,kelseyinlondon,CxkoBKcMO7k,5.4M,5400000,7 hotels with amazing pools ⬇️ which one are you picking?⁣ ⁣ 🇮🇹 Grand Hotel Tremezzo in Lake Como,https://www.instagram.com/reel/CxkoBKcMO7k/,https://www.instagram.com/popular/luxury-resort/,r1_09
luxury-resort,5,amazinghotel.s,DAQeIHUqesL,341K,341000,"✨ Comment LUXE and we'll DM you our FREE 2025 Luxury Escape Playbook, including 10 bucket-list hot",https://www.instagram.com/reel/DAQeIHUqesL/,https://www.instagram.com/popular/luxury-resort/,r1_09
luxury-resort,6,chembarathiwayanad,DYz0TRHPFFf,2.6M,2600000,Some places are made for summer. This is made for the rain. Mist rolling through the hills. Raindrops o,https://www.instagram.com/reel/DYz0TRHPFFf/,https://www.instagram.com/popular/luxury-resort/,r1_09
luxury-resort,7,alexpreview,CMfYHKRqyWf,1.8M,1800000,Discover 10 of the world's best hotels! Which one is on your bucketlist? ✨ Tag someone you want to visit,https://www.instagram.com/reel/CMfYHKRqyWf/,https://www.instagram.com/popular/luxury-resort/,r1_09
luxury-resort,8,gamsung__stay,DEmjLd0z4G9,3M,3000000,한국인 후기 1도 없는 미래지향 리조트 ⠀ ⠀ 네이버에 한국인 후기 하나도 없는 역대급 신상 리조트입니다. 영화같은 에메랄드빛 지상낙원으로 현,https://www.instagram.com/reel/DEmjLd0z4G9/,https://www.instagram.com/popular/luxury-resort/,r1_09
luxury-resort,9,resortstv,CtMlN3fsJZ_,34.3K,34300,Amazing hotel resort within 3750 acres of Umbrian wilderness stunning architecture & design in Bella Ital,https://www.instagram.com/reel/CtMlN3fsJZ_/,https://www.instagram.com/popular/luxury-resort/,r1_09
luxury-resort,10,giovanniogliormino,DaQYFVDMls1,345K,345000,Some views feel immense! @agalia_luxury_suites ad - #agalialuxurysuites #ios #greece #luxurytravel #lux,https://www.instagram.com/reel/DaQYFVDMls1/,https://www.instagram.com/popular/luxury-resort/,r1_09
luxury-resort,11,aiforarchitects,C8CwocPMBQY,910K,910000,Embarking on a blissful journey of relaxation and rejuvenation amidst the breathtaking beauty 🌊✨ Design,https://www.instagram.com/reel/C8CwocPMBQY/,https://www.instagram.com/popular/luxury-resort/,r1_09
luxury-resort,12,thejourneyerlife,DYzdz9VzDYO,441K,441000,Monsoon + Wayanad = pure magic ⛈️ Save this if you are planning a trip to Wayanad & Comment to know the,https://www.instagram.com/reel/DYzdz9VzDYO/,https://www.instagram.com/popular/luxury-resort/,r1_09
luxury-hotel-room,1,shellsdxb,DY7mglLqdtN,32K,32000,NA,https://www.instagram.com/reel/DY7mglLqdtN/,https://www.instagram.com/popular/luxury-hotel-room/,r1_09
luxury-hotel-room,2,learn,DUEfg60iJq5,"4,970",4970,"Luxury Hotel Room with Panoramic Dubai Skyline View 🎥 @shamarmarcus Interested in travel? @lost_in_travel is your go-to for in-the-know spots, locals-",https://www.instagram.com/reel/DUEfg60iJq5/,https://www.instagram.com/popular/luxury-hotel-room/,r1_09
luxury-hotel-room,3,ojs_,DaGnR0_skWc,168K,168000,💌💌 #اكسبلور #foryou #اكسبلورر #explore #تصوير,https://www.instagram.com/reel/DaGnR0_skWc/,https://www.instagram.com/popular/luxury-hotel-room/,r1_09
luxury-hotel-room,4,surnameplease,DU3Ebk4DMFR,26.9K,26900,Spending peaceful moments in luxury and comfort 🌿🏨 #viral #instalike #explore #instatravel #hotels,https://www.instagram.com/reel/DU3Ebk4DMFR/,https://www.instagram.com/popular/luxury-hotel-room/,r1_09
luxury-hotel-room,5,hotelnakshtraresidency,DITYoxEsry8,82.7K,82700,A luxurious room for your perfect stay. #nakshtraresidencykalyan #hotelnakshtraresidency #besthotel #hotel #rooms #staycation #travel #family #corpora,https://www.instagram.com/reel/DITYoxEsry8/,https://www.instagram.com/popular/luxury-hotel-room/,r1_09
luxury-hotel-room,6,anika.ktg,DSQI-E1jIxR,"5,403",5403,throwback to the most beautiful hotel room ever 🤍🤍✨,https://www.instagram.com/reel/DSQI-E1jIxR/,https://www.instagram.com/popular/luxury-hotel-room/,r1_09
luxury-hotel-room,7,kataevn,DYj4ezWim0X,"7,981",7981,NA,https://www.instagram.com/reel/DYj4ezWim0X/,https://www.instagram.com/popular/luxury-hotel-room/,r1_09
luxury-hotel-room,8,rohan_photoshots,DYwQRF_spzc,15.9K,15900,Still stuck in this hotel room era ✨ #amritsar #courtyardbymarriott #goldentempleamritsar #roomtour,https://www.instagram.com/reel/DYwQRF_spzc/,https://www.instagram.com/popular/luxury-hotel-room/,r1_09
luxury-hotel-room,9,by_almaaseweis,DYQ7t7jttYs,"3,576",3576,✈️🩷,https://www.instagram.com/reel/DYQ7t7jttYs/,https://www.instagram.com/popular/luxury-hotel-room/,r1_09
luxury-hotel-room,10,ernisupriandini,DGraPzGziUN,"7,506",7506,"Kamar hotel tipe deluxe, connecting room @ascentpremiere.pasuruan Pasuruan. Semoga bermanfaat 🙏🏻 #ascentpremierepasuruan #kamarhotel #tipedeluxe #hote",https://www.instagram.com/reel/DGraPzGziUN/,https://www.instagram.com/popular/luxury-hotel-room/,r1_09
luxury-hotel-room,11,traveldamonsway,DK4-8CstulC,258K,258000,Staying in paradise #luxury #hotel #airbnb #travel #luxurystay #travelgram,https://www.instagram.com/reel/DK4-8CstulC/,https://www.instagram.com/popular/luxury-hotel-room/,r1_09
luxury-hotel-room,12,jakerowleyyy,DY_ftgQz3bA,187K,187000,dreamy #realestate #sales #lifestyle #australia #travel,https://www.instagram.com/reel/DY_ftgQz3bA/,https://www.instagram.com/popular/luxury-hotel-room/,r1_09
boutique-hotel,1,the.ryanexperience,DXP8UxNjm29,71.1K,71100,"I love boutique hotels, I'm very bullish on them and I think they're the future of the hotel space. However, the often hold themselves back by focusin",https://www.instagram.com/reel/DXP8UxNjm29/,https://www.instagram.com/popular/boutique-hotel/,r1_09
boutique-hotel,2,andronis_hotels,DIwHwmlyf7P,"8,925",8925,Caldera views. Boutique bliss. Only at Andronis Boutique Hotel. #AndronisBoutiqueHotel #OiaDreaming #LuxuryInSantorini,https://www.instagram.com/reel/DIwHwmlyf7P/,https://www.instagram.com/popular/boutique-hotel/,r1_09
boutique-hotel,3,beyondbespokevillas,DYtOULDycGR,26.3K,26300,☘️Which one speaks your vibe? ✨Boutique hotel or private villas? Which side of the screen is calling your name for the next vacation? . . Up 📍 @beyond,https://www.instagram.com/reel/DYtOULDycGR/,https://www.instagram.com/popular/boutique-hotel/,r1_09
boutique-hotel,4,brutalistbrunch,DdUKWFftz2B,47.6K,47600,"A hidden hotel in Palermo, built into the ruins. Old stone. Corten steel. Warm light spilling into ancient courtyards. A rooftop made for long Sicilia",https://www.instagram.com/reel/DdUKWFftz2B/,https://www.instagram.com/popular/boutique-hotel/,r1_09
boutique-hotel,5,lemeuriceparis,DI4BWOnoTNx,1.5M,1500000,"Welcome to La Parisienne Suite, where secret corridors lead to your private haven in the heart of Paris 🤍 #DCmoments",https://www.instagram.com/reel/DI4BWOnoTNx/,https://www.instagram.com/popular/boutique-hotel/,r1_09
boutique-hotel,6,noborutravel,DaVPmakMsRk,185K,185000,"It's called @jnanerumi and was one of my favourite stays of last year in Marrakech. It is the definition of luxury boutique hotel. Not a standardized,",https://www.instagram.com/reel/DaVPmakMsRk/,https://www.instagram.com/popular/boutique-hotel/,r1_09
boutique-hotel,7,livinglesh,DdnDYlsuwQP,44K,44000,Sometimes the best trip is the one that's only an hour and change away. We checked into @thestlaurentsocialclub in Asbury Park for a little adults onl,https://www.instagram.com/reel/DdnDYlsuwQP/,https://www.instagram.com/popular/boutique-hotel/,r1_09
boutique-hotel,8,hamsa.hotel,DcV00cQIDgP,107K,107000,"Ваше пребывание в Ташкенте может быть особенным. Khamsa Boutique Hotel создан для гостей, которые ценят не только комфорт, но и эстетику, атмосферу и",https://www.instagram.com/reel/DcV00cQIDgP/,https://www.instagram.com/popular/boutique-hotel/,r1_09
boutique-hotel,9,purehotelbyhollywood,DHjIdf6N9IZ,1.6M,1600000,Otaqlarımızın təsvirolunmaz aurası bizə təkrak-təkrar qayıtmaq istəyinizin səbəbi olacaqdır! - Непередаваемая аура наших номеров вызовет желание возвр,https://www.instagram.com/reel/DHjIdf6N9IZ/,https://www.instagram.com/popular/boutique-hotel/,r1_09
boutique-hotel,10,jaan.boutiquehotel,DO_h-7VDQc_,28.2K,28200,Busy doing absolutely nothing at Boutique Hotel Jaan ✨ The perfect place to slow down and breathe… Who would you love to share this moment with? 💛 . #,https://www.instagram.com/reel/DO_h-7VDQc_/,https://www.instagram.com/popular/boutique-hotel/,r1_09
boutique-hotel,11,novahotelboutique,DYSPOohMh_d,4.2M,4200000,"✨ NOVA Boutique Hotel — Toshkentdagi zamonaviy va premium butik mehmonxona. Qulay joylashuv, yuqori servis va shinam muhit siz uchun! ✈️ Aeroportdan a",https://www.instagram.com/reel/DYSPOohMh_d/,https://www.instagram.com/popular/boutique-hotel/,r1_09
boutique-hotel,12,jade_lostinbeauty_,DYj2NUHqc0I,26.2K,26200,🖇️Save and send to someone who loves hotels with personality. When you realise luxury isn't always marble floors and rooftop infinity pools…sometimes,https://www.instagram.com/reel/DYj2NUHqc0I/,https://www.instagram.com/popular/boutique-hotel/,r1_09
underwater-hotel,1,lawrencewalton_,DH0MFLSp7tx,24.8K,24800,"Would you sleep in an underwater hotel room? 👀🌊 📍 Conrad, Maldives This is",https://www.instagram.com/reel/DH0MFLSp7tx/,https://www.instagram.com/popular/underwater-hotel/,r1_09
underwater-hotel,2,worldtraveladventurers,Ca4-MsKpA1D,2.4M,2400000,"The Muraka is the most unique hotel villa we've ever seen, submersed 16 feet under",https://www.instagram.com/reel/Ca4-MsKpA1D/,https://www.instagram.com/popular/underwater-hotel/,r1_09
underwater-hotel,3,explorewithmia_,DToXQT-kiz5,63.9K,63900,POV: You wake up underwater… #underwaterhotel #travel #china #vlog,https://www.instagram.com/reel/DToXQT-kiz5/,https://www.instagram.com/popular/underwater-hotel/,r1_09
underwater-hotel,4,shltr,DOyNCTyFF67,53.4K,53400,"This stay might not be real, but a night ✨ quite literally✨ under water in the Maldives",https://www.instagram.com/reel/DOyNCTyFF67/,https://www.instagram.com/popular/underwater-hotel/,r1_09
underwater-hotel,5,theresortscollection,DXcIQqEkdX-,48.4K,48400,"If you want a truly special and unique experience, trying a lunch or dinner in an underwater",https://www.instagram.com/reel/DXcIQqEkdX-/,https://www.instagram.com/popular/underwater-hotel/,r1_09
underwater-hotel,6,vacations,C62pYvFIb2s,447K,447000,One of the most magical experiences in Maldives.. @whatsthehelen staying at The Muraka underwater,https://www.instagram.com/reel/C62pYvFIb2s/,https://www.instagram.com/popular/underwater-hotel/,r1_09
underwater-hotel,7,vacations,Csh-iRppSDG,706K,706000,Waking up in an underwater suite at Atlantis The Palm Dubai 🐠🦈 TAG someone you would,https://www.instagram.com/reel/Csh-iRppSDG/,https://www.instagram.com/popular/underwater-hotel/,r1_09
underwater-hotel,8,ally_jape,C5Qw0-CI5Rk,2.3M,2300000,This underwater hotel room is the first in the Entire continent of Africa and the experience is,https://www.instagram.com/reel/C5Qw0-CI5Rk/,https://www.instagram.com/popular/underwater-hotel/,r1_09
underwater-hotel,9,luxuryworldtraveler,DMGBXbRMcaF,50.8K,50800,This is one of the most unique experiences in the world - dining underwater 🎥 @saltyluxe,https://www.instagram.com/reel/DMGBXbRMcaF/,https://www.instagram.com/popular/underwater-hotel/,r1_09
underwater-hotel,10,vacations,CEnj8C4ARPX,684K,684000,Dinner under the sea in Maldives 🐠✨ Video by: @sennarelax TAG someone you'd dine here,https://www.instagram.com/reel/CEnj8C4ARPX/,https://www.instagram.com/popular/underwater-hotel/,r1_09
underwater-hotel,11,sunt_mrr,DPT0PbTEwtD,4.7M,4700000,Dream underwater villa . . . . . . . . . . . . . . #midjourney #mariadudkina,https://www.instagram.com/reel/DPT0PbTEwtD/,https://www.instagram.com/popular/underwater-hotel/,r1_09
underwater-hotel,12,voyaah,DFprU4KNGXi,14.2K,14200,"📌 Save this reel now or you might just miss out on it From the Maldives to Dubai, these",https://www.instagram.com/reel/DFprU4KNGXi/,https://www.instagram.com/popular/underwater-hotel/,r1_09
overwater-villa,1,nicolemsunderland,C1GMtBitz8c,21M,21000000,Best overwater villas 🥰🤯 #passportbyforbes #mydomainetravels #Tastemademedoit #iamatraveler #forbestravelguide,https://www.instagram.com/reel/C1GMtBitz8c/,https://www.instagram.com/popular/overwater-villa/,r1_09
overwater-villa,2,toptravelplaces_,DTAnHgUEhg4,4.6M,4600000,"Soneva Jani is one of the most iconic luxury island resorts in the Maldives 🌴 It combines breathtaking scenery, thoughtful design",https://www.instagram.com/reel/DTAnHgUEhg4/,https://www.instagram.com/popular/overwater-villa/,r1_09
overwater-villa,3,paigunna,DOVQCkpEZOO,45.7K,45700,This overwater pool villa feels like a dream turned into reality. #maldives #centaragrandmaldives #overwatervilla #maldivesresorts,https://www.instagram.com/reel/DOVQCkpEZOO/,https://www.instagram.com/popular/overwater-villa/,r1_09
overwater-villa,4,indonesiajuaratrip,DHX-cHIz_UB,933K,933000,"Ketik 'INFO' kalau mau tahu tentang resort overwater terbaru ala Maldives di Indonesia! 🌊✨ Tersembunyi di Labuan Bajo, resort ini menawar",https://www.instagram.com/reel/DHX-cHIz_UB/,https://www.instagram.com/popular/overwater-villa/,r1_09
overwater-villa,5,luxquisit,DPt8obqjxFY,688K,688000,Dreamy Underwater Villa,https://www.instagram.com/reel/DPt8obqjxFY/,https://www.instagram.com/popular/overwater-villa/,r1_09
overwater-villa,6,vacations,C62pYvFIb2s,447K,447000,One of the most magical experiences in Maldives.. @whatsthehelen staying at The Muraka underwater villa at @conrad_maldives 💙🇲🇻,https://www.instagram.com/reel/C62pYvFIb2s/,https://www.instagram.com/popular/overwater-villa/,r1_09
overwater-villa,7,terplanet,C0bgQl7pcye,844K,844000,Overwater Treehouse vibes at @sixsenseslaamu 😍🌴 The Six Senses Laamu overwater villas are a marvel of sustainable design,https://www.instagram.com/reel/C0bgQl7pcye/,https://www.instagram.com/popular/overwater-villa/,r1_09
overwater-villa,8,gabscanu,CpkH2qfguh_,17.1M,17100000,Is this the ultimate villa/playground? TAG someone you'd stay here with! 💙 📍 @discoversoneva #sonevajani #discoversoneva,https://www.instagram.com/reel/CpkH2qfguh_/,https://www.instagram.com/popular/overwater-villa/,r1_09
overwater-villa,9,sunt_mrr,DPT0PbTEwtD,4.7M,4700000,Dream underwater villa . . . . . . . . . . . . . . #midjourney #mariadudkina #luxuryinteriors #villa #maldives #houses #ai,https://www.instagram.com/reel/DPT0PbTEwtD/,https://www.instagram.com/popular/overwater-villa/,r1_09
overwater-villa,10,terplanet,DRRrdauCdP9,153K,153000,The best alarm clock ever: turquoise water at your doorstep. 🤍🌊😍 Waking up in an overwater residence and jumping straight,https://www.instagram.com/reel/DRRrdauCdP9/,https://www.instagram.com/popular/overwater-villa/,r1_09
overwater-villa,11,beautifuldestinations,Cf8NZx_jI69,2.3M,2300000,"Dreaming of @louiscannell's bathtub with a view. 🛁🌹 In the Maldives, you'll never run out of luxurious overwater villas that provide",https://www.instagram.com/reel/Cf8NZx_jI69/,https://www.instagram.com/popular/overwater-villa/,r1_09
overwater-villa,12,cabinvision,DE8qogQCM4G,27.9K,27900,"Get to live the most luxurious experience ever only in yhe Maldives with @terplanet 🏝️😍 ✨The Maldives epitomizes luxury, offering",https://www.instagram.com/reel/DE8qogQCM4G/,https://www.instagram.com/popular/overwater-villa/,r1_09
unique-airbnb,1,travelwithtalia,DW9FSdEiUUl,85.6K,85600,"Comment ""Woods"" and I will send you the link to this stunning @airbnb surroun",https://www.instagram.com/reel/DW9FSdEiUUl/,https://www.instagram.com/popular/unique-airbnb/,r1_09
unique-airbnb,2,sembler8,DFCG_ZISb6o,1.6M,1600000,Would you like to be in this fairy tale? This is my favorite AirBnb 😱,https://www.instagram.com/reel/DFCG_ZISb6o/,https://www.instagram.com/popular/unique-airbnb/,r1_09
unique-airbnb,3,yakeandmarie,C6mAslNRKVU,5.3M,5300000,This AirBnb comes with the cutest guests 🐮😍 Follow @yakeandmarie for more!!,https://www.instagram.com/reel/C6mAslNRKVU/,https://www.instagram.com/popular/unique-airbnb/,r1_09
unique-airbnb,4,jaden.versluis,C6KPzyNh0uW,1.8M,1800000,Welcome to the best AirBnB in Norway… Would you stay here for the night? FOLLO,https://www.instagram.com/reel/C6KPzyNh0uW/,https://www.instagram.com/popular/unique-airbnb/,r1_09
unique-airbnb,5,homeless.backpacker,DR1kWBMjf9H,513K,513000,Is this the best room in the world under $100? This is NOT an advert but simpl,https://www.instagram.com/reel/DR1kWBMjf9H/,https://www.instagram.com/popular/unique-airbnb/,r1_09
unique-airbnb,6,followourcompass,DYHnuwhxF75,607K,607000,"Waterfall Airbnbs you HAVE to see! Nancy Key Airbnb @staylakenorman Lake Norman,",https://www.instagram.com/reel/DYHnuwhxF75/,https://www.instagram.com/popular/unique-airbnb/,r1_09
unique-airbnb,7,starlight_retreats,DOwSo8WiXSG,1.1M,1100000,"The stillness of the lake, mornings with no rush, evenings by the fire, and the",https://www.instagram.com/reel/DOwSo8WiXSG/,https://www.instagram.com/popular/unique-airbnb/,r1_09
unique-airbnb,8,benjamin.little_,DUIEI_mkll9,139K,139000,Comment POD and I'll send you the direct booking link✨. This tiny Tasmanian cabin,https://www.instagram.com/reel/DUIEI_mkll9/,https://www.instagram.com/popular/unique-airbnb/,r1_09
unique-airbnb,9,acroxthepond,C2S78bmIIlX,823K,823000,Best Airbnbs around the World 🌎 pt 1 @tourismthailand #uniquestays #travel #gl,https://www.instagram.com/reel/C2S78bmIIlX/,https://www.instagram.com/popular/unique-airbnb/,r1_09
unique-airbnb,10,sandymakessense,DU068EoAnxJ,31.3K,31300,AD Unique spaceship Airbnb in the UK 🌳 One of the cosiest Airbnbs I stayed in! #,https://www.instagram.com/reel/DU068EoAnxJ/,https://www.instagram.com/popular/unique-airbnb/,r1_09
unique-airbnb,11,galenahaven,DWU3mjYEbE7,25.5K,25500,We interrupt your usual Galena view for this spectacular home we visited in Marbl,https://www.instagram.com/reel/DWU3mjYEbE7/,https://www.instagram.com/popular/unique-airbnb/,r1_09
unique-airbnb,12,herjoliejourney,DVwR-zUD9QW,623K,623000,THE MOST UNIQUE AIRBNB IN IDAHO: @idahoflowerpot 🌻 I've stayed in a lot of uniq,https://www.instagram.com/reel/DVwR-zUD9QW/,https://www.instagram.com/popular/unique-airbnb/,r1_09
treehouse-hotel,1,hudnallshideout,DOafL1rjLbJ,65.6K,65600,Have you ever seen an A-frame treehouse in the UK? This is The Hudnalls Hideout 🌳 Our treehouse invites you to slow down and savour the small pockets,https://www.instagram.com/reel/DOafL1rjLbJ/,https://www.instagram.com/popular/treehouse-hotel/,r1_09
treehouse-hotel,2,selahridgeresort,DSkKH8MDKMq,3.7M,3700000,"A treehouse built for complete reset and relaxation 🌿 ㅤ Comment ""TREEHOUSE"" to book your stay today!",https://www.instagram.com/reel/DSkKH8MDKMq/,https://www.instagram.com/popular/treehouse-hotel/,r1_09
treehouse-hotel,3,jess.wandering,DVY64DJjNvG,150K,150000,Who would you fall asleep listening to the rain with? 🌿🌲😌 Suspended 35 feet off the ground this luxury treehouse is tucked into the towering redwoods,https://www.instagram.com/reel/DVY64DJjNvG/,https://www.instagram.com/popular/treehouse-hotel/,r1_09
treehouse-hotel,4,thesecretgardenglamping,CyyoSb8MreO,5M,5000000,"Autumn's embrace from the treetops. 🍂🌳 Our tree house stay comes with a hot tub, a pool table, and all the cozy vibes you need to make unforgettable m",https://www.instagram.com/reel/CyyoSb8MreO/,https://www.instagram.com/popular/treehouse-hotel/,r1_09
treehouse-hotel,5,terralodge.co,CtSuDIhRdvn,2.6M,2600000,"Weekend escape away from Music City 🌲🎶 Share with who you would bring! 📍Terralodge Treehouse Resort in Monteagle, Tennessee (1.5 drive from Nashville!",https://www.instagram.com/reel/CtSuDIhRdvn/,https://www.instagram.com/popular/treehouse-hotel/,r1_09
treehouse-hotel,6,hockinghillstreehousecabins,Cq6Tf7Xu5AO,4.9M,4900000,Would you come to Ohio to stay in our treehouses? 🏷 • • • #treehousecabin #treehousegoals #cabinporn #cabinlove #cabininthewoods #hockinghills,https://www.instagram.com/reel/Cq6Tf7Xu5AO/,https://www.instagram.com/popular/treehouse-hotel/,r1_09
treehouse-hotel,7,travelwithdalt,DZVq08EJrFK,18.2K,18200,Send this to who you'd stay here with 🌲 🛌 🏡 @treehousepoint #bucketlisttravel #uniquestays #travel,https://www.instagram.com/reel/DZVq08EJrFK/,https://www.instagram.com/popular/treehouse-hotel/,r1_09
treehouse-hotel,8,spirithiker,C5CQZGiP15N,13.8M,13800000,Can you imagine waking up here? 🌲#treehouse This magical forest property has 7 unique treehouses you can stay overnight in! Life here is about living,https://www.instagram.com/reel/C5CQZGiP15N/,https://www.instagram.com/popular/treehouse-hotel/,r1_09
treehouse-hotel,9,travelask.world,DTS4A5tCH-o,1M,1000000,"✨The best unique treehouses and elevated cabins around the world 📍 Treehotel — Harads, Sweden Designer treehouses set in a northern forest — minimalis",https://www.instagram.com/reel/DTS4A5tCH-o/,https://www.instagram.com/popular/treehouse-hotel/,r1_09
treehouse-hotel,10,reneeroaming,DRPiypikRW6,2.2M,2200000,"I'm convinced this is the most magical treehouse rental in the world 🥹 Comment ""treehouse"" and I'll message you the details! We didn't want to leave &",https://www.instagram.com/reel/DRPiypikRW6/,https://www.instagram.com/popular/treehouse-hotel/,r1_09
treehouse-hotel,11,ashevilleglamping,Dapw1A6uI8Q,903K,903000,🌲 Treehouse ASMR 🌧️ The sound of rain on the roof. Hearing the creek flowing just below. Wind moving through the leaves in the trees. Birds singing. I,https://www.instagram.com/reel/Dapw1A6uI8Q/,https://www.instagram.com/popular/treehouse-hotel/,r1_09
treehouse-hotel,12,treehouseocala,DPBx1_5jofK,588K,588000,Send this to the person you'd escape to our luxury treehouse with this fall 🍂✨ #explore #explorepage #airbnb #treehouse #treehouseocala #perfectgetawa,https://www.instagram.com/reel/DPBx1_5jofK/,https://www.instagram.com/popular/treehouse-hotel/,r1_09
hotel-design,1,dezynstructures,DcgtNBuAUen,"5,930",5930,"A 30-room hotel coming to life, one render at a time. . . . . #rendering #render #3DRender #arc",https://www.instagram.com/reel/DcgtNBuAUen/,https://www.instagram.com/popular/hotel-design/,r1_09
hotel-design,2,wishcraft_africa,DOiV8ucDaFB,56.9K,56900,"Project: 44 Bedrooms hotel. Location: 📍Benin City, Edo state, Nigeria. 🇳🇬🇬🇭🇿🇦🇱🇷🇷🇼🇰🇪 Area of plot",https://www.instagram.com/reel/DOiV8ucDaFB/,https://www.instagram.com/popular/hotel-design/,r1_09
hotel-design,3,shaehitassawur,DZsHP5uSFE7,94.4K,94400,A Hotel project which was completed recently in Pahalgam kashmir. @luxury_retreatpahalgam . . Shaehi Tassawur is an architect,https://www.instagram.com/reel/DZsHP5uSFE7/,https://www.instagram.com/popular/hotel-design/,r1_09
hotel-design,4,_vlasov_roman_,DNd50Z8oYVv,119K,119000,Concept | 582 | Lumina Resort Architecture By @_vlasov_roman_,https://www.instagram.com/reel/DNd50Z8oYVv/,https://www.instagram.com/popular/hotel-design/,r1_09
hotel-design,5,studio_mills,DaVCr-UObMn,340K,340000,Hotel room layouts rethink! 😌 📏✏️ The same layout everywhere you go and it has wasted space. When we designed a 10B hol,https://www.instagram.com/reel/DaVCr-UObMn/,https://www.instagram.com/popular/hotel-design/,r1_09
hotel-design,6,artedition.studio,Da74_quNk4Y,366K,366000,Every hospitality space tells a story. Art helps it find its voice. #hospitalitydesign #hospitalityinteriors #contemp,https://www.instagram.com/reel/Da74_quNk4Y/,https://www.instagram.com/popular/hotel-design/,r1_09
hotel-design,7,build.and.believe,DMI4ySlSwig,75.2K,75200,Hotel lobby . A design concept by @build.and.believe . . . #visitdubai #InteriorInspo #ExquisiteDesign #dubailuxury #D,https://www.instagram.com/reel/DMI4ySlSwig/,https://www.instagram.com/popular/hotel-design/,r1_09
hotel-design,8,aadityainteriors,DbpHXwVhoro,"8,005",8005,"✨ Where luxury meets timeless design. ✨ Welcome to Hotel Long D, Surat — a space crafted to deliver elegance, comf",https://www.instagram.com/reel/DbpHXwVhoro/,https://www.instagram.com/popular/hotel-design/,r1_09
hotel-design,9,studio_mek,DaInSUDMk1P,211K,211000,Design by Enes Kıyaklı. Bir otel lobisi sadece bekleme alanı olmak zorunda mı? Bu konseptte klasik lobi anlayışının dışına ç,https://www.instagram.com/reel/DaInSUDMk1P/,https://www.instagram.com/popular/hotel-design/,r1_09
hotel-design,10,architect_shankar,DdER-IuhzX0,"9,182",9182,BOUTIQUE HOTEL 🏠 By Shankar Architects #hotel #boutiquehotel #shankar_architects #architectshankar #hoteldesign,https://www.instagram.com/reel/DdER-IuhzX0/,https://www.instagram.com/popular/hotel-design/,r1_09
hotel-design,11,sbidawards,DX_t84VKl0u,63.6K,63600,This week's instalment of the Project of the Week series features an understated luxury hotel lobby design by 2025 SBID Awar,https://www.instagram.com/reel/DX_t84VKl0u/,https://www.instagram.com/popular/hotel-design/,r1_09
hotel-design,12,respinahotel,DOB0W9yDZdu,49.7K,49700,A place of respite and relaxation. Content creator: @emad.niik @nik_creativefactory . #هتل #اقامت #کافه_رستوران #hotel #اس,https://www.instagram.com/reel/DOB0W9yDZdu/,https://www.instagram.com/popular/hotel-design/,r1_09
luxury-suite,1,queenshotelleeds,Co7HZTJIcGX,NA,,"Romance meets cosy sophistication… Welcome to the Presidential Suite, our most luxurious room designed for nights (and mornings) in.",https://www.instagram.com/reel/Co7HZTJIcGX/,https://www.instagram.com/popular/luxury-suite/,r1_09
luxury-suite,2,fahedz90,DV0xcjvjC-w,154K,154000,What's the most luxurious suite you've ever stayed in? 👇 .. #suites #resort #hotel #luxury #hotel,https://www.instagram.com/reel/DV0xcjvjC-w/,https://www.instagram.com/popular/luxury-suite/,r1_09
luxury-suite,3,baccarathotels,C_3udCiREwR,75K,75000,"Immerse yourself in the grandeur of the Baccarat Suite, where every element—from the art-filled spaces to the opulent bathroom and expansive city view",https://www.instagram.com/reel/C_3udCiREwR/,https://www.instagram.com/popular/luxury-suite/,r1_09
luxury-suite,4,sagistgroup,DAmLo4tNADi,219K,219000,"You know, a hotel room should make your guests feel at home. But how is that possible? It's all in the details! At Sagist Group Luxury Hotel Furniture",https://www.instagram.com/reel/DAmLo4tNADi/,https://www.instagram.com/popular/luxury-suite/,r1_09
luxury-suite,5,thelanadubai,C-7-_fsSgbN,1.4M,1400000,A front row date awaits from the comfort of your suite ✨ #TheLanaDubai #DCmoments 📷by: @bei.bei.wei,https://www.instagram.com/reel/C-7-_fsSgbN/,https://www.instagram.com/popular/luxury-suite/,r1_09
luxury-suite,6,ryandubs,DMsUdcfOaZK,2.2M,2200000,Welcome to the most expensive hotel room in the world. 🤩 #dubai #atlantistheroyal #hotel #suite #luxury #interiordesign,https://www.instagram.com/reel/DMsUdcfOaZK/,https://www.instagram.com/popular/luxury-suite/,r1_09
luxury-suite,7,mstayglobal,DT0-CTRCLYA,107K,107000,"📩 To reserve this room, you can contact us via DM. With its modern design, spacious atmosphere and a bathtub located right next to the bed, this exclu",https://www.instagram.com/reel/DT0-CTRCLYA/,https://www.instagram.com/popular/luxury-suite/,r1_09
luxury-suite,8,worldexclusivetravel,CrDO5DgIHXk,220K,220000,Dream suite 🤍✨️ Tag the person you would take here! Hotel: @calilo_ios 🎥 @juliagal_ #worldexclusivetravel #worldexclusivehotels #luxuryresort #besthot,https://www.instagram.com/reel/CrDO5DgIHXk/,https://www.instagram.com/popular/luxury-suite/,r1_09
luxury-suite,9,jwmarriottjkt,DRB8f7Hkf8J,17.8K,17800,"Experience our newly renovated Premier Suites and Premier Rooms, an intimate sanctuary inspired by modern refinement and the timeless warmth of JW Mar",https://www.instagram.com/reel/DRB8f7Hkf8J/,https://www.instagram.com/popular/luxury-suite/,r1_09
luxury-suite,10,purehotelbyhollywood,DVgs8GpjSNP,"5,994",5994,"Sakitlik. Stil. Pure. 🕊️ Şəhərin səs-küyünü qapı arxasında qoyun. - Тишина. Стиль. Pure. 🕊️ Оставьте суету за порогом. 📍10 Ahmad Rajabli, Baku",https://www.instagram.com/reel/DVgs8GpjSNP/,https://www.instagram.com/popular/luxury-suite/,r1_09
luxury-suite,11,siamoore,DMPUDW5tBhq,"6,166",6166,"This luxurious hotel lounge redefines sophistication with its striking black-and-white marble floors, statement greenery, and refined comfort. From th",https://www.instagram.com/reel/DMPUDW5tBhq/,https://www.instagram.com/popular/luxury-suite/,r1_09
luxury-suite,12,andreavetrano,C0CXJDNILwn,139K,139000,POV: You stay at the dreamiest hotel Suite in all of Italy.. 🇮🇹 Location: @fsflorence . . #italy #italia #florence #firenze #hotels #beautifuldestinat,https://www.instagram.com/reel/C0CXJDNILwn/,https://www.instagram.com/popular/luxury-suite/,r1_09
ai-architecture,1,vkuoo,DYcHAzus4uG,292K,292000,🏗️✨ DESIGN 10 BUILDINGS IN 10 SECONDS? AI JUST REWROTE ARCHITECTURE. Same site. Infin,https://www.instagram.com/reel/DYcHAzus4uG/,https://www.instagram.com/popular/ai-architecture/,r1_10
ai-architecture,2,ant.archviz,DLnHmVNympx,274K,274000,"If only clients knew the process 💀 Every pixel, every shadow, every tweak takes time. What you s",https://www.instagram.com/reel/DLnHmVNympx/,https://www.instagram.com/popular/ai-architecture/,r1_10
ai-architecture,3,creatoarquitectos,DZaAHDMRcrd,377K,377000,"From a simple sketch to a powerful vision. At Creato Architects, every great project begins with an",https://www.instagram.com/reel/DZaAHDMRcrd/,https://www.instagram.com/popular/ai-architecture/,r1_10
ai-architecture,4,mg.archy,DRE-JuNDsD8,293K,293000,✍🏻 Designed By: @Mg.Archy 🙏🏻 Thanks to: @studioedrisi & @Studio____ai 🪄 Ai conceptualized: #Mid,https://www.instagram.com/reel/DRE-JuNDsD8/,https://www.instagram.com/popular/ai-architecture/,r1_10
ai-architecture,5,about.archi.ai,DW4ikbfiYl6,374K,374000,"Prompts for Claude 🔽 1. Create a modern and sophisticated interior layout for this space, featur",https://www.instagram.com/reel/DW4ikbfiYl6/,https://www.instagram.com/popular/ai-architecture/,r1_10
ai-architecture,6,ohneis652,DJCTsDzPJQ_,693K,693000,Most AI architecture looks like cheap 3D renders. Flat. Overpolished. Soulless. This? This feels lik,https://www.instagram.com/reel/DJCTsDzPJQ_/,https://www.instagram.com/popular/ai-architecture/,r1_10
ai-architecture,7,montani3d,DUannSokdQD,946K,946000,Comente WORKSHOP 👇 E aprenda a transformar seus projetos ou fotos em vídeos incríveis como esse usand,https://www.instagram.com/reel/DUannSokdQD/,https://www.instagram.com/popular/ai-architecture/,r1_10
ai-architecture,8,matitectura,DGvmymOMdST,1.7M,1700000,Ruins Reimagined OLD BUT NEW Bringing old ruins back to life with the help of AI. Using the latest AI,https://www.instagram.com/reel/DGvmymOMdST/,https://www.instagram.com/popular/ai-architecture/,r1_10
ai-architecture,9,howthingsarebuilld,DLhkdBcI08K,1.9M,1900000,Home design made with artificial intelligence👍 🎥 @viralworking,https://www.instagram.com/reel/DLhkdBcI08K/,https://www.instagram.com/popular/ai-architecture/,r1_10
ai-architecture,10,anderalencar,C2N6luRLzhO,4.2M,4200000,MDJ House Visualization | @anderalencar Project | @mssm.associates + @rsigroup Location | Indonesia Soft,https://www.instagram.com/reel/C2N6luRLzhO/,https://www.instagram.com/popular/ai-architecture/,r1_10
ai-architecture,11,the.archart,DSDBoJujwCf,300K,300000,Do you want to learn this? Comment 'Building' for masterclass details where I will be teaching this wo,https://www.instagram.com/reel/DSDBoJujwCf/,https://www.instagram.com/popular/ai-architecture/,r1_10
ai-architecture,12,theunrealatlas,Db8YcBChCBD,88.8K,88800,"""Aurelius"" cutting through neon-lit water at golden hour, with a row of glass villas glowing warm b",https://www.instagram.com/reel/Db8YcBChCBD/,https://www.instagram.com/popular/ai-architecture/,r1_10
ai-interior-design,1,iz__designs,C6rOLbLriyx,21.9M,21900000,New reel for livingroom Design & Render : @iz__designs Tell me What your thoughts,https://www.instagram.com/reel/C6rOLbLriyx/,https://www.instagram.com/popular/ai-interior-design/,r1_10
ai-interior-design,2,katevera.creative,DJTsUfrMQgB,44.6K,44600,"👉 Want to learn how? Comment ""AI"" and join my upcoming course on AI for Interior Design",https://www.instagram.com/reel/DJTsUfrMQgB/,https://www.instagram.com/popular/ai-interior-design/,r1_10
ai-interior-design,3,amandabdelrazzaq,DVydOlKiIBU,78K,78000,Insane construction time-lapse created by using Ai 🤖🤩 Prompt in pin comment 🫶🏻✨,https://www.instagram.com/reel/DVydOlKiIBU/,https://www.instagram.com/popular/ai-interior-design/,r1_10
ai-interior-design,4,homebyhyla,C25OoI1IRag,28.6M,28600000,"Projet L🍂 . Une pièce, deux angles ✨ . Designed by me @jb.interieurs .",https://www.instagram.com/reel/C25OoI1IRag/,https://www.instagram.com/popular/ai-interior-design/,r1_10
ai-interior-design,5,ki.render,CwTBiWeK6uY,7.3M,7300000,"Living & kitchen area 🤎 . Visualization: @ki.render Software: 3dsMax, Corona Render Year: 2023",https://www.instagram.com/reel/CwTBiWeK6uY/,https://www.instagram.com/popular/ai-interior-design/,r1_10
ai-interior-design,6,sireen.design,C3abe85I_vw,7.4M,7400000,"Interior design for living room 🤎✨ Software: 3D max , vray ,Photoshop #architecture",https://www.instagram.com/reel/C3abe85I_vw/,https://www.instagram.com/popular/ai-interior-design/,r1_10
ai-interior-design,7,prinzessavideo_ai,DSIaDRLjGMU,3.3M,3300000,AI-Ремонт | Зал — вариант №1 Тестирую AI-workflow по визуализации интерьеров: 1 фото → план,https://www.instagram.com/reel/DSIaDRLjGMU/,https://www.instagram.com/popular/ai-interior-design/,r1_10
ai-interior-design,8,montani3d,DTsR_g4kfQj,139K,139000,"Com essa tecnologia🤖, eu transformo uma única foto em várias versões conceituais do ambiente.",https://www.instagram.com/reel/DTsR_g4kfQj/,https://www.instagram.com/popular/ai-interior-design/,r1_10
ai-interior-design,9,xona.ai,DPRsUJWjfVK,"1,663",1663,One of AI's biggest perks in interior design? Speeed.💨 You can instantly explore endless design variations,https://www.instagram.com/reel/DPRsUJWjfVK/,https://www.instagram.com/popular/ai-interior-design/,r1_10
ai-interior-design,10,interior_home_design1,DFIVxyvukb1,32.9K,32900,"Snowfall meets winter wonder – snow outside, warmth inside By: @cozyzen.ai @interior_home_design1",https://www.instagram.com/reel/DFIVxyvukb1/,https://www.instagram.com/popular/ai-interior-design/,r1_10
ai-interior-design,11,ghazale_siami,DExUPqcsNfS,5.3M,5300000,. Living room design Design&Visualization: @ghazale_siami 3dsmax _Coronarender . #livingroom,https://www.instagram.com/reel/DExUPqcsNfS/,https://www.instagram.com/popular/ai-interior-design/,r1_10
ai-interior-design,12,aifordesigners.online,DOL-yHViGVY,17.2K,17200,"White, stones, and whispers. Concept created with AI by @aifordesigners_ —— Hey, interior designers!",https://www.instagram.com/reel/DOL-yHViGVY/,https://www.instagram.com/popular/ai-interior-design/,r1_10
ai-interior-designer,1,montani3d,DTsR_g4kfQj,139K,139000,"Com essa tecnologia🤖, eu transformo uma única foto em várias versões conceituais do ambiente. E se você quer dominar o uso de inteligência artificial",https://www.instagram.com/reel/DTsR_g4kfQj/,https://www.instagram.com/popular/ai-interior-designer/,r1_10
ai-interior-designer,2,iz__designs,C6rOLbLriyx,21.9M,21900000,New reel for livingroom Design & Render : @iz__designs Tell me What your thoughts this ? 💙 #animation #animation3d #animationart #motiongraphics #moti,https://www.instagram.com/reel/C6rOLbLriyx/,https://www.instagram.com/popular/ai-interior-designer/,r1_10
ai-interior-designer,3,lilmalvi.design,DWjJ57UCd1M,216K,216000,"✍🏻 AI course for interior designers The course consists of 3 blocks: basic knowledge, image creation and video creation. We will figure out how to gen",https://www.instagram.com/reel/DWjJ57UCd1M/,https://www.instagram.com/popular/ai-interior-designer/,r1_10
ai-interior-designer,4,erfan_padiav,DLffL8pNp5j,2.3M,2300000,Modern and Warm Kitchen and Livingroom Software: Coronarenderer-3ds max-photoshop #interiordesign #interiorvisualization #3dsmaxrender #coronarender #,https://www.instagram.com/reel/DLffL8pNp5j/,https://www.instagram.com/popular/ai-interior-designer/,r1_10
ai-interior-designer,5,homebyhyla,C25OoI1IRag,28.6M,28600000,"Projet L🍂 . Une pièce, deux angles ✨ . Designed by me @jb.interieurs . #interiordesign #interior #render #render3d #rendering #rendering3d #livingroom",https://www.instagram.com/reel/C25OoI1IRag/,https://www.instagram.com/popular/ai-interior-designer/,r1_10
ai-interior-designer,6,alinarsenova,DUxO1KOjaWF,870K,870000,"Чтобы начать внедрять AI в свою работу, приходи на мой AI-интенсив. Подробности по ссылке в шапке профиля 😉",https://www.instagram.com/reel/DUxO1KOjaWF/,https://www.instagram.com/popular/ai-interior-designer/,r1_10
ai-interior-designer,7,ki.render,CwTBiWeK6uY,7.3M,7300000,"Living & kitchen area 🤎 . Visualization: @ki.render Software: 3dsMax, Corona Render Year: 2023 . #interiordesign #visualisation #3dsmax #coronarender",https://www.instagram.com/reel/CwTBiWeK6uY/,https://www.instagram.com/popular/ai-interior-designer/,r1_10
ai-interior-designer,8,aermaakova,DXXC2LnjMPs,"6,630",6630,"Дизайнер ищет вдохновение 2 недели. Я генерирую 30 вариантов, пока вы пьёте кофе🤩 Голые стены — это чистая боль. А готовый интерьер — это чистая нейро",https://www.instagram.com/reel/DXXC2LnjMPs/,https://www.instagram.com/popular/ai-interior-designer/,r1_10
ai-interior-designer,9,leylaa__asgarii,C8ry_2ENAqh,5.8M,5800000,Interior design of the residential project Architects: @leylaa__asgarii @mohsen.hamzelouie Visualization: @leylaa__asgarii @mohsen.hamzelouie Location,https://www.instagram.com/reel/C8ry_2ENAqh/,https://www.instagram.com/popular/ai-interior-designer/,r1_10
ai-interior-designer,10,designing_factory_,DYCZOsTMYIB,11.6K,11600,From raw concrete to a fully alive luxury living space ⚡✨ Cinematic interior transformation concept. #InteriorDesign #LivingRoomDesign #LuxuryInterior,https://www.instagram.com/reel/DYCZOsTMYIB/,https://www.instagram.com/popular/ai-interior-designer/,r1_10
ai-interior-designer,11,terencesia,DV-2k_YkyS_,267K,267000,"You can do this too! Comment ""ai"" and I will send you the workflow!",https://www.instagram.com/reel/DV-2k_YkyS_/,https://www.instagram.com/popular/ai-interior-designer/,r1_10
ai-interior-designer,12,paria__seif,DIidZ8Rg0Yc,1M,1000000,‏ rendering by me 🦋🫖 ‏Using @chaosgroup vantage and @autodesk 3dsmax . ‏#InteriorDesign #HomeDecor #ArchitectureLovers #InteriorInspiration #KitchenDe,https://www.instagram.com/reel/DIidZ8Rg0Yc/,https://www.instagram.com/popular/ai-interior-designer/,r1_10
ai-generated-house,1,howthingsarebuilld,DLhkdBcI08K,1.9M,1900000,Home design made with artificial intelligence👍 🎥 @viralworking,https://www.instagram.com/reel/DLhkdBcI08K/,https://www.instagram.com/popular/ai-generated-house/,r1_10
ai-generated-house,2,tinyhouse__inspiration,DKcCWFEt-R9,29.8K,29800,AI tiny house design! It's so cute! #tinyhouse,https://www.instagram.com/reel/DKcCWFEt-R9/,https://www.instagram.com/popular/ai-generated-house/,r1_10
ai-generated-house,3,elitebuildhq,Dbdx3LTORoR,539K,539000,I Built a Hidden Luxury Loft Behind a Waterfall | Ultimate Off-Grid AI Concept,https://www.instagram.com/reel/Dbdx3LTORoR/,https://www.instagram.com/popular/ai-generated-house/,r1_10
ai-generated-house,4,exploringdreamhomes,DUs3gdrjNog,556K,556000,Pretty cool 😃❤️,https://www.instagram.com/reel/DUs3gdrjNog/,https://www.instagram.com/popular/ai-generated-house/,r1_10
ai-generated-house,5,riyansyax,DUw8dHFEm78,"9,444",9444,"Dari tanah kosong, jadi rumah modern minimalis dalam hitungan detik. Konsepnya clean.",https://www.instagram.com/reel/DUw8dHFEm78/,https://www.instagram.com/popular/ai-generated-house/,r1_10
ai-generated-house,6,beautyofhouses,DHmwmwOsa-l,124K,124000,Tag someone who needs to see this! 😍 Thank you for following @BeautyOfHouses 🔑,https://www.instagram.com/reel/DHmwmwOsa-l/,https://www.instagram.com/popular/ai-generated-house/,r1_10
ai-generated-house,7,aka_projectuz,DTfMBpyCJgJ,1.3M,1300000,Project: cottage 17×10m #design #ai #exterior #animation #cottage,https://www.instagram.com/reel/DTfMBpyCJgJ/,https://www.instagram.com/popular/ai-generated-house/,r1_10
ai-generated-house,8,sunt_mrr,C_fqAjaMNIJ,5.4M,5400000,Musician Dream House . Collaboration @ti.fu & @sunt_mrr . . . . . . .,https://www.instagram.com/reel/C_fqAjaMNIJ/,https://www.instagram.com/popular/ai-generated-house/,r1_10
ai-generated-house,9,volcanicbuildx,DblfHgCMyGd,133K,133000,I Built a Secret House Inside a Giant Steel Sphere What if a giant steel sphere beca,https://www.instagram.com/reel/DblfHgCMyGd/,https://www.instagram.com/popular/ai-generated-house/,r1_10
ai-generated-house,10,naturesms_for_u,DJM1L1SyU0x,2.5M,2500000,🥀 Dream House 🏡 seems extremely beautiful ❤️ . . #art #love #home #photography,https://www.instagram.com/reel/DJM1L1SyU0x/,https://www.instagram.com/popular/ai-generated-house/,r1_10
ai-generated-house,11,exploringdreamhomes,DUWxMeTCn65,996K,996000,So beautiful ❤️😍,https://www.instagram.com/reel/DUWxMeTCn65/,https://www.instagram.com/popular/ai-generated-house/,r1_10
ai-generated-house,12,nature._.serenity,DTt-V7PEs2U,21.6K,21600,"Living the dream, one sunset at a time 🌄 #DreamHome #LuxuryLiving #BeautifulHom",https://www.instagram.com/reel/DTt-V7PEs2U/,https://www.instagram.com/popular/ai-generated-house/,r1_10
ai-house,1,tinyhouse__inspiration,DKcCWFEt-R9,29.8K,29800,AI tiny house design! It's so cute! #tinyhouse,https://www.instagram.com/reel/DKcCWFEt-R9/,https://www.instagram.com/popular/ai-house/,r1_10
ai-house,2,interior_home_design1,DLzbWRZuMf-,43.1K,43100,What are your thoughts about this design?🍃 by @zenform @interior_home_design1 #interiordesign #home #ai #house,https://www.instagram.com/reel/DLzbWRZuMf-/,https://www.instagram.com/popular/ai-house/,r1_10
ai-house,3,insmultiverse,DH72DzitksG,326K,326000,Which house would you pick to live in? . . . The vibe is limitless—unlock it now. . Follow @insmultiverse for more inspiration.,https://www.instagram.com/reel/DH72DzitksG/,https://www.instagram.com/popular/ai-house/,r1_10
ai-house,4,ai_dream_life_1,DcbVKNbMlwB,35K,35000,Ai dream house,https://www.instagram.com/reel/DcbVKNbMlwB/,https://www.instagram.com/popular/ai-house/,r1_10
ai-house,5,cozyzen.ai,DZ-SBx4ofXg,18.3K,18300,POV: Living in an AI Fantasy #luxurylifestyle #luxuryhomes #AI,https://www.instagram.com/reel/DZ-SBx4ofXg/,https://www.instagram.com/popular/ai-house/,r1_10
ai-house,6,_dreamworldai_,Dc7YAEmAxQz,87.6K,87600,Which cute animal house would you choose? 🥹🏡✨ 🐼 Panda | 🦌 Fawn | 🐨 Koala | 🐿️ Chipmunk | 🐭 Mouse | 🐰 Rabbit | 🐹 Hamster Drop your favorite,https://www.instagram.com/reel/Dc7YAEmAxQz/,https://www.instagram.com/popular/ai-house/,r1_10
ai-house,7,dream_homeworld,DcgvvVtPQwk,10K,10000,"🌸🏡 A dreamy pink-and-white cottage straight out of a fairytale! ✨ Step inside and discover a cozy interior filled with soft pink tones, floral details",https://www.instagram.com/reel/DcgvvVtPQwk/,https://www.instagram.com/popular/ai-house/,r1_10
ai-house,8,exploringdreamhomes,DUWxMeTCn65,996K,996000,So beautiful ❤️😍,https://www.instagram.com/reel/DUWxMeTCn65/,https://www.instagram.com/popular/ai-house/,r1_10
ai-house,9,purestvintage,DJXc1c4tMn1,200K,200000,Frutiger aqua interior 🐠💧 Would you live here ?✨ follow @purestvintage • • • #nostalgia #2010s #aesthetic #nostalgic #fyp #dreamcore #feverdream,https://www.instagram.com/reel/DJXc1c4tMn1/,https://www.instagram.com/popular/ai-house/,r1_10
ai-house,10,zayns.visual,DctIDQXTpdo,40.4K,40400,Choose your House 🏠 . #ai #aivideo #relax #explore #fyp,https://www.instagram.com/reel/DctIDQXTpdo/,https://www.instagram.com/popular/ai-house/,r1_10
ai-house,11,ai.perfect.world,C-3ddrhtTAT,"3,447",3447,Underwater house ✨ #ai #aiart #aiartcommunity #aiartwork #aihouse #interiordesign,https://www.instagram.com/reel/C-3ddrhtTAT/,https://www.instagram.com/popular/ai-house/,r1_10
ai-house,12,growverse3,DcPgxU6o79_,"5,041",5041,"A GIANT STRAWBERRY Turned Into a Luxury Dream House! 😱🍓🏡Imagine walking inside a giant strawberry… 🍓✨ Every wall, room & detail is made",https://www.instagram.com/reel/DcPgxU6o79_/,https://www.instagram.com/popular/ai-house/,r1_10
ai-home-design,1,airoomdesign,DQE0knck4Jj,11.9K,11900,I designed this entire room for $0 and I'm going to tell you exactly how 👀💰,https://www.instagram.com/reel/DQE0knck4Jj/,https://www.instagram.com/popular/ai-home-design/,r1_10
ai-home-design,2,lovedwellstudio,C20JhAHLOGJ,6.7M,6700000,Give me all the neutrals 🤩 AI Design by @lovedwellstudio #Moodboard #Interiordesigninspo,https://www.instagram.com/reel/C20JhAHLOGJ/,https://www.instagram.com/popular/ai-home-design/,r1_10
ai-home-design,3,terencesia,DV-2k_YkyS_,267K,267000,"You can do this too! Comment ""ai"" and I will send you the workflow!",https://www.instagram.com/reel/DV-2k_YkyS_/,https://www.instagram.com/popular/ai-home-design/,r1_10
ai-home-design,4,arch.interior.ai,DVzHqalFEO-,"5,133",5133,Pov: All you need is using Arch AI App for your home #livingroom #homedecor #interiordesign,https://www.instagram.com/reel/DVzHqalFEO-/,https://www.instagram.com/popular/ai-home-design/,r1_10
ai-home-design,5,homesketchai,DWub2ZtjbVO,10.6K,10600,"🏠 Decorating my first apartment using AI… and honestly, I'm never going back to the old way!",https://www.instagram.com/reel/DWub2ZtjbVO/,https://www.instagram.com/popular/ai-home-design/,r1_10
ai-home-design,6,howthingsarebuilld,DLhkdBcI08K,1.9M,1900000,Home design made with artificial intelligence👍 🎥 @viralworking,https://www.instagram.com/reel/DLhkdBcI08K/,https://www.instagram.com/popular/ai-home-design/,r1_10
ai-home-design,7,dshousetransformation,DSXf1Yzj91c,4.1M,4100000,From humble beginnings to a stunning modern sanctuary! ✨ Watch how AI transforms this Indian room,https://www.instagram.com/reel/DSXf1Yzj91c/,https://www.instagram.com/popular/ai-home-design/,r1_10
ai-home-design,8,alinarsenova,DUxO1KOjaWF,870K,870000,"Чтобы начать внедрять AI в свою работу, приходи на мой AI-интенсив. Подробности по ссылке в шапке",https://www.instagram.com/reel/DUxO1KOjaWF/,https://www.instagram.com/popular/ai-home-design/,r1_10
ai-home-design,9,homebyhyla,C25OoI1IRag,28.6M,28600000,"Projet L🍂 Une pièce, deux angles ✨ Designed by me @jb.interieurs",https://www.instagram.com/reel/C25OoI1IRag/,https://www.instagram.com/popular/ai-home-design/,r1_10
ai-home-design,10,architecturaai_,DUVBmy5DcTo,5.4M,5400000,"FREE EBOOK IN BIO⬆️ Learn to create AI interiors, home designs & prompts Join 13M+ viewers inspired",https://www.instagram.com/reel/DUVBmy5DcTo/,https://www.instagram.com/popular/ai-home-design/,r1_10
ai-home-design,11,mk.craft_house,DWbc3xADTyw,1.1M,1100000,This is how to design a modern living room,https://www.instagram.com/reel/DWbc3xADTyw/,https://www.instagram.com/popular/ai-home-design/,r1_10
ai-home-design,12,arihantpaintindustries,DT5VSJ0E4cf,48.9K,48900,1 Click = Perfect Home Design 🤖🏡 Mene AI ki madad se apne ghar ka design FREE me banaya,https://www.instagram.com/reel/DT5VSJ0E4cf/,https://www.instagram.com/popular/ai-home-design/,r1_10
ai-generated-architecture-designs,1,vkuoo,DYCXsDBs_Ya,552K,552000,🏗️✨ DESIGN 10 BUILDINGS IN 10 SECONDS? AI JUST REWROTE ARCHITECTURE. Same site. Infinite des,https://www.instagram.com/reel/DYCXsDBs_Ya/,https://www.instagram.com/popular/ai-generated-architecture-designs/,r1_10
ai-generated-architecture-designs,2,facade_designn,DT7J_-AgECB,825K,825000,"🌿Futuristic architecture redefining the skyline… ✨A perfect blend of innovative design, modern eng",https://www.instagram.com/reel/DT7J_-AgECB/,https://www.instagram.com/popular/ai-generated-architecture-designs/,r1_10
ai-generated-architecture-designs,3,architectcha,DXjfyJbCiue,71.8K,71800,Habitation Variation Mixed-use residential design proposal with commercial functions embedded. Des,https://www.instagram.com/reel/DXjfyJbCiue/,https://www.instagram.com/popular/ai-generated-architecture-designs/,r1_10
ai-generated-architecture-designs,4,creatoarquitectos,DZaAHDMRcrd,377K,377000,"From a simple sketch to a powerful vision. At Creato Architects, every great project begins with an",https://www.instagram.com/reel/DZaAHDMRcrd/,https://www.instagram.com/popular/ai-generated-architecture-designs/,r1_10
ai-generated-architecture-designs,5,archixpert,DTBLT2nCt-z,15.5K,15500,Ai Course launching soon 🔥 Stay tuned ✨ Comment AI to get the prompt in your DMs 📩 Prompt Used,https://www.instagram.com/reel/DTBLT2nCt-z/,https://www.instagram.com/popular/ai-generated-architecture-designs/,r1_10
ai-generated-architecture-designs,6,tiagosampaioz,DZnXt-pqVrT,"1,821",1821,From sketch to reality in seconds. ✏️ → 🏡 No complex workflows. No endless revisions. Just arc,https://www.instagram.com/reel/DZnXt-pqVrT/,https://www.instagram.com/popular/ai-generated-architecture-designs/,r1_10
ai-generated-architecture-designs,7,ioscapes,DMGOgrpNAHt,185K,185000,"The Rogue Noir Residence ""𝑬𝒍𝒆𝒈𝒂𝒏𝒄𝒆 𝑩𝒆𝒚𝒐𝒏𝒅 𝑮𝒆𝒐𝒎𝒆𝒕𝒓𝒚"" 𝐍𝐞𝐨𝐜𝐨𝐬𝐦𝐢𝐜 𝐀𝐫𝐜𝐡𝐢𝐭𝐞𝐜𝐭𝐮𝐫𝐞",https://www.instagram.com/reel/DMGOgrpNAHt/,https://www.instagram.com/popular/ai-generated-architecture-designs/,r1_10
ai-generated-architecture-designs,8,hosambaghdady,DXW0vIhiIhz,169K,169000,TIPS AI @hosambaghdady #ai #gemini #architecture #videoai #homedesign architecture veo3ai tip v,https://www.instagram.com/reel/DXW0vIhiIhz/,https://www.instagram.com/popular/ai-generated-architecture-designs/,r1_10
ai-generated-architecture-designs,9,designopolis_,DTF5iBuk774,45.7K,45700,AI for Architecture Workshop👇🏻 09th - 11th January (7:00 PM IST) Hosted by: Naman Mehta Archite,https://www.instagram.com/reel/DTF5iBuk774/,https://www.instagram.com/popular/ai-generated-architecture-designs/,r1_10
ai-generated-architecture-designs,10,howthingsarebuilld,DLhkdBcI08K,1.9M,1900000,Home design made with artificial intelligence👍 🎥 @viralworking,https://www.instagram.com/reel/DLhkdBcI08K/,https://www.instagram.com/popular/ai-generated-architecture-designs/,r1_10
ai-generated-architecture-designs,11,esoarch,DQgnqKljDY9,44.9K,44900,...work in progress... Follow us for more architecture: @esoarch •Turn on Post Notifications. •Tag us,https://www.instagram.com/reel/DQgnqKljDY9/,https://www.instagram.com/popular/ai-generated-architecture-designs/,r1_10
ai-generated-architecture-designs,12,ohneis652,DJCTsDzPJQ_,693K,693000,Most AI architecture looks like cheap 3D renders. Flat. Overpolished. Soulless. This? This feels l,https://www.instagram.com/reel/DJCTsDzPJQ_/,https://www.instagram.com/popular/ai-generated-architecture-designs/,r1_10
midjourney-architecture,1,mg.archy,DRE-JuNDsD8,293K,293000,✍🏻 Designed By: @Mg.Archy 🙏🏻 Thanks to: @studioedrisi & @Studio____ai 🪄 Ai conceptualized: #Midjourney 📃 Project Description: Each building feels like,https://www.instagram.com/reel/DRE-JuNDsD8/,https://www.instagram.com/popular/midjourney-architecture/,r1_10
midjourney-architecture,2,matitectura,DGvmymOMdST,1.7M,1700000,Ruins Reimagined OLD BUT NEW Bringing old ruins back to life with the help of AI. Using the latest AI tools to push the limits of contemporary design,https://www.instagram.com/reel/DGvmymOMdST/,https://www.instagram.com/popular/midjourney-architecture/,r1_10
midjourney-architecture,3,archibible,DJsJL2ysHBZ,446K,446000,Archwave . . Follow if you'd like to see more!👨🏻‍💻 Shop link in bio 🖼️ DM for commissions 📩 ——————————————————- Animations designed by @archibible usi,https://www.instagram.com/reel/DJsJL2ysHBZ/,https://www.instagram.com/popular/midjourney-architecture/,r1_10
midjourney-architecture,4,esoarch,DQgnqKljDY9,44.9K,44900,...work in progress... Follow us for more architecture: @esoarch •Turn on Post Notifications. •Tag us #ESoArch #newproject #Architecture #midjourney #,https://www.instagram.com/reel/DQgnqKljDY9/,https://www.instagram.com/popular/midjourney-architecture/,r1_10
midjourney-architecture,5,design.input,Cwxf5cmsoSX,900K,900000,"Comment ""timber"" to learn how 👉🏻 Alterations - 01 Creating versions of similar design concepts in context using inpainting. #aiarchitecture #aiart #ai",https://www.instagram.com/reel/Cwxf5cmsoSX/,https://www.instagram.com/popular/midjourney-architecture/,r1_10
midjourney-architecture,6,vkuoo,DT2fx5RE9eU,163K,163000,🏗️✨ DESIGN 10 BUILDINGS IN 10 SECONDS? AI JUST REWROTE ARCHITECTURE. Same site. Infinite designs — all AI-generated. See the algorithm go wild 👇 Wait,https://www.instagram.com/reel/DT2fx5RE9eU/,https://www.instagram.com/popular/midjourney-architecture/,r1_10
midjourney-architecture,7,architectcha,DOyEtwSCgd1,969K,969000,Machinic Tower Variation 9 A simulated construction of robotics and AI-integrated architecture. Designed by a human architect and AI. Author: @archite,https://www.instagram.com/reel/DOyEtwSCgd1/,https://www.instagram.com/popular/midjourney-architecture/,r1_10
midjourney-architecture,8,theimagehs,DNisARex_K2,5.6M,5600000,"Unlikely future part 3 Tools; @midjourney, @magnific_ai, @hailuoai_official, @topazlabs #freepikai #freepik #scifi #midjourneyart #midjourney #space #",https://www.instagram.com/reel/DNisARex_K2/,https://www.instagram.com/popular/midjourney-architecture/,r1_10
midjourney-architecture,9,ioscapes,DIJuOLftp2z,381K,381000,"The Finned Rift ""𝑬𝒍𝒆𝒈𝒂𝒏𝒄𝒆 𝑩𝒆𝒚𝒐𝒏𝒅 𝑮𝒆𝒐𝒎𝒆𝒕𝒓𝒚"" 𝐍𝐞𝐨𝐜𝐨𝐬𝐦𝐢𝐜 𝐀𝐫𝐜𝐡𝐢𝐭𝐞𝐜𝐭𝐮𝐫𝐞 𝐕𝐢𝐬𝐢𝐨𝐧 𝟐𝟎𝟓𝟎 𝐒𝐞𝐫𝐢𝐞𝐬 #architecture #design #interiordesign #luxury #lake #lifestyle #l",https://www.instagram.com/reel/DIJuOLftp2z/,https://www.instagram.com/popular/midjourney-architecture/,r1_10
midjourney-architecture,10,archibible,DLI3AbXsnNC,14.3M,14300000,Alpine Future . . Follow if you'd like to see more!👨🏻‍💻 Shop link in bio 🖼️ DM for commissions 📩 ——————————————————- Animations designed by @archibibl,https://www.instagram.com/reel/DLI3AbXsnNC/,https://www.instagram.com/popular/midjourney-architecture/,r1_10
midjourney-architecture,11,parametric.architecture,DXeUgZ-DA9T,119K,119000,🚨Haven't you registered yet? Join us this weekend at the Generative Architectural Thinking with Midjourney workshop to learn using Midjourney as a gen,https://www.instagram.com/reel/DXeUgZ-DA9T/,https://www.instagram.com/popular/midjourney-architecture/,r1_10
midjourney-architecture,12,ai.metaverse.cr,DLQsbsRscfx,133K,133000,"Future Cities Sketches 2.0 - AIMETA Studio exploring configurations and storytelling for future cities. Created using Midjourney 7.0 © 2022-2025, Rola",https://www.instagram.com/reel/DLQsbsRscfx/,https://www.instagram.com/popular/midjourney-architecture/,r1_10
ai-render,1,ilham_desainrumah,DTIPWpiiQQQ,267K,267000,"3D Rendering is now easier with AI. No complex settings, no long waiting time—realistic visuals in minutes.",https://www.instagram.com/reel/DTIPWpiiQQQ/,https://www.instagram.com/popular/ai-render/,r1_10
ai-render,2,rendair.ai,DM7kNwKB-QA,556K,556000,Comment 'interested' to get the full tutorial 👇 All-in-one rendering platform for architects and designer,https://www.instagram.com/reel/DM7kNwKB-QA/,https://www.instagram.com/popular/ai-render/,r1_10
ai-render,3,enrriquesdesign,DU9MngDji8m,35.5K,35500,Você acredita que esse render super realista foi criado com IA a partir de um simples print do SketchUp?,https://www.instagram.com/reel/DU9MngDji8m/,https://www.instagram.com/popular/ai-render/,r1_10
ai-render,4,montani3d,DULe4AKkfl7,499K,499000,Comente WORKSHOP 👇 E aprenda a transformar os seus renders em vídeos incríveis como esse usando apenas IA.,https://www.instagram.com/reel/DULe4AKkfl7/,https://www.instagram.com/popular/ai-render/,r1_10
ai-render,5,richmeetings.ai,DVI3nMmEwWZ,"6,225",6225,"Follow & Comment 'PROMPT' to get it in your DM AI generated, 3d render, floor plan to 3D, 3d effect",https://www.instagram.com/reel/DVI3nMmEwWZ/,https://www.instagram.com/popular/ai-render/,r1_10
ai-render,6,predmet_ai,DNEAJl7TQ8U,9.9M,9900000,Feel the Vibe ✨ Prompts & Art: @predmet_ai Made by Midjourney • AE • Kling AI #future #city #fl,https://www.instagram.com/reel/DNEAJl7TQ8U/,https://www.instagram.com/popular/ai-render/,r1_10
ai-render,7,anderalencar,C3oA_JwrmWi,526K,526000,"Olha só que legal! Essa animação que você está vendo, eu criei usando Inteligência Artificial + Render no 3DsMax",https://www.instagram.com/reel/C3oA_JwrmWi/,https://www.instagram.com/popular/ai-render/,r1_10
ai-render,8,adrian_thearchitect,DXcHeL0sMhu,"1,352",1352,From a simple 3D model to cinematic animations in seconds. The results are honestly not what I expected.,https://www.instagram.com/reel/DXcHeL0sMhu/,https://www.instagram.com/popular/ai-render/,r1_10
ai-render,9,ant.archviz,DKUtUceS7XW,329K,329000,"Not today, ChatGPT! 😂 I think render artists still got the sauce. 🔥 Can AI really replace human creativity in 3D",https://www.instagram.com/reel/DKUtUceS7XW/,https://www.instagram.com/popular/ai-render/,r1_10
ai-render,10,autorender.ai,DW7GrbtgSlr,112K,112000,"Comment ""WOW"" For Prompts ⬇️ Creating insane animations like this is simple with @autorender.ai . 1️⃣ Create Images",https://www.instagram.com/reel/DW7GrbtgSlr/,https://www.instagram.com/popular/ai-render/,r1_10
ai-render,11,lana7amdan,DTngd3xDFhQ,61.3K,61300,⚡️ آخر أعمالي بـ Ai ،، من صورة وحدة قادرين نعمل workflow كامل بهالطريقة 🔥 علّق بـ Ai,https://www.instagram.com/reel/DTngd3xDFhQ/,https://www.instagram.com/popular/ai-render/,r1_10
ai-render,12,architects_need,DWwhndMiBi0,167K,167000,"Create ultra-realistic renders and cinematic walkthrough videos in seconds with @vibe3d.ai — no complex setup, no",https://www.instagram.com/reel/DWwhndMiBi0/,https://www.instagram.com/popular/ai-render/,r1_10
ai-interior,1,roomvibes01,DQCbfH-CF-k,10.6K,10600,AI cozy bedroom + rain outside 🌧️☕#roomvibes01 #AICozyRoom #SnowfallVibes #WinterAesthetic #AIArt #CozyWinter #SnowyRoom #AI,https://www.instagram.com/reel/DQCbfH-CF-k/,https://www.instagram.com/popular/ai-interior/,r1_10
ai-interior,2,interior_home_design1,DDPTr1JRD-S,72.1K,72100,Euphoria Drips from Every Raindrop in this Bedroom By: @cozyzen.ai @interior_home_design1 #cozybedroom #rainyday #interiordesign #home,https://www.instagram.com/reel/DDPTr1JRD-S/,https://www.instagram.com/popular/ai-interior/,r1_10
ai-interior,3,dreamespaceai,DUA_NZ7D18W,18.1K,18100,🏙️ Luxury meets AI imagination 🤖✨ Step into spaces that redefine the future of living 💎 From modern penthouses to digital masterpieces — we create dre,https://www.instagram.com/reel/DUA_NZ7D18W/,https://www.instagram.com/popular/ai-interior/,r1_10
ai-interior,4,journey.to_serenity,DCZpxj-t48e,467K,467000,Dream Home with AI and Romantic Vibes in the Snow ❄️❤️ #RomanticVibes #RomanticHome #WarmAndRomantic #AIHome #RomanticDesign #WinterRomance #PeaceAndR,https://www.instagram.com/reel/DCZpxj-t48e/,https://www.instagram.com/popular/ai-interior/,r1_10
ai-interior,5,luxurysevenstars,C0uIf5hNcuv,21.4K,21400,Elegance and coziness. What an unreal atmosphere ❄️ @siyad_abdali with AI . . . . #atmosphere #winter #snow #relax #peace #cozy #coziness #elegance #h,https://www.instagram.com/reel/C0uIf5hNcuv/,https://www.instagram.com/popular/ai-interior/,r1_10
ai-interior,6,interiordesign.addicts,DGqE61PqbSD,59.1K,59100,What would you do here?😍 🎥: @soothenests #interiordesignaddicts • #architecture #design #homedesign #interior #interiordesign #ai #artificialintellige,https://www.instagram.com/reel/DGqE61PqbSD/,https://www.instagram.com/popular/ai-interior/,r1_10
ai-interior,7,housebeyondthe,DTuHM0wEt2a,211K,211000,Living Room Floor Design #ai #design #home #house #shorts,https://www.instagram.com/reel/DTuHM0wEt2a/,https://www.instagram.com/popular/ai-interior/,r1_10
ai-interior,8,homedecorai_07,DWT4OxADysG,279,279,AI Home decor design. .. Respect real creator ♥️ #ai #homedesign #homedecor #viralreels,https://www.instagram.com/reel/DWT4OxADysG/,https://www.instagram.com/popular/ai-interior/,r1_10
ai-interior,9,natureaipedia,DUTOCe9AYAq,"5,731",5731,"""If peace was a place, would it look like this? 🕊️"" Description: Created by AI, designed for the soul. 👇 Is this your version of peace?",https://www.instagram.com/reel/DUTOCe9AYAq/,https://www.instagram.com/popular/ai-interior/,r1_10
ai-interior,10,homebyhyla,C25OoI1IRag,28.6M,28600000,"Projet L🍂 . Une pièce, deux angles ✨ . Designed by me @jb.interieurs . #interiordesign #interior #render #render3d #rendering #rendering3d #livingroom",https://www.instagram.com/reel/C25OoI1IRag/,https://www.instagram.com/popular/ai-interior/,r1_10
ai-interior,11,ghazale_siami,DExUPqcsNfS,5.3M,5300000,. Living room design Design&Visualization: @ghazale_siami 3dsmax _Coronarender . #livingroom #interiordesign #visualization #interiordesign #archidail,https://www.instagram.com/reel/DExUPqcsNfS/,https://www.instagram.com/popular/ai-interior/,r1_10
ai-interior,12,prinzessavideo_ai,DSIaDRLjGMU,3.3M,3300000,AI-Ремонт | Зал — вариант №1 Тестирую AI-workflow по визуализации интерьеров: 1 фото → план → ремонт → визуализация → апскейл. В этом видео — первый в,https://www.instagram.com/reel/DSIaDRLjGMU/,https://www.instagram.com/popular/ai-interior/,r1_10
ai-art,1,astralgate.ai,DaTa_zMs6HT,4.1M,4100000,Follow for more !? Created by @openart_ai #aiart #aiartwork #openart,https://www.instagram.com/reel/DaTa_zMs6HT/,https://www.instagram.com/popular/ai-art/,r1_10
ai-art,2,aniframe_art,Db_AIx6sUzt,104K,104000,"Looking up, letting go, and watching possibilities.☁️ . . Created using: @polloaiofficial",https://www.instagram.com/reel/Db_AIx6sUzt/,https://www.instagram.com/popular/ai-art/,r1_10
ai-art,3,astralgate.ai,DYqREeGMcMB,23.7K,23700,Follow for more ! Created on @openart_ai #aiart #aiartwork #openart,https://www.instagram.com/reel/DYqREeGMcMB/,https://www.instagram.com/popular/ai-art/,r1_10
ai-art,4,kratosdigitalarts,DaM-d0KTKUQ,17.1M,17100000,Made with PicsArt 🤍✨ Create Using - @picsart Oggy and the Cockroaches peacefully sleep,https://www.instagram.com/reel/DaM-d0KTKUQ/,https://www.instagram.com/popular/ai-art/,r1_10
ai-art,5,cyborg.digitalart,DcMYWKBzVS5,2M,2000000,Infinite peace part 18 🌊 This video is made with @openart_ai @madewithopenart HD live Wallpaper,https://www.instagram.com/reel/DcMYWKBzVS5/,https://www.instagram.com/popular/ai-art/,r1_10
ai-art,6,thedollstudio2026,Db8kR7oBrt3,825K,825000,Open hairs looks cute… 😍But after 5 min patience has run out😂🎀 #trend #aiartwork,https://www.instagram.com/reel/Db8kR7oBrt3/,https://www.instagram.com/popular/ai-art/,r1_10
ai-art,7,cyborg.digitalart,DczE1XUTIrH,192K,192000,Infinite ocean ❤️ This video is made with @openart_ai @madewithopenart HD live Wallpaper link,https://www.instagram.com/reel/DczE1XUTIrH/,https://www.instagram.com/popular/ai-art/,r1_10
ai-art,8,polliviva,Daa8AwIMNMt,97.2M,97200000,У кого так же 😄 Видео сделано в syntx @syntx_creators #ии #al #нейросеть #cartoon,https://www.instagram.com/reel/Daa8AwIMNMt/,https://www.instagram.com/popular/ai-art/,r1_10
ai-art,9,roisai_ai,DcgGN_oyCSu,61.6K,61600,A little moment that feels too beautiful to be real... Ai Art | Concept | Visual by @roisai_ai,https://www.instagram.com/reel/DcgGN_oyCSu/,https://www.instagram.com/popular/ai-art/,r1_10
ai-art,10,goated_arts,DX9lucizeV0,3.3M,3300000,"LUFFY 🏴‍☠️ . . Created with @openart_ai . . ▫️𝑳𝒊𝒌𝒆, 𝑺𝒉𝒂𝒓𝒆 & 𝑺𝒂𝒗𝒆! 🔥",https://www.instagram.com/reel/DX9lucizeV0/,https://www.instagram.com/popular/ai-art/,r1_10
ai-art,11,idkwip_hiii,DNCV78sILmt,4.4M,4400000,why is pinterest full of ai slop💔 Dont usually write stuff here but why nobody is talking about,https://www.instagram.com/reel/DNCV78sILmt/,https://www.instagram.com/popular/ai-art/,r1_10
ai-art,12,ai.poly_,DYoyUS9NlAr,147M,147000000,Сейчас ещё чуть-чуть подравняю 🥲 #ии #aivideo #aiart #ai #нейросети,https://www.instagram.com/reel/DYoyUS9NlAr/,https://www.instagram.com/popular/ai-art/,r1_10
dream-life,1,iselin.travel,DWY6mpHggdg,893K,893000,with a sunset and your favorite person ❤️ #sunset #islandlife #tropicalparadise #endoftheday #dreamlife,https://www.instagram.com/reel/DWY6mpHggdg/,https://www.instagram.com/popular/dream-life/,r1_11
dream-life,2,theamethyyst,Cv4GrAvpVuZ,710K,710000,Dream life 🖤 . . Follow @theamethyyst for more posts. . . . . . #dreamlife#success#selfmotivation#passion#reels#reelsinstagram#selflove#asethetic#expl,https://www.instagram.com/reel/Cv4GrAvpVuZ/,https://www.instagram.com/popular/dream-life/,r1_11
dream-life,3,baddieinbiz,DWB3XE6jZ1A,1M,1000000,"Afternoons at Home 🏡🌷✨💻 I'm a girl in her 20s, semi-retired, house paid off, living a life of freedom. I literally started from 0.",https://www.instagram.com/reel/DWB3XE6jZ1A/,https://www.instagram.com/popular/dream-life/,r1_11
dream-life,4,_your_sumu_10,DX8XG7xyoAr,92,92,Dream life >>😭🫶🏻✨ . . . . . #1mviews❤️ #dreamlife #followforfollowback #js❤️‍🩹🥀,https://www.instagram.com/reel/DX8XG7xyoAr/,https://www.instagram.com/popular/dream-life/,r1_11
dream-life,5,11.asiya.11,DRj3cZ3jQj7,6.9M,6900000,Добро пожаловать ко мне в блог 🌸 Подпишись 🥹🤌🏼 @11.asiya.11,https://www.instagram.com/reel/DRj3cZ3jQj7/,https://www.instagram.com/popular/dream-life/,r1_11
dream-life,6,mindset.therapy,DULjHg8jt-d,669K,669000,"Dreams don't become real by chance. They're built through discipline, shaped by routine, strengthened by learning, pushed forward by action, and susta",https://www.instagram.com/reel/DULjHg8jt-d/,https://www.instagram.com/popular/dream-life/,r1_11
dream-life,7,thegoatmusics,DSocrpKD0jF,1.6M,1600000,"my dreams, will it come true? #music #spotify #playlist #lonely #song",https://www.instagram.com/reel/DSocrpKD0jF/,https://www.instagram.com/popular/dream-life/,r1_11
dream-life,8,mr_relatable_33,DXZKeo2Cn8t,92,92,Manifesting for this dream 🌻✨⭐#dreamline,https://www.instagram.com/reel/DXZKeo2Cn8t/,https://www.instagram.com/popular/dream-life/,r1_11
dream-life,9,think.millionaire02,C7LKdlfyaHs,2.5M,2500000,Dream 😍@think.millionaire02,https://www.instagram.com/reel/C7LKdlfyaHs/,https://www.instagram.com/popular/dream-life/,r1_11
dream-life,10,spring_floryn,DNxwtDo5FWE,242K,242000,The life I want 😌 #viral #instagram #trending #explore #reels #ａｅｓｔｈｅｔｉｃ #popular #aestheticedits #fyp #life #peace,https://www.instagram.com/reel/DNxwtDo5FWE/,https://www.instagram.com/popular/dream-life/,r1_11
dream-life,11,bynayma,DHOHrGmIr2S,2.3M,2300000,"✨The Blueprint to Your Dream Life ✨ Most people don't live their dream life not because it's impossible, but because they don't have a clear plan.",https://www.instagram.com/reel/DHOHrGmIr2S/,https://www.instagram.com/popular/dream-life/,r1_11
dream-life,12,alexcentomo,DUd6WQ8Eetx,1.6M,1600000,"This with my husband and two kids, an endless supply of books, and my dogs 🕯️📜✨ Hotel: @maisonrosehudson Dress: @rumored_",https://www.instagram.com/reel/DUd6WQ8Eetx/,https://www.instagram.com/popular/dream-life/,r1_11
luxury-lifestyle,1,richbynature09,DR94Qu_ktrH,1.9M,1900000,M O N E Y 🤑 . . . …..#luxury #luxurylifestyle #LuxuryNYC #LuxuryUSA #wealth • luxury lifestyle • luxury cars,https://www.instagram.com/reel/DR94Qu_ktrH/,https://www.instagram.com/popular/luxury-lifestyle/,r1_11
luxury-lifestyle,2,millionairemotives2025,DQrx7AsE3cC,91.2K,91200,Us in 2029! 💸🖤 || Follow for more! . . . #luxury #luxurylifestyle #europeanstyle #parisinsta #wealth #highendliving #modernlux,https://www.instagram.com/reel/DQrx7AsE3cC/,https://www.instagram.com/popular/luxury-lifestyle/,r1_11
luxury-lifestyle,3,luxvelosity,DZXl1qqsDHl,430K,430000,The dream lifestyle.🫀💸 - #luxury #lifestyle #luxurylifestyle #luxurycars #money,https://www.instagram.com/reel/DZXl1qqsDHl/,https://www.instagram.com/popular/luxury-lifestyle/,r1_11
luxury-lifestyle,4,millionaire1ife,DLAjTvmIRre,4.1M,4100000,Your life in 3 years 😎 #motivation #luxury #luxurylifestyle #rich #millionaire,https://www.instagram.com/reel/DLAjTvmIRre/,https://www.instagram.com/popular/luxury-lifestyle/,r1_11
luxury-lifestyle,5,7figurelives,DS06JVuCDhd,366K,366000,Rich Lifestyle 💸💫 - Link in Bio ‼️- #millionairemindset #millionaire #7FL #luxury #wealthylifestyle,https://www.instagram.com/reel/DS06JVuCDhd/,https://www.instagram.com/popular/luxury-lifestyle/,r1_11
luxury-lifestyle,6,lavishsocietie,DS2t7OKk2Jk,1M,1000000,This lifestyle 🥂 - #luxury #motivation #trendingreels #millionaire #richmindset,https://www.instagram.com/reel/DS2t7OKk2Jk/,https://www.instagram.com/popular/luxury-lifestyle/,r1_11
luxury-lifestyle,7,richbynature09,DSaUu_iEotk,370K,370000,FUTURE LIFE⬇️ - - Follow @luxiciety to become a millionaire ✨️ - - #luxurylifestyle #money #millionaire #mindset #futureli,https://www.instagram.com/reel/DSaUu_iEotk/,https://www.instagram.com/popular/luxury-lifestyle/,r1_11
luxury-lifestyle,8,richbynature09,DT-rGmQErKI,15.5K,15500,MILLIONAIRE ⬇️ - - Follow @luxiciety to become a millionaire ✨️ - - #luxurylifestyle #money #millionaire #mindset #success,https://www.instagram.com/reel/DT-rGmQErKI/,https://www.instagram.com/popular/luxury-lifestyle/,r1_11
luxury-lifestyle,9,heritageclass,DcwpCOCCLF_,501K,501000,The lifestyle I'm building✨,https://www.instagram.com/reel/DcwpCOCCLF_/,https://www.instagram.com/popular/luxury-lifestyle/,r1_11
luxury-lifestyle,10,valroyco,DUjrP7lkzqj,1.1M,1100000,Rich Class⚜️ Are you ready to level up !!? ♨️ Follow and manifest now @valroyco #discipline #luxurylifestyle #oldmone,https://www.instagram.com/reel/DUjrP7lkzqj/,https://www.instagram.com/popular/luxury-lifestyle/,r1_11
luxury-lifestyle,11,wifizei,DDnJ5x6tfYm,8.6M,8600000,Future Life 🫀💸 #luxury #success #wealth #rich,https://www.instagram.com/reel/DDnJ5x6tfYm/,https://www.instagram.com/popular/luxury-lifestyle/,r1_11
luxury-lifestyle,12,clasycore,DMBIBN8yRl4,20.9K,20900,"Luxury isn't a look, it's a lifestyle. - #oldmoney #luxurylifestyle #luxury #clasycore #lifestyle #oldmoneylife",https://www.instagram.com/reel/DMBIBN8yRl4/,https://www.instagram.com/popular/luxury-lifestyle/,r1_11
luxury-life,1,richbynature09,DR94Qu_ktrH,1.9M,1900000,M O N E Y 🤑 . . . …..#luxury #luxurylifestyle #LuxuryNYC #LuxuryUSA #wealth • luxury lifes,https://www.instagram.com/reel/DR94Qu_ktrH/,https://www.instagram.com/popular/luxury-life/,r1_11
luxury-life,2,oldmoneyflexx,DOoI1z3D_72,12.8K,12800,Luxury life soon ✨️ _ Follow @oldmoneyflexx if you are money-minded . If your any clip in my video,https://www.instagram.com/reel/DOoI1z3D_72/,https://www.instagram.com/popular/luxury-life/,r1_11
luxury-life,3,dsmt.raw,DMfuGX4zjAd,12.9K,12900,RICH LIFE. 🥂 Join the elite - more luxury success drops daily. @ceoclassy. – #oldmoney #mediterranean #dreamlife #o,https://www.instagram.com/reel/DMfuGX4zjAd/,https://www.instagram.com/popular/luxury-life/,r1_11
luxury-life,4,heritageclass,DPO-xwRkxii,108K,108000,"The luxury life✨ If any of your clip is present in the video, DM FOR CREDITS. #motivation #wealth #wealth #mo",https://www.instagram.com/reel/DPO-xwRkxii/,https://www.instagram.com/popular/luxury-life/,r1_11
luxury-life,5,luxuife,DX4Z0V9IDGC,44.8K,44800,From Zero to Unstoppable. 🚀 #luxury #rich #motivation #billionairelifestyle #fyp,https://www.instagram.com/reel/DX4Z0V9IDGC/,https://www.instagram.com/popular/luxury-life/,r1_11
luxury-life,6,thebestmotivation.1x,DPKD_WliaQF,269K,269000,Dream life 💫#wifimoney #rich #luxurylifestyle #mindset #millionaire #success,https://www.instagram.com/reel/DPKD_WliaQF/,https://www.instagram.com/popular/luxury-life/,r1_11
luxury-life,7,lavishsocietie,DS2t7OKk2Jk,1M,1000000,This lifestyle 🥂 - #luxury #motivation #trendingreels #millionaire #richmindset,https://www.instagram.com/reel/DS2t7OKk2Jk/,https://www.instagram.com/popular/luxury-life/,r1_11
luxury-life,8,luxurdream,DQppv9NDMaz,202K,202000,The life I'm chasing 🫀 #motiation #luxury #achieve #financialfreedom #manifest #luxurycars #travel #lifestyle,https://www.instagram.com/reel/DQppv9NDMaz/,https://www.instagram.com/popular/luxury-life/,r1_11
luxury-life,9,richbynature09,DSaUu_iEotk,370K,370000,FUTURE LIFE⬇️ - - Follow @luxiciety to become a millionaire ✨️ - - #luxurylifestyle #money #millionaire #mindset,https://www.instagram.com/reel/DSaUu_iEotk/,https://www.instagram.com/popular/luxury-life/,r1_11
luxury-life,10,millionaire.vibes__,DEXdiSOCLz0,2.1M,2100000,"Power, money, respect – the ultimate mafia trifecta. Are you ready to level up?🏆 First Rolls-Royce Clip by @plat",https://www.instagram.com/reel/DEXdiSOCLz0/,https://www.instagram.com/popular/luxury-life/,r1_11
luxury-life,11,wifizei,DDnJ5x6tfYm,8.6M,8600000,Future Life 🫀💸 #luxury #success #wealth #rich,https://www.instagram.com/reel/DDnJ5x6tfYm/,https://www.instagram.com/popular/luxury-life/,r1_11
luxury-life,12,7figurelives,DS06JVuCDhd,366K,366000,Rich Lifestyle 💸💫 - Link in Bio ‼️- #millionairemindset #millionaire #7FL #luxury #wealthylifestyle,https://www.instagram.com/reel/DS06JVuCDhd/,https://www.instagram.com/popular/luxury-life/,r1_11
dream-room,1,divaa.finds,DVKk1NDCOjL,365K,365000,"Every girl's dream 💗🛏️✨ A room that feels soft, cozy, and a little magical where everything is pink",https://www.instagram.com/reel/DVKk1NDCOjL/,https://www.instagram.com/popular/dream-room/,r1_11
dream-room,2,annaschottin,DAwA66gvmbH,2.3M,2300000,Turned it into my dream room ✨,https://www.instagram.com/reel/DAwA66gvmbH/,https://www.instagram.com/popular/dream-room/,r1_11
dream-room,3,zainabkxn_,DU9hBiiCNsb,1M,1000000,#trendingreels #explorepage #trending #DreamRoom #RoomGoals,https://www.instagram.com/reel/DU9hBiiCNsb/,https://www.instagram.com/popular/dream-room/,r1_11
dream-room,4,_jeni__va,DVOqMmzCRgK,10.3M,10300000,"My simple room without new bed and furniture, (wardrobe) 🩵🥺🌷",https://www.instagram.com/reel/DVOqMmzCRgK/,https://www.instagram.com/popular/dream-room/,r1_11
dream-room,5,perfect_decorss,DBZX__hhcX-,20.1K,20100,Dreams rooms... . . . . . . . .. #usa #lightdesign #lightdecor #lighting #lightingdesign,https://www.instagram.com/reel/DBZX__hhcX-/,https://www.instagram.com/popular/dream-room/,r1_11
dream-room,6,hidayabll,DLflEaZI6cs,5.2M,5200000,My new room 💓🌸🌷🤍🫧 #roomdecor #roomtour #room,https://www.instagram.com/reel/DLflEaZI6cs/,https://www.instagram.com/popular/dream-room/,r1_11
dream-room,7,insmultiverse,DLJtY_mt3sV,318K,318000,Which bedroom would you pick to nap in? . . . The vibe is limitless—unlock it now.,https://www.instagram.com/reel/DLJtY_mt3sV/,https://www.instagram.com/popular/dream-room/,r1_11
dream-room,8,ell.glamhome,DUbXaywiEol,8.2M,8200000,When 🦋 meet 🌸 #bedroom #bedroomideas #bedroomdesign There is a tiny line between dreams and reallity,https://www.instagram.com/reel/DUbXaywiEol/,https://www.instagram.com/popular/dream-room/,r1_11
dream-room,9,hazel._finds,DB4bqAzI9LB,19K,19000,"I just revamped my room with a few cozy pieces, and I'm obsessed with the new vibe!💗 Here's what I added:",https://www.instagram.com/reel/DB4bqAzI9LB/,https://www.instagram.com/popular/dream-room/,r1_11
dream-room,10,mycozeebed,DOzY_vLgA0U,4.7M,4700000,Behind the aesthetics of this room many problems fit in renov-skrg 🥺🙏 #roomtour #cozy #room,https://www.instagram.com/reel/DOzY_vLgA0U/,https://www.instagram.com/popular/dream-room/,r1_11
dream-room,11,siyad_abdali,C_Pf1dboaeJ,282M,282000000,NA,https://www.instagram.com/reel/C_Pf1dboaeJ/,https://www.instagram.com/popular/dream-room/,r1_11
dream-room,12,almostlove21,DVAOBuiEjci,7.3M,7300000,My cozy room 😍 . #aestheticroom #roomtour #cozyroom,https://www.instagram.com/reel/DVAOBuiEjci/,https://www.instagram.com/popular/dream-room/,r1_11
impossible-architecture,1,_m2viz_,DVGw1ZqklFn,676,676,144 years later... the impossible is finally finished. ⛪️🇪🇸 Antoni Gaudí's Sagrada Família is arguably,https://www.instagram.com/reel/DVGw1ZqklFn/,https://www.instagram.com/popular/impossible-architecture/,r1_11
impossible-architecture,2,architecturenow,DVKNjNbDwSE,74.8K,74800,"➕ More than 140 years after construction began, Gaudí's unfinished masterpiece has reached a historic",https://www.instagram.com/reel/DVKNjNbDwSE/,https://www.instagram.com/popular/impossible-architecture/,r1_11
impossible-architecture,3,the_reflective_architecture,DVJ3GMwjg3G,150,150,"@basilicasagradafamilia..After more than 140 years of construction, the moment the world has been waiting for",https://www.instagram.com/reel/DVJ3GMwjg3G/,https://www.instagram.com/popular/impossible-architecture/,r1_11
impossible-architecture,4,parametric.architecture,DVGmQsWjDwh,176K,176000,📌The Sagrada Família reaches its highest point with the placement of the upper arm of the cross,https://www.instagram.com/reel/DVGmQsWjDwh/,https://www.instagram.com/popular/impossible-architecture/,r1_11
impossible-architecture,5,architecturelist,DUyGa-sFLaT,297,297,"In Barcelona, architecture began to breathe. 🌿 Antoni Gaudí designed not with rulers, but with nature",https://www.instagram.com/reel/DUyGa-sFLaT/,https://www.instagram.com/popular/impossible-architecture/,r1_11
impossible-architecture,6,the_reflective_architecture,DVQePUfDx6i,13,13,"After the devastation of the Spanish Civil War, when parts of the original plans and models of Sagrada",https://www.instagram.com/reel/DVQePUfDx6i/,https://www.instagram.com/popular/impossible-architecture/,r1_11
impossible-architecture,7,barcelonart_of_travel,DU-pKIIDKcX,"1,702",1702,"A once-in-a-lifetime moment in Barcelona. Today, the cross is being placed atop the Tower of Jesus Christ",https://www.instagram.com/reel/DU-pKIIDKcX/,https://www.instagram.com/popular/impossible-architecture/,r1_11
impossible-architecture,8,theusarmenians,DVMYcFNAARF,20.5K,20500,"After more than a century of work, Barcelona's iconic Sagrada Família basilica has now reached its maximum",https://www.instagram.com/reel/DVMYcFNAARF/,https://www.instagram.com/popular/impossible-architecture/,r1_11
impossible-architecture,9,amirsaeedvadie,DQqkiEPjJzF,433K,433000,Sagrada Familia | Then and Now | 1882 vs 2025 🇪🇸🦅 144 years in the making and still unfinished. The S,https://www.instagram.com/reel/DQqkiEPjJzF/,https://www.instagram.com/popular/impossible-architecture/,r1_11
impossible-architecture,10,weaving_the_sacred,DU6R0dJia7u,173,173,Such a joy to see the interior of Sagrada Familia basilica at last! It was closed to visitors the last,https://www.instagram.com/reel/DU6R0dJia7u/,https://www.instagram.com/popular/impossible-architecture/,r1_11
impossible-architecture,11,silver_moon8,DVElIfMAJbK,38,38,Obra mestra #SagradaFamilia #Barcelona #Gaudi #VisitBarcelona #SagradaFamilia2026 #GaudiCentenary #Archit,https://www.instagram.com/reel/DVElIfMAJbK/,https://www.instagram.com/popular/impossible-architecture/,r1_11
impossible-architecture,12,arch_blend07,DVG6EWejfvo,226,226,"144 years in the making🏗️✨ ​For over a century, La Sagrada Família has been defined by its cranes and s",https://www.instagram.com/reel/DVG6EWejfvo/,https://www.instagram.com/popular/impossible-architecture/,r1_11
surreal-architecture,1,adriana.lopez.arq,CmwqvWKh6CU,"3,876",3876,"• Surreal Architecture - Part II ""Illusion"" • #architecture #design #interior",https://www.instagram.com/reel/CmwqvWKh6CU/,https://www.instagram.com/popular/surreal-architecture/,r1_11
surreal-architecture,2,ziedan_architectural_design,CpNPaL-K_K2,"1,951",1951,surreal architecture . . . .#architecture #design #architect #newdesign #3d,https://www.instagram.com/reel/CpNPaL-K_K2/,https://www.instagram.com/popular/surreal-architecture/,r1_11
surreal-architecture,3,dreamfibre,DGGlZiZTHKM,31.9K,31900,Ｌｏｓｔ Ａｔｒｉｕｍ． #UE5 #poolrooms #brutalism #vaporwave #liminalspaces,https://www.instagram.com/reel/DGGlZiZTHKM/,https://www.instagram.com/popular/surreal-architecture/,r1_11
surreal-architecture,4,neginn.soltanii,DEZXNepMndT,"4,090",4090,. فضاهای بی‌انتها در Squid Game تنها طراحی نیستند؛ یه بازی وحشتناک از قدرت,https://www.instagram.com/reel/DEZXNepMndT/,https://www.instagram.com/popular/surreal-architecture/,r1_11
surreal-architecture,5,p.carredo,Cvb-aYJuVhV,"3,507",3507,"The Studio Gallery - @samanthas.shot X @p.carredo Photographies displayed, art",https://www.instagram.com/reel/Cvb-aYJuVhV/,https://www.instagram.com/popular/surreal-architecture/,r1_11
surreal-architecture,6,treesspeak,Cocb4_oj7xA,"8,381",8381,"""Machine Vision,"" The visuals depict the evolution of surreal architecture into a",https://www.instagram.com/reel/Cocb4_oj7xA/,https://www.instagram.com/popular/surreal-architecture/,r1_11
surreal-architecture,7,baljeetkaurjohal,CsOk06KpJbr,"1,829",1829,"""Once you've experienced the magic of Jaipur, you'll never forget it."" This palace",https://www.instagram.com/reel/CsOk06KpJbr/,https://www.instagram.com/popular/surreal-architecture/,r1_11
surreal-architecture,8,navids.ig,CmJscR3A03k,"3,454",3454,Here are some Retro Vibes🤌💛..This time I kept it Slow ✌ #heritage #architecture,https://www.instagram.com/reel/CmJscR3A03k/,https://www.instagram.com/popular/surreal-architecture/,r1_11
surreal-architecture,9,dilmurod.explore,CxOTM8PRAo2,"1,165",1165,A canvas of surreal architecture & vibrant palettes 🎨 ☀️ 🥰 . . . . . .,https://www.instagram.com/reel/CxOTM8PRAo2/,https://www.instagram.com/popular/surreal-architecture/,r1_11
surreal-architecture,10,shafagh.koohnejad.20,DBJLZXWIDV-,"1,637",1637,تو‌ مقرنس ها گم‌ میشم تا پیدا شم… برای عبور از موانع، هنرمندانه مقرنس میسازم…,https://www.instagram.com/reel/DBJLZXWIDV-/,https://www.instagram.com/popular/surreal-architecture/,r1_11
surreal-architecture,11,sunny.palace,CxxSs-SRDrD,17K,17000,Here's @satnamkaur_sk and @chaatkingindia igniting the world with their charm SK,https://www.instagram.com/reel/CxxSs-SRDrD/,https://www.instagram.com/popular/surreal-architecture/,r1_11
surreal-architecture,12,icasis,CeeEPY8DU25,874,874,USB-2 (2022) Universal Series Bust 2 (a.k.a. System Failure Boy) An original 1/1,https://www.instagram.com/reel/CeeEPY8DU25/,https://www.instagram.com/popular/surreal-architecture/,r1_11
house-in-the-forest,1,survival.stuffs,DNSvzxDyaHq,5.7M,5700000,Building a Survival Tower in the middle of nowhere - PART 1!🪵🪓🏘️ #bushcraft,https://www.instagram.com/reel/DNSvzxDyaHq/,https://www.instagram.com/popular/house-in-the-forest/,r1_11
house-in-the-forest,2,miladeshtiyaghi,DNLDYTptD9X,94.8K,94800,🏞✨ A house suspended between mist and forest Designed in the heart of Brazil's lush j,https://www.instagram.com/reel/DNLDYTptD9X/,https://www.instagram.com/popular/house-in-the-forest/,r1_11
house-in-the-forest,3,naturesms,DPnIV9tkjaZ,690K,690000,"Spend a night in a tree house, listen to the rain in the mountains, feel the wind in the",https://www.instagram.com/reel/DPnIV9tkjaZ/,https://www.instagram.com/popular/house-in-the-forest/,r1_11
house-in-the-forest,4,junkearl,DP4Um94DUvr,374K,374000,5 pro tips to help you in 99 nights in the forest ! #roblox #robloxmemes #99nightsinthe,https://www.instagram.com/reel/DP4Um94DUvr/,https://www.instagram.com/popular/house-in-the-forest/,r1_11
house-in-the-forest,5,naturesms,DOcrXxqknf7,1.3M,1300000,"Find a place where no one is, listen to a quiet music, listen to the rain in the mount",https://www.instagram.com/reel/DOcrXxqknf7/,https://www.instagram.com/popular/house-in-the-forest/,r1_11
house-in-the-forest,6,nature_cozy_vibe,DN3zUvx5lFS,34.2K,34200,Escape to a cozy forest cottage! 🏡🌲 A charming stone house with a thatched roof sits,https://www.instagram.com/reel/DN3zUvx5lFS/,https://www.instagram.com/popular/house-in-the-forest/,r1_11
house-in-the-forest,7,ghstudio._,DP0eKr0joHI,19.7M,19700000,My Best Games Ever - 99 NIGHT IN THE FOREST | ROBLOX ANIMATION #roblox #nightintheforest,https://www.instagram.com/reel/DP0eKr0joHI/,https://www.instagram.com/popular/house-in-the-forest/,r1_11
house-in-the-forest,8,miladeshtiyaghi,DNs9jiEWhVb,656K,656000,🖤 BLACK HOUSE 🖤🌳 A Minimal Sanctuary in Nature Designed by @miladeshtiyaghi Black House is,https://www.instagram.com/reel/DNs9jiEWhVb/,https://www.instagram.com/popular/house-in-the-forest/,r1_11
waterfall-house,1,vojtek_morsztyn,DItXJISoMfs,NA,,𝗙𝗮𝗹𝗹𝗶𝗻𝗴𝘄𝗮𝘁𝗲𝗿 | by 𝗙𝗿𝗮𝗻𝗸 𝗟𝗹𝗼𝘆𝗱 𝗪𝗿𝗶𝗴𝗵𝘁 . Fallingwater is a house designed by,https://www.instagram.com/reel/DItXJISoMfs/,https://www.instagram.com/popular/waterfall-house/,r1_11
waterfall-house,2,archfeed_,C_tDjCmyK53,218K,218000,𝗙𝗮𝗹𝗹𝗶𝗻𝗴𝘄𝗮𝘁𝗲𝗿 | by 𝗙𝗿𝗮𝗻𝗸 𝗟𝗹𝗼𝘆𝗱 𝗪𝗿𝗶𝗴𝗵𝘁 . Fallingwater is a house designed by the archit,https://www.instagram.com/reel/C_tDjCmyK53/,https://www.instagram.com/popular/waterfall-house/,r1_11
waterfall-house,3,sheivaafshari,DGLk6d8OIef,187K,187000,آرزویی که واقعی شد ✨😍 همیشه این خانه آبشار رو ما بچه های معماری تو,https://www.instagram.com/reel/DGLk6d8OIef/,https://www.instagram.com/popular/waterfall-house/,r1_11
waterfall-house,4,glacial_whisper,DbJCff6TdYI,213K,213000,Beyond Ordinary. 🌧️ ⸻ POV: You found the only cabin where waterfalls become,https://www.instagram.com/reel/DbJCff6TdYI/,https://www.instagram.com/popular/waterfall-house/,r1_11
waterfall-house,5,crownscape_official,DYFOsFBtepH,42K,42000,Some homes aren't built… they're whispered into existence by nature ✨🍃💧,https://www.instagram.com/reel/DYFOsFBtepH/,https://www.instagram.com/popular/waterfall-house/,r1_11
waterfall-house,6,quangquacs,DRltDvxkYpV,315K,315000,Bạn muốn cùng ai trong ngôi nhà này,https://www.instagram.com/reel/DRltDvxkYpV/,https://www.instagram.com/popular/waterfall-house/,r1_11
waterfall-house,7,dreamlandsymphony,Ddde8wrqc6o,380,380,Imagine waking up to this every single morning… 🌿💧🏡 A hidden home surrou,https://www.instagram.com/reel/Ddde8wrqc6o/,https://www.instagram.com/popular/waterfall-house/,r1_11
waterfall-house,8,archute,CnM4ChOjeZ5,"2,115",2115,Could you imagine living in a waterfall house? 😍 . Share this with an ar,https://www.instagram.com/reel/CnM4ChOjeZ5/,https://www.instagram.com/popular/waterfall-house/,r1_11
waterfall-house,9,sunt_mrr,DXw2UALMrdq,655K,655000,Dream water villa Design: @sunt_mrr,https://www.instagram.com/reel/DXw2UALMrdq/,https://www.instagram.com/popular/waterfall-house/,r1_11
waterfall-house,10,havenintherain,DbREEB_JMj4,"9,045",9045,🌊🏔️🌧️ HAVEN IN THE RAIN™ — THE MOUNTAIN LODGE ✨ PART 15 — The Underground,https://www.instagram.com/reel/DbREEB_JMj4/,https://www.instagram.com/popular/waterfall-house/,r1_11
waterfall-house,11,remodel_design_,DbZMhRAhknf,73.7K,73700,"Living with Water, Moss & Lotus Ponds 🌲 #MinimalistDesign #VillaInterior #F",https://www.instagram.com/reel/DbZMhRAhknf/,https://www.instagram.com/popular/waterfall-house/,r1_11
waterfall-house,12,costa.diamante.realty,DcZYT3OOhqb,262K,262000,"🪨✨ Una mansión escondida dentro de una cueva… cascadas, piscina natural, fu",https://www.instagram.com/reel/DcZYT3OOhqb/,https://www.instagram.com/popular/waterfall-house/,r1_11
cozy-rain,1,zohrastacey,DT35gFED4kH,3.8M,3800000,stop and enjoy some rainy cozy therapy.. #rainyweather #cozyaesthetic #quietvibes #foggyday #calmingvideo,https://www.instagram.com/reel/DT35gFED4kH/,https://www.instagram.com/popular/cozy-rain/,r1_11
cozy-rain,2,calm_neststudio,DS_uPLMlNwQ,13.1M,13100000,"Relaxing Gentle Rain, for longer rain videos on my Youtube #sleepingrain #asmrain #relaxingrainforsleep #relaxingforsleep #rainforsleeping #gentlerain",https://www.instagram.com/reel/DS_uPLMlNwQ/,https://www.instagram.com/popular/cozy-rain/,r1_11
cozy-rain,3,evlin.ononna,DbI37Oqo9WK,2.1M,2100000,"pov: you're watching a storm roll over the valley from your quiet mountain balcony ⛈️ 🌧️ steady rain falling over a misted mountain valley, the world",https://www.instagram.com/reel/DbI37Oqo9WK/,https://www.instagram.com/popular/cozy-rain/,r1_11
cozy-rain,4,nostalgicraindrops,DJmXw9og9Na,3.9M,3900000,Nothing is cozier than this! Sleep fast with my rain sleep video playlist in bio! ♥️ Watching your favorite show (Howl's moving castle) with this weat,https://www.instagram.com/reel/DJmXw9og9Na/,https://www.instagram.com/popular/cozy-rain/,r1_11
cozy-rain,5,lavender.a1,DUgQGfBCMKS,1.4M,1400000,My favorite kind of therapy🌧️. . . #explore #fyp #rainyday #aesthetic #cozyvibes cozyhome roomdecor wintervibes rain comfort home interior viral,https://www.instagram.com/reel/DUgQGfBCMKS/,https://www.instagram.com/popular/cozy-rain/,r1_11
cozy-rain,6,natural_._scenery,DIHSUx1PJ8j,74.1M,74100000,"This video was made for anyone looking for peace in the middle of a busy or overwhelming day. It's a calming aesthetic corner with soft lighting, cozy",https://www.instagram.com/reel/DIHSUx1PJ8j/,https://www.instagram.com/popular/cozy-rain/,r1_11
cozy-rain,7,drcozyvibes,C87NQHRtm6B,155M,155000000,"Rainy Day Reflections: Comfort Bed, Melodic Drops, and a Scenic Window #cozycabin #RainyDayVibes",https://www.instagram.com/reel/C87NQHRtm6B/,https://www.instagram.com/popular/cozy-rain/,r1_11
cozy-rain,8,chasiteyy,C95eAgivlvI,5M,5000000,Thunderstorms always make me slow down and savor every cozy moment. ⛈️🌲 Which storm-related visual do you find most soothing? answer in my poll attach,https://www.instagram.com/reel/C95eAgivlvI/,https://www.instagram.com/popular/cozy-rain/,r1_11
cozy-rain,9,rainydaisy5,DbCD3JAh34M,323K,323000,"A little cabin, endless rain, and complete peace ☘️🌧️ Rain is where my inner child feels safe again 🤍 #cozyvibes #slowliving #rainydays",https://www.instagram.com/reel/DbCD3JAh34M/,https://www.instagram.com/popular/cozy-rain/,r1_11
cozy-rain,10,ai.cozy.fun.scenes,DcrJ6vOzdcC,594K,594000,Slow cozy days. #cozyvibes #cozyhome #aivideo #rainyday #cozyasmr,https://www.instagram.com/reel/DcrJ6vOzdcC/,https://www.instagram.com/popular/cozy-rain/,r1_11
cozy-rain,11,naturediariesvideos,DV35fDIjWlt,150K,150000,The quiet magic of a rainy day alone. 🌧️ #rain #rainyday #CozyVibes #raining #relaxing,https://www.instagram.com/reel/DV35fDIjWlt/,https://www.instagram.com/popular/cozy-rain/,r1_11
cozy-rain,12,cosyacademia,DORUMUqkc2W,6.3M,6300000,who else feels happiest when the weather is moody and stormy? ⛈️ all my fellow rainy day lovers belong here 🫶🏻 There's just something about those rain,https://www.instagram.com/reel/DORUMUqkc2W/,https://www.instagram.com/popular/cozy-rain/,r1_11
cozy-cabin,1,rambleonpines,DcLm6uuRRxD,5.1M,5100000,"Book the cabin, I'll pack the food • • • #airbnb #cozycabin #cabininthe",https://www.instagram.com/reel/DcLm6uuRRxD/,https://www.instagram.com/popular/cozy-cabin/,r1_11
cozy-cabin,2,cozyhome0.3,DdZS-rDJI7x,59.1K,59100,"A Tiny Cabin Lost in a Heavy Snowstorm ❄️🌨️ A little stone cabin, completely",https://www.instagram.com/reel/DdZS-rDJI7x/,https://www.instagram.com/popular/cozy-cabin/,r1_11
cozy-cabin,3,cozycabinlife1,DbqUfQoNY9B,337K,337000,Would You Trade Your City Life For This Winter Cabin? Footprints in the,https://www.instagram.com/reel/DbqUfQoNY9B/,https://www.instagram.com/popular/cozy-cabin/,r1_11
cozy-cabin,4,cozy_cabin_diaries,DZ_JYrbhmDc,733K,733000,The storm hasn't stopped in three days. #cabinlife #CozyCabin #WinterEscape #usa,https://www.instagram.com/reel/DZ_JYrbhmDc/,https://www.instagram.com/popular/cozy-cabin/,r1_11
cozy-cabin,5,cozy_winter_homes,Dcn5gIRMWAb,37.2K,37200,🔥 Wait Until You See What's Inside This Cozy Cabin…,https://www.instagram.com/reel/Dcn5gIRMWAb/,https://www.instagram.com/popular/cozy-cabin/,r1_11
cozy-cabin,6,kohlectcabins,C9p0BU1v_q-,23.8M,23800000,Yes or No?! 😍🏡🪵 💟 Follow @kohlectcabins for more! #cabin #cabinlife #c,https://www.instagram.com/reel/C9p0BU1v_q-/,https://www.instagram.com/popular/cozy-cabin/,r1_11
cozy-cabin,7,mylogcabins,DP9BFUIDTDC,425K,425000,Just perfect... 🥰 Follow us @mylogcabins👈 for more content Credits: MyLogC,https://www.instagram.com/reel/DP9BFUIDTDC/,https://www.instagram.com/popular/cozy-cabin/,r1_11
cozy-cabin,8,aesthetic_aicontent,DQmrCjljPRK,62.2K,62200,Escape from the world to a cozy lakeside cabin🍂🍁🍂 #fall #autumn #cozy,https://www.instagram.com/reel/DQmrCjljPRK/,https://www.instagram.com/popular/cozy-cabin/,r1_11
cozy-cabin,9,hannahandkord,DadYeHfu8MG,1.5M,1500000,"A truly unforgettable stay @north_cascades_haven This cozy, little off-grid riv",https://www.instagram.com/reel/DadYeHfu8MG/,https://www.instagram.com/popular/cozy-cabin/,r1_11
cozy-cabin,10,dream_homeworld,DcB7xmSPIsw,147K,147000,"❄️ A tiny cabin, a warm light, and a peaceful winter night... what more could",https://www.instagram.com/reel/DcB7xmSPIsw/,https://www.instagram.com/popular/cozy-cabin/,r1_11
cozy-cabin,11,tiny.homees,DctMPcPR6Ik,176K,176000,"Storm outside, peace inside. 🌊🕯️ #cozycabin #stormysea #oceanview #tinyh",https://www.instagram.com/reel/DctMPcPR6Ik/,https://www.instagram.com/popular/cozy-cabin/,r1_11
cozy-cabin,12,hannahninavr,DbB-FrhiTtE,3.7M,3700000,"forest + creek + rain + cabin = ❤️‍🩹 - original content. all reuse, re-uploa",https://www.instagram.com/reel/DbB-FrhiTtE/,https://www.instagram.com/popular/cozy-cabin/,r1_11
rainy-day,1,zohrastacey,DT35gFED4kH,3.8M,3800000,stop and enjoy some rainy cozy therapy.. #rainyweather #cozyaesthetic #quietvibes,https://www.instagram.com/reel/DT35gFED4kH/,https://www.instagram.com/popular/rainy-day/,r1_11
rainy-day,2,elysian__living,DXVKtYnjXXe,34M,34000000,the weather my soul craves ⛈️ comment RAIN for 🔗s to everything 🤍 #rainyday,https://www.instagram.com/reel/DXVKtYnjXXe/,https://www.instagram.com/popular/rainy-day/,r1_11
rainy-day,3,earthfm_net,C7gyA-OyA7m,58.5M,58500000,😴😴🌧️🌧️ #rain #raining #rainyday #toptags #pouring #rainydays #water,https://www.instagram.com/reel/C7gyA-OyA7m/,https://www.instagram.com/popular/rainy-day/,r1_11
rainy-day,4,ariffathulhakim,DMJWZAYxYLS,17.4M,17400000,can we pls talk about the beauty of rainy summer days ⛈️☔️ #newyork,https://www.instagram.com/reel/DMJWZAYxYLS/,https://www.instagram.com/popular/rainy-day/,r1_11
rainy-day,5,med_student5,DXrweQ8jCIC,3.1M,3100000,"imagine you wake up early, no alarms, no noise… just the quiet sound of rain falling outside",https://www.instagram.com/reel/DXrweQ8jCIC/,https://www.instagram.com/popular/rainy-day/,r1_11
rainy-day,6,thecozykansan,DYhtyjVCcHB,1.1M,1100000,"""Pluviophile: a person who enjoys rain and rainy days, and who is fascinated by the sights",https://www.instagram.com/reel/DYhtyjVCcHB/,https://www.instagram.com/popular/rainy-day/,r1_11
rainy-day,7,laurenfrancesstanger,C5ljtXpiRqg,1.6M,1600000,rainy days in the city 🕯️🌧️ #rain #rainlover #rainy #rainyday #raininthecity,https://www.instagram.com/reel/C5ljtXpiRqg/,https://www.instagram.com/popular/rainy-day/,r1_11
rainy-day,8,anisa_alghurbani,DNG5Zd7NPv9,789K,789000,Heavy rainy summer evening ⛈️🌧️ Just breathe. 🫀 @anisa_alghurbani • • #rainyday,https://www.instagram.com/reel/DNG5Zd7NPv9/,https://www.instagram.com/popular/rainy-day/,r1_11
rainy-day,9,coldvisions_,DWSU27riJbh,2.1M,2100000,rainy day,https://www.instagram.com/reel/DWSU27riJbh/,https://www.instagram.com/popular/rainy-day/,r1_11
rainy-day,10,earthfm_net,C7ReAAISXLL,12.1M,12100000,"On rainy days, away from the noisycity, feel a cool and comfortable.. #rain #raining",https://www.instagram.com/reel/C7ReAAISXLL/,https://www.instagram.com/popular/rainy-day/,r1_11
rainy-day,11,calmwavesmedia,C_98Y7opI2k,2.5M,2500000,☔ Walking in the Rain 🌧️ There's something magical about a rainy day—every drop tells,https://www.instagram.com/reel/C_98Y7opI2k/,https://www.instagram.com/popular/rainy-day/,r1_11
rainy-day,12,aura.__.films,DKOV1oESWwa,10M,10000000,Rainy season is here <3 #rainydays☔️ #rainday #ａｅｓｔｈｅｔｉｃ #reels #viral #monsoon,https://www.instagram.com/reel/DKOV1oESWwa/,https://www.instagram.com/popular/rainy-day/,r1_11
luxury-garden,1,jafthegardener,DYXw0rko7hn,974K,974000,Stunning gardens of ours I stood here over a decade ago with a blank canvas to design the planting schemes with whatever I wanted.,https://www.instagram.com/reel/DYXw0rko7hn/,https://www.instagram.com/popular/luxury-garden/,r1_12
luxury-garden,2,dutch_belgium_gardens,DOdcoLagmoM,162K,162000,"✨ Clean lines, deep greens, and a touch of color. Modern gardens where peace and elegance come together. 🌿💜 DB Gardens | Inspiration for luxury garden",https://www.instagram.com/reel/DOdcoLagmoM/,https://www.instagram.com/popular/luxury-garden/,r1_12
luxury-garden,3,greengenielandscapes,DWs7LG-EoZT,14.8M,14800000,Luxury landscaping 🧞‍♂️ #gardeninspiration #landscaping #design,https://www.instagram.com/reel/DWs7LG-EoZT/,https://www.instagram.com/popular/luxury-garden/,r1_12
luxury-garden,4,pristinelandscapesinc,DcmH3EKPm11,51.3K,51300,Bringing the tropical resort feel right into the backyard. 🌴✨,https://www.instagram.com/reel/DcmH3EKPm11/,https://www.instagram.com/popular/luxury-garden/,r1_12
luxury-garden,5,manhwa_diablo,DUFKH1-CZmG,78.4M,78400000,luxury landscaped backyard 🌲🌱 #luxury #backyard #landscape #garden #design,https://www.instagram.com/reel/DUFKH1-CZmG/,https://www.instagram.com/popular/luxury-garden/,r1_12
luxury-garden,6,infinity_gardens_grup,DaYnlsYI0Dg,1.8M,1800000,Что такое геопластика в ландшафтном дизайне? 🌿 Геопластика — это искусство создания красивого рельефа на участке. Даже если территория абсолютно ровна,https://www.instagram.com/reel/DaYnlsYI0Dg/,https://www.instagram.com/popular/luxury-garden/,r1_12
luxury-garden,7,rezatoronto,DY_lRoJuAd4,247K,247000,#mygarden,https://www.instagram.com/reel/DY_lRoJuAd4/,https://www.instagram.com/popular/luxury-garden/,r1_12
luxury-garden,8,dutch_belgium_gardens,DZLwdTxCFJk,631K,631000,THE GREEN ROOM Hedges that close in around you. A pool that holds the last of the light. Drop a 🌿 if you'd lose an evening here. In collaboration with,https://www.instagram.com/reel/DZLwdTxCFJk/,https://www.instagram.com/popular/luxury-garden/,r1_12
luxury-garden,9,matthew_giampietro,DaIVRpiz6rm,19.6K,19600,"""Sculpting Sanctuaries"" . . . . #garden #landscapedesign #landscaping #gardendesign #backyard",https://www.instagram.com/reel/DaIVRpiz6rm/,https://www.instagram.com/popular/luxury-garden/,r1_12
luxury-garden,10,diniz_nasaroba,DWgzHgYDpdN,1.2M,1200000,Night Transformation: The Garden of Your Dreams! 🌴✨ Watch this incredible glow-up! We took a simple palm tree and turned it into a luxury landscape ma,https://www.instagram.com/reel/DWgzHgYDpdN/,https://www.instagram.com/popular/luxury-garden/,r1_12
luxury-garden,11,designevolutionn,DbRAPWasT_E,8.9M,8900000,"EN | A garden is more than a collection of plants, pathways, and architectural elements—it is a reflection of the life lived within it. This villa gar",https://www.instagram.com/reel/DbRAPWasT_E/,https://www.instagram.com/popular/luxury-garden/,r1_12
luxury-garden,12,nature.dew,C_eQhn3vcfs,2.5M,2500000,Enchanting garden blooming with vibrant colors and lush greenery! 🌸🌿✨ #beautifulgarden #gardenlife #naturebeauty #floralparadise #gardeningjoy #scenic,https://www.instagram.com/reel/C_eQhn3vcfs/,https://www.instagram.com/popular/luxury-garden/,r1_12
landscape-design,1,day_design_101,Dak0D5ZNbIf,1.4M,1400000,Watch this stunning modern landscape come to life! ✨🌵 The perfect mix of succul,https://www.instagram.com/reel/Dak0D5ZNbIf/,https://www.instagram.com/popular/landscape-design/,r1_12
landscape-design,2,barbosalandscaping,DXGfnHhj8PS,19.6K,19600,Imagine a landscaping project done that fast. With AI now 3d Designs can be made,https://www.instagram.com/reel/DXGfnHhj8PS/,https://www.instagram.com/popular/landscape-design/,r1_12
landscape-design,3,manhwa_diablo,DVKsMx6CIB_,704K,704000,Trust the Process: Ultimate Yard Upgrade 🤯 #luxury #landscape #backyard #garden,https://www.instagram.com/reel/DVKsMx6CIB_/,https://www.instagram.com/popular/landscape-design/,r1_12
landscape-design,4,fromrawto_real,DVa7fIdExLh,1M,1000000,Modern Minimalist Garden Path Makeover | Pavers + White Gravel + Perfect Symmetry,https://www.instagram.com/reel/DVa7fIdExLh/,https://www.instagram.com/popular/landscape-design/,r1_12
landscape-design,5,renovaistudio,DaBM19ZuW2-,299K,299000,From a dusty yard to a lush garden escape! 🌿✨ Watch this bare space completely,https://www.instagram.com/reel/DaBM19ZuW2-/,https://www.instagram.com/popular/landscape-design/,r1_12
landscape-design,6,kanerenovationspro,DYaCAapB1tD,233K,233000,I Built a Black & White Yin-Yang Garden and My Front Yard Has Never Looked Like T,https://www.instagram.com/reel/DYaCAapB1tD/,https://www.instagram.com/popular/landscape-design/,r1_12
landscape-design,7,naturessproutslandscape,Dazxf3ROi7E,15K,15000,🌿 Stunning Luxury Landscape Garden Design Ideas | Modern Backyard Landscaping Insp,https://www.instagram.com/reel/Dazxf3ROi7E/,https://www.instagram.com/popular/landscape-design/,r1_12
landscape-design,8,infinity_gardens_grup,DaYnlsYI0Dg,1.8M,1800000,Что такое геопластика в ландшафтном дизайне? 🌿 Геопластика — это искусство соз,https://www.instagram.com/reel/DaYnlsYI0Dg/,https://www.instagram.com/popular/landscape-design/,r1_12
landscape-design,9,treelagao_2,Dah-CfmJ_l-,157K,157000,Landscaping | Plantation #landscaping_design #landscaping #landscape_lovers #landsc,https://www.instagram.com/reel/Dah-CfmJ_l-/,https://www.instagram.com/popular/landscape-design/,r1_12
landscape-design,10,day_design_101,Da-iZyqNJ-P,9.2M,9200000,Watch the amazing process of designing and building this beautiful landscape from,https://www.instagram.com/reel/Da-iZyqNJ-P/,https://www.instagram.com/popular/landscape-design/,r1_12
landscape-design,11,recastliving,DYPwHkgI3BP,409K,409000,A cinematic night landscape designed to turn a simple outdoor corridor into a luxa,https://www.instagram.com/reel/DYPwHkgI3BP/,https://www.instagram.com/popular/landscape-design/,r1_12
landscape-design,12,modernconstructiondiy,DYVP8nCTtht,157K,157000,Modern Landscaping Ideas Homeowners Are Loving Right Now,https://www.instagram.com/reel/DYVP8nCTtht/,https://www.instagram.com/popular/landscape-design/,r1_12
garden-design,1,jennabayergardendesign,DUtbUbUkmkP,1.7M,1700000,"Thriller → Filler → Spiller ✓ Structure and height ✓ Fullness and texture ✓ Soft, natural edges Great gardens are built in layers.",https://www.instagram.com/reel/DUtbUbUkmkP/,https://www.instagram.com/popular/garden-design/,r1_12
garden-design,2,fromrawto_real,DV-4CbyE_E_,535K,535000,Backyard Flower Bed Makeover | Stunning Garden Border #gardendesign #designinspiration #backyard Watch this backyard flower bed transform into a color,https://www.instagram.com/reel/DV-4CbyE_E_/,https://www.instagram.com/popular/garden-design/,r1_12
garden-design,3,hollander_design,DWjYMFVgAVa,802K,802000,Something happens the moment you cross this garden threshold - a shift from the world of demands into a world that asks you only to be. #landscapedesi,https://www.instagram.com/reel/DWjYMFVgAVa/,https://www.instagram.com/popular/garden-design/,r1_12
garden-design,4,neuraltransform,DV1gTOdk5nC,1.6M,1600000,A More Refined Look for the Whole Yard 🌱 #ModernGarden #LandscapeRefresh #CurbAppeal #LawnDesign #GardenInspo #OutdoorUpgrade,https://www.instagram.com/reel/DV1gTOdk5nC/,https://www.instagram.com/popular/garden-design/,r1_12
garden-design,5,farmgirlstories01,DYJoxrgP3ih,873K,873000,"🌿 Transforming a small side yard into a cozy garden space felt so satisfying and peaceful 💚 With a few creative touches and natural details, this once",https://www.instagram.com/reel/DYJoxrgP3ih/,https://www.instagram.com/popular/garden-design/,r1_12
garden-design,6,kiran.craft.and.creations,DWVEO2MDCWu,341K,341000,From Empty Space to Stunning Garden 😍 | Full Transformation #viral #satisfying #homegarden #home,https://www.instagram.com/reel/DWVEO2MDCWu/,https://www.instagram.com/popular/garden-design/,r1_12
garden-design,7,vev_jardinagem,DVvqlLrjw85,95.2K,95200,🌿 Transformação satisfatória do jardim da casa Nada mais incrível do que ver a **transformação de um espaço vazio em um lindo jardim**. Em poucos mome,https://www.instagram.com/reel/DVvqlLrjw85/,https://www.instagram.com/popular/garden-design/,r1_12
garden-design,8,diniz_nasaroba,DWZGY4YjvrK,25M,25000000,"Turn Your Yard Into a Paradise with This DIY Garden Hack! Stop scrolling! If you want to level up your landscaping, you need to see this. Using just a",https://www.instagram.com/reel/DWZGY4YjvrK/,https://www.instagram.com/popular/garden-design/,r1_12
garden-design,9,diy_craft_restore,DU6LNIuDFOV,147K,147000,"A small garden designed perfectly for a small family 🌱 Timelapse transformation, simple and cozy. #smallgarden #familygarden #timelapsevideo #gardende",https://www.instagram.com/reel/DU6LNIuDFOV/,https://www.instagram.com/popular/garden-design/,r1_12
garden-design,10,ideadesigncasa,DV0JJo5if8h,2.4M,2400000,#gardenideas #gardeninspiration #giardino #beforeafter #gardendesign,https://www.instagram.com/reel/DV0JJo5if8h/,https://www.instagram.com/popular/garden-design/,r1_12
garden-design,11,manhwa_diablo,DVKsMx6CIB_,704K,704000,Trust the Process: Ultimate Yard Upgrade 🤯 #luxury #landscape #backyard #garden #design,https://www.instagram.com/reel/DVKsMx6CIB_/,https://www.instagram.com/popular/garden-design/,r1_12
garden-design,12,poool__creator,DWH04cZjysm,22.1M,22100000,🌸 From nothing to perfection: this garden turned out insane! #GardenTransformation #DIYGarden #BackyardDesign #SatisfyingBuild #LandscapeDesign,https://www.instagram.com/reel/DWH04cZjysm/,https://www.instagram.com/popular/garden-design/,r1_12
backyard-design,1,chrislovesjulia,DW7gqkPB_WG,2.1M,2100000,"You don't need a bigger backyard, you don't need a full renovation. You just need a few",https://www.instagram.com/reel/DW7gqkPB_WG/,https://www.instagram.com/popular/backyard-design/,r1_12
backyard-design,2,backyardoasisdesign,C9kJeNDygJ9,781K,781000,When your backyard glows under the sun AND the stars! 🙌🏼☀️💫 #luxuryhomes #backyard #b,https://www.instagram.com/reel/C9kJeNDygJ9/,https://www.instagram.com/popular/backyard-design/,r1_12
backyard-design,3,foxterradesign,CnzjnVDu8HC,2.5M,2500000,No one regrets transforming their backyard into an oasis! 🌴 📩 Ready for a makeover of,https://www.instagram.com/reel/CnzjnVDu8HC/,https://www.instagram.com/popular/backyard-design/,r1_12
backyard-design,4,designbyerick,DV2Xw3sDQPv,461K,461000,Is this the backyard you dream of having? Would it make sense to get a free consultation,https://www.instagram.com/reel/DV2Xw3sDQPv/,https://www.instagram.com/popular/backyard-design/,r1_12
backyard-design,5,poladcrete,DU18Wc1kQNI,11.7M,11700000,"Minimal design. Maximum peace. We turn unused spaces into clean, functional, and modern ba",https://www.instagram.com/reel/DU18Wc1kQNI/,https://www.instagram.com/popular/backyard-design/,r1_12
backyard-design,6,foxterradesign,DN0vhis3G4l,509K,509000,"Wondering how a yard like this could get even better? This is how! ✨ Comment ""book"" to",https://www.instagram.com/reel/DN0vhis3G4l/,https://www.instagram.com/popular/backyard-design/,r1_12
backyard-design,7,mhlandco,C900ZcHSaxi,1.1M,1100000,Can you match my freak? #landscapedesign #landscapearchitecture #backyardgarden #backya,https://www.instagram.com/reel/C900ZcHSaxi/,https://www.instagram.com/popular/backyard-design/,r1_12
backyard-design,8,lonestarlandscapetx,DXFgS9_CvZz,85.3K,85300,"$20K backyard transformation… worth it? Oversized 36x36 slabs, turf inlays, natural stone",https://www.instagram.com/reel/DXFgS9_CvZz/,https://www.instagram.com/popular/backyard-design/,r1_12
backyard-design,9,manhwa_diablo,DVKsMx6CIB_,704K,704000,Trust the Process: Ultimate Yard Upgrade 🤯 #luxury #landscape #backyard #garden #design,https://www.instagram.com/reel/DVKsMx6CIB_/,https://www.instagram.com/popular/backyard-design/,r1_12
backyard-design,10,cb_loves_interiors_20,DNFU1t0Kvd9,393K,393000,w e e k e n d ✨ - Incoming….. 🙌🙌🙌 Happy Friday guys. It's the weekend and the wea,https://www.instagram.com/reel/DNFU1t0Kvd9/,https://www.instagram.com/popular/backyard-design/,r1_12
backyard-design,11,kapsolutionscorp,DadknxmJ50i,191K,191000,Golden hour goals. 🌅✨ Unwinding in this ultimate backyard oasis. Who would you invite,https://www.instagram.com/reel/DadknxmJ50i/,https://www.instagram.com/popular/backyard-design/,r1_12
backyard-design,12,fromrawto_real,DVGz_aNE_76,272K,272000,"Luxury Outdoor Pavilion | Poolside Pergola, Fireplace & Outdoor Kitchen #designinspirat",https://www.instagram.com/reel/DVGz_aNE_76/,https://www.instagram.com/popular/backyard-design/,r1_12
outdoor-living,1,chrislovesjulia,DW7gqkPB_WG,2.1M,2100000,"You don't need a bigger backyard, you don't need a full renovation. You just need a few things that make people want to stay.",https://www.instagram.com/reel/DW7gqkPB_WG/,https://www.instagram.com/popular/outdoor-living/,r1_12
outdoor-living,2,ellis_cottage,DW5FTtRiSwU,"8,914",8914,Outdoor living reveal!! We've been dreaming about this space for so long and it's finally here 🙌🏼✨,https://www.instagram.com/reel/DW5FTtRiSwU/,https://www.instagram.com/popular/outdoor-living/,r1_12
outdoor-living,3,jennifershomeinterior,DLKxpnhKWyx,524K,524000,"Unwinding in my love to lounge paradise – the Patio🫠♥️ ""That feeling of being lost in comfort and good company.""",https://www.instagram.com/reel/DLKxpnhKWyx/,https://www.instagram.com/popular/outdoor-living/,r1_12
outdoor-living,4,bbqislandsanddesigns,DUwE2j9kger,6.2M,6200000,"One of our most popular layouts for a reason 😍 Functional, stylish, and made to last. Comment PRICE for more info!",https://www.instagram.com/reel/DUwE2j9kger/,https://www.instagram.com/popular/outdoor-living/,r1_12
outdoor-living,5,windowsandwoods,DXkjRx0jVKh,59.2K,59200,"Comment OUTDOOR below for details to all of my patio seating, rugs, planters and fire pit seen here or go directly to",https://www.instagram.com/reel/DXkjRx0jVKh/,https://www.instagram.com/popular/outdoor-living/,r1_12
outdoor-living,6,westmod,DKkeMGNSgAH,95.3K,95300,Modern outdoor living done the right way.,https://www.instagram.com/reel/DKkeMGNSgAH/,https://www.instagram.com/popular/outdoor-living/,r1_12
outdoor-living,7,islandgal_5homedecor,C-WY9fJxYJX,3.7M,3700000,Outdoor views! #patio #outdoorliving #pergola #outdoorfurniture #patioseason #backyardvibes #backyard #patioideas #backyarddesign,https://www.instagram.com/reel/C-WY9fJxYJX/,https://www.instagram.com/popular/outdoor-living/,r1_12
outdoor-living,8,oakandorange,DONovjQCeGG,185K,185000,"Imagine this 👉 summer BBQs with friends, cosy winter nights by the fire, and long spring lunches with the family…",https://www.instagram.com/reel/DONovjQCeGG/,https://www.instagram.com/popular/outdoor-living/,r1_12
outdoor-living,9,cairo_ia,DVo7prsEaRf,81.1M,81100000,I Turned Old Pallets into the ULTIMATE Backyard Oasis! 😱✨ Turned basic wooden pallets into the ultimate cozy backyard retreat!,https://www.instagram.com/reel/DVo7prsEaRf/,https://www.instagram.com/popular/outdoor-living/,r1_12
outdoor-living,10,thesmittencollective,DKqCJwaBwVG,150K,150000,Summer is pretty much here which means I'll be outside enjoying our new backyard until further notice ☀️,https://www.instagram.com/reel/DKqCJwaBwVG/,https://www.instagram.com/popular/outdoor-living/,r1_12
outdoor-living,11,kristinanevans,DVgcBnQDf1-,202K,202000,It's only March 5th but I have already been outside prepping all my outdoor spaces for spring and summer. The best time of the year!!,https://www.instagram.com/reel/DVgcBnQDf1-/,https://www.instagram.com/popular/outdoor-living/,r1_12
outdoor-living,12,karlahomestyle,DGvMtw_xUof,164K,164000,"Counting down the days until sunshine, patio hangs, and barefoot mornings✨ #manifestingsummer #summervibes #warmweatherfeels",https://www.instagram.com/reel/DGvMtw_xUof/,https://www.instagram.com/popular/outdoor-living/,r1_12
home-decor,1,roxy_carretero,DZQwuGBhHgb,1M,1000000,"Follow & Comment ""SHOP"" for links 🔗💌 Mi lugar favorito 🤍. #homedecor #interiordesign",https://www.instagram.com/reel/DZQwuGBhHgb/,https://www.instagram.com/popular/home-decor/,r1_12
home-decor,2,edin.flat,DbvdeXsNDcc,16.1M,16100000,AD | upgrading our movie nights with @fancyleds 🎬 I've had LED lights behind the TV for a few ye,https://www.instagram.com/reel/DbvdeXsNDcc/,https://www.instagram.com/popular/home-decor/,r1_12
home-decor,3,styledwithjordant,DYxV-IDPo2C,338K,338000,Collector of all things decor✨ Slowly adding little summer touches around the house lately💛 curi,https://www.instagram.com/reel/DYxV-IDPo2C/,https://www.instagram.com/popular/home-decor/,r1_12
home-decor,4,lila.s.home,DbvWM6OxFfS,"9,668",9668,"All homebodies, where are you? #homedecor #homedecoration #cozyhome #decor",https://www.instagram.com/reel/DbvWM6OxFfS/,https://www.instagram.com/popular/home-decor/,r1_12
home-decor,5,pamelita_decor,DcXdFgqOUly,85.9K,85900,#homedecorating #exploremoreً #homedecor #homedesign #interiordesign,https://www.instagram.com/reel/DcXdFgqOUly/,https://www.instagram.com/popular/home-decor/,r1_12
home-decor,6,smallcountryhome,DbCLhflMhzB,6.2M,6200000,this feeling needs to be studied 🙂‍↕️ #home #homedecor #cottage #nostalgia,https://www.instagram.com/reel/DbCLhflMhzB/,https://www.instagram.com/popular/home-decor/,r1_12
home-decor,7,ozudairies,DavH3TqolZv,2M,2000000,✨ one corner completely change the vibe of the room ✨ . . . . . #homedecor #CornerStylin,https://www.instagram.com/reel/DavH3TqolZv/,https://www.instagram.com/popular/home-decor/,r1_12
home-decor,8,roxy_carretero,DZvuMervgb5,674K,674000,"Comment ""SHOP"" for links 🔗💌 🤎🤎 #homedecor #interiordesign #livingroomdecor #homeinspo #i",https://www.instagram.com/reel/DZvuMervgb5/,https://www.instagram.com/popular/home-decor/,r1_12
home-decor,9,zarela_home_decor_,DbbAMaTRT8h,1.6M,1600000,Respirando mi paz en mi zona de comfort …😍 feliz jueves mis amores #decoration #homedecor,https://www.instagram.com/reel/DbbAMaTRT8h/,https://www.instagram.com/popular/home-decor/,r1_12
home-decor,10,pamelita_decor,DbzOumcOaNs,1.3M,1300000,#homedecor #cozyhomedecor #exploremoreً #home #decoration,https://www.instagram.com/reel/DbzOumcOaNs/,https://www.instagram.com/popular/home-decor/,r1_12
home-decor,11,aleshaspov,Dc66cydJB-0,125K,125000,Refresh my living room with me 🤎 I had my old rug for sooo long literally years lol it was time for,https://www.instagram.com/reel/Dc66cydJB-0/,https://www.instagram.com/popular/home-decor/,r1_12
home-decor,12,kendra_homedecor,DGJnf-fJs40,191K,191000,"Good afternoon and happy Sunday, my lovely! Wishing you a great day! Shop my home on my BIO. #winte",https://www.instagram.com/reel/DGJnf-fJs40/,https://www.instagram.com/popular/home-decor/,r1_12
home-decor-ideas,1,feliciaheesen,DVynBeiCoLa,21.8M,21800000,DIY Flower mirror 🌸🪞✨ #craft #creative #diy #handmade #homedecorideas cute craft handmade room decor inspiration,https://www.instagram.com/reel/DVynBeiCoLa/,https://www.instagram.com/popular/home-decor-ideas/,r1_12
home-decor-ideas,2,kellmarcel,C9ILALrMKjw,74.9M,74900000,Decorate my living room in my new apartment with me.✨ I'm extra proud of all my thrifted finds and how good they look in this space.🤗,https://www.instagram.com/reel/C9ILALrMKjw/,https://www.instagram.com/popular/home-decor-ideas/,r1_12
home-decor-ideas,3,katie.fischer,C9286PlA0eD,1.1M,1100000,Good night ✨ Searching for ideas on how to make your home feel more organic and snug? Follow & save for all the inspo you need! 🤍,https://www.instagram.com/reel/C9286PlA0eD/,https://www.instagram.com/popular/home-decor-ideas/,r1_12
home-decor-ideas,4,kendra_homedecor,DGJnf-fJs40,191K,191000,"Good afternoon and happy Sunday, my lovely! Wishing you a great day! Shop my home on my BIO. #winterdecor #livingroomdecor",https://www.instagram.com/reel/DGJnf-fJs40/,https://www.instagram.com/popular/home-decor-ideas/,r1_12
home-decor-ideas,5,homelove.bylaura,DWrTmA-Avfk,947K,947000,Livingroom details 🤍 #explorepage #livingroom #home #inspiration #cozy,https://www.instagram.com/reel/DWrTmA-Avfk/,https://www.instagram.com/popular/home-decor-ideas/,r1_12
home-decor-ideas,6,mycozycorner_28,DVi-WL4kRm2,11.2M,11200000,"From a plain wall to Pinterest vibes ✨ All it took was one neon light. Simple, budget-friendly, and such a mood changer.",https://www.instagram.com/reel/DVi-WL4kRm2/,https://www.instagram.com/popular/home-decor-ideas/,r1_12
home-decor-ideas,7,buildup_work,DXxDizylQdZ,1.7M,1700000,Plain Table to Luxury Mosaic Patio Table ✨ Stunning DIY Transformation A simple wooden table turned into a beautiful mosaic patio centerpiece.,https://www.instagram.com/reel/DXxDizylQdZ/,https://www.instagram.com/popular/home-decor-ideas/,r1_12
home-decor-ideas,8,nextawas,DXhPisCE_Du,2.4M,2400000,Upgrade your living space with this modern partition idea that adds style and smart space separation to your home.,https://www.instagram.com/reel/DXhPisCE_Du/,https://www.instagram.com/popular/home-decor-ideas/,r1_12
home-decor-ideas,9,shellychicboutique,DVOBGNPERF3,77.2M,77200000,Clay + napkin → DIY decor magic ✨ The prettiest handmade gift idea that's so easy and so affordable but looks high-end 🤍,https://www.instagram.com/reel/DVOBGNPERF3/,https://www.instagram.com/popular/home-decor-ideas/,r1_12
home-decor-ideas,10,that_craftybee,DVdrN-oATWh,995K,995000,🍇 DIY Grape Wine Glass Bottle Decor | Aesthetic Handmade Home Decor Turning an old bottle into something beautiful ✨🍇,https://www.instagram.com/reel/DVdrN-oATWh/,https://www.instagram.com/popular/home-decor-ideas/,r1_12
home-decor-ideas,11,styledby.rhonda,DXNQC9VjhDV,645K,645000,"because the fridge deserves to be cute too 🙂‍↕️🌸 i actually thought i'd add plants to the shelves, but then i realized it was the perfect spot",https://www.instagram.com/reel/DXNQC9VjhDV/,https://www.instagram.com/popular/home-decor-ideas/,r1_12
home-decor-ideas,12,alayanaarchitects,DI0fbJEz0QQ,27.7K,27700,"🔥 ""5 LIVING ROOM MUST-HAVES THAT INSTANTLY ELEVATE YOUR SPACE! ✨ Swipe ➡️ to see how these simple additions can transform your living room from meh to",https://www.instagram.com/reel/DI0fbJEz0QQ/,https://www.instagram.com/popular/home-decor-ideas/,r1_12
amazon-home-finds,1,amandabhome,DP_q6N7joMT,1.5M,1500000,Genius Amazon home finds 🙌 Like + comment SEND for links 🔗 #amazongadgets #amazonhomefinds #amazonhomehacks #amazonmusthaves #am,https://www.instagram.com/reel/DP_q6N7joMT/,https://www.instagram.com/popular/amazon-home-finds/,r1_12
amazon-home-finds,2,alwaysstylish_home,DSxLy9CgH-2,2.9M,2900000,"Follow & comment BEST for a link! These are the Amazon home finds you loved MOST in 2025! No regrets here — affordable, pretty, and the kind of everyd",https://www.instagram.com/reel/DSxLy9CgH-2/,https://www.instagram.com/popular/amazon-home-finds/,r1_12
amazon-home-finds,3,anna_home_finds,DVOU6NDDe7n,515K,515000,"Comment ""Tech"" get the links. If you love smart home gadgets and practical tech, these 10 Amazon finds are absolute must-haves. Clean, aesthetic, func",https://www.instagram.com/reel/DVOU6NDDe7n/,https://www.instagram.com/popular/amazon-home-finds/,r1_12
amazon-home-finds,4,myhomeneed,DFtbxnONuXD,NA,,NA,https://www.instagram.com/reel/DFtbxnONuXD/,https://www.instagram.com/popular/amazon-home-finds/,r1_12
amazon-home-finds,5,sam.shan.shops,DWeo8pUjxlh,510K,510000,✨WRITE: HOME for the Top best selling Amazon kitchen & home finds of 2026 #amazonfinds2026 #amazonhomefinds #amazonbestseller #homeandkitchen #viralam,https://www.instagram.com/reel/DWeo8pUjxlh/,https://www.instagram.com/popular/amazon-home-finds/,r1_12
amazon-home-finds,6,chloereneewebb,CvVcXM9A2rS,1.8M,1800000,LINK IN BIO + stories + story highlights ('July Home'). 🫶🏼 follow for more amazon finds! . . #randomamazonfinds #amazonfinds #amazonfavorites #amazonh,https://www.instagram.com/reel/CvVcXM9A2rS/,https://www.instagram.com/popular/amazon-home-finds/,r1_12
amazon-home-finds,7,christingracehome,DW1yPF5CYgq,795K,795000,"Amazon best sellers 😍 follow & comment ""SEND DETAILS"" for the links. Make sure to follow first so the link can send correctly These two best sellers a",https://www.instagram.com/reel/DW1yPF5CYgq/,https://www.instagram.com/popular/amazon-home-finds/,r1_12
amazon-home-finds,8,karissa.brighton,DEfymt3ylqT,696K,696000,Shop this find on my Amazon Home Finds List! #amazon #amazonfinds,https://www.instagram.com/reel/DEfymt3ylqT/,https://www.instagram.com/popular/amazon-home-finds/,r1_12
amazon-home-finds,9,interiordesignerella,DEgdgMLPxi-,732K,732000,"Comment ""HOME"" to shop! On sale!!🤩 Amazon kitchen finds!!✨ Follow me @interiordesignerella for links as Meta is rolling out a new feature where we wil",https://www.instagram.com/reel/DEgdgMLPxi-/,https://www.instagram.com/popular/amazon-home-finds/,r1_12
amazon-home-finds,10,karissa.brighton,DH1n7TSuL-3,37.7M,37700000,Shop it on my Amazon Kitchen Finds List! #amazon #amazonfinds,https://www.instagram.com/reel/DH1n7TSuL-3/,https://www.instagram.com/popular/amazon-home-finds/,r1_12
amazon-home-finds,11,bests_of_amz,DVJbojBEiWO,348K,348000,"Comment the number of the product you need. 10 Amazon Home Must Have, you wish you could have known about them sooner! #amazon #amazonfinds #amazonhom",https://www.instagram.com/reel/DVJbojBEiWO/,https://www.instagram.com/popular/amazon-home-finds/,r1_12
amazon-home-finds,12,ourpnw_home,DVyT-jFiCsx,1.3M,1300000,Amazon finds in my home! comment YES PLEASE for link Favorite home items I've shared that probably all hit the top seller list. Who doesn't love a goo,https://www.instagram.com/reel/DVyT-jFiCsx/,https://www.instagram.com/popular/amazon-home-finds/,r1_12
luxury-furniture,1,cityhousefurnitureshop,DW7qg32j2O3,104K,104000,Need furniture? DM me. Have a look at the exclusive selection of designer furniture made in China. #chinafurniture #furniture #designerfurniture #luxu,https://www.instagram.com/reel/DW7qg32j2O3/,https://www.instagram.com/popular/luxury-furniture/,r1_12
luxury-furniture,2,ringchen.aesthetics.gallery,DT5Xl09CEML,34.8K,34800,The best purchase for my new home 🤩✨ ·Trendy Furniture Brand ·Focus on High-End Original Designs ·Factory Direct Sales & Supply #sofa #luxuryhomes #so,https://www.instagram.com/reel/DT5Xl09CEML/,https://www.instagram.com/popular/luxury-furniture/,r1_12
luxury-furniture,3,ringchen.furniture,DTfgc0LgNSy,1M,1000000,"The Sofa I Fell for at First Glance – Luxury Lives in the Details! Should you be interested, please feel free to contact us! 📩 We provide full-house s",https://www.instagram.com/reel/DTfgc0LgNSy/,https://www.instagram.com/popular/luxury-furniture/,r1_12
luxury-furniture,4,ojc_concept,DT0WXrSDcQc,311K,311000,"Now available 'Best Seller' Luxuri Sofa and Dining set ₦15,700,000 . 👉Complete sofa with dining set = ₦15,700,000 👉Only sofa set 3/3/1/1 with center t",https://www.instagram.com/reel/DT0WXrSDcQc/,https://www.instagram.com/popular/luxury-furniture/,r1_12
luxury-furniture,5,myluxury_furnituretx,DF29xkvx0zc,75.4K,75400,🔥 MY LUXURY FURNITURE 🔥 🔥the lowest prices of the year from today🔥 THE BIG DEAL OF THE YEAR 😍 all available in stock same day delivery 🚚 ✅ hablamos es,https://www.instagram.com/reel/DF29xkvx0zc/,https://www.instagram.com/popular/luxury-furniture/,r1_12
luxury-furniture,6,theacedesignco,DX7WHTEyjWE,372K,372000,"Acrylic furniture ✨ barely there, but impossible to ignore 🫧 . . . . #acrylicfurniture #glassfurniture #luxuryfurniture #luxuryhomes #viralreels",https://www.instagram.com/reel/DX7WHTEyjWE/,https://www.instagram.com/popular/luxury-furniture/,r1_12
luxury-furniture,7,novelhomedecor,DJdNAkGICuP,25.6K,25600,Luxurious Living Room SETTEE Available in Our Showroom For Immediate Pickup or delivery 🚚 🇹🇷 - Comes With: 33-11 Seaters Center Table Tv Unit - Dining,https://www.instagram.com/reel/DJdNAkGICuP/,https://www.instagram.com/popular/luxury-furniture/,r1_12
luxury-furniture,8,elegantessence906,DVsGTu3jEbc,"3,627",3627,"💫Transform your living room space with our imported Turkish luxury Relaxation Sofa set. 💎 Furniture That Defines Class, Comfort & Prestige. — UNBEATAB",https://www.instagram.com/reel/DVsGTu3jEbc/,https://www.instagram.com/popular/luxury-furniture/,r1_12
luxury-furniture,9,luxury_living_brisbane_,DJ3rl0evzmJ,14.6K,14600,"🔥 New Arrivals 🔥 Available in stock in Many colours 𝐀𝐝𝐝𝐫𝐞𝐬𝐬 𝟒𝟒 𝐌𝐨𝐬𝐬 𝐒𝐭, 𝐒𝐥𝐚𝐜𝐤𝐬 𝐂𝐫𝐞𝐞𝐤 𝟒𝟏𝟐𝟕 𝐁𝐫𝐢𝐬𝐛𝐚𝐧𝐞",https://www.instagram.com/reel/DJ3rl0evzmJ/,https://www.instagram.com/popular/luxury-furniture/,r1_12
luxury-furniture,10,woodmet.in,DW4DAlHk7S1,209K,209000,"This Chair Looks Expensive… And It Is 😎 | Woodmet Not every chair is made to impress… but this one is. Designed with premium wood, smooth curves & ult",https://www.instagram.com/reel/DW4DAlHk7S1/,https://www.instagram.com/popular/luxury-furniture/,r1_12
luxury-furniture,11,aggil_furniture,DLs86JPI6mm,33.2K,33200,luxury contemporary sofa chair Price : 12million naira @aggil_furniture your one stop destination for all your furniture needs WHAT SETS US APART 🔹Aff,https://www.instagram.com/reel/DLs86JPI6mm/,https://www.instagram.com/popular/luxury-furniture/,r1_12
luxury-furniture,12,adziran,DHDKDLwN8xF,80.7K,80700,"Elevate your home with our luxurious sofa sets, crafted for royalty. Contact us now to indulge in elegance. رفعوا منزلكم مع مجموعات الأرائك الفاخرة، ا",https://www.instagram.com/reel/DHDKDLwN8xF/,https://www.instagram.com/popular/luxury-furniture/,r1_12
furniture-design,1,bartarinmoblejahan,DaOOiRIoJAj,"9,822",9822,الهام از برترین طراحی‌های مبلمان جهان در دنیای امروز، طراحی مبلمان تنها به زیبایی محدود نمی‌شود؛,https://www.instagram.com/reel/DaOOiRIoJAj/,https://www.instagram.com/popular/furniture-design/,r1_12
furniture-design,2,ak._.furnitures,DcT7TX_Myp1,180K,180000,Count till ten and view ten different designs. #design #furnituredesign #qualitymatter,https://www.instagram.com/reel/DcT7TX_Myp1/,https://www.instagram.com/popular/furniture-design/,r1_12
furniture-design,3,ringchen.furniture,DJrNsRipl0N,194K,194000,The most talked-about craft #sofa #functionalsofa #furniturefactory #chinesefurniture #procurement #custom,https://www.instagram.com/reel/DJrNsRipl0N/,https://www.instagram.com/popular/furniture-design/,r1_12
furniture-design,4,gaurav_furniture_ludhiana,DY7M-SRzoVD,891K,891000,Double Arm Sofa Set With Table ₹28000 Only Contact 9646224841 Gaurav Furniture Ludhiana Customisation Availa,https://www.instagram.com/reel/DY7M-SRzoVD/,https://www.instagram.com/popular/furniture-design/,r1_12
furniture-design,5,furnicher_mahal__,DaVfA_Mpg3j,1.7M,1700000,✨ Nagpur ke luxury homes ke liye premium handmade sofa 🔥 Royal look • Strong quality • Custom design • Prem,https://www.instagram.com/reel/DaVfA_Mpg3j/,https://www.instagram.com/popular/furniture-design/,r1_12
furniture-design,6,shehaofurniture,DacrRArxSn1,594K,594000,"The furniture factory that global curtilage stylist is choosing, the design here is too good to match a plan",https://www.instagram.com/reel/DacrRArxSn1/,https://www.instagram.com/popular/furniture-design/,r1_12
furniture-design,7,karachidaily_information,DdoCk5XIV2q,4.4M,4400000,"Contact☎️:0315-8278227 | Tawakal Furniture | Location📍Bhangoria, Goath, Azizabad, F.B . Area, Karachi..✅#fo",https://www.instagram.com/reel/DdoCk5XIV2q/,https://www.instagram.com/popular/furniture-design/,r1_12
furniture-design,8,alta.chinafurniture,Dbuw1zNNEFS,312K,312000,"🇨🇳Sofa Ksh 295,000 + Shipping to Kenya ✅ 🇨🇳 Accent chairs Ksh 75,000 each + Shipping ✅ 🇨🇳Customized to your prefer",https://www.instagram.com/reel/Dbuw1zNNEFS/,https://www.instagram.com/popular/furniture-design/,r1_12
furniture-design,9,arama_mobila,Dcmxb47HRDJ,1.4M,1400000,"Магия скрытого пространства: твой идеальный хоум-офис Как организовать полноценное, удобное рабочее место дома, но при эт",https://www.instagram.com/reel/Dcmxb47HRDJ/,https://www.instagram.com/popular/furniture-design/,r1_12
furniture-design,10,tx_furniture_tz,DVN0fe7iMq1,11.3K,11300,"✨ Classic. Clean. Timeless Furniture. Tunatengeneza furniture za kisasa kwa oda zenye ubora, umaliziaji mzuri, na muone",https://www.instagram.com/reel/DVN0fe7iMq1/,https://www.instagram.com/popular/furniture-design/,r1_12
furniture-design,11,ebrahimpm,DZ47aEyK1jk,1.2M,1200000,"AL SHAAB FURNITURE AJMAN UAE 🇦🇪 For more enquiries: ☎️ Landline : +97167455788 🛋️ Al Shaab Furniture Ittihad road, B",https://www.instagram.com/reel/DZ47aEyK1jk/,https://www.instagram.com/popular/furniture-design/,r1_12
furniture-design,12,shubham_kochar_shilp_store,DdI7UUGy5ZO,861K,861000,Order naw watsapp 🌹91 9801755890🌹✅#FurnitureNo2 #Furniture #FurnitureDesign 🚚✅✈️🌹🇱🇷🇸🇦🇮🇳#Almirah #Almira,https://www.instagram.com/reel/DdI7UUGy5ZO/,https://www.instagram.com/popular/furniture-design/,r1_12
room-makeover,1,enteheaven,DcBo39hzatO,5.7M,5700000,My heaven🥹🤌🏻 #pinterestyfinds #pinterestyroom #roommakover,https://www.instagram.com/reel/DcBo39hzatO/,https://www.instagram.com/popular/room-makeover/,r1_12
room-makeover,2,glowwithgauriii,DbN8AlHMUnd,81.4K,81400,Dream Room Makeover - Day 8 🎀✨ Comment 'LINK' to get products in DM! @meeshoapp #budgetfinds,https://www.instagram.com/reel/DbN8AlHMUnd/,https://www.instagram.com/popular/room-makeover/,r1_12
room-makeover,3,ayshastories_,Db3PfvsoHk5,117K,117000,"Room makeover series🎀✨part-3 . . . (room makeover series, room transformation series, room decor, room t",https://www.instagram.com/reel/Db3PfvsoHk5/,https://www.instagram.com/popular/room-makeover/,r1_12
room-makeover,4,areeshaa._.here,DW9CcyVRRax,729K,729000,My Room Transformation 🎀✨🫶🏻 Did all of this under a budget 🪄 Links to all my room decor items are in my h,https://www.instagram.com/reel/DW9CcyVRRax/,https://www.instagram.com/popular/room-makeover/,r1_12
room-makeover,5,nidamakesart,DbUWbXWoxYo,112K,112000,15k mein room transformation?? Yes Comment for links 🤭🤭,https://www.instagram.com/reel/DbUWbXWoxYo/,https://www.instagram.com/popular/room-makeover/,r1_12
room-makeover,6,its.aswathy_sethu,DZt2MwqRjBH,672K,672000,"Rental home 🏠 Room makeover part-1 (Room makeover, room decoration , meesho product's room make over) @meeshoapp #room",https://www.instagram.com/reel/DZt2MwqRjBH/,https://www.instagram.com/popular/room-makeover/,r1_12
room-makeover,7,whatsupgloriya,DdMMYAAKYJW,305K,305000,"studio room makeover ep:1 . . . studio room, room transformation, studio room, room decore, transforming my room into s",https://www.instagram.com/reel/DdMMYAAKYJW/,https://www.instagram.com/popular/room-makeover/,r1_12
room-makeover,8,komalch_7,DcQx9m8g-zW,86K,86000,Room makeover part-5 is finally here 🪴💗 #roommakeover #renovation #minivlog #roominspo #fyp,https://www.instagram.com/reel/DcQx9m8g-zW/,https://www.instagram.com/popular/room-makeover/,r1_12
room-makeover,9,zoba.es,Dc8aU_uCZGr,12.3K,12300,Room makeover on a very tight budget! My room needed a little makeover especially cause I moved back home after uni and s,https://www.instagram.com/reel/Dc8aU_uCZGr/,https://www.instagram.com/popular/room-makeover/,r1_12
room-makeover,10,_velvet_abode,Da53cv3Tc-Q,18.9M,18900000,#home #Roommakeover #aesthetic #pintrest,https://www.instagram.com/reel/Da53cv3Tc-Q/,https://www.instagram.com/popular/room-makeover/,r1_12
room-makeover,11,creativevaanarofbraj,DcYvETET-2z,590K,590000,"Part-4 Room makeover . . . . . [Room makeover, room decor, minivlogs, amazon haul, flipkar finds, haul, findsc amazon f",https://www.instagram.com/reel/DcYvETET-2z/,https://www.instagram.com/popular/room-makeover/,r1_12
room-makeover,12,lulalunalee,DcV3kBeh334,952K,952000,alhamdulillah sedikit demi sedikit🤩😍 #room #RoomTour #roomdecor #roommakeover #fyp,https://www.instagram.com/reel/DcV3kBeh334/,https://www.instagram.com/popular/room-makeover/,r1_12
virtual-staging,1,danielseanmaguire,DJDOCGKN_xW,287K,287000,"Realtors, are you still posting empty rooms? That's killing your listing! Step it up with @collov.ai — it transforms bare spaces into beautifully stag",https://www.instagram.com/reel/DJDOCGKN_xW/,https://www.instagram.com/popular/virtual-staging/,r1_12
virtual-staging,2,visuals_by_marcus,DSD5WUlgZhL,"5,349",5349,"AI virtual staging is now available for video! If you've been holding off on video for your empty listings, this is a great way to highlight a homes p",https://www.instagram.com/reel/DSD5WUlgZhL/,https://www.instagram.com/popular/virtual-staging/,r1_12
virtual-staging,3,roomify.design,DU_6TszDUU9,337K,337000,"Soft, warm, and everything you need🤍🧡 #luxurylivingrooms #virtualstaging #interiortransformation #beforeafter #realestate",https://www.instagram.com/reel/DU_6TszDUU9/,https://www.instagram.com/popular/virtual-staging/,r1_12
virtual-staging,4,ar.c.loud,DTvt9SgDDsp,"5,427",5427,An empty room. Endless possibilities. AI-powered virtual staging. Rendore. #virtualstaging #aitool #interiorvisualization #proptech #rendore,https://www.instagram.com/reel/DTvt9SgDDsp/,https://www.instagram.com/popular/virtual-staging/,r1_12
virtual-staging,5,bluegrassrealestatemedia,DSKcDqajisN,"3,450",3450,"Ever wondered how virtual staging can transform a space? Here at Bluegrass Real Estate Media, we help realtors captivate buyers by transforming empty",https://www.instagram.com/reel/DSKcDqajisN/,https://www.instagram.com/popular/virtual-staging/,r1_12
virtual-staging,6,belleau.media,DPAgnXLjVnl,14.5K,14500,Next vacant stunner you get… just know we got you 😉 3893 St. Francis | Listing by Kaija Karmiste #WeSellAgents #BelleauMediaRealEstate #RealEstateMark,https://www.instagram.com/reel/DPAgnXLjVnl/,https://www.instagram.com/popular/virtual-staging/,r1_12
virtual-staging,7,rendair.ai,DRj_fKZFYet,138K,138000,"Comment 'BF' to get info about Black Friday discount!! I love exploring different interior styles, testing furniture layouts, finishes, and atmosphere",https://www.instagram.com/reel/DRj_fKZFYet/,https://www.instagram.com/popular/virtual-staging/,r1_12
virtual-staging,8,edensign_ai,DV_yPgsiQYr,"2,076",2076,This empty room just got a glow-up ✨ AI turned this space into a fully designed room in seconds. No furniture. No staging crew. Just one photo. #homed,https://www.instagram.com/reel/DV_yPgsiQYr/,https://www.instagram.com/popular/virtual-staging/,r1_12
virtual-staging,9,skyviewexperts,DVbQhlZAPTi,"9,278",9278,Don't let your beautiful new build look empty on video. Would you use AI staging? #luxuryhomes #michiganhomes #interiordesign #exteriordesign #virtual,https://www.instagram.com/reel/DVbQhlZAPTi/,https://www.instagram.com/popular/virtual-staging/,r1_12
virtual-staging,10,growithrobin,DPvZjrtk5qo,261K,261000,@collov.ai lets you virtually stage any room in seconds — just upload a photo and watch it transform with realistic furniture and decor. Choose from s,https://www.instagram.com/reel/DPvZjrtk5qo/,https://www.instagram.com/popular/virtual-staging/,r1_12
virtual-staging,11,dv.media__,DQMoVvWEStP,"6,045",6045,We've all seen virtual staging for photos…but what about for videos? The AI revolution is just beginning and many creators are scared that their jobs,https://www.instagram.com/reel/DQMoVvWEStP/,https://www.instagram.com/popular/virtual-staging/,r1_12
virtual-staging,12,real_naples,DOZsQadjONq,"1,031",1031,"Turning drywall into ""wow"" since 2018 🤩 🪄 Empty room ➡️ dream home. That's the magic of virtual staging ✨ Marketing matters — so does your agent. #Vir",https://www.instagram.com/reel/DOZsQadjONq/,https://www.instagram.com/popular/virtual-staging/,r1_12
luxury-real-estate,1,lorenestates,DaANHNRMYsO,838K,838000,"Oliveto Vale presents a refined contemporary estate positioned on one of Bel Air's most coveted ridgelines, where sweeping canyon and city vistas meet",https://www.instagram.com/reel/DaANHNRMYsO/,https://www.instagram.com/popular/luxury-real-estate/,r1_13
luxury-real-estate,2,timberwit,DcypdnmoFJq,1.4M,1400000,"€29,500,000 in Cala Llamp, Mallorca🇪🇸😍 Thanks for the invite @mallorcaselect Follow @mansionisti for more ——————",https://www.instagram.com/reel/DcypdnmoFJq/,https://www.instagram.com/popular/luxury-real-estate/,r1_13
luxury-real-estate,3,hoppergroup,Dcljq_-Cb62,749K,749000,"✨ JUST LISTED | The Enclave at Grandridge Estates $10,700,000 Introducing ""The Enclave,"" an ultra-private newly constructed residence in the prestigio",https://www.instagram.com/reel/Dcljq_-Cb62/,https://www.instagram.com/popular/luxury-real-estate/,r1_13
luxury-real-estate,4,wayup_media,Coh1BTUD6jx,8.2M,8200000,How much is this home is worth?? Architect: @azdarchitects #luxuryhomes #luxurylifestyle #realestate #cool #luxury #wealth #money,https://www.instagram.com/reel/Coh1BTUD6jx/,https://www.instagram.com/popular/luxury-real-estate/,r1_13
luxury-real-estate,5,jad.soflo,Db3C5qwyORl,4.1M,4100000,Should we do more home tours with an FPV Drone? Exclusively listed by @senadaadzem #fpvdrone #fpv #dronetour #luxuryrealestate #homes,https://www.instagram.com/reel/Db3C5qwyORl/,https://www.instagram.com/popular/luxury-real-estate/,r1_13
luxury-real-estate,6,erikaculmer_,DVrCBxKgIA5,203K,203000,"Welcome to the pinnacle of luxury living. Offered at $9,850,000, this extraordinary residence embodies the essence of the Miami lifestyle. Spanning ov",https://www.instagram.com/reel/DVrCBxKgIA5/,https://www.instagram.com/popular/luxury-real-estate/,r1_13
luxury-real-estate,7,wayup_media,ClqxD0UjSbJ,9.8M,9800000,Would you live here?? Sneak peak into a magnificent property we shot yesterday 🥂 Builder: @lamarcohomes Architect: @martinisamartinodesigngroup Design,https://www.instagram.com/reel/ClqxD0UjSbJ/,https://www.instagram.com/popular/luxury-real-estate/,r1_13
luxury-real-estate,8,sourcedinteriorsdesign,DctONdERiHk,2.1M,2100000,The art of the entrance. 🚪 Where architectural mastery meets timeless elegance. This custom pivot door opens to a world of luxury in one of Miami's mo,https://www.instagram.com/reel/DctONdERiHk/,https://www.instagram.com/popular/luxury-real-estate/,r1_13
luxury-real-estate,9,timberwit,DU5q0onCFpl,11.8K,11800,"$24,000,000 in Fort Lauderdale, Florida🌿😍 Thanks for the invite @sarahfloridaluxury Follow @mansionisti for more —————— #luxuryrealestate #mansion #re",https://www.instagram.com/reel/DU5q0onCFpl/,https://www.instagram.com/popular/luxury-real-estate/,r1_13
luxury-real-estate,10,fullpackagemedia,CmaYLyhq1_X,1.4M,1400000,$12.5 million estate with private lake on over 7 acres🫠 Listed by: @georgeandnoonanrealestate Video by: @fullpackagemedia 👇🏻 FOLLOW for more stunning,https://www.instagram.com/reel/CmaYLyhq1_X/,https://www.instagram.com/popular/luxury-real-estate/,r1_13
luxury-real-estate,11,visionaireco,DLVcZHMCxiJ,732K,732000,✨,https://www.instagram.com/reel/DLVcZHMCxiJ/,https://www.instagram.com/popular/luxury-real-estate/,r1_13
luxury-real-estate,12,luxicavibe,DbaGtX9lkQJ,12.3K,12300,"🌟 Welcome to our Luxury House channel! Explore the world's most beautiful luxury houses, dream mansions, paradise villas, modern architecture, luxury",https://www.instagram.com/reel/DbaGtX9lkQJ/,https://www.instagram.com/popular/luxury-real-estate/,r1_13
luxury-house-tour,1,tuesday_leroux,DUqxZBfEmhR,3.9M,3900000,$41M Mansion with a Cinema! Thoughts? . @vipluxuryhomesuae @eddiecavella #mansion,https://www.instagram.com/reel/DUqxZBfEmhR/,https://www.instagram.com/popular/luxury-house-tour/,r1_13
luxury-house-tour,2,rc_homess,DbYMCnmsjMQ,364K,364000,POV: You're walking into the home you've always dreamed about. 😍✨ From the grand entrance to every lu,https://www.instagram.com/reel/DbYMCnmsjMQ/,https://www.instagram.com/popular/luxury-house-tour/,r1_13
luxury-house-tour,3,luxuryhouseview,DVl4FLoiNZw,461K,461000,"Living in a masterpiece of light, space, and luxury💥💎✨. #LuxuryHome #ModernVilla #DreamHome #Luxu",https://www.instagram.com/reel/DVl4FLoiNZw/,https://www.instagram.com/popular/luxury-house-tour/,r1_13
luxury-house-tour,4,theluxuryhomeshow,DWPBYwkEoht,290K,290000,Welcome to $34 million of pure Florida luxury. This residence pushes the boundaries of design with a po,https://www.instagram.com/reel/DWPBYwkEoht/,https://www.instagram.com/popular/luxury-house-tour/,r1_13
luxury-house-tour,5,theluxuryhomeshow,DB_vtY4IzpI,1.5M,1500000,"This $48,000,000 Fort Lauderdale home actually features 3 floors, with an incredible theatre room on t",https://www.instagram.com/reel/DB_vtY4IzpI/,https://www.instagram.com/popular/luxury-house-tour/,r1_13
luxury-house-tour,6,orealproperties,DT7yRW-DEq1,12.2K,12200,📞 0331-6214268 🔥 Islamabad's #1 Designer 1 Kanal Luxury House! 😳 🏡 1 Kanal Top Designer House for Sa,https://www.instagram.com/reel/DT7yRW-DEq1/,https://www.instagram.com/popular/luxury-house-tour/,r1_13
luxury-house-tour,7,wayup_media,DdG5HwoOmiA,166K,166000,Let's just stay in tonight 😌 Interior Design: @house_of_reem #luxuryrealestate #mansion,https://www.instagram.com/reel/DdG5HwoOmiA/,https://www.instagram.com/popular/luxury-house-tour/,r1_13
luxury-house-tour,8,wayup_media,DUqNpOZDtdX,348K,348000,Should we do more house tours with an FPV drone? This home has major curb appeal with a fire feature a,https://www.instagram.com/reel/DUqNpOZDtdX/,https://www.instagram.com/popular/luxury-house-tour/,r1_13
luxury-house-tour,9,navafamilytx,DYITPpMh7Nl,379K,379000,"Not gonna lie the man cave was everything, definitely got my steps in. Can you believe this house was",https://www.instagram.com/reel/DYITPpMh7Nl/,https://www.instagram.com/popular/luxury-house-tour/,r1_13
luxury-house-tour,10,desrosiersarchitects,DcRzF6RBiju,107K,107000,A Private Resort at Home | Luxury Estate Designed by @desrosiersarchitects. Built by @tsagc_official,https://www.instagram.com/reel/DcRzF6RBiju/,https://www.instagram.com/popular/luxury-house-tour/,r1_13
luxury-house-tour,11,dannydhas,DXSOatgD0k8,84.1K,84100,"This is what elevated living actually looks like✨ Perched above MacDonald Highlands, this modern custo",https://www.instagram.com/reel/DXSOatgD0k8/,https://www.instagram.com/popular/luxury-house-tour/,r1_13
luxury-house-tour,12,futurehomesdaily,DIzN_Y6ShVW,63.3K,63300,"$8,500,000 Million dollar estate tour. This is how I wanna tour every home from now on! Would you l",https://www.instagram.com/reel/DIzN_Y6ShVW/,https://www.instagram.com/popular/luxury-house-tour/,r1_13
mansion-tour,1,tuesday_leroux,DUqxZBfEmhR,3.9M,3900000,$41M Mansion with a Cinema! Thoughts? . @vipluxuryhomesuae @eddiecavella #mansion #lux,https://www.instagram.com/reel/DUqxZBfEmhR/,https://www.instagram.com/popular/mansion-tour/,r1_13
mansion-tour,2,millionaire_homes,DZF7MpioDv1,17.9K,17900,"When the architect himself gives you a tour, you know you're in for something special. jessejar",https://www.instagram.com/reel/DZF7MpioDv1/,https://www.instagram.com/popular/mansion-tour/,r1_13
mansion-tour,3,wayup_media,DUqNpOZDtdX,348K,348000,Should we do more house tours with an FPV drone? This home has major curb appeal with a fire f,https://www.instagram.com/reel/DUqNpOZDtdX/,https://www.instagram.com/popular/mansion-tour/,r1_13
mansion-tour,4,navafamilytx,DXUk6mrjjjZ,2.7M,2700000,"Little POV shot of our latest mansion tour @navarealtygroup Text ""McKinney"" at 210-915-6627 to",https://www.instagram.com/reel/DXUk6mrjjjZ/,https://www.instagram.com/popular/mansion-tour/,r1_13
mansion-tour,5,themillionaires_mindset,DKDICFPtiiH,45.2K,45200,Who's dream villa is this? 🤩 . . Follow @themillionaires_mindset for more ! ✔ . . Video by @sapph,https://www.instagram.com/reel/DKDICFPtiiH/,https://www.instagram.com/popular/mansion-tour/,r1_13
mansion-tour,6,nick.arace,DXzMTVtgQsL,338K,338000,"This $11M luxury mansion has a limestone staircase entry with mood lighting 📲Comment ""STAIRCASE",https://www.instagram.com/reel/DXzMTVtgQsL/,https://www.instagram.com/popular/mansion-tour/,r1_13
mansion-tour,7,malaysiahomie,DU7FRyugUyf,1.6M,1600000,"A 19,000 squarefeet mansion with a beautiful backyard ❤️ 🏡 @mag.architect Follow @malaysiahomie",https://www.instagram.com/reel/DU7FRyugUyf/,https://www.instagram.com/popular/mansion-tour/,r1_13
mansion-tour,8,luxuryfeature,DFdapLjxefw,10.5K,10500,This California mega mansion is the epitome of luxury living! 🤯 What's your favorite feature?,https://www.instagram.com/reel/DFdapLjxefw/,https://www.instagram.com/popular/mansion-tour/,r1_13
mansion-tour,9,tuesday_leroux,DLNhRhFykn0,7.8M,7800000,$48.6M Mansion! @fiduproperties @nazish8 . Content Director: @dayonlavetale . . . #mansion #luxury,https://www.instagram.com/reel/DLNhRhFykn0/,https://www.instagram.com/popular/mansion-tour/,r1_13
mansion-tour,10,theluxuryhomeshow,DJrVdhtowGH,202K,202000,"Inside a $70,000,000 Mansion in California.. wait for the basement 😲 To meet the owner, @michael",https://www.instagram.com/reel/DJrVdhtowGH/,https://www.instagram.com/popular/mansion-tour/,r1_13
mansion-tour,11,2bdesignbuild,CRzFDcvnvt_,1.2M,1200000,007 seconds mansion tour- comment with a❤️& Share if you 👍 SEE our IGTV for full tour - Chateau,https://www.instagram.com/reel/CRzFDcvnvt_/,https://www.instagram.com/popular/mansion-tour/,r1_13
mansion-tour,12,futurehomesdaily,DIzN_Y6ShVW,63.3K,63300,"$8,500,000 Million dollar estate tour. This is how I wanna tour every home from now on! Would y",https://www.instagram.com/reel/DIzN_Y6ShVW/,https://www.instagram.com/popular/mansion-tour/,r1_13
penthouse-tour,1,ericrax_,DTg5ZdfCUtE,3.6M,3600000,Blessed🙏 #penthouse,https://www.instagram.com/reel/DTg5ZdfCUtE/,https://www.instagram.com/popular/penthouse-tour/,r1_13
penthouse-tour,2,ridhi.khosla.jalan,DLv61Bqo4V_,132K,132000,This tour happened because I have the best followers on Insta ♥️ Storytime: @kavitagenomal noticed I was in New York through my stories — reached out,https://www.instagram.com/reel/DLv61Bqo4V_/,https://www.instagram.com/popular/penthouse-tour/,r1_13
penthouse-tour,3,antt,DUjuUXRDegY,157K,157000,#penthouse,https://www.instagram.com/reel/DUjuUXRDegY/,https://www.instagram.com/popular/penthouse-tour/,r1_13
penthouse-tour,4,markonyc,DBqpwtKqV1U,300K,300000,God I love this penthouse… #nycrealestate #luxurylifestyle #luxuryhomes #realestate #nycapartments #penthouse #nycpenthouse #billionairelifestyles,https://www.instagram.com/reel/DBqpwtKqV1U/,https://www.instagram.com/popular/penthouse-tour/,r1_13
penthouse-tour,5,luxlocators,DViBkP5DRo1,256K,256000,Send this to your person ✨❤️‍🔥 #penthouseliving #dallaspenthouse #dallasliving #luxurypenthouse #luxuryapartment,https://www.instagram.com/reel/DViBkP5DRo1/,https://www.instagram.com/popular/penthouse-tour/,r1_13
penthouse-tour,6,corcoransunshine,CyMU7yQRVIA,1M,1000000,"With the asking price of $24,975,000—Duplex Penthouse 88B at 15 Hudson Yards was the top sale in NYC last week 🙌 The dramatic double-height living roo",https://www.instagram.com/reel/CyMU7yQRVIA/,https://www.instagram.com/popular/penthouse-tour/,r1_13
penthouse-tour,7,alexander_zakharin,DU-vAEujd8W,179K,179000,Living a dream #newyork #apartment #penthouse,https://www.instagram.com/reel/DU-vAEujd8W/,https://www.instagram.com/popular/penthouse-tour/,r1_13
penthouse-tour,8,dejan.tolmac,DTiz85Ykefk,98.9K,98900,"A penthouse apartment with a ""perfect"" (unobstructed and comprehensive) NYC skyline view is extremely hard to find. These units are rare and command a",https://www.instagram.com/reel/DTiz85Ykefk/,https://www.instagram.com/popular/penthouse-tour/,r1_13
penthouse-tour,9,agentbillionaire,DIimiZzCyHr,14.5K,14500,"🌆✨ Penthouse perfection with breathtaking LA views 🏙️🔥 Elevate your lifestyle with skyline panoramas, sleek modern design, and ultimate luxury high ab",https://www.instagram.com/reel/DIimiZzCyHr/,https://www.instagram.com/popular/penthouse-tour/,r1_13
penthouse-tour,10,nestor_milic,DTnNTj_CKpP,19.2K,19200,Not just a penthouse. A perspective. #luxuryliving,https://www.instagram.com/reel/DTnNTj_CKpP/,https://www.instagram.com/popular/penthouse-tour/,r1_13
penthouse-tour,11,clarazrd,DCez39nPOfF,1.5M,1500000,"Coming back home to this view✨🤩🌃#newyork #nightview 📍30 Rose Hill - Penthouse B $12,499,995.00 Partnership: Clara.catherine.zoroddu@gmail.com #apartme",https://www.instagram.com/reel/DCez39nPOfF/,https://www.instagram.com/popular/penthouse-tour/,r1_13
penthouse-tour,12,ryanmikols,C_a5wnXpQrN,269K,269000,Would you guys pay $5k/mo for this..? #apartmenttour #miamilife #penthouse,https://www.instagram.com/reel/C_a5wnXpQrN/,https://www.instagram.com/popular/penthouse-tour/,r1_13
real-estate,1,joseoliveirafilms,DOFT4aFEQpv,75.6K,75600,Share this post until realtors stop doing those mistakes … #realestate #realestateagent #realestatemarketing,https://www.instagram.com/reel/DOFT4aFEQpv/,https://www.instagram.com/popular/real-estate/,r1_13
real-estate,2,soldbytyler,DWzPi-IgcuY,8.8M,8800000,"Which GTA house would you rather to live in? 🤔 List: @resnickandnash DM me for all Buying, Selling, and Leasing in LA. 📲 Personal",https://www.instagram.com/reel/DWzPi-IgcuY/,https://www.instagram.com/popular/real-estate/,r1_13
real-estate,3,lifeaccordingtotodd,DJZna0AuAbz,15.6K,15600,"Some of the best real estate deals I've ever done came from the properties nobody wanted. Most investors look for the perfect properties, but that's n",https://www.instagram.com/reel/DJZna0AuAbz/,https://www.instagram.com/popular/real-estate/,r1_13
real-estate,4,mike_sells_hudson,DXeW-nhDm_Q,"4,457",4457,"Most people walk into a home and only see what it is today. Smart buyers and investors see what it can become. When purchasing real estate, two things",https://www.instagram.com/reel/DXeW-nhDm_Q/,https://www.instagram.com/popular/real-estate/,r1_13
real-estate,5,tatlondono,DXFrYimDR_z,45.4K,45400,Want more views on your real estate content? Start with your hook. 👇 You have 3 to 5 seconds to stop someone mid scroll. That is it. One of the best h,https://www.instagram.com/reel/DXFrYimDR_z/,https://www.instagram.com/popular/real-estate/,r1_13
real-estate,6,wayup_media,DVGl8ltDtL_,10.2M,10200000,"This answer says more about your marriage than you might think 😂 Tag her to see if you got it right. One home gives full luxury castle vibes, the next",https://www.instagram.com/reel/DVGl8ltDtL_/,https://www.instagram.com/popular/real-estate/,r1_13
real-estate,7,utahrealestatepaige,CXBhl3MhCSp,8M,8000000,"I am going to make sure every buyer sees your home, market it perfectly, and get you the max price out of it. I can tell you exactly what will happen",https://www.instagram.com/reel/CXBhl3MhCSp/,https://www.instagram.com/popular/real-estate/,r1_13
real-estate,8,soldbymarkz,DQXux2ZkZmV,146K,146000,"Everyone thinks you need a ton of money to start investing in real estate, but that's not true. 💡 Smart investors know how to leverage financing, part",https://www.instagram.com/reel/DQXux2ZkZmV/,https://www.instagram.com/popular/real-estate/,r1_13
real-estate,9,limarie.gabriel_realtor,DW0B9E5uY3q,3.4M,3400000,"They were $10,000 apart… and still lost the deal. Let that sink in. Not because they couldn't afford it. Not because the house wasn't worth it. But be",https://www.instagram.com/reel/DW0B9E5uY3q/,https://www.instagram.com/popular/real-estate/,r1_13
real-estate,10,renatuseducation,DU_ipCmkiRi,"1,117",1117,Real estate prices aren't coming down… #renatus #realestate #investing,https://www.instagram.com/reel/DU_ipCmkiRi/,https://www.instagram.com/popular/real-estate/,r1_13
real-estate,11,skyviewexperts,DUntgSygEbm,28K,28000,Don't sleep on Artificial Intelligence. Using AI in your real estate videos is a powerful way to bring a property's full potential to life. Visualize,https://www.instagram.com/reel/DUntgSygEbm/,https://www.instagram.com/popular/real-estate/,r1_13
real-estate,12,gautamsinghania99,DVfSb-Jkk-a,48.7M,48700000,"Positioned in the fast-evolving SoBo Central corridor, The Address by GS, Wadala reflects our continued focus on disciplined planning, strong design,",https://www.instagram.com/reel/DVfSb-Jkk-a/,https://www.instagram.com/popular/real-estate/,r1_13
architecture-photography,1,artleove,DCwfVj-ItHr,429K,429000,"Meet Constantinos Spathis, a Greek architect and one of Instagram's top drone photographers. His feed",https://www.instagram.com/reel/DCwfVj-ItHr/,https://www.instagram.com/popular/architecture-photography/,r1_13
architecture-photography,2,igortermenon,Db-yR30tlzn,372K,372000,"Spending the next heat wave here 🌴 Check my photography work on my profile, and find the",https://www.instagram.com/reel/Db-yR30tlzn/,https://www.instagram.com/popular/architecture-photography/,r1_13
architecture-photography,3,andresnunezarquitectos,DcgmeFsxg2T,188K,188000,Casa Francis Condominio Hacienda Chicureo,https://www.instagram.com/reel/DcgmeFsxg2T/,https://www.instagram.com/popular/architecture-photography/,r1_13
architecture-photography,4,yousef.almehdari,DdB7UxEN74L,213K,213000,My favourite trick for architectural photography on crowded areas - use long exposures to turn,https://www.instagram.com/reel/DdB7UxEN74L/,https://www.instagram.com/popular/architecture-photography/,r1_13
architecture-photography,5,avalwynhouse,DbWtPBZTnmX,389K,389000,"Built, not taken. — Avalwyn House #interiordesignindia #architecturephotography #luxuryinteriors #hotel",https://www.instagram.com/reel/DbWtPBZTnmX/,https://www.instagram.com/popular/architecture-photography/,r1_13
architecture-photography,6,antoinebn,Db3TFQXxSXm,24.5K,24500,"✨ Not so long ago, beauty was everywhere, even in little details of the every day life. Where has",https://www.instagram.com/reel/Db3TFQXxSXm/,https://www.instagram.com/popular/architecture-photography/,r1_13
architecture-photography,7,hasselblad,DdRFhAmj2Y5,198K,198000,"A thousand-year-old inscription, brought into focus. Silent yet enduring, the Yingxian Wooden Pagoda carries a presence shaped",https://www.instagram.com/reel/DdRFhAmj2Y5/,https://www.instagram.com/popular/architecture-photography/,r1_13
architecture-photography,8,casa.curutchet,DcrYIx7CSBn,139K,139000,"ARCHITECTURE IS A PLAY OF VOLUMES UNDER THE LIGHT. LE CORBUSIER 📍Casa Curutchet 🇦🇷 La Plata, Buenos Aires",https://www.instagram.com/reel/DcrYIx7CSBn/,https://www.instagram.com/popular/architecture-photography/,r1_13
architecture-photography,9,kainos_architecture,Dc4RL10J7de,113K,113000,"Above the clouds. Beyond the ordinary. Architecture shaped by the landscape, suspended between nature and the horizon.",https://www.instagram.com/reel/Dc4RL10J7de/,https://www.instagram.com/popular/architecture-photography/,r1_13
architecture-photography,10,nina.nayko,DRKeOeoCPrl,543K,543000,Uneasy comfort #photography #editing #editingtutorial #architecture #cinematic #darkaesthetic #brutalism #georgia,https://www.instagram.com/reel/DRKeOeoCPrl/,https://www.instagram.com/popular/architecture-photography/,r1_13
architecture-photography,11,francescobeggio,Db0tDSPtQ2Y,161K,161000,"Il Lost Shtetl Museum, progettato da Lahdelma & Mahlamäki Architects e completato nel 2025, è un gioiello architettonico",https://www.instagram.com/reel/Db0tDSPtQ2Y/,https://www.instagram.com/popular/architecture-photography/,r1_13
architecture-photography,12,sigaarchitect,Ddm_jLNTINF,640K,640000,Beautiful Classical Villa. . . #sigaarchitect #interiordesign #interior #architect #architecturephotography,https://www.instagram.com/reel/Ddm_jLNTINF/,https://www.instagram.com/popular/architecture-photography/,r1_13
interior-styling,1,studio.lux.interiors,C_aHkQqA_WA,57.8K,57800,Interior styling is more than just the finishing touches ~ it's the artistry that brings a space to life 🙌🏼,https://www.instagram.com/reel/C_aHkQqA_WA/,https://www.instagram.com/popular/interior-styling/,r1_13
interior-styling,2,tmukulinteriorstyling,DYHDeEGq2PS,584,584,"Interior styling isn't always about adding more. Sometimes, the real magic happens in what you choose to remove.",https://www.instagram.com/reel/DYHDeEGq2PS/,https://www.instagram.com/popular/interior-styling/,r1_13
interior-styling,3,islandgal_5homedecor,DVAWRiZjXlh,291K,291000,Comment VASE and I'll share deets! My favorite floor vases! #homedecor #floorvase #interiorstyling #homeinspo #homedecorat,https://www.instagram.com/reel/DVAWRiZjXlh/,https://www.instagram.com/popular/interior-styling/,r1_13
interior-styling,4,briellynturton,DUwRNzIE-nh,10.1K,10100,"How I style my own Living Room as an Interior Designer. It's not about perfection, it's about experimentation and personal express",https://www.instagram.com/reel/DUwRNzIE-nh/,https://www.instagram.com/popular/interior-styling/,r1_13
interior-styling,5,roomify.design,DVrk07ojSsm,1.7M,1700000,Turning an empty room into a warm luxury bedroom. The right textures + lighting make all the difference. Would you live here? #homest,https://www.instagram.com/reel/DVrk07ojSsm/,https://www.instagram.com/popular/interior-styling/,r1_13
interior-styling,6,mojisstyle,DV1mm8YEVh8,566K,566000,"Ending the week with a quiet spa moment at home, a little time to slow down after a long week 😌 How are you spending your Friday eve",https://www.instagram.com/reel/DV1mm8YEVh8/,https://www.instagram.com/popular/interior-styling/,r1_13
interior-styling,7,housenumbereight_,DD1WiXuutPt,1.6M,1600000,"I'm often asked how I would describe my interior style. It's a mix of minimalism, a touch of Danish design, and the practicality of a fa",https://www.instagram.com/reel/DD1WiXuutPt/,https://www.instagram.com/popular/interior-styling/,r1_13
interior-styling,8,nestbygrazi.design,DV8lXlgjmIM,544K,544000,"For $399, you get a complete design plan: ✔ Layout plan ✔ Realistic 3D renderings ✔ Clickable shopping list ✔ Color & material direction ✔",https://www.instagram.com/reel/DV8lXlgjmIM/,https://www.instagram.com/popular/interior-styling/,r1_13
interior-styling,9,psychologyfacts0099,DVGfCUaCIZa,9M,9000000,Would you sleep here for $1 Million? 🐊💸 We built an underground container home with a direct view into a crocodile river. From rusty,https://www.instagram.com/reel/DVGfCUaCIZa/,https://www.instagram.com/popular/interior-styling/,r1_13
interior-styling,10,fullonshreya,DWD5HZGEVyr,32.1K,32100,"Interiors are not just seen… they are felt 🤍 From textures to finishes, every detail defines the space you live in. At Zeitlos Interior St",https://www.instagram.com/reel/DWD5HZGEVyr/,https://www.instagram.com/popular/interior-styling/,r1_13
interior-styling,11,thehomestylist__,DVJD3kJElNI,275K,275000,Don't guess. Measure. 📐 📏 Here are some spacing rules you should save 👇 Distance between sofa and coffee table: 45–60cm Bed rug reveal,https://www.instagram.com/reel/DVJD3kJElNI/,https://www.instagram.com/popular/interior-styling/,r1_13
interior-styling,12,katyaresin,DXPwxuFjdrG,616K,616000,Nature meets home. 🪵 There's something so peaceful about the glow of real wood and candles. Adding a touch of warmth to the space toda,https://www.instagram.com/reel/DXPwxuFjdrG/,https://www.instagram.com/popular/interior-styling/,r1_13
bedroom-decor,1,homeofmerve,CvNKxqDtAj1,13.1M,13100000,liebs💓🫶🏽 #bedroom • • • • • • • • • • • • • • • #interior #inspohome,https://www.instagram.com/reel/CvNKxqDtAj1/,https://www.instagram.com/popular/bedroom-decor/,r1_13
bedroom-decor,2,divaa.finds,DVy7BDyE0-d,1.5M,1500000,🛏 My bedroom transformation is complete with Temu's Aesthetic White Bedroom essentials!,https://www.instagram.com/reel/DVy7BDyE0-d/,https://www.instagram.com/popular/bedroom-decor/,r1_13
bedroom-decor,3,glamorouslyliving,DRSkVC_CcS8,439K,439000,Create a bedroom you love walking into 😍 Comment VIBE and I'll send you the deets,https://www.instagram.com/reel/DRSkVC_CcS8/,https://www.instagram.com/popular/bedroom-decor/,r1_13
bedroom-decor,4,myyab_designs,DVKed_aEX_I,651K,651000,A little pillow refresher and suddenly the whole room feels new 🤍 Sometimes it's not about changing,https://www.instagram.com/reel/DVKed_aEX_I/,https://www.instagram.com/popular/bedroom-decor/,r1_13
bedroom-decor,5,rksnest,DVklPk9DDaU,2.6M,2600000,"After a hectic day, home is the place that brings peace and warmth. And for me, that feeling",https://www.instagram.com/reel/DVklPk9DDaU/,https://www.instagram.com/popular/bedroom-decor/,r1_13
bedroom-decor,6,moonsleep.co,DVtZ6E-jYeI,3.9M,3900000,"I'm the big spoon tonight 🌙 $100 off pre-orders, 🔗 in bio. #moonsleep #moonspoon #bodypillow",https://www.instagram.com/reel/DVtZ6E-jYeI/,https://www.instagram.com/popular/bedroom-decor/,r1_13
bedroom-decor,7,divaa.finds,DLx_3fsI3kn,1M,1000000,"Welcome to my cozy, dreamy bedroom — the space that truly feels like home. From soft lighting to",https://www.instagram.com/reel/DLx_3fsI3kn/,https://www.instagram.com/popular/bedroom-decor/,r1_13
bedroom-decor,8,mojisstyle,DW4amjWEU4B,707K,707000,The weather warmed up a little and I was itching for some spring vibes in here 😂 the yellow,https://www.instagram.com/reel/DW4amjWEU4B/,https://www.instagram.com/popular/bedroom-decor/,r1_13
bedroom-decor,9,annaellens_,C9VN5dPqg_a,1.5M,1500000,"Turns out, not all changes are for the better! 🙈 I've made a few changes to this room in recent",https://www.instagram.com/reel/C9VN5dPqg_a/,https://www.instagram.com/popular/bedroom-decor/,r1_13
bedroom-decor,10,hometrendyhome,DH0tlhWsXNM,14.5K,14500,What not to miss if you love cozy elegance 👆- this modern bedroom by @ell.glamhome with gorgeous,https://www.instagram.com/reel/DH0tlhWsXNM/,https://www.instagram.com/popular/bedroom-decor/,r1_13
bedroom-decor,11,roxy_carretero,DXfo1kCCWpx,23.2K,23200,"Comment ""SHOP"" for links 🔗💌 Así va quedando la habitación 🥰✨ #bedroomdecor #cozybedroom",https://www.instagram.com/reel/DXfo1kCCWpx/,https://www.instagram.com/popular/bedroom-decor/,r1_13
bedroom-decor,12,goldenhourabode,DAR27mHPLNA,1.7M,1700000,the other day someone asked me what my favorite project has been from the new house so far and,https://www.instagram.com/reel/DAR27mHPLNA/,https://www.instagram.com/popular/bedroom-decor/,r1_13
living-room-decor,1,vesgantti_home,Da0ctnokTqw,712K,712000,Not trend driven. Just slowly built. — Follow @vesgantti_home for rooms that age well.,https://www.instagram.com/reel/Da0ctnokTqw/,https://www.instagram.com/popular/living-room-decor/,r1_13
living-room-decor,2,vesgantti_home,DaTWN4Pjlkh,2M,2000000,"Designed to be lived in, not staged. — @vesgantti_home for warm contemporary living.",https://www.instagram.com/reel/DaTWN4Pjlkh/,https://www.instagram.com/popular/living-room-decor/,r1_13
living-room-decor,3,homelove.bylaura,DcUC5bzitR8,2M,2000000,staying in > going out 🤍 #interiordesign #cozyhome #explorepage #interior #Livingroom,https://www.instagram.com/reel/DcUC5bzitR8/,https://www.instagram.com/popular/living-room-decor/,r1_13
living-room-decor,4,home_designfr,DOTl0KLCHQn,66K,66000,"Hello, Les vacances sont finies, demain c'est la reprise… ça va être dur 😕 Ça passe tellement vite",https://www.instagram.com/reel/DOTl0KLCHQn/,https://www.instagram.com/popular/living-room-decor/,r1_13
living-room-decor,5,aveotasarim,DV6MooqDA88,634K,634000,Would you live in this livingroom? #interiordesign #livingroom #homemakeover #evyenileme #salondekorasyonu,https://www.instagram.com/reel/DV6MooqDA88/,https://www.instagram.com/popular/living-room-decor/,r1_13
living-room-decor,6,queen.olu,Da_J0gGhdyM,342K,342000,how are we liking the new space so far? 🤭 all furniture is linked in my bio! the kitchen vases,https://www.instagram.com/reel/Da_J0gGhdyM/,https://www.instagram.com/popular/living-room-decor/,r1_13
living-room-decor,7,the.quirkartforhome,DaE9v7bsEdk,1.2M,1200000,Let's see favourite part of home in comment section🏡😍 . . . . . . . . . #homedecor #indianhomedecor,https://www.instagram.com/reel/DaE9v7bsEdk/,https://www.instagram.com/popular/living-room-decor/,r1_13
living-room-decor,8,ravnix23,DcTtpUMAeRA,"9,971",9971,"Warm lighting, soft textures, neutral tones, and elegant furniture come together to create a space that feels peaceful",https://www.instagram.com/reel/DcTtpUMAeRA/,https://www.instagram.com/popular/living-room-decor/,r1_13
living-room-decor,9,pinkoro_house,DKWedwshlzc,626K,626000,@pinkoro_house Today's living room 🌿 #グレージュインテリア #リビングインテリア #インテリアコーディネート #植物のある暮らし,https://www.instagram.com/reel/DKWedwshlzc/,https://www.instagram.com/popular/living-room-decor/,r1_13
living-room-decor,10,watchthebuild,DacJhpkS_0q,465K,465000,"From Empty Space to Cozy Home 🔥 From an empty room to a cozy living room — simple styling, warm textures",https://www.instagram.com/reel/DacJhpkS_0q/,https://www.instagram.com/popular/living-room-decor/,r1_13
living-room-decor,11,farahjmerhi,B-IxGvXFWe5,NA,,Getting closer to being done in this room!! I made a few changes in here including my new coffee table and side,https://www.instagram.com/reel/B-IxGvXFWe5/,https://www.instagram.com/popular/living-room-decor/,r1_13
living-room-decor,12,roxy_carretero,DacKAUwPv5s,397K,397000,"Follow & Comment ""SHOP"" for links 🔗💌 Ever 🙂‍↔️ 🤍 Let me know if you're like me !!",https://www.instagram.com/reel/DacKAUwPv5s/,https://www.instagram.com/popular/living-room-decor/,r1_13
kitchen-inspiration,1,jusathome,DH9D6uqqjnD,1.9M,1900000,🍃 K I T C H E N R E E L 🍃 Who can believe this weather? It's been glorious on the South Coast but can't wait to be back and get more jobs done in the,https://www.instagram.com/reel/DH9D6uqqjnD/,https://www.instagram.com/popular/kitchen-inspiration/,r1_13
kitchen-inspiration,2,em_henderson,DWXaWZaAefE,3.6M,3600000,Love this kitchen with my whole heart:) 💙 if you want to know more about my kitchen I wrote a whole blog post on all our design decisions with a list,https://www.instagram.com/reel/DWXaWZaAefE/,https://www.instagram.com/popular/kitchen-inspiration/,r1_13
kitchen-inspiration,3,featheringournest,CvVD7laqmRf,666K,666000,Don't get me wrong in frame kitchens are beautiful but they can be up to 30% more expensive. If you get your other finishes and styling right I think,https://www.instagram.com/reel/CvVD7laqmRf/,https://www.instagram.com/popular/kitchen-inspiration/,r1_13
kitchen-inspiration,4,olena_prykhodko_design,DXhUusPDO4T,452K,452000,"10 Kitchen Colors That Instantly Look Expensive Same kitchen, 10 completely different color moods. From soft neutrals to bold statement shades, these",https://www.instagram.com/reel/DXhUusPDO4T/,https://www.instagram.com/popular/kitchen-inspiration/,r1_13
kitchen-inspiration,5,inside_142,C9HhYw3MmE_,6.2M,6200000,Adding fruit = adding colour right? 🍌 🍑 For all of the haters I've had over the years about my kitchens lack of personality or that the cupboards shou,https://www.instagram.com/reel/C9HhYw3MmE_/,https://www.instagram.com/popular/kitchen-inspiration/,r1_13
kitchen-inspiration,6,saltandserenity_coastalhaven,DUz83M6EpzC,13.3K,13300,8 things in my kitchen that just make sense!! Which one is your favourite? #kitchendesıgn #kitcheninspo #kitchenstorage #kitchenreel #myhometoinspire,https://www.instagram.com/reel/DUz83M6EpzC/,https://www.instagram.com/popular/kitchen-inspiration/,r1_13
kitchen-inspiration,7,ambitiouskitchen,C0Z3E2dPZpN,7.9M,7900000,"when you're a food blogger + mama of 3, a super functional kitchen is EVERYTHING! I'm truly so so grateful for this space that I've been dreaming abou",https://www.instagram.com/reel/C0Z3E2dPZpN/,https://www.instagram.com/popular/kitchen-inspiration/,r1_13
kitchen-inspiration,8,nikol.hladek,DW64JlFCA0l,205K,205000,The most common question I get is about our kitchen countertop 🤍 Taj Mahal is timeless and so unique ✨ #newhome #homeinspo #neutralhome #kitcheninspir,https://www.instagram.com/reel/DW64JlFCA0l/,https://www.instagram.com/popular/kitchen-inspiration/,r1_13
kitchen-inspiration,9,sq_interiors_ae,DW9JeF-DHES,696K,696000,Kitchen colour combinations you should definitely consider for your kitchen Save this for later ✨ Which combination is your favorite? 👀 Each palette c,https://www.instagram.com/reel/DW9JeF-DHES/,https://www.instagram.com/popular/kitchen-inspiration/,r1_13
kitchen-inspiration,10,maisonnyckel,DUPA4S4CVk-,561K,561000,"Le moodboard parfait pour une cuisine chaleureuse. 🕊️ Votre élément préféré ici ? Perso, on craque pour les luminaires ! #interiordesign #kitcheninspi",https://www.instagram.com/reel/DUPA4S4CVk-/,https://www.instagram.com/popular/kitchen-inspiration/,r1_13
kitchen-inspiration,11,builderswife,DUxcW_vkdPH,296K,296000,"Trust me - add this to your kitchen, whether it's in your island and / or near the sink and dishwasher. Don't forget the drawer above to use that wast",https://www.instagram.com/reel/DUxcW_vkdPH/,https://www.instagram.com/popular/kitchen-inspiration/,r1_13
kitchen-inspiration,12,nicholepaclibar,DW_ygHtGfAi,701K,701000,"aesthetic kitchen finds 💫 drop ""KITCHEN"" for the deets to everything I used to update my kitchen and make it feel high end on a budget! #kitcheninspir",https://www.instagram.com/reel/DW_ygHtGfAi/,https://www.instagram.com/popular/kitchen-inspiration/,r1_13
dream-closet,1,deirdres_design,DF1kNfqRmIF,71.7K,71700,Tag someone who would love this dream closet via @msblingmiami ✨ I'm excited to offer a special virtual design consultation!,https://www.instagram.com/reel/DF1kNfqRmIF/,https://www.instagram.com/popular/dream-closet/,r1_13
dream-closet,2,ibuilddevelopers,DW7vFiAIJ48,416K,416000,#dream,https://www.instagram.com/reel/DW7vFiAIJ48/,https://www.instagram.com/popular/dream-closet/,r1_13
dream-closet,3,tessshanahan,DWKS9Gpk3j-,1.1M,1100000,my dream wardrobe (& shaun's too tbh!) #dreamwardrobe #walkincloset #closettour #homedesign,https://www.instagram.com/reel/DWKS9Gpk3j-/,https://www.instagram.com/popular/dream-closet/,r1_13
dream-closet,4,neatmethod,DUrAEncjwpo,66.1K,66100,"So good we never want to leave #closetgoals closet organizing, organized spaces",https://www.instagram.com/reel/DUrAEncjwpo/,https://www.instagram.com/popular/dream-closet/,r1_13
dream-closet,5,lvclosetdesign,DQ77Qe_gSdS,2.2M,2200000,This transformation is one of my toughest challenges to date! Fitting everything AND more than what was shown in the before video while also redirecti,https://www.instagram.com/reel/DQ77Qe_gSdS/,https://www.instagram.com/popular/dream-closet/,r1_13
dream-closet,6,aliiezle,DUWDQyQDGig,"5,376",5376,literally a dream ✨ • • • #dreamcloset #bigcloset #bigwardrobe #wardrobe,https://www.instagram.com/reel/DUWDQyQDGig/,https://www.instagram.com/popular/dream-closet/,r1_13
dream-closet,7,thecouturecloset1,DOGYBLcDWM-,404K,404000,"The Couture Closet is celebrating 12 years designing luxury closets! Peek inside this high gloss closet with custom designed cabinetry, integrated LED",https://www.instagram.com/reel/DOGYBLcDWM-/,https://www.instagram.com/popular/dream-closet/,r1_13
dream-closet,8,_brooklyn_22,CpxkMTqA93t,34.9K,34900,I promise I'll show other parts of the house when we don't have 72725 boxes laying around 🫠 #closet #pinkcloset,https://www.instagram.com/reel/CpxkMTqA93t/,https://www.instagram.com/popular/dream-closet/,r1_13
dream-closet,9,livautry,DVXVcsBjqdU,1M,1000000,my fav room in the house🙌🙌 #roomtour #organize #satisfying #closet #inspo,https://www.instagram.com/reel/DVXVcsBjqdU/,https://www.instagram.com/popular/dream-closet/,r1_13
dream-closet,10,ashlan.sorenson,DVXP4QcDWke,2.1M,2100000,FINALLY organized my dream closet! You can comment 'WANT' for closet links💌,https://www.instagram.com/reel/DVXP4QcDWke/,https://www.instagram.com/popular/dream-closet/,r1_13
dream-closet,11,americasrealtygroup,DCfljsyv0bR,1.2M,1200000,"The closet SHE deserves!😌 🔎Looking for a home in Texas? DM us ""TEXAS HOME"" to get started! 🥂 #dreamhome #luxuryrealestate #closet #moderndesign",https://www.instagram.com/reel/DCfljsyv0bR/,https://www.instagram.com/popular/dream-closet/,r1_13
dream-closet,12,philkeandesigngroup,DSGQeRiEvi1,3.7M,3700000,The closet *you* need ✨ Follow for more home inspiration. #PhilKeanDesignGroup #ClosetGoals #LuxuryCustomHome #CustomCloset,https://www.instagram.com/reel/DSGQeRiEvi1/,https://www.instagram.com/popular/dream-closet/,r1_13
luxury-apartment,1,asan_emlak.az,DWQlih9CBiF,940K,940000,"⚜️ 28 May metro ⚜️ 28 Residence – Premium bina👌 ⚜️ 2 sürətli lift, 2 mərtəbə parkinq ⚜️ Geniş",https://www.instagram.com/reel/DWQlih9CBiF/,https://www.instagram.com/popular/luxury-apartment/,r1_13
luxury-apartment,2,ecompatrik,DPe9TAuiCc1,"4,888",4888,Dream Apartment 🥰 #apartment #lifestyle #rich,https://www.instagram.com/reel/DPe9TAuiCc1/,https://www.instagram.com/popular/luxury-apartment/,r1_13
luxury-apartment,3,zenqarchitecture,DRk4Kc4jHwg,56.3K,56300,Which part of the apartment steals your heart? • Follow @zenqarchitecture for more! • BY @zilola_design •,https://www.instagram.com/reel/DRk4Kc4jHwg/,https://www.instagram.com/popular/luxury-apartment/,r1_13
luxury-apartment,4,architectures0ciety,DR9ZGICAvoC,22.6K,22600,"City lights outside, aurora glow inside ✨ The purple wash on the ceiling, the warm Christmas tree and the white sofa make this apartment feel like a",https://www.instagram.com/reel/DR9ZGICAvoC/,https://www.instagram.com/popular/luxury-apartment/,r1_13
luxury-apartment,5,luxlocators,DPmuOKIkieC,32.3K,32300,"📍 Dallas, Tx For a FREE list of luxury apartments that fit your needs comment 'info' ✨ #dallasluxury #dallaslifestyle #dallasviews #luxuryapartment #c",https://www.instagram.com/reel/DPmuOKIkieC/,https://www.instagram.com/popular/luxury-apartment/,r1_13
luxury-apartment,6,nestseekersdubai,DAd_uPyq6dQ,42K,42000,Luxury Apartments for sale in the Heart of Dubai !! Contact us now for more information ℹ️ Discover best properties in Dubai with us !!,https://www.instagram.com/reel/DAd_uPyq6dQ/,https://www.instagram.com/popular/luxury-apartment/,r1_13
luxury-apartment,7,aadhunik.estates,DWV1jTwk4pn,50.9K,50900,✨ Experience Hotel-Style Luxury Living ✨ Ultra-Luxury 3BHK Builder Floor in SL-1 | 270 Sq. Yards Step into a home that feels like a 5-star hotel 🏡,https://www.instagram.com/reel/DWV1jTwk4pn/,https://www.instagram.com/popular/luxury-apartment/,r1_13
luxury-apartment,8,lk4id,CxH3K5IL2w6,13M,13000000,Modern urban #penthouse living area 🥂 #housetour #walkthrough #virtualreality #render #livingroom #condo #virtualtour #livingroominspo #livingroomdesi,https://www.instagram.com/reel/CxH3K5IL2w6/,https://www.instagram.com/popular/luxury-apartment/,r1_13
luxury-apartment,9,tns_realestate_,DPxeDONj46y,351K,351000,✨ Experience the Art of Fine Living ✨ 🏡 3–5 BHK Spacious Luxury Flats 🌳 Green Township • World-Class Amenities • Peaceful Lifestyle 💎 Clubhouse • Pool,https://www.instagram.com/reel/DPxeDONj46y/,https://www.instagram.com/popular/luxury-apartment/,r1_13
luxury-apartment,10,luxurydreamhub,DWWZZK6TWCF,63K,63000,"Living life in the high-definition of luxury. ✨ From the grand chandeliers to the sprawling skyline views, this is what penthouse dreams are made of.",https://www.instagram.com/reel/DWWZZK6TWCF/,https://www.instagram.com/popular/luxury-apartment/,r1_13
luxury-apartment,11,royashabboui,Cq848yLBfRg,593K,593000,#realestate #realestateagent #realestateinvesting #luxury #mansion #luxurylifestyle #luxuryhomes #luxuryrealestate #losangeles #california #lifestyle,https://www.instagram.com/reel/Cq848yLBfRg/,https://www.instagram.com/popular/luxury-apartment/,r1_13
luxury-apartment,12,zekehemmila,DP7vFFhDVw3,1.4M,1400000,This view>>>,https://www.instagram.com/reel/DP7vFFhDVw3/,https://www.instagram.com/popular/luxury-apartment/,r1_13
glamping-ideas,1,shanwicki,DLT6Q7IsIZp,7M,7000000,"Camping in style ☀️🏕️ leave ""link"" in the comments and I'll send you tent details and my glamping must",https://www.instagram.com/reel/DLT6Q7IsIZp/,https://www.instagram.com/popular/glamping-ideas/,r2_00
glamping-ideas,2,shanwicki,DRC8VzpEez0,89.4K,89400,"IN STOCK 🚨 comment ""link"" and i'll message it right to you! #glampingtent #tentcamping #giftidea #camping",https://www.instagram.com/reel/DRC8VzpEez0/,https://www.instagram.com/popular/glamping-ideas/,r2_00
glamping-ideas,3,joehoustonsf,DIhPDy1zg2m,838K,838000,You'd never guess my Glamping 🏕️setup cost under $650! 🤑 Comment 'glamp' to get the link to,https://www.instagram.com/reel/DIhPDy1zg2m/,https://www.instagram.com/popular/glamping-ideas/,r2_00
glamping-ideas,4,king.famvlogs,DBXQGA2RChL,1.1M,1100000,"Camping Vibes 🏕️ If you haven't watched the full Vlog yet, check it out ➡️ https://youtu.be/",https://www.instagram.com/reel/DBXQGA2RChL/,https://www.instagram.com/popular/glamping-ideas/,r2_00
glamping-ideas,5,thewhitethistle,C-W7_QWKNCT,49.3K,49300,Running out of ideas to entertain the kids this holiday… time for some back garden camping (or Glamping,https://www.instagram.com/reel/C-W7_QWKNCT/,https://www.instagram.com/popular/glamping-ideas/,r2_00
glamping-ideas,6,firetubs_aust,DQqwWw9kR--,210K,210000,"@builtwithtools showcasing an evening with the family & one of our 5ft 'Cozy Chatter' FireTubs ♨️ ""With everyt",https://www.instagram.com/reel/DQqwWw9kR--/,https://www.instagram.com/popular/glamping-ideas/,r2_00
glamping-ideas,7,bunnings,DTBinNek_g6,32.7K,32700,"Welcome to your best campsite yet 😌⛺ Zone your space so camp life feels effortless, comfortable and organised",https://www.instagram.com/reel/DTBinNek_g6/,https://www.instagram.com/popular/glamping-ideas/,r2_00
glamping-ideas,8,outsideinncampground,DU6WAl8gVSi,"2,676",2676,"The glamping tent is here, and it's everything we hoped it would be 🏕️ Picture this: You arrive Friday afternoon",https://www.instagram.com/reel/DU6WAl8gVSi/,https://www.instagram.com/popular/glamping-ideas/,r2_00
glamping-ideas,9,shanwicki,DMF8kGrM4lS,2.9M,2900000,"TENT BACK IN STOCK! Comment ""link"" and I'll send it to you! You have to be fast as they only have a few",https://www.instagram.com/reel/DMF8kGrM4lS/,https://www.instagram.com/popular/glamping-ideas/,r2_00
glamping-ideas,10,wheretoeatcharlotte,DQDOSU_jlK0,331K,331000,Two-Night Mountain Getaway at @theglampingcollective ⛰️✨🙏🏼🩷 Truly one of the most peaceful Airbnb's I've ever,https://www.instagram.com/reel/DQDOSU_jlK0/,https://www.instagram.com/popular/glamping-ideas/,r2_00
glamping-ideas,11,farrioutdoor,DPtXg17DGRa,133K,133000,😍🥰😍🥰 video @ozgur_ruhlar55 #kamp #camp #kampanya #farrioutdoor #şişmeçadır #kampçadırı #airtent #campinggear,https://www.instagram.com/reel/DPtXg17DGRa/,https://www.instagram.com/popular/glamping-ideas/,r2_00
glamping-ideas,12,_everydayalyssa_,DPKfsbiDMnt,513K,513000,"Send this to someone you'd take here for your next fall getaway! 🍁🏕️ Comment ""glamp"" to receive the direct booking",https://www.instagram.com/reel/DPKfsbiDMnt/,https://www.instagram.com/popular/glamping-ideas/,r2_00
infinity-pools,1,poolique,DBejkl1uMZz,"8,557",8557,"Perfect infinity pool spot to enjoy the sunset 😍🔝🆒 Credit 👉🏻 @creatorsluxury The coolest pool ideas, the most spectacula",https://www.instagram.com/reel/DBejkl1uMZz/,https://www.instagram.com/popular/infinity-pools/,r2_00
infinity-pools,2,neuraltransform,DVRdL5wkkIK,2.7M,2700000,They turned a desert hill into THIS?! #infinitypool #luxuryhome #outdoordesign #backyardgoals #modernlandscape #sunsetviews,https://www.instagram.com/reel/DVRdL5wkkIK/,https://www.instagram.com/popular/infinity-pools/,r2_00
infinity-pools,3,d.signers,CnYvCpzhbKF,887K,887000,How amazing is this infinity pool view😍 🌃 Share this with someone that would love this 👇 📍 #indonesia #bali 🎥 by @heyitsjodee _____,https://www.instagram.com/reel/CnYvCpzhbKF/,https://www.instagram.com/popular/infinity-pools/,r2_00
infinity-pools,4,diycraftstvofficial,DWC44oQjz0X,1M,1000000,The moment a luxury infinity pool comes to life on the edge of a cliff,https://www.instagram.com/reel/DWC44oQjz0X/,https://www.instagram.com/popular/infinity-pools/,r2_00
infinity-pools,5,eliyahu_zeituni,DUDmR6kDKby,5M,5000000,It's all about the details you don't see. ✨ The secret to that ultra-clean infinity edge? A hidden drainage system tucked beneath a floatin,https://www.instagram.com/reel/DUDmR6kDKby/,https://www.instagram.com/popular/infinity-pools/,r2_00
infinity-pools,6,the_conscious_dreamers,DVYdwbwk-1G,3.3M,3300000,"the Alto 54 infinity pool feels like you're floating in the sky with the Burj Khalifa and Dubai skyline stretching endlessly around you. The view, the",https://www.instagram.com/reel/DVYdwbwk-1G/,https://www.instagram.com/popular/infinity-pools/,r2_00
infinity-pools,7,digitaldesign.lab,C9zjeWspVd6,38.1K,38100,Infinity pool amidst Desert mountain . #alulamoments #infinitypool #swimmingpool #swimming #مسبح #midjourney #pooldesign #interiør #architecture #saud,https://www.instagram.com/reel/C9zjeWspVd6/,https://www.instagram.com/popular/infinity-pools/,r2_00
infinity-pools,8,jordi.koalitic,CFzTn80qKjM,7.7M,7700000,Infinite pool ♾ Thanks @gloriette_guesthouse for the experience 💧 . In frame @puigbabeauty . #reels #dolomites #pool #video #jordikoa,https://www.instagram.com/reel/CFzTn80qKjM/,https://www.instagram.com/popular/infinity-pools/,r2_00
infinity-pools,9,sunripple_aquatics,DRTwuMvlAj4,"4,226",4226,Endless pool #acrylicswimmingpool #smartconstant #temperatureswimmingpool #villaswimmingpool #hotelswimmingpool #infinipool #swimmingpool #villade,https://www.instagram.com/reel/DRTwuMvlAj4/,https://www.instagram.com/popular/infinity-pools/,r2_00
infinity-pools,10,sala.khaoyai,C6_JZ_3CBEw,5.7M,5700000,Swimming with the clouds. That's the sensation in our infinity pool. Experience the ultimate relaxation and serenity with breathtaking views from abov,https://www.instagram.com/reel/C6_JZ_3CBEw/,https://www.instagram.com/popular/infinity-pools/,r2_00
infinity-pools,11,stayvista_official,C3khRTYoTcD,6.5M,6500000,"Dive into luxury at our breathtaking infinity pool villa🌅🌟 Sunset on the Lake,Igatpuri 📍 5 Bedrooms🛏️ | 6 Baths🛁| 20 guests max 👥 This serene getawa",https://www.instagram.com/reel/C3khRTYoTcD/,https://www.instagram.com/popular/infinity-pools/,r2_00
infinity-pools,12,mestre.das.piscinas,DICZQ9Xxbt-,32.2K,32200,Como funciona a borda infinita de uma piscina? #reels #piscina #mestredaspiscinas #piscineiroprofissional #piscinaemcasa #arquitetura,https://www.instagram.com/reel/DICZQ9Xxbt-/,https://www.instagram.com/popular/infinity-pools/,r2_00
los-angeles-house,1,juliosrealestate,DCX6RHxvj7F,NA,,"🏠Beautiful House in Los Angeles🏠 4 Bedrooms 3 Bathrooms 1,878 Sqft 5,964 Lot Los Angeles CA 90043",https://www.instagram.com/reel/DCX6RHxvj7F/,https://www.instagram.com/popular/los-angeles-house/,r2_00
los-angeles-house,2,balamoda,DUf97RtFfh9,524K,524000,House Tour #41 Guardaros esta casa para ideas de decoración de la vuestra y compartid con alguien a quien le guste el diseño,https://www.instagram.com/reel/DUf97RtFfh9/,https://www.instagram.com/popular/los-angeles-house/,r2_00
los-angeles-house,3,rich_inrealestate,DVFR-AzCYcF,27.7K,27700,Welcome to Los Angeles County Historic Landmark #1. 'The Doumakes House' is a 1928 4+3 Spanish Colonial Revival priced at $1.89M,https://www.instagram.com/reel/DVFR-AzCYcF/,https://www.instagram.com/popular/los-angeles-house/,r2_00
los-angeles-house,4,aiforarchitects,DRH0bWEDGpI,2M,2000000,"In the hills of Los Angeles, a mansion that rivals the night itself. Dark stone volumes, glass framed with bronze lines, a gallery-style garage openin",https://www.instagram.com/reel/DRH0bWEDGpI/,https://www.instagram.com/popular/los-angeles-house/,r2_00
los-angeles-house,5,shelbychurch,DQK1nwHEj42,48.3K,48300,"I think this is my favorite house for sale in this neighborhood 🫢 $3.7M - 5 bedrooms, 5 bathrooms 📍west LA",https://www.instagram.com/reel/DQK1nwHEj42/,https://www.instagram.com/popular/los-angeles-house/,r2_00
los-angeles-house,6,beverlyhills.realestate,DUnsYBsDNBI,245K,245000,"📍Los Angeles • $34,450,000 Newly built ""The Monocle"" estate with 6 beds, 12 baths, and sweeping valley-to-mountain views.",https://www.instagram.com/reel/DUnsYBsDNBI/,https://www.instagram.com/popular/los-angeles-house/,r2_00
los-angeles-house,7,balamoda,DVEBHaPlJFP,488K,488000,"HOUSE TOUR #43 Os dejo con esta casa moderna, con una luz increíble que entra a través de claraboyas en varias estancias",https://www.instagram.com/reel/DVEBHaPlJFP/,https://www.instagram.com/popular/los-angeles-house/,r2_00
los-angeles-house,8,casa_keylead,DIrnCYWTIld,69.4K,69400,@T_Maimon takes you on a tour of this iconic modern mansion in Los Angeles with breathtaking views 🔑 📍 #LosAngeles,https://www.instagram.com/reel/DIrnCYWTIld/,https://www.instagram.com/popular/los-angeles-house/,r2_00
los-angeles-house,9,glashaus.realestate,DOag--Wk0uU,1M,1000000,"$33,500,000 in beverly hills #view #viewforview #hollywoodhills #hollywoodhillsrealestate #luxuryhome #luxuryhomes #luxuryhometour",https://www.instagram.com/reel/DOag--Wk0uU/,https://www.instagram.com/popular/los-angeles-house/,r2_00
los-angeles-house,10,markhmendez,DC2wIxoSWik,417K,417000,Zero color grading. iPhone in-hand. This is Case Study #22 (The Stahl House) by Pierre Koenig. One of the most remarkable Case Study Homes,https://www.instagram.com/reel/DC2wIxoSWik/,https://www.instagram.com/popular/los-angeles-house/,r2_00
los-angeles-house,11,mccleandesign,DM0eN3TJ-bQ,23.1K,23100,"SUNSET STRIP | Los Angeles, CA Perched above the famed Sunset Strip, this modern estate offers panoramic city-to-ocean views and seamless indoor-outdo",https://www.instagram.com/reel/DM0eN3TJ-bQ/,https://www.instagram.com/popular/los-angeles-house/,r2_00
los-angeles-house,12,harmosai,DMdeL4IR17d,15K,15000,"Experience the unparalleled lifestyle of Los Angeles. From iconic luxury estates to vibrant urban living, discover a diverse real estate market with e",https://www.instagram.com/reel/DMdeL4IR17d/,https://www.instagram.com/popular/los-angeles-house/,r2_00
london-apartment,1,travel_withben,DXbZGIqCCOk,5.6M,5600000,your London apartment view 🌃 #london,https://www.instagram.com/reel/DXbZGIqCCOk/,https://www.instagram.com/popular/london-apartment/,r2_00
london-apartment,2,london.flats.to.rent,CDeQWDlFF9a,NA,,BRAND NEW 2 BEDROOM FLAT IN NW8 £595 pw - INCLUDING BILLS + FREE WIFI This luxury 2 bedroom flat is located in one of Londons most sought after areas.,https://www.instagram.com/reel/CDeQWDlFF9a/,https://www.instagram.com/popular/london-apartment/,r2_00
london-apartment,3,travel_withben,DSgD-TxCLuF,873K,873000,your new London apartment. #london,https://www.instagram.com/reel/DSgD-TxCLuF/,https://www.instagram.com/popular/london-apartment/,r2_00
london-apartment,4,corbangroup,DIdbQVoIenT,277K,277000,"Principal Tower, London, EC2 2 Beds | 2 Baths | 1,373 sq ft (128 SQM) This two-bedroom apartment sits on the 45th floor, with three terraces facing no",https://www.instagram.com/reel/DIdbQVoIenT/,https://www.instagram.com/popular/london-apartment/,r2_00
london-apartment,5,travel_withben,DYjSP9-I72Y,95.2K,95200,your London apartment view 🌃 #london,https://www.instagram.com/reel/DYjSP9-I72Y/,https://www.instagram.com/popular/london-apartment/,r2_00
london-apartment,6,aytanabbasli,DDSrYlAMQQN,67.7K,67700,POV: you found an apartment in London with a stunning view 📍Cheval Three Quays #londonapartments #london,https://www.instagram.com/reel/DDSrYlAMQQN/,https://www.instagram.com/popular/london-apartment/,r2_00
london-apartment,7,rockwellproperty,DHTVi7noiuj,67.6K,67600,"One bedroom riverside apartment tour in Fulham, London 😍 Tag someone who would love this! Located at our development Hurlingham Waterfront, Fulham, th",https://www.instagram.com/reel/DHTVi7noiuj/,https://www.instagram.com/popular/london-apartment/,r2_00
london-apartment,8,oliverbernardprivate,DY7ltqKIltc,200K,200000,"Three occupied. One left. The final apartment at The Seymour Collection – a one-bedroom on the second floor with south-facing light, remarkable ceilin",https://www.instagram.com/reel/DY7ltqKIltc/,https://www.instagram.com/popular/london-apartment/,r2_00
london-apartment,9,grantjbates,DaYRcKsMHHe,73.2K,73200,East London 📍 Coming soon…. Four beds and three baths £1.75m E mail hello@grantjbates.com,https://www.instagram.com/reel/DaYRcKsMHHe/,https://www.instagram.com/popular/london-apartment/,r2_00
london-apartment,10,lovelocations,DE5FTaMo1ex,382K,382000,"City Apartment 🤍 A spectacular duplex penthouse spanning over 2,850sqft across two floors. The unique property enjoys a prime position on the 48th and",https://www.instagram.com/reel/DE5FTaMo1ex/,https://www.instagram.com/popular/london-apartment/,r2_00
london-apartment,11,foxtonsestateagents,DbGtzE2IOsP,"3,709",3709,Where home doesn't stop at your front door... Luxury apartments. Panoramic skyline views. Wellness spaces. A private cinema. Sailmakers offers a new w,https://www.instagram.com/reel/DbGtzE2IOsP/,https://www.instagram.com/popular/london-apartment/,r2_00
london-apartment,12,emilycanham,DZqEq3Turn2,252K,252000,apartment hunting in the city 🏙️ AD 📍Embassy Boulevard by Moda The gym though!!! 🫢 and it's open 24 hours! #LondonApartment #ApartmentHunting #LondonR,https://www.instagram.com/reel/DZqEq3Turn2/,https://www.instagram.com/popular/london-apartment/,r2_00
cozy-bedroom-ideas,1,homeofmerve,CvNKxqDtAj1,13.1M,13100000,liebs💓🫶🏽 #bedroom • • • • • • • • • • • • • • • #interior #inspohome #interiorhome #bedroominspir,https://www.instagram.com/reel/CvNKxqDtAj1/,https://www.instagram.com/popular/cozy-bedroom-ideas/,r2_00
cozy-bedroom-ideas,2,homewithmichiii,DbtAn04T8aU,50.5K,50500,"From a blank room to a space that feels calm, warm, and lived in. It's always the little details that shape the overall vibe. What would be the first",https://www.instagram.com/reel/DbtAn04T8aU/,https://www.instagram.com/popular/cozy-bedroom-ideas/,r2_00
cozy-bedroom-ideas,3,caropeony,DI1X0b4sdMl,113K,113000,"As the light fades outside, the bedroom turns into a calm, cocoon-like space. The new curtains set the mood just right. 🧡✨ #moodymoments #bedroominspo",https://www.instagram.com/reel/DI1X0b4sdMl/,https://www.instagram.com/popular/cozy-bedroom-ideas/,r2_00
cozy-bedroom-ideas,4,roxy_carretero,Da4qA2fP2XS,2.8M,2800000,"Comment ""BEDROOM "" and I'll send you the links to everything featured in this space. 🤍 POV: You finally created the cozy bedroom you've always dreamed",https://www.instagram.com/reel/Da4qA2fP2XS/,https://www.instagram.com/popular/cozy-bedroom-ideas/,r2_00
cozy-bedroom-ideas,5,little_dreamy_mist,Dc4NevTCuAr,41.5K,41500,You're spending the entire winter here… Which bedroom are you choosing? ❄️🛏️ #CozyBedroom #WinterCozy #CozyVibes #DreamBedroom #winterescape,https://www.instagram.com/reel/Dc4NevTCuAr/,https://www.instagram.com/popular/cozy-bedroom-ideas/,r2_00
cozy-bedroom-ideas,6,divaa.finds,DQX8TJxD0km,4.6M,4600000,"My cozy neutral room 🤍 Soft lighting, fluffy bedding, and calm neutral tones — everything about this space feels peaceful and warm. ✨ The clean decor",https://www.instagram.com/reel/DQX8TJxD0km/,https://www.instagram.com/popular/cozy-bedroom-ideas/,r2_00
cozy-bedroom-ideas,7,yesiinna,Ckw-qi6pNFX,5.2M,5200000,"Maybe, true happiness is when we are happy with ourselves. -faraway . . . . . . . #cozybedroom #fall #uohome #bedroomtour #roomtour #plantsofinstagram",https://www.instagram.com/reel/Ckw-qi6pNFX/,https://www.instagram.com/popular/cozy-bedroom-ideas/,r2_00
cozy-bedroom-ideas,8,bespoke_d.designers,DRPUXHdk05m,"1,332",1332,"Cozy is a feeling, not a budget. Here are 6 ideas to make your bedroom feel warmer, softer, and deeply yours. 🛏️✨ Save this for your next makeover! #c",https://www.instagram.com/reel/DRPUXHdk05m/,https://www.instagram.com/popular/cozy-bedroom-ideas/,r2_00
cozy-bedroom-ideas,9,claudia._x0o,DcriR6BB1Cp,258K,258000,"✨ Cozy Bedroom Room Tour ✨ A little room tour of this cozy, dreamy space 🤍 From the soft fluffy bedding and warm lighting to the cute little decor det",https://www.instagram.com/reel/DcriR6BB1Cp/,https://www.instagram.com/popular/cozy-bedroom-ideas/,r2_00
cozy-bedroom-ideas,10,scandi_uk,DbmuVa_srsx,342K,342000,"Nasza sypialnia 🤍 Miejsce, gdzie zaczynamy i kończymy każdy dzień. Pięknego dnia 🌞 Lustro @alasta_glass #ourbedroom #bedroominspiration #homedecor #co",https://www.instagram.com/reel/DbmuVa_srsx/,https://www.instagram.com/popular/cozy-bedroom-ideas/,r2_00
cozy-bedroom-ideas,11,hogarconcalma,DbnV3CjNVzf,516K,516000,"Tu habitación debería ser ese lugar al que siempre quieras volver. 🤍 Un espacio tranquilo, con colores suaves y una decoración que transmita paz, porq",https://www.instagram.com/reel/DbnV3CjNVzf/,https://www.instagram.com/popular/cozy-bedroom-ideas/,r2_00
cozy-bedroom-ideas,12,nataliedoef,CxEL9lYv1Dw,1.1M,1100000,Happy Monday!! Who else is holding onto these last days of Summer??? ✨🍃🌸 . . . . bedroom inspo interior design #bedroomdecor #livingroomdecor home dec,https://www.instagram.com/reel/CxEL9lYv1Dw/,https://www.instagram.com/popular/cozy-bedroom-ideas/,r2_00
ai-cozy-cabin,1,cozy_cabin_diaries,DZ_JYrbhmDc,733K,733000,The storm hasn't stopped in three days. #cabinlife #CozyCabin #WinterEscape #usa,https://www.instagram.com/reel/DZ_JYrbhmDc/,https://www.instagram.com/popular/ai-cozy-cabin/,r2_01
ai-cozy-cabin,2,cozycabinlife1,DbqUfQoNY9B,337K,337000,Would You Trade Your City Life For This Winter Cabin? Footprints in the snow. A stone path,https://www.instagram.com/reel/DbqUfQoNY9B/,https://www.instagram.com/popular/ai-cozy-cabin/,r2_01
ai-cozy-cabin,3,cozycolorfiles,DdBMCCqoF3D,74.1K,74100,❄️🔥 A warm little cabin while a winter storm rages outside… Imagine spending a quiet evening,https://www.instagram.com/reel/DdBMCCqoF3D/,https://www.instagram.com/popular/ai-cozy-cabin/,r2_01
ai-cozy-cabin,4,lena_nichi_art,DXMw4QLjB35,6M,6000000,Would you dare spend the night here? Send this to the one you'd take with you. And save it,https://www.instagram.com/reel/DXMw4QLjB35/,https://www.instagram.com/popular/ai-cozy-cabin/,r2_01
ai-cozy-cabin,5,cozynomadstudio,DXOqv_ZDc4V,278K,278000,"Found my literal safe haven. 🕯️ Outside it's freezing, but inside it's all blankets, books, and a c",https://www.instagram.com/reel/DXOqv_ZDc4V/,https://www.instagram.com/popular/ai-cozy-cabin/,r2_01
ai-cozy-cabin,6,little_dreamy_mist,DczF-jWKrdE,10.3K,10300,POV: Snowed in with the ones you love ❄️🤎 #cozy #snowstorm #wintervibes #cozyhome #hygge,https://www.instagram.com/reel/DczF-jWKrdE/,https://www.instagram.com/popular/ai-cozy-cabin/,r2_01
ai-cozy-cabin,7,soothenests,DOvkVSNCDEW,8.1M,8100000,Snuggled Up & Storm Watching: The Perfect Cozy Cabin,https://www.instagram.com/reel/DOvkVSNCDEW/,https://www.instagram.com/popular/ai-cozy-cabin/,r2_01
ai-cozy-cabin,8,cozyzen.ai,C-RyNNZMIaO,4.1M,4100000,"Alone in a mountain cave cabin, enjoying the rain and warmth from bed. #cozycabin #rainyday #rainyd",https://www.instagram.com/reel/C-RyNNZMIaO/,https://www.instagram.com/popular/ai-cozy-cabin/,r2_01
ai-cozy-cabin,9,cozycabinlife1,DcYgm97o4w5,292K,292000,"Would you spend a week offline in this stone cabin? 🏔️🕯️ A heavy blizzard outside, pure warmth and",https://www.instagram.com/reel/DcYgm97o4w5/,https://www.instagram.com/popular/ai-cozy-cabin/,r2_01
ai-cozy-cabin,10,rain.nest,DYPD2_JEzhy,1M,1000000,"🔥 Somewhere between the crackling fire, the warm wooden walls, and the soft glow of candlelight…",https://www.instagram.com/reel/DYPD2_JEzhy/,https://www.instagram.com/popular/ai-cozy-cabin/,r2_01
ai-cozy-cabin,11,cozyzen.ai,DclypdHov-a,27K,27000,Would You Hide Away Here During a Snowstorm? A cozy cave cabin bedroom glowing with the warmth o,https://www.instagram.com/reel/DclypdHov-a/,https://www.instagram.com/popular/ai-cozy-cabin/,r2_01
ai-cozy-cabin,12,imaginativemike,DTaz-jUEbGp,336K,336000,"You look weary, traveler. Won't you stop and rest here by the fire for a while? My home is your ho",https://www.instagram.com/reel/DTaz-jUEbGp/,https://www.instagram.com/popular/ai-cozy-cabin/,r2_01
ai-virtual-staging,1,dv.media__,DQMoVvWEStP,"6,045",6045,We've all seen virtual staging for photos…but what about for videos? The AI revolution is just beginning,https://www.instagram.com/reel/DQMoVvWEStP/,https://www.instagram.com/popular/ai-virtual-staging/,r2_01
ai-virtual-staging,2,aryeohq,DHtBT4DI0r9,405,405,🚀 Introducing Virtual Staging AI on Aryeo! Say goodbye to extra costs and third party tools—Aryeo's NEW AI-powered,https://www.instagram.com/reel/DHtBT4DI0r9/,https://www.instagram.com/popular/ai-virtual-staging/,r2_01
ai-virtual-staging,3,sofabrainai,C2NAu8juWTf,"1,811",1811,Does Virtual Staging with AI work?🕵️ Let's see the results! This is how I staged a room in 10s using AI🛋️🤖⚡️,https://www.instagram.com/reel/C2NAu8juWTf/,https://www.instagram.com/popular/ai-virtual-staging/,r2_01
ai-virtual-staging,4,mattfarmerai,CxTtFzbydBK,"6,002",6002,Home Design AI - Free Interior Design with Artificial Intelligence - Upload an image and redesign your rooms #homedesignai,https://www.instagram.com/reel/CxTtFzbydBK/,https://www.instagram.com/popular/ai-virtual-staging/,r2_01
ai-virtual-staging,5,nomadatoast,DGQc37kNcJ7,2.4M,2400000,"Comment SPACE for the link Turn empty spaces into dream homes with AI! Redesign, decorate, and even animate your home",https://www.instagram.com/reel/DGQc37kNcJ7/,https://www.instagram.com/popular/ai-virtual-staging/,r2_01
ai-virtual-staging,6,nathancool,C0Njqh1MFXQ,"1,996",1996,Before and after using flambient and virtual staging. #realestatephotography #interiordesign #virtualstaging #ai,https://www.instagram.com/reel/C0Njqh1MFXQ/,https://www.instagram.com/popular/ai-virtual-staging/,r2_01
ai-virtual-staging,7,spacely.ai,DMeWTk7xC5D,662,662,Transform empty spaces into buyer magnets with just a few clicks! 🏡✨ Spacely AI makes it effortless for real estate,https://www.instagram.com/reel/DMeWTk7xC5D/,https://www.instagram.com/popular/ai-virtual-staging/,r2_01
ai-virtual-staging,8,theaisavvy,DEhaPjKTF8x,16K,16000,Collov AI is a virtual staging tool that transforms any space with just a photo—whether it's empty or fully furnished.,https://www.instagram.com/reel/DEhaPjKTF8x/,https://www.instagram.com/popular/ai-virtual-staging/,r2_01
ai-virtual-staging,9,jayrealestate98,DPdYY9-kZGT,841,841,✨ Take your real estate videos to the next level! Experience our Luxury Service featuring Virtual Staging Video Effects,https://www.instagram.com/reel/DPdYY9-kZGT/,https://www.instagram.com/popular/ai-virtual-staging/,r2_01
ai-virtual-staging,10,rendair.ai,DKzIZPXJyu5,"8,753",8753,Virtual Staging with Rendair AI (comment 'website' to get the website link on your DMs) Interior designers and real,https://www.instagram.com/reel/DKzIZPXJyu5/,https://www.instagram.com/popular/ai-virtual-staging/,r2_01
ai-virtual-staging,11,danielseanmaguire,DJDOCGKN_xW,287K,287000,"Realtors, are you still posting empty rooms? That's killing your listing! Step it up with @collov.ai — it transforms bare",https://www.instagram.com/reel/DJDOCGKN_xW/,https://www.instagram.com/popular/ai-virtual-staging/,r2_01
ai-virtual-staging,12,fusionhomeai,DKt08cMiXra,84,84,Fusion AI just got smarter — Virtual Staging now works with 0 prompts needed! Getting last-minute furniture change,https://www.instagram.com/reel/DKt08cMiXra/,https://www.instagram.com/popular/ai-virtual-staging/,r2_01
landscape-design-ai,1,aigardendesigner,DXAXa1sCA6g,"2,564",2564,Did you know there's a ChatGPT for your garden? 🤯 AI GARDEN takes your messy backyard,https://www.instagram.com/reel/DXAXa1sCA6g/,https://www.instagram.com/popular/landscape-design-ai/,r2_01
landscape-design-ai,2,renovaistudio,DUi_jljEn0H,713K,713000,From a blank lawn to the ultimate cozy night spot. 🔥✨ We used AI landscape design to v,https://www.instagram.com/reel/DUi_jljEn0H/,https://www.instagram.com/popular/landscape-design-ai/,r2_01
landscape-design-ai,3,montani3d,DXwWo-7RwTl,870K,870000,A inteligência artificial abriu um novo nível no paisagismo 🌿 Agora você não só apresenta…,https://www.instagram.com/reel/DXwWo-7RwTl/,https://www.instagram.com/popular/landscape-design-ai/,r2_01
landscape-design-ai,4,barbosalandscaping,DXGfnHhj8PS,19.6K,19600,Imagine a landscaping project done that fast. With AI now 3d Designs can be made from step,https://www.instagram.com/reel/DXGfnHhj8PS/,https://www.instagram.com/popular/landscape-design-ai/,r2_01
landscape-design-ai,5,d5officialaccount,DOatpj8CoSw,305K,305000,🌱 Still spending time searching and placing plants one by one to fit your design? Try D5 R,https://www.instagram.com/reel/DOatpj8CoSw/,https://www.instagram.com/popular/landscape-design-ai/,r2_01
landscape-design-ai,6,myplants.uae,DYQ3I3fMJkN,957K,957000,Send this to someone who needs a pool and pergola in their back garden ☀️🌴 A luxury poo,https://www.instagram.com/reel/DYQ3I3fMJkN/,https://www.instagram.com/popular/landscape-design-ai/,r2_01
landscape-design-ai,7,recastliving,DZnSu7zoJeQ,1.4M,1400000,From an empty backyard to a cozy outdoor retreat. 🌿✨ This AI-powered backyard transformati,https://www.instagram.com/reel/DZnSu7zoJeQ/,https://www.instagram.com/popular/landscape-design-ai/,r2_01
landscape-design-ai,8,myplants.uae,DYPJn3DMuaV,15.6M,15600000,Send this to someone who'd turn a small garden into their dream escape 🌺✨ A hidden pond,https://www.instagram.com/reel/DYPJn3DMuaV/,https://www.instagram.com/popular/landscape-design-ai/,r2_01
landscape-design-ai,9,stephenhusted,DT_6XUekaYY,"1,510",1510,Got design inspiration for my Seattle project in minutes using ChatGPT. I uploaded exterior p,https://www.instagram.com/reel/DT_6XUekaYY/,https://www.instagram.com/popular/landscape-design-ai/,r2_01
landscape-design-ai,10,neuraltransform,DVgQrzKgpki,163K,163000,Modern Landscape Elegance ✨🏡 #ModernLandscaping #LandscapeDesign #CurbAppeal #OutdoorLiv,https://www.instagram.com/reel/DVgQrzKgpki/,https://www.instagram.com/popular/landscape-design-ai/,r2_01
landscape-design-ai,11,fromrawto_real,DVMQYOvk-nz,252K,252000,"Modern Garden Lounge Makeover Time-Lapse | LED Frames, Hanging Egg Chairs & Luxury Backya",https://www.instagram.com/reel/DVMQYOvk-nz/,https://www.instagram.com/popular/landscape-design-ai/,r2_01
landscape-design-ai,12,ilhamabdii,DStoJcyj602,902K,902000,From abandoned to backyard goals 🏡✨ A full exterior + landscape AI makeover—one selectio,https://www.instagram.com/reel/DStoJcyj602/,https://www.instagram.com/popular/landscape-design-ai/,r2_01
luxury-master-bedroom-interior-design,1,ihsansamhoun.interiors,DSp3KunjJsI,180K,180000,"✨️ Luxurious Master Bedroom, beige, grey, brown! . . . #lightingdesign #lightingdecor #lighting",https://www.instagram.com/reel/DSp3KunjJsI/,https://www.instagram.com/popular/luxury-master-bedroom-interior-design/,r2_01
luxury-master-bedroom-interior-design,2,eliemoussa_creative_design,DWjh9MxCOod,270K,270000,Because your bedroom deserves five star luxury… #design #instagram #interiordesign #masterbedroom #dubai🇦🇪,https://www.instagram.com/reel/DWjh9MxCOod/,https://www.instagram.com/popular/luxury-master-bedroom-interior-design/,r2_01
luxury-master-bedroom-interior-design,3,gmjinterior,DNfsfoOPlFk,383K,383000,"Where modern elegance meets everyday comfort ✨ This master bedroom is designed with a seamless blend of warm wood, soft textures, and modern details,",https://www.instagram.com/reel/DNfsfoOPlFk/,https://www.instagram.com/popular/luxury-master-bedroom-interior-design/,r2_01
luxury-master-bedroom-interior-design,4,base9studio,DSDMMnRjL88,238K,238000,"A modern bedroom design should feel warm, calm, and effortlessly luxurious. In this project, we blended luxury interior details with soft textures and",https://www.instagram.com/reel/DSDMMnRjL88/,https://www.instagram.com/popular/luxury-master-bedroom-interior-design/,r2_01
luxury-master-bedroom-interior-design,5,dezo_interior,DIbvZbey4Ki,161K,161000,"Master bedroom jahan elegance milti hai smart design se — front wall pe custom bed aur designer headboard, aur left side pe L-shape glass profile ward",https://www.instagram.com/reel/DIbvZbey4Ki/,https://www.instagram.com/popular/luxury-master-bedroom-interior-design/,r2_01
luxury-master-bedroom-interior-design,6,step_designfirm,DUYS99Xj8-K,27.8K,27800,"Luxury doesn't need to be loud. This master bedroom is designed to feel calm, cozy, and quietly luxurious. Soft grey tones with POP mouldings add eleg",https://www.instagram.com/reel/DUYS99Xj8-K/,https://www.instagram.com/popular/luxury-master-bedroom-interior-design/,r2_01
luxury-master-bedroom-interior-design,7,poles_gypsum_designe,DOvG_GZjT3-,144K,144000,"Master bedroom Design,",https://www.instagram.com/reel/DOvG_GZjT3-/,https://www.instagram.com/popular/luxury-master-bedroom-interior-design/,r2_01
luxury-master-bedroom-interior-design,8,archiart_mag,C5vq6jitunN,497K,497000,Master Bedroom Design #interiordesign #masterbedroom #bedroomdecor #interiordesigns #masterbedroomdesing #bedroomluxury #designer #bedroominterior,https://www.instagram.com/reel/C5vq6jitunN/,https://www.instagram.com/popular/luxury-master-bedroom-interior-design/,r2_01
luxury-master-bedroom-interior-design,9,_plus_interiors,DSFayikDNVo,561K,561000,"The master bedroom ✨ Recently, we completed a 3BHK project in Mulund, where the master bedroom was designed thoughtfully using a beige and grey colour",https://www.instagram.com/reel/DSFayikDNVo/,https://www.instagram.com/popular/luxury-master-bedroom-interior-design/,r2_01
luxury-master-bedroom-interior-design,10,lhasainteriors,DVmJXgBk37r,308K,308000,"Small Bedroom → Luxury Space Transformation ✨ Smart storage, elegant wall panels & cozy lighting make this bedroom feel like a hotel suite. 🛏️ Which d",https://www.instagram.com/reel/DVmJXgBk37r/,https://www.instagram.com/popular/luxury-master-bedroom-interior-design/,r2_01
luxury-master-bedroom-interior-design,11,sah.interiors,DUvFoCzDacU,14.1K,14100,"A master bedroom that feels like a private retreat. Seamless elegance, plush textures, and a walk in closet designed for refined living. Luxury, tailo",https://www.instagram.com/reel/DUvFoCzDacU/,https://www.instagram.com/popular/luxury-master-bedroom-interior-design/,r2_01
luxury-master-bedroom-interior-design,12,nihamahome,DXmZtBYj4VE,275K,275000,"Where comfort meets quiet luxury ✨ Designed with soft textures, warm lighting, and a calming neutral palette, this master bedroom creates a serene ret",https://www.instagram.com/reel/DXmZtBYj4VE/,https://www.instagram.com/popular/luxury-master-bedroom-interior-design/,r2_01
luxury-bathroom-interior-design-inspiration,1,theraj_interior,DTrgOnZk3v-,1.8M,1800000,Luxury Bathroom Design That Feels Like a 5⭐ Hotel ✨ #LuxuryBathroom #ModernInteriorDesign #Bathroom,https://www.instagram.com/reel/DTrgOnZk3v-/,https://www.instagram.com/popular/luxury-bathroom-interior-design-inspiration/,r2_01
luxury-bathroom-interior-design-inspiration,2,onezerostudio.in,DWovW4sD_bl,32.4K,32400,✨ Luxury in Every Detail ✨ This modern bathroom blends elegance with functionality — from the warm wooden t,https://www.instagram.com/reel/DWovW4sD_bl/,https://www.instagram.com/popular/luxury-bathroom-interior-design-inspiration/,r2_01
luxury-bathroom-interior-design-inspiration,3,rb_derek,DQOweTLkby6,745K,745000,"This guest bathroom redefines elegance - where every line, tile, and finish tells a story of refined c",https://www.instagram.com/reel/DQOweTLkby6/,https://www.instagram.com/popular/luxury-bathroom-interior-design-inspiration/,r2_01
luxury-bathroom-interior-design-inspiration,4,luxoraify,DV8gvo0EYsc,267K,267000,"Small Bathroom, Big Luxury! ✨ Rate This Design 1–10 #explore #trendingreels #bathroom #Interio",https://www.instagram.com/reel/DV8gvo0EYsc/,https://www.instagram.com/popular/luxury-bathroom-interior-design-inspiration/,r2_01
luxury-bathroom-interior-design-inspiration,5,ariellahorowitzdesigngroup,Co0rlSCpnVx,106K,106000,Heavenly master bathroom just completed for truly wonderful clients ✨🛁🫧🖤 • • #masterbathro,https://www.instagram.com/reel/Co0rlSCpnVx/,https://www.instagram.com/popular/luxury-bathroom-interior-design-inspiration/,r2_01
luxury-bathroom-interior-design-inspiration,6,4ydesigns,DXu-_jDDRQ7,"1,901",1901,It's not just a functional space. It's your own personal retreat. Warm wood textures. Serene stone,https://www.instagram.com/reel/DXu-_jDDRQ7/,https://www.instagram.com/popular/luxury-bathroom-interior-design-inspiration/,r2_01
luxury-bathroom-interior-design-inspiration,7,zaxzaaafrica,DYndyxPB5gr,323K,323000,Click the Link on my Bio 👆 #interiordesign #zaxzaainterior #interiordecor #bathroom #luxury,https://www.instagram.com/reel/DYndyxPB5gr/,https://www.instagram.com/popular/luxury-bathroom-interior-design-inspiration/,r2_01
luxury-bathroom-interior-design-inspiration,8,indoriorrenovation,DHWnBxxTl3P,92.3K,92300,Presenting our latest bathroom project—a luxurious modern retreat where every detail speaks of ref,https://www.instagram.com/reel/DHWnBxxTl3P/,https://www.instagram.com/popular/luxury-bathroom-interior-design-inspiration/,r2_01
luxury-bathroom-interior-design-inspiration,9,karim.eltaher.designs,DSFmnmIAlYb,1.3M,1300000,Luxury bathroom🖤 ✨🪄 Make your dreams🤩🖤 #homedecor #designinspiration #architecture #interiordesigne,https://www.instagram.com/reel/DSFmnmIAlYb/,https://www.instagram.com/popular/luxury-bathroom-interior-design-inspiration/,r2_01
luxury-bathroom-interior-design-inspiration,10,arteo_luxury,C4BB-H_yXuj,2.5M,2500000,"A touch of pure luxury In the opulence of black and ivory hues, this luxury bathroom transcends mere",https://www.instagram.com/reel/C4BB-H_yXuj/,https://www.instagram.com/popular/luxury-bathroom-interior-design-inspiration/,r2_01
luxury-bathroom-interior-design-inspiration,11,naira_interior_official,DWqaXz-iIdH,100K,100000,Bathroom interior 🤩 #parisianinterior #luxuryinterior #современнаяклассика #армения #armenia,https://www.instagram.com/reel/DWqaXz-iIdH/,https://www.instagram.com/popular/luxury-bathroom-interior-design-inspiration/,r2_01
luxury-bathroom-interior-design-inspiration,12,binas_home,DF54R4vKbJu,6.7M,6700000,"Always WOW ✨ Jedes Mal, wenn ich dieses Badezimmer betrete, ist es wieder ein WOW-Moment! Egal, wi",https://www.instagram.com/reel/DF54R4vKbJu/,https://www.instagram.com/popular/luxury-bathroom-interior-design-inspiration/,r2_01
luxury-home-theater-ideas,1,elarch.studio,DQmCrTgiPzn,36.5K,36500,Why go to the movies when you can have a private home cinema under a starry sky?,https://www.instagram.com/reel/DQmCrTgiPzn/,https://www.instagram.com/popular/luxury-home-theater-ideas/,r2_01
luxury-home-theater-ideas,2,realtordenisbibik,DLkE7SMuBNk,336K,336000,Movie nights will never be the same Contact me for Real Estate in Miami,https://www.instagram.com/reel/DLkE7SMuBNk/,https://www.instagram.com/popular/luxury-home-theater-ideas/,r2_01
luxury-home-theater-ideas,3,interiorsby_nn_designstudio,C7s52pNPGQs,5M,5000000,Home Theatre | Kasal's House Designed By @interiorsby_nn_associates,https://www.instagram.com/reel/C7s52pNPGQs/,https://www.instagram.com/popular/luxury-home-theater-ideas/,r2_01
luxury-home-theater-ideas,4,maisondenova,DZKl9zhobx-,10.9K,10900,Would you have a cinema room in your dream home? Designed by Maison De Nova,https://www.instagram.com/reel/DZKl9zhobx-/,https://www.instagram.com/popular/luxury-home-theater-ideas/,r2_01
luxury-home-theater-ideas,5,supreme_homes_dha,DUkcbiaiN6H,62.4K,62400,1-Kanal Full Basement Fully Furnished Ultra Modern Design Bungalow Available for Sale,https://www.instagram.com/reel/DUkcbiaiN6H/,https://www.instagram.com/popular/luxury-home-theater-ideas/,r2_01
luxury-home-theater-ideas,6,luxxeinteriors,DDG5yFUy66g,36.4K,36400,"Our recent home theatre interior design concept for our clients, featuring our signature 'Starlight Sky'",https://www.instagram.com/reel/DDG5yFUy66g/,https://www.instagram.com/popular/luxury-home-theater-ideas/,r2_01
luxury-home-theater-ideas,7,stylewithsanaz,DU-5RsSEVm2,30.3K,30300,You won't believe this home movie theatre there are so many standout features that give it that true wow,https://www.instagram.com/reel/DU-5RsSEVm2/,https://www.instagram.com/popular/luxury-home-theater-ideas/,r2_01
luxury-home-theater-ideas,8,sv_hometheatre,DcvJAkdOcs6,70.7K,70700,🏡✨ Another Successful Home Theatre Project Completed! 🎬,https://www.instagram.com/reel/DcvJAkdOcs6/,https://www.instagram.com/popular/luxury-home-theater-ideas/,r2_01
luxury-home-theater-ideas,9,mkbbespokeaudio,DUDignDkYgF,146K,146000,Want yourself a cinema theatre like this? You know who to contact 😉,https://www.instagram.com/reel/DUDignDkYgF/,https://www.instagram.com/popular/luxury-home-theater-ideas/,r2_01
luxury-home-theater-ideas,10,luxurypropertyvlogs,C_xQgjiyYzp,6.7M,6700000,Share with your friends ❤️ . Home theatre design for your house✨,https://www.instagram.com/reel/C_xQgjiyYzp/,https://www.instagram.com/popular/luxury-home-theater-ideas/,r2_01
luxury-home-theater-ideas,11,worldwideinteriors,C4sd--MPcij,111K,111000,A home theatre designed in just 4 seconds… 🪄 What do you think of this cozy movie room?,https://www.instagram.com/reel/C4sd--MPcij/,https://www.instagram.com/popular/luxury-home-theater-ideas/,r2_01
luxury-home-theater-ideas,12,wolferizorinteriors,DYAI9ToxbHI,223K,223000,"A home theater designed for comfort, immersion, and nights that feel like a true experience.🍿",https://www.instagram.com/reel/DYAI9ToxbHI/,https://www.instagram.com/popular/luxury-home-theater-ideas/,r2_01
luxury-room,1,design_x_interior,DWgf2nQiV_a,390K,390000,Client- I want 5 star luxury bedroom interior in my budget 😍 Site location- Ambikapur Chhattisgarh India 📍,https://www.instagram.com/reel/DWgf2nQiV_a/,https://www.instagram.com/popular/luxury-room/,r2_01
luxury-room,2,base9studio,DSDMMnRjL88,238K,238000,"A modern bedroom design should feel warm, calm, and effortlessly luxurious. In this project, we blended luxury interior details with soft textures and",https://www.instagram.com/reel/DSDMMnRjL88/,https://www.instagram.com/popular/luxury-room/,r2_01
luxury-room,3,mybeautifulblisshome,DcazFfxo3fQ,140K,140000,Days like these 🍃 #bedroom #luxurydesign #interiordesignhelp #dubai🇦🇪,https://www.instagram.com/reel/DcazFfxo3fQ/,https://www.instagram.com/popular/luxury-room/,r2_01
luxury-room,4,vishnu_xo,DbTkaFoqG44,182K,182000,✨ One room. Five stunning designs. Which one matches your style? 🤍 🏷️ 1️⃣ 2️⃣ 3️⃣ 4️⃣ or 5️⃣? Vote in the comments,https://www.instagram.com/reel/DbTkaFoqG44/,https://www.instagram.com/popular/luxury-room/,r2_01
luxury-room,5,ahmadprops,DcJDYNEB5Jl,98.4K,98400,Bedroom,https://www.instagram.com/reel/DcJDYNEB5Jl/,https://www.instagram.com/popular/luxury-room/,r2_01
luxury-room,6,ai_furniture_design,DcxtRzlz6Ig,614K,614000,Luxury Bedroom 😯,https://www.instagram.com/reel/DcxtRzlz6Ig/,https://www.instagram.com/popular/luxury-room/,r2_01
luxury-room,7,luxurydreamhub,DScqiv1EsV0,2M,2000000,Redefining modern elegance in a sanctuary of light and luxury. ✨🕊️ Experience the ultimate dream suite where sophisticated design meets pure comfort.,https://www.instagram.com/reel/DScqiv1EsV0/,https://www.instagram.com/popular/luxury-room/,r2_01
luxury-room,8,pvc_delhi.1,DRUl_l4kgeD,2.1M,2100000,"⭐ Luxury Bedroom Design Titles (YouTube / Instagram) 1. ""Luxury Bedroom Tour – Modern, Classy & Premium Look!"" 2. ""5 Star Luxury Bedroom Makeover | Ro",https://www.instagram.com/reel/DRUl_l4kgeD/,https://www.instagram.com/popular/luxury-room/,r2_01
luxury-room,9,remodel_design_,DcCc9AIT6ja,42.5K,42500,"Hidden Doors, Master Suites & Sky-High Baths 💡 #ModernMinimalism #HighRisePenthouse #MasterSuite #LuxuryHospitality #boutiquehotel",https://www.instagram.com/reel/DcCc9AIT6ja/,https://www.instagram.com/popular/luxury-room/,r2_01
luxury-room,10,shykh_fareed1025,DYq9oEiT-Z1,103K,103000,Master bedroom . . . #new #interiör #itealian #luxury,https://www.instagram.com/reel/DYq9oEiT-Z1/,https://www.instagram.com/popular/luxury-room/,r2_01
luxury-room,11,royal_interiors_official_,DXRcLPTB0Jd,301K,301000,Luxurious bedroom interior ! @royal_interiors_official_ #viralreels #bedroom #shorts #instagood #luxury,https://www.instagram.com/reel/DXRcLPTB0Jd/,https://www.instagram.com/popular/luxury-room/,r2_01
luxury-room,12,saifi_shab28,DUuRTjmkTit,81.3K,81300,#Luxury Baderoom design # ‎#House Luxury room design # ‎#Luxury Baderoom design # #‎Luxury room me design,https://www.instagram.com/reel/DUuRTjmkTit/,https://www.instagram.com/popular/luxury-room/,r2_01
dream-bedrooms,1,insmultiverse,DLJtY_mt3sV,318K,318000,Which bedroom would you pick to nap in? . . . The vibe is limitless—unlock it now. . Follow @insmultiverse for more inspiration. . . . #whichonewouldy,https://www.instagram.com/reel/DLJtY_mt3sV/,https://www.instagram.com/popular/dream-bedrooms/,r2_01
dream-bedrooms,2,soothenests,DBWhf0koR7_,45.1M,45100000,"Raindrops on My Window, Euphoria in My Soul: Luxury Bedroom Bliss #cozybedroom #cozyapartment #euphoria",https://www.instagram.com/reel/DBWhf0koR7_/,https://www.instagram.com/popular/dream-bedrooms/,r2_01
dream-bedrooms,3,ayeshadeary5,DOlFHUgEd5m,294K,294000,Choose your new dreamy bedroom,https://www.instagram.com/reel/DOlFHUgEd5m/,https://www.instagram.com/popular/dream-bedrooms/,r2_01
dream-bedrooms,4,astralserenity,C24_SYQxzLT,7.2M,7200000,Choose a bedroom 🌟 #reels #fyp #rain #snow #dark #mystery,https://www.instagram.com/reel/C24_SYQxzLT/,https://www.instagram.com/popular/dream-bedrooms/,r2_01
dream-bedrooms,5,annaschottin,DAwA66gvmbH,2.3M,2300000,Turned it into my dream room ✨,https://www.instagram.com/reel/DAwA66gvmbH/,https://www.instagram.com/popular/dream-bedrooms/,r2_01
dream-bedrooms,6,ayeshadeary5,DL2AkrHx8W9,29.8K,29800,Choose your new dreamy bedroom,https://www.instagram.com/reel/DL2AkrHx8W9/,https://www.instagram.com/popular/dream-bedrooms/,r2_01
dream-bedrooms,7,ayeshadeary5,DHdW06gSdo7,442K,442000,Choose your new dreamy bedroom,https://www.instagram.com/reel/DHdW06gSdo7/,https://www.instagram.com/popular/dream-bedrooms/,r2_01
dream-bedrooms,8,perfect_decorss,DFPmJLjymcv,14.3K,14300,Dreams bedrooms... . . . . . . . . . . #luxuryhomes #reelsexplore #reels #instragram #trending #lightdesign #fyp #light #smarthome #lightdecor #interi,https://www.instagram.com/reel/DFPmJLjymcv/,https://www.instagram.com/popular/dream-bedrooms/,r2_01
dream-bedrooms,9,_crystalvisual,DTsiNIIjMY-,91.7K,91700,Which one? 🙈 #reels #fyp #cozyvibes #bedroomgoals #aesthetic,https://www.instagram.com/reel/DTsiNIIjMY-/,https://www.instagram.com/popular/dream-bedrooms/,r2_01
dream-bedrooms,10,luxurydreamhub,DUiv0Xige1Z,4M,4000000,Sweet lavender dreams and ethereal glows. ✨💜 Transforming the ordinary into a sanctuary of pure magic and modern luxury. 🏛️💎 ​#bedroomgoals #luxuryint,https://www.instagram.com/reel/DUiv0Xige1Z/,https://www.instagram.com/popular/dream-bedrooms/,r2_01
dream-bedrooms,11,soothenests,C_P-6KmOGt9,2.5M,2500000,A cozy luxury room with a front-row seat to winter's beauty #cozybedroom #cozyapartment #wintervibes,https://www.instagram.com/reel/C_P-6KmOGt9/,https://www.instagram.com/popular/dream-bedrooms/,r2_01
dream-bedrooms,12,_crystalvisual,DSkb82VjPBD,1.8M,1800000,Which bedroom? ❣️ #reels #fyp #cozyvibes #bedroomgoals #aesthetic,https://www.instagram.com/reel/DSkb82VjPBD/,https://www.instagram.com/popular/dream-bedrooms/,r2_01
dream-kitchens,1,slow_cozy_living,DdC1BP2POYY,"6,252",6252,Where mornings feel timeless. 🤎 #slowliving #cozyliving #dreamkitchens #cozyhome #softlife,https://www.instagram.com/reel/DdC1BP2POYY/,https://www.instagram.com/popular/dream-kitchens/,r2_01
dream-kitchens,2,goldconconstruction,DTLteEoE2Z5,1M,1000000,Dream kitchen goals 🏡 This is the standard. #DreamKitchenGoals #LuxuryKitchen #KitchenInspo #ModernHomes #Design,https://www.instagram.com/reel/DTLteEoE2Z5/,https://www.instagram.com/popular/dream-kitchens/,r2_01
dream-kitchens,3,adionainteriors,DcikVTvACU8,21K,21000,"Beautiful finishes, thoughtful details, and a space that feels as good as it looks. The kind of kitchen that makes you want t",https://www.instagram.com/reel/DcikVTvACU8/,https://www.instagram.com/popular/dream-kitchens/,r2_01
dream-kitchens,4,inside_142,C9HhYw3MmE_,6.2M,6200000,Adding fruit = adding colour right? 🍌 🍑 For all of the haters I've had over the years about my kitchens lack of personality or that the cupb,https://www.instagram.com/reel/C9HhYw3MmE_/,https://www.instagram.com/popular/dream-kitchens/,r2_01
dream-kitchens,5,giniawilliams,DT5j5brDiHA,242K,242000,"Snowed in, dreaming big ❄️✨ If this kitchen was yours, what would your next real estate move be? Buying, selling, building, or inv",https://www.instagram.com/reel/DT5j5brDiHA/,https://www.instagram.com/popular/dream-kitchens/,r2_01
dream-kitchens,6,abcdjoinery,DZbFAzLkp6Q,594K,594000,"Step into elegance. As the camera glides through, the curved stone island takes center stage, drawing you in like a whispered invitati",https://www.instagram.com/reel/DZbFAzLkp6Q/,https://www.instagram.com/popular/dream-kitchens/,r2_01
dream-kitchens,7,theeverydayfinds_co,DcY10fjujJ_,124K,124000,8 dream kitchens. You can only choose ONE. 👀🏡 I thought this would be an easy choice until I started putting them all together. From brig,https://www.instagram.com/reel/DcY10fjujJ_/,https://www.instagram.com/popular/dream-kitchens/,r2_01
dream-kitchens,8,aylintheagent,DAPS7AesL1I,571K,571000,The kitchen truly is the heart of the home. I had so much fun designing this kitchen for my clients! Shop the links below and follow along for,https://www.instagram.com/reel/DAPS7AesL1I/,https://www.instagram.com/popular/dream-kitchens/,r2_01
dream-kitchens,9,romesignature,C9KFwGWs_zm,153K,153000,"A space that marries form and function seamlessly, from top-of-the-line appliances to custom finishes. this kitchen is a feast for the eye",https://www.instagram.com/reel/C9KFwGWs_zm/,https://www.instagram.com/popular/dream-kitchens/,r2_01
dream-kitchens,10,nashla_t_02,DckIzFNuoUq,838K,838000,"✨ The heart of the home, elevated to pure luxury. 🤍🏡 A breathtaking kitchen where elegant marble, sophisticated gold accents, and stun",https://www.instagram.com/reel/DckIzFNuoUq/,https://www.instagram.com/popular/dream-kitchens/,r2_01
dream-kitchens,11,rodnova_installation_,DbWOv-IxYaz,195K,195000,Luxury isn't just about design—it's about every detail coming together in perfect harmony. ✨ From the custom cabinetry and elegant LED lightin,https://www.instagram.com/reel/DbWOv-IxYaz/,https://www.instagram.com/popular/dream-kitchens/,r2_01
dream-kitchens,12,verandaestatehomes,DSxrSKakvV9,1.8M,1800000,"Post number 4 from 2025 This kitchen is a true sun-soaked haven! With large windows that let in an abundance of natural light, every detai",https://www.instagram.com/reel/DSxrSKakvV9/,https://www.instagram.com/popular/dream-kitchens/,r2_01
dream-bedroom-decor-ideas,1,homeofmerve,CvNKxqDtAj1,13.1M,13100000,liebs💓🫶🏽 #bedroom • • • • • • • • • • • • • • • #interior #inspohome #interiorhome #bedroominspiration #schlafzimmerinspiration #schlafzimmer #einrich,https://www.instagram.com/reel/CvNKxqDtAj1/,https://www.instagram.com/popular/dream-bedroom-decor-ideas/,r2_01
dream-bedroom-decor-ideas,2,homedecorbymusfira,DbGWcIsIqDV,470K,470000,"💜✨ Dream Room Unlocked. ✨ A cozy little corner where every detail feels like a dream. ☁️💖 💬 Love this dreamy setup? Comment ""LINK"" for the product det",https://www.instagram.com/reel/DbGWcIsIqDV/,https://www.instagram.com/popular/dream-bedroom-decor-ideas/,r2_01
dream-bedroom-decor-ideas,3,homedecorbymusfira,DZh8PHDoYa5,470K,470000,"POV: You walk into your dream bedroom 🤍💜✨ Soft lavender tones, cozy textures, and a touch of luxury... the perfect space to relax and dream. 🌙 #DreamB",https://www.instagram.com/reel/DZh8PHDoYa5/,https://www.instagram.com/popular/dream-bedroom-decor-ideas/,r2_01
dream-bedroom-decor-ideas,4,domnamakowej,DU1Oyp6DDO8,82.6K,82600,Hej Kochani Miłego wieczoru #bed #bedroom #interior,https://www.instagram.com/reel/DU1Oyp6DDO8/,https://www.instagram.com/popular/dream-bedroom-decor-ideas/,r2_01
dream-bedroom-decor-ideas,5,aarman.decor,DNj1dgIRIcX,84.8K,84800,How gorgeous is this bedroom? 🤩 - By: @domnamakowej - #bedroominspo #bedroomdecoration,https://www.instagram.com/reel/DNj1dgIRIcX/,https://www.instagram.com/popular/dream-bedroom-decor-ideas/,r2_01
dream-bedroom-decor-ideas,6,hotpink_interiors,CmCQVtaJKpy,1.1M,1100000,"Happy Sunday my lovely friends 💗 Sharing Hayley's gorgeous bedroom ✨❄️💗✨❄️💗✨ @thegrey_house_sparkles . , . . . . . . . #bedroomdecor #bedroominspirati",https://www.instagram.com/reel/CmCQVtaJKpy/,https://www.instagram.com/popular/dream-bedroom-decor-ideas/,r2_01
dream-bedroom-decor-ideas,7,ava_findss,DWRwR3tk9Om,2.3M,2300000,"Caption: Dream room ✨🤍 A cozy space filled with the little details I love. From the comfortable bed to the soft decor and organized corners, everythin",https://www.instagram.com/reel/DWRwR3tk9Om/,https://www.instagram.com/popular/dream-bedroom-decor-ideas/,r2_01
dream-bedroom-decor-ideas,8,interiorbyuma22,DZb4Qkbhr9V,55.5M,55500000,Interior by Uma ✨ #InteriorDesign #InteriorByUma #HomeDecor #InteriorStyling #ModernInterior LuxuryInteriors HomeInspo InteriorInspo MinimalHome Dream,https://www.instagram.com/reel/DZb4Qkbhr9V/,https://www.instagram.com/popular/dream-bedroom-decor-ideas/,r2_01
dream-bedroom-decor-ideas,9,divaa.finds,DBzntoio6aS,5.8M,5800000,"✨ Welcome to My Dreamy Bedroom! ✨ Here's how I've transformed my space into a cozy, stylish sanctuary: 🌸 Elegant Decor: Soft colors and chic wall art",https://www.instagram.com/reel/DBzntoio6aS/,https://www.instagram.com/popular/dream-bedroom-decor-ideas/,r2_01
dream-bedroom-decor-ideas,10,styltechinterior_official,DWDRWQgEves,248K,248000,This Bedroom Setup Looks Too Good 😍✨,https://www.instagram.com/reel/DWDRWQgEves/,https://www.instagram.com/popular/dream-bedroom-decor-ideas/,r2_01
dream-bedroom-decor-ideas,11,roxy_carretero,DXfo1kCCWpx,23.2K,23200,"Comment ""SHOP"" for links 🔗💌 Así va quedando la habitación 🥰✨ #bedroomdecor #cozybedroom #bedroominspo #neutralhome #cozyhomevibes homedecorideas bedro",https://www.instagram.com/reel/DXfo1kCCWpx/,https://www.instagram.com/popular/dream-bedroom-decor-ideas/,r2_01
dream-bedroom-decor-ideas,12,theharper_home,CfLampUqnSP,3.8M,3800000,Friday Feeling 💕 . . . . Sorry I have been a little quiet I have been planning my sons birthday celebrations ready for the weekend. . I hope you are a,https://www.instagram.com/reel/CfLampUqnSP/,https://www.instagram.com/popular/dream-bedroom-decor-ideas/,r2_01
quiet-luxury-bathroom,1,dev3d3012,DbUsKAlxE-h,64.1K,64100,✨ LUXFRAME | Episode 01 – Quiet Luxury Bathroom 2028 ✨ Luxury isn't loud. It's the details you feel before you notice them. A cinematic bathro,https://www.instagram.com/reel/DbUsKAlxE-h/,https://www.instagram.com/popular/quiet-luxury-bathroom/,r2_02
quiet-luxury-bathroom,2,stroilexx,DbXRfO2MGaj,"6,728",6728,"Quiet Luxury bathroom for a Miami home. A balanced layout with a freestanding tub, spacious shower, double vanity, and premium natural materials creat",https://www.instagram.com/reel/DbXRfO2MGaj/,https://www.instagram.com/popular/quiet-luxury-bathroom/,r2_02
quiet-luxury-bathroom,3,binas_home,DF54R4vKbJu,6.7M,6700000,"Always WOW ✨ Jedes Mal, wenn ich dieses Badezimmer betrete, ist es wieder ein WOW-Moment! Egal, wie oft ich es sehe – die Eleganz, die Atmosph",https://www.instagram.com/reel/DF54R4vKbJu/,https://www.instagram.com/popular/quiet-luxury-bathroom/,r2_02
quiet-luxury-bathroom,4,buket.interior,DTYUARECkAQ,2M,2000000,Der kleinste Raum im Haus – unser Gästebad ✨ Wie findet ihr es? #gästebad #gästewc #tinybathroom #interiorvibes #bathroom #badgestaltung #interiordet,https://www.instagram.com/reel/DTYUARECkAQ/,https://www.instagram.com/popular/quiet-luxury-bathroom/,r2_02
quiet-luxury-bathroom,5,onezerostudio.in,DWovW4sD_bl,32.4K,32400,✨ Luxury in Every Detail ✨ This modern bathroom blends elegance with functionality — from the warm wooden textures to the ambient lighting that create,https://www.instagram.com/reel/DWovW4sD_bl/,https://www.instagram.com/popular/quiet-luxury-bathroom/,r2_02
quiet-luxury-bathroom,6,zaxzaaafrica,DZhV2noRxp1,977K,977000,"Escape to the stars without ever leaving home. We build. We create. We source. We partner. We execute. Transforming spaces into timeless masterpieces,",https://www.instagram.com/reel/DZhV2noRxp1/,https://www.instagram.com/popular/quiet-luxury-bathroom/,r2_02
quiet-luxury-bathroom,7,kika.baut,DZGbp0DsJod,542K,542000,"A perfect blend of warmth and sophistication. Grey-beige tiles, a seamless matching vanity, a stunning walnut cabinet, and soft indirect lighting come",https://www.instagram.com/reel/DZGbp0DsJod/,https://www.instagram.com/popular/quiet-luxury-bathroom/,r2_02
quiet-luxury-bathroom,8,mollybowenco,CvKzsAuN3pS,6.2M,6200000,Dream bathroom essentials… Soaking tub 🛀 Swoon-worthy tile 🤩 Mood lighting 💡 Follow @mollybowenco for more renovations and design inspo Floor & Wall T,https://www.instagram.com/reel/CvKzsAuN3pS/,https://www.instagram.com/popular/quiet-luxury-bathroom/,r2_02
quiet-luxury-bathroom,9,diachok.architects,DQWtLwbDNR9,714K,714000,"We all need moments that feel like a pause. Not a getaway, just a few minutes that belong only to you. That's why we design bathrooms that bring a sen",https://www.instagram.com/reel/DQWtLwbDNR9/,https://www.instagram.com/popular/quiet-luxury-bathroom/,r2_02
quiet-luxury-bathroom,10,luxoraify,DaH4yzFAztE,370K,370000,😍 Proof That Small Bathrooms Can Be Absolutely Stunning #explore #trendingreels #viralreels #bathroom #transformation,https://www.instagram.com/reel/DaH4yzFAztE/,https://www.instagram.com/popular/quiet-luxury-bathroom/,r2_02
quiet-luxury-bathroom,11,briarandlinen,DaoupKbxREz,"6,978",6978,"Luxury isn't about having more—it's about making the everyday feel beautiful. Fresh flowers, soft towels, elegant trays, favorite fragrances, warm can",https://www.instagram.com/reel/DaoupKbxREz/,https://www.instagram.com/popular/quiet-luxury-bathroom/,r2_02
quiet-luxury-bathroom,12,homesluz_,DFlz4bjRU5u,10.2K,10200,✨ Elegance in Every Detail: Downstairs WC Tour ✨ Transform your daily routine with a touch of luxury! This elegant downstairs bathroom combines: 🌟 Mod,https://www.instagram.com/reel/DFlz4bjRU5u/,https://www.instagram.com/popular/quiet-luxury-bathroom/,r2_02
modern-luxury-house-interiors,1,luxuryhouseview,DVl4FLoiNZw,461K,461000,"Living in a masterpiece of light, space, and luxury💥💎✨. #LuxuryHome #ModernVilla",https://www.instagram.com/reel/DVl4FLoiNZw/,https://www.instagram.com/popular/modern-luxury-house-interiors/,r2_02
modern-luxury-house-interiors,2,luxurydreamhub,DScqiv1EsV0,2M,2000000,Redefining modern elegance in a sanctuary of light and luxury. ✨🕊️ Experience the ultimate dream,https://www.instagram.com/reel/DScqiv1EsV0/,https://www.instagram.com/popular/modern-luxury-house-interiors/,r2_02
modern-luxury-house-interiors,3,luxuryhouseview,DOExDYCiEYm,4.7M,4700000,ULTRA Luxury House Interior Design💎✨☄️ #luxuryhouseview #luxury #Home #miamistad #miamilife,https://www.instagram.com/reel/DOExDYCiEYm/,https://www.instagram.com/popular/modern-luxury-house-interiors/,r2_02
modern-luxury-house-interiors,4,royashabboui,C_qsri6hBKL,593K,593000,This stunning and spacious residence that epitomizes luxury living… #realestate #realestateagent #luxury,https://www.instagram.com/reel/C_qsri6hBKL/,https://www.instagram.com/popular/modern-luxury-house-interiors/,r2_02
modern-luxury-house-interiors,5,beautyofinteriors,DSGO3Zij8ko,36.6K,36600,This design is beautiful! 😍 Would you agree? - Credit @2pdesigners #interiors #houses #designer,https://www.instagram.com/reel/DSGO3Zij8ko/,https://www.instagram.com/popular/modern-luxury-house-interiors/,r2_02
modern-luxury-house-interiors,6,ryanknoch,C0ewp4eRrH8,7.8M,7800000,"🔥A masterful expression of desert modern living, this new architectural luxurious home with outstanding",https://www.instagram.com/reel/C0ewp4eRrH8/,https://www.instagram.com/popular/modern-luxury-house-interiors/,r2_02
modern-luxury-house-interiors,7,vrishtidesigns,DUZ_TYJka3r,647K,647000,"Luxury isn't about adding more… it's about designing volume, light, and drama the right way. ✨",https://www.instagram.com/reel/DUZ_TYJka3r/,https://www.instagram.com/popular/modern-luxury-house-interiors/,r2_02
modern-luxury-house-interiors,8,2pdesigners,DWY_6A-EVKS,107K,107000,A breathtaking home unfolding right before your eyes. Every detail is composed with intention from the,https://www.instagram.com/reel/DWY_6A-EVKS/,https://www.instagram.com/popular/modern-luxury-house-interiors/,r2_02
modern-luxury-house-interiors,9,articture,DH9QazNTGvj,84.1K,84100,"Dream home goals! ✨🏡 The perfect blend of luxury, comfort, and breathtaking ocean views. Who else is",https://www.instagram.com/reel/DH9QazNTGvj/,https://www.instagram.com/popular/modern-luxury-house-interiors/,r2_02
modern-luxury-house-interiors,10,island.realtor,DQ_8444DvZ5,320K,320000,Who else needs a house like this by 2026 😍 𝐁𝐔𝐘 | 𝐑𝐄𝐍𝐓 | 𝐒𝐄𝐋𝐋 | 𝐈𝐍𝐕𝐄𝐒𝐓,https://www.instagram.com/reel/DQ_8444DvZ5/,https://www.instagram.com/popular/modern-luxury-house-interiors/,r2_02
modern-luxury-house-interiors,11,asseldxb07,DTIJrUUEZNi,404K,404000,Эксклюзивная вилла на Palm Jumeirah 🤍 Частный пляж. Приватность. Эстетика высокой моды в интерьере.,https://www.instagram.com/reel/DTIJrUUEZNi/,https://www.instagram.com/popular/modern-luxury-house-interiors/,r2_02
modern-luxury-house-interiors,12,luxurydreamhub,DPBMs60gTds,2.7M,2700000,"Pure architectural elegance! 😍 The way this space flows, the natural light from the skylight, and that",https://www.instagram.com/reel/DPBMs60gTds/,https://www.instagram.com/popular/modern-luxury-house-interiors/,r2_02
ultra-modern-luxury-house-design,1,elarch.studio,C_5u72pxVBx,15.5M,15500000,"Renderizado por @elarch.studio, este projeto noturno para @arquiteturash é uma verdadeira obra de arte moderna. A volumetria",https://www.instagram.com/reel/C_5u72pxVBx/,https://www.instagram.com/popular/ultra-modern-luxury-house-design/,r2_02
ultra-modern-luxury-house-design,2,wayup_media,DWjLuOqjin8,448K,448000,"This home has been nominated for Home of the Year! If you think it should win, check out @azdarchitects & @nastructures bio and vote entry #19",https://www.instagram.com/reel/DWjLuOqjin8/,https://www.instagram.com/popular/ultra-modern-luxury-house-design/,r2_02
ultra-modern-luxury-house-design,3,estudiolfarq,DQPMnBnkcpj,332K,332000,"JS House Estudio LF Arquitetura 1500,00 m2 construídos Terreno: 2500,00 m2 . . #masterhomes #architecture #arquitetura #casasdeluxo #ca",https://www.instagram.com/reel/DQPMnBnkcpj/,https://www.instagram.com/popular/ultra-modern-luxury-house-design/,r2_02
ultra-modern-luxury-house-design,4,orcadesignec,DObqMvwDiJp,422K,422000,"A design created to transcend. Infinite Mansion redefines the living experience: modern lines, immersive lighting, and an architectural style that ble",https://www.instagram.com/reel/DObqMvwDiJp/,https://www.instagram.com/popular/ultra-modern-luxury-house-design/,r2_02
ultra-modern-luxury-house-design,5,zibaq.inc,DVyFfBUDR02,23K,23000,1 Kanal Ultra Modern luxury House full furnished Full basement Design for Sale DHA Lahore. Accommodations: - 5 Bedroom (Each Bedroom Features Unique T,https://www.instagram.com/reel/DVyFfBUDR02/,https://www.instagram.com/popular/ultra-modern-luxury-house-design/,r2_02
ultra-modern-luxury-house-design,6,estudiolfarq,DJjx0IUOT8d,352K,352000,"Luxury House Design by @estudiolfarq São Paulo, Brasil 🇧🇷 . . #arquitetura #casasluxuosas #casasdeluxo #fachadasmodernas #casasmodernas #fachadasincri",https://www.instagram.com/reel/DJjx0IUOT8d/,https://www.instagram.com/popular/ultra-modern-luxury-house-design/,r2_02
ultra-modern-luxury-house-design,7,theluxurylaunch,DKBShVqt8ds,32.3K,32300,Incredible home 😍 @aiforarchitects #house #houses #home #homes #realestate #mansion #luxurylifestyle #luxury #luxuryhome #luxurylife,https://www.instagram.com/reel/DKBShVqt8ds/,https://www.instagram.com/popular/ultra-modern-luxury-house-design/,r2_02
ultra-modern-luxury-house-design,8,modern_house__3d,DcfDbiDsJb2,2.6M,2600000,Modern Luxury House Design 🏠✨ | Dream Home 16 Modern luxury house design with a stunning exterior 🏡✨ A beautiful 3D dream home for modern arc,https://www.instagram.com/reel/DcfDbiDsJb2/,https://www.instagram.com/popular/ultra-modern-luxury-house-design/,r2_02
ultra-modern-luxury-house-design,9,luxurydreamhub,DWqCiqSz5-h,133K,133000,Grandeur in every detail. 🏛️✨ There's nothing quite like the striking elegance of a modern masterpiece at night. 🌌🏠 #luxuryhomes #modernarchit,https://www.instagram.com/reel/DWqCiqSz5-h/,https://www.instagram.com/popular/ultra-modern-luxury-house-design/,r2_02
ultra-modern-luxury-house-design,10,luxuriatetouche,DI9Q70Uo8fB,9.7M,9700000,Luxury modern house exterior design 🏠 #lightingdesign #lightingdecor #lighting #lightdesign #livingarea #livingspace #bedroominterior #bedroomdecor #l,https://www.instagram.com/reel/DI9Q70Uo8fB/,https://www.instagram.com/popular/ultra-modern-luxury-house-design/,r2_02
ultra-modern-luxury-house-design,11,luxurydreamhub,DUi6zDJga0_,1M,1000000,Finding tranquility in the curves of modern design. ✨ A spiral of elegance that leads to a world of luxury and light. 🏛️💎 ​#interiordesign #luxuryhome,https://www.instagram.com/reel/DUi6zDJga0_/,https://www.instagram.com/popular/ultra-modern-luxury-house-design/,r2_02
ultra-modern-luxury-house-design,12,harmosai,DOWAQw0kdBU,15.2K,15200,"True architectural mastery doesn't just create a structure; it frames a perspective. ​This black modern villa exemplifies minimalist design, using cle",https://www.instagram.com/reel/DOWAQw0kdBU/,https://www.instagram.com/popular/ultra-modern-luxury-house-design/,r2_02
luxury-modern-beautiful-house,1,americas_realtor,Dcb0sPbOfXt,24.3K,24300,Flying through your new modern home!😮‍💨 Follow @americas_realtor for Custom Homes!🇺🇸,https://www.instagram.com/reel/Dcb0sPbOfXt/,https://www.instagram.com/popular/luxury-modern-beautiful-house/,r2_02
luxury-modern-beautiful-house,2,selvahamidovic,DY7eIFkJii8,74.1K,74100,"Where vision meets execution. From concept to completion, every detail of this waterfront residence",https://www.instagram.com/reel/DY7eIFkJii8/,https://www.instagram.com/popular/luxury-modern-beautiful-house/,r2_02
luxury-modern-beautiful-house,3,urban_lifestyle_lab,DTwE4CFjKFK,3M,3000000,tHiS iS nOt lUxUrY. tHiS iS dOmInAnCe.,https://www.instagram.com/reel/DTwE4CFjKFK/,https://www.instagram.com/popular/luxury-modern-beautiful-house/,r2_02
luxury-modern-beautiful-house,4,zibaq.inc,DVyFfBUDR02,23K,23000,1 Kanal Ultra Modern luxury House full furnished Full basement Design for Sale DHA Lahore. Accomod,https://www.instagram.com/reel/DVyFfBUDR02/,https://www.instagram.com/popular/luxury-modern-beautiful-house/,r2_02
luxury-modern-beautiful-house,5,luxicavibe,DbIqyuRAPDn,561K,561000,NA,https://www.instagram.com/reel/DbIqyuRAPDn/,https://www.instagram.com/popular/luxury-modern-beautiful-house/,r2_02
luxury-modern-beautiful-house,6,dimension.xy,DUdnNltgQv5,68.2K,68200,"If minimalism had a power move this would be it. Layered slabs, shadow play, and that glass corner st",https://www.instagram.com/reel/DUdnNltgQv5/,https://www.instagram.com/popular/luxury-modern-beautiful-house/,r2_02
luxury-modern-beautiful-house,7,elarch.studio,DHvsnj8oqaE,5.5M,5500000,"🔹 A symphony of light, design, and power This residence is a bold statement of contemporary lux",https://www.instagram.com/reel/DHvsnj8oqaE/,https://www.instagram.com/popular/luxury-modern-beautiful-house/,r2_02
luxury-modern-beautiful-house,8,modern_house__3d,DcfDbiDsJb2,2.6M,2600000,Modern Luxury House Design 🏠✨ | Dream Home 16 Modern luxury house design with a stunning ext,https://www.instagram.com/reel/DcfDbiDsJb2/,https://www.instagram.com/popular/luxury-modern-beautiful-house/,r2_02
luxury-modern-beautiful-house,9,milanchettri123,DcBShnvt0yC,879K,879000,✨🏡 Modern luxury meets dream-home vibes! A house that truly catches the eye. ❤️ #LuxuryHouse,https://www.instagram.com/reel/DcBShnvt0yC/,https://www.instagram.com/popular/luxury-modern-beautiful-house/,r2_02
luxury-modern-beautiful-house,10,luxurydreamhub,DTf1j0ZgTLk,365K,365000,Modern luxury at its finest. ✨🏙️ #interiordesign #luxuryhomes #homedecor #modernliving #aesth,https://www.instagram.com/reel/DTf1j0ZgTLk/,https://www.instagram.com/popular/luxury-modern-beautiful-house/,r2_02
luxury-modern-beautiful-house,11,harmosai,DOWAQw0kdBU,15.2K,15200,True architectural mastery doesn't just create a structure; it frames a perspective. ​This black,https://www.instagram.com/reel/DOWAQw0kdBU/,https://www.instagram.com/popular/luxury-modern-beautiful-house/,r2_02
luxury-modern-beautiful-house,12,sapphireluxuryhomes,DcyVlgTTggV,127K,127000,"This beautiful modern luxury home with an elevator is the perfect blend of convenience, design, and",https://www.instagram.com/reel/DcyVlgTTggV/,https://www.instagram.com/popular/luxury-modern-beautiful-house/,r2_02
luxury-apartment-interior-design-ideas-2026,1,eliemoussa_creative_design,DX2GUioAHC0,359K,359000,Elevating everyday elegance in our enclaves… #design #instagram #interiordesign #render #art,https://www.instagram.com/reel/DX2GUioAHC0/,https://www.instagram.com/popular/luxury-apartment-interior-design-ideas-2026/,r2_02
luxury-apartment-interior-design-ideas-2026,2,firstlivinghomejaipur,DQN5QNBknDf,1.1M,1100000,Luxury Living Design 💫✨ . . . #realestate #newhome #work #realtor #transition #styleathome #hometohave,https://www.instagram.com/reel/DQN5QNBknDf/,https://www.instagram.com/popular/luxury-apartment-interior-design-ideas-2026/,r2_02
luxury-apartment-interior-design-ideas-2026,3,luxurydreamhub,DRM0OvLEswF,1.4M,1400000,"Sleek marble floors meet soft neutral luxury. ✨🛋️ The open-concept living and dining area, subtle ambient",https://www.instagram.com/reel/DRM0OvLEswF/,https://www.instagram.com/popular/luxury-apartment-interior-design-ideas-2026/,r2_02
luxury-apartment-interior-design-ideas-2026,4,luxxeinteriors,DPu-mE_k7wd,447K,447000,Our recent modern contemporary interior design concept for our beautiful clients home on the Gold Coast! In collabor,https://www.instagram.com/reel/DPu-mE_k7wd/,https://www.instagram.com/popular/luxury-apartment-interior-design-ideas-2026/,r2_02
luxury-apartment-interior-design-ideas-2026,5,jareef__saifi,DWjQIN5Aemr,547K,547000,Ultra Luxury Living Room That Looks Straight Out of a Dream ✨ #livingroomdecor #interiordesign #shortvideo,https://www.instagram.com/reel/DWjQIN5Aemr/,https://www.instagram.com/popular/luxury-apartment-interior-design-ideas-2026/,r2_02
luxury-apartment-interior-design-ideas-2026,6,luxurydreamhub,DYsApjVBTYq,63K,63000,"City lights outside, pure luxury inside. ✨🌃 The ultimate living room setup where sleek modern design meets a",https://www.instagram.com/reel/DYsApjVBTYq/,https://www.instagram.com/popular/luxury-apartment-interior-design-ideas-2026/,r2_02
luxury-apartment-interior-design-ideas-2026,7,fushuhousedesign,DV_Bm_yDfFj,146K,146000,Modern Organic Luxury | Urban Sanctuary Design 🏙️✨ #InteriorDesign #ModernLuxury #LuxuryLifestyle #homedeco,https://www.instagram.com/reel/DV_Bm_yDfFj/,https://www.instagram.com/popular/luxury-apartment-interior-design-ideas-2026/,r2_02
luxury-apartment-interior-design-ideas-2026,8,beautyofinteriors,DSGO3Zij8ko,36.6K,36600,This design is beautiful! 😍 Would you agree? - Credit @2pdesigners #interiors #houses #designer #realestate,https://www.instagram.com/reel/DSGO3Zij8ko/,https://www.instagram.com/popular/luxury-apartment-interior-design-ideas-2026/,r2_02
luxury-apartment-interior-design-ideas-2026,9,bae.interiors,DI_CAg6too4,35K,35000,Home 🤍🦢 modern apartment design apartment ideas for women and men apartment aesthetic women and men cozy apartment,https://www.instagram.com/reel/DI_CAg6too4/,https://www.instagram.com/popular/luxury-apartment-interior-design-ideas-2026/,r2_02
luxury-apartment-interior-design-ideas-2026,10,zenqarchitecture,DRk4Kc4jHwg,56.3K,56300,Which part of the apartment steals your heart? • Follow @zenqarchitecture for more! • BY @zilola_design • Decora,https://www.instagram.com/reel/DRk4Kc4jHwg/,https://www.instagram.com/popular/luxury-apartment-interior-design-ideas-2026/,r2_02
luxury-apartment-interior-design-ideas-2026,11,vrishtidesigns,DY9CLYOx-rq,2.2M,2200000,"Golden lighting, grand details, and luxury that speaks for itself ✨🤎 #vrishtidesigns #luxuryinteriors #livingroomd",https://www.instagram.com/reel/DY9CLYOx-rq/,https://www.instagram.com/popular/luxury-apartment-interior-design-ideas-2026/,r2_02
luxury-apartment-interior-design-ideas-2026,12,start.design__,DWbRM_fguGf,124K,124000,"Un proiect de design interior modern, unde eleganța întâlnește rafinamentul în cele mai subtile detalii ✨ Liniile",https://www.instagram.com/reel/DWbRM_fguGf/,https://www.instagram.com/popular/luxury-apartment-interior-design-ideas-2026/,r2_02
dreamy-walk-in-closet-designs-ideas,1,pahome_official,DKW9nzYxrxM,5.4M,5400000,👚 A wardrobe that works for your lifestyle. From hanging space to drawers and open shelves,https://www.instagram.com/reel/DKW9nzYxrxM/,https://www.instagram.com/popular/dreamy-walk-in-closet-designs-ideas/,r2_02
dreamy-walk-in-closet-designs-ideas,2,charlotte.e.green,DXSLqJ3DKNf,234K,234000,Bespoke joinery with secret handbag storage concealed behind it in this little walk in wardrobe,https://www.instagram.com/reel/DXSLqJ3DKNf/,https://www.instagram.com/popular/dreamy-walk-in-closet-designs-ideas/,r2_02
dreamy-walk-in-closet-designs-ideas,3,sapphireluxuryhomes,DFflnKMPNeh,85.9K,85900,"Dream closets do exist, and this one takes it to a whole new level—literally. A 2-storey walk-i",https://www.instagram.com/reel/DFflnKMPNeh/,https://www.instagram.com/popular/dreamy-walk-in-closet-designs-ideas/,r2_02
dreamy-walk-in-closet-designs-ideas,4,ulohlifestyl,DSew2hjjDVz,24.2K,24200,"Folaz Walk-In Closet. Designed as more than storage, this space tells a story of modern living",https://www.instagram.com/reel/DSew2hjjDVz/,https://www.instagram.com/popular/dreamy-walk-in-closet-designs-ideas/,r2_02
dreamy-walk-in-closet-designs-ideas,5,havello3,DYtPkX5sfx_,187K,187000,This floor-to-ceiling walk-in closet design saves so much space! #clothes Hat closet #Small,https://www.instagram.com/reel/DYtPkX5sfx_/,https://www.instagram.com/popular/dreamy-walk-in-closet-designs-ideas/,r2_02
dreamy-walk-in-closet-designs-ideas,6,dreamh0using_dubai,DD6NwnmvGNv,503K,503000,3*3 walk-in closet…. @dream_studi0_interior #walk #walkin #closet #decor #artist #art #uae,https://www.instagram.com/reel/DD6NwnmvGNv/,https://www.instagram.com/popular/dreamy-walk-in-closet-designs-ideas/,r2_02
dreamy-walk-in-closet-designs-ideas,7,pahome_official,DLi_61pA64O,96.6K,96600,Dreaming of a walk-in closet that's both classic and functional? 💭✨ This Shaker-style wa,https://www.instagram.com/reel/DLi_61pA64O/,https://www.instagram.com/popular/dreamy-walk-in-closet-designs-ideas/,r2_02
dreamy-walk-in-closet-designs-ideas,8,philkeandesigngroup,DSGQeRiEvi1,3.7M,3700000,The closet *you* need ✨ Follow for more home inspiration. #PhilKeanDesignGroup #ClosetGo,https://www.instagram.com/reel/DSGQeRiEvi1/,https://www.instagram.com/popular/dreamy-walk-in-closet-designs-ideas/,r2_02
dreamy-walk-in-closet-designs-ideas,9,lumispace.ai,DWfOW1Xjt2w,156K,156000,That awkward corner? We turned it into a diamond-shaped walk-in closet 🤯 No wasted space.,https://www.instagram.com/reel/DWfOW1Xjt2w/,https://www.instagram.com/popular/dreamy-walk-in-closet-designs-ideas/,r2_02
dreamy-walk-in-closet-designs-ideas,10,pahome_cabinet,DIm-KaoMT1T,122K,122000,Walk-In Closet Design for Small Rooms Whether you're working with a compact bedroom or con,https://www.instagram.com/reel/DIm-KaoMT1T/,https://www.instagram.com/popular/dreamy-walk-in-closet-designs-ideas/,r2_02
dreamy-walk-in-closet-designs-ideas,11,tiffany_design_studio,DAgLUmnMdK6,5.8M,5800000,Adding a walk-in closet to a bedroom? Wait for it ⤴️💎✨ • • • #tiffanydesignstudio,https://www.instagram.com/reel/DAgLUmnMdK6/,https://www.instagram.com/popular/dreamy-walk-in-closet-designs-ideas/,r2_02
dreamy-walk-in-closet-designs-ideas,12,artemarmolcol,DN1ouM23jHl,69.5K,69500,"Descubre cómo un walk in closet puede convertirse en el espacio soñado para organizar, exh",https://www.instagram.com/reel/DN1ouM23jHl/,https://www.instagram.com/popular/dreamy-walk-in-closet-designs-ideas/,r2_02
japandi-serenity-bedroom-design-ideas,1,decorate.world,DMmGxeRoZE4,"8,712",8712,"🌿Japandi interiors = calm, clean, and effortlessly elegant. Thinking of recreating this look with",https://www.instagram.com/reel/DMmGxeRoZE4/,https://www.instagram.com/popular/japandi-serenity-bedroom-design-ideas/,r2_02
japandi-serenity-bedroom-design-ideas,2,japandiinteriordesign_magl,DEjcScDKLal,13.5K,13500,Japandi bedrooms that are seamless fusion of Japanese elegance and Scandinavian minimalism 🤍 W,https://www.instagram.com/reel/DEjcScDKLal/,https://www.instagram.com/popular/japandi-serenity-bedroom-design-ideas/,r2_02
japandi-serenity-bedroom-design-ideas,3,beo.viz,C7twl0jNhRY,10.1K,10100,Japandi bedroom Design & visualization by @beo.viz #render_minimalism #reels #3dvisualization #in,https://www.instagram.com/reel/C7twl0jNhRY/,https://www.instagram.com/popular/japandi-serenity-bedroom-design-ideas/,r2_02
japandi-serenity-bedroom-design-ideas,4,extrikaspaces,DPWIKqAkzrh,13.7K,13700,✨ Bedrooms are more than just places to sleep — they're reflections of you. From Minimalist,https://www.instagram.com/reel/DPWIKqAkzrh/,https://www.instagram.com/popular/japandi-serenity-bedroom-design-ideas/,r2_02
japandi-serenity-bedroom-design-ideas,5,builtforkeeps,C-G8o-fPYgB,99.1K,99100,Japandi is getting more popular for a reason - it's the perfect vibe for those who want simpl,https://www.instagram.com/reel/C-G8o-fPYgB/,https://www.instagram.com/popular/japandi-serenity-bedroom-design-ideas/,r2_02
japandi-serenity-bedroom-design-ideas,6,danzadeldesign,DREurBkDRLP,23K,23000,Colours that calm. Textures that speak. Design that feels like silence in motion. The Japandi,https://www.instagram.com/reel/DREurBkDRLP/,https://www.instagram.com/popular/japandi-serenity-bedroom-design-ideas/,r2_02
japandi-serenity-bedroom-design-ideas,7,zeynep.yalmann,DDFX74_ocwH,130K,130000,Japandi Bedroom 🤍 Eindelijk is mijn slaapkamerhoekje klaar ik ben er helemaal verliefd op! 😍,https://www.instagram.com/reel/DDFX74_ocwH/,https://www.instagram.com/popular/japandi-serenity-bedroom-design-ideas/,r2_02
japandi-serenity-bedroom-design-ideas,8,disen.enequilibrio,DNRQwwzSPms,13.3K,13300,"Bedrooms 2025 Minimalismo cálido que transforma tu descanso Luz natural, madera en tonos sua",https://www.instagram.com/reel/DNRQwwzSPms/,https://www.instagram.com/popular/japandi-serenity-bedroom-design-ideas/,r2_02
japandi-serenity-bedroom-design-ideas,9,vifa.dekorasi,DXgkpqok11f,47.6K,47600,"Minimalist: Desain kamar sederhana dengan sedikit furnitur, warna netral, dan fokus pada fung",https://www.instagram.com/reel/DXgkpqok11f/,https://www.instagram.com/popular/japandi-serenity-bedroom-design-ideas/,r2_02
japandi-serenity-bedroom-design-ideas,10,dzign.tales,DK3lbcWpIpL,"7,182",7182,Welcome to the world of Japandi aesthetics – where the minimalism of Japan meets the warmth,https://www.instagram.com/reel/DK3lbcWpIpL/,https://www.instagram.com/popular/japandi-serenity-bedroom-design-ideas/,r2_02
japandi-serenity-bedroom-design-ideas,11,creativitysarahs,DUvwvkIjNCM,27.5K,27500,Looking for the ultimate bedroom decoration inspiration? This 2026 modern Japanese bedroom,https://www.instagram.com/reel/DUvwvkIjNCM/,https://www.instagram.com/popular/japandi-serenity-bedroom-design-ideas/,r2_02
japandi-serenity-bedroom-design-ideas,12,tucasad3co,DWjyfpKEQPv,1.4M,1400000,"La habitación más acogedora que verás hoy ✨ Madera clara, luz envolvente y una armonía vis",https://www.instagram.com/reel/DWjyfpKEQPv/,https://www.instagram.com/popular/japandi-serenity-bedroom-design-ideas/,r2_02
wabi-sabi-japandi-interior-design,1,luxhilspace,DdJQu6yNlzW,"5,932",5932,"Raw edges, soft light, and room to breathe. 🌱 #wabisabi #luxuryinteriors",https://www.instagram.com/reel/DdJQu6yNlzW/,https://www.instagram.com/popular/wabi-sabi-japandi-interior-design/,r2_02
wabi-sabi-japandi-interior-design,2,sakkaf_design,DL4XZpsNWW9,12.3K,12300,🍂 Wabi-Sabi: The Beauty of Imperfection in Interior Design 🪵 In a world of ✨,https://www.instagram.com/reel/DL4XZpsNWW9/,https://www.instagram.com/popular/wabi-sabi-japandi-interior-design/,r2_02
wabi-sabi-japandi-interior-design,3,ekastudiobysana,DVlteM0ErvJ,252K,252000,"Comment ""EKA"" to get the Interior Design Styles PDF guide. Interior design styles",https://www.instagram.com/reel/DVlteM0ErvJ/,https://www.instagram.com/popular/wabi-sabi-japandi-interior-design/,r2_02
wabi-sabi-japandi-interior-design,4,wabisabiqiaozhuo,DWl6ub3CpLu,34.6K,34600,"Finally, I have a wabi-sabi space of my own 😍#furniture #wabisabi #zen #vacationren",https://www.instagram.com/reel/DWl6ub3CpLu/,https://www.instagram.com/popular/wabi-sabi-japandi-interior-design/,r2_02
wabi-sabi-japandi-interior-design,5,builtforkeeps,C-G8o-fPYgB,99.1K,99100,Japandi is getting more popular for a reason - it's the perfect vibe for those who,https://www.instagram.com/reel/C-G8o-fPYgB/,https://www.instagram.com/popular/wabi-sabi-japandi-interior-design/,r2_02
wabi-sabi-japandi-interior-design,6,joinfirstchair,Dav4xDovutB,48K,48000,how to create the perfect japandi style ↓ bring harmony into your home by blending,https://www.instagram.com/reel/Dav4xDovutB/,https://www.instagram.com/popular/wabi-sabi-japandi-interior-design/,r2_02
wabi-sabi-japandi-interior-design,7,theacedesignco,DYpB8-ItNXR,104K,104000,"Japandi interiors I can't stop saving ✨ soft textures, warm woods, and calm spaces",https://www.instagram.com/reel/DYpB8-ItNXR/,https://www.instagram.com/popular/wabi-sabi-japandi-interior-design/,r2_02
wabi-sabi-japandi-interior-design,8,kf.3dsolutions,C3ulET_tzH_,1.7M,1700000,Step by step to the dream home💫 #design #minimalism #japandi #wabisabi# #beige #in,https://www.instagram.com/reel/C3ulET_tzH_/,https://www.instagram.com/popular/wabi-sabi-japandi-interior-design/,r2_02
wabi-sabi-japandi-interior-design,9,lienda_alhaj,DNslnPnVGwU,10.3K,10300,Japanese Interior Design سحر البساطة في الطراز الياباني 🌿🏯 تصميم يجمع بين,https://www.instagram.com/reel/DNslnPnVGwU/,https://www.instagram.com/popular/wabi-sabi-japandi-interior-design/,r2_02
wabi-sabi-japandi-interior-design,10,i5studio,DNlwHO5srSa,11K,11000,"Ten projekt skradł Wasze serca. Japandi w swojej najczystszej formie - minimalizm, kt",https://www.instagram.com/reel/DNlwHO5srSa/,https://www.instagram.com/popular/wabi-sabi-japandi-interior-design/,r2_02
wabi-sabi-japandi-interior-design,11,meubelbaas,DV_4JcrDDcg,13.4K,13400,Dark Japandi Interior styling🥰 #japandi #interiordesign #interior,https://www.instagram.com/reel/DV_4JcrDDcg/,https://www.instagram.com/popular/wabi-sabi-japandi-interior-design/,r2_02
wabi-sabi-japandi-interior-design,12,hardwarerenaissance,Dc6urfAgl1U,321K,321000,"Japandi is what happens when two cultures, separated by thousands of miles, arrive a",https://www.instagram.com/reel/Dc6urfAgl1U/,https://www.instagram.com/popular/wabi-sabi-japandi-interior-design/,r2_02
organic-modern-kitchen-designs,1,inside_142,C9HhYw3MmE_,6.2M,6200000,Adding fruit = adding colour right? 🍌 🍑 For all of the haters I've had over the,https://www.instagram.com/reel/C9HhYw3MmE_/,https://www.instagram.com/popular/organic-modern-kitchen-designs/,r2_02
organic-modern-kitchen-designs,2,neeva.homes,DZsNeFPzKoq,72.9K,72900,Luxury Modular Kitchen That Blends Beauty with Smart Storage | Ojas Interiors #Oja,https://www.instagram.com/reel/DZsNeFPzKoq/,https://www.instagram.com/popular/organic-modern-kitchen-designs/,r2_02
organic-modern-kitchen-designs,3,abcdjoinery,DZbFAzLkp6Q,594K,594000,"Step into elegance. As the camera glides through, the curved stone island takes cen",https://www.instagram.com/reel/DZbFAzLkp6Q/,https://www.instagram.com/popular/organic-modern-kitchen-designs/,r2_02
organic-modern-kitchen-designs,4,dee_interiors_haven,DWWNPGPDWHH,18.6K,18600,🔥 Upgrade Your Kitchen Today! 🔥 Turn your space into a modern masterpiece with our,https://www.instagram.com/reel/DWWNPGPDWHH/,https://www.instagram.com/popular/organic-modern-kitchen-designs/,r2_02
organic-modern-kitchen-designs,5,allyrokstyle,DPPjf_-EsBN,870K,870000,This kitchen combo will never get old for me: White oak + zellige + warm white = pe,https://www.instagram.com/reel/DPPjf_-EsBN/,https://www.instagram.com/popular/organic-modern-kitchen-designs/,r2_02
organic-modern-kitchen-designs,6,homebunch,DGEIMTbSfMS,52.1K,52100,2025 Modern Organic Kitchen Inspiration It's time to make a statement with your kit,https://www.instagram.com/reel/DGEIMTbSfMS/,https://www.instagram.com/popular/organic-modern-kitchen-designs/,r2_02
organic-modern-kitchen-designs,7,mimisinclair.real.estate,DI2mkiuOsOV,14.8K,14800,This organic modern space is perfectly soft and elegant while still making a big im,https://www.instagram.com/reel/DI2mkiuOsOV/,https://www.instagram.com/popular/organic-modern-kitchen-designs/,r2_02
organic-modern-kitchen-designs,8,melissamaedesign,DLDNaaDpPEs,120K,120000,"All the feels in this newly remodeled kitchen with custom rift cut oak cabinetry, c",https://www.instagram.com/reel/DLDNaaDpPEs/,https://www.instagram.com/popular/organic-modern-kitchen-designs/,r2_02
organic-modern-kitchen-designs,9,diachok.architects,DWq6BMHNUdV,114K,114000,"""I want a fancy kitchen or a functional one?"" — a question almost everyone asks dur",https://www.instagram.com/reel/DWq6BMHNUdV/,https://www.instagram.com/popular/organic-modern-kitchen-designs/,r2_02
organic-modern-kitchen-designs,10,verandaestatehomes,DSxrSKakvV9,1.8M,1800000,Post number 4 from 2025 This kitchen is a true sun-soaked haven! With large window,https://www.instagram.com/reel/DSxrSKakvV9/,https://www.instagram.com/popular/organic-modern-kitchen-designs/,r2_02
organic-modern-kitchen-designs,11,makeshopfurnishings,DVKMNZxkblm,19.3K,19300,Wish someone would just design your kitchen so you don't have to? That's kind of ou,https://www.instagram.com/reel/DVKMNZxkblm/,https://www.instagram.com/popular/organic-modern-kitchen-designs/,r2_02
organic-modern-kitchen-designs,12,soft_arch_studio_2206,DX4dNvHyR3H,322K,322000,"Where texture meets silence. A Mediterranean kitchen shaped by light, earth, and im",https://www.instagram.com/reel/DX4dNvHyR3H/,https://www.instagram.com/popular/organic-modern-kitchen-designs/,r2_02
mid-century-modern-living-room-ideas,1,eloisepreen,DbDFrUEK-mt,7.6M,7600000,god forbid I love to stay at home 🏡😌 #midcenturymodern #livingroominspo #interiordesign #apartmenttherapy #sade,https://www.instagram.com/reel/DbDFrUEK-mt/,https://www.instagram.com/popular/mid-century-modern-living-room-ideas/,r2_02
mid-century-modern-living-room-ideas,2,modernistgarage,DbEvOkhRDaJ,352K,352000,Quiet evenings at home 🧡 #midcenturymodern #midcenturyfurniture #apartmentdecor,https://www.instagram.com/reel/DbEvOkhRDaJ/,https://www.instagram.com/popular/mid-century-modern-living-room-ideas/,r2_02
mid-century-modern-living-room-ideas,3,eloisepreen,DVY1Jq6CgT9,127K,127000,our eclectic mid century modern home 🏡🌆 #apartmentaesthetic #fyp #interiordesign #ambientlighting #boygirlapartment loftdesign boyandgirla,https://www.instagram.com/reel/DVY1Jq6CgT9/,https://www.instagram.com/popular/mid-century-modern-living-room-ideas/,r2_02
mid-century-modern-living-room-ideas,4,kaiboet,DYC3yYosCkR,184K,184000,welcome to my sanctuary . . . . . . Interior - Interiorinspo - homedecor - midcentury modern - design,https://www.instagram.com/reel/DYC3yYosCkR/,https://www.instagram.com/popular/mid-century-modern-living-room-ideas/,r2_02
mid-century-modern-living-room-ideas,5,kozyblum,DVRJOzKiLE2,"6,777",6777,tag this friend who spend all her money in home decor 😭 — girl apartment - couple apartment - boy and girl apartment - cozy apartment - home decor ins,https://www.instagram.com/reel/DVRJOzKiLE2/,https://www.instagram.com/popular/mid-century-modern-living-room-ideas/,r2_02
mid-century-modern-living-room-ideas,6,apt_1901,DbvXTyizeSv,"7,952",7952,"Save for later! And let us know if we missed anything 🤍 All products linked in bio / comment ""Apt"" to receive in DMs! Liked the vibe? Follow along 👫",https://www.instagram.com/reel/DbvXTyizeSv/,https://www.instagram.com/popular/mid-century-modern-living-room-ideas/,r2_02
mid-century-modern-living-room-ideas,7,interiorbydnd,DTfyHebDSoF,133K,133000,"We've come so far, but still so far to go 😎🔥 Mid century • eclectic • interior design • IKEA • Scandinavian • home decor • living room inspo",https://www.instagram.com/reel/DTfyHebDSoF/,https://www.instagram.com/popular/mid-century-modern-living-room-ideas/,r2_02
mid-century-modern-living-room-ideas,8,eloisepreen,DVbJ9KqCrAE,704K,704000,if you love this style… hi welcome to my home! 🙋‍♀️🏡 midcenturymodern vintagefurniture mcm loftapartment colorfulhome homedecor homeinspo interiordesi,https://www.instagram.com/reel/DVbJ9KqCrAE/,https://www.instagram.com/popular/mid-century-modern-living-room-ideas/,r2_02
mid-century-modern-living-room-ideas,9,interiorbydnd,DW2LNTQEkzo,970K,970000,POV : you finally moved in together 🥰🥹 Mid century • interior design • eclectic,https://www.instagram.com/reel/DW2LNTQEkzo/,https://www.instagram.com/popular/mid-century-modern-living-room-ideas/,r2_02
mid-century-modern-living-room-ideas,10,homewithkoby,DTLRj8BEfZ9,499K,499000,All 2026 😮‍💨✌🏾 #peaceful #apartmenttherapy #livingroomdecor #interiordesign #midcenturymodern,https://www.instagram.com/reel/DTLRj8BEfZ9/,https://www.instagram.com/popular/mid-century-modern-living-room-ideas/,r2_02
mid-century-modern-living-room-ideas,11,cata.haus,DXHA9dNjfA-,318K,318000,What should we call it? Retro/mid-century? 🤔🧡#retrointerior #midcenturydecor #apartmentinspo #livingroominspiration #interiorstyling,https://www.instagram.com/reel/DXHA9dNjfA-/,https://www.instagram.com/popular/mid-century-modern-living-room-ideas/,r2_02
mid-century-modern-living-room-ideas,12,the.moodcrafters,DG4_0odxPvN,19.5K,19500,"mid century modern . warm tone location : punggol size : 1001 sqft type : 4 bedroom HDB BTO budget : $108,000",https://www.instagram.com/reel/DG4_0odxPvN/,https://www.instagram.com/popular/mid-century-modern-living-room-ideas/,r2_02
minimalist-art-deco-interior-design,1,daves_home,CysgZWBsyAD,3.4M,3400000,Light on! Happy Sudnay! . #midcentury #midcenturymodern #midcenturydesign #midcenturystyle,https://www.instagram.com/reel/CysgZWBsyAD/,https://www.instagram.com/popular/minimalist-art-deco-interior-design/,r2_02
minimalist-art-deco-interior-design,2,thetenderline,DYm4fkVCAKT,94.1K,94100,Art Deco hits Minimalism. Especially the late 1920s and 1930s remain endlessly inspiring to me.,https://www.instagram.com/reel/DYm4fkVCAKT/,https://www.instagram.com/popular/minimalist-art-deco-interior-design/,r2_02
minimalist-art-deco-interior-design,3,ekastudiobysana,DVlteM0ErvJ,252K,252000,"Comment ""EKA"" to get the Interior Design Styles PDF guide. Interior design styles every design lover should know ✨",https://www.instagram.com/reel/DVlteM0ErvJ/,https://www.instagram.com/popular/minimalist-art-deco-interior-design/,r2_02
minimalist-art-deco-interior-design,4,sagrace_designs,DAy3Ez6OWRG,126K,126000,"Bold lines, rich colors, and timeless elegance. This is Art Deco at its finest. 😌 Which Art Deco feature stands out to",https://www.instagram.com/reel/DAy3Ez6OWRG/,https://www.instagram.com/popular/minimalist-art-deco-interior-design/,r2_02
minimalist-art-deco-interior-design,5,ivy_corleone,DZw4vHtoyqD,361K,361000,#artdeco #midcenturydesign #2026trends #interiors #trial,https://www.instagram.com/reel/DZw4vHtoyqD/,https://www.instagram.com/popular/minimalist-art-deco-interior-design/,r2_02
minimalist-art-deco-interior-design,6,kaiboet,DZa5xTNshRn,642K,642000,anyway . . . . Interior - midcentury modern - homedecor - interiorinspo,https://www.instagram.com/reel/DZa5xTNshRn/,https://www.instagram.com/popular/minimalist-art-deco-interior-design/,r2_02
minimalist-art-deco-interior-design,7,lifeofblahhh,DWWAeILCKtJ,150K,150000,"Minimal interiors but with accent 😍✨ Image courtesy: Pinterest [ interior design, interior design style, minim",https://www.instagram.com/reel/DWWAeILCKtJ/,https://www.instagram.com/popular/minimalist-art-deco-interior-design/,r2_02
minimalist-art-deco-interior-design,8,interioralchemyhq,C939VFHCVCS,21.3K,21300,Experience the epitome of modern elegance with this stunning interior design! Featuring a sleek marble dining table s,https://www.instagram.com/reel/C939VFHCVCS/,https://www.instagram.com/popular/minimalist-art-deco-interior-design/,r2_02
minimalist-art-deco-interior-design,9,interiorvisiondrawnbyhand,DP31rkbiiBU,19K,19000,"Anyone know someone planning a mid-century modern renovation? 👀 As an interior designer, this is my favourite sty",https://www.instagram.com/reel/DP31rkbiiBU/,https://www.instagram.com/popular/minimalist-art-deco-interior-design/,r2_02
minimalist-art-deco-interior-design,10,varia.studiodesign,DZlZDA1Ricv,"8,596",8596,"✨ 6 Interior Design Styles You Need to Know Before Your Next Renovation ✨ Not every beautiful home is Modern, Mini",https://www.instagram.com/reel/DZlZDA1Ricv/,https://www.instagram.com/popular/minimalist-art-deco-interior-design/,r2_02
minimalist-art-deco-interior-design,11,soyarqadrianadelacruz,DU04-JoCXsb,2M,2000000,"El estilo no se copia, se construye. Nace de cómo habitas tus espacios y de lo que quieres sentir en ellos. #D",https://www.instagram.com/reel/DU04-JoCXsb/,https://www.instagram.com/popular/minimalist-art-deco-interior-design/,r2_02
minimalist-art-deco-interior-design,12,buondesign.az,DYwCHTlMtEq,51.9K,51900,🤍 Neoclassic interior design #neoclassicinterior #neoklassik #neoklassikinteryer #interyerdizayner #neoklassikdizayn,https://www.instagram.com/reel/DYwCHTlMtEq/,https://www.instagram.com/popular/minimalist-art-deco-interior-design/,r2_02
modern-mediterranean-houses,1,eng.osamaabbad.id,DZiKL5aMLRq,39.7K,39700,🏡✨ البساطة عندما تجتمع مع الفخامة. فيلا مودرن بتصميم أنيق ومساحات مفتوحة وإطلالات مميزة على المسبح. هل تسكن في منزل كهذا؟ 👇,https://www.instagram.com/reel/DZiKL5aMLRq/,https://www.instagram.com/popular/modern-mediterranean-houses/,r2_02
modern-mediterranean-houses,2,jakebuiltit,Dadew_gKk6c,94.9K,94900,Organic Mediterranean Part 2 Would you live here? #homeremodel #organicmeditterean #dreamhouse #housegoals #losangeles,https://www.instagram.com/reel/Dadew_gKk6c/,https://www.instagram.com/popular/modern-mediterranean-houses/,r2_02
modern-mediterranean-houses,3,textureofhome,DaL6eUVvQGT,"4,844",4844,"The Mediterranean home we'll live in someday. ✨ Warm stone, soft arches, layered textures, and sun-soaked rooms that feel calm, luxurious, and timeles",https://www.instagram.com/reel/DaL6eUVvQGT/,https://www.instagram.com/popular/modern-mediterranean-houses/,r2_02
modern-mediterranean-houses,4,southerly_la,DIRBeQ0RD8j,12.6K,12600,Modern Mediterranean ✨ . . Via @westlake_homes,https://www.instagram.com/reel/DIRBeQ0RD8j/,https://www.instagram.com/popular/modern-mediterranean-houses/,r2_02
modern-mediterranean-houses,5,dhrh_construction,DYFX94PpG8R,41.2K,41200,Modern Mediterranean ✨ Is there anything in this reel inspiring your future home? Let us know in the comments below. Now booking custom homes & remode,https://www.instagram.com/reel/DYFX94PpG8R/,https://www.instagram.com/popular/modern-mediterranean-houses/,r2_02
modern-mediterranean-houses,6,spacesbylaura,DZnsO-yuheC,615K,615000,The villa my future self definitely owns 😂🤎 which room is calling you? #mediterraneanhome #dreamhome #interiordesign #homeinspiration #hometours,https://www.instagram.com/reel/DZnsO-yuheC/,https://www.instagram.com/popular/modern-mediterranean-houses/,r2_02
modern-mediterranean-houses,7,casaversacedxb,C7BZHLQRCI8,152K,152000,NEW PROJECT / MEDITERRANEAN VILLA / 2024 The villa is spread over two above-ground levels and one basement level. The design is articulated in two vol,https://www.instagram.com/reel/C7BZHLQRCI8/,https://www.instagram.com/popular/modern-mediterranean-houses/,r2_02
modern-mediterranean-houses,8,westlake_homes,DCwYDypRObX,16.1K,16100,Modern minimalism and classical Mediterranean style mansion with grand arched openings and natural tones interior. AI Design Concept by @westlake_home,https://www.instagram.com/reel/DCwYDypRObX/,https://www.instagram.com/popular/modern-mediterranean-houses/,r2_02
modern-mediterranean-houses,9,durandesigngroup,DW5E79ZDOt3,"7,069",7069,"For clients who want a home that feels warm, timeless, and deeply personal, great design is where everything begins. This residence was envisioned to",https://www.instagram.com/reel/DW5E79ZDOt3/,https://www.instagram.com/popular/modern-mediterranean-houses/,r2_02
modern-mediterranean-houses,10,abiinteriors,C0OS-5SLMfO,3.5M,3500000,"""I wake up, and I open my eyes, and I feel like I'm sitting in my Pinterest board.""⁠ ⁠ One of our most aesthetic, Mediterranean-inspired house tours y",https://www.instagram.com/reel/C0OS-5SLMfO/,https://www.instagram.com/popular/modern-mediterranean-houses/,r2_02
modern-mediterranean-houses,11,nivel.cenit,DXLLgRnkqTg,"2,688",2688,¿Te gustaría tener una casa estilo mediterránea? Te leo en comentarios 👀🤍 #casa #mediterraneo #estilos #arquitectura #diseño,https://www.instagram.com/reel/DXLLgRnkqTg/,https://www.instagram.com/popular/modern-mediterranean-houses/,r2_02
modern-mediterranean-houses,12,refinedgardens,CspSS0qgw0n,1.2M,1200000,Obsessed with this modern Mediterranean style. Project Manager: @kaysawada #refined #refinedgardens #design #outdoorliving #outdooroasis #luxurylandsc,https://www.instagram.com/reel/CspSS0qgw0n/,https://www.instagram.com/popular/modern-mediterranean-houses/,r2_02
scandinavian-interior-design-styles,1,watchthebuild,DaXROTBSfSt,349K,349000,"✨ Scandinavian Living Room Makeover with Piano 🎹🛋️ Same room, same furniture — but a smarter layout changes everything.",https://www.instagram.com/reel/DaXROTBSfSt/,https://www.instagram.com/popular/scandinavian-interior-design-styles/,r2_03
scandinavian-interior-design-styles,2,home_designfr,DT8Iv30DWBM,516K,516000,"Hello, En attendant de recevoir toutes les nouveautés, j'avais envie de changement, j'ai donc remis l'olivier dans le salon.",https://www.instagram.com/reel/DT8Iv30DWBM/,https://www.instagram.com/popular/scandinavian-interior-design-styles/,r2_03
scandinavian-interior-design-styles,3,hf.design.studio,DZ7x2v5utI5,17.1K,17100,"One living room, five different design stories. ✨ I redesigned the same space in 5 interior styles: Country, Industrial, Scandinavian, Japandi, and Ne",https://www.instagram.com/reel/DZ7x2v5utI5/,https://www.instagram.com/popular/scandinavian-interior-design-styles/,r2_03
scandinavian-interior-design-styles,4,nrsh_designstudio,DLUvdNuRG5n,"9,640",9640,"When calm meets clarity — that's Scandinavian design. Natural textures, soft lighting, pale wood tones, and a layout that breathes.",https://www.instagram.com/reel/DLUvdNuRG5n/,https://www.instagram.com/popular/scandinavian-interior-design-styles/,r2_03
scandinavian-interior-design-styles,5,jessicadetoledo.design,DWJvr81xZGl,"3,476",3476,"✨ O estilo escandinavo é sobre sentir, não só ver. Ambientes claros, tons neutros e materiais naturais criam uma sensação de calma e aconchego que tra",https://www.instagram.com/reel/DWJvr81xZGl/,https://www.instagram.com/popular/scandinavian-interior-design-styles/,r2_03
scandinavian-interior-design-styles,6,stylemeinteriorsdubai,DDR_FapKpOv,"6,409",6409,"Embrace the clean lines, neutral tones, and natural elements of Scandinavian design for a home that's effortlessly stylish and inviting. 🌿🏡",https://www.instagram.com/reel/DDR_FapKpOv/,https://www.instagram.com/popular/scandinavian-interior-design-styles/,r2_03
scandinavian-interior-design-styles,7,happy_petit_family,DTYI5T0DEG-,641K,641000,My cosy home ✨️ #cosyhome #interiordecor #scandinavianinterior #neutraldecor #decohome,https://www.instagram.com/reel/DTYI5T0DEG-/,https://www.instagram.com/popular/scandinavian-interior-design-styles/,r2_03
scandinavian-interior-design-styles,8,olena_prykhodko_design,DT52mBdgXiF,1.7M,1700000,Choose Your Interior Style | From Construction to Design Transformation From a raw construction space to multiple interior design styles.,https://www.instagram.com/reel/DT52mBdgXiF/,https://www.instagram.com/popular/scandinavian-interior-design-styles/,r2_03
scandinavian-interior-design-styles,9,vivirdesign,DX224EhN5jm,123K,123000,"A thoughtful blend of Scandinavian restraint and modern detail, this home by @hendelhomes leans into simplicity without ever feeling sparse.",https://www.instagram.com/reel/DX224EhN5jm/,https://www.instagram.com/popular/scandinavian-interior-design-styles/,r2_03
scandinavian-interior-design-styles,10,bruun.uk,DN51n5WDGah,14.8K,14800,"7 Principles of Scandinavian Style Minimal, natural, and effortlessly cozy 🌿 From neutral tones to hygge comfort, here's how to bring Nordic charm int",https://www.instagram.com/reel/DN51n5WDGah/,https://www.instagram.com/popular/scandinavian-interior-design-styles/,r2_03
scandinavian-interior-design-styles,11,clearcreekcollective,DU9dD8WDtvp,26.1K,26100,"Scandinavian design draws inspiration from the natural world, incorporating organic materials and light color palettes.",https://www.instagram.com/reel/DU9dD8WDtvp/,https://www.instagram.com/popular/scandinavian-interior-design-styles/,r2_03
scandinavian-interior-design-styles,12,theluxuryhomeshow,DQzSlpiiHVN,195K,195000,"Inside interior stylist Sara Mungeam's (@houseobsessed) London home, a study in Scandinavian-inspired design and quiet sophistication.",https://www.instagram.com/reel/DQzSlpiiHVN/,https://www.instagram.com/popular/scandinavian-interior-design-styles/,r2_03
biophilic-bedroom-design,1,johnclaire.craft,DbMwN-OiF8C,"7,974",7974,"Turned My Bedroom Into a Rainforest — Slept Like Never Before"" #BedroomJungle",https://www.instagram.com/reel/DbMwN-OiF8C/,https://www.instagram.com/popular/biophilic-bedroom-design/,r2_03
biophilic-bedroom-design,2,arunashokanphotography,DPik9aHAdpr,6.1M,6100000,Home 🌟 11:11,https://www.instagram.com/reel/DPik9aHAdpr/,https://www.instagram.com/popular/biophilic-bedroom-design/,r2_03
biophilic-bedroom-design,3,vishnu_xo,DPPFg0Jk2Kj,367K,367000,Natural stone and plants in perfect harmony in the bedroom ✨ #bedroom,https://www.instagram.com/reel/DPPFg0Jk2Kj/,https://www.instagram.com/popular/biophilic-bedroom-design/,r2_03
biophilic-bedroom-design,4,jkconstruction.28,DZWtsTkz9gW,27.4K,27400,🌳✨ What if your bedroom felt like a luxury forest retreat? This incredible n,https://www.instagram.com/reel/DZWtsTkz9gW/,https://www.instagram.com/popular/biophilic-bedroom-design/,r2_03
biophilic-bedroom-design,5,suren.space,Dcqg_aVvBdL,53K,53000,"Waking up immersed in nature. The perfect blend of raw textures, moody tone",https://www.instagram.com/reel/Dcqg_aVvBdL/,https://www.instagram.com/popular/biophilic-bedroom-design/,r2_03
biophilic-bedroom-design,6,behome_factorydirect,Da5BlKmuIbY,142K,142000,"Warm wood tones, soft green walls, and hidden lighting create the perfect Wabi",https://www.instagram.com/reel/Da5BlKmuIbY/,https://www.instagram.com/popular/biophilic-bedroom-design/,r2_03
biophilic-bedroom-design,7,watchthebuild,Da2LadfSUXi,529K,529000,"Empty Bedroom to Calm Green Retreat An empty modern bedroom becomes a calm, c",https://www.instagram.com/reel/Da2LadfSUXi/,https://www.instagram.com/popular/biophilic-bedroom-design/,r2_03
biophilic-bedroom-design,8,naturesms,DbTRDeMyaOy,189K,189000,What kind of person would like this kind of atmosphere? #rainyday #rainforest,https://www.instagram.com/reel/DbTRDeMyaOy/,https://www.instagram.com/popular/biophilic-bedroom-design/,r2_03
biophilic-bedroom-design,9,the.tnk.loft,DcGhZZCxf77,306K,306000,"Give us 500 plants, filtered sunlight, jungle humidity and a home that feels a",https://www.instagram.com/reel/DcGhZZCxf77/,https://www.instagram.com/popular/biophilic-bedroom-design/,r2_03
biophilic-bedroom-design,10,creativitysarahs,DUvwvkIjNCM,27.5K,27500,Looking for the ultimate bedroom decoration inspiration? This 2026 modern Japane,https://www.instagram.com/reel/DUvwvkIjNCM/,https://www.instagram.com/popular/biophilic-bedroom-design/,r2_03
biophilic-bedroom-design,11,sistersinterioruae,C4qi0BZoi58,105K,105000,"Interior Design & visualization of a biophilic bedroom in Dubai. 📍Dubai, UAE",https://www.instagram.com/reel/C4qi0BZoi58/,https://www.instagram.com/popular/biophilic-bedroom-design/,r2_03
biophilic-bedroom-design,12,aakar_architects_28,C9kOqMFSGqz,26.4K,26400,Beautiful color combination of green and dark wood 🪵🌳 It's give rusty and biop,https://www.instagram.com/reel/C9kOqMFSGqz/,https://www.instagram.com/popular/biophilic-bedroom-design/,r2_03
green-minimalist-interior-design,1,interioralchemyhq,DXMNmqMj492,"6,948",6948,"Deep, rich, and grounding — green isn't just a colour, it's a feeling. It brings a sense of calm, balance, and quiet luxury into your space.",https://www.instagram.com/reel/DXMNmqMj492/,https://www.instagram.com/popular/green-minimalist-interior-design/,r2_03
green-minimalist-interior-design,2,panneauhomedecor,DYEw9IwKL1L,165K,165000,"Green obsession ✨ من بيحب اللون الأخضر ؟!💚 #design #green #homedesign #interiordecor #interiors Interior design, home decor, design , greens,",https://www.instagram.com/reel/DYEw9IwKL1L/,https://www.instagram.com/popular/green-minimalist-interior-design/,r2_03
green-minimalist-interior-design,3,dream._home_designs,DaLPPvhAq2e,189K,189000,bedroom transformation video in sage green color . . #roomdesign #homedesign,https://www.instagram.com/reel/DaLPPvhAq2e/,https://www.instagram.com/popular/green-minimalist-interior-design/,r2_03
green-minimalist-interior-design,4,aparnadecors,DBJr1xpoKng,26.2K,26200,Beautiful green colour kitchen interiors. Green glossy cupboards and drawers with Balck lines!! #ad #aparnadecors #kitchendesign #kitchendecor #kitche,https://www.instagram.com/reel/DBJr1xpoKng/,https://www.instagram.com/popular/green-minimalist-interior-design/,r2_03
green-minimalist-interior-design,5,mr_maxpanin,DPjaKBxDFq3,"8,460",8460,Living room interior design. Dark green is my bestie 😁💚 #архитектор #architect #архитекторкрым #крым #симферополь #дизайнеркрым #ялта,https://www.instagram.com/reel/DPjaKBxDFq3/,https://www.instagram.com/popular/green-minimalist-interior-design/,r2_03
green-minimalist-interior-design,6,mariela.goldfarb,DRF_Ydlj9IG,46.1K,46100,🤩COMBINACIÓN DE VERDE Y MADERA🤩 Si querés una combinación que de frescura y tranquilidad a tus espacios la combinación de verde y madera es ideal,https://www.instagram.com/reel/DRF_Ydlj9IG/,https://www.instagram.com/popular/green-minimalist-interior-design/,r2_03
green-minimalist-interior-design,7,roomify.design,DV3t286gJp6,301K,301000,"Turning an empty space into a luxury living & dining room. The right layout, textures and lighting make all the difference. Would you live here? Sage",https://www.instagram.com/reel/DV3t286gJp6/,https://www.instagram.com/popular/green-minimalist-interior-design/,r2_03
green-minimalist-interior-design,8,calm_and_cozy_moments,DTLBYuJCEXv,9.4M,9400000,💚💚💚 * * * #plantsarefriends #plantsmakepeoplehappy #plantmom #plantlover #crazyplantlady urbanjungleblog houseplantclub houseplantlove bohointeriors b,https://www.instagram.com/reel/DTLBYuJCEXv/,https://www.instagram.com/popular/green-minimalist-interior-design/,r2_03
green-minimalist-interior-design,9,blogamormaisamor,DXTPVdaDivZ,454K,454000,Cozinha linda e aconchegante para as apaixonadas por verde 🏡🌿,https://www.instagram.com/reel/DXTPVdaDivZ/,https://www.instagram.com/popular/green-minimalist-interior-design/,r2_03
green-minimalist-interior-design,10,the_greyy_palette,DZT9C-wSYo_,17.9K,17900,"Not just a color, but a mood. 🌿 Olive green brings depth, warmth, and a quiet sense of luxury to the space. Source: Pinterest #OliveGreenInteriors",https://www.instagram.com/reel/DZT9C-wSYo_/,https://www.instagram.com/popular/green-minimalist-interior-design/,r2_03
green-minimalist-interior-design,11,msinterior0078,DYcHirQsnXL,12.1K,12100,"Elegance in every corner ✨ Olive green tones, soft white curtains, and a luxury cozy setup creating the perfect modern vibe. 🤍🌿 Designed with comfort,",https://www.instagram.com/reel/DYcHirQsnXL/,https://www.instagram.com/popular/green-minimalist-interior-design/,r2_03
green-minimalist-interior-design,12,joinfirstchair,DaT3p-osKqe,160K,160000,looking for beautiful decor? comment 'Green' and we'll send you a link with options you can see in your space and add to your wishlist ↓,https://www.instagram.com/reel/DaT3p-osKqe/,https://www.instagram.com/popular/green-minimalist-interior-design/,r2_03
industrial-chic-interior-design,1,ellys.spaces,DZsLQx4sQTT,18.5K,18500,"Industrial interiors usually feel cold… but this one feels different. Exposed brick, black steel, warm wood, leather, soft lighting",https://www.instagram.com/reel/DZsLQx4sQTT/,https://www.instagram.com/popular/industrial-chic-interior-design/,r2_03
industrial-chic-interior-design,2,ai.design.ideas,DS8XZHzk3ZX,343K,343000,"INDUSTRIAL LOFT Renovation (Before → After) In its original state, this loft felt raw and transitional, with exposed brick, unfinished surfaces, and a",https://www.instagram.com/reel/DS8XZHzk3ZX/,https://www.instagram.com/popular/industrial-chic-interior-design/,r2_03
industrial-chic-interior-design,3,geral.homestudio,DPPXA4CCa0R,10.5K,10500,"El estilo industrial en diseño interior se basa en crear espacios que recuerdan a fábricas y lofts: materiales como ladrillo, cemento, hierro y mad",https://www.instagram.com/reel/DPPXA4CCa0R/,https://www.instagram.com/popular/industrial-chic-interior-design/,r2_03
industrial-chic-interior-design,4,vitrinedamorati,DU6_CtNiWrC,44.8K,44800,"Design moderno, luz natural e um conceito que respira liberdade. Esse loft é mais que um espaço — é um estilo de vida.",https://www.instagram.com/reel/DU6_CtNiWrC/,https://www.instagram.com/popular/industrial-chic-interior-design/,r2_03
industrial-chic-interior-design,5,studio_ja_su,DFWrB7gNa6Y,"4,415",4415,5 Características del estilo industrial #estiloindustrial#estilourbano#decoracion#decor#diseñoydecoracion#decohome#desiginterior#interiorismo#design,https://www.instagram.com/reel/DFWrB7gNa6Y/,https://www.instagram.com/popular/industrial-chic-interior-design/,r2_03
industrial-chic-interior-design,6,stylishnorrastudios,Da0tFqToXsM,755K,755000,"A curated study in modern industrial loft living and sophisticated materiality, engineered by Stylish Norra Studios. The design narrative guides you s",https://www.instagram.com/reel/Da0tFqToXsM/,https://www.instagram.com/popular/industrial-chic-interior-design/,r2_03
industrial-chic-interior-design,7,melaniejadedesign,DNLrmdntU8A,26.8K,26800,"Industrial style living! After vintage/cottage design, this is one of my favourite styles of home decor. I love raw materials, exposed brickwork and t",https://www.instagram.com/reel/DNLrmdntU8A/,https://www.instagram.com/popular/industrial-chic-interior-design/,r2_03
industrial-chic-interior-design,8,_fettaa,DbLf_ugBpvN,3.7M,3700000,still moving everything in #loft #interiordesign #aesthetic #industrial #moderndesign,https://www.instagram.com/reel/DbLf_ugBpvN/,https://www.instagram.com/popular/industrial-chic-interior-design/,r2_03
industrial-chic-interior-design,9,bazaa.interiors,DYjRg8xqBsK,37.4K,37400,"Brutalist interiors, raw concrete walls, sculptural furniture, soft natural light, oversized sofas, dark wood, steel details, and spaces that feel bot",https://www.instagram.com/reel/DYjRg8xqBsK/,https://www.instagram.com/popular/industrial-chic-interior-design/,r2_03
industrial-chic-interior-design,10,arquitetodebolso,DHQv4JpvS4-,36.4K,36400,"Você já ouviu falar no Estilo Industrial? 🖤 Se você gosta de espaços com personalidade, atmosfera urbana e um toque moderno, esse estilo pode ser perf",https://www.instagram.com/reel/DHQv4JpvS4-/,https://www.instagram.com/popular/industrial-chic-interior-design/,r2_03
industrial-chic-interior-design,11,thecasaserrano,C8NE0RXvAbF,39.6K,39600,Industrial… Yay or Nay?! 😏 . . . 📸 @pinterest . . . . #interior #interiordesigner #interiordesign #interiors #industrialdesign #industrial #homede,https://www.instagram.com/reel/C8NE0RXvAbF/,https://www.instagram.com/popular/industrial-chic-interior-design/,r2_03
industrial-chic-interior-design,12,industrieelchique,CsdJvHVMPy9,2.5M,2500000,•ENJOY• wij starten vandaag op de voetbalvelden en gaan lekker genieten van de zon 👏🏻 Geniet van jullie weekend 😘,https://www.instagram.com/reel/CsdJvHVMPy9/,https://www.instagram.com/popular/industrial-chic-interior-design/,r2_03
dark-academia-home-library,1,houseofheron,DUgBmlGCCCI,1.4M,1400000,It's just a home library… THE home library. We built this house knowing one day these walls would hold all the books collecting dust in our garage.,https://www.instagram.com/reel/DUgBmlGCCCI/,https://www.instagram.com/popular/dark-academia-home-library/,r2_03
dark-academia-home-library,2,casaardolino,DVy7ou2DAVU,41.2K,41200,reading with no interruptions 🕯️ @disturbia PR My bookshelves are looking abundant thanks to these new additions from @disturbia 📖,https://www.instagram.com/reel/DVy7ou2DAVU/,https://www.instagram.com/popular/dark-academia-home-library/,r2_03
dark-academia-home-library,3,houseofheron,DH_pnRDv8qk,62.7K,62700,"Transforming my bland, white entryway into a captivating dark academia library! 🖤✨ With dark wooden shelves, vintage decor, and a carefully curated co",https://www.instagram.com/reel/DH_pnRDv8qk/,https://www.instagram.com/popular/dark-academia-home-library/,r2_03
dark-academia-home-library,4,kathy_schaefer,DbrIjLTg-Cb,75.5K,75500,And guess how long my tbr is 🫠 #homelibrary #gothicstyle #bookshelf #readingroom #cozyhomevibes Sound- @asweetkiwi ✨,https://www.instagram.com/reel/DbrIjLTg-Cb/,https://www.instagram.com/popular/dark-academia-home-library/,r2_03
dark-academia-home-library,5,jasminescozydiary,DVwCBLvDYNK,"2,487",2487,caffeine + escapism in my favorite corner. 🧸🥀🤎 foIIow me @jasminescozydiary for more cozy + dark academia content 🤎🥀🧸,https://www.instagram.com/reel/DVwCBLvDYNK/,https://www.instagram.com/popular/dark-academia-home-library/,r2_03
dark-academia-home-library,6,lauracontelhistoire,DTfE4tqjGlV,393K,393000,"J'ai construit ma bibliothèque que tout le monde rêve d'avoir 🥰 J'aime le côté un peu Dark Academia donné avec les couleurs sombres et les moulures, c",https://www.instagram.com/reel/DTfE4tqjGlV/,https://www.instagram.com/popular/dark-academia-home-library/,r2_03
dark-academia-home-library,7,houseofheron,DNmVFXzpUZA,923K,923000,"Six years ago, I played it safe and kept this library light—when what I really wanted was the drama of going dark. 🖤 This time, I trusted my instincts",https://www.instagram.com/reel/DNmVFXzpUZA/,https://www.instagram.com/popular/dark-academia-home-library/,r2_03
dark-academia-home-library,8,tinabyer,DVWxQqJkj57,243K,243000,A happy Shelfie Sunday 📚 #homelibrary #bookshelves #mylibrary #prettybooks #shelfie,https://www.instagram.com/reel/DVWxQqJkj57/,https://www.instagram.com/popular/dark-academia-home-library/,r2_03
dark-academia-home-library,9,lisatbergren,DJmFzXrxmpi,"8,393",8393,I'm going to start redoing my office to be the perfect reading & writing space! I think I'm liking the dark academia look— what do you guys think? 👀,https://www.instagram.com/reel/DJmFzXrxmpi/,https://www.instagram.com/popular/dark-academia-home-library/,r2_03
dark-academia-home-library,10,lattefueledmonster,DVoT3tCCOfx,198K,198000,"I'm officially done with the built-ins. I can't stop staring at the details and I feel like I never want to leave this room again, lol. I still can't",https://www.instagram.com/reel/DVoT3tCCOfx/,https://www.instagram.com/popular/dark-academia-home-library/,r2_03
dark-academia-home-library,11,moodywhimsicalforest,DUdsZ14EfTr,512K,512000,"This living room used to whisper. Now it commands the room. Built-in bookshelves, dark moody millwork, a rust sofa, and a gallery wall that disguises",https://www.instagram.com/reel/DUdsZ14EfTr/,https://www.instagram.com/popular/dark-academia-home-library/,r2_03
dark-academia-home-library,12,cassandralm,DX6naSPKDyx,135K,135000,"Yes, I do have two home libraries! This was my original home library and it also doubles as my home office. When I ran out of space, we had a new one",https://www.instagram.com/reel/DX6naSPKDyx/,https://www.instagram.com/popular/dark-academia-home-library/,r2_03
coastal-bedroom-design-ideas,1,sherricalnanhome,DZAOVJExIcw,109K,109000,Comment SHOP for links 🤍 Getting our home ready for summer starts right here. ☀️,https://www.instagram.com/reel/DZAOVJExIcw/,https://www.instagram.com/popular/coastal-bedroom-design-ideas/,r2_03
coastal-bedroom-design-ideas,2,vancedesignco,DK9voy_Rtph,"4,731",4731,"Surf, sleep, repeat 💤🌊 This dreamy guest room blends laid-back coastal vibes with soft",https://www.instagram.com/reel/DK9voy_Rtph/,https://www.instagram.com/popular/coastal-bedroom-design-ideas/,r2_03
coastal-bedroom-design-ideas,3,cf__designs,DNRBaYYSW9k,"4,635",4635,"Shell we stay here forever? 🐚 Rattan, salty breezes, and a primary bedroom that feels",https://www.instagram.com/reel/DNRBaYYSW9k/,https://www.instagram.com/popular/coastal-bedroom-design-ideas/,r2_03
coastal-bedroom-design-ideas,4,meggieferrerhome,DTJjsVGjkPK,23.7K,23700,"Follow + Comment ""COASTAL"" for links 🔗 Giving you a little mini tour of my daughter's",https://www.instagram.com/reel/DTJjsVGjkPK/,https://www.instagram.com/popular/coastal-bedroom-design-ideas/,r2_03
coastal-bedroom-design-ideas,5,alexisandraaustin,CplgZYQJcgD,1.4M,1400000,Made some changes to the bedroom to give it a more bright and airy feel for spring.,https://www.instagram.com/reel/CplgZYQJcgD/,https://www.instagram.com/popular/coastal-bedroom-design-ideas/,r2_03
coastal-bedroom-design-ideas,6,coastal_cass,C5V203VLPgY,14.2K,14200,The love of a serene coastal bedroom runs deep around here. Here's a few ways to give,https://www.instagram.com/reel/C5V203VLPgY/,https://www.instagram.com/popular/coastal-bedroom-design-ideas/,r2_03
coastal-bedroom-design-ideas,7,kristenbridger_interiors,DNyoue4XI31,31.7K,31700,"Comment ""SHOP"" to get links sent directly to your inbox! Finally finished Ella's room and I'm",https://www.instagram.com/reel/DNyoue4XI31/,https://www.instagram.com/popular/coastal-bedroom-design-ideas/,r2_03
coastal-bedroom-design-ideas,8,housefullofsummer,DL7wkTrxUSS,11.6K,11600,I'd been wanting to add some more coastal vibes to our bedroom and finally found the perfect,https://www.instagram.com/reel/DL7wkTrxUSS/,https://www.instagram.com/popular/coastal-bedroom-design-ideas/,r2_03
coastal-bedroom-design-ideas,9,misaliddiard,DWGvz7WjoLa,302K,302000,Spring bedroom refresh. This was the look I did last year and it it timeless! Blue is naturally,https://www.instagram.com/reel/DWGvz7WjoLa/,https://www.instagram.com/popular/coastal-bedroom-design-ideas/,r2_03
coastal-bedroom-design-ideas,10,katefulller,Coe9YW2IW82,49.5K,49500,"Some of you asked for a coastal bedroom design, so I hope this finds you!💙✨ #coastalbedroom",https://www.instagram.com/reel/Coe9YW2IW82/,https://www.instagram.com/popular/coastal-bedroom-design-ideas/,r2_03
coastal-bedroom-design-ideas,11,mycanvashome,DZzo6HrOp0c,81.6K,81600,Is this you? ❤️ Comment HOME if you'd like a link to the core pieces in our home,https://www.instagram.com/reel/DZzo6HrOp0c/,https://www.instagram.com/popular/coastal-bedroom-design-ideas/,r2_03
coastal-bedroom-design-ideas,12,dream._home_designs,DWEO0qoAFq2,202K,202000,bedroom transformation video in costal style . . . . #roomdesign #homedesign,https://www.instagram.com/reel/DWEO0qoAFq2/,https://www.instagram.com/popular/coastal-bedroom-design-ideas/,r2_03
cottagecore-living-room-design,1,katie.fischer,C_RET-wA12c,3.8M,3800000,"Wishing you'll a cozy evening ✨ Check out my shop highlight for links 🤍 Many items featured in my home are from my personal collection, available at k",https://www.instagram.com/reel/C_RET-wA12c/,https://www.instagram.com/popular/cottagecore-living-room-design/,r2_03
cottagecore-living-room-design,2,stjosephscottage,C2CJAkkqR6W,982K,982000,Happy Weekend Everyone 🤎 I have one of those weekends where I literally have nothing planned. I think it's the first weekend since the beginning of De,https://www.instagram.com/reel/C2CJAkkqR6W/,https://www.instagram.com/popular/cottagecore-living-room-design/,r2_03
cottagecore-living-room-design,3,inauguralhomes,DZ-iFMVgElT,247K,247000,"A cozy country living room where warmth meets winter magic ❄️🔥🏡 Soft interiors, a crackling fireplace, and peaceful snowfall outside create the perfec",https://www.instagram.com/reel/DZ-iFMVgElT/,https://www.instagram.com/popular/cottagecore-living-room-design/,r2_03
cottagecore-living-room-design,4,fushuhousedesign,DWoGzgbjWPV,76.6K,76600,☼ Stole a piece of sunlight for my soul ☼ #RusticCharm #CottageCore #SlowLiving #interiörinspiration,https://www.instagram.com/reel/DWoGzgbjWPV/,https://www.instagram.com/popular/cottagecore-living-room-design/,r2_03
cottagecore-living-room-design,5,sens_of_home,DWJw_uIArJt,106K,106000,"Vintage Cottage Soul 🌸 The city's neon glow once felt like life, but it was just noise. Trading a modern high-rise for a weathered stone cottage wasn'",https://www.instagram.com/reel/DWJw_uIArJt/,https://www.instagram.com/popular/cottagecore-living-room-design/,r2_03
cottagecore-living-room-design,6,housinginfo,DPE4Az4EpcZ,66.3K,66300,Step inside this stunning classic living room 😍 A serene blend of vintage romance and sunlit charm ✨ Save for your next home refresh & share with a fe,https://www.instagram.com/reel/DPE4Az4EpcZ/,https://www.instagram.com/popular/cottagecore-living-room-design/,r2_03
cottagecore-living-room-design,7,lenas_cottage_home_garden,DK2Q1OxtSuw,717K,717000,Velkommen til en liten runde i min lille stue🌸 Happy Friday🥰 #cottagecoreaesthetic #cozy #pinterestaesthetic #cottage #cottagecore #interiorinspo #vir,https://www.instagram.com/reel/DK2Q1OxtSuw/,https://www.instagram.com/popular/cottagecore-living-room-design/,r2_03
cottagecore-living-room-design,8,lavenderbrookfarm,DW6fRr8Enxk,356K,356000,"Some rooms just hold you differently. This living room has been my most intentional space yet — every texture, every layer, every little thing chosen",https://www.instagram.com/reel/DW6fRr8Enxk/,https://www.instagram.com/popular/cottagecore-living-room-design/,r2_03
cottagecore-living-room-design,9,holayasmin_,DJgR8XtsFQ2,12.7M,12700000,Happy Weekend✨ . . . . . #livingroom #livingroominspo #interior_and_living #altbauliebe #elegant #apartmenttherapy #parisianstyle #parisianamour #aest,https://www.instagram.com/reel/DJgR8XtsFQ2/,https://www.instagram.com/popular/cottagecore-living-room-design/,r2_03
cottagecore-living-room-design,10,theblackbeecottage,C37npQ-r5oO,380K,380000,…can you hear it? ~Shoshannah ♥️ cottage core | spring cottage decor | cottage style | spring decor | English cottage style | vintage cottage style |,https://www.instagram.com/reel/C37npQ-r5oO/,https://www.instagram.com/popular/cottagecore-living-room-design/,r2_03
cottagecore-living-room-design,11,mycambridgefairytale,DBB2pystZct,218K,218000,"Outside the wind is blowing, the rain is falling, the temperatures are chilling, but the cottage is warm and cosy, the fireplace is lit, a pie is cook",https://www.instagram.com/reel/DBB2pystZct/,https://www.instagram.com/popular/cottagecore-living-room-design/,r2_03
cottagecore-living-room-design,12,malthousecottage,DYIaaPOMG7B,247K,247000,Cottage life… with a spoonful of magic.. Jane xx #interiors #cottagecore #fairytale #cosy #rusticdecor,https://www.instagram.com/reel/DYIaaPOMG7B/,https://www.instagram.com/popular/cottagecore-living-room-design/,r2_03
futuristic-houses,1,sunt_mrr,C_fqAjaMNIJ,5.4M,5400000,Musician Dream House . Collaboration @ti.fu & @sunt_mrr . . . . . . . . #music #aiarch,https://www.instagram.com/reel/C_fqAjaMNIJ/,https://www.instagram.com/popular/futuristic-houses/,r2_03
futuristic-houses,2,harmosai,DOlpM39kbd5,752K,752000,"When the desert sky turns dark, the real show begins. ​This is where architecture becomes an experience. A glowing s",https://www.instagram.com/reel/DOlpM39kbd5/,https://www.instagram.com/popular/futuristic-houses/,r2_03
futuristic-houses,3,harmosai,DOY7KFpifBY,728K,728000,Let the storm roll in. ​There's a certain magic when a home feels like a fortress of warmth and light against a moody,https://www.instagram.com/reel/DOY7KFpifBY/,https://www.instagram.com/popular/futuristic-houses/,r2_03
futuristic-houses,4,urban_lifestyle_lab,DPZ9k9SjLjL,320K,320000,"this isn't architecture… it's the future of luxury living, 💎🌊🏎️ ///Concept and copyright ownership: @urban_lifestyle_lab #lu",https://www.instagram.com/reel/DPZ9k9SjLjL/,https://www.instagram.com/popular/futuristic-houses/,r2_03
futuristic-houses,5,thetrillionairelife,C-GK8yJyZjT,1.4M,1400000,Car shaped villas 🌴 #TheTrillionaireLife Video by: @sunt_mrr #luxuryhomes #mansion #bedroomdesign #interior #mariadudkina,https://www.instagram.com/reel/C-GK8yJyZjT/,https://www.instagram.com/popular/futuristic-houses/,r2_03
futuristic-houses,6,orcadesignec,DObqMvwDiJp,422K,422000,"A design created to transcend. Infinite Mansion redefines the living experience: modern lines, immersive lighting, and an arc",https://www.instagram.com/reel/DObqMvwDiJp/,https://www.instagram.com/popular/futuristic-houses/,r2_03
futuristic-houses,7,konars.design,DIoK2_Ry1DN,33.9K,33900,"ASIL House - Modern Futuristic As night falls, the house transforms into a visual masterpiece that captivates the eye with its intr",https://www.instagram.com/reel/DIoK2_Ry1DN/,https://www.instagram.com/popular/futuristic-houses/,r2_03
futuristic-houses,8,luxuryhouseview,DUWZXEPiLip,159K,159000,"Not just a home, it's a lifestyle illuminated in elegance.""🖤💎 #LuxuryHome #ModernVilla #DreamHouse #EliteLiving #nightview",https://www.instagram.com/reel/DUWZXEPiLip/,https://www.instagram.com/popular/futuristic-houses/,r2_03
futuristic-houses,9,urban_lifestyle_lab,DVesrMZDNwx,1.8M,1800000,Concept & Copyright © @urban_lifestyle_lab @Agnis Buls,https://www.instagram.com/reel/DVesrMZDNwx/,https://www.instagram.com/popular/futuristic-houses/,r2_03
futuristic-houses,10,sunt_mrr,DWTg57XsQuL,69.9K,69900,Circle villa Design: @sunt_mrr #midjourney #villa #ai #houses #circle,https://www.instagram.com/reel/DWTg57XsQuL/,https://www.instagram.com/popular/futuristic-houses/,r2_03
futuristic-houses,11,sunt_mrr,DTkhih2DAEC,2.9M,2900000,A black villa shrouded in mist . . . . . . . . . . . . . . . . . . #midjourney #mansion #interiør #houses #ai,https://www.instagram.com/reel/DTkhih2DAEC/,https://www.instagram.com/popular/futuristic-houses/,r2_03
futuristic-houses,12,luxurydreamhub,DSu0uzegdeM,241K,241000,"Defining modern luxury: where sleek architecture meets timeless elegance. 🌙✨ Your dream home, reimagined. 🏠💎 ​#modernarchitec",https://www.instagram.com/reel/DSu0uzegdeM/,https://www.instagram.com/popular/futuristic-houses/,r2_03
future-houses-2050,1,yourfantasyhomes,C9HxeewRJAY,14.9K,14900,which home was your first choice? 🙂 • • • • • #dreamhome #aesthetic #vibes #dream,https://www.instagram.com/reel/C9HxeewRJAY/,https://www.instagram.com/popular/future-houses-2050/,r2_03
future-houses-2050,2,insmultiverse,DH72DzitksG,326K,326000,Which house would you pick to live in? . . . The vibe is limitless—unlock it now.,https://www.instagram.com/reel/DH72DzitksG/,https://www.instagram.com/popular/future-houses-2050/,r2_03
future-houses-2050,3,insmultiverse,DMPZzYxNF_b,604K,604000,Which house would you pick to live in? . . . The vibe is limitless—unlock it now. . Follow,https://www.instagram.com/reel/DMPZzYxNF_b/,https://www.instagram.com/popular/future-houses-2050/,r2_03
future-houses-2050,4,yourfantasyhomes,C5w-koYrT8J,313K,313000,which one is your new home ? • • • • • #dreamhome #aesthetic #vibes #dream #choose #fantasy,https://www.instagram.com/reel/C5w-koYrT8J/,https://www.instagram.com/popular/future-houses-2050/,r2_03
future-houses-2050,5,dwell.scape,DMdIsrlNHpw,43.9K,43900,Somewhere between daydreaming and window shopping… Which one would you choose if you could move,https://www.instagram.com/reel/DMdIsrlNHpw/,https://www.instagram.com/popular/future-houses-2050/,r2_03
future-houses-2050,6,dreamxvoyager,DLGXLeZIgMX,94K,94000,Which house do you pick? . . . #newhouse #house #housegoals,https://www.instagram.com/reel/DLGXLeZIgMX/,https://www.instagram.com/popular/future-houses-2050/,r2_03
future-houses-2050,7,mr.adesh_yadav_rr_up_50_00,DXONT81gVoT,204,204,NA,https://www.instagram.com/reel/DXONT81gVoT/,https://www.instagram.com/popular/future-houses-2050/,r2_03
future-houses-2050,8,relaxationescapism,DAhRVMEBqUi,77.2K,77200,✨ Comment below which house you're starting a new life in! . . . . . . #PeacefulMoments,https://www.instagram.com/reel/DAhRVMEBqUi/,https://www.instagram.com/popular/future-houses-2050/,r2_03
future-houses-2050,9,top_1_pers,DP2hZlliC2l,63.2K,63200,join the top 1%🗿Swipe past the static and meet the future head‑on. This isn't just VR—this is,https://www.instagram.com/reel/DP2hZlliC2l/,https://www.instagram.com/popular/future-houses-2050/,r2_03
future-houses-2050,10,future.architects_,DDPbOp6MAq8,17.1K,17100,"Casa Sculpta Velada (Portugal, 2050) @ioscapes' Vision 2050 Series brings us this stunning neocosmic",https://www.instagram.com/reel/DDPbOp6MAq8/,https://www.instagram.com/popular/future-houses-2050/,r2_03
future-houses-2050,11,right.mos,DXZKl1RjBQM,"3,217",3217,A six-story mansion that inflates in minutes 🏠💨 This futuristic concept imagines portable luxury,https://www.instagram.com/reel/DXZKl1RjBQM/,https://www.instagram.com/popular/future-houses-2050/,r2_03
future-houses-2050,12,brickblitzz,DX3RkJiByhK,189,189,The Future of Homes is INSANE 🤖🏡 (Full Build) Watch an empty plot transform into a stunning,https://www.instagram.com/reel/DX3RkJiByhK/,https://www.instagram.com/popular/future-houses-2050/,r2_03
futuristic-architecture-designs-2026,1,vkuoo,DYcHAzus4uG,292K,292000,🏗️✨ DESIGN 10 BUILDINGS IN 10 SECONDS? AI JUST REWROTE ARCHITECTURE. Same site. Infin,https://www.instagram.com/reel/DYcHAzus4uG/,https://www.instagram.com/popular/futuristic-architecture-designs-2026/,r2_03
futuristic-architecture-designs-2026,2,mike.osin,DczN3eyNIoe,157K,157000,Imagine..,https://www.instagram.com/reel/DczN3eyNIoe/,https://www.instagram.com/popular/futuristic-architecture-designs-2026/,r2_03
futuristic-architecture-designs-2026,3,creatoarquitectos,DZaAHDMRcrd,377K,377000,"From a simple sketch to a powerful vision. At Creato Architects, every great project begins",https://www.instagram.com/reel/DZaAHDMRcrd/,https://www.instagram.com/popular/futuristic-architecture-designs-2026/,r2_03
futuristic-architecture-designs-2026,4,kainos_architecture,Dc4KMSaTk3d,"4,904",4904,"Cities deserve extraordinary public spaces. Where architecture, art and culture come togethe",https://www.instagram.com/reel/Dc4KMSaTk3d/,https://www.instagram.com/popular/futuristic-architecture-designs-2026/,r2_03
futuristic-architecture-designs-2026,5,ioscapes,DMGOgrpNAHt,185K,185000,"The Rogue Noir Residence ""𝑬𝒍𝒆𝒈𝒂𝒏𝒄𝒆 𝑩𝒆𝒚𝒐𝒏𝒅 𝑮𝒆𝒐𝒎𝒆𝒕𝒓𝒚"" 𝐍𝐞𝐨𝐜𝐨𝐬𝐦𝐢𝐜 𝐀𝐫𝐜",https://www.instagram.com/reel/DMGOgrpNAHt/,https://www.instagram.com/popular/futuristic-architecture-designs-2026/,r2_03
futuristic-architecture-designs-2026,6,scifi.futureverse,DcBybXBz9rj,"9,428",9428,Where every corner feels intentionally beautiful. #ai #scifi #architecture #futuretech,https://www.instagram.com/reel/DcBybXBz9rj/,https://www.instagram.com/popular/futuristic-architecture-designs-2026/,r2_03
futuristic-architecture-designs-2026,7,naturesms,DMfmp0gScp0,440K,440000,Architectural design that integrates into nature. #artchitectural #design #explore,https://www.instagram.com/reel/DMfmp0gScp0/,https://www.instagram.com/popular/futuristic-architecture-designs-2026/,r2_03
futuristic-architecture-designs-2026,8,visionbuildofficial,DX15zGujuju,10.5K,10500,Oceanfront Architecture Designed to Make a Statement. Video concept & copyright © Vision,https://www.instagram.com/reel/DX15zGujuju/,https://www.instagram.com/popular/futuristic-architecture-designs-2026/,r2_03
futuristic-architecture-designs-2026,9,tatv_adesignstudio,DbFYoHZTbhW,"8,614",8614,Sketch → Code → Simulate → Fabricate → Build. The future of architecture is computatio,https://www.instagram.com/reel/DbFYoHZTbhW/,https://www.instagram.com/popular/futuristic-architecture-designs-2026/,r2_03
futuristic-architecture-designs-2026,10,mbasirrahmani,DbuXAj5sJy4,30.4K,30400,"The City of Tomorrow Starts Here! 🚀 📖 Step into a breathtaking vision of the future,",https://www.instagram.com/reel/DbuXAj5sJy4/,https://www.instagram.com/popular/futuristic-architecture-designs-2026/,r2_03
futuristic-architecture-designs-2026,11,architectcha,DQCC9iNiuAS,978K,978000,"Machinic Tower Variation 12 A duet between a human architect and AI, this reel showcase",https://www.instagram.com/reel/DQCC9iNiuAS/,https://www.instagram.com/popular/futuristic-architecture-designs-2026/,r2_03
futuristic-architecture-designs-2026,12,aguzm.imagine,DbcyWZdz5Al,22.5K,22500,Flowing beyond the limits of imagination. Curved facades that defy the conventional — d,https://www.instagram.com/reel/DbcyWZdz5Al/,https://www.instagram.com/popular/futuristic-architecture-designs-2026/,r2_03
tropical-house-architecture-styles,1,ngn_farming,DTjPbw9D4Fu,14.4K,14400,"A solid concrete home with stone-finish walls and a red long-span roof, framed by lush palms for a calm tropical feel. 🇵🇭 #NGN",https://www.instagram.com/reel/DTjPbw9D4Fu/,https://www.instagram.com/popular/tropical-house-architecture-styles/,r2_03
tropical-house-architecture-styles,2,rq.concepts,DKgatEnxxvZ,174K,174000,"a modern tropical architectural style, blending contemporary design with natural elements. . Client : Aslam Location : Cheruthuruthi, Palakkad, kerala",https://www.instagram.com/reel/DKgatEnxxvZ/,https://www.instagram.com/popular/tropical-house-architecture-styles/,r2_03
tropical-house-architecture-styles,3,miladeshtiyaghi,DLcijPxNikv,230K,230000,🌿 Welcome to the Jungle Home Not just a house — a sanctuary rooted in the heart of the forest. This retreat doesn't sit on the land. It breathes with,https://www.instagram.com/reel/DLcijPxNikv/,https://www.instagram.com/popular/tropical-house-architecture-styles/,r2_03
tropical-house-architecture-styles,4,radixarchitecturaldesignstudio,DZhTwuExTC6,432K,432000,"Timeless Kerala architecture, reimagined with purpose.",https://www.instagram.com/reel/DZhTwuExTC6/,https://www.instagram.com/popular/tropical-house-architecture-styles/,r2_03
tropical-house-architecture-styles,5,kerala_architectures,DNFJflNzAYj,6.9M,6900000,🏡 Tropical Modern Bliss in the Heart of Kerala 🌴✨ This stunning 4BHK home is a perfect blend of minimal design and Kerala's lush charm. Surrounded by,https://www.instagram.com/reel/DNFJflNzAYj/,https://www.instagram.com/popular/tropical-house-architecture-styles/,r2_03
tropical-house-architecture-styles,6,relaxingwithraine,DYuN14xsBlJ,21.9K,21900,✨ Majestic Three-Story Golden Roof Mansion — Tropical Luxury at Its Finest 🏡🌴 #lightingdesign #lightingdecor #lighting #lightdesign #livingarea living,https://www.instagram.com/reel/DYuN14xsBlJ/,https://www.instagram.com/popular/tropical-house-architecture-styles/,r2_03
tropical-house-architecture-styles,7,aadh.___,DW_hK0VEiM_,"8,429",8429,Designing calm within nature 🌿 Modern tropical Kerala home 🏠 Architecture | Visualization | Kerala 📍Crafting homes that breathe #tropicalarchitecture,https://www.instagram.com/reel/DW_hK0VEiM_/,https://www.instagram.com/popular/tropical-house-architecture-styles/,r2_03
tropical-house-architecture-styles,8,atelier.chatvolant,DYFY7dOM8m8,110K,110000,"The Forest House - Concrete, glass, bamboo and tropical nature flowing together as one seamless space. Design by @atelier.chatvolant #jungle #balivill",https://www.instagram.com/reel/DYFY7dOM8m8/,https://www.instagram.com/popular/tropical-house-architecture-styles/,r2_03
tropical-house-architecture-styles,9,kerala_architectures,DOK43DEgGH-,394K,394000,"🏡 Modern Tropical Residence | 3BHK | 1280 SQFT A sleek blend of modern geometry and warm wooden accents, this residence celebrates simplicity with ele",https://www.instagram.com/reel/DOK43DEgGH-/,https://www.instagram.com/popular/tropical-house-architecture-styles/,r2_03
tropical-house-architecture-styles,10,baliinteriordesign,DWTzgrBk9aB,312K,312000,"Designed for the Tropics 🌴 This two-bedroom Mediterranean-style villa combines natural materials, soft architectural curves, and a calm, tropical ambi",https://www.instagram.com/reel/DWTzgrBk9aB/,https://www.instagram.com/popular/tropical-house-architecture-styles/,r2_03
tropical-house-architecture-styles,11,aktraveltwo,DYNqA2ARGzy,246K,246000,The architecture is so beautiful! #srilanka #architecturelovers #homedesign #travel #srilankatravel,https://www.instagram.com/reel/DYNqA2ARGzy/,https://www.instagram.com/popular/tropical-house-architecture-styles/,r2_03
tropical-house-architecture-styles,12,sunt_mrr,DLw2rFDMqZ9,1.6M,1600000,Dream tropical villa . . . . . . . . . . . . . . . . #midjourney #luxuryhomes #mansion #bedroomdesign #interiør #mariadudkina #luxuryinteriors #villa,https://www.instagram.com/reel/DLw2rFDMqZ9/,https://www.instagram.com/popular/tropical-house-architecture-styles/,r2_03
forest-house,1,cabinstillwoods,Dahza84peEz,403K,403000,#cabininthewoods #foresthideaway 🍃original content by @cabinstillwoods 🏡AI-assisted visual,https://www.instagram.com/reel/Dahza84peEz/,https://www.instagram.com/popular/forest-house/,r2_03
forest-house,2,cabinstillwoods,DWDxMHnjvxo,"9,705",9705,Green holds you.🍃🌿🌳💚 ────────── ➡️original content by @@cabin.wood.s #cabin,https://www.instagram.com/reel/DWDxMHnjvxo/,https://www.instagram.com/popular/forest-house/,r2_03
forest-house,3,imaginativemike,DHGy6WZOH7p,931K,931000,"Hidden retreat. Tucked away from the world. Only solitude and the forest. For more, follow along @imagin",https://www.instagram.com/reel/DHGy6WZOH7p/,https://www.instagram.com/popular/forest-house/,r2_03
forest-house,4,cozynomadstudio,DZosl_bt6eU,28.1K,28100,"POV: This forest mansion is yours 🌲🖤 No neighbors. No noise. Just trees Warm lights, dark wood, and the",https://www.instagram.com/reel/DZosl_bt6eU/,https://www.instagram.com/popular/forest-house/,r2_03
forest-house,5,forestlife06,DO7f4urE7xO,63.2K,63200,Build a forest house 🌲🌲 #BuildAForestHouse #ForestLiving #NatureHome #EcoFriendlyBuilding #Sustainable,https://www.instagram.com/reel/DO7f4urE7xO/,https://www.instagram.com/popular/forest-house/,r2_03
forest-house,6,vojtek_morsztyn,DPOeXP4Db8N,31.5K,31500,"Elevated Sanctuary . . Hidden among the trees, this modern treehouse is more than a retreat—it's an organic",https://www.instagram.com/reel/DPOeXP4Db8N/,https://www.instagram.com/popular/forest-house/,r2_03
forest-house,7,fritztinyhomes,C_QuIjRPTVP,1.5M,1500000,"Okay, but what if you built a tiny house in the woods? What if you had a place to rest and get away from it",https://www.instagram.com/reel/C_QuIjRPTVP/,https://www.instagram.com/popular/forest-house/,r2_03
forest-house,8,nature_4k_reels_,C97YFBGP449,1M,1000000,🌳🏡 Serene Forest Escape Discovering Hidden Cabins 🌲✨ #NatureLovers #ForestAdventure #CabinLife #Wanderlust,https://www.instagram.com/reel/C97YFBGP449/,https://www.instagram.com/popular/forest-house/,r2_03
forest-house,9,nature_cozy_vibe,DN3zUvx5lFS,34.2K,34200,Escape to a cozy forest cottage! 🏡🌲 A charming stone house with a thatched roof sits nestled beside a clear,https://www.instagram.com/reel/DN3zUvx5lFS/,https://www.instagram.com/popular/forest-house/,r2_03
forest-house,10,nature_.videos,DDPcz3FsVAU,834K,834000,A cozy wooden cabin interior with a modern aesthetic. It features large floor-to-ceiling windows overlooking a,https://www.instagram.com/reel/DDPcz3FsVAU/,https://www.instagram.com/popular/forest-house/,r2_03
forest-house,11,naturesms,DMHorJyNrHH,438K,438000,Who would you most like to live with in such a quiet and romantic forest villa. #naturesms,https://www.instagram.com/reel/DMHorJyNrHH/,https://www.instagram.com/popular/forest-house/,r2_03
forest-house,12,cabinborn,DaLctEDiKyg,126K,126000,"Carved into the heart of an ancient forest giant, this golden-roofed hideaway glows like a warm ember amidst th",https://www.instagram.com/reel/DaLctEDiKyg/,https://www.instagram.com/popular/forest-house/,r2_03
house-in-forest,1,rambleonpines,DcLm6uuRRxD,5.1M,5100000,"Book the cabin, I'll pack the food • • • #airbnb #cozycabin #cabininthewoods #creekside",https://www.instagram.com/reel/DcLm6uuRRxD/,https://www.instagram.com/popular/house-in-forest/,r2_04
house-in-forest,2,cabinstillwoods,DbspVpgpas3,369K,369000,#cabininthewoods #foresthideaway ➡️original content by @cabinstillwoods AI-assisted visu,https://www.instagram.com/reel/DbspVpgpas3/,https://www.instagram.com/popular/house-in-forest/,r2_04
house-in-forest,3,iambeccaluna,DVpiVHgkQVw,7.3M,7300000,I cry thinking about this 🥹🥹 #cabininthewoods #cabin #dreamhome,https://www.instagram.com/reel/DVpiVHgkQVw/,https://www.instagram.com/popular/house-in-forest/,r2_04
house-in-forest,4,miladeshtiyaghi,Da714ebtLOp,2.1M,2100000,Jungle House 🌳🤍🌱 Architect & Interior Designer: @miladeshtiyaghi This project is a deeply p,https://www.instagram.com/reel/Da714ebtLOp/,https://www.instagram.com/popular/house-in-forest/,r2_04
house-in-forest,5,hellohayleyblog,DcjRnI9DUOD,89.3K,89300,Cozy mountain lodge dreams 🏔️🔥,https://www.instagram.com/reel/DcjRnI9DUOD/,https://www.instagram.com/popular/house-in-forest/,r2_04
house-in-forest,6,cabinstillwoods,DclRgI7ptov,80.3K,80300,#cabininthewoods #cozycabin ➡️original content by @cabinstillwoods AI-assisted visual,https://www.instagram.com/reel/DclRgI7ptov/,https://www.instagram.com/popular/house-in-forest/,r2_04
house-in-forest,7,outofboundsretreats,C-5lFEQPt7j,2.1M,2100000,"⛰️ Do you consider a cabin in the woods to be therapy? For us it's not just therapy, but",https://www.instagram.com/reel/C-5lFEQPt7j/,https://www.instagram.com/popular/house-in-forest/,r2_04
house-in-forest,8,a_lost_worlds,DdCUcyxo-Fd,240K,240000,A peaceful little home hidden deep inside the forest 🌲🏡✨ Where the sound of the flowing,https://www.instagram.com/reel/DdCUcyxo-Fd/,https://www.instagram.com/popular/house-in-forest/,r2_04
house-in-forest,9,m.o.r.e.l.e.s.a,C1ERnnPCeDw,11.1K,11100,ЙОГА В МОРЕЛЕСА Все дома комплекса дополнены ковриками для йоги: занимайтесь люб,https://www.instagram.com/reel/C1ERnnPCeDw/,https://www.instagram.com/popular/house-in-forest/,r2_04
house-in-forest,10,cozy__cabiin,DdHTfryIqa_,358K,358000,"Rain on the Roof, a Warm Fireplace, and Cozy Cabin Vibes. How Long Would You Stay? #rain",https://www.instagram.com/reel/DdHTfryIqa_/,https://www.instagram.com/popular/house-in-forest/,r2_04
house-in-forest,11,darkhomes,Cw4922ir0jZ,151K,151000,Secluded glass house with this amazing view within the forest. | @darkhomes @nostalgicraindr,https://www.instagram.com/reel/Cw4922ir0jZ/,https://www.instagram.com/popular/house-in-forest/,r2_04
house-in-forest,12,big_toy_stories,Db2ZNkdNEv-,1M,1000000,,https://www.instagram.com/reel/Db2ZNkdNEv-/,https://www.instagram.com/popular/house-in-forest/,r2_04
glass-house-photos,1,luxuryhouseview,DPJHwVHiMGl,53K,53000,"""A glasshouse of dreams – living inside a postcard 🌿🏞️"" #DreamHome #LuxuryLiving #MountainView #NatureAnd",https://www.instagram.com/reel/DPJHwVHiMGl/,https://www.instagram.com/popular/glass-house-photos/,r2_04
glass-house-photos,2,earth_esence,DBAL8oGN8SF,31K,31000,"🏡✨ Imagine yourself in a modern glass house, surrounded by lush green gardens 🌿, as soft raindrops gently tap on t",https://www.instagram.com/reel/DBAL8oGN8SF/,https://www.instagram.com/popular/glass-house-photos/,r2_04
glass-house-photos,3,texaseatsfirst,CyzF2n0v5k1,545K,545000,[CLOSED] 2 𝙉𝙄𝙂𝙃𝙏 𝙂𝙄𝙑𝘼𝙒𝘼𝙔 -𝙈𝙄𝙍𝙍𝙊𝙍 𝘾𝘼𝘽𝘐𝙉 (1 HOUR AWAY FROM HOUSTON) this brand new mirror glas,https://www.instagram.com/reel/CyzF2n0v5k1/,https://www.instagram.com/popular/glass-house-photos/,r2_04
glass-house-photos,4,_prspctivs,DCT-FSDP6iB,1.3M,1300000,"AI.597 ""Pink Horizon | A Glass House by the Baltic Sea's Edge"" by @_prspctivs © 2024-2025 Harshdeep Arora ""_p",https://www.instagram.com/reel/DCT-FSDP6iB/,https://www.instagram.com/popular/glass-house-photos/,r2_04
glass-house-photos,5,jkm_fabrication_work,DU57qTtEpya,"2,221",2221,Rooftop glass house creat your extra comfort zone For more details please DM #instagram #virelreels #vira,https://www.instagram.com/reel/DU57qTtEpya/,https://www.instagram.com/popular/glass-house-photos/,r2_04
glass-house-photos,6,nature_cozy_vibe,DCeaenyyZTy,14.6K,14600,Cliffside Glass Room in the Rain 🌧️ #cliffsideliving #glasshouse #dreamvacation Imagine waking up to the sound,https://www.instagram.com/reel/DCeaenyyZTy/,https://www.instagram.com/popular/glass-house-photos/,r2_04
glass-house-photos,7,pergola_uae,DUu6jhCk4QP,153K,153000,Modern Glass Room ⭐️ ABUDHABI 📍 6 x 6 m 📏 For Contact ☎️ 050-8687086,https://www.instagram.com/reel/DUu6jhCk4QP/,https://www.instagram.com/popular/glass-house-photos/,r2_04
glass-house-photos,8,lacasastudio0,DAJw0N9R1NZ,17.3K,17300,Glass house For Terrace. Glass 6mm Toughened. #glasshouss #portacabin #terraceroom #interiordecor #interiordes,https://www.instagram.com/reel/DAJw0N9R1NZ/,https://www.instagram.com/popular/glass-house-photos/,r2_04
glass-house-photos,9,luxuriatehomes,DQyzZeVAN4b,107K,107000,This glass retreat makes every drop of rain look like art🤍 #luxuriatehome #homedecor #instadaily #newyork,https://www.instagram.com/reel/DQyzZeVAN4b/,https://www.instagram.com/popular/glass-house-photos/,r2_04
glass-house-photos,10,drcozyvibes,C-ewiBJO2Ph,421K,421000,Do you prefer a stay in this Cozy glasshouse during a Rainstorm? #cozycabin #RainyDayVibes #cabinlife #glasshou,https://www.instagram.com/reel/C-ewiBJO2Ph/,https://www.instagram.com/popular/glass-house-photos/,r2_04
glass-house-photos,11,vojtek_morsztyn,DHdaZnVoVew,NA,,,https://www.instagram.com/reel/DHdaZnVoVew/,https://www.instagram.com/popular/glass-house-photos/,r2_04
glass-house-photos,12,alitex_,DUWEYVqDClS,"6,014",6014,"For @nellyatalitex, Creative Director of Alitex, her Mottisfont glasshouse is more than a garden structure – it's",https://www.instagram.com/reel/DUWEYVqDClS/,https://www.instagram.com/popular/glass-house-photos/,r2_04
desert-house-interior-design-ideas,1,inakiencasas,DPE4t_hkfJ2,3.8M,3800000,"calm lines, warm light, and space to breathe. ✨ 4 bedrooms • 4.5 baths • Aldea Zama — an award-winning CO-LAB villa with indoor–outdoor flow, a privat",https://www.instagram.com/reel/DPE4t_hkfJ2/,https://www.instagram.com/popular/desert-house-interior-design-ideas/,r2_04
desert-house-interior-design-ideas,2,vanessa_gal_design_studio,DHTthDwouNl,"5,185",5185,"Înrudit cu Wabi Sabi, stilul Desert Modernism are din ce în ce mai mult succes în tendințele designului de interior. . . Vouă cum vi se pare?",https://www.instagram.com/reel/DHTthDwouNl/,https://www.instagram.com/popular/desert-house-interior-design-ideas/,r2_04
desert-house-interior-design-ideas,3,ecooutdoor,DMJZ0CDyCEQ,50.4K,50400,"Imagined by Amber Interiors, Desert House is where modern living coalesces with the rawness of nature. Set against California's arid plains, the home",https://www.instagram.com/reel/DMJZ0CDyCEQ/,https://www.instagram.com/popular/desert-house-interior-design-ideas/,r2_04
desert-house-interior-design-ideas,4,digitaldesign.lab,DcyVXWiiNUs,67.1K,67100,Desert Palm Villa By @digitaldesign.lab #interiordesign #interior #luxuryhomes #desertlife #تصميم,https://www.instagram.com/reel/DcyVXWiiNUs/,https://www.instagram.com/popular/desert-house-interior-design-ideas/,r2_04
desert-house-interior-design-ideas,5,nikkibisikerinteriordesign,DF7oB8xtwLf,"2,749",2749,"Inspired by the raw, untamed beauty of the desert, Desert Modern is redefining luxury interiors in 2025. ☀️ This aesthetic blends organic textures, sc",https://www.instagram.com/reel/DF7oB8xtwLf/,https://www.instagram.com/popular/desert-house-interior-design-ideas/,r2_04
desert-house-interior-design-ideas,6,__adobe_sky__,Dbr6cHFOpSa,"3,508",3508,"Meet: Adobe Sky . A new adobe style house in the desert, made for yoga, meditation and manifestation. It is a place of healing for the body and mind.",https://www.instagram.com/reel/Dbr6cHFOpSa/,https://www.instagram.com/popular/desert-house-interior-design-ideas/,r2_04
desert-house-interior-design-ideas,7,andreavanheerden.creative,DVdNuLgAfv5,259K,259000,"A home where every texture speaks. This breathtaking build by @diazhomes layers natural materials, soft neutrals and flowing curtains to create a spac",https://www.instagram.com/reel/DVdNuLgAfv5/,https://www.instagram.com/popular/desert-house-interior-design-ideas/,r2_04
desert-house-interior-design-ideas,8,__sensorial_,DbuAyo8Jhe_,190K,190000,"En esta propuesta, la madera aporta calidez las fibras naturales aportan textura la vegetación pausa y la luz profundidad por eso un espacio puede sen",https://www.instagram.com/reel/DbuAyo8Jhe_/,https://www.instagram.com/popular/desert-house-interior-design-ideas/,r2_04
desert-house-interior-design-ideas,9,homeaiapp,DGLlunHtrDJ,75K,75000,"Sleek, simple, and inspired by the desert's natural beauty 🌵🐫 #homeaiapp #decoration #desertmodern #modernism #dreamhomegoals #mediterranean #decorati",https://www.instagram.com/reel/DGLlunHtrDJ/,https://www.instagram.com/popular/desert-house-interior-design-ideas/,r2_04
desert-house-interior-design-ideas,10,studio_tigha,DaGMN3Ntr3C,27.2K,27200,Manifesting this type of home. Maybe we don't have a name for this style.  Maybe we don't need one.  Maybe it's because it's timeless. Tropical. Wabi-,https://www.instagram.com/reel/DaGMN3Ntr3C/,https://www.instagram.com/popular/desert-house-interior-design-ideas/,r2_04
desert-house-interior-design-ideas,11,aleksandrazee,CztuT-7RV_Y,89.8K,89800,HOME TOUR When it came to designing our 1978 Ranch Style home we really wanted the space to not only reflect our personal style but also mirror the co,https://www.instagram.com/reel/CztuT-7RV_Y/,https://www.instagram.com/popular/desert-house-interior-design-ideas/,r2_04
desert-house-interior-design-ideas,12,digitaldesign.lab,DSh015LgpsI,731K,731000,Raw earth villa 🌿 By: @digitaldesign.lab #tropical #luxuryhomes #villa #interior #houses homes green interiør mansion تصميم cliff فيلا bedroomdesign r,https://www.instagram.com/reel/DSh015LgpsI/,https://www.instagram.com/popular/desert-house-interior-design-ideas/,r2_04
desert-modern-house-tours,1,interior_home_design1,DDuP9CtudEZ,20.9K,20900,What are your thoughts on this modern bungalow in desert ? By: @hut @interior_home_design1 #interiordesign #home #resorts #lasvegas #luxurylifestyle #,https://www.instagram.com/reel/DDuP9CtudEZ/,https://www.instagram.com/popular/desert-modern-house-tours/,r2_04
desert-modern-house-tours,2,harmosai,DOlpM39kbd5,752K,752000,"When the desert sky turns dark, the real show begins. ​This is where architecture becomes an experience. A glowing sanctuary that stands bold against",https://www.instagram.com/reel/DOlpM39kbd5/,https://www.instagram.com/popular/desert-modern-house-tours/,r2_04
desert-modern-house-tours,3,mr.vilensky,DBRaNZJuIHX,36.4K,36400,"A masterful expression of desert modern living, this new architectural luxurious home with outstanding city views is listed by @ryanknoch ⭐️Follow 👉🏻",https://www.instagram.com/reel/DBRaNZJuIHX/,https://www.instagram.com/popular/desert-modern-house-tours/,r2_04
desert-modern-house-tours,4,markmargulies,DTYhn_zkTeJ,3.6M,3600000,Designed to disappear into the landscape. #deserthouse #midcenturydesign #modernarchitecture #interiordesign,https://www.instagram.com/reel/DTYhn_zkTeJ/,https://www.instagram.com/popular/desert-modern-house-tours/,r2_04
desert-modern-house-tours,5,hafezi.architects,DScs1gJiqrh,355K,355000,"Holiday glow, desert hush, a private oasis dressed in lights for the season 🎄🌴 From the palm courtyard wrapped in golden strings to bedrooms that open",https://www.instagram.com/reel/DScs1gJiqrh/,https://www.instagram.com/popular/desert-modern-house-tours/,r2_04
desert-modern-house-tours,6,wayup_media,DKhR4_qxUif,2M,2000000,"Every detail of this modern estate is over the top in the BEST way! Pull into the garage, and the platform lowers your car to a hidden underground lev",https://www.instagram.com/reel/DKhR4_qxUif/,https://www.instagram.com/popular/desert-modern-house-tours/,r2_04
desert-modern-house-tours,7,miladeshtiyaghi,DLw-wW0NBEY,381K,381000,"Modern Hillside House 🌿🏡 Architecture & Interior designer: @miladeshtiyaghi This project reflects my vision of minimalist, grounded luxury—where archi",https://www.instagram.com/reel/DLw-wW0NBEY/,https://www.instagram.com/popular/desert-modern-house-tours/,r2_04
desert-modern-house-tours,8,ecooutdoor,DMJZ0CDyCEQ,50.4K,50400,"Imagined by Amber Interiors, Desert House is where modern living coalesces with the rawness of nature. Set against California's arid plains, the home",https://www.instagram.com/reel/DMJZ0CDyCEQ/,https://www.instagram.com/popular/desert-modern-house-tours/,r2_04
desert-modern-house-tours,9,alpine_manor,C_jka6Ys7AT,44.5K,44500,"🏡✨ The most beautiful home in Paradise Valley, where French modern design meets desert elegance. This stunning masterpiece by @katrina.a.barrett redef",https://www.instagram.com/reel/C_jka6Ys7AT/,https://www.instagram.com/popular/desert-modern-house-tours/,r2_04
desert-modern-house-tours,10,fancyhomeai,DPdrY2littF,11.2K,11200,"If Zaha Hadid Designed a Desert Mansion in 2030… Waves of concrete and shadows like sculpture. Zaha Hadid's vision meets the desert: bold, fluid, and",https://www.instagram.com/reel/DPdrY2littF/,https://www.instagram.com/popular/desert-modern-house-tours/,r2_04
desert-modern-house-tours,11,architectural.desiign,DOUIJNtDcuz,20K,20000,@am.irfatemi Oasis project 🫐 This house is a modern desert settlement where architecture and nature merge. Brick volumes grow out of the natural rocks,https://www.instagram.com/reel/DOUIJNtDcuz/,https://www.instagram.com/popular/desert-modern-house-tours/,r2_04
desert-modern-house-tours,12,shahad.abdulwasea,DJWkgDhobxE,"4,453",4453,"🎯 White is one of the smartest choices for a desert home or better yet, a desert retreat. 🏠 A modern Mediterranean style house with a crisp white exte",https://www.instagram.com/reel/DJWkgDhobxE/,https://www.instagram.com/popular/desert-modern-house-tours/,r2_04
container-home-luxury-models-2026,1,sam_sharma,DVi6FiKimQn,301K,301000,When Shipping Containers Meet Luxury Living 🌿🏗️ What started as just a few industrial shipping containers has been transformed into a stunning multi-l,https://www.instagram.com/reel/DVi6FiKimQn/,https://www.instagram.com/popular/container-home-luxury-models-2026/,r2_04
container-home-luxury-models-2026,2,myjhouse_cn,DZ__aQMAaML,108K,108000,Container home design #tinyhouse #prefabricatedhouse #containerhouse #housedesign #prefabhome #mobilehome,https://www.instagram.com/reel/DZ__aQMAaML/,https://www.instagram.com/popular/container-home-luxury-models-2026/,r2_04
container-home-luxury-models-2026,3,diycraftstvofficial,DWtdzmuDh4P,17.6M,17600000,Luxury Container Villa Village With Private Pools,https://www.instagram.com/reel/DWtdzmuDh4P/,https://www.instagram.com/popular/container-home-luxury-models-2026/,r2_04
container-home-luxury-models-2026,4,containerpro_tz,DUqDAmgjJXE,"4,127",4127,"🏗️ Je, una ndoto ya kuwa na nyumba au ofisi ya kisasa kwa gharama nafuu? Sisi EK Container Pro tunabadilisha container kuwa nyumba za kisasa, ofisi za",https://www.instagram.com/reel/DUqDAmgjJXE/,https://www.instagram.com/popular/container-home-luxury-models-2026/,r2_04
container-home-luxury-models-2026,5,myjhouse_cn,DT4D0MtCJc5,2.5M,2500000,Container home #containerhouse #prefabricatedhouse #tinyhouse #housedesign #mobilehouse,https://www.instagram.com/reel/DT4D0MtCJc5/,https://www.instagram.com/popular/container-home-luxury-models-2026/,r2_04
container-home-luxury-models-2026,6,naturalktedy,DWvyan7CJmJ,10.4K,10400,Africa's largest residential container house posted on my youtube channel Naturalktedy 70k per night in Nanyuki 6 bedroom all ensuite house Call +254,https://www.instagram.com/reel/DWvyan7CJmJ/,https://www.instagram.com/popular/container-home-luxury-models-2026/,r2_04
container-home-luxury-models-2026,7,grupomb_1,DQw88Etj6dw,384K,384000,"Você já imaginou fazer o seu negócio, sua casa ou um empreendimento em container ou em módulos? ✅ Isso é mais comum do que você imagina! A busca por s",https://www.instagram.com/reel/DQw88Etj6dw/,https://www.instagram.com/popular/container-home-luxury-models-2026/,r2_04
container-home-luxury-models-2026,8,otmcontainers,DWajurrEhgo,"7,123",7123,2 bedroom container home 🏠 REAL AFFORDABLE HOUSING message me if interested mahalo,https://www.instagram.com/reel/DWajurrEhgo/,https://www.instagram.com/popular/container-home-luxury-models-2026/,r2_04
container-home-luxury-models-2026,9,containerhouseplans,DTF5mohEWJQ,738K,738000,Rate this shipping container home on a scale of 0 to 10. Would you live in this? 🤔 We are licensed container home architects and engineers. Email us a,https://www.instagram.com/reel/DTF5mohEWJQ/,https://www.instagram.com/popular/container-home-luxury-models-2026/,r2_04
container-home-luxury-models-2026,10,baltik_barn,DXKoaF0DenR,44.3K,44300,"Идеальный компактный загородный дом из 4 морских контейнеров 🏡 Быстровозводимый, энергоэффективный и доступный по цене — комфортно размещает семью и н",https://www.instagram.com/reel/DXKoaF0DenR/,https://www.instagram.com/popular/container-home-luxury-models-2026/,r2_04
container-home-luxury-models-2026,11,dreammakersstudio24,DTXf_OWDIan,861K,861000,"WOW… this completely changes how we see container homes. This project is a design concept that transforms an empty site into a refined, modern contain",https://www.instagram.com/reel/DTXf_OWDIan/,https://www.instagram.com/popular/container-home-luxury-models-2026/,r2_04
container-home-luxury-models-2026,12,elitebuildhq,DX7bDuTuvID,138K,138000,The Future of Modular Living . This luxury container courtyard home build redefines modern architecture. Experience how industrial shipping containers,https://www.instagram.com/reel/DX7bDuTuvID/,https://www.instagram.com/popular/container-home-luxury-models-2026/,r2_04
capsule-castle-luxury-space-capsule-houses,1,capsulecastle004,DcxrkJxR26C,31.8K,31800,This house is so flexible .#capsulecastle #resort #vacationrental #stay #getaway Website:www.capsulecastle.com WhatsApp link： wa.me/8619011518978 What,https://www.instagram.com/reel/DcxrkJxR26C/,https://www.instagram.com/popular/capsule-castle-luxury-space-capsule-houses/,r2_04
capsule-castle-luxury-space-capsule-houses,2,capsulecastle_tinyhome,DYRWcHFg0hG,4.6M,4600000,This house is so flexible .#capsulecastle #resort #vacationrental #stay #getaway Website:www.capsulecastle.com WhatsApp link： wa.me/8619011518978 What,https://www.instagram.com/reel/DYRWcHFg0hG/,https://www.instagram.com/popular/capsule-castle-luxury-space-capsule-houses/,r2_04
capsule-castle-luxury-space-capsule-houses,3,capsulecastle2025,DZFAAx-oZHK,281K,281000,"Come and take your own space capsule! For more info,pls 📲Whatsapp:+8615318955803 or 📨Email:sales@capsulecastle.com#MobileHomestay #House #BoutiqueHome",https://www.instagram.com/reel/DZFAAx-oZHK/,https://www.instagram.com/popular/capsule-castle-luxury-space-capsule-houses/,r2_04
capsule-castle-luxury-space-capsule-houses,4,capsulecastle2025,DIIVFFFR6zb,8M,8000000,Do you like this kind of house?✨#mobilehomes #tinyhomedesign #tinyhousedesign #minimalistlifestyle #hoteldesign #tinyhomeliving #CapsuleCastle #capsul,https://www.instagram.com/reel/DIIVFFFR6zb/,https://www.instagram.com/popular/capsule-castle-luxury-space-capsule-houses/,r2_04
capsule-castle-luxury-space-capsule-houses,5,henry129841,DbVLkUniSaz,143K,143000,"Peu d'investissement, bénéfices maximisés 📱WhatsApp：+86 18905362533 🔗WhatsApp link: wa.me/8618905362533 #capsulecastle #resort #modularhome #passivein",https://www.instagram.com/reel/DbVLkUniSaz/,https://www.instagram.com/popular/capsule-castle-luxury-space-capsule-houses/,r2_04
capsule-castle-luxury-space-capsule-houses,6,capsulecastleyfl,Dab0h73ojh4,58.1K,58100,A house that can be used for multiple purposes 📱WhatsApp：+86 18905362533 🔗WhatsApp link: wa.me/8618905362533 #capsulecastle #resort #modularhome #pass,https://www.instagram.com/reel/Dab0h73ojh4/,https://www.instagram.com/popular/capsule-castle-luxury-space-capsule-houses/,r2_04
capsule-castle-luxury-space-capsule-houses,7,cap_sulecastlehouse,Dbm8DcISBD9,653K,653000,This house is so flexible .#capsulecastle #resort #vacationrental #stay #getaway Website:www.capsulecastle.com WhatsApp link： wa.me/8619011518978 What,https://www.instagram.com/reel/Dbm8DcISBD9/,https://www.instagram.com/popular/capsule-castle-luxury-space-capsule-houses/,r2_04
capsule-castle-luxury-space-capsule-houses,8,capsulecastle410,DWlOBU7jT85,15.5K,15500,This house is so flexible #capsulehouse #tinyhome #mobilehouse #outdoor #containerhouse,https://www.instagram.com/reel/DWlOBU7jT85/,https://www.instagram.com/popular/capsule-castle-luxury-space-capsule-houses/,r2_04
capsule-castle-luxury-space-capsule-houses,9,capsulecastle004,DZMA3SHRsy-,5.7M,5700000,This house is so flexible .#capsulecastle #resort #vacationrental #stay #getaway Website:www.capsulecastle.com WhatsApp link： wa.me/8619011518978 What,https://www.instagram.com/reel/DZMA3SHRsy-/,https://www.instagram.com/popular/capsule-castle-luxury-space-capsule-houses/,r2_04
capsule-castle-luxury-space-capsule-houses,10,capsulex_home,DaDfK9QSUCe,68.5K,68500,"Think about it: You add a fully furnished, futuristic smart capsule home to your cart, hit ""Buy Now,"" and it literally arrives on your land ready to m",https://www.instagram.com/reel/DaDfK9QSUCe/,https://www.instagram.com/popular/capsule-castle-luxury-space-capsule-houses/,r2_04
capsule-castle-luxury-space-capsule-houses,11,capsulecastleuae2,Db7Bs8Dou0q,"3,254",3254,كم تكلفة هذا البيت? 📱WhatsApp：+86 18905362533 🔗WhatsApp link: wa.me/8618905362533 #capsulecastle #resort #modularhome #passiveincome #hoteldevelopment,https://www.instagram.com/reel/Db7Bs8Dou0q/,https://www.instagram.com/popular/capsule-castle-luxury-space-capsule-houses/,r2_04
capsule-castle-luxury-space-capsule-houses,12,qosqocabin,DWzd3EqDTNN,"7,415",7415,Exposición abierta en Madrid 🏠 Modelos disponibles en la página web 👨‍💻 Envíos a todo el mundo 🌎 Contacto por direct o al +34 661320765 📲 #qosqocabin,https://www.instagram.com/reel/DWzd3EqDTNN/,https://www.instagram.com/popular/capsule-castle-luxury-space-capsule-houses/,r2_04
inside-underground-bunker-house,1,homecareproperty,DVmh2BqkqBw,523K,523000,The rich build underground for bunker. มหาเศรษฐีขุดใต้ดินเพื่อเป็นบังเกอร์ Contact Care,https://www.instagram.com/reel/DVmh2BqkqBw/,https://www.instagram.com/popular/inside-underground-bunker-house/,r2_04
inside-underground-bunker-house,2,aitransformation.lab,DVB-ootiG4h,1.9M,1900000,Hidden Container Bunker —— From a standard backyard to a high-end hidden retreat. Watch the fu,https://www.instagram.com/reel/DVB-ootiG4h/,https://www.instagram.com/popular/inside-underground-bunker-house/,r2_04
inside-underground-bunker-house,3,survivalvaults,DUjiGK0iOl7,219K,219000,A Private Underground Shelter Beneath a Suburban Home. Would You Live in This Hidden Backyard Bunker,https://www.instagram.com/reel/DUjiGK0iOl7/,https://www.instagram.com/popular/inside-underground-bunker-house/,r2_04
inside-underground-bunker-house,4,elitebuildhq,DanQlnNO1KZ,3.1M,3100000,Inside a Hidden Off-Grid Survival Bunker Beneath a Modern Forest Cabin | Ultimate Self-Sufficient Home,https://www.instagram.com/reel/DanQlnNO1KZ/,https://www.instagram.com/popular/inside-underground-bunker-house/,r2_04
inside-underground-bunker-house,5,tacticallyprepped,C9K0DCdJ-ji,48.5K,48500,Would you get this secret bunker installed in your house?!?! #bunker #saferoom #secretroom #house #emergency,https://www.instagram.com/reel/C9K0DCdJ-ji/,https://www.instagram.com/popular/inside-underground-bunker-house/,r2_04
inside-underground-bunker-house,6,thehomopien,DWrf3s5kzC7,18.5M,18500000,I Built a Luxury Tiny House Inside an Underground Bunker #transformation #bunker #underground,https://www.instagram.com/reel/DWrf3s5kzC7/,https://www.instagram.com/popular/inside-underground-bunker-house/,r2_04
inside-underground-bunker-house,7,volcanicbuildx,DcA8uHQs246,16K,16000,I Built a Cozy House Inside an Abandoned Underground Bunker! I found an abandoned underground bunker that had been,https://www.instagram.com/reel/DcA8uHQs246/,https://www.instagram.com/popular/inside-underground-bunker-house/,r2_04
inside-underground-bunker-house,8,elitebuildhq,Da21RGFoirj,4.9M,4900000,Inside a Fully Self-Sufficient Underground Survival Bunker & Modern A-Frame Home Take an exclusive look at one of,https://www.instagram.com/reel/Da21RGFoirj/,https://www.instagram.com/popular/inside-underground-bunker-house/,r2_04
inside-underground-bunker-house,9,craftvibeehm,DZF_37clPHt,506K,506000,Tour the Ultimate Luxury Underground Bunker 🏡 Explore this luxury underground bunker and secret home design hidden,https://www.instagram.com/reel/DZF_37clPHt/,https://www.instagram.com/popular/inside-underground-bunker-house/,r2_04
inside-underground-bunker-house,10,axel_stone0,DaVZ3ODuRTb,1.9M,1900000,I Built a Secret Underground Container House. #timelapse #containerhouse #bunker #construction #architecture,https://www.instagram.com/reel/DaVZ3ODuRTb/,https://www.instagram.com/popular/inside-underground-bunker-house/,r2_04
inside-underground-bunker-house,11,daddyslilmonsta_,DW8r5SEjpYY,10.4K,10400,400 families moving into an underground Bunker?? 😳👀 I'm sorry WHAT?! This look like something out a movie but it,https://www.instagram.com/reel/DW8r5SEjpYY/,https://www.instagram.com/popular/inside-underground-bunker-house/,r2_04
inside-underground-bunker-house,12,neuuralviibes,DU5iPcaDcr1,18K,18000,Luxury underground bunker in the middle of the desert… would you live here? 🏜️✨ Built with AI imagination,https://www.instagram.com/reel/DU5iPcaDcr1/,https://www.instagram.com/popular/inside-underground-bunker-house/,r2_04
cozy-winter-cabin,1,relaxinoffgrid,DWR82LTDlDM,39K,39000,"Waking up to snow falling over the mountains. ❄️🏔️ With a warm fire and endless cozy blankets, this attic cabin is the ultimate winter dream.",https://www.instagram.com/reel/DWR82LTDlDM/,https://www.instagram.com/popular/cozy-winter-cabin/,r2_04
cozy-winter-cabin,2,wildreamhom3,DDR9zmKTcR-,18K,18000,The winter storm is just background music in the warmth of our cabin . . . . . . #wildreamhom3 #therapy #cozy #aesthetic #calm #relax #cozyroom #Winte,https://www.instagram.com/reel/DDR9zmKTcR-/,https://www.instagram.com/popular/cozy-winter-cabin/,r2_04
cozy-winter-cabin,3,nesthome.03,DYKXXxASMxM,89.8K,89800,Warm Cabin on a Freezing Winter Night ❄️🔥 #WinterCabin #SnowfallMood #USAWinter #LuxembourgViews #CozyNight,https://www.instagram.com/reel/DYKXXxASMxM/,https://www.instagram.com/popular/cozy-winter-cabin/,r2_04
cozy-winter-cabin,4,cozy_cabin_diaries,DZ_JYrbhmDc,733K,733000,The storm hasn't stopped in three days. #cabinlife #CozyCabin #WinterEscape #usa,https://www.instagram.com/reel/DZ_JYrbhmDc/,https://www.instagram.com/popular/cozy-winter-cabin/,r2_04
cozy-winter-cabin,5,journey.to_serenity,DGjB_JfN7W3,14.6K,14600,Cozy Cabin Vibes ❄️🔥 A warm retreat in the heart of winter! #CozyCabin #WinterVibes #SnowyEscape #LogCabinLife #WarmAndCozy #RusticCharm #SnowfallMagi,https://www.instagram.com/reel/DGjB_JfN7W3/,https://www.instagram.com/popular/cozy-winter-cabin/,r2_04
cozy-winter-cabin,6,nesthome.03,DYfXRE8hEx6,352K,352000,Hidden Peace in the Snow ❄️🏔️ #WinterCabin #SnowyHills #USAViews #LuxembourgNature #CozyEscape,https://www.instagram.com/reel/DYfXRE8hEx6/,https://www.instagram.com/popular/cozy-winter-cabin/,r2_04
cozy-winter-cabin,7,relaxuni,DPMOMzaDfKM,14K,14000,"Sleeping in a Warm Little Cabin, Blizzard outside 😴 Follow and enjoy! #relax #relaxation #cozyvideo #relaxvideo #cozy #relaxing #healing #sleepaid #fi",https://www.instagram.com/reel/DPMOMzaDfKM/,https://www.instagram.com/popular/cozy-winter-cabin/,r2_04
cozy-winter-cabin,8,siyad_abdali,DQostfIDLYr,5.1M,5100000,"Cozy Cabin on a Snowy Day | Reading, Music & Peaceful Alone Time 🕯📖🎶",https://www.instagram.com/reel/DQostfIDLYr/,https://www.instagram.com/popular/cozy-winter-cabin/,r2_04
cozy-winter-cabin,9,naturesms,DQUUZF-EpAX,319K,319000,"On a snowy day, who would you most like to live with in such a cozy cave cabin? #naturesms",https://www.instagram.com/reel/DQUUZF-EpAX/,https://www.instagram.com/popular/cozy-winter-cabin/,r2_04
cozy-winter-cabin,10,drcozyvibes,C-iGxhuMWLU,251K,251000,Sometimes the most productive thing you can do is relax😌 What will you do in this cozy room? #cozyhome #cozyvibes #warmhouse #winterescape,https://www.instagram.com/reel/C-iGxhuMWLU/,https://www.instagram.com/popular/cozy-winter-cabin/,r2_04
cozy-winter-cabin,11,serenecabin,DR93ufJDfjx,2.5M,2500000,The Alchemy of Atmosphere: Crafting Cabin Serenity ✨ #cozycabin #relaxation #heavysnowfall,https://www.instagram.com/reel/DR93ufJDfjx/,https://www.instagram.com/popular/cozy-winter-cabin/,r2_04
cozy-winter-cabin,12,imaginativemike,DUgZ3OLkVJg,74.9K,74900,"Imagine you are in the cozy of a warm room, looking out at the many stars the night sky has to offer. For more, follow along @imaginativemike Made wit",https://www.instagram.com/reel/DUgZ3OLkVJg/,https://www.instagram.com/popular/cozy-winter-cabin/,r2_04
cozy-cabin-in-the-snow,1,calmwhispers01,DAQic06SmvP,1.6M,1600000,"Imagine waking up to this cozy scene ❄️🔥. The soft snowfall 🌨️, the crackling fire 🔥, and the warm glow of",https://www.instagram.com/reel/DAQic06SmvP/,https://www.instagram.com/popular/cozy-cabin-in-the-snow/,r2_04
cozy-cabin-in-the-snow,2,north_cascades_haven,Db_Rbvopxsw,27.9M,27900000,Who's ready for this?❄️🌨️🤍 #winter #cabin #snow #river #pnw,https://www.instagram.com/reel/Db_Rbvopxsw/,https://www.instagram.com/popular/cozy-cabin-in-the-snow/,r2_04
cozy-cabin-in-the-snow,3,cozyvibescorner,DTYUnN5jVl0,1M,1000000,Who would you like to stay here with ?🥰 #cozycorner #cozyvibes #cozy Creative Partner: @imagineartofficial,https://www.instagram.com/reel/DTYUnN5jVl0/,https://www.instagram.com/popular/cozy-cabin-in-the-snow/,r2_04
cozy-cabin-in-the-snow,4,cozycabinlife1,DbqUfQoNY9B,337K,337000,Would You Trade Your City Life For This Winter Cabin? Footprints in the snow. A stone path to a warm light.,https://www.instagram.com/reel/DbqUfQoNY9B/,https://www.instagram.com/popular/cozy-cabin-in-the-snow/,r2_04
cozy-cabin-in-the-snow,5,cozy_cabin_diaries,DZ_JYrbhmDc,733K,733000,The storm hasn't stopped in three days. #cabinlife #CozyCabin #WinterEscape #usa,https://www.instagram.com/reel/DZ_JYrbhmDc/,https://www.instagram.com/popular/cozy-cabin-in-the-snow/,r2_04
cozy-cabin-in-the-snow,6,romania,DRP7TseCBZt,152K,152000,"What pulls you inward? The first snow descends over the Romanian forest like a quiet omen, softening the world until this",https://www.instagram.com/reel/DRP7TseCBZt/,https://www.instagram.com/popular/cozy-cabin-in-the-snow/,r2_04
cozy-cabin-in-the-snow,7,relaxinoffgrid,DalEcR1iYPK,79.1K,79100,"Imagine spending a winter nights in this rustic log 🪵 loft cabin. With a roaring fire 🔥, glowing string lights, and heavy snow",https://www.instagram.com/reel/DalEcR1iYPK/,https://www.instagram.com/popular/cozy-cabin-in-the-snow/,r2_04
cozy-cabin-in-the-snow,8,cozy_winter_homes,DclLMq5sj1f,82K,82000,What Would Your First Night in This Cabin Feel Like? 🏡❄️,https://www.instagram.com/reel/DclLMq5sj1f/,https://www.instagram.com/popular/cozy-cabin-in-the-snow/,r2_04
cozy-cabin-in-the-snow,9,little_dreamy_mist,DczF-jWKrdE,10.3K,10300,POV: Snowed in with the ones you love ❄️🤎 #cozy #snowstorm #wintervibes #cozyhome #hygge,https://www.instagram.com/reel/DczF-jWKrdE/,https://www.instagram.com/popular/cozy-cabin-in-the-snow/,r2_04
cozy-cabin-in-the-snow,10,drcozyvibes,C-iGxhuMWLU,251K,251000,Sometimes the most productive thing you can do is relax😌 What will you do in this cozy room? #cozyhome #cozyvibes #warmhouse,https://www.instagram.com/reel/C-iGxhuMWLU/,https://www.instagram.com/popular/cozy-cabin-in-the-snow/,r2_04
cozy-cabin-in-the-snow,11,nesthome.03,DXvgIb0RtZR,102K,102000,"Silence, snow, and a warm glow inside… would you live here for a week? 🔥🏡 Comment ""ME"" if you'd escape here! #WinterMagic",https://www.instagram.com/reel/DXvgIb0RtZR/,https://www.instagram.com/popular/cozy-cabin-in-the-snow/,r2_04
cozy-cabin-in-the-snow,12,wildreamhom3,DDR9zmKTcR-,18K,18000,The winter storm is just background music in the warmth of our cabin . . . . . . #wildreamhom3 #therapy #cozy #aesthetic #calm,https://www.instagram.com/reel/DDR9zmKTcR-/,https://www.instagram.com/popular/cozy-cabin-in-the-snow/,r2_04
a-frame-modern-cabins,1,kmprecastwork,DZBaK0Fh1Y1,570K,570000,"Premium A-Frame at 9L 400 sqft Completed work @ Wayanad,Kerala #resort #aframecabin #budgethomes #prec",https://www.instagram.com/reel/DZBaK0Fh1Y1/,https://www.instagram.com/popular/a-frame-modern-cabins/,r2_04
a-frame-modern-cabins,2,creativecabinsllc,CuwwzXFOWjV,207K,207000,Who are you bringing to our modern A Frame airbnb?! 😍 • • • • #aframecabin #aframe #vacationrental #modernarchitecture #airb,https://www.instagram.com/reel/CuwwzXFOWjV/,https://www.instagram.com/popular/a-frame-modern-cabins/,r2_04
a-frame-modern-cabins,3,modulex.s.a,DUA3SSEDuqq,131K,131000,"Las mejores cabañas alpinas las encuentras en Modulex! Diseños exclusivos, precios cómodos y trabajos garantizados! Con",https://www.instagram.com/reel/DUA3SSEDuqq/,https://www.instagram.com/popular/a-frame-modern-cabins/,r2_04
a-frame-modern-cabins,4,decoart_designs,DKdvIL5JUzF,346K,346000,ചെലവ് ചുരുക്കി വീടും റിസോർട്ടും നിര്മിക്കുന്നവർക്കു ഉപകാരപ്പെടുന്ന വീഡിയോ ആണ് ഷെയർ ചെയ്തു കാണുമല്ലോ -10 ലക്ഷത്തിനുള്ളിൽ എ ഫ്ര,https://www.instagram.com/reel/DKdvIL5JUzF/,https://www.instagram.com/popular/a-frame-modern-cabins/,r2_04
a-frame-modern-cabins,5,montaznekuceadles,DVhHDWlDpa2,310K,310000,#montaznekuceadles #aframe #aframehouse #aframecabin #aframes,https://www.instagram.com/reel/DVhHDWlDpa2/,https://www.instagram.com/popular/a-frame-modern-cabins/,r2_04
a-frame-modern-cabins,6,aframedaily,C0KB3ABJDGO,34.2K,34200,"Couldn't stop myself from sharing this masterpiece. The @wildewoodaframe has such a clean geometric beauty itself, and @lev",https://www.instagram.com/reel/C0KB3ABJDGO/,https://www.instagram.com/popular/a-frame-modern-cabins/,r2_04
a-frame-modern-cabins,7,dunlaphollowcabins,CtSOY7VMU8O,671K,671000,"The A-Frame ✨✨✨ One of the most unique cabins you'll find. Featuring plenty of natural light for a relaxing atmosphere, along with ample",https://www.instagram.com/reel/CtSOY7VMU8O/,https://www.instagram.com/popular/a-frame-modern-cabins/,r2_04
a-frame-modern-cabins,8,diycraftstvofficial,DTDCWudCm6c,1.5M,1500000,Modern A-Frame & Container Cabin,https://www.instagram.com/reel/DTDCWudCm6c/,https://www.instagram.com/popular/a-frame-modern-cabins/,r2_04
a-frame-modern-cabins,9,aframe_kuce,DYArsL0uP2Q,589K,589000,Akcija do juna.Redovna cena sive faze 15.200 Eur Naš montažni A-frame 40m² objekat dimenzija 5 × 6 m sa galerijom. Krov+izolacija,https://www.instagram.com/reel/DYArsL0uP2Q/,https://www.instagram.com/popular/a-frame-modern-cabins/,r2_04
a-frame-modern-cabins,10,remarkablestays,DOWwZ3bCfBg,14K,14000,"An A-frame straight from you dreams! Tag your cabin crew, who's coming with you? ⬇️ 📷 Credit @tramonti__house ➡️ Follow us @remark",https://www.instagram.com/reel/DOWwZ3bCfBg/,https://www.instagram.com/popular/a-frame-modern-cabins/,r2_04
a-frame-modern-cabins,11,mjengoni.artz,DJ9fqVLt0si,"6,539",6539,A frame cabin🩶 Design and construction ✅ Congrat us @mjengoni.artz +255762017599,https://www.instagram.com/reel/DJ9fqVLt0si/,https://www.instagram.com/popular/a-frame-modern-cabins/,r2_04
a-frame-modern-cabins,12,journey.more,ChlPcTGjdAh,6.7M,6700000,The A-Frame at Evergreen Cabins is incredible!😍 Would you stay here and use that slide out bed? - Link in our BIO to book this,https://www.instagram.com/reel/ChlPcTGjdAh/,https://www.instagram.com/popular/a-frame-modern-cabins/,r2_04
cabins,1,isaacfrench_,DcO6k0Yh7fl,166K,166000,This trick is called value engineering. It's one of the most important things to no if you were trying to build something truly beautiful but you are,https://www.instagram.com/reel/DcO6k0Yh7fl/,https://www.instagram.com/popular/cabins/,r2_04
cabins,2,rucalico_traful,DdNCWdvv2XE,1.7M,1700000,"Enviaselo sin decir nada 😌 🤍 🏔️Estás cabañas buscan un lujo silencioso en la mitad de la Patagonia, sin perder este aspecto de cabaña que tanto nos gu",https://www.instagram.com/reel/DdNCWdvv2XE/,https://www.instagram.com/popular/cabins/,r2_04
cabins,3,creeksidehideawaytn,Db6qpeOhAyp,754K,754000,You will never believe all the amenities this resort in Gatlinburg has 😱😍 Creekside Hideaway is a family owned and operated 15 acre property that's ju,https://www.instagram.com/reel/Db6qpeOhAyp/,https://www.instagram.com/popular/cabins/,r2_04
cabins,4,harvardbrookcabins,Ddet5wVpeRF,142K,142000,"No filters, no AI, just the real beauty of a stay at Harvard Brook Cabins. 🌲🤎 Enjoy a private sauna, the sound of the brook, and peaceful surroundings",https://www.instagram.com/reel/Ddet5wVpeRF/,https://www.instagram.com/popular/cabins/,r2_04
cabins,5,unplugged.rest,DdBq1Pkuktl,281K,281000,Going away doesn't mean having to leave your pup behind 🐶 Not only is dog care a hassle but it can be realllyyy expensive which is why almost all of o,https://www.instagram.com/reel/DdBq1Pkuktl/,https://www.instagram.com/popular/cabins/,r2_04
cabins,6,hikingwithmary,DdCGXhzCs9t,1.6M,1600000,"Which one would you choose?🙂‍↔️🌲 Comment ""link"" and I'll send you the collection of my favorite cabins in Washington (including all of these!)",https://www.instagram.com/reel/DdCGXhzCs9t/,https://www.instagram.com/popular/cabins/,r2_04
cabins,7,travelask.world,DdEgqHFozBe,2.7M,2700000,"🍁10 Dreamy Treehouse Stays Around the World 📍 Woodnest — Odda, Norway — modern treehouses hidden in a pine forest with beautiful fjord views.",https://www.instagram.com/reel/DdEgqHFozBe/,https://www.instagram.com/popular/cabins/,r2_04
cabins,8,vaigaprefab7,DdlAIVJOrve,362K,362000,"🔥 **5 LUXURY C-CABINS — ONLY ₹25 LAKH!** 🔥 Apne **Farmhouse, Resort ya Glamping Project** ko dijiye premium luxury look! 🏡✨ ✅ 5 Ready-to-Use Luxury C-",https://www.instagram.com/reel/DdlAIVJOrve/,https://www.instagram.com/popular/cabins/,r2_04
cabins,9,dunlaphollowcabins,DbBuW0qp8rE,752K,752000,Some cabins blend in… this one makes an entrance🤩🌲 🏷️ #hockinghills #ohio #cabininthewoods #cabin #cabinaddicted,https://www.instagram.com/reel/DbBuW0qp8rE/,https://www.instagram.com/popular/cabins/,r2_04
cabins,10,elenaajoyce,Dbv4ej8R6jl,889K,889000,"comment ""link"" for the link to my list of cozy cabins to book for this fall, including this one! 🥹🍂 #cozyweather #peacefulplaces #travelcreator #uniqu",https://www.instagram.com/reel/Dbv4ej8R6jl/,https://www.instagram.com/popular/cabins/,r2_04
cabins,11,isaacfrench_,DdMrGMePElG,270K,270000,"If you know who to work with, hiring an appraiser preemptively can be a baller move and getting the maximum leverage for a micro resort project. Janic",https://www.instagram.com/reel/DdMrGMePElG/,https://www.instagram.com/popular/cabins/,r2_04
cabins,12,tripuntraveled,DadJKiuzUIt,4.5M,4500000,‼️ Location below 👇🏻 🤍 Follow @tripuntraveled for more unique places and road trips around the world Some people dream of beaches and sunburns. I drea,https://www.instagram.com/reel/DadJKiuzUIt/,https://www.instagram.com/popular/cabins/,r2_04
chalet,1,naturooms,DdHV5y4sIs0,1M,1000000,"🌧️ Fuori piove, ci sono 16 gradi e improvvisamente tutti i programmi che avevi per la giornata possono aspettare Perché quando sei a @la_bottega_del_d",https://www.instagram.com/reel/DdHV5y4sIs0/,https://www.instagram.com/popular/chalet/,r2_04
chalet,2,uniqchalets,DdJPLxqMGaP,5M,5000000,the only thing I want to fold this winter is myself into a cosy blanket somewhere snowy with you 🌨️ send this to someone who'd choose a cosy chalet in,https://www.instagram.com/reel/DdJPLxqMGaP/,https://www.instagram.com/popular/chalet/,r2_04
chalet,3,chalet_lumdor,Da3PGS9qbs8,1.6M,1600000,How every day should end in our opinion⛰️🍃 Save this escape for your next vacation #chalet #slowlife #retreat #slowliving,https://www.instagram.com/reel/Da3PGS9qbs8/,https://www.instagram.com/popular/chalet/,r2_04
chalet,4,chalet_restaurant_vld,Dbnsja7Mtq2,214K,214000,"🎤 7 августа в 19:00 — вечер живой музыки, который нельзя пропустить! На сцене ресторана Chalet — Альберт Назранов и Марат Альборов. Вас ждут любимые х",https://www.instagram.com/reel/Dbnsja7Mtq2/,https://www.instagram.com/popular/chalet/,r2_04
chalet,5,alanood_villa,DaFxpIesxvU,2.5M,2500000,العنود بالليل والنهار بتجنن 🥹 #fyp#alanoodvilla#summervibes#chalet#summertime,https://www.instagram.com/reel/DaFxpIesxvU/,https://www.instagram.com/popular/chalet/,r2_04
chalet,6,uniqchalets,DdgNcKuM6Sn,451K,451000,"sorry, I'm busy doing absolutely nothing here 💭 I'm at a point in life where I want to see fewer people, not more.. give me a cosy chalet, a private s",https://www.instagram.com/reel/DdgNcKuM6Sn/,https://www.instagram.com/popular/chalet/,r2_04
chalet,7,terezija.simunovic,DdJe4zQMGMY,660K,660000,The person that sent this wants a cozy chalet in the mountains with you this winter ✨❄️ #cople #cozy #chalet #mountain #travelcouple,https://www.instagram.com/reel/DdJe4zQMGMY/,https://www.instagram.com/popular/chalet/,r2_04
chalet,8,vital_camp_gmbh,DdEHplasuRe,259K,259000,Unser wunderschönes Chalet Grönland auf dem Schaugelände Nord! Kommt uns gern besuchen wir freuen uns auf euch! www.vital-camp-living.de am Sophienhof,https://www.instagram.com/reel/DdEHplasuRe/,https://www.instagram.com/popular/chalet/,r2_04
chalet,9,spotlistfr,Daz_k89ODLi,1.1M,1100000,"Une piscine naturelle de 25 mètres dans les Alpes 🍃🇮🇹 Bienvenue à l'Hôtel Chalet Mirabell, une petite merveille située au cœur du Tyrol du Sud, près d",https://www.instagram.com/reel/Daz_k89ODLi/,https://www.instagram.com/popular/chalet/,r2_04
chalet,10,uniqchalets,Dc01pz-MJ9v,2.5M,2500000,"dreaming of a chalet winter 🌨️ fresh snow, skiing, soaking in the whirlpool for way too long, putting our phones away and ending the day cosied up tog",https://www.instagram.com/reel/Dc01pz-MJ9v/,https://www.instagram.com/popular/chalet/,r2_04
chalet,11,spotlistworldwide,DapO866Md-P,1.5M,1500000,"Dolomites together? ⛰️🤍🍃 Welcome to Chalet Mirabell, a hotel located in the heart of South Tyrol, near Merano, Italy. This wellness hotel offers a 6,0",https://www.instagram.com/reel/DapO866Md-P/,https://www.instagram.com/popular/chalet/,r2_04
chalet,12,food_by_aisha,Db-WdT9NCdp,562K,562000,"Tog'lar bag'rida sokinlik, nafis muhit va haqiqiy premium dam olish. 🏔️✨ August Resort - Xo'jakent tog'larining ajoyib panoramasi, toza havo va har bi",https://www.instagram.com/reel/Db-WdT9NCdp/,https://www.instagram.com/popular/chalet/,r2_04
luxury-real-estate-mansion-exterior,1,tuesday_leroux,DUqxZBfEmhR,3.9M,3900000,$41M Mansion with a Cinema! Thoughts? . @vipluxuryhomesuae @eddiecavella #mans,https://www.instagram.com/reel/DUqxZBfEmhR/,https://www.instagram.com/popular/luxury-real-estate-mansion-exterior/,r2_05
luxury-real-estate-mansion-exterior,2,nick.arace,DXzMTVtgQsL,338K,338000,"This $11M luxury mansion has a limestone staircase entry with mood lighting 📲Comment ""STAIRCASE""",https://www.instagram.com/reel/DXzMTVtgQsL/,https://www.instagram.com/popular/luxury-real-estate-mansion-exterior/,r2_05
luxury-real-estate-mansion-exterior,3,aiforarchitects,DRH0bWEDGpI,2M,2000000,"In the hills of Los Angeles, a mansion that rivals the night itself. Dark stone volumes, glass framed",https://www.instagram.com/reel/DRH0bWEDGpI/,https://www.instagram.com/popular/luxury-real-estate-mansion-exterior/,r2_05
luxury-real-estate-mansion-exterior,4,wayup_media,DLFVAhcsAhA,1.3M,1300000,"This home speaks for itself 😮‍💨 That entrance is unreal and out back, it only gets better. Pool,",https://www.instagram.com/reel/DLFVAhcsAhA/,https://www.instagram.com/popular/luxury-real-estate-mansion-exterior/,r2_05
luxury-real-estate-mansion-exterior,5,estudiolfarq,DJjx0IUOT8d,352K,352000,"Luxury House Design by @estudiolfarq São Paulo, Brasil 🇧🇷 . . #arquitetura #casasluxuosas",https://www.instagram.com/reel/DJjx0IUOT8d/,https://www.instagram.com/popular/luxury-real-estate-mansion-exterior/,r2_05
luxury-real-estate-mansion-exterior,6,toronto.luxury.houses,DO3BmytDgtO,20.2K,20200,"————————————————— 𝐃𝐌 𝐟𝐨𝐫 📸 𝐜𝐫𝐞𝐝𝐢𝐭 𝐨𝐫 𝐫𝐞𝐦𝐨𝐯𝐚𝐥, 𝐍𝐨 𝐜𝐨𝐩𝐲𝐫𝐢𝐠𝐡𝐭",https://www.instagram.com/reel/DO3BmytDgtO/,https://www.instagram.com/popular/luxury-real-estate-mansion-exterior/,r2_05
luxury-real-estate-mansion-exterior,7,lifetime_interior_design,DYCVuFPsjD6,18.7K,18700,"Timeless elegance in every detail. 🤍🌸@lifetime_interior_design Less noise, more clarity — that's real luxury.",https://www.instagram.com/reel/DYCVuFPsjD6/,https://www.instagram.com/popular/luxury-real-estate-mansion-exterior/,r2_05
luxury-real-estate-mansion-exterior,8,theluxuryhomeshow,DX9qPgcSaV5,150K,150000,"Inside a $19.5M mansion in Miami, Florida. Situated on 2 irreplaceable acres off Old Cutler Road, this",https://www.instagram.com/reel/DX9qPgcSaV5/,https://www.instagram.com/popular/luxury-real-estate-mansion-exterior/,r2_05
luxury-real-estate-mansion-exterior,9,casasforsale,CxJa9moyVXj,178K,178000,Picture returning to this sanctuary daily. Bringing this masterpiece to life 🎥 @wayup_media Architect: @martinisam,https://www.instagram.com/reel/CxJa9moyVXj/,https://www.instagram.com/popular/luxury-real-estate-mansion-exterior/,r2_05
luxury-real-estate-mansion-exterior,10,stylarc,DEZr68gOpD0,6M,6000000,We take your home to the 5th dimension. #getSTYLd • Take a walk through the most luxurious home,https://www.instagram.com/reel/DEZr68gOpD0/,https://www.instagram.com/popular/luxury-real-estate-mansion-exterior/,r2_05
luxury-real-estate-mansion-exterior,11,elanplacesandspaces,DZnDGKTIkkc,"2,427",2427,"FOR SALE: Ultra-Luxury Fully Furnished Miami-Style Mansion | Osapa London, Lekki, Lagos | ₦5 Billion Exp",https://www.instagram.com/reel/DZnDGKTIkkc/,https://www.instagram.com/popular/luxury-real-estate-mansion-exterior/,r2_05
luxury-real-estate-mansion-exterior,12,the_build_up_m2l,DSDQU7BEj9h,28.3K,28300,"From Dirt to a $20,000,000 Mega Mansion in 15 Seconds 😱🔥 Watch this empty land transform into a",https://www.instagram.com/reel/DSDQU7BEj9h/,https://www.instagram.com/popular/luxury-real-estate-mansion-exterior/,r2_05
jamesedition-luxury-homes,1,jameseditioncom,DMxxApeNELo,"8,383",8383,The JamesEdition App Has Landed. Discover the world's finest luxury properties at your fingertips.,https://www.instagram.com/reel/DMxxApeNELo/,https://www.instagram.com/popular/jamesedition-luxury-homes/,r2_05
jamesedition-luxury-homes,2,dreamnesthomes01,DcjH8GOScji,"8,400",8400,"🏰 Step Inside This Jaw-Dropping Luxury Mansion! Grand Gate, Stunning Boundary & Breathtaking 360° Views!",https://www.instagram.com/reel/DcjH8GOScji/,https://www.instagram.com/popular/jamesedition-luxury-homes/,r2_05
jamesedition-luxury-homes,3,wayup_media,DdG5HwoOmiA,166K,166000,Let's just stay in tonight 😌 Interior Design: @house_of_reem #luxuryrealestate #mansion,https://www.instagram.com/reel/DdG5HwoOmiA/,https://www.instagram.com/popular/jamesedition-luxury-homes/,r2_05
jamesedition-luxury-homes,4,hafezi.architects,DWgbv7zmqd5,138K,138000,"Comment ""DREAM"" if you want your future home designed like this. A private French-inspired estate designed for those who want more t",https://www.instagram.com/reel/DWgbv7zmqd5/,https://www.instagram.com/popular/jamesedition-luxury-homes/,r2_05
jamesedition-luxury-homes,5,aiforarchitects,DblRAjFsijT,267K,267000,"Some estates are built. This one was composed. 🤍🌿 Cream limestone, blue and white porcelain, endless hydrangeas, and light pourin",https://www.instagram.com/reel/DblRAjFsijT/,https://www.instagram.com/popular/jamesedition-luxury-homes/,r2_05
jamesedition-luxury-homes,6,jameseditioncom,CmKT2FMvofs,679K,679000,"What do you think of this house? ✈️ 7 Beds • 11 Baths • 1,400 sqm Price: €5,900,000 Location: Florida, USA Reference: 11915102",https://www.instagram.com/reel/CmKT2FMvofs/,https://www.instagram.com/popular/jamesedition-luxury-homes/,r2_05
jamesedition-luxury-homes,7,sapphireluxuryhomes,DY4klEfT3Ye,40.3K,40300,"Three incredible homes, three completely different luxury experiences. From private theaters and resort-style pools to dramatic architec",https://www.instagram.com/reel/DY4klEfT3Ye/,https://www.instagram.com/popular/jamesedition-luxury-homes/,r2_05
jamesedition-luxury-homes,8,ryanserhant,DZU_GwjO1sk,8.4M,8400000,He said this was just ONE of his houses?!,https://www.instagram.com/reel/DZU_GwjO1sk/,https://www.instagram.com/popular/jamesedition-luxury-homes/,r2_05
jamesedition-luxury-homes,9,newcozyhomedesign5,Dcvde7ojT8c,68.4K,68400,Grand elegance meets cozy luxury. #LuxuryHome #DreamHouse #ModernMansion #InteriorDesign #HomeInspiration,https://www.instagram.com/reel/Dcvde7ojT8c/,https://www.instagram.com/popular/jamesedition-luxury-homes/,r2_05
jamesedition-luxury-homes,10,jumbonwuka_official,DdIwbTmN5ov,"6,284",6284,A Popular Billionaire's Home Where Luxury Becomes Art… 🏛️✨💎💖 From the breathtaking exterior to an unforgettable private gallery,https://www.instagram.com/reel/DdIwbTmN5ov/,https://www.instagram.com/popular/jamesedition-luxury-homes/,r2_05
jamesedition-luxury-homes,11,aiforarchitects,DcRC92XMXh5,2.4M,2400000,"We kept the architecture heavy, the interiors dark, and the openings enormous. 🌲 Stone, smoked timber and deep tones frame the Tenness",https://www.instagram.com/reel/DcRC92XMXh5/,https://www.instagram.com/popular/jamesedition-luxury-homes/,r2_05
jamesedition-luxury-homes,12,thetrillionairelife,DQDmZqGEnVC,216K,216000,$55 Million worth of pure class 🏠🖤 Every inch of this mansion is designed in deep black tones — from the grand double staircase,https://www.instagram.com/reel/DQDmZqGEnVC/,https://www.instagram.com/popular/jamesedition-luxury-homes/,r2_05
houses-on-malibu-beach,1,tereknotderek,CsMUSqmNf8C,18.7K,18700,This is the perfect Malibu beach house! I would never leave this bedroom and bathroom 🌊,https://www.instagram.com/reel/CsMUSqmNf8C/,https://www.instagram.com/popular/houses-on-malibu-beach/,r2_05
houses-on-malibu-beach,2,glashaus.realestate,CzmTyCxPNlo,791K,791000,"$29,995,000 in malibu. this is paradise. listed by: @jademillsestates dre# 00526877",https://www.instagram.com/reel/CzmTyCxPNlo/,https://www.instagram.com/popular/houses-on-malibu-beach/,r2_05
houses-on-malibu-beach,3,niceplacela,DZLxxfRBcJ_,50K,50000,"Positioned directly along one of Malibu's most sought-after stretches of sand, this fully renovated beachfront residence",https://www.instagram.com/reel/DZLxxfRBcJ_/,https://www.instagram.com/popular/houses-on-malibu-beach/,r2_05
houses-on-malibu-beach,4,glashaus.realestate,DTBRF1fEi8h,140K,140000,"$42,900,000 in malibu",https://www.instagram.com/reel/DTBRF1fEi8h/,https://www.instagram.com/popular/houses-on-malibu-beach/,r2_05
houses-on-malibu-beach,5,royashabboui,DMqJ6J3pgih,22.2K,22200,"Broad Beach, Malibu Welcome to the ultimate luxury retreat in the heart of Broad Beach, Malibu.",https://www.instagram.com/reel/DMqJ6J3pgih/,https://www.instagram.com/popular/houses-on-malibu-beach/,r2_05
houses-on-malibu-beach,6,wander,CwnTs6CrQHr,31.1K,31100,Let the waves be your playlist 🌊 Get a glimpse of paradise at Wander Malibu Beach 🌅. Book your next trip on wander.com.,https://www.instagram.com/reel/CwnTs6CrQHr/,https://www.instagram.com/popular/houses-on-malibu-beach/,r2_05
houses-on-malibu-beach,7,glashaus.realestate,Cyl3Py1v64k,1.5M,1500000,"this view is about as good as it gets… $10,450,000 in malibu. listed by: @robertehowellgroup @hoshsellshomes",https://www.instagram.com/reel/Cyl3Py1v64k/,https://www.instagram.com/popular/houses-on-malibu-beach/,r2_05
houses-on-malibu-beach,8,kochteam,DTlcBnbD-zq,20.4K,20400,An ultra-luxury oceanfront compound on over an acre in Palm Beach's most coveted estate enclave.,https://www.instagram.com/reel/DTlcBnbD-zq/,https://www.instagram.com/popular/houses-on-malibu-beach/,r2_05
houses-on-malibu-beach,9,cvmlux,DNMGvfoSDXg,96.1K,96100,$20Million views in Malibu 😍 5819 Filaree Heights - listed by @SharonVLevi @Sally.Forster.Jones,https://www.instagram.com/reel/DNMGvfoSDXg/,https://www.instagram.com/popular/houses-on-malibu-beach/,r2_05
houses-on-malibu-beach,10,circleconcierge,DHeXGwby2AM,"8,611",8611,For rent in Miami Beach: Villa Blanca 7 Bedrooms 7.5 Bathrooms. Luxury Villa Rental in Miami – Hibiscus Island,https://www.instagram.com/reel/DHeXGwby2AM/,https://www.instagram.com/popular/houses-on-malibu-beach/,r2_05
houses-on-malibu-beach,11,leisureofnyc,CxbUBd8Sm8o,16K,16000,malibu sunset 😍,https://www.instagram.com/reel/CxbUBd8Sm8o/,https://www.instagram.com/popular/houses-on-malibu-beach/,r2_05
houses-on-malibu-beach,12,badboyfoodz,CaugCuuAghb,"1,118",1118,Nobu Malibu beach California 🏝 #malibu #malibubeach #california #cali #beachvibes #sunshine #blueskies,https://www.instagram.com/reel/CaugCuuAghb/,https://www.instagram.com/popular/houses-on-malibu-beach/,r2_05
bali-luxury-villas-with-private-pools,1,thebaliexpert,DQ1Yi8XkWn6,167K,167000,Your Bali villa dream come true🔥🌴😍 @baliexpertvillas Gather your crew just like @vywherenext,https://www.instagram.com/reel/DQ1Yi8XkWn6/,https://www.instagram.com/popular/bali-luxury-villas-with-private-pools/,r2_05
bali-luxury-villas-with-private-pools,2,sunt_mrr,DNS1_gYMh2a,24.5M,24500000,Luxury Ubud infinity villa . . . . . . . . . . . . . #midjourney #mariadudkina #luxuryinteriors #villa #bali #houses,https://www.instagram.com/reel/DNS1_gYMh2a/,https://www.instagram.com/popular/bali-luxury-villas-with-private-pools/,r2_05
bali-luxury-villas-with-private-pools,3,vywherenext,DKIL6JPNlOg,657K,657000,"🤩🔥New Bali Villa goals!! 📍Shanaya Villa, Umalas (near Seminyak) This villa is like straight out of Pinterest!",https://www.instagram.com/reel/DKIL6JPNlOg/,https://www.instagram.com/popular/bali-luxury-villas-with-private-pools/,r2_05
bali-luxury-villas-with-private-pools,4,iwouldstaythere,DTwWF32Ew6n,53.2K,53200,"Waking up to this view at an infinity villa in Bali feels unreal 🌿 Quiet mornings, jungle views, and pure peace.",https://www.instagram.com/reel/DTwWF32Ew6n/,https://www.instagram.com/popular/bali-luxury-villas-with-private-pools/,r2_05
bali-luxury-villas-with-private-pools,5,sunt_mrr,DXUt-pOM8ZE,1.7M,1700000,Dream circle villa in Bali🌱✨ Design: @sunt_mrr,https://www.instagram.com/reel/DXUt-pOM8ZE/,https://www.instagram.com/popular/bali-luxury-villas-with-private-pools/,r2_05
bali-luxury-villas-with-private-pools,6,thehouserealty,DT_lL6Ik_yl,95.9K,95900,"One of Bali's most unique Villas 🇮🇩🔑 Price: 167$ per night💰 Redefining Modern & Tropical architecture, this is a one",https://www.instagram.com/reel/DT_lL6Ik_yl/,https://www.instagram.com/popular/bali-luxury-villas-with-private-pools/,r2_05
bali-luxury-villas-with-private-pools,7,thehouserealty,DWbYY55k3v4,2.9M,2900000,"This is What $189,000 gets you in Bali 🇮🇩🏡 A stylish tropical villa located in a peaceful pocket of Pererenan, combin",https://www.instagram.com/reel/DWbYY55k3v4/,https://www.instagram.com/popular/bali-luxury-villas-with-private-pools/,r2_05
bali-luxury-villas-with-private-pools,8,standbywithadrie,DKu5FCwJy3P,95.2K,95200,This villa sleeps 4 people and cost $400 per person for a week private pool included 😍🌴 🌊 Comment Bali below ⬇️,https://www.instagram.com/reel/DKu5FCwJy3P/,https://www.instagram.com/popular/bali-luxury-villas-with-private-pools/,r2_05
bali-luxury-villas-with-private-pools,9,creativ_storiess,DXW8mQ4jP7S,1.2M,1200000,Our Best Stay in Bali🌴🌊 📍 for location check Highlight and Bio,https://www.instagram.com/reel/DXW8mQ4jP7S/,https://www.instagram.com/popular/bali-luxury-villas-with-private-pools/,r2_05
bali-luxury-villas-with-private-pools,10,villamilanabali,C7vNXwOvPnI,247K,247000,"Would you add this villa to your Bali Bucket-list? With its Tropical and mediterranean vibes, this villa has the best of",https://www.instagram.com/reel/C7vNXwOvPnI/,https://www.instagram.com/popular/bali-luxury-villas-with-private-pools/,r2_05
bali-luxury-villas-with-private-pools,11,anaya.escapes,DNe9L9cR7W-,24.8K,24800,"✨🌴 Love, luxury & infinity views in Bali! 💕🏝️ Celebrate your forever with the best infinity pool villa in Bali, designed",https://www.instagram.com/reel/DNe9L9cR7W-/,https://www.instagram.com/popular/bali-luxury-villas-with-private-pools/,r2_05
bali-luxury-villas-with-private-pools,12,jonaways,DXPCR1cE_iL,16.6M,16600000,Bali feels like a dream every time 😍 Send this to your favorite travel person 🌴 Places like @ulamanbali make it even more,https://www.instagram.com/reel/DXPCR1cE_iL/,https://www.instagram.com/popular/bali-luxury-villas-with-private-pools/,r2_05
bali-infinity-pool-villas,1,anaya.escapes,DNe9L9cR7W-,24.8K,24800,"✨🌴 Love, luxury & infinity views in Bali! 💕🏝️ Celebrate your forever with the best infinity pool villa in Bali, designed exclusively for honeymooners.",https://www.instagram.com/reel/DNe9L9cR7W-/,https://www.instagram.com/popular/bali-infinity-pool-villas/,r2_05
bali-infinity-pool-villas,2,alexandradts,DIghQT7iZtR,23.1K,23100,Paradise found in Bali ! . . . #bali #balidaily #baliisland #balilife #balitravel #indonesia #baliindonesia #balitrip #hotel #hotels #beautifulhotels,https://www.instagram.com/reel/DIghQT7iZtR/,https://www.instagram.com/popular/bali-infinity-pool-villas/,r2_05
bali-infinity-pool-villas,3,balidroomvillas,DJnfJsWPbAI,1.5M,1500000,Contact by WhatsApp : +62 812-3950-878 #eastbali #BaliVilla #BaliVillaForRent #VillaForRent #BaliVacation #BaliHoliday #BaliLiving #BaliLife #BaliStay,https://www.instagram.com/reel/DJnfJsWPbAI/,https://www.instagram.com/popular/bali-infinity-pool-villas/,r2_05
bali-infinity-pool-villas,4,villamurah_diubud,DZ_-tHvyjvG,21.9K,21900,✨ Luxury Monthly Villa Rental Enjoy the comfort of a 1-bedroom private pool villa featuring a cozy and elegant living area—perfect for a relaxing mont,https://www.instagram.com/reel/DZ_-tHvyjvG/,https://www.instagram.com/popular/bali-infinity-pool-villas/,r2_05
bali-infinity-pool-villas,5,traveltbz,C-2juhzo1f0,246K,246000,"In the tranquil embrace of Ubud.🙏🌿 Nestled in the heart of Bali's lush jungles, Aksari offers a sanctuary where you can reconnect with nature, with pr",https://www.instagram.com/reel/C-2juhzo1f0/,https://www.instagram.com/popular/bali-infinity-pool-villas/,r2_05
bali-infinity-pool-villas,6,thebaliexpert,DQ1Yi8XkWn6,167K,167000,Your Bali villa dream come true🔥🌴😍 @baliexpertvillas Gather your crew just like @vywherenext did and wake up to rice fields and sunrise views. This lu,https://www.instagram.com/reel/DQ1Yi8XkWn6/,https://www.instagram.com/popular/bali-infinity-pool-villas/,r2_05
bali-infinity-pool-villas,7,sunt_mrr,DXUt-pOM8ZE,1.7M,1700000,Dream circle villa in Bali🌱✨ Design: @sunt_mrr,https://www.instagram.com/reel/DXUt-pOM8ZE/,https://www.instagram.com/popular/bali-infinity-pool-villas/,r2_05
bali-infinity-pool-villas,8,bvlgariresortbali,DIONlbwyOhy,24.9K,24900,"Every detail is thoughtfully placed. From cabanas to sunbeds, the infinity pool reflects the Italian art of living, where impeccable service meets a s",https://www.instagram.com/reel/DIONlbwyOhy/,https://www.instagram.com/popular/bali-infinity-pool-villas/,r2_05
bali-infinity-pool-villas,9,chaletworldwide,DGqDhgioTHf,33.6K,33600,"📍Indonesia🇮🇩, Bali Villa Lestari features a balcony with an outdoor bathtub to relax while admiring the volcano. Enjoy the waterside in your private p",https://www.instagram.com/reel/DGqDhgioTHf/,https://www.instagram.com/popular/bali-infinity-pool-villas/,r2_05
bali-infinity-pool-villas,10,tropicallifemagazine,DYmgpjFyXtA,53.7K,53700,"Bali cliffside villas with private pools just hit different ✨ Radisson Blu Resort & Villas, Bali Uluwatu unveils exclusive cliffside villas overlookin",https://www.instagram.com/reel/DYmgpjFyXtA/,https://www.instagram.com/popular/bali-infinity-pool-villas/,r2_05
bali-infinity-pool-villas,11,ubud.property,DXoSTd0kSCs,22.2K,22200,"This leasehold villa is more than a home—it's a lifestyle investment in the heart of Bali. Wake up to the sounds of nature, take a dip in your private",https://www.instagram.com/reel/DXoSTd0kSCs/,https://www.instagram.com/popular/bali-infinity-pool-villas/,r2_05
bali-infinity-pool-villas,12,d.signers,CnYvCpzhbKF,887K,887000,How amazing is this infinity pool view😍 🌃 Share this with someone that would love this 👇 📍 #indonesia #bali 🎥 by @heyitsjodee _____ Join us at @d.sign,https://www.instagram.com/reel/CnYvCpzhbKF/,https://www.instagram.com/popular/bali-infinity-pool-villas/,r2_05
dubai-luxury-penthouse,1,nestseekersdubai,DHJAUoCJAve,72.3K,72300,"Luxury Apartment for sale in one of Dubai's most prestigious communities, reach out to us for",https://www.instagram.com/reel/DHJAUoCJAve/,https://www.instagram.com/popular/dubai-luxury-penthouse/,r2_05
dubai-luxury-penthouse,2,tiatinn_,CuHTr3rJ5pJ,1.4M,1400000,A dream 🤍 Guess the tower . . . . #dubai #dubairealestate #dubailife #luxuryinteriors #realestate,https://www.instagram.com/reel/CuHTr3rJ5pJ/,https://www.instagram.com/popular/dubai-luxury-penthouse/,r2_05
dubai-luxury-penthouse,3,tiatinn_,Cx2RDX8IBs7,30.7K,30700,Penthouse of your dreams ✨ for sale btw 😉 . . . . . . #dubai #dubairealestate #dubailife,https://www.instagram.com/reel/Cx2RDX8IBs7/,https://www.instagram.com/popular/dubai-luxury-penthouse/,r2_05
dubai-luxury-penthouse,4,shotbybrendan_,DSb2auoiNDg,274K,274000,"Most expensive residential deal in UAE history. A single penthouse here sold for $150 million (₹1,349 crores)",https://www.instagram.com/reel/DSb2auoiNDg/,https://www.instagram.com/popular/dubai-luxury-penthouse/,r2_05
dubai-luxury-penthouse,5,shyamsavani.dxb,DJ9sjbFhgvQ,"7,063",7063,I can't wait to show you all the best Penthouse in Downtown Dubai…,https://www.instagram.com/reel/DJ9sjbFhgvQ/,https://www.instagram.com/popular/dubai-luxury-penthouse/,r2_05
dubai-luxury-penthouse,6,barnesrealty,DSQJLXYikmU,595K,595000,#FORSALE – Atlantis The Royal Residences – Ultra-Rare Duplex Penthouse – Panoramic Views – Dubai For more,https://www.instagram.com/reel/DSQJLXYikmU/,https://www.instagram.com/popular/dubai-luxury-penthouse/,r2_05
dubai-luxury-penthouse,7,tiatinn_,Cx8Qbr5pvX3,1.4M,1400000,"Guess the tower 😍 Penthouse for sale, Dm me ✨ . . . . . #dubai #dubairealestate #dubailife #luxuryinteriors",https://www.instagram.com/reel/Cx8Qbr5pvX3/,https://www.instagram.com/popular/dubai-luxury-penthouse/,r2_05
dubai-luxury-penthouse,8,engelvoelkersdubai,DRJ5VH6kjQD,"3,365",3365,"A full-floor penthouse in Downtown Dubai, with front-row Burj Khalifa and Fountain views. ✨ This ultra-spacious",https://www.instagram.com/reel/DRJ5VH6kjQD/,https://www.instagram.com/popular/dubai-luxury-penthouse/,r2_05
dubai-luxury-penthouse,9,kamolonthepalm,DUdCwPQimyZ,22.9K,22900,A triplex penthouse that doesn't just sit above the city — it owns the view. From the living spaces overlooking,https://www.instagram.com/reel/DUdCwPQimyZ/,https://www.instagram.com/popular/dubai-luxury-penthouse/,r2_05
dubai-luxury-penthouse,10,zachariemaille_,DSQHX8giKwH,266K,266000,#FORSALE – Atlantis The Royal Residences – Ultra-Rare Duplex Penthouse – Exclusive Listing – Dubai For more,https://www.instagram.com/reel/DSQHX8giKwH/,https://www.instagram.com/popular/dubai-luxury-penthouse/,r2_05
dubai-luxury-penthouse,11,tbryanbay,DDAIJo-ORVo,1.3M,1300000,"📍One of the most expensive suites in Dubai ⚜️ Growing and Scaling Business through IG, +100M 🌐 Views & finally",https://www.instagram.com/reel/DDAIJo-ORVo/,https://www.instagram.com/popular/dubai-luxury-penthouse/,r2_05
dubai-luxury-penthouse,12,dubai_luxury_club,CWDwzv5gSq1,384K,384000,What's your favorite Dubai view? . . Dubai is everyone's Home 🤗 #dubai #dubaimarina #palmjumeirah,https://www.instagram.com/reel/CWDwzv5gSq1/,https://www.instagram.com/popular/dubai-luxury-penthouse/,r2_05
dubai-luxury-interior-design-trends,1,dubai_fast_renovation,DDfksM7NvXO,1.2M,1200000,#dubaifastrenovation #decoredubai #carpentery #interiorwork #dubai #luxurybedrooms,https://www.instagram.com/reel/DDfksM7NvXO/,https://www.instagram.com/popular/dubai-luxury-interior-design-trends/,r2_05
dubai-luxury-interior-design-trends,2,georgios_tataridis,DT0BHW6Ct9o,761K,761000,Project in Dubai. What's your opinion? Contemporary design style with luxurious touches.,https://www.instagram.com/reel/DT0BHW6Ct9o/,https://www.instagram.com/popular/dubai-luxury-interior-design-trends/,r2_05
dubai-luxury-interior-design-trends,3,eliemoussa_creative_design,DV9F-aVAMje,226K,226000,Designed for connection and comfort.… #instagram #lounge #interiordesign #design #dubai🇦🇪,https://www.instagram.com/reel/DV9F-aVAMje/,https://www.instagram.com/popular/dubai-luxury-interior-design-trends/,r2_05
dubai-luxury-interior-design-trends,4,nkey.architects,DICIJvXodZ5,41.4K,41400,"An 1080 m² interior design project in Dubai exemplifies luxury and sophistication, blending modern aesth",https://www.instagram.com/reel/DICIJvXodZ5/,https://www.instagram.com/popular/dubai-luxury-interior-design-trends/,r2_05
dubai-luxury-interior-design-trends,5,2pdesigners,DVMlogokVX5,91.7K,91700,"A dream home is more than a vision, it's a feeling. It's where elegance meets comfort, and every detai",https://www.instagram.com/reel/DVMlogokVX5/,https://www.instagram.com/popular/dubai-luxury-interior-design-trends/,r2_05
dubai-luxury-interior-design-trends,6,luxurydreamhub,DVPdh3uk0XC,2M,2000000,Living in a world of blue hues and boundless luxury. ✨💎 Where high-tech design meets high-end comfort,https://www.instagram.com/reel/DVPdh3uk0XC/,https://www.instagram.com/popular/dubai-luxury-interior-design-trends/,r2_05
dubai-luxury-interior-design-trends,7,eleinterior,DL4eMcWSd2S,1.9M,1900000,Luxury interiors. Perfectly personal. Our designs fuse heritage with sophistication — a seamless balanc,https://www.instagram.com/reel/DL4eMcWSd2S/,https://www.instagram.com/popular/dubai-luxury-interior-design-trends/,r2_05
dubai-luxury-interior-design-trends,8,arjen.richmond,DYPopSSolJU,330K,330000,Dubai is designed for the future • AI integration • Smart infrastructure • Global tourism • Luxury lif,https://www.instagram.com/reel/DYPopSSolJU/,https://www.instagram.com/popular/dubai-luxury-interior-design-trends/,r2_05
dubai-luxury-interior-design-trends,9,abbou._design,DZGFwySIb1l,116K,116000,حين تتحدث الفخامة بلغة الجمال.. تصميم استثنائي في قلب الجميرا دبي. دمجنا بين اتساع المساحة وإشراقة,https://www.instagram.com/reel/DZGFwySIb1l/,https://www.instagram.com/popular/dubai-luxury-interior-design-trends/,r2_05
dubai-luxury-interior-design-trends,10,vrishtidesigns,DY9CLYOx-rq,2.2M,2200000,"Golden lighting, grand details, and luxury that speaks for itself ✨🤎 #vrishtidesigns #luxuryinteriors",https://www.instagram.com/reel/DY9CLYOx-rq/,https://www.instagram.com/popular/dubai-luxury-interior-design-trends/,r2_05
dubai-luxury-interior-design-trends,11,janarestates,DTv8qZWk-I3,490K,490000,Imagine this is your next home! Contact me for Real Estate in Dubai. BUY | RENT | SELL | INVEST DUBAI,https://www.instagram.com/reel/DTv8qZWk-I3/,https://www.instagram.com/popular/dubai-luxury-interior-design-trends/,r2_05
dubai-luxury-interior-design-trends,12,sawsanhaber,DZAtAAjqcCy,38K,38000,"Our latest completed apartment in Downtown Dubai. A celebration of understated luxury, where beauty is",https://www.instagram.com/reel/DZAtAAjqcCy/,https://www.instagram.com/popular/dubai-luxury-interior-design-trends/,r2_05
luxury-homes-on-the-amalfi-coast,1,bellavita.italia,CViifN9lJHD,35.7K,35700,Lemon trees on the Amalfi Coast 😍😍🍋🍋 Tag who you'd go with!!!,https://www.instagram.com/reel/CViifN9lJHD/,https://www.instagram.com/popular/luxury-homes-on-the-amalfi-coast/,r2_05
luxury-homes-on-the-amalfi-coast,2,jetset_anna,DFw2Q9XoCYQ,2.2M,2200000,🇮🇹4-Day Amalfi Coast Itinerary: A Perfect Italian Getaway ⬇️ 📍SAVE this post for when you are,https://www.instagram.com/reel/DFw2Q9XoCYQ/,https://www.instagram.com/popular/luxury-homes-on-the-amalfi-coast/,r2_05
luxury-homes-on-the-amalfi-coast,3,ai.perfect.world,DXwvzjis3dd,13.6K,13600,"Amalfi Sunset Residence by @ai.perfect.world A sculptural coastal estate overlooking the Mediterranean, where fluid archit",https://www.instagram.com/reel/DXwvzjis3dd/,https://www.instagram.com/popular/luxury-homes-on-the-amalfi-coast/,r2_05
luxury-homes-on-the-amalfi-coast,4,nest.italy,DIGawpBMNcs,39.5K,39500,Nestled in Amalfi Coast 🌿 #ilrumoredelmare 🌊 To book this villa @nest.italy reservations@nesti,https://www.instagram.com/reel/DIGawpBMNcs/,https://www.instagram.com/popular/luxury-homes-on-the-amalfi-coast/,r2_05
luxury-homes-on-the-amalfi-coast,5,estateluxshoot,C9Bb-f6vYXs,232K,232000,💲16.000.000 Malibu home 🏡 would you live here? . . . #luxuryrealestate #malibuhomes #malibu,https://www.instagram.com/reel/C9Bb-f6vYXs/,https://www.instagram.com/popular/luxury-homes-on-the-amalfi-coast/,r2_05
luxury-homes-on-the-amalfi-coast,6,studiogreyinteriordesign,DCMxqGzyTnQ,"9,124",9124,Inspired by the striped beach umbrellas on the Amalfi Coast ; this awning was custom fabricated in,https://www.instagram.com/reel/DCMxqGzyTnQ/,https://www.instagram.com/popular/luxury-homes-on-the-amalfi-coast/,r2_05
luxury-homes-on-the-amalfi-coast,7,beautifuldestinations,CwiGO2pqT6I,5.3M,5300000,@gmarcod91 and @giorgioteti are foreshadowing what your trip to the Amalfi Coast will look like!,https://www.instagram.com/reel/CwiGO2pqT6I/,https://www.instagram.com/popular/luxury-homes-on-the-amalfi-coast/,r2_05
luxury-homes-on-the-amalfi-coast,8,takemyhearteverywhere,DVHC_-cDC3T,3.6M,3600000,Breakfast with a view on the Amalfi Coast ☕️🥐🇮🇹 📍Anantara Convento di Amalfi #breakfast,https://www.instagram.com/reel/DVHC_-cDC3T/,https://www.instagram.com/popular/luxury-homes-on-the-amalfi-coast/,r2_05
luxury-homes-on-the-amalfi-coast,9,flyzie_com,COfOMj2nedI,NA,,"What an amazing place that is 🏖️❤️ Location: Amalfi Coast, 84011 Amalfi, Province of Salerno, Italy",https://www.instagram.com/reel/COfOMj2nedI/,https://www.instagram.com/popular/luxury-homes-on-the-amalfi-coast/,r2_05
luxury-homes-on-the-amalfi-coast,10,official.lvh,CgfLzrVKXSa,627,627,Italy's Amalfi Coast is nuzzled between the towns of Amalfi and Positano. Praiano – a lovely town,https://www.instagram.com/reel/CgfLzrVKXSa/,https://www.instagram.com/popular/luxury-homes-on-the-amalfi-coast/,r2_05
luxury-homes-on-the-amalfi-coast,11,whatif.real,DJJ0Py7tCT0,3.9M,3900000,If you are not booking a trip to Amalfi this summer are you even enjoying your summer? 😅😮‍💨🍷,https://www.instagram.com/reel/DJJ0Py7tCT0/,https://www.instagram.com/popular/luxury-homes-on-the-amalfi-coast/,r2_05
luxury-homes-on-the-amalfi-coast,12,trillionaireestates,Ctb2ahcM73s,51.7K,51700,The Almafi Coast 🇮🇹 Tag someone you'd go here with! ➖➖➖➖➖➖➖➖➖➖➖➖➖➖ *Follow us* @trillio,https://www.instagram.com/reel/Ctb2ahcM73s/,https://www.instagram.com/popular/luxury-homes-on-the-amalfi-coast/,r2_05
como-lake-villas,1,travelask.world,DbD7dl9IYmf,486K,486000,🏰The most beautiful historic villas on Lake Como where you can stay 📍 Villa d'Este — a legend,https://www.instagram.com/reel/DbD7dl9IYmf/,https://www.instagram.com/popular/como-lake-villas/,r2_05
como-lake-villas,2,lakecomo_boat,DJyM7Akq1RY,12.4M,12400000,"LAKE COMO ✨🇮🇹 🎻 ""Lunch on the lake"" 4 hrs private Cruise PRIVATE CRUISE – from Varenna and Bel",https://www.instagram.com/reel/DJyM7Akq1RY/,https://www.instagram.com/popular/como-lake-villas/,r2_05
como-lake-villas,3,velartyestates,DP1nHTajfMc,194K,194000,"Soon you'll be able to book villas like this with us, stay tuned…🗝️ #italy #lakecomo #luxuryh",https://www.instagram.com/reel/DP1nHTajfMc/,https://www.instagram.com/popular/como-lake-villas/,r2_05
como-lake-villas,4,experience.trip,CEXAFkrB68X,NA,,"📍Villa La Casinella, Lake Como, Italy . . . Hello my friends🤩 Villa La Casinella One of the",https://www.instagram.com/reel/CEXAFkrB68X/,https://www.instagram.com/popular/como-lake-villas/,r2_05
como-lake-villas,5,edvardtravels97,DS-T4HFCM30,17.3K,17300,5 Most Beautiful Villas in Lake Como ✨🇮🇹❣️#lakecomo #italia #visititaly #travel #comolake,https://www.instagram.com/reel/DS-T4HFCM30/,https://www.instagram.com/popular/como-lake-villas/,r2_05
como-lake-villas,6,alexandratravellover,DNsgRCmUIAX,36.1K,36100,"Villa d'Este: one of the most beautiful villas in Lake Como 🇮🇹 @villadestelakecomo Located in Cernobbio,",https://www.instagram.com/reel/DNsgRCmUIAX/,https://www.instagram.com/popular/como-lake-villas/,r2_05
como-lake-villas,7,blonde.travel,DX7I9CNt2c0,509K,509000,"Save these 6 must-visit villas on Lake Como🌳🍃 ⠀ • Villa Monastero, Varenna - daily, 9:30am -",https://www.instagram.com/reel/DX7I9CNt2c0/,https://www.instagram.com/popular/como-lake-villas/,r2_05
como-lake-villas,8,brigrc,DKkajokNjdD,17.6K,17600,Villa La Cassinella 🇮🇹 #LakeComo Who would love to stay here ??? . #Italy #LagodiComo #Italia,https://www.instagram.com/reel/DKkajokNjdD/,https://www.instagram.com/popular/como-lake-villas/,r2_05
como-lake-villas,9,the_wedding_valley,C0CFQt1IYw2,"2,261",2261,One of our favourite villas at the lake Como 🤍 Amazing @villa_balbiano Can't wait to capture a,https://www.instagram.com/reel/C0CFQt1IYw2/,https://www.instagram.com/popular/como-lake-villas/,r2_05
como-lake-villas,10,aman.shai.xox,CydmzD5LPHX,40.5K,40500,The most famous villa in Lake Como! We bought tickets to be the first people in and this was the li,https://www.instagram.com/reel/CydmzD5LPHX/,https://www.instagram.com/popular/como-lake-villas/,r2_05
como-lake-villas,11,comosegreta,DaJEHR_IkLN,25.1K,25100,"The secret hidden villas of Lake Como (no, this is not AI!). New here? Follow @comosegreta for more",https://www.instagram.com/reel/DaJEHR_IkLN/,https://www.instagram.com/popular/como-lake-villas/,r2_05
como-lake-villas,12,voyage.elo,C7yhsBbsH2u,10K,10000,"Villa Balbianello, Lac de Côme 🇮🇹💚 Des jardins magnifiques, un cadre enchanteur : bienvenue à la Villa",https://www.instagram.com/reel/C7yhsBbsH2u/,https://www.instagram.com/popular/como-lake-villas/,r2_05
ibiza-luxury-villas-sea-view,1,visitibz,DVnp6N-DJuY,136K,136000,Imagine waking up in IBZ to a view like this! Make your dreams come true this season,https://www.instagram.com/reel/DVnp6N-DJuY/,https://www.instagram.com/popular/ibiza-luxury-villas-sea-view/,r2_05
ibiza-luxury-villas-sea-view,2,vacations,C8a9pZeounc,655K,655000,Summertime in Ibiza ☀️🌊🇪🇸 TAG someone you'd visit Formentera island with!,https://www.instagram.com/reel/C8a9pZeounc/,https://www.instagram.com/popular/ibiza-luxury-villas-sea-view/,r2_05
ibiza-luxury-villas-sea-view,3,creed.experiences,DXxBIMuowzz,"9,205",9205,"Enjoy the most exclusive villas in Ibiza, with views that will take your breath away",https://www.instagram.com/reel/DXxBIMuowzz/,https://www.instagram.com/popular/ibiza-luxury-villas-sea-view/,r2_05
ibiza-luxury-villas-sea-view,4,classyibiza,DXeOoHLCC5x,60.2K,60200,"This stunning villa is available for rent in Ibiza, located in the exclusive gated",https://www.instagram.com/reel/DXeOoHLCC5x/,https://www.instagram.com/popular/ibiza-luxury-villas-sea-view/,r2_05
ibiza-luxury-villas-sea-view,5,butnomatter.theroadislife,DNn7CW7M79M,1.2M,1200000,"Bonito Ibiza is a newly opened hotel in Sant Antoni, offering stunning views of the",https://www.instagram.com/reel/DNn7CW7M79M/,https://www.instagram.com/popular/ibiza-luxury-villas-sea-view/,r2_05
ibiza-luxury-villas-sea-view,6,aureliestory,C6osPqCt3u1,3.7M,3700000,follow @aureliestory for more travel inspo & tips 🫶 My all time favorite hotel in,https://www.instagram.com/reel/C6osPqCt3u1/,https://www.instagram.com/popular/ibiza-luxury-villas-sea-view/,r2_05
ibiza-luxury-villas-sea-view,7,fincadelicaibiza,C8jn8dLtnJh,152K,152000,"Xarraca, Ibiza - Sea Access Estate: Feel the essence of barefoot luxury and tranquil",https://www.instagram.com/reel/C8jn8dLtnJh/,https://www.instagram.com/popular/ibiza-luxury-villas-sea-view/,r2_05
ibiza-luxury-villas-sea-view,8,theibizakeyconcierge,DUaxor0DB5h,"1,358",1358,"Do Ibiza the right way… This summer, the island's most exceptional villas are",https://www.instagram.com/reel/DUaxor0DB5h/,https://www.instagram.com/popular/ibiza-luxury-villas-sea-view/,r2_05
ibiza-luxury-villas-sea-view,9,prestigepropertiesibiza,DL9cZpFtK7S,"8,794",8794,A view worth waking up for 🤩 This elegant five bedroom villa in Es Cubells combines,https://www.instagram.com/reel/DL9cZpFtK7S/,https://www.instagram.com/popular/ibiza-luxury-villas-sea-view/,r2_05
ibiza-luxury-villas-sea-view,10,barnesmiami,DN3YDiNXFFv,"2,500",2500,Listed by BARNES in partnership with DOMUS NOVA 🇪🇸 Set high above Cala Xarraca,https://www.instagram.com/reel/DN3YDiNXFFv/,https://www.instagram.com/popular/ibiza-luxury-villas-sea-view/,r2_05
ibiza-luxury-villas-sea-view,11,ibiza.one,DHTY3KuTVXo,12.4K,12400,🌐 https://www.ibiza-one.com/en/houses/authentischste-luxusvilla-im-mediterranen-st,https://www.instagram.com/reel/DHTY3KuTVXo/,https://www.instagram.com/popular/ibiza-luxury-villas-sea-view/,r2_05
ibiza-luxury-villas-sea-view,12,theibizaprivatechef,DaKR576sxLT,"5,625",5625,Where luxury meets gastronomy… unforgettable moments are created. ✨🍽️ A,https://www.instagram.com/reel/DaKR576sxLT/,https://www.instagram.com/popular/ibiza-luxury-villas-sea-view/,r2_05
faroe-islands-luxury-villas,1,sunt_mrr,DPT0PbTEwtD,4.7M,4700000,Dream underwater villa . . . . . . . . . . . . . . #midjourney #mariadudkina #luxuryinteriors #villa #maldives #houses #ai,https://www.instagram.com/reel/DPT0PbTEwtD/,https://www.instagram.com/popular/faroe-islands-luxury-villas/,r2_05
faroe-islands-luxury-villas,2,timelessdiaries,Db52_4HxXQE,60.7M,60700000,"Suddenly, living in the middle of nowhere sounds perfect 🤍🍀 A tiny house, a grass roof, mountains, ocean, and absolutely nowhere to be. 📍Faroe Islands",https://www.instagram.com/reel/Db52_4HxXQE/,https://www.instagram.com/popular/faroe-islands-luxury-villas/,r2_05
faroe-islands-luxury-villas,3,buildsinblack,DZuLTxGoQAV,36.5K,36500,"Series 002 — Black Villas in Wild Places, Episode 01: a black cliffside villa imagined on the Faroe Islands, facing the ocean, fog, and stormy norther",https://www.instagram.com/reel/DZuLTxGoQAV/,https://www.instagram.com/popular/faroe-islands-luxury-villas/,r2_05
faroe-islands-luxury-villas,4,designboom,DMdzxzsup8T,103K,103000,"@giftllee shares a fairytale view of bøur, a small village in the faroe islands with a population of just seventy-five people. #designboom #architectu",https://www.instagram.com/reel/DMdzxzsup8T/,https://www.instagram.com/popular/faroe-islands-luxury-villas/,r2_05
faroe-islands-luxury-villas,5,luxquisit,DUHZdshiaBB,912K,912000,A Dreamy House on a Private Island,https://www.instagram.com/reel/DUHZdshiaBB/,https://www.instagram.com/popular/faroe-islands-luxury-villas/,r2_05
faroe-islands-luxury-villas,6,tremrahcelik,Cu2JuBzoO4E,23.1K,23100,My Dream Destination Faroe Islands(Føroyar),https://www.instagram.com/reel/Cu2JuBzoO4E/,https://www.instagram.com/popular/faroe-islands-luxury-villas/,r2_05
faroe-islands-luxury-villas,7,joe_hattab,DUkuDAfiE0f,1.5M,1500000,Faroe Islands 🇫🇴 جزر فارو المنعزلة .. Soon قريباً⁩,https://www.instagram.com/reel/DUkuDAfiE0f/,https://www.instagram.com/popular/faroe-islands-luxury-villas/,r2_05
faroe-islands-luxury-villas,8,luxquisit,DURCEoKCbEm,165K,165000,A Private Island Retreat Surrounded by Nature,https://www.instagram.com/reel/DURCEoKCbEm/,https://www.instagram.com/popular/faroe-islands-luxury-villas/,r2_05
faroe-islands-luxury-villas,9,herjoliejourney,DXuQGOUjoWa,62.7K,62700,"SAVE THIS for your Faroe Islands itinerary 🇫🇴✨ 📍the View, Faroe Islands Ending day 1 of our Faroe Islands trip in a traditional turf house overlooking",https://www.instagram.com/reel/DXuQGOUjoWa/,https://www.instagram.com/popular/faroe-islands-luxury-villas/,r2_05
faroe-islands-luxury-villas,10,alansarii0,DOAyjKeiDnr,3.5M,3500000,📍Faroe Islands 🇫🇴 جزر فارو #faroeislands #cliffs #ocean #cinematic,https://www.instagram.com/reel/DOAyjKeiDnr/,https://www.instagram.com/popular/faroe-islands-luxury-villas/,r2_05
faroe-islands-luxury-villas,11,im_rikul_,DasrxeRDFl3,72.1K,72100,"One house, one fjord, complete silence 🖤 📍 Faroe Islands A single black turf-roof cabin sits alone where an electric-green hillside meets a deep, dark",https://www.instagram.com/reel/DasrxeRDFl3/,https://www.instagram.com/popular/faroe-islands-luxury-villas/,r2_05
faroe-islands-luxury-villas,12,toriesvik,DaOFsDpsINv,906K,906000,📍Faroe Islands,https://www.instagram.com/reel/DaOFsDpsINv/,https://www.instagram.com/popular/faroe-islands-luxury-villas/,r2_05
bora-bora-luxury-hotels,1,andreaday_travel,DN56xGxjiKu,439K,439000,POV: you just arrived to the dreamiest resort on earth ✨ Save this for your future trip here!,https://www.instagram.com/reel/DN56xGxjiKu/,https://www.instagram.com/popular/bora-bora-luxury-hotels/,r2_05
bora-bora-luxury-hotels,2,andreaday_travel,DL2J604Or3c,52.9K,52900,Living the dream in beautiful Bora Bora 🌴 SAVE this bucketlist hotel for your future dream trip here! 🌺,https://www.instagram.com/reel/DL2J604Or3c/,https://www.instagram.com/popular/bora-bora-luxury-hotels/,r2_05
bora-bora-luxury-hotels,3,toptravelplaces_,DTAnHgUEhg4,4.6M,4600000,"Soneva Jani is one of the most iconic luxury island resorts in the Maldives 🌴 It combines breathtaking scenery, thoughtful design and experiences",https://www.instagram.com/reel/DTAnHgUEhg4/,https://www.instagram.com/popular/bora-bora-luxury-hotels/,r2_05
bora-bora-luxury-hotels,4,theresortscollection,DKcrVsjNr5J,58.1K,58100,This luxury resort in Bora Bora should be on your travel list 😍 📍Four Seasons Bora Bora Contact us 📧 to book with the most competitive rates,https://www.instagram.com/reel/DKcrVsjNr5J/,https://www.instagram.com/popular/bora-bora-luxury-hotels/,r2_05
bora-bora-luxury-hotels,5,fotis_travels,DQJFQB5jZiB,15.3K,15300,"✨ At the heart of Bora Bora's lagoon ✨ Set on iconic Matira Point, InterContinental Bora Bora Le Moana Resort offers a front-row seat",https://www.instagram.com/reel/DQJFQB5jZiB/,https://www.instagram.com/popular/bora-bora-luxury-hotels/,r2_05
bora-bora-luxury-hotels,6,conradboraboranui,DBOlU80te9G,25.1K,25100,Experiencing Bora Bora together is truly unparalleled…✨🌺⁠ ⁠ Tag your travel buddy or send this to someone you'd love to share this paradise,https://www.instagram.com/reel/DBOlU80te9G/,https://www.instagram.com/popular/bora-bora-luxury-hotels/,r2_05
bora-bora-luxury-hotels,7,toptravelplaces_,DMYUG1qyqh2,27.7K,27700,Looking for the best resorts in Bora Bora or Moorea? These are our 5 favorite resorts in French Polynesia 😍 Contact us 📧 to book with,https://www.instagram.com/reel/DMYUG1qyqh2/,https://www.instagram.com/popular/bora-bora-luxury-hotels/,r2_05
bora-bora-luxury-hotels,8,staydinedo,DI2UWGAP5BL,142K,142000,Paradise 📍 Bora Bora #passportbyforbes #mydomainetravels #Tastemademedoit #iamatraveler #forbestravelguide #voyaged #postcardplaces #f,https://www.instagram.com/reel/DI2UWGAP5BL/,https://www.instagram.com/popular/bora-bora-luxury-hotels/,r2_05
bora-bora-luxury-hotels,9,nicolemsunderland,DHUf891sHZO,94.3K,94300,paradise 🥹 📍 Conrad Bora Bora #passportbyforbes #mydomainetravels #Tastemademedoit #iamatraveler #forbestravelguide #voyaged #postcardplaces #f,https://www.instagram.com/reel/DHUf891sHZO/,https://www.instagram.com/popular/bora-bora-luxury-hotels/,r2_05
bora-bora-luxury-hotels,10,onmyway_destinations,DP_QrvvkzfJ,"6,654",6654,Bora Bora #traveller #travelgram #travel #traveltheworld #destination #exploretheworld #explore #travelinspiration #trendingreels #febinstacode,https://www.instagram.com/reel/DP_QrvvkzfJ/,https://www.instagram.com/popular/bora-bora-luxury-hotels/,r2_05
bora-bora-luxury-hotels,11,luxury_travel_resortss,DXkdKTYCGJT,14.2K,14200,@flavialatina.travels captures the serene luxury of @conradboraboranui 🌊🏝️✨ Would you start your day like this? ✨ 🎞️ @flavialatina.travels,https://www.instagram.com/reel/DXkdKTYCGJT/,https://www.instagram.com/popular/bora-bora-luxury-hotels/,r2_05
bora-bora-luxury-hotels,12,kenxtori,DIBbj5usY8-,200K,200000,"Who are you bringing here?? 😍👇🏼 🎎 @kenxtori 👆🏼 Follow for more bucket list & luxury travel inspo! 📍 @fsborabora Bora Bora, French P",https://www.instagram.com/reel/DIBbj5usY8-/,https://www.instagram.com/popular/bora-bora-luxury-hotels/,r2_05
best-rooftop-pools,1,realms_group,DZztbBmoprF,33.1K,33100,ROOFTOP POOL DEALS🔥🔥 : 1BEDROOM 2BEDROOM FLAT WITH ROOFTOP POOL* Apartment Fe,https://www.instagram.com/reel/DZztbBmoprF/,https://www.instagram.com/popular/best-rooftop-pools/,r2_06
best-rooftop-pools,2,peachy.mely,DZ2GOJytc5i,224K,224000,Pool with a view ✨,https://www.instagram.com/reel/DZ2GOJytc5i/,https://www.instagram.com/popular/best-rooftop-pools/,r2_06
best-rooftop-pools,3,limited.pool,DYWweI3Mgji,298K,298000,Luxury infinity pool✨🤩💎 📍Tashkent city @jwmarriott.tashkent Murojat uchun:+99895103244,https://www.instagram.com/reel/DYWweI3Mgji/,https://www.instagram.com/popular/best-rooftop-pools/,r2_06
best-rooftop-pools,4,wellnesstravelled,DZz0ijoxATL,151K,151000,📌SAVE this post for Toronto summer inspo ✨ Toronto's best rooftop pool is now open! It's the best way to coo,https://www.instagram.com/reel/DZz0ijoxATL/,https://www.instagram.com/popular/best-rooftop-pools/,r2_06
best-rooftop-pools,5,eloiseoverseas,DEiQjAoostH,341K,341000,THE BEST ROOFTOP INFINITY POOL IN VIETNAM 🏊‍♀️🌅 details at the end of the video 📍💸 #lifeineveryplace,https://www.instagram.com/reel/DEiQjAoostH/,https://www.instagram.com/popular/best-rooftop-pools/,r2_06
best-rooftop-pools,6,newyorkcity4all,CvXMF_hsKuP,46.5K,46500,NYC BEST ROOFTOP POOLS WITH DAY PASSES🎟️ 🏙️☀️ Ready to make a splash this summer in NYC?🌊 Discover,https://www.instagram.com/reel/CvXMF_hsKuP/,https://www.instagram.com/popular/best-rooftop-pools/,r2_06
best-rooftop-pools,7,shivani_mistry22,Dbvmgj_qmmi,186K,186000,Serving views with the view @auraskypool.dubai ❤️🔥 #AuraSkyPool #Dubai #InfinityPool #PoolGlam #Instatravel,https://www.instagram.com/reel/Dbvmgj_qmmi/,https://www.instagram.com/popular/best-rooftop-pools/,r2_06
best-rooftop-pools,8,nairobi___spaces,DYCxr99N2Zu,55.5K,55500,"Studio AirBNB Upperhill 21st floor (New apartment, just launched) Amenities: . Rooftop swimming pool (33rd floor)",https://www.instagram.com/reel/DYCxr99N2Zu/,https://www.instagram.com/popular/best-rooftop-pools/,r2_06
best-rooftop-pools,9,nhcollectiondubaithepalm,C89zm-QIPKo,268K,268000,"Tranquil escapes begin at our rooftop pool, where the skyline stretches endlessly, offering a panoramas like no other!",https://www.instagram.com/reel/C89zm-QIPKo/,https://www.instagram.com/popular/best-rooftop-pools/,r2_06
best-rooftop-pools,10,ahteshamvlog_012,DZHzwK6ynVW,25.3K,25300,Roof top swmming pool #ahtesham_foodvlog #foryou #foryoupage #goviral,https://www.instagram.com/reel/DZHzwK6ynVW/,https://www.instagram.com/popular/best-rooftop-pools/,r2_06
best-rooftop-pools,11,dream_experiences_ai,Dcqw5U8hUqg,"8,094",8094,NA,https://www.instagram.com/reel/Dcqw5U8hUqg/,https://www.instagram.com/popular/best-rooftop-pools/,r2_06
best-rooftop-pools,12,juliagal_,DE-hvtFImVY,8.7M,8700000,Tag someone you would bring here🥂 #dubai #beautifulhotels #hotelsandresorts #luxuryvacations #best_worldplaces #luxury,https://www.instagram.com/reel/DE-hvtFImVY/,https://www.instagram.com/popular/best-rooftop-pools/,r2_06
hotel-suite-design-ideas,1,hoxtonhotels,DXW3m7VD6zx,68.7K,68700,"Step into comfort, stay for the experience ✨ A complete suite tour featuring elegant interiors, a cozy lounge, and thoughtfully designed spaces for pu",https://www.instagram.com/reel/DXW3m7VD6zx/,https://www.instagram.com/popular/hotel-suite-design-ideas/,r2_06
hotel-suite-design-ideas,2,jareef__saifi,DaQIlELqWml,78.5K,78500,Luxury Hotel-Style Bedroom Transformation 😱,https://www.instagram.com/reel/DaQIlELqWml/,https://www.instagram.com/popular/hotel-suite-design-ideas/,r2_06
hotel-suite-design-ideas,3,interiors.by.nandini,DGFia9aR2lV,"9,528",9528,Hotel room interiors #resort #interiors #luxurylifestyle #hotelinterior #luxurytravel #homedesign #furniture #designinspiration #hotelmanagement #hote,https://www.instagram.com/reel/DGFia9aR2lV/,https://www.instagram.com/popular/hotel-suite-design-ideas/,r2_06
hotel-suite-design-ideas,4,things2exploreinmumbai,DUzukieDNa7,237K,237000,Step into a world of luxury at this beautifully hotel suite room ❤️🤩 Tag someone you wanna stay here with ❤️ Follow @things2exploreinmumbai for more s,https://www.instagram.com/reel/DUzukieDNa7/,https://www.instagram.com/popular/hotel-suite-design-ideas/,r2_06
hotel-suite-design-ideas,5,shellsdxb,DY7mglLqdtN,32K,32000,NA,https://www.instagram.com/reel/DY7mglLqdtN/,https://www.instagram.com/popular/hotel-suite-design-ideas/,r2_06
hotel-suite-design-ideas,6,avidiinocasa,DYZYd3wTvNk,"2,149",2149,Luxury Hospitality Interior | 5 Star Hotel Bedroom Furniture Custom Redefine premium hospitality with professional five-star hotel bedroom furniture c,https://www.instagram.com/reel/DYZYd3wTvNk/,https://www.instagram.com/popular/hotel-suite-design-ideas/,r2_06
hotel-suite-design-ideas,7,step_designfirm,DOAVWu4D1UK,"7,236",7236,Every great hotel begins with a mock-up room — the first step in perfecting guest experience. 🏨✨ Here's a sneak peek into our Gorakhpur hotel room — b,https://www.instagram.com/reel/DOAVWu4D1UK/,https://www.instagram.com/popular/hotel-suite-design-ideas/,r2_06
hotel-suite-design-ideas,8,hotelnakshtraresidency,DITYoxEsry8,82.7K,82700,A luxurious room for your perfect stay. #nakshtraresidencykalyan #hotelnakshtraresidency #besthotel #hotel #rooms #staycation #travel #family #corpora,https://www.instagram.com/reel/DITYoxEsry8/,https://www.instagram.com/popular/hotel-suite-design-ideas/,r2_06
hotel-suite-design-ideas,9,at_the_barkers,DQ9zf23jFaM,56.6K,56600,5 tips for a luxury hotel vibe bedroom! 1. Different sized luxury cushions 2. Floor to ceiling headboard 3. Luxury bed throw 4. Lighting 5. Built in m,https://www.instagram.com/reel/DQ9zf23jFaM/,https://www.instagram.com/popular/hotel-suite-design-ideas/,r2_06
hotel-suite-design-ideas,10,shilanyas_architects,CbwitB6qwxt,41.8K,41800,Hotel Room interior.. The Project have been handed over to the client. You can see all the stages of this process in our page.. from 3d to the final o,https://www.instagram.com/reel/CbwitB6qwxt/,https://www.instagram.com/popular/hotel-suite-design-ideas/,r2_06
hotel-suite-design-ideas,11,wendywittwerdesign,B95T60FH4ky,NA,,Happy Wednesday Everyone! This is a video of a hotel suite I just recently designed! I hope you all are in good spirits through this new normal we are,https://www.instagram.com/reel/B95T60FH4ky/,https://www.instagram.com/popular/hotel-suite-design-ideas/,r2_06
hotel-suite-design-ideas,12,supersketchdesigners,DR16pcmjbzr,"2,192",2192,"There's just something about hotel rooms that makes you breathe a little slower… that quiet, effortless calm - just the kind of serenity you deserve e",https://www.instagram.com/reel/DR16pcmjbzr/,https://www.instagram.com/popular/hotel-suite-design-ideas/,r2_06
hotel-room-interior-design-ideas,1,hanaenispace.interiors,DRgkVpUkhRK,"6,531",6531,Not a Hotel room but definitely a luxury bedroom in affordable price done by hanaeni space!,https://www.instagram.com/reel/DRgkVpUkhRK/,https://www.instagram.com/popular/hotel-room-interior-design-ideas/,r2_06
hotel-room-interior-design-ideas,2,civil_vlog,DYvA4vNPBAb,"5,571",5571,Из пустых стен → в спальню уровня luxury hotel ✨ Пошагово собрали интерьер:,https://www.instagram.com/reel/DYvA4vNPBAb/,https://www.instagram.com/popular/hotel-room-interior-design-ideas/,r2_06
hotel-room-interior-design-ideas,3,interiors.by.nandini,DGFia9aR2lV,"9,528",9528,Hotel room interiors #resort #interiors #luxurylifestyle #hotelinterior #luxurytravel,https://www.instagram.com/reel/DGFia9aR2lV/,https://www.instagram.com/popular/hotel-room-interior-design-ideas/,r2_06
hotel-room-interior-design-ideas,4,shilanyas_architects,CbwitB6qwxt,41.8K,41800,Hotel Room interior.. The Project have been handed over to the client.,https://www.instagram.com/reel/CbwitB6qwxt/,https://www.instagram.com/popular/hotel-room-interior-design-ideas/,r2_06
hotel-room-interior-design-ideas,5,aura_interiordesigns,DVGabxpiKaJ,33.5K,33500,"Send this to someone who wants a 5 star hotel bedroom In a world that moves too fast,",https://www.instagram.com/reel/DVGabxpiKaJ/,https://www.instagram.com/popular/hotel-room-interior-design-ideas/,r2_06
hotel-room-interior-design-ideas,6,hussein_talaei,DZ7JaGyMBIj,138K,138000,حين تتحول غرفة النوم إلى تجربة فندقية متكاملة، يصبح التصميم أسلوب حياة,https://www.instagram.com/reel/DZ7JaGyMBIj/,https://www.instagram.com/popular/hotel-room-interior-design-ideas/,r2_06
hotel-room-interior-design-ideas,7,avidiinocasa,DYZYd3wTvNk,"2,149",2149,Luxury Hospitality Interior | 5 Star Hotel Bedroom Furniture Custom Redefine premium hospitality,https://www.instagram.com/reel/DYZYd3wTvNk/,https://www.instagram.com/popular/hotel-room-interior-design-ideas/,r2_06
hotel-room-interior-design-ideas,8,interior.by.ja,CVa3vWkhsoc,1.5M,1500000,Now she hates all the hotels' rooms and prefer her own room 🤍 #masterbedroom #hetelroom,https://www.instagram.com/reel/CVa3vWkhsoc/,https://www.instagram.com/popular/hotel-room-interior-design-ideas/,r2_06
hotel-room-interior-design-ideas,9,things2exploreinmumbai,DUzukieDNa7,237K,237000,Step into a world of luxury at this beautifully hotel suite room ❤️🤩 Tag someone you wanna stay,https://www.instagram.com/reel/DUzukieDNa7/,https://www.instagram.com/popular/hotel-room-interior-design-ideas/,r2_06
hotel-room-interior-design-ideas,10,pravesh_interiors,DZeSodRz1ON,"1,631",1631,Hotel room renovation in ujjain nearly Mahakal mandir #hotel #hotelsandresorts #hotellife #hotel,https://www.instagram.com/reel/DZeSodRz1ON/,https://www.instagram.com/popular/hotel-room-interior-design-ideas/,r2_06
hotel-room-interior-design-ideas,11,promptking_ai,DSJsSQxkwYf,388K,388000,"Luxury bedroom interior design, soft pastel pink walls, elegant wooden bed, premium bedding, floral curtains,",https://www.instagram.com/reel/DSJsSQxkwYf/,https://www.instagram.com/popular/hotel-room-interior-design-ideas/,r2_06
hotel-room-interior-design-ideas,12,fantinidesigns,DVOPxlMDCT_,"1,983",1983,Final shortlisting in progress ✨ Presenting three exclusive room designs for our upcoming hotel project,https://www.instagram.com/reel/DVOPxlMDCT_/,https://www.instagram.com/popular/hotel-room-interior-design-ideas/,r2_06
arctic-treehouse-hotel-rovaniemi,1,arctictreehousehotel,DRkbc8sCIoX,25.4K,25400,"✨The best unique treehouses and elevated cabins around the world 📍 Treehotel — Harads, Sweden Designer treehouses set in a northern forest — minimalis",https://www.instagram.com/reel/DRkbc8sCIoX/,https://www.instagram.com/popular/arctic-treehouse-hotel-rovaniemi/,r2_06
arctic-treehouse-hotel-rovaniemi,2,travelask.world,DTS4A5tCH-o,1M,1000000,"✨The best unique treehouses and elevated cabins around the world 📍 Treehotel — Harads, Sweden Designer treehouses set in a northern forest — minimalis",https://www.instagram.com/reel/DTS4A5tCH-o/,https://www.instagram.com/popular/arctic-treehouse-hotel-rovaniemi/,r2_06
arctic-treehouse-hotel-rovaniemi,3,travelask.world,DT8XKMXiJRh,69.4K,69400,♥️Save this: the most romantic and secluded hotels in Lapland 📍 Arctic TreeHouse Hotel (Rovaniemi) — designer cabins hidden in the forest with panoram,https://www.instagram.com/reel/DT8XKMXiJRh/,https://www.instagram.com/popular/arctic-treehouse-hotel-rovaniemi/,r2_06
arctic-treehouse-hotel-rovaniemi,4,kateallman_,C_DCNiLtU4G,"2,464",2464,"📍The Arctic Treehouse Hotel, Rovaniemi, Finnish Lapland You can see why the rooms are called nests. 💕Every ""nest"" faces north so if you are lucky enou",https://www.instagram.com/reel/C_DCNiLtU4G/,https://www.instagram.com/popular/arctic-treehouse-hotel-rovaniemi/,r2_06
arctic-treehouse-hotel-rovaniemi,5,jumimedia,DSm8nF9CDwZ,39.3K,39300,"📌Save this video for your trip to Lapland 📍 Rovaniemi: @skyviewigloos This unique glass igloo hotel is located just outside of the biggest „city"" in L",https://www.instagram.com/reel/DSm8nF9CDwZ/,https://www.instagram.com/popular/arctic-treehouse-hotel-rovaniemi/,r2_06
arctic-treehouse-hotel-rovaniemi,6,europexplores,DPYT-hUifOG,739K,739000,Stay in private igloo underneath the northern lights in Finland. Hotel offers like this don't stay live for long and right now they can be accessed th,https://www.instagram.com/reel/DPYT-hUifOG/,https://www.instagram.com/popular/arctic-treehouse-hotel-rovaniemi/,r2_06
arctic-treehouse-hotel-rovaniemi,7,iamsarahharris,DUFlgWFDG3g,168K,168000,POV you finally book that Lapland trip 🥹🤎 We stayed between Saariselka and Rovaniemi and this video is all from @arctictreehousehotel in Rovaniemi. Be,https://www.instagram.com/reel/DUFlgWFDG3g/,https://www.instagram.com/popular/arctic-treehouse-hotel-rovaniemi/,r2_06
arctic-treehouse-hotel-rovaniemi,8,reneeroaming,DRPiypikRW6,2.2M,2200000,"I'm convinced this is the most magical treehouse rental in the world 🥹 Comment ""treehouse"" and I'll message you the details! We didn't want to leave &",https://www.instagram.com/reel/DRPiypikRW6/,https://www.instagram.com/popular/arctic-treehouse-hotel-rovaniemi/,r2_06
arctic-treehouse-hotel-rovaniemi,9,wonderinn_norway,C2hxjQWKWx4,14.8K,14800,Peace out world. 🕊️🌅 📍Cloud 9 ~ WonderInn Arctic x ÖÖD Houses 🎥 @massimilianodallafior @rikkemb . . . . . . . . . . #wonderinn #mirrorhouse #uniquehot,https://www.instagram.com/reel/C2hxjQWKWx4/,https://www.instagram.com/popular/arctic-treehouse-hotel-rovaniemi/,r2_06
arctic-treehouse-hotel-rovaniemi,10,chistol.ella,DVbWPnCCKFC,247K,247000,Vorba aia: Dacă nu călătoresc am probleme psihologice Dacă călătoresc am probleme financiare 😂 Ce să fac? Arctic TreeHouse Hotel - o experiență în mij,https://www.instagram.com/reel/DVbWPnCCKFC/,https://www.instagram.com/popular/arctic-treehouse-hotel-rovaniemi/,r2_06
arctic-treehouse-hotel-rovaniemi,11,hotelsguide_,DRx5dytiJWY,197K,197000,"In the heart of Finnish Lapland, @apukkaresort offers one of the most immersive ways to experience the Arctic winter. Between panoramic igloos, snowy",https://www.instagram.com/reel/DRx5dytiJWY/,https://www.instagram.com/popular/arctic-treehouse-hotel-rovaniemi/,r2_06
arctic-treehouse-hotel-rovaniemi,12,beautifulhotels,DSxdffvjsz7,166K,166000,"Ever dreamed of sleeping under the northern lights? Start with these Lapland stays. 💫 🌲 Kuuru Lakeside, Salla (@tjbetrippin): Secluded cabins on a fro",https://www.instagram.com/reel/DSxdffvjsz7/,https://www.instagram.com/popular/arctic-treehouse-hotel-rovaniemi/,r2_06
hunza-valley-luxury-resorts,1,northern___bear,DZ-j3rtI5AA,10.4M,10400000,Shangrila Resort Skardu,https://www.instagram.com/reel/DZ-j3rtI5AA/,https://www.instagram.com/popular/hunza-valley-luxury-resorts/,r2_06
hunza-valley-luxury-resorts,2,skarduvalley,C0wiIXTNsMq,30.1K,30100,Luxus Hotel Attaabad Lake Hunza Valley in Winter 🥶,https://www.instagram.com/reel/C0wiIXTNsMq/,https://www.instagram.com/popular/hunza-valley-luxury-resorts/,r2_06
hunza-valley-luxury-resorts,3,tripland_travel_tours,CzqM_xgIPNg,"8,338",8338,Luxus Hunza ❤️,https://www.instagram.com/reel/CzqM_xgIPNg/,https://www.instagram.com/popular/hunza-valley-luxury-resorts/,r2_06
hunza-valley-luxury-resorts,4,twincitiesdiary,DaORCbCIs_N,"3,303",3303,Still not over this hidden paradise in Hunza. 🏔️✨,https://www.instagram.com/reel/DaORCbCIs_N/,https://www.instagram.com/popular/hunza-valley-luxury-resorts/,r2_06
hunza-valley-luxury-resorts,5,incrediblehunza,DTsjEy0CgbV,14.3K,14300,Budget friendly Resort for your next trip to Skardu Valley ✈️,https://www.instagram.com/reel/DTsjEy0CgbV/,https://www.instagram.com/popular/hunza-valley-luxury-resorts/,r2_06
hunza-valley-luxury-resorts,6,rihlahunza,DXTvpFaAXaV,"7,211",7211,The Rihla Hunza - where every morning begins above the clouds.,https://www.instagram.com/reel/DXTvpFaAXaV/,https://www.instagram.com/popular/hunza-valley-luxury-resorts/,r2_06
hunza-valley-luxury-resorts,7,rivageresort,DZDBtiKuE2Q,1.7M,1700000,"Dear future bride, You deserve a view like this. 💍✨",https://www.instagram.com/reel/DZDBtiKuE2Q/,https://www.instagram.com/popular/hunza-valley-luxury-resorts/,r2_06
hunza-valley-luxury-resorts,8,gumaanresorts,DK7LpKhtdth,4.4M,4400000,"GUMAAN, It's not just a resort, its a vibe 💯",https://www.instagram.com/reel/DK7LpKhtdth/,https://www.instagram.com/popular/hunza-valley-luxury-resorts/,r2_06
hunza-valley-luxury-resorts,9,peacefulgilgitbaltistan,C0rB5o1M8pR,410,410,Luxus resorts Hunza valley Gilgit baltistan 😍,https://www.instagram.com/reel/C0rB5o1M8pR/,https://www.instagram.com/popular/hunza-valley-luxury-resorts/,r2_06
hunza-valley-luxury-resorts,10,natureexplorers.pk,DFJAv8yxaHp,161K,161000,"📍GUMAAN RESORT, SKARDU Coming soon",https://www.instagram.com/reel/DFJAv8yxaHp/,https://www.instagram.com/popular/hunza-valley-luxury-resorts/,r2_06
hunza-valley-luxury-resorts,11,rehanbabarofficial,DaVjBqROY1M,143K,143000,Planning a trip to Hunza? Save this itinerary.,https://www.instagram.com/reel/DaVjBqROY1M/,https://www.instagram.com/popular/hunza-valley-luxury-resorts/,r2_06
hunza-valley-luxury-resorts,12,moksha_resorts,C_dbjT3iNDT,"3,513",3513,The Passu Cones are an iconic rock formation that can be seen,https://www.instagram.com/reel/C_dbjT3iNDT/,https://www.instagram.com/popular/hunza-valley-luxury-resorts/,r2_06
cook-islands-luxury-resorts,1,saltyluxe,C-5c0gZxG6-,1.2M,1200000,"Add this MUST STAY hotel in the South Pacific to your travel bucketlist 🐚🌴 📍Aitutaki Lagoon, Cook",https://www.instagram.com/reel/C-5c0gZxG6-/,https://www.instagram.com/popular/cook-islands-luxury-resorts/,r2_06
cook-islands-luxury-resorts,2,chase.the.rainbows,DGHBOvCpcBp,149K,149000,"This isn't the Maldives, Bora Bora, or Thailand… but it might just be even better. Welcome to the Cook",https://www.instagram.com/reel/DGHBOvCpcBp/,https://www.instagram.com/popular/cook-islands-luxury-resorts/,r2_06
cook-islands-luxury-resorts,3,montravo.travel,C_DEXvBiuyh,10.7K,10700,Are the Cook Islands on your bucket list yet? 👀 🎬 by @saltyluxe - #cookislands #cookisland,https://www.instagram.com/reel/C_DEXvBiuyh/,https://www.instagram.com/popular/cook-islands-luxury-resorts/,r2_06
cook-islands-luxury-resorts,4,worldtravelfox,DWIzoOMEWSK,69.4K,69400,some tropical postcards from…🏝️ the Cook Islands 🇨🇰 - where no video and no picture needs a,https://www.instagram.com/reel/DWIzoOMEWSK/,https://www.instagram.com/popular/cook-islands-luxury-resorts/,r2_06
cook-islands-luxury-resorts,5,voyagefox_,DXwNAXPs65z,278K,278000,Busy doing belly flops in the Maldives 😌💦 hehe Who would you take here? 🥹 📍 Ritz-Carlton Maldives,https://www.instagram.com/reel/DXwNAXPs65z/,https://www.instagram.com/popular/cook-islands-luxury-resorts/,r2_06
cook-islands-luxury-resorts,6,asiviajo,DBFdcnbtu8L,"4,924",4924,Alguna vez has escuchado de las Islas Cook?? El mundo está lleno de lugares sorprendes así que deja,https://www.instagram.com/reel/DBFdcnbtu8L/,https://www.instagram.com/popular/cook-islands-luxury-resorts/,r2_06
cook-islands-luxury-resorts,7,randyspage,DXmjX7NjyXn,25.9K,25900,These are possibly the best overwater villas you can find in all of the Caribbean! 📌 Save this location,https://www.instagram.com/reel/DXmjX7NjyXn/,https://www.instagram.com/popular/cook-islands-luxury-resorts/,r2_06
cook-islands-luxury-resorts,8,stamped_traveler,C7CFjIdIWI9,"7,987",7987,📍Cook Islands 🇨🇰Escape to paradise at Pacific Resort Rarotonga on Muri Beach! Indulge in luxury accommo,https://www.instagram.com/reel/C7CFjIdIWI9/,https://www.instagram.com/popular/cook-islands-luxury-resorts/,r2_06
cook-islands-luxury-resorts,9,tourvertex,DRCog_ZDJO5,12.4K,12400,"Hidden in the heart of the South Pacific, the Cook Islands are a paradise of turquoise lagoons, lush peak",https://www.instagram.com/reel/DRCog_ZDJO5/,https://www.instagram.com/popular/cook-islands-luxury-resorts/,r2_06
cook-islands-luxury-resorts,10,bossiselitetravel,C6Xc5rqJvlo,310K,310000,Sun and Sea are all you need. Check out the details below of this all-inclusive resort. 😍🏘🩵 @bossiselite,https://www.instagram.com/reel/C6Xc5rqJvlo/,https://www.instagram.com/popular/cook-islands-luxury-resorts/,r2_06
cook-islands-luxury-resorts,11,cookislands,DDfvdoWqJIc,27.1K,27100,This could be you 😍🏝 Tag who you'll be checking into our little paradise with 🙌🏼 📍@matatuivillas,https://www.instagram.com/reel/DDfvdoWqJIc/,https://www.instagram.com/popular/cook-islands-luxury-resorts/,r2_06
cook-islands-luxury-resorts,12,beautifuldestinations,DPRHuW_jPAa,706K,706000,I think we just found the coolest villa in the Caribbean… 🏝️🚤 Perched on the rugged cliffs of Moskito,https://www.instagram.com/reel/DPRHuW_jPAa/,https://www.instagram.com/popular/cook-islands-luxury-resorts/,r2_06
hotel-bathroom-designs,1,kika.baut,DY5qcFAsYHl,678K,678000,"Dreaming of spaces that feel calm, timeless, and inspiring ✨ Soft details, warm textures, and little moments that make a house feel like home. Our gue",https://www.instagram.com/reel/DY5qcFAsYHl/,https://www.instagram.com/popular/hotel-bathroom-designs/,r2_06
hotel-bathroom-designs,2,wowbespoke,DLkRidMCMcp,714K,714000,"Bring the luxury of a hotel bathroom to your home with Amber Cloud ☁️ With bespoke designs and premium porcelain tiles, we offer the complete package-",https://www.instagram.com/reel/DLkRidMCMcp/,https://www.instagram.com/popular/hotel-bathroom-designs/,r2_06
hotel-bathroom-designs,3,jareef__saifi,DZ2bymlKF2u,493K,493000,Luxury Spa Bathroom Transformation That Feels Like a 5-Star Hotel 🛁,https://www.instagram.com/reel/DZ2bymlKF2u/,https://www.instagram.com/popular/hotel-bathroom-designs/,r2_06
hotel-bathroom-designs,4,zaxzaaafrica,DZhV2noRxp1,977K,977000,"Escape to the stars without ever leaving home. We build. We create. We source. We partner. We execute. Transforming spaces into timeless masterpieces,",https://www.instagram.com/reel/DZhV2noRxp1/,https://www.instagram.com/popular/hotel-bathroom-designs/,r2_06
hotel-bathroom-designs,5,omerogluinsaatt,DZvVb39oMFO,232K,232000,"Aynı banyo, farklı dokunuşlar. ✨ Renkler değiştiğinde mekanın karakteri de değişir. Siz hangisini tercih ederdiniz? #BanyoTasarımı #İçMimari #Dekorasy",https://www.instagram.com/reel/DZvVb39oMFO/,https://www.instagram.com/popular/hotel-bathroom-designs/,r2_06
hotel-bathroom-designs,6,luxoraify,DV8gvo0EYsc,267K,267000,"Small Bathroom, Big Luxury! ✨ Rate This Design 1–10 #explore #trendingreels #bathroom #InteriorDesign #interior",https://www.instagram.com/reel/DV8gvo0EYsc/,https://www.instagram.com/popular/hotel-bathroom-designs/,r2_06
hotel-bathroom-designs,7,mrspropertyline,Da3ia6Lx6Q4,244K,244000,Beautiful Washroom,https://www.instagram.com/reel/Da3ia6Lx6Q4/,https://www.instagram.com/popular/hotel-bathroom-designs/,r2_06
hotel-bathroom-designs,8,finegrid_planners,DUiYg01DBhP,2.1M,2100000,"Wait… ye bathroom ghar ka hai ya hotel ka? 😳✨ Warm lighting + clean minimal design = pure luxury feel✨ Would you want this in your home? 😍 Comment ""BA",https://www.instagram.com/reel/DUiYg01DBhP/,https://www.instagram.com/popular/hotel-bathroom-designs/,r2_06
hotel-bathroom-designs,9,zaxzaaafrica,DYndyxPB5gr,323K,323000,Click the Link on my Bio 👆 #interiordesign #zaxzaainterior #interiordecor #bathroom #luxury,https://www.instagram.com/reel/DYndyxPB5gr/,https://www.instagram.com/popular/hotel-bathroom-designs/,r2_06
hotel-bathroom-designs,10,styltechinterior_official,DYFCWkgPLu1,45.5K,45500,This Bathroom Looks More Expensive Than A Hotel 😍✨,https://www.instagram.com/reel/DYFCWkgPLu1/,https://www.instagram.com/popular/hotel-bathroom-designs/,r2_06
hotel-bathroom-designs,11,evakentmimarlik,DRm4bGTDPdh,498K,498000,📍 LÜKS BANYO TASARIMIMIZ 🔥 #dekorasyonunadresi #mutfaktasarımı #keşfetteyiz,https://www.instagram.com/reel/DRm4bGTDPdh/,https://www.instagram.com/popular/hotel-bathroom-designs/,r2_06
hotel-bathroom-designs,12,schmickdnd,DZHX372T39n,16.1K,16100,5 Shower Designs That Feel Like a 5-Star Hotel in 2026 1️⃣ Ceiling-Mounted Rain Shower A seamless rainfall experience that turns every shower into a s,https://www.instagram.com/reel/DZHX372T39n/,https://www.instagram.com/popular/hotel-bathroom-designs/,r2_06
rain-cozy,1,calm_neststudio,DS_uPLMlNwQ,13.1M,13100000,"Relaxing Gentle Rain, for longer rain videos on my Youtube #sleepingrain #asmrain #relaxingrainforsleep #relaxingforsleep #rainforsleeping #gentlerain",https://www.instagram.com/reel/DS_uPLMlNwQ/,https://www.instagram.com/popular/rain-cozy/,r2_06
rain-cozy,2,natural_._scenery,DIHSUx1PJ8j,74.1M,74100000,"This video was made for anyone looking for peace in the middle of a busy or overwhelming day. It's a calming aesthetic corner with soft lighting, cozy",https://www.instagram.com/reel/DIHSUx1PJ8j/,https://www.instagram.com/popular/rain-cozy/,r2_06
rain-cozy,3,zohrastacey,DT35gFED4kH,3.8M,3800000,stop and enjoy some rainy cozy therapy.. #rainyweather #cozyaesthetic #quietvibes #foggyday #calmingvideo,https://www.instagram.com/reel/DT35gFED4kH/,https://www.instagram.com/popular/rain-cozy/,r2_06
rain-cozy,4,calm_neststudio,DWteYGuAmgo,28.3K,28300,Cozy corners and rainy nights — my kind of peace #rain #raining #rainsounds #rainyweather #rainynight #cozyvibes,https://www.instagram.com/reel/DWteYGuAmgo/,https://www.instagram.com/popular/rain-cozy/,r2_06
rain-cozy,5,ambiancehometv,DYaMhpjMcjb,145K,145000,"Rain. Pages. Warmth. ☕📖🌧️ A cozy rainy autumn evening in a café with an open book, floral teacup, and warm pendant lights",https://www.instagram.com/reel/DYaMhpjMcjb/,https://www.instagram.com/popular/rain-cozy/,r2_06
rain-cozy,6,the_haunted_tale,DY2lB2QpHBO,973K,973000,Somewhere out there… rainy nights still feel magical. ☕🌧️🍂 Front porch coffee. Quiet cafés. Cabins by the lake. Candlelit greenhouses. Which rainy POV,https://www.instagram.com/reel/DY2lB2QpHBO/,https://www.instagram.com/popular/rain-cozy/,r2_06
rain-cozy,7,rraj.kumaryadav,DZONYuIzMYj,15.8K,15800,🏕 Cozy Bedroom Rain Sounds । 8 house sleep #heavyrain #cozy #rainsounds❤️ #rainyday #asmr,https://www.instagram.com/reel/DZONYuIzMYj/,https://www.instagram.com/popular/rain-cozy/,r2_06
rain-cozy,8,naturediariesvideos,DV35fDIjWlt,150K,150000,The quiet magic of a rainy day alone. 🌧️ #rain #rainyday #CozyVibes #raining #relaxing,https://www.instagram.com/reel/DV35fDIjWlt/,https://www.instagram.com/popular/rain-cozy/,r2_06
rain-cozy,9,nostalgicraindrops,C__GsibSv6K,1.1M,1100000,Save the Rain Sleep Playlist in my bio! 😴💤 This is the most magical and coziest room I have ever created. 💫☔️🛋️💤,https://www.instagram.com/reel/C__GsibSv6K/,https://www.instagram.com/popular/rain-cozy/,r2_06
rain-cozy,10,relaxationreflections_,DZqhf_pAUW6,6M,6000000,Still awake? Maybe tonight isn't asking you to figure everything out. 🌧️🌙 Maybe tonight is simply asking you to listen to the rain and let your mind r,https://www.instagram.com/reel/DZqhf_pAUW6/,https://www.instagram.com/popular/rain-cozy/,r2_06
rain-cozy,11,relaxationreflections_,DWhCcfijezK,52.5K,52500,"If your evening feels rushed, this is your invitation to slow it down. 🌧️✨ Let the rain guide the pace. Adjust 🔈volume to your comfort level.",https://www.instagram.com/reel/DWhCcfijezK/,https://www.instagram.com/popular/rain-cozy/,r2_06
rain-cozy,12,cozyroom_10,DIc6BUUhIS5,19K,19000,"""Cozy Room on a Rainy Day with Ambient Lighting & Natural Rain Sounds | Relax, Read, or Sleep""",https://www.instagram.com/reel/DIc6BUUhIS5/,https://www.instagram.com/popular/rain-cozy/,r2_06
rain-sounds,1,healingcotton,C4pdw6GSI74,111K,111000,"Rain Sounds For Sleeping | Heavy Rain and Thunder Sounds | Floating home 🍀To watch the entire video, click the link on the profile to visit the Healin",https://www.instagram.com/reel/C4pdw6GSI74/,https://www.instagram.com/popular/rain-sounds/,r2_06
rain-sounds,2,chuvadanaturezaa,DWnSXKzjQuL,22.7K,22700,🌧 Sonidos de Lluvia para Dormir Bien y Relajarse - Barulho de Chuva Fuerte sin Truenos en el Tejado por la Noche. ' Rain Sounds for Sleeping Well and,https://www.instagram.com/reel/DWnSXKzjQuL/,https://www.instagram.com/popular/rain-sounds/,r2_06
rain-sounds,3,nostalgicraindrops,C7mtT4-yj7n,14.1M,14100000,Sleep fast with my rain sleep video playlist in bio! ♥️ I would sleep soundly here 🥺☔️ Just what I need now 😭☔️ Feel free to watch our videos while st,https://www.instagram.com/reel/C7mtT4-yj7n/,https://www.instagram.com/popular/rain-sounds/,r2_06
rain-sounds,4,calm_neststudio,DS_uPLMlNwQ,13.1M,13100000,"Relaxing Gentle Rain, for longer rain videos on my Youtube #sleepingrain #asmrain #relaxingrainforsleep #relaxingforsleep #rainforsleeping #gentlerain",https://www.instagram.com/reel/DS_uPLMlNwQ/,https://www.instagram.com/popular/rain-sounds/,r2_06
rain-sounds,5,calm_neststudio,DRmuO5dgprK,172K,172000,Relaxing Rain for Sleep #relaxingasmrsounds #asmrrain #rainasmr #relaxingrainsounds #rainsoundsforsleeping #sleeprain #sleeprain #relaxingrain,https://www.instagram.com/reel/DRmuO5dgprK/,https://www.instagram.com/popular/rain-sounds/,r2_06
rain-sounds,6,_rainy_street,C7b2U3syt7f,2M,2000000,Sound of Rain and Thunder ❤️😴💯🌱👈 . . #thunder #thunderstorm #rain #rainyday #rainynight #window #rainywindow #sabr #waqt #alone #ishq #mohabbat #life,https://www.instagram.com/reel/C7b2U3syt7f/,https://www.instagram.com/popular/rain-sounds/,r2_06
rain-sounds,7,surendra_garhwal__,CrQ-uByM9t-,4.3M,4300000,A video of pure rain sounds.💚,https://www.instagram.com/reel/CrQ-uByM9t-/,https://www.instagram.com/popular/rain-sounds/,r2_06
rain-sounds,8,seputargumelar,DKreseXSK1H,58.4K,58400,Sound of rain.,https://www.instagram.com/reel/DKreseXSK1H/,https://www.instagram.com/popular/rain-sounds/,r2_06
rain-sounds,9,calmstorms_13,DbsefztTV7w,979K,979000,The ultimate mental escape. ⏳ #rain #rainyday #rainsounds #peace,https://www.instagram.com/reel/DbsefztTV7w/,https://www.instagram.com/popular/rain-sounds/,r2_06
rain-sounds,10,village.moonlife,DYub7JgSEoC,"4,847",4847,🌧️🍃Sleeping Under Stormy Wind 🌬️ 🍃 Follow For more Experience the peaceful sound of heavy rain and relaxing thunderstorm ambience in a dark cozy villa,https://www.instagram.com/reel/DYub7JgSEoC/,https://www.instagram.com/popular/rain-sounds/,r2_06
rain-sounds,11,herlinmill,DQfBulJEq2a,51.2K,51200,"Studies show that steady rain sounds can help people fall asleep up to 40% faster. The consistent rhythm acts like a natural white noise machine, mask",https://www.instagram.com/reel/DQfBulJEq2a/,https://www.instagram.com/popular/rain-sounds/,r2_06
rain-sounds,12,relax_musicbox,DPgh752AYjS,"7,353",7353,"Rain and Thunder Sounds for Sleeping& Relaxing - Sleep, Relaxation, Reading, Focus, Relax, Healing. #rainsounds #heavyrainsounds #heavyrain #rain #rel",https://www.instagram.com/reel/DPgh752AYjS/,https://www.instagram.com/popular/rain-sounds/,r2_06
cozy-room,1,theras.space,DbieQoxzOak,599K,599000,my cozy room 🍀✨ #roomaesthetic #roomforinspo #cozyroom #kamarimpian #roomdecor,https://www.instagram.com/reel/DbieQoxzOak/,https://www.instagram.com/popular/cozy-room/,r2_06
cozy-room,2,thecozyeditx,Dcaa0dWt5M-,8M,8000000,Exactly where I want to be 🫠,https://www.instagram.com/reel/Dcaa0dWt5M-/,https://www.instagram.com/popular/cozy-room/,r2_06
cozy-room,3,henry.evr,DN6dhhgjQLZ,2.5M,2500000,sunny glow in my bedroom #bedroom #roominspiration #furniture #apartment #roomtour #wallart #room,https://www.instagram.com/reel/DN6dhhgjQLZ/,https://www.instagram.com/popular/cozy-room/,r2_06
cozy-room,4,brooklyn_naveah,DcpN8zGRb6b,500K,500000,"the sky was so perfect today ✨ comment ""Cozy"" for my blankets ☁️#cozyroom #cozyhome #home",https://www.instagram.com/reel/DcpN8zGRb6b/,https://www.instagram.com/popular/cozy-room/,r2_06
cozy-room,5,adridiaries_,Db6Dd-4xEpr,94.8K,94800,augtober diaries are back 🍂🧸🕯️🧺 #falltok #autumn #cozyvibes #relaxing #unwind,https://www.instagram.com/reel/Db6Dd-4xEpr/,https://www.instagram.com/popular/cozy-room/,r2_06
cozy-room,6,earthlyexplorer01,Datvs-fJTxv,102K,102000,"A quiet morning, a warm fire, and the gentle rhythm of autumn rain. 🍂🌧️🤍",https://www.instagram.com/reel/Datvs-fJTxv/,https://www.instagram.com/popular/cozy-room/,r2_06
cozy-room,7,ruth_with_room,Db2hPLAp_lv,17.2K,17200,The strong wind blew the mirror over. #cozy #peace #life #mood #fyp,https://www.instagram.com/reel/Db2hPLAp_lv/,https://www.instagram.com/popular/cozy-room/,r2_06
cozy-room,8,caropeony,C-VUZRTMG6D,3.9M,3900000,Let it get cozy ✨ #interior #interiordesign #interiordecor #interiorlove #altbau #altbaulie,https://www.instagram.com/reel/C-VUZRTMG6D/,https://www.instagram.com/popular/cozy-room/,r2_06
cozy-room,9,the._cozynook,Dad_D0EsUAn,31.5K,31500,✨ #cozy #home #rainyday,https://www.instagram.com/reel/Dad_D0EsUAn/,https://www.instagram.com/popular/cozy-room/,r2_06
cozy-room,10,sugar____home.127,DTVQtPfkuhm,519K,519000,For everyone who loves a cozy home ☕️ cozy home好きさん集まれ〜 #ミッドセンチュリーモダン #cozyroom,https://www.instagram.com/reel/DTVQtPfkuhm/,https://www.instagram.com/popular/cozy-room/,r2_06
cozy-room,11,almostlove21,DZuoXwUoQXP,2.4M,2400000,My cozy little room 😍 . #cozyroom #aesthetic,https://www.instagram.com/reel/DZuoXwUoQXP/,https://www.instagram.com/popular/cozy-room/,r2_06
cozy-room,12,aliciaadorna,DC1hCm5StQn,2.1M,2100000,"clean room, clear mind ✨✨ - - #roomtour #acubi #cozyroom #roominspo #roomdesign #aesthetic",https://www.instagram.com/reel/DC1hCm5StQn/,https://www.instagram.com/popular/cozy-room/,r2_06
luxury-hotel-suite,1,titanichotel_novkhani,DJIy14JI3w_,77.9K,77900,Titanic hotel Novxani ✨Lux suit ✨ #hotel #novxanı #titanic #luxury #fy #fypppp,https://www.instagram.com/reel/DJIy14JI3w_/,https://www.instagram.com/popular/luxury-hotel-suite/,r2_06
luxury-hotel-suite,2,rivieravoltaclub,DWLq2oADact,110K,110000,"At Riviera Volta Hotel, your room is part of the experience #luxurystay #hotelroomgoals",https://www.instagram.com/reel/DWLq2oADact/,https://www.instagram.com/popular/luxury-hotel-suite/,r2_06
luxury-hotel-suite,3,black_diamond_tirana,DKPJuGHI4D3,36.4K,36400,Elevate your stay - book our Executive Suite at Black Diamond Tirana for an experience,https://www.instagram.com/reel/DKPJuGHI4D3/,https://www.instagram.com/popular/luxury-hotel-suite/,r2_06
luxury-hotel-suite,4,worldexclusivetravel,CrDO5DgIHXk,220K,220000,Dream suite 🤍✨️ Tag the person you would take here! Hotel: @calilo_ios 🎥 @juliagal_,https://www.instagram.com/reel/CrDO5DgIHXk/,https://www.instagram.com/popular/luxury-hotel-suite/,r2_06
luxury-hotel-suite,5,juliagal_,DQkFQYNjHMz,483K,483000,Dreams do come true in this suite!💫😍 📍@santonero_santorini,https://www.instagram.com/reel/DQkFQYNjHMz/,https://www.instagram.com/popular/luxury-hotel-suite/,r2_06
luxury-hotel-suite,6,theavenuehotel_,C_xRGLoyk-G,176K,176000,Experience the luxury 😍 . . . . . . #hotel #hotels #food #vacation #vacations #travel,https://www.instagram.com/reel/C_xRGLoyk-G/,https://www.instagram.com/popular/luxury-hotel-suite/,r2_06
luxury-hotel-suite,7,sky_luxury_rooftop_suites,DZYPa5MIIuu,"1,833",1833,Create unforgettable memories and experience the perfect getaway in our suites 🌅😍,https://www.instagram.com/reel/DZYPa5MIIuu/,https://www.instagram.com/popular/luxury-hotel-suite/,r2_06
luxury-hotel-suite,8,andreavetrano,DQorFplja_V,175K,175000,"Suite serenity in Casablanca at @royalmansourcasablanca . Morning light, flawless details, and a view",https://www.instagram.com/reel/DQorFplja_V/,https://www.instagram.com/popular/luxury-hotel-suite/,r2_06
luxury-hotel-suite,9,surnameplease,DU3Ebk4DMFR,26.9K,26900,Spending peaceful moments in luxury and comfort 🌿🏨 #viral #instalike #explore #instatravel,https://www.instagram.com/reel/DU3Ebk4DMFR/,https://www.instagram.com/popular/luxury-hotel-suite/,r2_06
luxury-hotel-suite,10,iron_hotel_,DU-0rNWDEEh,"3,845",3845,🌟 Şəhərin mərkəzində komfort və lüksün ünvanı! 🌟 Unudulmaz istirahət üçün doğru seçim,https://www.instagram.com/reel/DU-0rNWDEEh/,https://www.instagram.com/popular/luxury-hotel-suite/,r2_06
luxury-hotel-suite,11,ananewyork,CqY18lMp6hh,2.8M,2800000,penthouse suite of dreams ✨ @bulgarihotels #mylittleparis #Parisjetaime #parismaville,https://www.instagram.com/reel/CqY18lMp6hh/,https://www.instagram.com/popular/luxury-hotel-suite/,r2_06
luxury-hotel-suite,12,ceosayavethinteriors_and_hotel,DbqMjO_MX5s,39.4K,39400,Hotel suite looking like An Executive masters bedroom ☺️ Design by Sayaveth,https://www.instagram.com/reel/DbqMjO_MX5s/,https://www.instagram.com/popular/luxury-hotel-suite/,r2_06
ai-house-design,1,ai_pk_0206,DLEN96UJ8e_,15.5K,15500,The Ai House ❤️🤩❤️💐 #reelsinstagram #reel #ai,https://www.instagram.com/reel/DLEN96UJ8e_/,https://www.instagram.com/popular/ai-house-design/,r2_06
ai-house-design,2,interior_home_design1,DDPTr1JRD-S,72.1K,72100,Euphoria Drips from Every Raindrop in this Bedroom By: @cozyzen.ai @interior_home_design1,https://www.instagram.com/reel/DDPTr1JRD-S/,https://www.instagram.com/popular/ai-house-design/,r2_06
ai-house-design,3,interiordesign.addicts,DGqE61PqbSD,59.1K,59100,What would you do here?😍 🎥: @soothenests #interiordesignaddicts • #architecture #design #homedesign,https://www.instagram.com/reel/DGqE61PqbSD/,https://www.instagram.com/popular/ai-house-design/,r2_06
ai-house-design,4,tinyhouse__inspiration,DKcCWFEt-R9,29.8K,29800,AI tiny house design! It's so cute! #tinyhouse,https://www.instagram.com/reel/DKcCWFEt-R9/,https://www.instagram.com/popular/ai-house-design/,r2_06
ai-house-design,5,siyad_abdali,DQ_1nRPiIxg,4M,4000000,NA,https://www.instagram.com/reel/DQ_1nRPiIxg/,https://www.instagram.com/popular/ai-house-design/,r2_06
ai-house-design,6,ifonly.ai,C--Al6UA6GE,136M,136000000,If only 'home sweet home' meant living in a tiramisu house. Art/Prompts by @ifonly.ai & @sunt_mrr,https://www.instagram.com/reel/C--Al6UA6GE/,https://www.instagram.com/popular/ai-house-design/,r2_06
ai-house-design,7,videokrtoon,DVpJs62kVNI,13.9K,13900,Diseños de Casas Que Solo La IA Podría Crear,https://www.instagram.com/reel/DVpJs62kVNI/,https://www.instagram.com/popular/ai-house-design/,r2_06
ai-house-design,8,dreamespaceai,DUA_NZ7D18W,18.1K,18100,🏙️ Luxury meets AI imagination 🤖✨ Step into spaces that redefine the future of living 💎,https://www.instagram.com/reel/DUA_NZ7D18W/,https://www.instagram.com/popular/ai-house-design/,r2_06
ai-house-design,9,sohansahanigyn,DS-YA68k89x,277K,277000,AI Home Design Video Reaction 😮 | Smart House Ideas #shorts #homedesign #ai,https://www.instagram.com/reel/DS-YA68k89x/,https://www.instagram.com/popular/ai-house-design/,r2_06
ai-house-design,10,homemorph,DRwOVkBDl8n,997K,997000,From forgotten to fabulous! ✨ This incredible AI-powered house transformation is mind-blowing.,https://www.instagram.com/reel/DRwOVkBDl8n/,https://www.instagram.com/popular/ai-house-design/,r2_06
ai-house-design,11,buildrushdiy,DVqO8WFiar_,207K,207000,From an empty cave to a luxury dream home… would you live here? 🏔️ #cavehome #luxurybuild,https://www.instagram.com/reel/DVqO8WFiar_/,https://www.instagram.com/popular/ai-house-design/,r2_06
ai-house-design,12,sunt_mrr,DTkhih2DAEC,2.9M,2900000,A black villa shrouded in mist . . . . . . . . . . . . . . . . . . #midjourney #mansion,https://www.instagram.com/reel/DTkhih2DAEC/,https://www.instagram.com/popular/ai-house-design/,r2_06
future-home,1,lvrannx,DM3fWa6M8e9,3.3M,3300000,my future house🤍 @lvrannx #explore #explorepage #fyp #follow #اكسبلور,https://www.instagram.com/reel/DM3fWa6M8e9/,https://www.instagram.com/popular/future-home/,r2_07
future-home,2,interior_home_design1,DKKJ1woOWme,16.1K,16100,Cliffside Escape with Swinging Beds By: @luxquisit @interior_home_design1 #interiordesign,https://www.instagram.com/reel/DKKJ1woOWme/,https://www.instagram.com/popular/future-home/,r2_07
future-home,3,yourfantasyhomes,C5w-koYrT8J,313K,313000,which one is your new home ? • • • • • #dreamhome #aesthetic #vibes #dream #choose #fantasy,https://www.instagram.com/reel/C5w-koYrT8J/,https://www.instagram.com/popular/future-home/,r2_07
future-home,4,cozy.nook10,DSQGTIRCAz6,35.8K,35800,Would you live in a house like this ? Yes or No,https://www.instagram.com/reel/DSQGTIRCAz6/,https://www.instagram.com/popular/future-home/,r2_07
future-home,5,idw.design,DXUMhDfCcgb,22.3K,22300,"More than just a house this is what a family compound feels like. Designed for connection, privacy, and",https://www.instagram.com/reel/DXUMhDfCcgb/,https://www.instagram.com/popular/future-home/,r2_07
future-home,6,homebyxi,DVZ5DYpjSUB,838K,838000,The house we toured vs the home we created! Follow along to watch us build our dream home. #housetour,https://www.instagram.com/reel/DVZ5DYpjSUB/,https://www.instagram.com/popular/future-home/,r2_07
future-home,7,island.realtor,DQ_8444DvZ5,320K,320000,Who else needs a house like this by 2026 😍 𝐁𝐔𝐘 | 𝐑𝐄𝐍𝐓 | 𝐒𝐄𝐋𝐋 | 𝐈𝐍𝐕𝐄𝐒𝐓,https://www.instagram.com/reel/DQ_8444DvZ5/,https://www.instagram.com/popular/future-home/,r2_07
future-home,8,designxdani,DV-CtiaDrrN,1.7M,1700000,We built this home ourselves and had no idea what we were doing. And I share how we did it on my,https://www.instagram.com/reel/DV-CtiaDrrN/,https://www.instagram.com/popular/future-home/,r2_07
future-home,9,buildcraft.hq,DW6LdVcDGeh,9.2M,9200000,The Future of Architectural Excellence: A Masterpiece Unveiled. Experience the pinnacle of innovation where,https://www.instagram.com/reel/DW6LdVcDGeh/,https://www.instagram.com/popular/future-home/,r2_07
future-home,10,bonardiai,DVoK3U9COkr,"6,226",6226,From Empty Lot to Dream Home Watch how an empty lot transforms into a modern dream home — from foundation to,https://www.instagram.com/reel/DVoK3U9COkr/,https://www.instagram.com/popular/future-home/,r2_07
future-home,11,cozyroom_10,DW_j1ZGDOpm,13.5K,13500,Old Metal Box to Beautiful Home 🏡✨ | Satisfying AI Makeover#HomeMakeover #AIShorts #BeforeAfterHome,https://www.instagram.com/reel/DW_j1ZGDOpm/,https://www.instagram.com/popular/future-home/,r2_07
future-home,12,fortune.sketches,DRkKMTfjCc7,52K,52000,A small house for working parents.,https://www.instagram.com/reel/DRkKMTfjCc7/,https://www.instagram.com/popular/future-home/,r2_07
futuristic-home,1,luxurydreamhub,DVPdh3uk0XC,2M,2000000,Living in a world of blue hues and boundless luxury. ✨💎 Where high-tech design meets high-end comfort. 🌌🏙️,https://www.instagram.com/reel/DVPdh3uk0XC/,https://www.instagram.com/popular/futuristic-home/,r2_07
futuristic-home,2,harmosai,DOlpM39kbd5,752K,752000,"When the desert sky turns dark, the real show begins. ​This is where architecture becomes an experience. A glow",https://www.instagram.com/reel/DOlpM39kbd5/,https://www.instagram.com/popular/futuristic-home/,r2_07
futuristic-home,3,luxuryhouseview,DOExDYCiEYm,4.7M,4700000,ULTRA Luxury House Interior Design💎✨☄️ #luxuryhouseview #luxury #Home #miamistad #miamilife #miamivice #travel #fyp #high,https://www.instagram.com/reel/DOExDYCiEYm/,https://www.instagram.com/popular/futuristic-home/,r2_07
futuristic-home,4,luxuryhouseview,DVl4FLoiNZw,461K,461000,"Living in a masterpiece of light, space, and luxury💥💎✨. #LuxuryHome #ModernVilla #DreamHome #LuxuryLiving #interiordesig",https://www.instagram.com/reel/DVl4FLoiNZw/,https://www.instagram.com/popular/futuristic-home/,r2_07
futuristic-home,5,luxurysevenstars,C0uIf5hNcuv,21.4K,21400,Elegance and coziness. What an unreal atmosphere ❄️ @siyad_abdali with AI . . . . #atmosphere #winter #snow #relax #peace #cozy,https://www.instagram.com/reel/C0uIf5hNcuv/,https://www.instagram.com/popular/futuristic-home/,r2_07
futuristic-home,6,orcadesignec,DObqMvwDiJp,422K,422000,"A design created to transcend. Infinite Mansion redefines the living experience: modern lines, immersive lighting, and an arch",https://www.instagram.com/reel/DObqMvwDiJp/,https://www.instagram.com/popular/futuristic-home/,r2_07
futuristic-home,7,interior_home_design1,DLzbWRZuMf-,43.1K,43100,What are your thoughts about this design?🍃 by @zenform @interior_home_design1 #interiordesign #home #ai #house #aiart #archite,https://www.instagram.com/reel/DLzbWRZuMf-/,https://www.instagram.com/popular/futuristic-home/,r2_07
futuristic-home,8,dreamespaceai,DUA_NZ7D18W,18.1K,18100,🏙️ Luxury meets AI imagination 🤖✨ Step into spaces that redefine the future of living 💎 From modern penthouses to digital masterp,https://www.instagram.com/reel/DUA_NZ7D18W/,https://www.instagram.com/popular/futuristic-home/,r2_07
futuristic-home,9,luxurydreamhub,DSu0uzegdeM,241K,241000,"Defining modern luxury: where sleek architecture meets timeless elegance. 🌙✨ Your dream home, reimagined. 🏠💎 ​#modernarch",https://www.instagram.com/reel/DSu0uzegdeM/,https://www.instagram.com/popular/futuristic-home/,r2_07
futuristic-home,10,trillionaireestates,C1NDDnuJ1xR,138K,138000,An A.I. generated interior inspired by the beautiful winter season style! Thoughts on this concept? ➖➖➖➖➖➖➖➖➖➖➖➖➖,https://www.instagram.com/reel/C1NDDnuJ1xR/,https://www.instagram.com/popular/futuristic-home/,r2_07
futuristic-home,11,urban_lifestyle_lab,DR-2WFuidU2,13.6K,13600,"Proof that imagination has no limits,",https://www.instagram.com/reel/DR-2WFuidU2/,https://www.instagram.com/popular/futuristic-home/,r2_07
futuristic-home,12,urban_lifestyle_lab,DPZ9k9SjLjL,320K,320000,"this isn't architecture… it's the future of luxury living, 💎🌊🏎️ ///Concept and copyright ownership: @urban_lifestyle_lab #luxu",https://www.instagram.com/reel/DPZ9k9SjLjL/,https://www.instagram.com/popular/futuristic-home/,r2_07
luxury-kitchen-design,1,petersoncabinetworks,DAGRW5NPUo1,2.7M,2700000,"We love the final result of this elegant, modern kitchen. We used high gloss Lux",https://www.instagram.com/reel/DAGRW5NPUo1/,https://www.instagram.com/popular/luxury-kitchen-design/,r2_07
luxury-kitchen-design,2,luxuryproperttyy,DFfT9plNgm5,893K,893000,📤📌📌😍♥️✨ Elevate your home with a luxury kitchen that blends style and functio,https://www.instagram.com/reel/DFfT9plNgm5/,https://www.instagram.com/popular/luxury-kitchen-design/,r2_07
luxury-kitchen-design,3,roomify.design,DWSPe8LjTqx,842K,842000,This kitchen just made the whole house feel expensive… ✨ The mix of warm wood,https://www.instagram.com/reel/DWSPe8LjTqx/,https://www.instagram.com/popular/luxury-kitchen-design/,r2_07
luxury-kitchen-design,4,imaginetheinterior,DT4_ZQoEjLv,310K,310000,"Subtle tones, smart design, and effortless elegance. A kitchen that looks as goo",https://www.instagram.com/reel/DT4_ZQoEjLv/,https://www.instagram.com/popular/luxury-kitchen-design/,r2_07
luxury-kitchen-design,5,amarilymccray520,DGGxmZtSmhs,14.8K,14800,✨ The Ultimate Luxury Kitchen ✨ This stunning modern kitchen is designed for el,https://www.instagram.com/reel/DGGxmZtSmhs/,https://www.instagram.com/popular/luxury-kitchen-design/,r2_07
luxury-kitchen-design,6,base9studio,DRchF00jKnN,445K,445000,"A kitchen that stands as the purest expression of modern luxury."" Every element",https://www.instagram.com/reel/DRchF00jKnN/,https://www.instagram.com/popular/luxury-kitchen-design/,r2_07
luxury-kitchen-design,7,goldconconstruction,DTLteEoE2Z5,1M,1000000,Dream kitchen goals 🏡 This is the standard. #DreamKitchenGoals #LuxuryKitchen,https://www.instagram.com/reel/DTLteEoE2Z5/,https://www.instagram.com/popular/luxury-kitchen-design/,r2_07
luxury-kitchen-design,8,arteo_luxury,DJmNepYoPQm,798K,798000,A kitchen from lores! Elegance Begins With Purpose This Kitchen is a tale of ti,https://www.instagram.com/reel/DJmNepYoPQm/,https://www.instagram.com/popular/luxury-kitchen-design/,r2_07
luxury-kitchen-design,9,avenue_home_decor,DNF1aQjSJf9,141K,141000,Luxury Kitchen Design 😍 #instagood #homesweethome #decoration #home #homedec,https://www.instagram.com/reel/DNF1aQjSJf9/,https://www.instagram.com/popular/luxury-kitchen-design/,r2_07
luxury-kitchen-design,10,decorworld_interiorsolution,DHQl-4tRCWP,47.3K,47300,A ultra premium Kitchen design #kitchendecor #kitchendesign #kitcheninspo #kitch,https://www.instagram.com/reel/DHQl-4tRCWP/,https://www.instagram.com/popular/luxury-kitchen-design/,r2_07
luxury-kitchen-design,11,luxurydreamhub,DOHJ3rMgVna,8.2M,8200000,"Kitchen goals! ✨ This stunning, crystal-like island is a true work of art, blend",https://www.instagram.com/reel/DOHJ3rMgVna/,https://www.instagram.com/popular/luxury-kitchen-design/,r2_07
luxury-kitchen-design,12,deirdres_design,DXSJiT9kTKh,21.9K,21900,What do you think of this kitchen design? Via @deirdres_design,https://www.instagram.com/reel/DXSJiT9kTKh/,https://www.instagram.com/popular/luxury-kitchen-design/,r2_07
luxury-living-room-design,1,arteo_luxury,DHdynV8tEzO,93.1K,93100,"A golden living! Luxury is a feeling. This living room is the perfect harmony of opulence and serenity, where every curve and texture speaks of refine",https://www.instagram.com/reel/DHdynV8tEzO/,https://www.instagram.com/popular/luxury-living-room-design/,r2_07
luxury-living-room-design,2,eliemoussa_creative_design,DRxG60ZCCMe,675K,675000,Unwind and relax in the embrace of our living room sanctuary… #design #instagram #art #lounge #mood #renderlovers #instadesign #colors #living#render,https://www.instagram.com/reel/DRxG60ZCCMe/,https://www.instagram.com/popular/luxury-living-room-design/,r2_07
luxury-living-room-design,3,lifetime_interior_design,DMi17mcsosb,46.4K,46400,A living room made for quiet luxury. ✨ This AI-designed space combines timeless elegance with modern sophistication — where comfort meets curated styl,https://www.instagram.com/reel/DMi17mcsosb/,https://www.instagram.com/popular/luxury-living-room-design/,r2_07
luxury-living-room-design,4,deirdres_design,DXrG2Evjn78,30.2K,30200,Luxury design via @theluxliving_official,https://www.instagram.com/reel/DXrG2Evjn78/,https://www.instagram.com/popular/luxury-living-room-design/,r2_07
luxury-living-room-design,5,mauquani__interiors,DMh59rioj8w,12.2K,12200,We Designed this living room with a touch of class and timeless design. #spacemanagement #lagos #luxurylifestyle #interiorideas #interiorpost #luxuryd,https://www.instagram.com/reel/DMh59rioj8w/,https://www.instagram.com/popular/luxury-living-room-design/,r2_07
luxury-living-room-design,6,jareef__saifi,DWjQIN5Aemr,547K,547000,Ultra Luxury Living Room That Looks Straight Out of a Dream ✨ #livingroomdecor #interiordesign #shortvideo,https://www.instagram.com/reel/DWjQIN5Aemr/,https://www.instagram.com/popular/luxury-living-room-design/,r2_07
luxury-living-room-design,7,eliemoussa_creative_design,DLFxY2WI7_S,914K,914000,"The future belongs to those who believe in the beauty of their dreams, and the beauty starts here , give a glance on this dreamy design and spot the l",https://www.instagram.com/reel/DLFxY2WI7_S/,https://www.instagram.com/popular/luxury-living-room-design/,r2_07
luxury-living-room-design,8,_.decor_and_more._,C-1ibfJtsd5,503K,503000,When the client wants a luxurious living room! If you are looking for a professional designer to transform your room/home into a dream space! DM me!,https://www.instagram.com/reel/C-1ibfJtsd5/,https://www.instagram.com/popular/luxury-living-room-design/,r2_07
luxury-living-room-design,9,theelitespaces,C-M7VT2POMk,3.1M,3100000,Transform Your Living Room into a Luxe Haven! 🌟 Dreaming of a luxurious living room? Discover 5 expert tips to elevate your space effortlessly.,https://www.instagram.com/reel/C-M7VT2POMk/,https://www.instagram.com/popular/luxury-living-room-design/,r2_07
luxury-living-room-design,10,aveotasarim,DV6MooqDA88,634K,634000,Would you live in this livingroom? #interiordesign #livingroom #homemakeover #evyenileme #salondekorasyonu,https://www.instagram.com/reel/DV6MooqDA88/,https://www.instagram.com/popular/luxury-living-room-design/,r2_07
luxury-living-room-design,11,vrishtidesigns,DXld166kQRO,285K,285000,"Golden accents, luxe textures, and a living space that makes a statement ✨🤍🛋️ #vrishtidesigns #custominteriors #livingroomdesign #luxuryliving #modern",https://www.instagram.com/reel/DXld166kQRO/,https://www.instagram.com/popular/luxury-living-room-design/,r2_07
luxury-living-room-design,12,alghaniinteriorsfurnishers1341,DSVj51WDj7w,"6,848",6848,"Design That Speaks Luxury A fully-interiored drawing room crafted to elevate everyday living. Clean lines, plush seating, statement lighting, and refi",https://www.instagram.com/reel/DSVj51WDj7w/,https://www.instagram.com/popular/luxury-living-room-design/,r2_07
luxury-bedroom-design,1,dezo_interior,DIbvZbey4Ki,161K,161000,Master bedroom jahan elegance milti hai smart design se — front wall pe custom bed aur designe,https://www.instagram.com/reel/DIbvZbey4Ki/,https://www.instagram.com/popular/luxury-bedroom-design/,r2_07
luxury-bedroom-design,2,siriorsinterior,DE7Rnh-vZQf,3.7M,3700000,"Modern Luxury Bedroom ❤️✨ Kalau punya kamar tidur kayak gini, terasa nyaman ya? 🤭🌻 Menurut k",https://www.instagram.com/reel/DE7Rnh-vZQf/,https://www.instagram.com/popular/luxury-bedroom-design/,r2_07
luxury-bedroom-design,3,georgios_tataridis,DWWYZ87iiV4,4.5M,4500000,High end bedroom design. Send me a message if you would like to design your space. Contemporary,https://www.instagram.com/reel/DWWYZ87iiV4/,https://www.instagram.com/popular/luxury-bedroom-design/,r2_07
luxury-bedroom-design,4,luxurydreamhub,DUsw1h-Emra,737K,737000,A world of elegance and starlight. ✨🛏️ Experience the pinnacle of luxury in this dream-like sanct,https://www.instagram.com/reel/DUsw1h-Emra/,https://www.instagram.com/popular/luxury-bedroom-design/,r2_07
luxury-bedroom-design,5,siriorsinterior,DKMeZCuvoTU,508K,508000,"Modern Classic Luxury Bedroom ❤️✨ Kalau punya kamar tidur kayak gini, terasa nyaman ya? 🤭🌻 Menut",https://www.instagram.com/reel/DKMeZCuvoTU/,https://www.instagram.com/popular/luxury-bedroom-design/,r2_07
luxury-bedroom-design,6,vishnu_xo,DWJ1aOIiing,188K,188000,"Not a bedroom… this is a whole universe 🌌✨ Sleep under stars, wake up in luxury. #LuxuryLiving #BedroomG",https://www.instagram.com/reel/DWJ1aOIiing/,https://www.instagram.com/popular/luxury-bedroom-design/,r2_07
luxury-bedroom-design,7,theraj_interior,DWDvXdsE2iy,56.7K,56700,Luxury Modern Bedroom — Where Comfort Meets Elegance ✨ #LuxuryBedroom #ModernInterior #BedroomDesign,https://www.instagram.com/reel/DWDvXdsE2iy/,https://www.instagram.com/popular/luxury-bedroom-design/,r2_07
luxury-bedroom-design,8,chandigarh_luxury_house,DVL86t4kbwN,38.4K,38400,Luxurious Bedroom design,https://www.instagram.com/reel/DVL86t4kbwN/,https://www.instagram.com/popular/luxury-bedroom-design/,r2_07
luxury-bedroom-design,9,mipropertiespk,DTQd2BGCO7a,"9,527",9527,Bedrooms luxury designs #house #property #realestate #interiordesign #modernhomes #luxury #explorepag,https://www.instagram.com/reel/DTQd2BGCO7a/,https://www.instagram.com/popular/luxury-bedroom-design/,r2_07
luxury-bedroom-design,10,design_x_interior,DULItzMjQq7,17.4M,17400000,Client: I want Super luxury bedroom in my budget 💸 Site Location - Bhaatipara Road Ambikapur Chhat,https://www.instagram.com/reel/DULItzMjQq7/,https://www.instagram.com/popular/luxury-bedroom-design/,r2_07
luxury-bedroom-design,11,kikis_interiors,DEnWgTYt-Kg,114K,114000,🤍✨Master Bedroom✨🤍 . . . #interior #homestyle #homedesign #luxurydesign #homeinspo #homedecor #int,https://www.instagram.com/reel/DEnWgTYt-Kg/,https://www.instagram.com/popular/luxury-bedroom-design/,r2_07
luxury-bedroom-design,12,pride_and__property,C8sF2f8SPUf,3.7M,3700000,Bedroom,https://www.instagram.com/reel/C8sF2f8SPUf/,https://www.instagram.com/popular/luxury-bedroom-design/,r2_07
luxury-bathroom-design,1,karim.eltaher.designs,DSFmnmIAlYb,1.3M,1300000,Luxury bathroom🖤 ✨🪄 Make your dreams🤩🖤 #homedecor #designinspiration #architect,https://www.instagram.com/reel/DSFmnmIAlYb/,https://www.instagram.com/popular/luxury-bathroom-design/,r2_07
luxury-bathroom-design,2,arteo_luxury,C4BB-H_yXuj,2.5M,2500000,"A touch of pure luxury In the opulence of black and ivory hues, this luxury bathroom transcends mere aest",https://www.instagram.com/reel/C4BB-H_yXuj/,https://www.instagram.com/popular/luxury-bathroom-design/,r2_07
luxury-bathroom-design,3,theraj_interior,DTrgOnZk3v-,1.8M,1800000,Luxury Bathroom Design That Feels Like a 5⭐ Hotel ✨ #LuxuryBathroom #ModernInteriorDesign #Bathroom,https://www.instagram.com/reel/DTrgOnZk3v-/,https://www.instagram.com/popular/luxury-bathroom-design/,r2_07
luxury-bathroom-design,4,luxoraify,DV8gvo0EYsc,267K,267000,"Small Bathroom, Big Luxury! ✨ Rate This Design 1–10 #explore #trendingreels #bathroom #InteriorDesign",https://www.instagram.com/reel/DV8gvo0EYsc/,https://www.instagram.com/popular/luxury-bathroom-design/,r2_07
luxury-bathroom-design,5,binas_home,DF54R4vKbJu,6.7M,6700000,"Always WOW ✨ Jedes Mal, wenn ich dieses Badezimmer betrete, ist es wieder ein WOW-Moment! Egal, wie o",https://www.instagram.com/reel/DF54R4vKbJu/,https://www.instagram.com/popular/luxury-bathroom-design/,r2_07
luxury-bathroom-design,6,ihsansamhoun.interiors,DVbq2h7jHlv,213K,213000,"✨️ Luxurious Master Bathroom, marble, wood, gold! . . . #lightingdecor #lighting #lightdesign @surya_arc",https://www.instagram.com/reel/DVbq2h7jHlv/,https://www.instagram.com/popular/luxury-bathroom-design/,r2_07
luxury-bathroom-design,7,nstudiainteriors,DK16rxhzl7q,52.9K,52900,Step into calm every time you enter 🚪✨ A well-designed washroom isn't just a space — it's a feeling 🌿,https://www.instagram.com/reel/DK16rxhzl7q/,https://www.instagram.com/popular/luxury-bathroom-design/,r2_07
luxury-bathroom-design,8,evakentmimarlik,DXXYo78jKrt,137K,137000,LÜKS BANYO TASARIMIMIZ 🔥🔥 #mimarlık #içmimarlık #interiordesign #architecture #design modernmimari lüksmim,https://www.instagram.com/reel/DXXYo78jKrt/,https://www.instagram.com/popular/luxury-bathroom-design/,r2_07
luxury-bathroom-design,9,sarayi.interiors,DXHPMdqIMJp,969K,969000,"Same layout, different vibes Which bathroom style are you choosing? 👇 Comment your favorite & save for",https://www.instagram.com/reel/DXHPMdqIMJp/,https://www.instagram.com/popular/luxury-bathroom-design/,r2_07
luxury-bathroom-design,10,rb_derek,DQOweTLkby6,745K,745000,"This guest bathroom redefines elegance - where every line, tile, and finish tells a story of refined craftsman",https://www.instagram.com/reel/DQOweTLkby6/,https://www.instagram.com/popular/luxury-bathroom-design/,r2_07
luxury-bathroom-design,11,mollybowenco,CvKzsAuN3pS,6.2M,6200000,Dream bathroom essentials… Soaking tub 🛀 Swoon-worthy tile 🤩 Mood lighting 💡 Follow @mollybowenco for m,https://www.instagram.com/reel/CvKzsAuN3pS/,https://www.instagram.com/popular/luxury-bathroom-design/,r2_07
luxury-bathroom-design,12,karim.eltaher.designs,C_aGkRDutcQ,2.1M,2100000,Luxury bathroom🖤 ✨🪄 Make your dreams🤩🖤 #homedecor #designinspiration #architecture #interiordesigne,https://www.instagram.com/reel/C_aGkRDutcQ/,https://www.instagram.com/popular/luxury-bathroom-design/,r2_07
glass-house-in-forest,1,emiliotky_,DVwRo-Yk4J2,226,226,沖縄・国際通り近くの平和通りで見つけたオーダーメイドアイスのお店「Fruit marry（,https://www.instagram.com/reel/DVwRo-Yk4J2/,https://www.instagram.com/popular/glass-house-in-forest/,r2_07
glass-house-in-forest,2,gsokinawa,DWOGaDnkSpK,"1,209",1209,@gsokinawa ◀︎その他のお土産はこちら！本部町のゴールドバレルをそのまま使用した、素材そのままのパ,https://www.instagram.com/reel/DWOGaDnkSpK/,https://www.instagram.com/popular/glass-house-in-forest/,r2_07
glass-house-in-forest,3,ryukyushoten,DVkekexiRYf,258,258,はいさーい♪ウチにある沖縄のフルーツジャム食べたことある？✅シークヮーサー✅マンゴー✅パイナップルの,https://www.instagram.com/reel/DVkekexiRYf/,https://www.instagram.com/popular/glass-house-in-forest/,r2_07
glass-house-in-forest,4,oishii_okinawa,DWGxAM9jyGS,156,156,沖縄本島の那覇の国際通り近くにあるフルーツアイス屋さんショーケースに並んでいるフルーツを選んで、牛乳か,https://www.instagram.com/reel/DWGxAM9jyGS/,https://www.instagram.com/popular/glass-house-in-forest/,r2_07
glass-house-in-forest,5,miyakojima.kunsei,DVpTBBgAQJZ,"2,337",2337,昨年この時期に大人気だった、たんかん！今年も始めました！【新作】沖縄県産たんかんとローゼルのスムージー,https://www.instagram.com/reel/DVpTBBgAQJZ/,https://www.instagram.com/popular/glass-house-in-forest/,r2_07
glass-house-in-forest,6,bellenademarche,DWnQ2nJkeYR,"1,988",1988,❀ 出店者ご紹介 ❀♔ なかなかバナナ ♔⏩️ @nakanaka.banana【出店日】⏩️ 4/17(,https://www.instagram.com/reel/DWnQ2nJkeYR/,https://www.instagram.com/popular/glass-house-in-forest/,r2_07
glass-house-in-forest,7,kume_shima_gourmet,DVnh8LUEiDT,"2,279",2279,. こんにちは、久米島ぐるっと島ぐるめ（@kume_shima_gourmet）です！今回ご紹介するのは、アグ,https://www.instagram.com/reel/DVnh8LUEiDT/,https://www.instagram.com/popular/glass-house-in-forest/,r2_07
glass-house-in-forest,8,momo_hitoritabi,DWlWlVcyFuD,"3,569",3569,沖縄旅行、那覇でアイス迷子になってる人集合！🍦国際通りからすぐの平和通りで見つけた📍 Fruit marr,https://www.instagram.com/reel/DWlWlVcyFuD/,https://www.instagram.com/popular/glass-house-in-forest/,r2_07
glass-house-in-forest,9,smile_smoothie_roots_ishigaki,DWBWQqmjyic,"1,882",1882,木曜日、金曜日とOpenしまーす！！石垣島も少しずつ暖かくなってきました☀️そろそろスムージーの季節🍌石,https://www.instagram.com/reel/DWBWQqmjyic/,https://www.instagram.com/popular/glass-house-in-forest/,r2_07
glass-house-in-forest,10,mi.mi.okinawa,DVpWy6Vjx4x,35.7K,35700,私がハマった沖縄の〇〇男…🍠✨その名も【芋田芋男（いもだいもお）】💕とにかく芋！芋！芋！尽くし🤤お芋,https://www.instagram.com/reel/DVpWy6Vjx4x/,https://www.instagram.com/popular/glass-house-in-forest/,r2_07
glass-house-in-forest,11,yamaseika.okinawa,DV4lhtpk54d,24.8K,24800,おはようございまーす！ビッグワン那覇店創業祭最終日！オープンしまーす😁yamaseika.okinawaは売,https://www.instagram.com/reel/DV4lhtpk54d/,https://www.instagram.com/popular/glass-house-in-forest/,r2_07
glass-house-in-forest,12,apple_banana_project,DWL_T8PAo2j,293,293,イベントで使用するアップルバナナが沖縄から届きました🍌新しく購入したミキサーでスムージー作ってみました！,https://www.instagram.com/reel/DWL_T8PAo2j/,https://www.instagram.com/popular/glass-house-in-forest/,r2_07
house-on-cliff,1,epocraftdiy,DUtdQv_Dxpp,445K,445000,From Empty Cliff to Private Beach Mansion 🤯 No Music. Just Pure Construction.,https://www.instagram.com/reel/DUtdQv_Dxpp/,https://www.instagram.com/popular/house-on-cliff/,r2_07
house-on-cliff,2,epocraftdiy,DU0LNcYEpXc,"1,604",1604,Building a Luxury Cliff Mansion Above Violent Waves 🌊Raw coastal cliff.,https://www.instagram.com/reel/DU0LNcYEpXc/,https://www.instagram.com/popular/house-on-cliff/,r2_07
house-on-cliff,3,flipfast04,DVkogGojH81,NA,,Living on the Edge... Literally! 🌊🧗‍♂️ #OceanFrontLuxury #CliffsideHome,https://www.instagram.com/reel/DVkogGojH81/,https://www.instagram.com/popular/house-on-cliff/,r2_07
house-on-cliff,4,buildinsecondsss,DVdugg5jMfU,103,103,From raw cliffside rock to a luxury oceanfront villa with an infinity pool.,https://www.instagram.com/reel/DVdugg5jMfU/,https://www.instagram.com/popular/house-on-cliff/,r2_07
house-on-cliff,5,epocraftdiy,DUwZVXdjiNn,"1,633",1633,Cliffside Glass Mansion Transformation.From raw mountain terrain to a fully completed ultra-glass mansion,https://www.instagram.com/reel/DUwZVXdjiNn/,https://www.instagram.com/popular/house-on-cliff/,r2_07
house-on-cliff,6,upmorph,DVF0MYykfFk,226,226,The ultimate oceanfront escape! 🌊✨🏰 Watch this incredible transformation from a dangerous rocky cliff,https://www.instagram.com/reel/DVF0MYykfFk/,https://www.instagram.com/popular/house-on-cliff/,r2_07
house-on-cliff,7,luxury_room_reveals,DUyoQ_9jAFr,110,110,🌊🏡 Building a Luxury Cliffside Dream Home from Scratch! #CliffsideVilla #ModernArchitecture,https://www.instagram.com/reel/DUyoQ_9jAFr/,https://www.instagram.com/popular/house-on-cliff/,r2_07
house-on-cliff,8,formtrashreborn89,DVMPH_fEl6e,139,139,Building a Luxury Cliffside Mansion by the Ocean | Ultimate Dream Home Timelapse 🌊🏡,https://www.instagram.com/reel/DVMPH_fEl6e/,https://www.instagram.com/popular/house-on-cliff/,r2_07
house-on-cliff,9,zen_modo.ai,DVT5s5ICWPe,111,111,"From empty land to a 20,000 sq ft luxury cliffside mansion 🌊🏡 Full cinematic construction journey",https://www.instagram.com/reel/DVT5s5ICWPe/,https://www.instagram.com/popular/house-on-cliff/,r2_07
house-on-cliff,10,theroomedit007,DU6_FmVCLYU,"1,114",1114,Building a literal dream house on the edge of the world! 🌊🏠✨ #Construction #ModernArchitecture,https://www.instagram.com/reel/DU6_FmVCLYU/,https://www.instagram.com/popular/house-on-cliff/,r2_07
house-on-cliff,11,facade_designn,DUSRO7GAIke,461K,461000,🏛️Luxury cliffside villa with breathtaking ocean views 🌊✨ 🏠A modern architectural masterpiece,https://www.instagram.com/reel/DUSRO7GAIke/,https://www.instagram.com/popular/house-on-cliff/,r2_07
house-on-cliff,12,impossible.estates,DVj2qzsDe1H,198,198,"Welcome to The Waterfall Estate. A masterclass in defiance of gravity, carved directly into the heart of the cliff.",https://www.instagram.com/reel/DVj2qzsDe1H/,https://www.instagram.com/popular/house-on-cliff/,r2_07
villa-with-pool,1,latigavilla,DPu5lIRE2Yu,31.3K,31300,"our private villa awaits. Dive into your own pool, enjoy a floating breakfast under the morning sun, and unwind in a spacious king-size bedroom",https://www.instagram.com/reel/DPu5lIRE2Yu/,https://www.instagram.com/popular/villa-with-pool/,r2_07
villa-with-pool,2,luxuryhouseview,DPNv9U0CIMa,34.9K,34900,"""Slide into paradise 🌊🏡 Where luxury meets fun and every day feels like a holiday 🏖️💦"" #DreamHouse #LuxuryLiving #PoolVilla",https://www.instagram.com/reel/DPNv9U0CIMa/,https://www.instagram.com/popular/villa-with-pool/,r2_07
villa-with-pool,3,virasatvillabanquets,C-7IVggSXeM,17.3K,17300,Plan Your Trip we are ready to welcome You ✅ @virasatvillabanquets #instagood #instagram #trendingreels #reels #instadaily #pool #luxury,https://www.instagram.com/reel/C-7IVggSXeM/,https://www.instagram.com/popular/villa-with-pool/,r2_07
villa-with-pool,4,wayanad_rooms,DPqrfxdkzVH,1.1M,1100000,4 BEDROOM POOL VILLA @wayanad_rooms 9946326222,https://www.instagram.com/reel/DPqrfxdkzVH/,https://www.instagram.com/popular/villa-with-pool/,r2_07
villa-with-pool,5,m_g_villas,DCHQJgzNj5z,436K,436000,M G Villa ... #vila #farmhouse #viral #maharashtratourism #lonavala #pune #nature #travel #mountain #villa,https://www.instagram.com/reel/DCHQJgzNj5z/,https://www.instagram.com/popular/villa-with-pool/,r2_07
villa-with-pool,6,mad_traveller_by_titus,DP733JZE0t9,71.9K,71900,4BHK PRIVATE POOL VILLA 10 pax. 18000 including breakfast Extra person. 1000 extra Contact more details,https://www.instagram.com/reel/DP733JZE0t9/,https://www.instagram.com/popular/villa-with-pool/,r2_07
villa-with-pool,7,invisible.mumbaikar,DIG3Me0oeSr,148K,148000,Book a private villa at just 9999/- for 10 people (Offer available on weekdays without food) 😍❤️ 1600/- per person with food,https://www.instagram.com/reel/DIG3Me0oeSr/,https://www.instagram.com/popular/villa-with-pool/,r2_07
villa-with-pool,8,zuber_zooby,DPoFJxjDDUH,3.7M,3700000,"Book now • Two Separate 4BHK Villas: Rent both exclusive villas, located right next to each other! • One villa comfortably fits 16-20 people",https://www.instagram.com/reel/DPoFJxjDDUH/,https://www.instagram.com/popular/villa-with-pool/,r2_07
villa-with-pool,9,aakash.darji,C0TOkqNI7iV,662K,662000,"Giant Pool Inside a Villa 🏊❤️ ☎️ 9960333332 | 992311114 It's a 4 BHK villa and each bedroom has different TV, AC and",https://www.instagram.com/reel/C0TOkqNI7iV/,https://www.instagram.com/popular/villa-with-pool/,r2_07
villa-with-pool,10,realtordenisbibik,DS47rSojdQ-,185K,185000,This is what slow living looks like Contact me for Real Estate in Miami @realtordenisbibik . . Denis S. Bibik Berkshire Hathaway HomeServices EWM Real,https://www.instagram.com/reel/DS47rSojdQ-/,https://www.instagram.com/popular/villa-with-pool/,r2_07
villa-with-pool,11,siddhijagtap___,DReq7GZjE-d,31.1K,31100,Infinity pool and Spacious Villa✨ Booking: 9004308311 Location: @thehillconnection 📍 1200 per person on weekdays up to 10 people,https://www.instagram.com/reel/DReq7GZjE-d/,https://www.instagram.com/popular/villa-with-pool/,r2_07
villa-with-pool,12,namanrecommends,DKpD7EJKsWV,236K,236000,3BHK villa with 'Two Private Pools' at just ₹800 per person 😍😍 . Located near malavali station and you can reach there by train,https://www.instagram.com/reel/DKpD7EJKsWV/,https://www.instagram.com/popular/villa-with-pool/,r2_07
luxury-villa-with-pool,1,tarini.kalingarayar,DIliWqbSVHv,313K,313000,Looking for the perfect Summer Staycation around Chennai?Escape to @ibiza_highviblelife,https://www.instagram.com/reel/DIliWqbSVHv/,https://www.instagram.com/popular/luxury-villa-with-pool/,r2_07
luxury-villa-with-pool,2,mowniee_j,DUu-hk8CEPC,"4,944",4944,Booked it for the weekend. Now I'm wondering if I can stay forever. Tucked away just off,https://www.instagram.com/reel/DUu-hk8CEPC/,https://www.instagram.com/popular/luxury-villa-with-pool/,r2_07
luxury-villa-with-pool,3,wanderlost_prachi,DNIWSnSTrsf,211K,211000,Top 8 Romantic Villas In #nammachennai ❤️🫶💯 1) Ivy Villa @ivy_villa_ecr : 1 BHK cozy,https://www.instagram.com/reel/DNIWSnSTrsf/,https://www.instagram.com/popular/luxury-villa-with-pool/,r2_07
luxury-villa-with-pool,4,vizag_talks,DNm5oeiSiWo,187K,187000,"Most luxurious villas in vizag , Crazy experience 🔥 📍Bheemili 📞9666292242 .",https://www.instagram.com/reel/DNm5oeiSiWo/,https://www.instagram.com/popular/luxury-villa-with-pool/,r2_07
luxury-villa-with-pool,5,royal_villa_lonavala,DVWRvV4iOm7,502,502,Make this Holi extra special with your friends and family at our beautifully designed 2 BHK,https://www.instagram.com/reel/DVWRvV4iOm7/,https://www.instagram.com/popular/luxury-villa-with-pool/,r2_07
luxury-villa-with-pool,6,chennai_ecrvilla,DUmt1TSk5_8,54.5K,54500,For Booking 7708860986 2 bhk individual villa with swimming pool Weekdays - 7k weekends,https://www.instagram.com/reel/DUmt1TSk5_8/,https://www.instagram.com/popular/luxury-villa-with-pool/,r2_07
luxury-villa-with-pool,7,gozee_holidays,DVfeEwHE-qz,"3,369",3369,Enjoy a relaxing stay in our 2 Bedroom Private Pool Villa — perfect for Bachelors and Small,https://www.instagram.com/reel/DVfeEwHE-qz/,https://www.instagram.com/popular/luxury-villa-with-pool/,r2_07
luxury-villa-with-pool,8,wellbee_travels,DQMbsBCElDV,69.9K,69900,Best Budget Private Pool Rooms at Varkala 😍 Save for later.!! 800 Meters to Odayam Beach,https://www.instagram.com/reel/DQMbsBCElDV/,https://www.instagram.com/popular/luxury-villa-with-pool/,r2_07
luxury-villa-with-pool,9,ecr_villa_and_stay,DUuWYjWAZYH,198,198,3bhk Villa With Swimming pool 💢 For Booking and More Details 👇 7708860986 #ecrbeach #ecrr,https://www.instagram.com/reel/DUuWYjWAZYH/,https://www.instagram.com/popular/luxury-villa-with-pool/,r2_07
luxury-villa-with-pool,10,trending_pondicherry,DPAYn7EkwE8,100K,100000,Auroville Beach Villa Contact : 8122467079 #aurovillevilla #aurovillebeach🌊 #aurovillebeach,https://www.instagram.com/reel/DPAYn7EkwE8/,https://www.instagram.com/popular/luxury-villa-with-pool/,r2_07
luxury-villa-with-pool,11,madras_beach_resort_villa,DUadDJuj86t,58,58,⚠️Tag ur frnd to 🏖Vibe Here... 👉🏻@tn_beach_resort_villa . . #follow for #More,https://www.instagram.com/reel/DUadDJuj86t/,https://www.instagram.com/popular/luxury-villa-with-pool/,r2_07
luxury-villa-with-pool,12,asfavlogs,DPtWTvUEWHs,121K,121000,Just ₹8K🤩 for a private villa in Kovalam ECR Beach! 🌊 Contact White stone villa,https://www.instagram.com/reel/DPtWTvUEWHs/,https://www.instagram.com/popular/luxury-villa-with-pool/,r2_07
dream-house-design,1,meraz_king_house,DIWX8F4CNzO,32K,32000,Dream house… #house #home #realestate #architecture #design #music #dj #techno #interiordesign #housemusic #homedecor #interior #dance #deephouse #lov,https://www.instagram.com/reel/DIWX8F4CNzO/,https://www.instagram.com/popular/dream-house-design/,r2_07
dream-house-design,2,modernhousedesign918,DSfFVlZE0m1,116K,116000,Sirf 43 Lakhs me bana ye modern luxury house 🔥 Looks bilkul crore-level villa jaisa 😍 Premium elevation ✨ Modern lighting + entrance design 🏠 Perfect,https://www.instagram.com/reel/DSfFVlZE0m1/,https://www.instagram.com/popular/dream-house-design/,r2_07
dream-house-design,3,exploringdreamhomes,DUaraiFDe1U,835K,835000,Very pretty 😍🥳,https://www.instagram.com/reel/DUaraiFDe1U/,https://www.instagram.com/popular/dream-house-design/,r2_07
dream-house-design,4,propertypromohali,DTVZ-VuAbrX,76.4K,76400,Dream Home ❤️ . . . . . #explorepage✨ #dreamhome #homedesign #homesweethome #reelsinstagram,https://www.instagram.com/reel/DTVZ-VuAbrX/,https://www.instagram.com/popular/dream-house-design/,r2_07
dream-house-design,5,lazaroluxury_homesdecor,DGsrtOON0GT,"6,868",6868,DREAMS HOUSE 🏠🏠🏠 CALL #0656074444 #0682551274,https://www.instagram.com/reel/DGsrtOON0GT/,https://www.instagram.com/popular/dream-house-design/,r2_07
dream-house-design,6,jamshicv,DNXZNt8SO-Q,815K,815000,"Total Sqft : 1570 3BHK 🏡✨ ""Modern elegance meets tropical vibes! 🌴 Discover this stunning contemporary home design with sleek lines, natural textures,",https://www.instagram.com/reel/DNXZNt8SO-Q/,https://www.instagram.com/popular/dream-house-design/,r2_07
dream-house-design,7,luxuriatetouche,DMsu-AtArBt,2.1M,2100000,"🏡✨ Where modern design meets timeless beauty — a space that feels like pure peace 💖🌿 💬 If you had a choice, which city would you build this home in? D",https://www.instagram.com/reel/DMsu-AtArBt/,https://www.instagram.com/popular/dream-house-design/,r2_07
dream-house-design,8,majestic_manors_assam,DKlpwIsBsfB,6.2M,6200000,🚨 Everyone thought we spent over a crore... until we told them it was just ₹48 Lakhs. This 2700 sq.ft modern-luxury home isn't a rich man's dream — it,https://www.instagram.com/reel/DKlpwIsBsfB/,https://www.instagram.com/popular/dream-house-design/,r2_07
dream-house-design,9,abdullah_home980,DOYm086Ad-r,141K,141000,#architect #interiordesign #homedesign #3dvisualization #architecturaldigest,https://www.instagram.com/reel/DOYm086Ad-r/,https://www.instagram.com/popular/dream-house-design/,r2_07
dream-house-design,10,dreamhomedesigns1,DX_nO78ITky,159,159,Best dream home design idea 🥰🏡 #reels #homedecor,https://www.instagram.com/reel/DX_nO78ITky/,https://www.instagram.com/popular/dream-house-design/,r2_07
dream-house-design,11,exploringdreamhomes,DUdAk3OjSIe,520K,520000,Dream home 🥰🏡,https://www.instagram.com/reel/DUdAk3OjSIe/,https://www.instagram.com/popular/dream-house-design/,r2_07
dream-house-design,12,veerhomesjaipur,DPswds-k8kt,3.5M,3500000,Ultra luxury house Design 🏠 #viral #interiordesign #luxury #forsale #house #explorepage #home #homedecor #instagram #propertyforsale #trendingreels #e,https://www.instagram.com/reel/DPswds-k8kt/,https://www.instagram.com/popular/dream-house-design/,r2_07
