shortcode,url,handle,posted_at_utc,is_new,seen_last_week,age_days,views,metric,topic_index,topic_pct,in_top_quartile,followers,followers_source,vpf,tier,likes,comments,likes_per_view,n_topics,topics,topic_group,kw_room,kw_style,kw_setting,kw_combo,hook,hook_source,hook_h,ai_disclosed_kw,caption_first_line,code_room,code_style,code_hook,code_production,code_realism
DG-dfDMMxzF,https://www.instagram.com/reel/DG-dfDMMxzF/,sunt_mrr,2025-03-09T10:53:37.521000+00:00,False,,564.5,6800000,views,370.5722,1.0,True,2000000,embed_reel,3.4,3_VERY_GOOD,147260,1884,0.0217,1,cliff-house,unusual_home,whole_home,other,cliff,other × whole_home,descriptive,code,aspirational,True,Villa in the rock with a dream view .,pool,mediterranean,descriptive,ai_generated,stylized_dreamy
Db_Rbvopxsw,https://www.instagram.com/reel/Db_Rbvopxsw/,north_cascades_haven,2026-08-13T17:26:50.026000+00:00,False,,42.3,27900000,views,138.4615,1.0,True,,,,,,,,1,cozy-cabin-in-the-snow,cozy_ambience,whole_home,cozy_rustic,mountain_snow,cozy_rustic × whole_home,question,heuristic,question,False,Who's ready for this?❄️🌨️🤍 #winter #cabin #snow #river #pnw,,,,,
DIHSUx1PJ8j,https://www.instagram.com/reel/DIHSUx1PJ8j/,natural_._scenery,2025-04-06T17:40:39.747000+00:00,False,,536.3,74100000,views,131.9679,1.0,True,,,,,8800000,28200,0.1188,2,cozy-rain;rain-cozy,cozy_ambience,other,cozy_rustic,rain,cozy_rustic × other,descriptive,code,aspirational,False,This video was made for anyone looking for peace in the middle of a busy or overwhelming day.,bedroom,other,descriptive,real_footage,real_existing
DBWhf0koR7_,https://www.instagram.com/reel/DBWhf0koR7_/,soothenests,2024-10-20T16:02:05.474000+00:00,False,,704.3,45100000,views,129.5977,1.0,True,2000000,embed_reel,22.55,5_EXTREME_OUTLIER,2083010,6514,0.0462,2,dream-bedrooms;luxury-bedroom,luxury_room,bedroom,cozy_rustic,rain,cozy_rustic × bedroom,descriptive,heuristic,descriptive,False,"Raindrops on My Window, Euphoria in My Soul: Luxury Bedroom Bliss #cozybedroom #cozyapartment #euphoria",living_room,dark_luxury,,ai_generated,stylized_dreamy
DVY1P4AArWL,https://www.instagram.com/reel/DVY1P4AArWL/,fast_buildsx,2026-03-02T16:01:02.425000+00:00,False,,206.3,1600000,views,87.1935,0.9167,True,1000000,embed_reel,1.6,2_GOOD,39342,360,0.0246,1,cliff-house,unusual_home,whole_home,other,cliff,other × whole_home,curiosity,code,aspirational,False,Inside the World's Most Peaceful Cliffside Hideout 🏔️✨ Step inside this breathtaking,other,biophilic,curiosity,ai_generated,stylized_dreamy
C_Pf1dboaeJ,https://www.instagram.com/reel/C_Pf1dboaeJ/,siyad_abdali,2024-08-29T05:30:05.840000+00:00,False,,756.8,282000000,views,80.5714,1.0,True,4000000,account_lookup,70.5,5_EXTREME_OUTLIER,12000000,28800,0.0426,1,dream-room,fantasy_dream,other,other,none,other × other,none,code,descriptive,False,NA,bedroom,modern_luxury,none,ai_generated,stylized_dreamy
DV_a3j9jJ64,https://www.instagram.com/reel/DV_a3j9jJ64/,foorcrafts,2026-03-17T15:40:54.612000+00:00,False,,191.3,1300000,views,70.8447,0.8333,True,110000,embed_reel,11.8182,4_VIRAL,24377,280,0.0188,1,cliff-house,unusual_home,whole_home,other,cliff,other × whole_home,curiosity,code,descriptive,False,Building a Glass House on a Cliff 😳 | Insane Construction Process Step by Step Watch how,other,other,curiosity,ai_generated,fantasy_impossible
DPik9aHAdpr,https://www.instagram.com/reel/DPik9aHAdpr/,arunashokanphotography,2025-10-08T07:42:44.967000+00:00,False,,351.7,6100000,views,49.3927,1.0,True,19000,embed_reel,321.0526,5_EXTREME_OUTLIER,601644,1818,0.0986,1,biophilic-bedroom-design,style,bedroom,biophilic,none,biophilic × bedroom,descriptive,code,descriptive,False,Home 🌟 11:11,bedroom,biophilic,descriptive,real_footage,real_existing
DMYHlSWuqZK,https://www.instagram.com/reel/DMYHlSWuqZK/,clarazrd,2025-07-21T16:39:27.750000+00:00,False,,430.3,72100000,views,48.0667,1.0,True,297000,embed_reel,242.7609,5_EXTREME_OUTLIER,9084957,39500,0.126,1,luxury-penthouse,luxury_home,whole_home,modern_luxury,city_skyline,modern_luxury × whole_home,promotional,code,location,False,#forsale Penthouse NYC | I'm a Real Estate Agent in New York.,living_room,minimalist,promotional,real_footage,real_existing
C0ARCNMr6wK,https://www.instagram.com/reel/C0ARCNMr6wK/,cliffhousemaine,2023-11-23T21:46:49.330000+00:00,False,,1036.1,830000,views,45.2316,0.75,True,130000,embed_reel,6.3846,4_VIRAL,12067,69,0.0145,1,cliff-house,unusual_home,whole_home,other,cliff,other × whole_home,none,code,descriptive,False,Grateful…Wishing everyone a happy Thanksgiving from Cliff House Maine!,pool,other,none,real_footage,real_existing
CxH3K5IL2w6,https://www.instagram.com/reel/CxH3K5IL2w6/,lk4id,2023-09-13T07:00:33.513000+00:00,False,,1107.7,13000000,views,44.905,1.0,True,2000000,embed_reel,6.5,4_VIRAL,888774,2064,0.0684,1,futuristic-interior,future_arch,living_room,futuristic,none,futuristic × living_room,descriptive,code,aspirational,False,Modern urban #penthouse living area 🥂 #housetour #walkthrough #virtualreality #render #livingroom #condo #virtualtour #l,living_room,dark_luxury,descriptive,3d_render,stylized_dreamy
C87NQHRtm6B,https://www.instagram.com/reel/C87NQHRtm6B/,drcozyvibes,2024-07-02T15:20:06.780000+00:00,False,,814.4,155000000,views,40.2597,1.0,True,584000,account_lookup,265.411,5_EXTREME_OUTLIER,6100000,18000,0.0394,1,cozy-rain,cozy_ambience,bedroom,cozy_rustic,rain,cozy_rustic × bedroom,descriptive,code,aspirational,False,"Rainy Day Reflections: Comfort Bed, Melodic Drops, and a Scenic Window #cozycabin #RainyDayVibes",bedroom,biophilic,descriptive,ai_generated,stylized_dreamy
DQzx59pEsqO,https://www.instagram.com/reel/DQzx59pEsqO/,lisi.quietdiaries,2025-11-08T20:34:21.483000+00:00,False,,320.1,22700000,views,40.2482,1.0,True,153000,embed_reel,148.366,5_EXTREME_OUTLIER,2000000,2600,0.0881,1,quiet-luxury,luxury_room,whole_home,modern_luxury,none,modern_luxury × whole_home,aspirational,heuristic,aspirational,False,a quiet life feels like home #aesthetic #quietlife #slowlife,living_room,modern_luxury,,real_footage,aspirational_realistic
C_5u72pxVBx,https://www.instagram.com/reel/C_5u72pxVBx/,elarch.studio,2024-09-14T15:10:08.684000+00:00,False,,740.4,15500000,views,40.0517,1.0,True,540000,embed_reel,28.7037,5_EXTREME_OUTLIER,896610,1720,0.0578,1,ultra-modern-luxury-house-design,luxury_home,whole_home,modern_luxury,none,modern_luxury × whole_home,descriptive,code,descriptive,False,"Renderizado por @elarch.studio, este projeto noturno para @arquiteturash é uma verdadeira obra de arte moderna.",whole_home,modern_luxury,descriptive,3d_render,aspirational_realistic
DLI3AbXsnNC,https://www.instagram.com/reel/DLI3AbXsnNC/,archibible,2025-06-20T21:54:37.064000+00:00,False,,461.1,14300000,views,34.5828,1.0,True,220000,embed_reel,65.0,5_EXTREME_OUTLIER,859802,6252,0.0601,1,midjourney-architecture,ai,whole_home,futuristic,mountain_snow,futuristic × whole_home,fantasy,code,descriptive,False,Alpine Future .,whole_home,futuristic,fantasy,ai_generated,fantasy_impossible
DSNLwLZCKcD,https://www.instagram.com/reel/DSNLwLZCKcD/,architect_hitesh,2025-12-13T13:52:37.259000+00:00,False,,285.4,14900000,views,32.6039,1.0,True,262000,embed_reel,56.8702,5_EXTREME_OUTLIER,503072,392,0.0338,1,modern-villa,luxury_home,whole_home,modern_luxury,none,modern_luxury × whole_home,descriptive,code,descriptive,False,Ultra Luxury Morden villa || #explore #home #luxurylifestyle,whole_home,modern_luxury,descriptive,ai_generated,aspirational_realistic
Da_rdPUj1jN,https://www.instagram.com/reel/Da_rdPUj1jN/,sandiwara_multiverse.99,2026-07-20T00:42:50.114000+00:00,False,,67.0,85200000,views,32.1509,1.0,True,402000,embed_reel,211.9403,5_EXTREME_OUTLIER,1948148,18776,0.0229,1,treehouse,unusual_home,whole_home,tropical,rain,tropical × whole_home,descriptive,code,descriptive,False,TreeHouse #GiantTree #TreeTopHouse #JungleLife #Rainforest,whole_home,other,descriptive,ai_generated,stylized_dreamy
CvNKxqDtAj1,https://www.instagram.com/reel/CvNKxqDtAj1/,homeofmerve,2023-07-27T15:25:17.408000+00:00,False,,1155.4,13100000,views,30.5361,1.0,True,459000,embed_reel,28.5403,5_EXTREME_OUTLIER,587961,700,0.0449,2,bedroom-design;cozy-bedroom-ideas,cozy_ambience,bedroom,cozy_rustic,none,cozy_rustic × bedroom,none,code,descriptive,False,liebs💓🫶🏽 #bedroom • • • • • • • • • • • • • • • #interior #inspohome #interiorhome #bedroominspiration #schlafzimmerinsp,bedroom,scandinavian,none,real_footage,real_existing
DQostfIDLYr,https://www.instagram.com/reel/DQostfIDLYr/,siyad_abdali,2025-11-04T13:17:19.081000+00:00,False,,324.4,5100000,views,29.9296,1.0,True,4000000,embed_reel,1.275,2_GOOD,215644,566,0.0423,1,cozy-winter-cabin,cozy_ambience,whole_home,cozy_rustic,mountain_snow,cozy_rustic × whole_home,descriptive,code,aspirational,False,"Cozy Cabin on a Snowy Day | Reading, Music & Peaceful Alone Time 🕯📖🎶",bedroom,cozy_rustic,descriptive,ai_generated,stylized_dreamy
DP0eKr0joHI,https://www.instagram.com/reel/DP0eKr0joHI/,ghstudio._,2025-10-15T06:29:43.490000+00:00,False,,344.7,19700000,views,29.2719,1.0,True,928000,embed_reel,21.2284,5_EXTREME_OUTLIER,992009,8690,0.0504,1,house-in-the-forest,unusual_home,whole_home,other,forest,other × whole_home,descriptive,code,descriptive,False,My Best Games Ever - 99 NIGHT IN THE FOREST | ROBLOX ANIMATION #roblox #nightintheforest,other,other,descriptive,unclear,fantasy_impossible
C25OoI1IRag,https://www.instagram.com/reel/C25OoI1IRag/,homebyhyla,2024-02-03T17:45:17.123000+00:00,False,,964.3,28600000,views,29.0355,1.0,True,168000,embed_reel,170.2381,5_EXTREME_OUTLIER,1634996,1488,0.0572,2,ai-home-design;ai-interior-design,ai,whole_home,other,none,other × whole_home,descriptive,code,descriptive,False,Projet L🍂 .,living_room,biophilic,descriptive,3d_render,aspirational_realistic
DNFJflNzAYj,https://www.instagram.com/reel/DNFJflNzAYj/,kerala_architectures,2025-08-08T04:21:59.028000+00:00,False,,412.8,6900000,views,28.9916,1.0,True,239000,embed_reel,28.8703,5_EXTREME_OUTLIER,191603,957,0.0278,1,tropical-house-architecture-styles,architecture,whole_home,tropical,none,tropical × whole_home,location,code,aspirational,False,🏡 Tropical Modern Bliss in the Heart of Kerala 🌴✨ This stunning 4BHK home is a perfect blend of minimal design and Keral,whole_home,tropical,location,real_footage,real_existing
C9z7ny9syhE,https://www.instagram.com/reel/C9z7ny9syhE/,reschio,2024-07-24T16:02:46.228000+00:00,False,,792.3,18800000,views,27.8932,1.0,True,2000000,embed_reel,9.4,4_VIRAL,1320822,4472,0.0703,1,luxury-pool,pool,pool,modern_luxury,none,modern_luxury × pool,descriptive,code,aspirational,False,"In the intense summer heat, Reschio remains an oasis of serenity.",pool,mediterranean,descriptive,real_footage,real_existing
DI9Q70Uo8fB,https://www.instagram.com/reel/DI9Q70Uo8fB/,luxuriatetouche,2025-04-27T16:47:30.306000+00:00,False,,515.3,9700000,views,25.0646,0.9167,True,4000000,embed_reel,2.425,3_VERY_GOOD,549064,5185,0.0566,1,ultra-modern-luxury-house-design,luxury_home,bedroom,modern_luxury,none,modern_luxury × bedroom,descriptive,code,aspirational,False,Luxury modern house exterior design 🏠 #lightingdesign #lightingdecor #lighting #lightdesign #livingarea #livingspace #be,other,classical,descriptive,ai_generated,stylized_dreamy
DOvkVSNCDEW,https://www.instagram.com/reel/DOvkVSNCDEW/,soothenests,2025-09-18T12:16:00.243000+00:00,False,,371.5,8100000,views,24.0713,1.0,True,2000000,embed_reel,4.05,3_VERY_GOOD,424989,1706,0.0525,1,ai-cozy-cabin,ai,whole_home,cozy_rustic,rain,cozy_rustic × whole_home,aspirational,code,aspirational,False,Snuggled Up & Storm Watching: The Perfect Cozy Cabin,bedroom,cozy_rustic,aspirational,ai_generated,stylized_dreamy
C1GMtBitz8c,https://www.instagram.com/reel/C1GMtBitz8c/,nicolemsunderland,2023-12-21T01:35:48.894000+00:00,False,,1008.9,21000000,views,23.6353,1.0,True,,,,,,,,1,overwater-villa,hotel_resort,whole_home,other,ocean_beach,other × whole_home,descriptive,heuristic,descriptive,False,Best overwater villas 🥰🤯 #passportbyforbes #mydomainetravels #Tastemademedoit #iamatraveler #forbestravelguide,,,,,
DS_uPLMlNwQ,https://www.instagram.com/reel/DS_uPLMlNwQ/,calm_neststudio,2026-01-02T04:55:58.578000+00:00,False,,265.8,13100000,views,23.3304,0.9167,True,156000,account_lookup,83.9744,5_EXTREME_OUTLIER,446900,3500,0.0341,2,cozy-rain;rain-cozy,cozy_ambience,other,cozy_rustic,rain,cozy_rustic × other,descriptive,code,descriptive,False,"Relaxing Gentle Rain, for longer rain videos on my Youtube #sleepingrain #asmrain #relaxingrainforsleep #relaxingforslee",bedroom,biophilic,descriptive,ai_generated,stylized_dreamy
C-ks822KeDg,https://www.instagram.com/reel/C-ks822KeDg/,abdullahaslanoglu_,2024-08-12T14:37:21.605000+00:00,False,,773.4,10200000,views,22.3195,0.9167,True,68000,embed_reel,150.0,5_EXTREME_OUTLIER,411425,2256,0.0403,1,modern-villa,luxury_home,whole_home,modern_luxury,none,modern_luxury × whole_home,descriptive,code,descriptive,False,Modernism touched by light 💥 @abdullahaslanoglu_ #REKLAM #building #buildingdesign #3dbuilding #design #bina #binatasarı,whole_home,modern_luxury,descriptive,3d_render,aspirational_realistic
DUtCMyYEVvs,https://www.instagram.com/reel/DUtCMyYEVvs/,sagephillipshome,2026-02-13T15:47:37.865000+00:00,False,,223.3,3000000,views,21.5208,1.0,True,563000,embed_reel,5.3286,4_VIRAL,181209,2623,0.0604,1,organic-modern,style,other,biophilic,none,biophilic × other,instructional,code,descriptive,False,I'm telling you… brown bedding is the move.,bedroom,biophilic,instructional,real_footage,real_existing
CpkH2qfguh_,https://www.instagram.com/reel/CpkH2qfguh_/,gabscanu,2023-03-09T10:13:55.608000+00:00,False,,1295.6,17100000,views,19.2459,0.9167,True,505000,embed_reel,33.8614,5_EXTREME_OUTLIER,915520,3503,0.0535,1,overwater-villa,hotel_resort,whole_home,other,ocean_beach,other × whole_home,question,code,question,False,Is this the ultimate villa/playground?,whole_home,tropical,question,real_footage,real_existing
DPT0PbTEwtD,https://www.instagram.com/reel/DPT0PbTEwtD/,sunt_mrr,2025-10-02T14:07:40.415000+00:00,False,,357.4,4700000,views,18.3989,1.0,True,2000000,embed_reel,2.35,3_VERY_GOOD,272076,1187,0.0579,2,overwater-villa;underwater-hotel,hotel_resort,whole_home,modern_luxury,underwater,modern_luxury × whole_home,fantasy,code,aspirational,True,Dream underwater villa .,whole_home,minimalist,fantasy,ai_generated,fantasy_impossible
DXMw4QLjB35,https://www.instagram.com/reel/DXMw4QLjB35/,lena_nichi_art,2026-04-16T16:34:45.872000+00:00,False,,161.3,6000000,views,17.8306,0.9167,True,203000,embed_reel,29.5567,5_EXTREME_OUTLIER,124614,789,0.0208,1,ai-cozy-cabin,ai,whole_home,cozy_rustic,none,cozy_rustic × whole_home,question,code,question,False,Would you dare spend the night here?,bedroom,cozy_rustic,question,ai_generated,stylized_dreamy
DOExDYCiEYm,https://www.instagram.com/reel/DOExDYCiEYm/,luxuryhouseview,2025-09-01T21:19:48.702000+00:00,False,,388.1,4700000,views,16.7558,1.0,True,389000,embed_reel,12.0823,4_VIRAL,233393,1117,0.0497,4,futuristic-home;luxury-house;luxury-penthouse;modern-luxury-house-interiors,future_arch,whole_home,futuristic,none,futuristic × whole_home,descriptive,code,descriptive,False,ULTRA Luxury House Interior Design💎✨☄️ #luxuryhouseview #luxury #Home #miamistad #miamilife #miamivice #travel #fyp #hig,living_room,modern_luxury,descriptive,3d_render,stylized_dreamy
DXC3fVijoEN,https://www.instagram.com/reel/DXC3fVijoEN/,elitebuildhq,2026-04-12T20:20:07.454000+00:00,False,,165.2,17300000,views,15.5926,1.0,True,2000000,embed_reel,8.65,4_VIRAL,609014,2338,0.0352,1,underground-house,unusual_home,whole_home,futuristic,none,futuristic × whole_home,curiosity,code,curiosity,False,The Ultimate Secret Underground Oasis 🌊💎 .,pool,modern_luxury,curiosity,ai_generated,aspirational_realistic
DX46CqWjZej,https://www.instagram.com/reel/DX46CqWjZej/,imtiazsahib33,2026-05-03T20:01:24.742000+00:00,False,,144.2,16600000,views,14.9617,0.9167,True,120000,embed_reel,138.3333,5_EXTREME_OUTLIER,428260,1558,0.0258,1,underground-house,unusual_home,whole_home,other,none,other × whole_home,curiosity,code,curiosity,False,Building a SECRET Underground Room Under My Lawn!,office_library,futuristic,curiosity,ai_generated,stylized_dreamy
C0ewp4eRrH8,https://www.instagram.com/reel/C0ewp4eRrH8/,ryanknoch,2023-12-05T18:00:20.245000+00:00,False,,1024.2,7800000,views,14.8008,1.0,True,,,,,,,,1,modern-luxury-house-interiors,luxury_home,whole_home,modern_luxury,desert,modern_luxury × whole_home,aspirational,heuristic,aspirational,False,"🔥A masterful expression of desert modern living, this new architectural luxurious home with outstanding",,,,,
DR93ufJDfjx,https://www.instagram.com/reel/DR93ufJDfjx/,serenecabin,2025-12-07T15:09:01.163000+00:00,False,,291.4,2500000,views,14.6714,0.9167,True,84000,embed_reel,29.7619,5_EXTREME_OUTLIER,70452,486,0.0282,2,cozy-winter-cabin;luxury-cabin,cozy_ambience,whole_home,cozy_rustic,mountain_snow,cozy_rustic × whole_home,aspirational,code,aspirational,False,The Alchemy of Atmosphere: Crafting Cabin Serenity ✨ #cozycabin #relaxation #heavysnowfall,bedroom,cozy_rustic,aspirational,ai_generated,stylized_dreamy
DNisARex_K2,https://www.instagram.com/reel/DNisARex_K2/,theimagehs,2025-08-19T15:41:31.158000+00:00,False,,401.3,5600000,views,13.5429,0.9167,True,137000,embed_reel,40.8759,5_EXTREME_OUTLIER,215527,2390,0.0385,1,midjourney-architecture,ai,whole_home,futuristic,none,futuristic × whole_home,fantasy,code,descriptive,True,"Unlikely future part 3 Tools; @midjourney, @magnific_ai, @hailuoai_official, @topazlabs #freepikai #freepik #scifi #midj",whole_home,futuristic,fantasy,ai_generated,fantasy_impossible
CyGpI71u_QA,https://www.instagram.com/reel/CyGpI71u_QA/,jiqbalrealtor,2023-10-07T16:10:06.660000+00:00,False,,1083.3,19500000,views,13.0,0.9167,True,110000,embed_reel,177.2727,5_EXTREME_OUTLIER,911772,3058,0.0468,1,luxury-penthouse,luxury_home,whole_home,modern_luxury,none,modern_luxury × whole_home,aspirational,code,aspirational,False,your dreamy nyc penthouse✨🌆 Follow @jiqbalrealtor for more content!,other,minimalist,aspirational,real_footage,real_existing
C6rOLbLriyx,https://www.instagram.com/reel/C6rOLbLriyx/,iz__designs,2024-05-07T17:17:34.448000+00:00,False,,870.3,21900000,views,12.7363,0.9167,True,109000,embed_reel,200.9174,5_EXTREME_OUTLIER,746889,2060,0.0341,1,ai-interior-design,ai,living_room,other,none,other × living_room,descriptive,code,aspirational,False,New reel for livingroom Design & Render : @iz__designs Tell me What your thoughts,living_room,modern_luxury,descriptive,3d_render,aspirational_realistic
DUbXaywiEol,https://www.instagram.com/reel/DUbXaywiEol/,ell.glamhome,2026-02-06T19:06:42.874000+00:00,False,,230.2,8200000,views,12.4431,1.0,True,1000000,embed_reel,8.2,4_VIRAL,450186,1699,0.0549,2,dream-bedroom;dream-room,fantasy_dream,bedroom,other,none,other × bedroom,curiosity,code,aspirational,False,When 🦋 meet 🌸 #bedroom #bedroomideas #bedroomdesign There is a tiny line between dreams and reallity,bedroom,other,curiosity,real_footage,real_existing
C3S6d8-RtGv,https://www.instagram.com/reel/C3S6d8-RtGv/,greenitecture,2024-02-13T17:09:23.157000+00:00,False,,954.3,2800000,views,12.2807,1.0,True,341000,embed_reel,8.2111,4_VIRAL,176043,650,0.0629,1,tropical-house,style,whole_home,tropical,jungle,tropical × whole_home,aspirational,code,descriptive,False,🌱 Relax at this jungle oasis!,other,tropical,aspirational,real_footage,real_existing
C-RyNNZMIaO,https://www.instagram.com/reel/C-RyNNZMIaO/,cozyzen.ai,2024-08-05T06:17:42.795000+00:00,False,,780.7,4100000,views,12.1842,0.8333,True,498000,embed_reel,8.2329,4_VIRAL,238847,1099,0.0583,1,ai-cozy-cabin,ai,bedroom,cozy_rustic,mountain_snow,cozy_rustic × bedroom,fantasy,code,descriptive,False,"Alone in a mountain cave cabin, enjoying the rain and warmth from bed.",bedroom,cozy_rustic,fantasy,ai_generated,stylized_dreamy
Ckw-qi6pNFX,https://www.instagram.com/reel/Ckw-qi6pNFX/,yesiinna,2022-11-10T03:26:47.118000+00:00,False,,1414.9,5200000,views,12.1212,0.9167,True,64000,embed_reel,81.25,5_EXTREME_OUTLIER,476076,429,0.0916,1,cozy-bedroom-ideas,cozy_ambience,bedroom,cozy_rustic,none,cozy_rustic × bedroom,aspirational,code,descriptive,False,"Maybe, true happiness is when we are happy with ourselves.",bedroom,cozy_rustic,aspirational,real_footage,real_existing
DB_v0uWR06c,https://www.instagram.com/reel/DB_v0uWR06c/,starlight_retreats,2024-11-05T16:16:08.453000+00:00,False,,688.3,5400000,views,11.6631,1.0,True,,,,,,,,1,luxury-cabin,unusual_home,whole_home,cozy_rustic,none,cozy_rustic × whole_home,fantasy,heuristic,fantasy,False,"Imagine a cozy cabin just for us, surrounded by nature and filled with little touches to make our getaway unforgettable.",,,,,
DUiv0Xige1Z,https://www.instagram.com/reel/DUiv0Xige1Z/,luxurydreamhub,2026-02-09T15:54:36.318000+00:00,False,,227.3,4000000,views,11.4943,0.9167,True,1000000,embed_reel,4.0,3_VERY_GOOD,302997,1101,0.0757,2,dream-bedrooms;luxury-bedroom,luxury_room,bedroom,modern_luxury,none,modern_luxury × bedroom,aspirational,code,aspirational,False,Sweet lavender dreams and ethereal glows.,bedroom,other,aspirational,ai_generated,stylized_dreamy
DbXmQ4LqfbJ,https://www.instagram.com/reel/DbXmQ4LqfbJ/,eloisepreen,2026-07-29T07:39:13.776000+00:00,False,,57.7,3500000,views,11.4566,1.0,True,,,,,,,,1,art-deco-interior-design,style,whole_home,art_deco,none,art_deco × whole_home,descriptive,heuristic,descriptive,False,my colourful mid century modern home 🏡🎨🪴 #apartmentaesthetic #midcenturymodern #interiordesign #fyp #boyandgirlapartment,,,,,
DUv6Hefgpjs,https://www.instagram.com/reel/DUv6Hefgpjs/,not_your_basic_build,2026-02-14T18:34:43.352000+00:00,False,,222.2,12600000,views,11.3565,0.8333,True,974000,embed_reel,12.9363,4_VIRAL,251739,895,0.02,1,underground-house,unusual_home,whole_home,other,none,other × whole_home,curiosity,code,curiosity,False,I Built a Secret Underground Bunker Alone Ever wondered what's hidden beneath a simple backyard?,other,mediterranean,curiosity,ai_generated,aspirational_realistic
DMPZzYxNF_b,https://www.instagram.com/reel/DMPZzYxNF_b/,insmultiverse,2025-07-18T07:25:30.555000+00:00,False,,433.7,604000,views,11.2792,1.0,True,79000,embed_reel,7.6456,4_VIRAL,26466,2640,0.0438,1,future-houses-2050,future_arch,whole_home,futuristic,none,futuristic × whole_home,choice,code,choice,False,Which house would you pick to live in?,whole_home,cozy_rustic,choice,ai_generated,stylized_dreamy
C2N6luRLzhO,https://www.instagram.com/reel/C2N6luRLzhO/,anderalencar,2024-01-17T22:02:51.003000+00:00,False,,981.1,4200000,views,11.1851,1.0,True,478000,embed_reel,8.7866,4_VIRAL,54499,455,0.013,1,ai-architecture,ai,whole_home,other,none,other × whole_home,descriptive,code,descriptive,False,MDJ House Visualization | @anderalencar Project | @mssm.associates + @rsigroup Location | Indonesia Soft,whole_home,biophilic,descriptive,3d_render,aspirational_realistic
C24_SYQxzLT,https://www.instagram.com/reel/C24_SYQxzLT/,astralserenity,2024-02-03T15:31:14.554000+00:00,False,,964.4,7200000,views,10.9256,0.9167,True,222000,embed_reel,32.4324,5_EXTREME_OUTLIER,384044,12161,0.0533,2,dream-bedroom;dream-bedrooms,luxury_room,bedroom,other,mountain_snow,other × bedroom,choice,code,descriptive,False,Choose a bedroom 🌟 #reels #fyp #rain #snow #dark #mystery,bedroom,cozy_rustic,choice,ai_generated,stylized_dreamy
DQX8TJxD0km,https://www.instagram.com/reel/DQX8TJxD0km/,divaa.finds,2025-10-29T01:06:26.619000+00:00,False,,331.0,4600000,views,10.7226,0.8333,True,764000,embed_reel,6.0209,4_VIRAL,332195,633,0.0722,1,cozy-bedroom-ideas,cozy_ambience,bedroom,cozy_rustic,none,cozy_rustic × bedroom,descriptive,code,aspirational,False,"My cozy neutral room 🤍 Soft lighting, fluffy bedding, and calm neutral tones — everything about this space feels peacefu",bedroom,modern_luxury,descriptive,real_footage,real_existing
DZqhf_pAUW6,https://www.instagram.com/reel/DZqhf_pAUW6/,relaxationreflections_,2026-06-16T23:00:23.083000+00:00,False,,100.0,6000000,views,10.6857,0.8333,True,12000,embed_reel,500.0,5_EXTREME_OUTLIER,219912,569,0.0367,1,rain-cozy,cozy_ambience,other,cozy_rustic,rain,cozy_rustic × other,question,code,question,False,Still awake?,bedroom,cozy_rustic,question,ai_generated,stylized_dreamy
DE7Rnh-vZQf,https://www.instagram.com/reel/DE7Rnh-vZQf/,siriorsinterior,2025-01-17T12:09:24.950000+00:00,False,,615.5,3700000,views,10.6322,0.8333,True,547000,embed_reel,6.7642,4_VIRAL,57039,291,0.0154,1,luxury-bedroom,luxury_room,bedroom,modern_luxury,none,modern_luxury × bedroom,descriptive,code,question,False,"Modern Luxury Bedroom ❤️✨ Kalau punya kamar tidur kayak gini, terasa nyaman ya?",bedroom,modern_luxury,descriptive,3d_render,aspirational_realistic
DJWtQMBNGl3,https://www.instagram.com/reel/DJWtQMBNGl3/,whatif.real,2025-05-07T13:55:58.043000+00:00,False,,505.4,195000,views,10.6267,0.6667,False,385000,embed_reel,0.5065,2_GOOD,6761,112,0.0347,1,cliff-house,unusual_home,whole_home,modern_luxury,cliff,modern_luxury × whole_home,aspirational,code,descriptive,False,Add someone with whom you would want to be stuck here 😏😉 .,whole_home,modern_luxury,aspirational,ai_generated,stylized_dreamy
DFJrYmZJDx7,https://www.instagram.com/reel/DFJrYmZJDx7/,quaintandsimple,2025-01-23T02:23:56.171000+00:00,False,,609.9,2800000,views,10.3704,1.0,True,26000,embed_reel,107.6923,5_EXTREME_OUTLIER,70719,464,0.0253,1,indoor-pool,pool,pool,other,mountain_snow,other × pool,aspirational,code,descriptive,False,Many of our evenings look like this even in the dead of winter.,pool,cozy_rustic,aspirational,real_footage,real_existing
DQ2vN1BCCZn,https://www.instagram.com/reel/DQ2vN1BCCZn/,luxuryhouseview,2025-11-10T00:08:34.651000+00:00,False,,319.0,2900000,views,10.0173,0.9167,True,389000,embed_reel,7.455,4_VIRAL,211034,308,0.0728,1,futuristic-interior,future_arch,other,futuristic,none,futuristic × other,fantasy,code,aspirational,False,"Sukoon under the stars — where dreams meet the galaxy."" 🌌🪐💫✨ #GalaxyHome #FuturisticLiving #LuxuryVibes #StarryNights #M",bedroom,futuristic,fantasy,ai_generated,stylized_dreamy
C_fqAjaMNIJ,https://www.instagram.com/reel/C_fqAjaMNIJ/,sunt_mrr,2024-09-04T12:06:50.509000+00:00,False,,750.5,5400000,views,9.863,1.0,True,2000000,embed_reel,2.7,3_VERY_GOOD,330157,2267,0.0611,2,ai-generated-house;futuristic-houses,ai,whole_home,futuristic,none,futuristic × whole_home,fantasy,code,aspirational,False,Musician Dream House .,whole_home,futuristic,fantasy,ai_generated,fantasy_impossible
Ca4-MsKpA1D,https://www.instagram.com/reel/Ca4-MsKpA1D/,worldtraveladventurers,2022-03-09T16:42:41.518000+00:00,False,,1660.3,2400000,views,9.3952,0.9167,True,216000,embed_reel,11.1111,4_VIRAL,130312,1280,0.0543,1,underwater-hotel,hotel_resort,whole_home,other,underwater,other × whole_home,curiosity,code,descriptive,False,"The Muraka is the most unique hotel villa we've ever seen, submersed 16 feet under",bedroom,futuristic,curiosity,real_footage,real_existing
DPBFz4YgeQF,https://www.instagram.com/reel/DPBFz4YgeQF/,luxurydreamhub,2025-09-25T07:35:37.738000+00:00,False,,364.7,2700000,views,9.3264,0.8333,True,1000000,embed_reel,2.7,3_VERY_GOOD,68107,261,0.0252,1,futuristic-interior,future_arch,other,futuristic,none,futuristic × other,aspirational,code,aspirational,False,Living the grand life!,living_room,modern_luxury,aspirational,ai_generated,stylized_dreamy
DZtnXgNxk_G,https://www.instagram.com/reel/DZtnXgNxk_G/,shri_bk_babu,2026-06-18T03:49:22.548000+00:00,False,,98.8,26800000,views,9.0847,1.0,True,355000,embed_reel,75.493,5_EXTREME_OUTLIER,460141,1085,0.0172,1,modern-architecture,architecture,whole_home,modern_luxury,none,modern_luxury × whole_home,descriptive,code,descriptive,False,This old and forgotten house has now been transformed into a modern luxury space.,whole_home,other,descriptive,ai_generated,fantasy_impossible
C5Qw0-CI5Rk,https://www.instagram.com/reel/C5Qw0-CI5Rk/,ally_jape,2024-04-02T14:09:27.261000+00:00,False,,905.4,2300000,views,9.0037,0.8333,True,84000,embed_reel,27.381,5_EXTREME_OUTLIER,110175,2264,0.0479,1,underwater-hotel,hotel_resort,other,other,underwater,other × other,curiosity,code,descriptive,False,This underwater hotel room is the first in the Entire continent of Africa and the experience is,whole_home,other,curiosity,real_footage,real_existing
DDR89qOo08t,https://www.instagram.com/reel/DDR89qOo08t/,soothenests,2024-12-07T14:28:40.822000+00:00,False,,656.4,5800000,views,8.8012,0.8333,True,2000000,embed_reel,2.9,3_VERY_GOOD,408902,1551,0.0705,1,dream-bedroom,luxury_room,bedroom,cozy_rustic,mountain_snow,cozy_rustic × bedroom,aspirational,code,aspirational,False,Euphoria Awaits: Snowflakes and Serenity in My Cozy Bedroom #cozybedroom #luxuryapartment,living_room,other,aspirational,ai_generated,stylized_dreamy
Cq-DoAJrm63,https://www.instagram.com/reel/Cq-DoAJrm63/,house_of_reservations,2023-04-13T08:28:37.228000+00:00,False,,1260.6,2000000,views,8.7719,0.9167,True,210000,embed_reel,9.5238,4_VIRAL,130409,501,0.0652,1,tropical-house,style,pool,tropical,none,tropical × pool,promotional,code,descriptive,False,Get ready for some serious relaxation in our tropical boho style.,living_room,tropical,promotional,real_footage,real_existing
C5CQZGiP15N,https://www.instagram.com/reel/C5CQZGiP15N/,spirithiker,2024-03-27T22:56:39.709000+00:00,False,,911.0,13800000,views,8.625,1.0,True,,,,,,,,1,treehouse-hotel,hotel_resort,whole_home,other,forest,other × whole_home,question,heuristic,question,False,Can you imagine waking up here?,,,,,
DNSvzxDyaHq,https://www.instagram.com/reel/DNSvzxDyaHq/,survival.stuffs,2025-08-13T11:06:54.944000+00:00,False,,407.5,5700000,views,8.4695,0.875,True,129000,embed_reel,44.186,5_EXTREME_OUTLIER,104719,174,0.0184,1,house-in-the-forest,unusual_home,whole_home,other,forest,other × whole_home,descriptive,code,descriptive,False,Building a Survival Tower in the middle of nowhere - PART 1!🪵🪓🏘️ #bushcraft,other,cozy_rustic,descriptive,real_footage,real_existing
DW4-fMTiB96,https://www.instagram.com/reel/DW4-fMTiB96/,elitebuildhq,2026-04-09T00:08:51.968000+00:00,False,,169.0,24000000,views,8.1356,0.9167,True,2000000,embed_reel,12.0,4_VIRAL,311859,367,0.013,1,modern-architecture,architecture,whole_home,modern_luxury,none,modern_luxury × whole_home,aspirational,code,aspirational,False,The Evolution of Luxury: The Living Garden Garage.,other,modern_luxury,aspirational,ai_generated,stylized_dreamy
DAQic06SmvP,https://www.instagram.com/reel/DAQic06SmvP/,calmwhispers01,2024-09-23T11:43:34.989000+00:00,False,,731.5,1600000,views,7.9404,0.9167,True,75000,embed_reel,21.3333,5_EXTREME_OUTLIER,70979,293,0.0444,1,cozy-cabin-in-the-snow,cozy_ambience,whole_home,cozy_rustic,mountain_snow,cozy_rustic × whole_home,aspirational,code,fantasy,False,Imagine waking up to this cozy scene ❄️🔥.,bedroom,cozy_rustic,aspirational,ai_generated,stylized_dreamy
C-M7VT2POMk,https://www.instagram.com/reel/C-M7VT2POMk/,theelitespaces,2024-08-03T09:01:15.589000+00:00,False,,782.6,3100000,views,7.868,1.0,True,22000,embed_reel,140.9091,5_EXTREME_OUTLIER,,50,,1,luxury-living-room-design,luxury_room,living_room,modern_luxury,none,modern_luxury × living_room,instructional,code,aspirational,False,Transform Your Living Room into a Luxe Haven!,living_room,classical,instructional,real_footage,real_existing
DcG5RJTMSd3,https://www.instagram.com/reel/DcG5RJTMSd3/,acardesigns,2026-08-16T16:29:35.743000+00:00,False,,39.3,2300000,views,7.5286,0.9167,True,56000,embed_reel,41.0714,5_EXTREME_OUTLIER,78784,260,0.0343,1,art-deco-interior-design,style,other,art_deco,none,art_deco × other,none,code,descriptive,False,#InteriorDesign #HomeDecor #LuxuryInteriors #TimelessDesign #interiørinspiration,other,modern_luxury,none,unclear,aspirational_realistic
C69GtktJ_K7,https://www.instagram.com/reel/C69GtktJ_K7/,scottsdaledesignservices,2024-05-14T15:58:39.667000+00:00,False,,863.3,998000,views,7.1593,0.9167,True,177000,embed_reel,5.6384,4_VIRAL,24243,269,0.0243,1,organic-modern,style,other,biophilic,none,biophilic × other,descriptive,code,question,False,"The dance between space and decor, light and contrast, modern and organic🤍 Want more modern?",living_room,biophilic,descriptive,real_footage,real_existing
DVPdh3uk0XC,https://www.instagram.com/reel/DVPdh3uk0XC/,luxurydreamhub,2026-02-27T00:40:37.046000+00:00,False,,210.0,2000000,views,7.1301,0.9167,True,1000000,embed_reel,2.0,3_VERY_GOOD,166230,623,0.0831,2,dream-home;futuristic-home,future_arch,whole_home,futuristic,none,futuristic × whole_home,aspirational,code,aspirational,False,Living in a world of blue hues and boundless luxury.,living_room,modern_luxury,aspirational,ai_generated,stylized_dreamy
C20JhAHLOGJ,https://www.instagram.com/reel/C20JhAHLOGJ/,lovedwellstudio,2024-02-01T18:24:25.063000+00:00,False,,966.2,6700000,views,6.802,0.9167,True,74000,embed_reel,90.5405,5_EXTREME_OUTLIER,209365,873,0.0312,1,ai-home-design,ai,whole_home,other,none,other × whole_home,aspirational,code,aspirational,True,Give me all the neutrals 🤩 AI Design by @lovedwellstudio #Moodboard #Interiordesigninspo,other,scandinavian,aspirational,ai_generated,aspirational_realistic
DT35gFED4kH,https://www.instagram.com/reel/DT35gFED4kH/,zohrastacey,2026-01-24T00:31:52.417000+00:00,False,,244.0,3800000,views,6.7676,0.75,True,98000,embed_reel,38.7755,5_EXTREME_OUTLIER,431223,869,0.1135,2,cozy-rain;rain-cozy,cozy_ambience,other,cozy_rustic,rain,cozy_rustic × other,aspirational,code,descriptive,False,stop and enjoy some rainy cozy therapy..,bedroom,cozy_rustic,aspirational,real_footage,real_existing
DLw2rFDMqZ9,https://www.instagram.com/reel/DLw2rFDMqZ9/,sunt_mrr,2025-07-06T10:41:19.455000+00:00,False,,445.6,1600000,views,6.7227,0.9167,True,2000000,embed_reel,0.8,2_GOOD,83653,820,0.0523,1,tropical-house-architecture-styles,architecture,bedroom,tropical,none,tropical × bedroom,aspirational,code,aspirational,True,Dream tropical villa .,whole_home,tropical,aspirational,ai_generated,stylized_dreamy
DcfDbiDsJb2,https://www.instagram.com/reel/DcfDbiDsJb2/,modern_house__3d,2026-08-26T01:40:10.080000+00:00,False,,29.9,2600000,views,6.7183,0.8333,True,33000,embed_reel,78.7879,5_EXTREME_OUTLIER,62594,350,0.0241,1,ultra-modern-luxury-house-design,luxury_home,whole_home,modern_luxury,none,modern_luxury × whole_home,descriptive,code,aspirational,False,Modern Luxury House Design 🏠✨ | Dream Home 16 Modern luxury house design with a stunning exterior 🏡✨ A beautiful 3D drea,whole_home,classical,descriptive,3d_render,aspirational_realistic
Db7RZhop0WP,https://www.instagram.com/reel/Db7RZhop0WP/,byreginamalina,2026-08-12T04:09:34.122000+00:00,False,,43.8,2100000,views,6.6986,1.0,True,55000,embed_reel,38.1818,5_EXTREME_OUTLIER,68816,357,0.0328,1,japandi,style,other,japandi,none,japandi × other,descriptive,code,descriptive,False,Japandi style 2.0,other,minimalist,descriptive,real_footage,real_existing
C-APLc-yI85,https://www.instagram.com/reel/C-APLc-yI85/,ayeshadeary5,2024-07-29T10:44:32.982000+00:00,False,,787.6,4400000,views,6.6768,0.75,True,16000,embed_reel,275.0,5_EXTREME_OUTLIER,283121,21821,0.0643,1,dream-bedroom,luxury_room,bedroom,other,none,other × bedroom,choice,code,choice,False,Choose your dream bedroom,bedroom,minimalist,choice,ai_generated,stylized_dreamy
Da4qA2fP2XS,https://www.instagram.com/reel/Da4qA2fP2XS/,roxy_carretero,2026-07-17T07:15:32.247000+00:00,False,,69.7,2800000,views,6.5268,0.75,True,54000,embed_reel,51.8519,5_EXTREME_OUTLIER,139084,5687,0.0497,1,cozy-bedroom-ideas,cozy_ambience,bedroom,cozy_rustic,none,cozy_rustic × bedroom,promotional,code,descriptive,False,"Comment ""BEDROOM "" and I'll send you the links to everything featured in this space.",bedroom,minimalist,promotional,real_footage,real_existing
C1ofaiFM95o,https://www.instagram.com/reel/C1ofaiFM95o/,ti.fu,2024-01-03T09:13:29.571000+00:00,False,,995.6,1800000,views,6.175,1.0,True,272000,embed_reel,6.6176,4_VIRAL,50778,95,0.0282,1,parametric-architecture,future_arch,whole_home,futuristic,none,futuristic × whole_home,descriptive,code,descriptive,False,Parametric Intelligence .,whole_home,futuristic,descriptive,ai_generated,stylized_dreamy
DH72DzitksG,https://www.instagram.com/reel/DH72DzitksG/,insmultiverse,2025-04-02T07:02:01.886000+00:00,False,,540.7,326000,views,6.0878,0.9167,True,79000,embed_reel,4.1266,3_VERY_GOOD,18965,2787,0.0582,1,future-houses-2050,future_arch,whole_home,futuristic,none,futuristic × whole_home,choice,code,choice,False,Which house would you pick to live in?,whole_home,other,choice,ai_generated,stylized_dreamy
C2Uyw2ArW6H,https://www.instagram.com/reel/C2Uyw2ArW6H/,skyviewexperts,2024-01-20T14:09:08.826000+00:00,False,,978.4,1600000,views,5.9259,0.9167,True,350000,embed_reel,4.5714,3_VERY_GOOD,63055,269,0.0394,1,indoor-pool,pool,pool,other,lake_river,other × pool,curiosity,code,descriptive,False,One of the wildest indoor pools you'll ever see!,pool,tropical,curiosity,real_footage,real_existing
DF54R4vKbJu,https://www.instagram.com/reel/DF54R4vKbJu/,binas_home,2025-02-10T19:40:09.655000+00:00,False,,591.2,6700000,views,5.9057,1.0,True,56000,embed_reel,119.6429,5_EXTREME_OUTLIER,148214,776,0.0221,1,luxury-bathroom-design,luxury_room,bathroom,modern_luxury,none,modern_luxury × bathroom,aspirational,code,descriptive,False,"Always WOW ✨ Jedes Mal, wenn ich dieses Badezimmer betrete, ist es wieder ein WOW-Moment!",bathroom,minimalist,aspirational,real_footage,real_existing
DW3n03NCOri,https://www.instagram.com/reel/DW3n03NCOri/,proud_and_property,2026-04-08T11:31:36.435000+00:00,False,,169.5,13500000,views,5.8696,1.0,True,50000,embed_reel,270.0,5_EXTREME_OUTLIER,799049,3088,0.0592,1,dream-home,luxury_home,whole_home,classical,none,classical × whole_home,promotional,code,promotional,False,A beautiful 2 Kanal Royal Palace House (Without Basement) is now available for sale!,whole_home,classical,promotional,real_footage,real_existing
C5w-koYrT8J,https://www.instagram.com/reel/C5w-koYrT8J/,yourfantasyhomes,2024-04-15T02:25:15.274000+00:00,False,,892.9,313000,views,5.845,0.8333,True,23000,embed_reel,13.6087,4_VIRAL,20400,,0.0652,1,future-houses-2050,future_arch,whole_home,futuristic,none,futuristic × whole_home,choice,code,choice,False,which one is your new home ?,whole_home,futuristic,choice,ai_generated,fantasy_impossible
DExUPqcsNfS,https://www.instagram.com/reel/DExUPqcsNfS/,ghazale_siami,2025-01-13T15:19:57.970000+00:00,False,,619.4,5300000,views,5.7955,1.0,True,34000,embed_reel,155.8824,5_EXTREME_OUTLIER,144190,498,0.0272,2,ai-interior-design;living-room-design,ai,living_room,other,none,other × living_room,descriptive,code,descriptive,False,.,living_room,minimalist,descriptive,3d_render,aspirational_realistic
DbkDSq7xR__,https://www.instagram.com/reel/DbkDSq7xR__/,sevenora.design,2026-08-03T03:43:46+00:00,False,,52.8,1600000,views,5.614,1.0,True,15000,embed_reel,106.6667,5_EXTREME_OUTLIER,44547,220,0.0278,1,architecture-design,architecture,whole_home,other,none,other × whole_home,descriptive,code,descriptive,False,"For this project, our client envisioned a villa with the calm, immersive atmosphere of a resort.",pool,tropical,descriptive,3d_render,aspirational_realistic
DUVBmy5DcTo,https://www.instagram.com/reel/DUVBmy5DcTo/,architecturaai_,2026-02-04T08:00:40.267000+00:00,False,,232.7,5400000,views,5.4822,0.8333,True,22700,embed_reel,237.8855,5_EXTREME_OUTLIER,41582,,0.0077,1,ai-home-design,ai,whole_home,other,none,other × whole_home,promotional,code,promotional,False,"FREE EBOOK IN BIO⬆️ Learn to create AI interiors, home designs & prompts Join 13M+ viewers inspired",living_room,minimalist,promotional,ai_generated,stylized_dreamy
CvKzsAuN3pS,https://www.instagram.com/reel/CvKzsAuN3pS/,mollybowenco,2023-07-26T17:25:03.669000+00:00,False,,1156.3,6200000,views,5.465,0.9167,True,67000,embed_reel,92.5373,5_EXTREME_OUTLIER,283783,1481,0.0458,1,luxury-bathroom-design,luxury_room,bathroom,modern_luxury,none,modern_luxury × bathroom,aspirational,code,aspirational,False,Dream bathroom essentials… Soaking tub 🛀 Swoon-worthy tile 🤩 Mood lighting 💡 Follow @mollybowenco for m,bathroom,biophilic,aspirational,real_footage,real_existing
CTYAuB2KkEp,https://www.instagram.com/reel/CTYAuB2KkEp/,best_vacationrentals,2021-09-03T21:50:01.413000+00:00,False,,1847.1,496000,views,5.2794,1.0,True,877000,embed_reel,0.5656,2_GOOD,21597,125,0.0435,1,glass-house,unusual_home,whole_home,other,none,other × whole_home,descriptive,code,location,False,Amazing glass house in the middle of nature.😍🍃 Credits to: @sunny_rung 📍 @morning_star_g,bedroom,biophilic,descriptive,real_footage,real_existing
DdHegfQM6DU,https://www.instagram.com/reel/DdHegfQM6DU/,sara.interiorstudio,2026-09-10T18:26:23.737000+00:00,False,,14.2,1600000,views,5.2373,0.8333,True,10000,embed_reel,160.0,5_EXTREME_OUTLIER,64046,153,0.04,1,art-deco-interior-design,style,whole_home,art_deco,none,art_deco × whole_home,choice,code,descriptive,False,Day vs night ✨ #apartmentaesthetic #midcenturymodern #interiordesign,living_room,other,choice,ai_generated,aspirational_realistic
DSGQeRiEvi1,https://www.instagram.com/reel/DSGQeRiEvi1/,philkeandesigngroup,2025-12-10T21:19:11.005000+00:00,False,,288.1,3700000,views,5.226,1.0,True,11000,embed_reel,336.3636,5_EXTREME_OUTLIER,138894,511,0.0375,1,dream-closet,luxury_room,closet,modern_luxury,none,modern_luxury × closet,aspirational,code,descriptive,False,The closet *you* need ✨ Follow for more home inspiration.,closet,modern_luxury,aspirational,real_footage,real_existing
DTAnHgUEhg4,https://www.instagram.com/reel/DTAnHgUEhg4/,toptravelplaces_,2026-01-02T13:13:00.161000+00:00,False,,265.4,4600000,views,5.1773,0.75,True,315000,embed_reel,14.6032,4_VIRAL,277296,730,0.0603,1,overwater-villa,hotel_resort,whole_home,modern_luxury,ocean_beach,modern_luxury × whole_home,location,code,location,False,"Soneva Jani is one of the most iconic luxury island resorts in the Maldives 🌴 It combines breathtaking scenery, thoughtf",whole_home,tropical,location,real_footage,real_existing
DPBMs60gTds,https://www.instagram.com/reel/DPBMs60gTds/,luxurydreamhub,2025-09-25T08:35:50.722000+00:00,False,,364.6,2700000,views,5.1233,0.8333,True,1000000,embed_reel,2.7,3_VERY_GOOD,65534,326,0.0243,1,modern-luxury-house-interiors,luxury_home,whole_home,modern_luxury,none,modern_luxury × whole_home,aspirational,code,descriptive,False,Pure architectural elegance!,living_room,modern_luxury,aspirational,ai_generated,stylized_dreamy
DLhkdBcI08K,https://www.instagram.com/reel/DLhkdBcI08K/,howthingsarebuilld,2025-06-30T12:13:30.641000+00:00,False,,451.5,1900000,views,5.0599,0.9167,True,8000000,embed_reel,0.2375,1_NORMAL,34883,80,0.0184,3,ai-architecture;ai-generated-house;ai-home-design,ai,whole_home,other,none,other × whole_home,descriptive,code,descriptive,False,Home design made with artificial intelligence👍 🎥 @viralworking,whole_home,modern_luxury,descriptive,ai_generated,aspirational_realistic
DTkhih2DAEC,https://www.instagram.com/reel/DTkhih2DAEC/,sunt_mrr,2026-01-16T11:56:55.365000+00:00,False,,251.5,2900000,views,5.0435,0.9167,True,2000000,embed_reel,1.45,2_GOOD,223218,1041,0.077,1,futuristic-houses,future_arch,whole_home,futuristic,none,futuristic × whole_home,descriptive,code,descriptive,True,A black villa shrouded in mist .,whole_home,modern_luxury,descriptive,ai_generated,stylized_dreamy
DTYUnN5jVl0,https://www.instagram.com/reel/DTYUnN5jVl0/,cozyvibescorner,2026-01-11T18:13:04.844000+00:00,False,,256.2,1000000,views,4.9628,0.8333,True,140000,embed_reel,7.1429,4_VIRAL,36514,228,0.0365,1,cozy-cabin-in-the-snow,cozy_ambience,whole_home,cozy_rustic,mountain_snow,cozy_rustic × whole_home,question,code,question,False,Who would you like to stay here with ?🥰 #cozycorner #cozyvibes #cozy Creative Partner: @imagineartofficial,bedroom,cozy_rustic,question,ai_generated,stylized_dreamy
DPt1R0_E6oS,https://www.instagram.com/reel/DPt1R0_E6oS/,arteo_luxury,2025-10-12T16:36:59.607000+00:00,False,,347.3,3500000,views,4.9088,1.0,True,871000,embed_reel,4.0184,3_VERY_GOOD,92789,713,0.0265,1,luxury-kitchen,luxury_room,kitchen,modern_luxury,none,modern_luxury × kitchen,promotional,code,descriptive,False,Glorious Kitchen by @spandanapb Where Function Meets Beauty Glorious Kit,kitchen,modern_luxury,promotional,ai_generated,aspirational_realistic
DWJwdxggZ-b,https://www.instagram.com/reel/DWJwdxggZ-b/,diycraftstvofficial,2026-03-21T16:02:02.010000+00:00,False,,187.3,5400000,views,4.8671,0.75,True,6000000,embed_reel,0.9,2_GOOD,58328,203,0.0108,1,underground-house,unusual_home,whole_home,modern_luxury,none,modern_luxury × whole_home,curiosity,code,curiosity,False,Building a Secret Underground Luxury Bunker Beneath a Backyard,other,industrial,curiosity,ai_generated,aspirational_realistic
Dbd__f5ssd8,https://www.instagram.com/reel/Dbd__f5ssd8/,liasrvz,2026-07-31T19:19:29.484000+00:00,False,,55.2,2700000,views,4.7872,0.9167,True,17000,embed_reel,158.8235,5_EXTREME_OUTLIER,239752,463,0.0888,1,quiet-luxury,luxury_room,other,modern_luxury,none,modern_luxury × other,status,code,aspirational,False,private life.,whole_home,dark_luxury,status,real_footage,real_existing
DcBefsyR3OM,https://www.instagram.com/reel/DcBefsyR3OM/,neutral_homebody,2026-08-14T13:59:27.037000+00:00,False,,41.4,1500000,views,4.7847,0.9167,True,543000,embed_reel,2.7624,3_VERY_GOOD,60911,1449,0.0406,1,japandi,style,whole_home,japandi,none,japandi × whole_home,descriptive,code,descriptive,False,Making the most of the space we have and loving every little corner of it.,dining,biophilic,descriptive,real_footage,real_existing
DJM1L1SyU0x,https://www.instagram.com/reel/DJM1L1SyU0x/,naturesms_for_u,2025-05-03T17:52:52.350000+00:00,False,,509.3,2500000,views,4.5662,0.9167,True,905000,embed_reel,2.7624,3_VERY_GOOD,105007,526,0.042,1,ai-generated-house,ai,whole_home,other,none,other × whole_home,aspirational,code,aspirational,False,🥀 Dream House 🏡 seems extremely beautiful ❤️ .,whole_home,biophilic,aspirational,ai_generated,stylized_dreamy
DGvmymOMdST,https://www.instagram.com/reel/DGvmymOMdST/,matitectura,2025-03-03T16:26:19.765000+00:00,False,,570.3,1700000,views,4.5273,0.8333,True,507000,embed_reel,3.3531,3_VERY_GOOD,52843,774,0.0311,2,ai-architecture;midjourney-architecture,ai,whole_home,other,none,other × whole_home,descriptive,code,fantasy,False,Ruins Reimagined OLD BUT NEW Bringing old ruins back to life with the help of AI.,living_room,brutalist,descriptive,ai_generated,stylized_dreamy
DVesrMZDNwx,https://www.instagram.com/reel/DVesrMZDNwx/,urban_lifestyle_lab,2026-03-04T22:41:34.219000+00:00,False,,204.1,1800000,views,4.4832,1.0,True,250000,embed_reel,7.2,4_VIRAL,153357,769,0.0852,2,futuristic-house;futuristic-houses,future_arch,whole_home,futuristic,none,futuristic × whole_home,none,code,descriptive,False,Concept & Copyright © @urban_lifestyle_lab @Agnis Buls,whole_home,dark_luxury,none,ai_generated,fantasy_impossible
DPoAX_tkiWR,https://www.instagram.com/reel/DPoAX_tkiWR/,idw.design,2025-10-10T10:18:30.708000+00:00,False,,349.6,1000000,views,4.386,0.8333,True,318000,embed_reel,3.1447,3_VERY_GOOD,63046,38,0.063,1,tropical-house,style,whole_home,tropical,none,tropical × whole_home,aspirational,code,question,False,Where Nature Meets Modern Living 🌿 This Modern Tropical home isn't just designed it's composed.,whole_home,tropical,aspirational,3d_render,aspirational_realistic
C3abe85I_vw,https://www.instagram.com/reel/C3abe85I_vw/,sireen.design,2024-02-16T15:12:33.867000+00:00,False,,951.4,7400000,views,4.3036,0.8333,True,94000,embed_reel,78.7234,5_EXTREME_OUTLIER,125846,526,0.017,1,ai-interior-design,ai,living_room,other,none,other × living_room,descriptive,code,aspirational,False,"Interior design for living room 🤎✨ Software: 3D max , vray ,Photoshop #architecture",living_room,modern_luxury,descriptive,3d_render,aspirational_realistic
DKCzq1ROSYc,https://www.instagram.com/reel/DKCzq1ROSYc/,benignitiles,2025-05-24T16:58:37.051000+00:00,False,,488.3,2900000,views,4.3027,0.9167,True,184000,embed_reel,15.7609,4_VIRAL,66041,633,0.0228,1,luxury-pool,pool,pool,modern_luxury,none,modern_luxury × pool,promotional,code,descriptive,False,For you that doubt about the #luxuryglass #resistant of our #pools we wanted to try it out firs,pool,other,promotional,real_footage,real_existing
DZ_JYrbhmDc,https://www.instagram.com/reel/DZ_JYrbhmDc/,cozy_cabin_diaries,2026-06-24T23:13:43.312000+00:00,False,,92.0,733000,views,4.3016,0.8333,True,25000,embed_reel,29.32,5_EXTREME_OUTLIER,57698,689,0.0787,3,ai-cozy-cabin;cozy-cabin-in-the-snow;cozy-winter-cabin,ai,whole_home,cozy_rustic,mountain_snow,cozy_rustic × whole_home,descriptive,code,descriptive,False,The storm hasn't stopped in three days.,whole_home,cozy_rustic,descriptive,ai_generated,stylized_dreamy
Da2LadfSUXi,https://www.instagram.com/reel/Da2LadfSUXi/,watchthebuild,2026-07-16T08:09:40.247000+00:00,False,,70.7,529000,views,4.2834,0.9167,True,106000,embed_reel,4.9906,3_VERY_GOOD,6768,31,0.0128,1,biophilic-bedroom-design,style,bedroom,biophilic,none,biophilic × bedroom,descriptive,code,descriptive,False,"Empty Bedroom to Calm Green Retreat An empty modern bedroom becomes a calm, c",bedroom,japandi,descriptive,ai_generated,aspirational_realistic
DWFHX7KiGay,https://www.instagram.com/reel/DWFHX7KiGay/,yumiheiwa,2026-03-19T20:46:00.558000+00:00,False,,189.1,2400000,views,4.2553,0.8333,True,23000,embed_reel,104.3478,5_EXTREME_OUTLIER,369508,359,0.154,1,quiet-luxury,luxury_room,other,cozy_rustic,none,cozy_rustic × other,aspirational,code,aspirational,False,"Quiet life | I hope your day was good, take care of yourself #quietlife #softlife #calm #cozy",other,other,aspirational,real_footage,real_existing
CwTBiWeK6uY,https://www.instagram.com/reel/CwTBiWeK6uY/,ki.render,2023-08-23T18:31:23.669000+00:00,False,,1128.2,7300000,views,4.2454,0.75,True,19000,embed_reel,384.2105,5_EXTREME_OUTLIER,722073,593,0.0989,1,ai-interior-design,ai,kitchen,other,none,other × kitchen,descriptive,code,aspirational,False,Living & kitchen area 🤎 .,living_room,biophilic,descriptive,3d_render,aspirational_realistic
Cl8TfGkJENr,https://www.instagram.com/reel/Cl8TfGkJENr/,abby.architecture,2022-12-09T09:31:45.825000+00:00,False,,1385.6,1200000,views,4.2105,0.9167,True,222000,embed_reel,5.4054,4_VIRAL,107435,192,0.0895,1,architecture-design,architecture,whole_home,other,none,other × whole_home,descriptive,code,descriptive,False,"I'm so relieved to be done with this project :,) also model was made with @sketchup_official and rendered",other,industrial,descriptive,real_footage,real_existing
DSXf1Yzj91c,https://www.instagram.com/reel/DSXf1Yzj91c/,dshousetransformation,2025-12-17T14:00:30.016000+00:00,False,,281.4,4100000,views,4.1624,0.75,True,441000,embed_reel,9.2971,4_VIRAL,41452,121,0.0101,1,ai-home-design,ai,whole_home,modern_luxury,none,modern_luxury × whole_home,curiosity,code,aspirational,False,From humble beginnings to a stunning modern sanctuary!,bedroom,other,curiosity,ai_generated,aspirational_realistic
CFzTn80qKjM,https://www.instagram.com/reel/CFzTn80qKjM/,jordi.koalitic,2020-10-01T12:55:11.682000+00:00,False,,2184.5,7700000,views,4.1622,1.0,True,7000000,embed_reel,1.1,2_GOOD,505291,2018,0.0656,1,infinity-pools,pool,pool,other,none,other × pool,descriptive,code,descriptive,False,Infinite pool ♾ Thanks @gloriette_guesthouse for the experience 💧 .,pool,minimalist,descriptive,real_footage,real_existing
DaVu1dXowjz,https://www.instagram.com/reel/DaVu1dXowjz/,jermrugs,2026-07-03T17:44:15.240000+00:00,False,,83.3,1300000,views,4.1467,0.8333,True,91000,embed_reel,14.2857,4_VIRAL,12331,82,0.0095,1,japandi,style,other,japandi,none,japandi × other,descriptive,code,descriptive,False,⁨ ⁨ نسيم الساكورا: هدوء ياباني-سكندناڤي (Japandi) بروح خليجية.,living_room,japandi,descriptive,real_footage,real_existing
DV1TGjKguzz,https://www.instagram.com/reel/DV1TGjKguzz/,processlabstudio,2026-03-13T17:20:38.766000+00:00,False,,195.3,4600000,views,4.146,0.6667,False,10000,embed_reel,460.0,5_EXTREME_OUTLIER,223902,239,0.0487,1,underground-house,unusual_home,bathroom,modern_luxury,none,modern_luxury × bathroom,curiosity,code,descriptive,False,Luxury bunker built beneath a modern mansion.,whole_home,modern_luxury,curiosity,ai_generated,aspirational_realistic
DPuHH28jJm7,https://www.instagram.com/reel/DPuHH28jJm7/,kheer_rvt,2025-10-12T19:12:55.122000+00:00,False,,347.2,1200000,views,4.1166,0.875,True,1700000,embed_reel,0.7059,2_GOOD,0,,,1,parametric-architecture,future_arch,whole_home,futuristic,none,futuristic × whole_home,none,code,descriptive,False,Parametric Origami !😬🔥 كـ تكملة للريل السابق.,whole_home,biophilic,none,ai_generated,stylized_dreamy
C2UKHhlodMF,https://www.instagram.com/reel/C2UKHhlodMF/,alaligroup0786,2024-01-20T08:13:58.820000+00:00,False,,978.7,1400000,views,4.023,0.75,True,227000,embed_reel,6.1674,4_VIRAL,57879,121,0.0413,1,luxury-bedroom,luxury_room,bedroom,modern_luxury,none,modern_luxury × bedroom,descriptive,code,descriptive,False,"Full Furnished Luxurious Bedroom, #reels #reelsinstagram #instagram #viral #viralvideos #videos #be",bedroom,classical,descriptive,real_footage,real_existing
DVRdL5wkkIK,https://www.instagram.com/reel/DVRdL5wkkIK/,neuraltransform,2026-02-27T19:16:05.946000+00:00,False,,209.2,2700000,views,4.0059,0.8333,True,83000,embed_reel,32.5301,5_EXTREME_OUTLIER,42116,59,0.0156,2,infinity-pools;luxury-pool,pool,pool,modern_luxury,desert,modern_luxury × pool,curiosity,code,descriptive,False,They turned a desert hill into THIS?!,pool,modern_luxury,curiosity,ai_generated,stylized_dreamy
DA_euRjtll8,https://www.instagram.com/reel/DA_euRjtll8/,kimiyarc,2024-10-11T17:15:19.072000+00:00,False,,713.3,1100000,views,3.8596,0.8333,True,70000,embed_reel,15.7143,4_VIRAL,88260,241,0.0802,1,architecture-design,architecture,whole_home,other,none,other × whole_home,aspirational,code,descriptive,False,-plan a: become a successful architect -plan b: plan a ✨ _______________________________,whole_home,other,aspirational,real_footage,real_existing
DScqiv1EsV0,https://www.instagram.com/reel/DScqiv1EsV0/,luxurydreamhub,2025-12-19T14:10:16.643000+00:00,False,,279.4,2000000,views,3.7951,0.75,True,1000000,embed_reel,2.0,3_VERY_GOOD,125898,575,0.0629,1,modern-luxury-house-interiors,luxury_home,whole_home,modern_luxury,none,modern_luxury × whole_home,aspirational,code,aspirational,False,Redefining modern elegance in a sanctuary of light and luxury.,bedroom,modern_luxury,aspirational,ai_generated,stylized_dreamy
DAGRW5NPUo1,https://www.instagram.com/reel/DAGRW5NPUo1/,petersoncabinetworks,2024-09-19T12:01:49.171000+00:00,False,,735.5,2700000,views,3.7868,0.9167,True,29000,embed_reel,93.1034,5_EXTREME_OUTLIER,84112,480,0.0312,1,luxury-kitchen,luxury_room,kitchen,modern_luxury,none,modern_luxury × kitchen,descriptive,code,descriptive,False,"We love the final result of this elegant, modern kitchen.",kitchen,modern_luxury,descriptive,real_footage,real_existing
C3khRTYoTcD,https://www.instagram.com/reel/C3khRTYoTcD/,stayvista_official,2024-02-20T13:15:32.106000+00:00,False,,947.4,6500000,views,3.5135,0.9167,True,835000,embed_reel,7.7844,4_VIRAL,219833,11561,0.0338,1,infinity-pools,pool,bedroom,modern_luxury,lake_river,modern_luxury × bedroom,promotional,code,location,False,"Dive into luxury at our breathtaking infinity pool villa🌅🌟 Sunset on the Lake,Igatpuri 📍 5 Bedrooms🛏️ | 6 Baths🛁| 20 gue",pool,modern_luxury,promotional,real_footage,real_existing
DXw2UALMrdq,https://www.instagram.com/reel/DXw2UALMrdq/,sunt_mrr,2026-04-30T16:54:54.191000+00:00,False,,147.3,655000,views,3.5027,1.0,True,2000000,embed_reel,0.3275,1_NORMAL,35900,631,0.0548,1,waterfall-house,fantasy_dream,whole_home,other,lake_river,other × whole_home,aspirational,code,aspirational,False,Dream water villa Design: @sunt_mrr,other,modern_luxury,aspirational,ai_generated,stylized_dreamy
DAwA66gvmbH,https://www.instagram.com/reel/DAwA66gvmbH/,annaschottin,2024-10-05T17:06:17.498000+00:00,False,,719.3,2300000,views,3.4901,0.6667,False,691000,embed_reel,3.3285,3_VERY_GOOD,225288,253,0.098,3,dream-bedroom;dream-bedrooms;dream-room,fantasy_dream,bedroom,other,none,other × bedroom,aspirational,code,aspirational,False,Turned it into my dream room ✨,bedroom,other,aspirational,real_footage,real_existing
Dam_XH1MWvk,https://www.instagram.com/reel/Dam_XH1MWvk/,leoniehanne,2026-07-10T10:35:44.963000+00:00,False,,76.6,1900000,views,3.3688,0.75,True,5000000,embed_reel,0.38,1_NORMAL,178266,707,0.0938,1,quiet-luxury,luxury_room,other,modern_luxury,none,modern_luxury × other,contrarian,code,question,False,Quiet luxury - I don't know her!?,other,other,contrarian,real_footage,real_existing
Da5tWbWMwyP,https://www.instagram.com/reel/Da5tWbWMwyP/,sallyswelt,2026-07-17T17:03:56.293000+00:00,False,,69.3,980000,views,3.126,0.75,True,1000000,embed_reel,0.98,2_GOOD,16852,301,0.0172,1,japandi,style,other,japandi,none,japandi × other,promotional,code,descriptive,False,Anzeige | @fingerhaus 🏡 Endlich kann ich euch die Room Tour vom neuen FingerHaus Musterhaus zeigen!,whole_home,minimalist,promotional,real_footage,real_existing
CyyoSb8MreO,https://www.instagram.com/reel/CyyoSb8MreO/,thesecretgardenglamping,2023-10-24T18:09:15.217000+00:00,False,,1066.2,5000000,views,3.125,0.9167,True,337000,embed_reel,14.8368,4_VIRAL,191493,1264,0.0383,1,treehouse-hotel,hotel_resort,pool,cozy_rustic,forest,cozy_rustic × pool,aspirational,code,descriptive,False,Autumn's embrace from the treetops.,other,other,aspirational,,
DQ77Qe_gSdS,https://www.instagram.com/reel/DQ77Qe_gSdS/,lvclosetdesign,2025-11-12T00:30:00.024000+00:00,False,,317.0,2200000,views,3.1073,0.9167,True,62000,embed_reel,35.4839,5_EXTREME_OUTLIER,63246,1654,0.0287,1,dream-closet,luxury_room,closet,other,none,other × closet,descriptive,code,descriptive,False,This transformation is one of my toughest challenges to date!,closet,other,descriptive,real_footage,real_existing
C6_JZ_3CBEw,https://www.instagram.com/reel/C6_JZ_3CBEw/,sala.khaoyai,2024-05-15T11:00:41.031000+00:00,False,,862.5,5700000,views,3.0811,0.8333,True,43000,embed_reel,132.5581,5_EXTREME_OUTLIER,333924,706,0.0586,1,infinity-pools,pool,pool,other,none,other × pool,aspirational,code,descriptive,False,Swimming with the clouds.,pool,minimalist,aspirational,real_footage,real_existing
DNJNfzIIQir,https://www.instagram.com/reel/DNJNfzIIQir/,french_exterior,2025-08-09T18:13:55.689000+00:00,False,,411.2,828000,views,3.0667,0.8333,True,961000,embed_reel,0.8616,2_GOOD,67610,193,0.0817,1,indoor-pool,pool,pool,other,none,other × pool,aspirational,code,descriptive,False,And I will not settle for less 🌿🏊🏼‍♀️ By @french_exterior At @chateaudesannes,pool,classical,aspirational,real_footage,real_existing
Cq6Tf7Xu5AO,https://www.instagram.com/reel/Cq6Tf7Xu5AO/,hockinghillstreehousecabins,2023-04-11T21:30:21.960000+00:00,False,,1262.1,4900000,views,3.0625,0.8333,True,264000,embed_reel,18.5606,4_VIRAL,278429,2477,0.0568,1,treehouse-hotel,hotel_resort,whole_home,cozy_rustic,forest,cozy_rustic × whole_home,question,code,question,False,Would you come to Ohio to stay in our treehouses?,kitchen,cozy_rustic,question,real_footage,real_existing
C7kFiXgPyUM,https://www.instagram.com/reel/C7kFiXgPyUM/,quaintandsimple,2024-05-29T19:18:46.425000+00:00,False,,848.2,806000,views,2.9852,0.75,True,26000,embed_reel,31.0,5_EXTREME_OUTLIER,23919,46,0.0297,1,indoor-pool,pool,pool,other,none,other × pool,money,code,descriptive,False,The answer….,pool,cozy_rustic,money,real_footage,real_existing
DYPD2_JEzhy,https://www.instagram.com/reel/DYPD2_JEzhy/,rain.nest,2026-05-12T10:30:29.483000+00:00,False,,135.6,1000000,views,2.9718,0.75,True,36000,embed_reel,27.7778,5_EXTREME_OUTLIER,55226,581,0.0552,1,ai-cozy-cabin,ai,whole_home,cozy_rustic,none,cozy_rustic × whole_home,aspirational,code,descriptive,False,"🔥 Somewhere between the crackling fire, the warm wooden walls, and the soft glow of candlelight…",living_room,cozy_rustic,aspirational,ai_generated,stylized_dreamy
DPPFg0Jk2Kj,https://www.instagram.com/reel/DPPFg0Jk2Kj/,vishnu_xo,2025-09-30T18:02:23.596000+00:00,False,,359.2,367000,views,2.9717,0.8333,True,406000,embed_reel,0.9039,2_GOOD,7219,64,0.0197,1,biophilic-bedroom-design,style,bedroom,biophilic,none,biophilic × bedroom,descriptive,code,aspirational,False,Natural stone and plants in perfect harmony in the bedroom ✨ #bedroom,bedroom,dark_luxury,descriptive,3d_render,stylized_dreamy
DVXP4QcDWke,https://www.instagram.com/reel/DVXP4QcDWke/,ashlan.sorenson,2026-03-02T01:15:15.857000+00:00,False,,206.9,2100000,views,2.9661,0.8333,True,601000,embed_reel,3.4942,3_VERY_GOOD,155233,1581,0.0739,1,dream-closet,luxury_room,closet,other,none,other × closet,aspirational,code,aspirational,False,FINALLY organized my dream closet!,closet,modern_luxury,aspirational,real_footage,real_existing
Cnx8jCrsSC5,https://www.instagram.com/reel/Cnx8jCrsSC5/,vincethebuilder,2023-01-24T02:01:42.448000+00:00,False,,1339.9,2100000,views,2.9453,0.8333,True,463000,embed_reel,4.5356,3_VERY_GOOD,68992,1075,0.0329,1,luxury-kitchen,luxury_room,kitchen,modern_luxury,none,modern_luxury × kitchen,descriptive,code,descriptive,False,Kitchen Inspo 👨🏻‍🍳 #clean #kitchen #kitcheninspo #kitchendecor #kit,kitchen,classical,descriptive,real_footage,real_existing
DVOqMmzCRgK,https://www.instagram.com/reel/DVOqMmzCRgK/,_jeni__va,2026-02-26T17:12:04.159000+00:00,False,,210.3,10300000,views,2.9429,0.9167,True,,,,,,,,1,dream-room,fantasy_dream,bedroom,other,none,other × bedroom,none,code,descriptive,False,"My simple room without new bed and furniture, (wardrobe) 🩵🥺🌷",bedroom,other,none,real_footage,real_existing
DcOaEgmGivL,https://www.instagram.com/reel/DcOaEgmGivL/,buildenza_,2026-08-19T14:30:54.757000+00:00,False,,36.4,118000,views,2.9353,1.0,True,145000,embed_reel,0.8138,2_GOOD,3115,28,0.0264,1,desert-house,unusual_home,whole_home,other,desert,other × whole_home,descriptive,code,descriptive,False,Building a desert dome house from sandbags.,whole_home,other,descriptive,ai_generated,aspirational_realistic
Csh-iRppSDG,https://www.instagram.com/reel/Csh-iRppSDG/,vacations,2023-05-22T03:48:12.076000+00:00,False,,1221.8,706000,views,2.7638,0.75,True,7000000,embed_reel,0.1009,1_NORMAL,22011,131,0.0312,1,underwater-hotel,hotel_resort,other,tropical,underwater,tropical × other,location,code,location,False,Waking up in an underwater suite at Atlantis The Palm Dubai 🐠🦈 TAG someone you would,bedroom,modern_luxury,location,real_footage,real_existing
DUDmR6kDKby,https://www.instagram.com/reel/DUDmR6kDKby/,eliyahu_zeituni,2026-01-28T13:34:48.097000+00:00,False,,239.4,5000000,views,2.7027,0.75,True,705000,embed_reel,7.0922,4_VIRAL,42889,83,0.0086,1,infinity-pools,pool,pool,other,none,other × pool,curiosity,code,descriptive,False,It's all about the details you don't see.,pool,minimalist,curiosity,3d_render,aspirational_realistic
DTs_-VRkZb0,https://www.instagram.com/reel/DTs_-VRkZb0/,tinylivingdesignsi,2026-01-19T18:56:47.228000+00:00,False,,248.2,726000,views,2.6889,0.6667,False,298000,embed_reel,2.4362,3_VERY_GOOD,34735,136,0.0478,1,indoor-pool,pool,pool,modern_luxury,ocean_beach,modern_luxury × pool,descriptive,code,descriptive,False,From Empty Pavilion to a Breathtaking Indoor Beach !,pool,tropical,descriptive,ai_generated,stylized_dreamy
DOlpM39kbd5,https://www.instagram.com/reel/DOlpM39kbd5/,harmosai,2025-09-14T15:46:08.468000+00:00,False,,375.3,752000,views,2.6809,0.9167,True,57000,embed_reel,13.193,4_VIRAL,47234,193,0.0628,3,futuristic-home;futuristic-house;futuristic-houses,future_arch,whole_home,futuristic,desert,futuristic × whole_home,curiosity,code,descriptive,False,"When the desert sky turns dark, the real show begins.",whole_home,dark_luxury,curiosity,ai_generated,aspirational_realistic
Dcnh66ERGzY,https://www.instagram.com/reel/Dcnh66ERGzY/,craftlab2050,2026-08-29T08:40:31.201000+00:00,False,,26.6,7100000,views,2.6792,0.9167,True,50000,embed_reel,142.0,5_EXTREME_OUTLIER,182559,1704,0.0257,1,treehouse,unusual_home,whole_home,tropical,forest,tropical × whole_home,descriptive,code,descriptive,False,Building an Epic Treehouse Cabin in the Jungle 🌲✨ #treehouse #woodworking #offgrid #diyprojects #architecture,other,cozy_rustic,descriptive,ai_generated,stylized_dreamy
CEnj8C4ARPX,https://www.instagram.com/reel/CEnj8C4ARPX/,vacations,2020-09-02T02:55:28.073000+00:00,False,,2213.9,684000,views,2.6776,0.6667,False,7000000,embed_reel,0.0977,1_NORMAL,28682,355,0.0419,1,underwater-hotel,hotel_resort,other,other,underwater,other × other,aspirational,code,location,False,Dinner under the sea in Maldives 🐠✨ Video by: @sennarelax TAG someone you'd dine here,dining,modern_luxury,aspirational,real_footage,real_existing
DT0BHW6Ct9o,https://www.instagram.com/reel/DT0BHW6Ct9o/,georgios_tataridis,2026-01-22T12:21:26.477000+00:00,False,,245.5,761000,views,2.6287,0.75,True,321000,embed_reel,2.3707,3_VERY_GOOD,,427,,1,futuristic-interior,future_arch,other,futuristic,city_skyline,futuristic × other,question,code,location,False,Project in Dubai.,living_room,modern_luxury,question,3d_render,aspirational_realistic
DXhPisCE_Du,https://www.instagram.com/reel/DXhPisCE_Du/,nextawas,2026-04-24T15:27:30.781000+00:00,False,,153.4,2400000,views,2.6244,0.9167,True,251000,embed_reel,9.5618,4_VIRAL,26333,101,0.011,1,living-room-design,room_generic,living_room,modern_luxury,none,modern_luxury × living_room,aspirational,code,aspirational,False,Upgrade your living space with this modern partition idea that adds style and smart space separation to your home.,living_room,biophilic,aspirational,3d_render,aspirational_realistic
Db8jLrwIqs1,https://www.instagram.com/reel/Db8jLrwIqs1/,srmdesignhub,2026-08-12T16:04:12.345000+00:00,False,,43.3,738000,views,2.5895,0.75,True,5000,embed_reel,147.6,5_EXTREME_OUTLIER,3915,23,0.0053,1,architecture-design,architecture,whole_home,other,none,other × whole_home,descriptive,code,descriptive,False,🏠 25' × 40' North-Facing 2BHK House Plan A compact and practical home design with proper room,other,other,descriptive,unclear,aspirational_realistic
Cf8NZx_jI69,https://www.instagram.com/reel/Cf8NZx_jI69/,beautifuldestinations,2022-07-13T05:30:14.616000+00:00,False,,1534.8,2300000,views,2.5886,0.6667,False,24000000,embed_reel,0.0958,1_NORMAL,99520,360,0.0433,1,overwater-villa,hotel_resort,bathroom,modern_luxury,ocean_beach,modern_luxury × bathroom,aspirational,code,aspirational,False,Dreaming of @louiscannell's bathtub with a view.,bathroom,modern_luxury,aspirational,real_footage,real_existing
DUi6zDJga0_,https://www.instagram.com/reel/DUi6zDJga0_/,luxurydreamhub,2026-02-09T17:30:32.684000+00:00,False,,227.3,1000000,views,2.584,0.75,True,1000000,embed_reel,1.0,2_GOOD,33762,61,0.0338,1,ultra-modern-luxury-house-design,luxury_home,whole_home,modern_luxury,none,modern_luxury × whole_home,aspirational,code,descriptive,False,Finding tranquility in the curves of modern design.,whole_home,brutalist,aspirational,ai_generated,aspirational_realistic
CxEL9lYv1Dw,https://www.instagram.com/reel/CxEL9lYv1Dw/,nataliedoef,2023-09-11T20:45:16.810000+00:00,False,,1109.1,1100000,views,2.5641,0.6667,False,372000,embed_reel,2.957,3_VERY_GOOD,137113,161,0.1246,1,cozy-bedroom-ideas,cozy_ambience,bedroom,cozy_rustic,none,cozy_rustic × bedroom,question,code,descriptive,False,Happy Monday!!,bedroom,biophilic,question,real_footage,real_existing
DUannSokdQD,https://www.instagram.com/reel/DUannSokdQD/,montani3d,2026-02-06T12:08:59.434000+00:00,False,,230.5,946000,views,2.5193,0.75,True,603000,embed_reel,1.5688,2_GOOD,36829,10387,0.0389,1,ai-architecture,ai,whole_home,other,none,other × whole_home,promotional,code,descriptive,False,Comente WORKSHOP 👇 E aprenda a transformar seus projetos ou fotos em vídeos incríveis como esse usand,whole_home,modern_luxury,promotional,ai_generated,stylized_dreamy
DcGhZZCxf77,https://www.instagram.com/reel/DcGhZZCxf77/,the.tnk.loft,2026-08-16T13:01:00.382000+00:00,False,,39.5,306000,views,2.4777,0.75,True,237000,embed_reel,1.2911,2_GOOD,36480,212,0.1192,1,biophilic-bedroom-design,style,bedroom,tropical,jungle,tropical × bedroom,contrarian,code,descriptive,False,"Give us 500 plants, filtered sunlight, jungle humidity and a home that feels a",living_room,biophilic,contrarian,real_footage,real_existing
C-GK8yJyZjT,https://www.instagram.com/reel/C-GK8yJyZjT/,thetrillionairelife,2024-07-31T18:03:02.252000+00:00,False,,785.2,1400000,views,2.4348,0.75,True,13000000,embed_reel,0.1077,1_NORMAL,137589,485,0.0983,1,futuristic-houses,future_arch,bedroom,futuristic,none,futuristic × bedroom,descriptive,code,descriptive,False,Car shaped villas 🌴 #TheTrillionaireLife Video by: @sunt_mrr #luxuryhomes #mansion #bedroomdesign #interior #mariadudkin,whole_home,futuristic,descriptive,ai_generated,fantasy_impossible
DctfC47uMsN,https://www.instagram.com/reel/DctfC47uMsN/,ms.josefine,2026-08-31T16:10:50.320000+00:00,False,,24.3,683000,views,2.3965,0.6667,False,13000,embed_reel,52.5385,5_EXTREME_OUTLIER,58872,111,0.0862,1,architecture-design,architecture,whole_home,other,none,other × whole_home,descriptive,code,descriptive,False,Sadly it took a little bit longer 🤏🏻📐🪚✍🏻 #architecturedesign #architecture #modelling #architect #degree,kitchen,minimalist,descriptive,real_footage,real_existing
DcWTQ_jiSCi,https://www.instagram.com/reel/DcWTQ_jiSCi/,husnain_g13_properties,2026-08-22T16:05:22.464000+00:00,False,,33.3,1700000,views,2.3843,0.75,True,4000,embed_reel,425.0,5_EXTREME_OUTLIER,99733,135,0.0587,1,luxury-kitchen,luxury_room,kitchen,modern_luxury,none,modern_luxury × kitchen,descriptive,code,descriptive,False,🖤 Black Theme Luxury Kitchen Design 🍽️ A stunning black-themed desi,kitchen,modern_luxury,descriptive,real_footage,real_existing
DTfMBpyCJgJ,https://www.instagram.com/reel/DTfMBpyCJgJ/,aka_projectuz,2026-01-14T10:12:43.837000+00:00,False,,253.6,1300000,views,2.3744,0.75,True,15000,embed_reel,86.6667,5_EXTREME_OUTLIER,83460,351,0.0642,1,ai-generated-house,ai,whole_home,other,none,other × whole_home,descriptive,code,descriptive,True,Project: cottage 17×10m #design #ai #exterior #animation #cottage,whole_home,classical,descriptive,ai_generated,aspirational_realistic
DHiw6GyR6hD,https://www.instagram.com/reel/DHiw6GyR6hD/,digitaldesign.lab,2025-03-23T13:16:00.189000+00:00,False,,550.4,95200,views,2.3682,0.9167,True,164000,embed_reel,0.5805,2_GOOD,3623,47,0.0381,1,desert-house,unusual_home,whole_home,other,desert,other × whole_home,descriptive,code,descriptive,False,Desert villa inspired by Najd traditional architecture By: @digitaldesign.lab #الدرعية #aldiriyah,living_room,other,descriptive,ai_generated,stylized_dreamy
DOyEtwSCgd1,https://www.instagram.com/reel/DOyEtwSCgd1/,architectcha,2025-09-19T11:37:26.781000+00:00,False,,370.5,969000,views,2.3434,0.75,True,148000,embed_reel,6.5473,4_VIRAL,17756,195,0.0183,1,midjourney-architecture,ai,whole_home,other,none,other × whole_home,descriptive,code,descriptive,False,Machinic Tower Variation 9 A simulated construction of robotics and AI-integrated architecture.,whole_home,industrial,descriptive,ai_generated,fantasy_impossible
DLFxY2WI7_S,https://www.instagram.com/reel/DLFxY2WI7_S/,eliemoussa_creative_design,2025-06-19T17:07:48.101000+00:00,False,,462.3,914000,views,2.3198,0.9167,True,,,,,,,,1,luxury-living-room-design,luxury_room,living_room,futuristic,none,futuristic × living_room,aspirational,heuristic,aspirational,False,"The future belongs to those who believe in the beauty of their dreams, and the beauty starts here , give a glance on thi",,,,,
DSkKH8MDKMq,https://www.instagram.com/reel/DSkKH8MDKMq/,selahridgeresort,2025-12-22T12:00:55.281000+00:00,False,,276.5,3700000,views,2.3125,0.75,True,119000,embed_reel,31.0924,5_EXTREME_OUTLIER,157716,3995,0.0426,1,treehouse-hotel,hotel_resort,whole_home,other,forest,other × whole_home,aspirational,code,descriptive,False,"A treehouse built for complete reset and relaxation 🌿 ㅤ Comment ""TREEHOUSE"" to book your stay today!",other,cozy_rustic,aspirational,real_footage,real_existing
DW0xoVpj7No,https://www.instagram.com/reel/DW0xoVpj7No/,simplevision_andro,2026-04-07T08:59:33.420000+00:00,False,,170.6,6800000,views,2.3051,0.8333,True,643000,embed_reel,10.5754,4_VIRAL,25577,122,0.0038,1,modern-architecture,architecture,whole_home,modern_luxury,none,modern_luxury × whole_home,descriptive,code,descriptive,False,Hidden Staircase Concept Hidden staircase is very convenient — but it's more than just a fun,other,minimalist,descriptive,3d_render,aspirational_realistic
DdDJWU_zC1F,https://www.instagram.com/reel/DdDJWU_zC1F/,homemaking55,2026-09-09T02:04:32.728000+00:00,False,,15.9,6100000,views,2.3019,0.8333,True,230000,embed_reel,26.5217,5_EXTREME_OUTLIER,64810,464,0.0106,1,treehouse,unusual_home,whole_home,other,forest,other × whole_home,descriptive,code,descriptive,False,Treehouses village strong winds blowing #treehouse #treetophouse,whole_home,other,descriptive,ai_generated,fantasy_impossible
CqAsd0aAzsn,https://www.instagram.com/reel/CqAsd0aAzsn/,erikvanconover,2023-03-20T12:32:34.829000+00:00,False,,1284.5,3400000,views,2.2667,0.75,True,876000,embed_reel,3.8813,3_VERY_GOOD,187398,1353,0.0551,1,luxury-penthouse,luxury_home,whole_home,modern_luxury,none,modern_luxury × whole_home,money,code,money,False,"Inside Kendall Roy's $50,000,000 Hudson Yards Penthouse @succession @hbomax Tag a bunch of friends you'd move in w",other,modern_luxury,money,real_footage,real_existing
DVK9k-mEa_S,https://www.instagram.com/reel/DVK9k-mEa_S/,pentarkdesign,2026-02-25T06:44:27.557000+00:00,False,,211.7,2100000,views,2.2412,0.9167,True,15000,embed_reel,140.0,5_EXTREME_OUTLIER,52931,40,0.0252,1,bedroom-design,room_generic,bedroom,modern_luxury,none,modern_luxury × bedroom,aspirational,code,descriptive,False,Your bedroom shouldn't feel ordinary.,bedroom,modern_luxury,aspirational,3d_render,aspirational_realistic
DW8_CcQESn8,https://www.instagram.com/reel/DW8_CcQESn8/,visionbuildofficial,2026-04-10T13:30:38.457000+00:00,False,,167.4,6600000,views,2.2373,0.75,True,50000,embed_reel,132.0,5_EXTREME_OUTLIER,87479,1208,0.0133,1,modern-architecture,architecture,whole_home,modern_luxury,none,modern_luxury × whole_home,curiosity,code,descriptive,False,The Craziest Snake Tower Ever Built in the USA 🐍🏙️ #ConstructionUSA #SkyscraperBuild #Timel,whole_home,futuristic,curiosity,ai_generated,fantasy_impossible
C_P-6KmOGt9,https://www.instagram.com/reel/C_P-6KmOGt9/,soothenests,2024-08-29T10:01:37.317000+00:00,False,,756.6,2500000,views,2.2302,0.75,True,2000000,embed_reel,1.25,2_GOOD,105382,227,0.0422,1,dream-bedrooms,luxury_room,bedroom,cozy_rustic,mountain_snow,cozy_rustic × bedroom,aspirational,code,aspirational,False,A cozy luxury room with a front-row seat to winter's beauty #cozybedroom #cozyapartment #wintervibes,bedroom,modern_luxury,aspirational,ai_generated,stylized_dreamy
DUqxZBfEmhR,https://www.instagram.com/reel/DUqxZBfEmhR/,tuesday_leroux,2026-02-12T18:42:16.343000+00:00,False,,224.2,3900000,views,2.2286,0.9167,True,1000000,embed_reel,3.9,3_VERY_GOOD,306512,4213,0.0786,1,luxury-house,luxury_home,home_theater,modern_luxury,none,modern_luxury × home_theater,money,code,money,False,$41M Mansion with a Cinema!,pool,modern_luxury,money,real_footage,real_existing
C4BB-H_yXuj,https://www.instagram.com/reel/C4BB-H_yXuj/,arteo_luxury,2024-03-02T15:00:00.600000+00:00,False,,936.4,2500000,views,2.2036,0.8333,True,871000,embed_reel,2.8703,3_VERY_GOOD,57342,320,0.0229,1,luxury-bathroom-design,luxury_room,bathroom,modern_luxury,none,modern_luxury × bathroom,aspirational,code,descriptive,False,"A touch of pure luxury In the opulence of black and ivory hues, this luxury bathroom transcends mere aest",bathroom,dark_luxury,aspirational,ai_generated,aspirational_realistic
Cwxf5cmsoSX,https://www.instagram.com/reel/Cwxf5cmsoSX/,design.input,2023-09-04T14:33:54.470000+00:00,False,,1116.4,900000,views,2.1765,0.6667,False,103000,embed_reel,8.7379,4_VIRAL,44900,2897,0.0499,1,midjourney-architecture,ai,whole_home,other,none,other × whole_home,curiosity,code,descriptive,True,"Comment ""timber"" to learn how 👉🏻 Alterations - 01 Creating versions of similar design concepts in context using inpainti",whole_home,futuristic,curiosity,ai_generated,aspirational_realistic
DXUIBEajIwd,https://www.instagram.com/reel/DXUIBEajIwd/,architectkhyatisaini,2026-04-19T13:11:37.742000+00:00,False,,158.5,5000000,views,2.1739,0.9167,True,11000,embed_reel,454.5455,5_EXTREME_OUTLIER,390290,362,0.0781,1,dream-home,luxury_home,whole_home,modern_luxury,none,modern_luxury × whole_home,aspirational,code,descriptive,False,"Because some things are not luxury, they're a feeling.",other,cozy_rustic,aspirational,ai_generated,aspirational_realistic
DGgYzqfCnkk,https://www.instagram.com/reel/DGgYzqfCnkk/,propertymatter7,2025-02-25T18:35:31.991000+00:00,False,,576.2,3800000,views,2.1714,0.8333,True,847000,embed_reel,4.4864,3_VERY_GOOD,258928,522,0.0681,1,luxury-house,luxury_home,whole_home,modern_luxury,none,modern_luxury × whole_home,promotional,code,aspirational,False,"Contact Details : +92-316-7303-977 Dream home, interior design, architecture, luxury living, home tour",whole_home,modern_luxury,promotional,real_footage,real_existing
DUsw1h-Emra,https://www.instagram.com/reel/DUsw1h-Emra/,luxurydreamhub,2026-02-13T13:15:54.453000+00:00,False,,223.4,737000,views,2.1178,0.6667,False,1000000,embed_reel,0.737,2_GOOD,34619,284,0.047,1,luxury-bedroom,luxury_room,bedroom,modern_luxury,none,modern_luxury × bedroom,aspirational,code,descriptive,False,A world of elegance and starlight.,bedroom,other,aspirational,ai_generated,stylized_dreamy
DQJ5NlWCAFh,https://www.instagram.com/reel/DQJ5NlWCAFh/,asharch_design,2025-10-23T14:10:06.085000+00:00,False,,336.4,608000,views,2.1002,0.6667,False,114000,embed_reel,5.3333,4_VIRAL,55094,89,0.0906,1,futuristic-interior,future_arch,other,futuristic,none,futuristic × other,descriptive,code,descriptive,False,"A luxurious modern interior balancing sleek finishes, soft textures, and ambient lighting for an elegant feel.",living_room,dark_luxury,descriptive,3d_render,aspirational_realistic
DVYna7xjmAK,https://www.instagram.com/reel/DVYna7xjmAK/,wayup_media,2026-03-02T14:00:12.988000+00:00,False,,206.4,4800000,views,2.087,0.8333,True,941000,embed_reel,5.101,4_VIRAL,243876,1599,0.0508,1,dream-home,luxury_home,whole_home,other,none,other × whole_home,choice,code,choice,False,"One of these matches her energy perfectly, which house is it?",whole_home,modern_luxury,choice,real_footage,real_existing
DVAOBuiEjci,https://www.instagram.com/reel/DVAOBuiEjci/,almostlove21,2026-02-21T02:36:32.925000+00:00,False,,215.9,7300000,views,2.0857,0.75,True,175000,account_lookup,41.7143,5_EXTREME_OUTLIER,945400,2300,0.1295,1,dream-room,fantasy_dream,other,cozy_rustic,none,cozy_rustic × other,descriptive,code,descriptive,False,My cozy room 😍 .,bedroom,other,descriptive,real_footage,real_existing
DYmzKjXta1v,https://www.instagram.com/reel/DYmzKjXta1v/,mednikovadesign,2026-05-21T15:46:23.240000+00:00,False,,126.3,636000,views,2.0818,0.75,True,20000,embed_reel,31.8,5_EXTREME_OUTLIER,16489,109,0.0259,1,art-deco-interior-design,style,other,art_deco,city_skyline,art_deco × other,none,code,descriptive,False,#designinteriors #designdubai #interiordesign #studiodesign #dubaiinteriors,living_room,art_deco,none,ai_generated,aspirational_realistic
DXI12kqxCk1,https://www.instagram.com/reel/DXI12kqxCk1/,renovatemate,2026-04-15T04:01:15.822000+00:00,False,,162.8,1400000,views,2.0772,0.75,True,286000,embed_reel,4.8951,3_VERY_GOOD,37299,264,0.0266,1,luxury-pool,pool,pool,modern_luxury,none,modern_luxury × pool,promotional,code,promotional,False,Early access for these pool link in bio.,pool,other,promotional,ai_generated,stylized_dreamy
DYfXRE8hEx6,https://www.instagram.com/reel/DYfXRE8hEx6/,nesthome.03,2026-05-18T18:27:55.602000+00:00,False,,129.2,352000,views,2.0657,0.75,True,39000,embed_reel,9.0256,4_VIRAL,20494,,0.0582,1,cozy-winter-cabin,cozy_ambience,whole_home,cozy_rustic,mountain_snow,cozy_rustic × whole_home,aspirational,code,aspirational,False,Hidden Peace in the Snow ❄️🏔️ #WinterCabin #SnowyHills #USAViews #LuxembourgNature #CozyEscape,whole_home,cozy_rustic,aspirational,ai_generated,stylized_dreamy
DE20vHgS3NL,https://www.instagram.com/reel/DE20vHgS3NL/,meridas.house,2025-01-15T18:40:05.017000+00:00,False,,617.2,279000,views,2.0014,0.8333,True,,,,,,,,1,organic-modern,style,other,biophilic,none,biophilic × other,promotional,heuristic,promotional,False,Organic Modern inspo ✨ Shop links in bio 🛍️ Organic Modern decor staples: 🤍 Clay pottery and woven bas,,,,,
C__GsibSv6K,https://www.instagram.com/reel/C__GsibSv6K/,nostalgicraindrops,2024-09-16T17:13:58.287000+00:00,False,,738.3,1100000,views,1.959,0.6667,False,713000,embed_reel,1.5428,2_GOOD,72898,167,0.0663,1,rain-cozy,cozy_ambience,other,cozy_rustic,rain,cozy_rustic × other,promotional,code,promotional,False,Save the Rain Sleep Playlist in my bio!,bedroom,cozy_rustic,promotional,ai_generated,stylized_dreamy
DbLl2eEtYWH,https://www.instagram.com/reel/DbLl2eEtYWH/,decorrwitms,2026-07-24T15:44:44.258000+00:00,False,,62.3,1200000,views,1.9355,1.0,True,44000,embed_reel,27.2727,5_EXTREME_OUTLIER,,1281,,1,bathroom-design,room_generic,bathroom,other,none,other × bathroom,instructional,code,descriptive,False,A beautiful bathroom isn't just about tiles and fittings—the right dimensions make it comfortable to use every day.,bathroom,modern_luxury,instructional,unclear,aspirational_realistic
DOcrXxqknf7,https://www.instagram.com/reel/DOcrXxqknf7/,naturesms,2025-09-11T04:11:56.462000+00:00,False,,378.8,1300000,views,1.9316,0.75,True,10000000,embed_reel,0.13,1_NORMAL,62238,224,0.0479,1,house-in-the-forest,unusual_home,whole_home,other,rain,other × whole_home,aspirational,code,curiosity,False,"Find a place where no one is, listen to a quiet music, listen to the rain in the mount",bedroom,biophilic,aspirational,ai_generated,stylized_dreamy
C3ktMaosAXN,https://www.instagram.com/reel/C3ktMaosAXN/,lucaslagoons,2024-02-20T14:59:43.530000+00:00,False,,947.4,1300000,views,1.9288,0.6667,False,932000,embed_reel,1.3948,2_GOOD,101092,364,0.0778,1,luxury-pool,pool,pool,tropical,none,tropical × pool,descriptive,code,descriptive,False,"This tropical lagoon in Englewood, Florida, was designed to mimic an old Florida swimming hole.",pool,tropical,descriptive,real_footage,real_existing
DSIaDRLjGMU,https://www.instagram.com/reel/DSIaDRLjGMU/,prinzessavideo_ai,2025-12-11T17:21:21.520000+00:00,False,,287.3,3300000,views,1.9192,0.5833,False,19000,embed_reel,173.6842,5_EXTREME_OUTLIER,23592,218,0.0071,1,ai-interior-design,ai,other,other,none,other × other,descriptive,code,descriptive,False,AI-Ремонт | Зал — вариант №1 Тестирую AI-workflow по визуализации интерьеров: 1 фото → план,living_room,minimalist,descriptive,ai_generated,aspirational_realistic
DcG3vbhCYtF,https://www.instagram.com/reel/DcG3vbhCYtF/,relaxinoffgrid,2026-08-16T16:16:15.259000+00:00,False,,39.3,177000,views,1.884,0.9167,True,1000000,embed_reel,0.177,1_NORMAL,11150,103,0.063,1,glass-house,unusual_home,whole_home,cozy_rustic,rain,cozy_rustic × whole_home,aspirational,code,descriptive,False,Sound ON.,living_room,cozy_rustic,aspirational,ai_generated,stylized_dreamy
DQUUZF-EpAX,https://www.instagram.com/reel/DQUUZF-EpAX/,naturesms,2025-10-27T15:20:00.469000+00:00,False,,332.4,319000,views,1.8721,0.6667,False,10000000,embed_reel,0.0319,1_NORMAL,8414,70,0.0264,1,cozy-winter-cabin,cozy_ambience,whole_home,cozy_rustic,mountain_snow,cozy_rustic × whole_home,question,code,question,False,"On a snowy day, who would you most like to live with in such a cozy cave cabin?",bedroom,cozy_rustic,question,ai_generated,stylized_dreamy
DVtm6pNkiO_,https://www.instagram.com/reel/DVtm6pNkiO_/,tucasad3co,2026-03-10T17:39:51.540000+00:00,False,,198.3,1700000,views,1.8589,0.8333,True,272000,embed_reel,6.25,4_VIRAL,35673,244,0.021,1,living-room-design,room_generic,living_room,other,none,other × living_room,curiosity,code,descriptive,False,Nadie cree que esta sala empezó vacía… mira la transformación completa Transformación de interior paso a paso.,living_room,modern_luxury,curiosity,ai_generated,aspirational_realistic
C_aGkRDutcQ,https://www.instagram.com/reel/C_aGkRDutcQ/,karim.eltaher.designs,2024-09-02T08:20:56.544000+00:00,False,,752.7,2100000,views,1.851,0.75,True,934000,embed_reel,2.2484,3_VERY_GOOD,35870,162,0.0171,1,luxury-bathroom-design,luxury_room,bathroom,modern_luxury,none,modern_luxury × bathroom,descriptive,code,aspirational,False,Luxury bathroom🖤 ✨🪄 Make your dreams🤩🖤 #homedecor #designinspiration #architecture #interiordesigne,bathroom,modern_luxury,descriptive,3d_render,aspirational_realistic
DJCTsDzPJQ_,https://www.instagram.com/reel/DJCTsDzPJQ_/,ohneis652,2025-04-29T15:47:46.239000+00:00,False,,513.3,693000,views,1.8455,0.6667,False,423000,embed_reel,1.6383,2_GOOD,34332,,0.0495,1,ai-architecture,ai,whole_home,other,none,other × whole_home,contrarian,code,descriptive,False,Most AI architecture looks like cheap 3D renders.,whole_home,brutalist,contrarian,ai_generated,aspirational_realistic
DRe15ajgGtf,https://www.instagram.com/reel/DRe15ajgGtf/,facade_designn,2025-11-25T13:56:34.720000+00:00,False,,303.4,531000,views,1.8216,0.75,True,47000,embed_reel,11.2979,4_VIRAL,8335,138,0.0157,1,parametric-architecture,future_arch,whole_home,futuristic,none,futuristic × whole_home,curiosity,code,descriptive,False,"✨When architecture dares to break the rules, magic happens...",whole_home,biophilic,curiosity,ai_generated,stylized_dreamy
DUWxMeTCn65,https://www.instagram.com/reel/DUWxMeTCn65/,exploringdreamhomes,2026-02-05T00:15:44.895000+00:00,False,,232.0,996000,views,1.8192,0.6667,False,177000,embed_reel,5.6271,4_VIRAL,46378,728,0.0466,1,ai-generated-house,ai,whole_home,other,none,other × whole_home,descriptive,code,descriptive,False,So beautiful ❤️😍,whole_home,mediterranean,descriptive,ai_generated,aspirational_realistic
DZhTwuExTC6,https://www.instagram.com/reel/DZhTwuExTC6/,radixarchitecturaldesignstudio,2026-06-13T09:07:10.178000+00:00,False,,103.6,432000,views,1.8151,0.8333,True,3000,embed_reel,144.0,5_EXTREME_OUTLIER,7579,39,0.0175,1,tropical-house-architecture-styles,architecture,whole_home,tropical,none,tropical × whole_home,descriptive,code,fantasy,False,"Timeless Kerala architecture, reimagined with purpose.",whole_home,other,descriptive,unclear,aspirational_realistic
DOY7KFpifBY,https://www.instagram.com/reel/DOY7KFpifBY/,harmosai,2025-09-09T17:12:55.212000+00:00,False,,380.3,728000,views,1.8132,0.8333,True,57000,embed_reel,12.7719,4_VIRAL,34601,140,0.0475,3,futuristic-house;futuristic-houses;modern-villa,future_arch,whole_home,futuristic,rain,futuristic × whole_home,aspirational,code,descriptive,False,Let the storm roll in.,whole_home,modern_luxury,aspirational,ai_generated,stylized_dreamy
DVf3hz8k2lW,https://www.instagram.com/reel/DVf3hz8k2lW/,midnight_files_ll,2026-03-05T09:35:38.962000+00:00,False,,203.6,2000000,views,1.8026,0.5833,False,8000,embed_reel,250.0,5_EXTREME_OUTLIER,89955,484,0.045,1,underground-house,unusual_home,whole_home,other,none,other × whole_home,curiosity,code,descriptive,False,Built under ground #midnightfiles #underground #house #Home,other,other,curiosity,unclear,aspirational_realistic
DDPcz3FsVAU,https://www.instagram.com/reel/DDPcz3FsVAU/,nature._.videos,2024-12-06T15:09:14.468000+00:00,False,,657.4,834000,views,1.8013,0.8333,True,5000000,embed_reel,0.1668,1_NORMAL,24725,168,0.0296,1,luxury-cabin,unusual_home,whole_home,cozy_rustic,forest,cozy_rustic × whole_home,descriptive,code,descriptive,False,A cozy wooden cabin interior with a modern aesthetic.,living_room,cozy_rustic,descriptive,ai_generated,stylized_dreamy
DUzFNSYDXY5,https://www.instagram.com/reel/DUzFNSYDXY5/,antt,2026-02-16T00:09:21.417000+00:00,False,,221.0,2700000,views,1.8,0.6667,False,57000,embed_reel,47.3684,5_EXTREME_OUTLIER,270083,370,0.1,1,luxury-penthouse,luxury_home,whole_home,modern_luxury,none,modern_luxury × whole_home,descriptive,code,descriptive,False,#penthouse,living_room,modern_luxury,descriptive,real_footage,real_existing
DVYdwbwk-1G,https://www.instagram.com/reel/DVYdwbwk-1G/,the_conscious_dreamers,2026-03-02T12:35:46.234000+00:00,False,,206.5,3300000,views,1.7838,0.6667,False,62000,embed_reel,53.2258,5_EXTREME_OUTLIER,135059,270,0.0409,1,infinity-pools,pool,pool,other,city_skyline,other × pool,aspirational,code,location,False,the Alto 54 infinity pool feels like you're floating in the sky with the Burj Khalifa and Dubai skyline stretching endle,pool,modern_luxury,aspirational,real_footage,real_existing
DZMyqPbTlEg,https://www.instagram.com/reel/DZMyqPbTlEg/,sucy_dome_house_factory,2026-06-05T09:53:06.959000+00:00,False,,111.6,167000,views,1.7775,0.8333,True,10000,embed_reel,16.7,4_VIRAL,5748,64,0.0344,1,glass-house,unusual_home,whole_home,other,none,other × whole_home,instructional,code,instructional,False,How is a glass room created?,whole_home,futuristic,instructional,real_footage,real_existing
DDj-lyuOm2b,https://www.instagram.com/reel/DDj-lyuOm2b/,thevisualpoetflavia,2024-12-14T14:29:13.653000+00:00,False,,649.4,1000000,views,1.773,0.6667,False,145000,embed_reel,6.8966,4_VIRAL,101039,337,0.101,1,quiet-luxury,luxury_room,other,modern_luxury,none,modern_luxury × other,aspirational,code,descriptive,False,"""Let me be surrounded by luxury, I can do without the necessities!"" Oscar Wilde #luxury",other,cozy_rustic,aspirational,real_footage,real_existing
DVBqpjrADzS,https://www.instagram.com/reel/DVBqpjrADzS/,ourmidwayhome,2026-02-21T16:05:53.711000+00:00,False,,215.3,246000,views,1.7647,0.75,True,187000,embed_reel,1.3155,2_GOOD,9336,2122,0.038,1,organic-modern,style,other,biophilic,none,biophilic × other,pov,code,aspirational,False,"For the ones drawn to organic modern design, calm spaces with simple styling, and a mix of moody + bold neutra",other,biophilic,pov,real_footage,real_existing
DLGXLeZIgMX,https://www.instagram.com/reel/DLGXLeZIgMX/,dreamxvoyager,2025-06-19T22:38:01.483000+00:00,False,,462.1,94000,views,1.7554,0.75,True,22000,embed_reel,4.2727,3_VERY_GOOD,4569,4333,0.0486,1,future-houses-2050,future_arch,whole_home,futuristic,none,futuristic × whole_home,choice,code,choice,False,Which house do you pick?,whole_home,mediterranean,choice,real_footage,real_existing
C62pYvFIb2s,https://www.instagram.com/reel/C62pYvFIb2s/,vacations,2024-05-12T03:46:58.019000+00:00,False,,865.8,447000,views,1.7499,0.5833,False,7000000,embed_reel,0.0639,1_NORMAL,8330,107,0.0186,2,overwater-villa;underwater-hotel,hotel_resort,whole_home,other,underwater,other × whole_home,aspirational,code,fantasy,False,One of the most magical experiences in Maldives..,bedroom,modern_luxury,aspirational,real_footage,real_existing
DY2lB2QpHBO,https://www.instagram.com/reel/DY2lB2QpHBO/,the_haunted_tale,2026-05-27T18:50:42.810000+00:00,False,,120.2,973000,views,1.7329,0.5833,False,50000,embed_reel,19.46,4_VIRAL,102011,388,0.1048,1,rain-cozy,cozy_ambience,whole_home,cozy_rustic,rain,cozy_rustic × whole_home,aspirational,code,fantasy,False,Somewhere out there… rainy nights still feel magical.,other,cozy_rustic,aspirational,ai_generated,stylized_dreamy
DK2Kx6tyuNR,https://www.instagram.com/reel/DK2Kx6tyuNR/,riya_realtor,2025-06-13T15:41:49.748000+00:00,False,,468.3,3000000,views,1.7143,0.75,True,62000,embed_reel,48.3871,5_EXTREME_OUTLIER,174540,3059,0.0582,1,luxury-house,luxury_home,whole_home,modern_luxury,none,modern_luxury × whole_home,money,code,money,False,100 cr ka villa 50 crore me??😳 #billionaire #millionaire #money #luxury #luxurylifestyle #motivation,whole_home,modern_luxury,money,real_footage,real_existing
DRxG60ZCCMe,https://www.instagram.com/reel/DRxG60ZCCMe/,eliemoussa_creative_design,2025-12-02T16:11:38.891000+00:00,False,,296.3,675000,views,1.7132,0.8333,True,,,,,,,,1,luxury-living-room-design,luxury_room,living_room,modern_luxury,none,modern_luxury × living_room,aspirational,heuristic,aspirational,False,Unwind and relax in the embrace of our living room sanctuary… #design #instagram #art #lounge #mood #renderlovers #insta,,,,,
DUxgA8dDEBj,https://www.instagram.com/reel/DUxgA8dDEBj/,havello3,2026-02-15T09:25:07.219000+00:00,False,,221.6,1600000,views,1.7076,0.8333,True,360000,embed_reel,4.4444,3_VERY_GOOD,38135,67,0.0238,1,bedroom-design,room_generic,bedroom,other,none,other × bedroom,instructional,code,descriptive,False,Small Bedroom Space Hacks That Look Expensive | Smart Storage & Bay Window Ideas Discover smart small bedroom design ide,bedroom,minimalist,instructional,3d_render,aspirational_realistic
DXRMLZVjWUC,https://www.instagram.com/reel/DXRMLZVjWUC/,hm_architecture078,2026-04-18T09:50:16.196000+00:00,False,,159.6,3900000,views,1.6957,0.75,True,11000,embed_reel,354.5455,5_EXTREME_OUTLIER,56868,156,0.0146,1,dream-home,luxury_home,whole_home,modern_luxury,none,modern_luxury × whole_home,descriptive,code,descriptive,False,33'x50' Modern 2BHK House Plan with Car Parking 🚗✨ Smart layout designed for,other,dark_luxury,descriptive,3d_render,aspirational_realistic
DCfljsyv0bR,https://www.instagram.com/reel/DCfljsyv0bR/,americasrealtygroup,2024-11-18T01:02:07.934000+00:00,False,,676.0,1200000,views,1.6949,0.75,True,,,,,,,,1,dream-closet,luxury_room,closet,modern_luxury,none,modern_luxury × closet,question,heuristic,question,False,The closet SHE deserves!😌 🔎Looking for a home in Texas?,,,,,
DRltDvxkYpV,https://www.instagram.com/reel/DRltDvxkYpV/,quangquacs,2025-11-28T05:54:01.788000+00:00,False,,300.8,315000,views,1.6845,0.9091,True,174000,embed_reel,1.8103,2_GOOD,16816,89,0.0534,1,waterfall-house,fantasy_dream,whole_home,other,lake_river,other × whole_home,question,code,descriptive,False,Bạn muốn cùng ai trong ngôi nhà này,living_room,tropical,question,unclear,aspirational_realistic
DbqUfQoNY9B,https://www.instagram.com/reel/DbqUfQoNY9B/,cozycabinlife1,2026-08-05T14:09:28.617000+00:00,False,,50.4,337000,views,1.6725,0.6667,False,13000,embed_reel,25.9231,5_EXTREME_OUTLIER,28021,436,0.0831,2,ai-cozy-cabin;cozy-cabin-in-the-snow,ai,whole_home,cozy_rustic,mountain_snow,cozy_rustic × whole_home,question,code,question,False,Would You Trade Your City Life For This Winter Cabin?,whole_home,cozy_rustic,question,ai_generated,stylized_dreamy
DOK43DEgGH-,https://www.instagram.com/reel/DOK43DEgGH-/,kerala_architectures,2025-09-04T06:23:28.610000+00:00,False,,385.7,394000,views,1.6555,0.75,True,238000,embed_reel,1.6555,2_GOOD,7970,39,0.0202,1,tropical-house-architecture-styles,architecture,whole_home,tropical,none,tropical × whole_home,descriptive,code,descriptive,False,"🏡 Modern Tropical Residence | 3BHK | 1280 SQFT A sleek blend of modern geometry and warm wooden accents, this residence",whole_home,minimalist,descriptive,unclear,aspirational_realistic
DVl4FLoiNZw,https://www.instagram.com/reel/DVl4FLoiNZw/,luxuryhouseview,2026-03-07T17:35:55.306000+00:00,False,,201.3,461000,views,1.6435,0.75,True,389000,embed_reel,1.1851,2_GOOD,18696,111,0.0406,4,futuristic-home;luxury-penthouse;modern-luxury-house-interiors;modern-villa,future_arch,whole_home,futuristic,none,futuristic × whole_home,aspirational,code,aspirational,False,"Living in a masterpiece of light, space, and luxury💥💎✨.",living_room,modern_luxury,aspirational,3d_render,aspirational_realistic
DORUMUqkc2W,https://www.instagram.com/reel/DORUMUqkc2W/,cosyacademia,2025-09-06T18:17:45.262000+00:00,False,,383.2,6300000,views,1.6364,0.75,True,,,,,494900,1500,0.0786,1,cozy-rain,cozy_ambience,other,cozy_rustic,rain,cozy_rustic × other,question,code,question,False,who else feels happiest when the weather is moody and stormy?,other,cozy_rustic,question,real_footage,real_existing
DUu6jhCk4QP,https://www.instagram.com/reel/DUu6jhCk4QP/,pergola_uae,2026-02-14T09:19:18.622000+00:00,False,,222.6,153000,views,1.6285,0.75,True,199000,embed_reel,0.7688,2_GOOD,194,213,0.0013,1,glass-house,unusual_home,whole_home,modern_luxury,none,modern_luxury × whole_home,descriptive,code,promotional,False,Modern Glass Room ⭐️ ABUDHABI 📍 6 x 6 m 📏 For Contact ☎️ 050-8687086,other,minimalist,descriptive,real_footage,real_existing
DWl3HKqkV82,https://www.instagram.com/reel/DWl3HKqkV82/,neutral_homebody,2026-04-01T13:58:50.926000+00:00,False,,176.4,227000,views,1.6284,0.6667,False,543000,embed_reel,0.418,1_NORMAL,7889,854,0.0348,1,organic-modern,style,living_room,biophilic,none,biophilic × living_room,descriptive,code,aspirational,False,Living room details ✨ follow + comment Shop for the links #organicmodern #curated #livingroominspiration #japa,living_room,biophilic,descriptive,real_footage,real_existing
CtSuDIhRdvn,https://www.instagram.com/reel/CtSuDIhRdvn/,terralodge.co,2023-06-10T02:06:55.515000+00:00,False,,1202.9,2600000,views,1.625,0.6667,False,87000,embed_reel,29.8851,5_EXTREME_OUTLIER,64860,739,0.0249,1,treehouse-hotel,hotel_resort,whole_home,other,forest,other × whole_home,location,code,aspirational,False,Weekend escape away from Music City 🌲🎶 Share with who you would bring!,whole_home,minimalist,location,real_footage,real_existing
DYeLm-FBkrJ,https://www.instagram.com/reel/DYeLm-FBkrJ/,bathroomguide_,2026-05-18T07:26:49.059000+00:00,False,,129.7,1000000,views,1.6129,0.9167,True,429000,embed_reel,2.331,3_VERY_GOOD,10088,102,0.0101,1,bathroom-design,room_generic,bathroom,other,none,other × bathroom,instructional,code,money,False,"These measurements have been viewed tens of millions of times, so here it is again!!",bathroom,japandi,instructional,3d_render,aspirational_realistic
DV6MooqDA88,https://www.instagram.com/reel/DV6MooqDA88/,aveotasarim,2026-03-15T15:00:20.141000+00:00,False,,193.4,634000,views,1.6091,0.75,True,44000,embed_reel,14.4091,4_VIRAL,6298,64,0.0099,2,living-room-design;luxury-living-room-design,luxury_room,living_room,modern_luxury,none,modern_luxury × living_room,question,code,question,False,Would you live in this livingroom?,living_room,modern_luxury,question,ai_generated,aspirational_realistic
Cw4922ir0jZ,https://www.instagram.com/reel/Cw4922ir0jZ/,darkhomes,2023-09-07T12:10:22.878000+00:00,False,,1113.5,151000,views,1.6072,0.6667,False,297000,embed_reel,0.5084,2_GOOD,9514,62,0.063,1,glass-house,unusual_home,whole_home,other,forest,other × whole_home,descriptive,code,descriptive,False,Secluded glass house with this amazing view within the forest.,living_room,cozy_rustic,descriptive,ai_generated,stylized_dreamy
DSkb82VjPBD,https://www.instagram.com/reel/DSkb82VjPBD/,_crystalvisual,2025-12-22T14:36:41.604000+00:00,False,,276.4,1800000,views,1.6057,0.5833,False,10000,embed_reel,180.0,5_EXTREME_OUTLIER,,722,,1,dream-bedrooms,luxury_room,bedroom,cozy_rustic,none,cozy_rustic × bedroom,choice,code,choice,False,Which bedroom?,bedroom,brutalist,choice,ai_generated,stylized_dreamy
DVy7BDyE0-d,https://www.instagram.com/reel/DVy7BDyE0-d/,divaa.finds,2026-03-12T19:11:42.013000+00:00,False,,196.2,1500000,views,1.6009,0.75,True,764000,embed_reel,1.9634,2_GOOD,158959,332,0.106,1,bedroom-design,room_generic,bedroom,minimalist,none,minimalist × bedroom,promotional,code,descriptive,False,🛏 My bedroom transformation is complete with Temu's Aesthetic White Bedroom essentials!,bedroom,other,promotional,real_footage,real_existing
DNGJKD9ytTJ,https://www.instagram.com/reel/DNGJKD9ytTJ/,luxe.visionnaire,2025-08-08T13:38:17.172000+00:00,False,,412.4,2800000,views,1.6,0.6667,False,26000,embed_reel,107.6923,5_EXTREME_OUTLIER,243317,563,0.0869,1,luxury-house,luxury_home,whole_home,modern_luxury,none,modern_luxury × whole_home,instructional,code,descriptive,False,Tag your friends 🏷️ .,whole_home,classical,instructional,real_footage,real_existing
DU23ssKkl_X,https://www.instagram.com/reel/DU23ssKkl_X/,corbel_architecture,2026-02-17T11:28:16.366000+00:00,False,,219.5,363000,views,1.5921,0.75,True,167000,embed_reel,2.1737,3_VERY_GOOD,5090,55,0.014,1,tropical-house,style,whole_home,tropical,none,tropical × whole_home,descriptive,code,descriptive,False,"Transforming empty space into a statement 🌿✨ A custom planter box with a modern circle design – small details, big impac",whole_home,tropical,descriptive,real_footage,real_existing
DTrgOnZk3v-,https://www.instagram.com/reel/DTrgOnZk3v-/,theraj_interior,2026-01-19T05:00:08.972000+00:00,False,,248.8,1800000,views,1.5866,0.6667,False,148000,embed_reel,12.1622,4_VIRAL,23980,111,0.0133,1,luxury-bathroom-design,luxury_room,bathroom,modern_luxury,none,modern_luxury × bathroom,aspirational,code,descriptive,False,Luxury Bathroom Design That Feels Like a 5⭐ Hotel ✨ #LuxuryBathroom #ModernInteriorDesign #Bathroom,bathroom,modern_luxury,aspirational,ai_generated,aspirational_realistic
DWKS9Gpk3j-,https://www.instagram.com/reel/DWKS9Gpk3j-/,tessshanahan,2026-03-21T21:03:24.460000+00:00,False,,187.1,1100000,views,1.5537,0.6667,False,211000,embed_reel,5.2133,4_VIRAL,87340,268,0.0794,1,dream-closet,luxury_room,closet,other,none,other × closet,aspirational,code,aspirational,False,my dream wardrobe (& shaun's too tbh!) #dreamwardrobe #walkincloset #closettour #homedesign,closet,modern_luxury,aspirational,real_footage,real_existing
DaxVmNVR4R1,https://www.instagram.com/reel/DaxVmNVR4R1/,rodnova_installation_,2026-07-14T11:02:27.203000+00:00,False,,72.5,1100000,views,1.5428,0.6667,False,41000,embed_reel,26.8293,5_EXTREME_OUTLIER,34280,237,0.0312,1,luxury-kitchen,luxury_room,kitchen,modern_luxury,none,modern_luxury × kitchen,aspirational,code,descriptive,False,El lujo está en cada detalle.,kitchen,dark_luxury,aspirational,ai_generated,aspirational_realistic
DRDUSI0DGyv,https://www.instagram.com/reel/DRDUSI0DGyv/,louise_andallthingshome,2025-11-14T21:23:21.793000+00:00,False,,314.1,1400000,views,1.5309,0.7083,False,748000,embed_reel,1.8717,2_GOOD,17888,418,0.0128,1,living-room-design,room_generic,living_room,cozy_rustic,none,cozy_rustic × living_room,descriptive,code,descriptive,False,I always thought this would be the summer room but I love this room at this time of year the most!,living_room,modern_luxury,descriptive,real_footage,real_existing
DFcKgMEM8IF,https://www.instagram.com/reel/DFcKgMEM8IF/,happywifenewlife,2025-01-30T06:42:11.041000+00:00,False,,602.7,1400000,views,1.5309,0.7083,False,222000,embed_reel,6.3063,4_VIRAL,22104,169,0.0158,1,living-room-design,room_generic,living_room,other,none,other × living_room,descriptive,code,aspirational,False,"Living space 🧘🏻‍♀️ Nie wiem jak to jest, ale za każdym razem jak powiem, że dawno nie bolała mnie głowa to zaczyna boleć",living_room,scandinavian,descriptive,real_footage,real_existing
DbTRDeMyaOy,https://www.instagram.com/reel/DbTRDeMyaOy/,naturesms,2026-07-27T15:16:56.178000+00:00,False,,59.4,189000,views,1.5304,0.6667,False,10000000,embed_reel,0.0189,1_NORMAL,9250,83,0.0489,1,biophilic-bedroom-design,style,bedroom,biophilic,rain,biophilic × bedroom,question,code,question,False,What kind of person would like this kind of atmosphere?,bedroom,cozy_rustic,question,ai_generated,stylized_dreamy
DLx_3fsI3kn,https://www.instagram.com/reel/DLx_3fsI3kn/,divaa.finds,2025-07-06T21:20:54.193000+00:00,False,,445.1,1000000,views,1.5175,0.5833,False,764000,embed_reel,1.3089,2_GOOD,103979,540,0.104,1,dream-bedroom,luxury_room,bedroom,cozy_rustic,none,cozy_rustic × bedroom,descriptive,code,aspirational,False,"Welcome to my cozy, dreamy bedroom — the space that truly feels like home.",bedroom,other,descriptive,real_footage,real_existing
DObqMvwDiJp,https://www.instagram.com/reel/DObqMvwDiJp/,orcadesignec,2025-09-10T18:42:27.385000+00:00,False,,379.2,422000,views,1.5045,0.6667,False,69000,embed_reel,6.1159,4_VIRAL,22322,164,0.0529,5,futuristic-home;futuristic-house;futuristic-houses;luxury-house;ultra-modern-luxury-house-design,future_arch,whole_home,futuristic,none,futuristic × whole_home,aspirational,code,descriptive,False,A design created to transcend.,whole_home,modern_luxury,aspirational,3d_render,aspirational_realistic
Dc2OApkuyMt,https://www.instagram.com/reel/Dc2OApkuyMt/,maisyleigh,2026-09-04T01:35:08.962000+00:00,False,,20.9,466000,views,1.4864,0.6667,False,487000,embed_reel,0.9569,2_GOOD,32522,105,0.0698,1,japandi,style,living_room,japandi,none,japandi × living_room,descriptive,code,aspirational,False,welcome to my cozy japandi home ✨🍃🕯️ comment LINK and I'll send you everything in our living room ☁️,living_room,japandi,descriptive,real_footage,real_existing
DLflEaZI6cs,https://www.instagram.com/reel/DLflEaZI6cs/,hidayabll,2025-06-29T17:40:24.459000+00:00,False,,452.3,5200000,views,1.4857,0.6667,False,,,,,419000,986,0.0806,1,dream-room,fantasy_dream,other,other,none,other × other,descriptive,code,descriptive,False,My new room 💓🌸🌷🤍🫧 #roomdecor #roomtour #room,other,other,descriptive,real_footage,real_existing
C-iGxhuMWLU,https://www.instagram.com/reel/C-iGxhuMWLU/,drcozyvibes,2024-08-11T14:25:16.981000+00:00,False,,774.4,251000,views,1.473,0.5833,False,584000,embed_reel,0.4298,1_NORMAL,19049,89,0.0759,2,cozy-cabin-in-the-snow;cozy-winter-cabin,cozy_ambience,whole_home,cozy_rustic,mountain_snow,cozy_rustic × whole_home,aspirational,code,question,False,Sometimes the most productive thing you can do is relax😌 What will you do in this cozy room?,bedroom,cozy_rustic,aspirational,ai_generated,stylized_dreamy
CzWBWS7y1Gf,https://www.instagram.com/reel/CzWBWS7y1Gf/,archea.in,2023-11-07T12:01:39.152000+00:00,False,,1052.5,427000,views,1.4648,0.625,False,42500,embed_reel,10.0471,4_VIRAL,19450,22,0.0456,1,parametric-architecture,future_arch,whole_home,futuristic,none,futuristic × whole_home,descriptive,code,descriptive,False,"With time, more and more Indian firms are embracing parametric architecture, a generative des",other,biophilic,descriptive,real_footage,real_existing
DKMeZCuvoTU,https://www.instagram.com/reel/DKMeZCuvoTU/,siriorsinterior,2025-05-28T11:05:05.590000+00:00,False,,484.5,508000,views,1.4598,0.5833,False,547000,embed_reel,0.9287,2_GOOD,9276,69,0.0183,1,luxury-bedroom,luxury_room,bedroom,classical,none,classical × bedroom,descriptive,code,question,False,"Modern Classic Luxury Bedroom ❤️✨ Kalau punya kamar tidur kayak gini, terasa nyaman ya?",bedroom,modern_luxury,descriptive,3d_render,aspirational_realistic
DAhRVMEBqUi,https://www.instagram.com/reel/DAhRVMEBqUi/,relaxationescapism,2024-09-29T23:41:04.865000+00:00,False,,725.0,77200,views,1.4416,0.6667,False,6000,embed_reel,12.8667,4_VIRAL,6886,3779,0.0892,1,future-houses-2050,future_arch,whole_home,futuristic,none,futuristic × whole_home,choice,code,choice,False,✨ Comment below which house you're starting a new life in!,whole_home,other,choice,ai_generated,stylized_dreamy
C7wM_onsI2z,https://www.instagram.com/reel/C7wM_onsI2z/,laurenashleyhansen,2024-06-03T12:14:49.384000+00:00,False,,843.5,199000,views,1.4275,0.5833,False,613000,embed_reel,0.3246,1_NORMAL,3958,621,0.0199,1,organic-modern,style,whole_home,biophilic,none,biophilic × whole_home,descriptive,code,descriptive,False,MODERN ORGANIC mini home tour 🤍 comment STYLE and I'll send you ways to shop our home Which space is your f,living_room,biophilic,descriptive,real_footage,real_existing
DVEZqAaDwFM,https://www.instagram.com/reel/DVEZqAaDwFM/,foxterradesign,2026-02-22T17:35:07.789000+00:00,False,,214.3,954000,views,1.4154,0.5833,False,2000000,embed_reel,0.477,1_NORMAL,36120,80,0.0379,1,luxury-pool,pool,pool,modern_luxury,none,modern_luxury × pool,question,code,question,False,A sunken fire pit INSIDE the pool?,pool,modern_luxury,question,real_footage,real_existing
DVXVcsBjqdU,https://www.instagram.com/reel/DVXVcsBjqdU/,livautry,2026-03-02T02:03:55.740000+00:00,False,,206.9,1000000,views,1.4124,0.5833,False,92000,embed_reel,10.8696,4_VIRAL,66788,119,0.0668,1,dream-closet,luxury_room,closet,other,none,other × closet,descriptive,code,descriptive,False,my fav room in the house🙌🙌 #roomtour #organize #satisfying #closet #inspo,closet,other,descriptive,real_footage,real_existing
DbYWcQNvxsB,https://www.instagram.com/reel/DbYWcQNvxsB/,mk_contrctor_and_builders,2026-07-29T14:40:12.788000+00:00,False,,57.4,871000,views,1.4048,0.8333,True,62000,embed_reel,14.0484,4_VIRAL,9653,2825,0.0111,1,bathroom-design,room_generic,bathroom,other,none,other × bathroom,none,code,descriptive,False,#bathroom #bathroomdesign #video #trendingdesigns #bathroomsofinstagram,bathroom,modern_luxury,none,ai_generated,aspirational_realistic
DcZYT3OOhqb,https://www.instagram.com/reel/DcZYT3OOhqb/,costa.diamante.realty,2026-08-23T20:47:10.709000+00:00,False,,32.1,262000,views,1.4011,0.8182,True,27000,embed_reel,9.7037,4_VIRAL,12385,,0.0473,1,waterfall-house,fantasy_dream,whole_home,other,lake_river,other × whole_home,fantasy,code,descriptive,False,"🪨✨ Una mansión escondida dentro de una cueva… cascadas, piscina natural, fu",living_room,modern_luxury,fantasy,ai_generated,stylized_dreamy
DaVZ5bazq-8,https://www.instagram.com/reel/DaVZ5bazq-8/,mt.constructiondiary,2026-07-03T14:41:17.710000+00:00,False,,83.4,3700000,views,1.3962,0.75,True,370000,embed_reel,10.0,4_VIRAL,84766,450,0.0229,1,treehouse,unusual_home,whole_home,other,forest,other × whole_home,curiosity,code,curiosity,False,Exploring Inside a Giant Baobab Tree – I Built a Fully Equipped Secret Home #mtconstructiondiary #GiantTree #BaobabTree,other,other,curiosity,ai_generated,stylized_dreamy
DF-WgD3onqJ,https://www.instagram.com/reel/DF-WgD3onqJ/,_vlasov_roman_,2025-02-12T13:21:12.136000+00:00,False,,589.4,638000,views,1.3961,0.75,True,553000,embed_reel,1.1537,2_GOOD,27671,117,0.0434,1,modern-villa,luxury_home,whole_home,modern_luxury,none,modern_luxury × whole_home,descriptive,code,descriptive,False,Villa / 773 Architecture By @_vlasov_roman_ #architecture #archilovers #modern #modernhouse #design #concept #luxuryhous,whole_home,minimalist,descriptive,3d_render,aspirational_realistic
DWjQIN5Aemr,https://www.instagram.com/reel/DWjQIN5Aemr/,jareef__saifi,2026-03-31T13:39:43.435000+00:00,False,,177.4,547000,views,1.3883,0.6667,False,339000,embed_reel,1.6136,2_GOOD,4005,9,0.0073,1,luxury-living-room-design,luxury_room,living_room,modern_luxury,none,modern_luxury × living_room,aspirational,code,aspirational,False,Ultra Luxury Living Room That Looks Straight Out of a Dream ✨ #livingroomdecor #interiordesign #shortvideo,living_room,modern_luxury,aspirational,ai_generated,aspirational_realistic
DCZc-yTOIxI,https://www.instagram.com/reel/DCZc-yTOIxI/,ell.glamhome,2024-11-15T15:51:44.639000+00:00,False,,678.3,1300000,views,1.3874,0.6667,False,1000000,embed_reel,1.3,2_GOOD,50715,156,0.039,1,bedroom-design,room_generic,bedroom,other,none,other × bedroom,none,code,descriptive,False,☁️☁️☁️ #bedroom #bedroomideas #bedroomdesign,bedroom,other,none,real_footage,real_existing
DRPiypikRW6,https://www.instagram.com/reel/DRPiypikRW6/,reneeroaming,2025-11-19T15:21:01.342000+00:00,False,,309.4,2200000,views,1.375,0.5833,False,918000,embed_reel,2.3965,3_VERY_GOOD,157305,14224,0.0715,1,treehouse-hotel,hotel_resort,whole_home,other,forest,other × whole_home,aspirational,code,fantasy,False,"I'm convinced this is the most magical treehouse rental in the world 🥹 Comment ""treehouse"" and I'll message you the deta",whole_home,cozy_rustic,aspirational,real_footage,real_existing
DanaEFQoayI,https://www.instagram.com/reel/DanaEFQoayI/,engineering_school_9,2026-07-10T14:29:04.762000+00:00,False,,76.4,848000,views,1.3677,0.75,True,686000,embed_reel,1.2362,2_GOOD,7064,36,0.0083,1,bathroom-design,room_generic,bathroom,other,none,other × bathroom,instructional,code,question,False,Small Bathroom Layout Design | Standard Bathroom Dimensions & Space Planning Guide 😱 Planning a small bathroom?,bathroom,minimalist,instructional,ai_generated,aspirational_realistic
DOzY_vLgA0U,https://www.instagram.com/reel/DOzY_vLgA0U/,mycozeebed,2025-09-19T23:53:54.288000+00:00,False,,370.0,4700000,views,1.3429,0.5833,False,27000,embed_reel,174.0741,5_EXTREME_OUTLIER,464929,585,0.0989,1,dream-room,fantasy_dream,other,cozy_rustic,none,cozy_rustic × other,curiosity,code,descriptive,False,Behind the aesthetics of this room many problems fit in renov-skrg 🥺🙏 #roomtour #cozy #room,bedroom,other,curiosity,real_footage,real_existing
DZzfedAsfvT,https://www.instagram.com/reel/DZzfedAsfvT/,esseta_studio,2026-06-20T10:35:51.770000+00:00,False,,96.6,383000,views,1.323,0.5833,False,12000,embed_reel,31.9167,5_EXTREME_OUTLIER,30206,201,0.0789,1,futuristic-interior,future_arch,whole_home,futuristic,none,futuristic × whole_home,question,code,question,False,Would you live in a fully automated penthouse like this?,living_room,futuristic,question,ai_generated,stylized_dreamy
DWTzgrBk9aB,https://www.instagram.com/reel/DWTzgrBk9aB/,baliinteriordesign,2026-03-25T13:41:02.940000+00:00,False,,183.4,312000,views,1.3109,0.6667,False,64000,embed_reel,4.875,3_VERY_GOOD,13444,112,0.0431,1,tropical-house-architecture-styles,architecture,bedroom,tropical,none,tropical × bedroom,descriptive,code,descriptive,False,"Designed for the Tropics 🌴 This two-bedroom Mediterranean-style villa combines natural materials, soft architectural cur",whole_home,tropical,descriptive,ai_generated,aspirational_realistic
C95eAgivlvI,https://www.instagram.com/reel/C95eAgivlvI/,chasiteyy,2024-07-26T19:39:26.622000+00:00,False,,790.2,5000000,views,1.2987,0.6667,False,164000,embed_reel,30.4878,5_EXTREME_OUTLIER,524039,739,0.1048,1,cozy-rain,cozy_ambience,other,cozy_rustic,rain,cozy_rustic × other,descriptive,code,descriptive,False,Thunderstorms always make me slow down and savor every cozy moment.,other,cozy_rustic,descriptive,real_footage,real_existing
Dc1VLxZz7Kf,https://www.instagram.com/reel/Dc1VLxZz7Kf/,visual.aset,2026-09-03T17:18:35.660000+00:00,False,,21.3,52000,views,1.2935,0.8333,True,666,embed_reel,78.0781,5_EXTREME_OUTLIER,558,,0.0107,1,desert-house,unusual_home,whole_home,other,desert,other × whole_home,aspirational,code,descriptive,False,A crystal-clear refuge hidden in the endless desert.,whole_home,other,aspirational,ai_generated,stylized_dreamy
DYW4iAlN-YX,https://www.instagram.com/reel/DYW4iAlN-YX/,luxhilspace,2026-05-15T11:25:25.923000+00:00,False,,132.5,394000,views,1.2897,0.6667,False,71000,embed_reel,5.5493,4_VIRAL,18330,162,0.0465,1,art-deco-interior-design,style,other,art_deco,none,art_deco × other,descriptive,code,descriptive,False,"Quiet luxury, loud character.",office_library,art_deco,descriptive,3d_render,aspirational_realistic
C-1ibfJtsd5,https://www.instagram.com/reel/C-1ibfJtsd5/,_.decor_and_more._,2024-08-19T03:32:30.700000+00:00,False,,766.9,503000,views,1.2766,0.5833,False,227000,embed_reel,2.2159,3_VERY_GOOD,9888,192,0.0197,1,luxury-living-room-design,luxury_room,living_room,modern_luxury,none,modern_luxury × living_room,pov,code,aspirational,False,When the client wants a luxurious living room!,living_room,modern_luxury,pov,real_footage,real_existing
Dazul_lMLBd,https://www.instagram.com/reel/Dazul_lMLBd/,dresscodelab.co,2026-07-15T09:19:21.507000+00:00,False,,71.6,718000,views,1.273,0.5833,False,144000,embed_reel,4.9861,3_VERY_GOOD,7628,83,0.0106,1,quiet-luxury,luxury_room,other,modern_luxury,none,modern_luxury × other,contrarian,code,descriptive,False,Looking expensive has nothing to do with money The 5 rules: 1.,closet,minimalist,contrarian,real_footage,real_existing
DW3_-GNk_Zj,https://www.instagram.com/reel/DW3_-GNk_Zj/,alex_jechev,2026-04-08T15:02:34.996000+00:00,False,,169.4,1900000,views,1.2667,0.5833,False,186000,embed_reel,10.2151,4_VIRAL,84586,259,0.0445,1,luxury-penthouse,luxury_home,whole_home,modern_luxury,none,modern_luxury × whole_home,status,code,question,False,How do I even came here at 22 boys🙂..,other,modern_luxury,status,real_footage,real_existing
DVoNTRGjOwq,https://www.instagram.com/reel/DVoNTRGjOwq/,aiforarchitects,2026-03-08T15:19:49.606000+00:00,False,,200.4,2900000,views,1.2609,0.6667,False,1000000,embed_reel,2.9,3_VERY_GOOD,214491,574,0.074,1,dream-home,luxury_home,whole_home,other,none,other × whole_home,status,code,descriptive,False,A residence that doesn't ask for attention it commands it.,whole_home,classical,status,ai_generated,aspirational_realistic
DZ0TBEsOgkU,https://www.instagram.com/reel/DZ0TBEsOgkU/,stylishnorrastudios,2026-06-20T18:06:14.065000+00:00,False,,96.2,3700000,views,1.2542,0.6667,False,40000,embed_reel,92.5,5_EXTREME_OUTLIER,111601,397,0.0302,1,modern-architecture,architecture,whole_home,biophilic,none,biophilic × whole_home,aspirational,code,aspirational,False,"The precise poetry of vertical scale, biophilic harmony, and panoramic sanctuary light.",dining,biophilic,aspirational,ai_generated,aspirational_realistic
DMJZ0CDyCEQ,https://www.instagram.com/reel/DMJZ0CDyCEQ/,ecooutdoor,2025-07-15T23:30:09.248000+00:00,False,,436.0,50400,views,1.2537,0.75,True,142000,embed_reel,0.3549,1_NORMAL,,41,,1,desert-house,unusual_home,whole_home,modern_luxury,desert,modern_luxury × whole_home,descriptive,code,fantasy,False,"Imagined by Amber Interiors, Desert House is where modern living coalesces with the rawness of nature.",other,biophilic,descriptive,real_footage,real_existing
DMJPzybsNA-,https://www.instagram.com/reel/DMJPzybsNA-/,harmosai,2025-07-15T22:02:44.368000+00:00,False,,436.1,571000,views,1.2495,0.6667,False,57000,embed_reel,10.0175,4_VIRAL,35440,177,0.0621,1,modern-villa,luxury_home,whole_home,modern_luxury,none,modern_luxury × whole_home,descriptive,code,descriptive,False,"Clean aesthetics, cutting-edge comfort.",whole_home,modern_luxury,descriptive,ai_generated,aspirational_realistic
C_0p78vSxYJ,https://www.instagram.com/reel/C_0p78vSxYJ/,naturesms,2024-09-12T15:50:15.863000+00:00,False,,742.3,334000,views,1.237,0.5833,False,10000000,embed_reel,0.0334,1_NORMAL,12065,,0.0361,1,indoor-pool,pool,pool,other,none,other × pool,none,code,descriptive,False,NA,living_room,tropical,none,ai_generated,stylized_dreamy
DUZ_TYJka3r,https://www.instagram.com/reel/DUZ_TYJka3r/,vrishtidesigns,2026-02-06T06:16:44.780000+00:00,False,,230.7,647000,views,1.2277,0.6667,False,2000000,embed_reel,0.3235,1_NORMAL,24391,156,0.0377,1,modern-luxury-house-interiors,luxury_home,whole_home,modern_luxury,none,modern_luxury × whole_home,contrarian,code,descriptive,False,"Luxury isn't about adding more… it's about designing volume, light, and drama the right way.",other,modern_luxury,contrarian,3d_render,aspirational_realistic
C_5jH3pMVL1,https://www.instagram.com/reel/C_5jH3pMVL1/,arc_needs,2024-09-14T13:26:55.659000+00:00,False,,740.4,748000,views,1.2065,0.6667,False,765000,embed_reel,0.9778,2_GOOD,4403,17,0.0059,1,bathroom-design,room_generic,bathroom,other,none,other × bathroom,instructional,code,descriptive,False,"Installing a urinal above 65cm can result in several issues, such as discomfort for users and inefficient use of bathroo",bathroom,other,instructional,unclear,aspirational_realistic
DMfatntsTfn,https://www.instagram.com/reel/DMfatntsTfn/,interior_home_design1,2025-07-24T12:41:18.516000+00:00,False,,427.5,22100,views,1.2044,0.5833,False,688000,embed_reel,0.0321,1_NORMAL,457,,0.0207,1,cliff-house,unusual_home,whole_home,modern_luxury,cliff,modern_luxury × whole_home,question,code,question,False,What do you think of this design?,whole_home,modern_luxury,question,ai_generated,stylized_dreamy
DbnV3CjNVzf,https://www.instagram.com/reel/DbnV3CjNVzf/,hogarconcalma,2026-08-04T10:23:44.415000+00:00,False,,51.6,516000,views,1.2028,0.5833,False,97000,embed_reel,5.3196,4_VIRAL,6936,21,0.0134,1,cozy-bedroom-ideas,cozy_ambience,bedroom,cozy_rustic,none,cozy_rustic × bedroom,aspirational,code,descriptive,False,Tu habitación debería ser ese lugar al que siempre quieras volver.,bedroom,biophilic,aspirational,ai_generated,aspirational_realistic
C1KX5HeozzE,https://www.instagram.com/reel/C1KX5HeozzE/,beautifulhotels,2023-12-22T16:30:32.854000+00:00,False,,1007.3,551000,views,1.1901,0.75,True,6000000,embed_reel,0.0918,1_NORMAL,19851,54,0.036,1,luxury-cabin,unusual_home,whole_home,cozy_rustic,mountain_snow,cozy_rustic × whole_home,location,code,descriptive,False,@adinistorfoto discovers the ultimate mountain hideaway nestled amidst Transylvania's Apuseni mountains - the picturesqu,bedroom,cozy_rustic,location,real_footage,real_existing
DZw4vHtoyqD,https://www.instagram.com/reel/DZw4vHtoyqD/,ivy_corleone,2026-06-19T10:18:52.212000+00:00,False,,97.6,361000,views,1.1817,0.5833,False,29000,embed_reel,12.4483,4_VIRAL,21517,97,0.0596,1,art-deco-interior-design,style,other,art_deco,none,art_deco × other,none,code,descriptive,False,#artdeco #midcenturydesign #2026trends #interiors #trial,living_room,other,none,unclear,aspirational_realistic
DP2hZlliC2l,https://www.instagram.com/reel/DP2hZlliC2l/,top_1_pers,2025-10-16T01:36:27.300000+00:00,False,,343.9,63200,views,1.1802,0.5833,False,,,,,,,,1,future-houses-2050,future_arch,whole_home,futuristic,none,futuristic × whole_home,status,heuristic,status,False,join the top 1%🗿Swipe past the static and meet the future head‑on.,,,,,
CtODnwQIefd,https://www.instagram.com/reel/CtODnwQIefd/,casadelsimonsen,2023-06-08T06:39:13.401000+00:00,False,,1204.7,832000,views,1.1669,0.5833,False,90000,embed_reel,9.2444,4_VIRAL,31307,162,0.0376,1,luxury-kitchen,luxury_room,kitchen,modern_luxury,none,modern_luxury × kitchen,none,code,descriptive,False,🤍 #kütchenideen #kuchenliebe #kücheninspiration #kitcheninspiration #int,kitchen,scandinavian,none,real_footage,real_existing
C_tDjCmyK53,https://www.instagram.com/reel/C_tDjCmyK53/,archfeed_,2024-09-09T17:00:07.846000+00:00,False,,745.3,218000,views,1.1658,0.7273,False,908000,embed_reel,0.2401,1_NORMAL,10563,126,0.0485,1,waterfall-house,fantasy_dream,whole_home,other,lake_river,other × whole_home,descriptive,code,descriptive,False,𝗙𝗮𝗹𝗹𝗶𝗻𝗴𝘄𝗮𝘁𝗲𝗿 | by 𝗙𝗿𝗮𝗻𝗸 𝗟𝗹𝗼𝘆𝗱 𝗪𝗿𝗶𝗴𝗵𝘁 .,whole_home,biophilic,descriptive,real_footage,real_existing
DS-RoHVjqVe,https://www.instagram.com/reel/DS-RoHVjqVe/,orcadesignec,2026-01-01T15:26:44.100000+00:00,False,,266.4,467000,views,1.1631,0.75,True,69000,embed_reel,6.7681,4_VIRAL,28388,169,0.0608,1,futuristic-house,future_arch,whole_home,futuristic,none,futuristic × whole_home,aspirational,code,descriptive,False,Start 2026 with architecture at another scale.,whole_home,modern_luxury,aspirational,3d_render,aspirational_realistic
Dc-AjssMDrT,https://www.instagram.com/reel/Dc-AjssMDrT/,diybuild_lab,2026-09-07T02:11:31.505000+00:00,False,,17.9,109000,views,1.1602,0.5833,False,8000,embed_reel,13.625,4_VIRAL,1755,,0.0161,1,glass-house,unusual_home,bedroom,other,none,other × bedroom,fantasy,code,fantasy,False,Imagine having THIS view from your bedroom.,bedroom,futuristic,fantasy,ai_generated,fantasy_impossible
DWjLuOqjin8,https://www.instagram.com/reel/DWjLuOqjin8/,wayup_media,2026-03-31T13:01:13.390000+00:00,False,,177.5,448000,views,1.1576,0.6667,False,941000,embed_reel,0.4761,1_NORMAL,23949,261,0.0535,2,futuristic-house;ultra-modern-luxury-house-design,future_arch,whole_home,futuristic,none,futuristic × whole_home,status,code,descriptive,False,This home has been nominated for Home of the Year!,whole_home,modern_luxury,status,real_footage,real_existing
Da5BlKmuIbY,https://www.instagram.com/reel/Da5BlKmuIbY/,behome_factorydirect,2026-07-17T10:41:28.358000+00:00,False,,69.6,142000,views,1.1498,0.5833,False,47000,embed_reel,3.0213,3_VERY_GOOD,832,,0.0059,1,biophilic-bedroom-design,style,bedroom,japandi,none,japandi × bedroom,descriptive,code,aspirational,False,"Warm wood tones, soft green walls, and hidden lighting create the perfect Wabi",bedroom,japandi,descriptive,unclear,aspirational_realistic
DSFmnmIAlYb,https://www.instagram.com/reel/DSFmnmIAlYb/,karim.eltaher.designs,2025-12-10T15:13:27.273000+00:00,False,,288.4,1300000,views,1.1459,0.5833,False,933000,embed_reel,1.3934,2_GOOD,14066,123,0.0108,1,luxury-bathroom-design,luxury_room,bathroom,modern_luxury,none,modern_luxury × bathroom,descriptive,code,aspirational,False,Luxury bathroom🖤 ✨🪄 Make your dreams🤩🖤 #homedecor #designinspiration #architect,bathroom,modern_luxury,descriptive,3d_render,aspirational_realistic
DF8v_c8oe6I,https://www.instagram.com/reel/DF8v_c8oe6I/,tiny_homess,2025-02-11T22:25:27.634000+00:00,False,,590.1,530000,views,1.1447,0.6667,False,680000,embed_reel,0.7794,2_GOOD,21411,157,0.0404,1,luxury-cabin,unusual_home,whole_home,cozy_rustic,none,cozy_rustic × whole_home,aspirational,code,descriptive,False,Luxury tiny cabins with a view!,whole_home,biophilic,aspirational,real_footage,real_existing
DPZ9k9SjLjL,https://www.instagram.com/reel/DPZ9k9SjLjL/,urban_lifestyle_lab,2025-10-04T23:24:41.982000+00:00,False,,355.0,320000,views,1.1408,0.5833,False,250000,embed_reel,1.28,2_GOOD,26893,181,0.084,2,futuristic-home;futuristic-houses,future_arch,whole_home,futuristic,none,futuristic × whole_home,contrarian,code,aspirational,False,"this isn't architecture… it's the future of luxury living, 💎🌊🏎️ ///Concept and copyright ownership: @urban_lifestyle_lab",whole_home,futuristic,contrarian,ai_generated,fantasy_impossible
DbJCff6TdYI,https://www.instagram.com/reel/DbJCff6TdYI/,glacial_whisper,2026-07-23T15:57:17.133000+00:00,False,,63.3,213000,views,1.139,0.6364,False,14000,embed_reel,15.2143,4_VIRAL,11252,108,0.0528,1,waterfall-house,fantasy_dream,whole_home,cozy_rustic,lake_river,cozy_rustic × whole_home,aspirational,code,descriptive,False,Beyond Ordinary.,whole_home,modern_luxury,aspirational,ai_generated,stylized_dreamy
C_qsri6hBKL,https://www.instagram.com/reel/C_qsri6hBKL/,royashabboui,2024-09-08T19:01:50.030000+00:00,False,,746.2,593000,views,1.1252,0.5833,False,191000,embed_reel,3.1047,3_VERY_GOOD,20814,,0.0351,1,modern-luxury-house-interiors,luxury_home,whole_home,modern_luxury,none,modern_luxury × whole_home,aspirational,code,aspirational,False,This stunning and spacious residence that epitomizes luxury living… #realestate #realestateagent #luxury,kitchen,modern_luxury,aspirational,real_footage,real_existing
DXFgq7hpmOu,https://www.instagram.com/reel/DXFgq7hpmOu/,05kai_562,2026-04-13T20:58:27.100000+00:00,False,,164.1,3300000,views,1.1186,0.5833,False,8000,embed_reel,412.5,5_EXTREME_OUTLIER,31699,180,0.0096,1,modern-architecture,architecture,whole_home,modern_luxury,none,modern_luxury × whole_home,curiosity,code,curiosity,False,The Ultimate Secret: Burying a Luxury Bus for a Hidden Underground Suite!,other,other,curiosity,ai_generated,fantasy_impossible
DWbc3xADTyw,https://www.instagram.com/reel/DWbc3xADTyw/,mk.craft_house,2026-03-28T12:57:08.953000+00:00,False,,180.5,1100000,views,1.1168,0.5833,False,1000000,embed_reel,1.1,2_GOOD,24812,40,0.0226,1,ai-home-design,ai,living_room,modern_luxury,none,modern_luxury × living_room,instructional,code,aspirational,False,This is how to design a modern living room,living_room,minimalist,instructional,real_footage,real_existing
DUrqKptkjjA,https://www.instagram.com/reel/DUrqKptkjjA/,styltechinterior_official,2026-02-13T02:58:23.028000+00:00,False,,223.9,994000,views,1.0869,0.5833,False,201000,embed_reel,4.9453,3_VERY_GOOD,15089,15,0.0152,1,living-room-design,room_generic,living_room,other,none,other × living_room,aspirational,code,aspirational,False,"This Living Room Setup Looks So Premium, You Can't Ignore the Details 😍✨",living_room,modern_luxury,aspirational,real_footage,real_existing
DSnW9BIksbc,https://www.instagram.com/reel/DSnW9BIksbc/,bic_trading,2025-12-23T17:50:44.842000+00:00,False,,275.3,1900000,views,1.0857,0.5833,False,14000,embed_reel,135.7143,5_EXTREME_OUTLIER,234213,661,0.1233,1,luxury-house,luxury_home,whole_home,modern_luxury,none,modern_luxury × whole_home,descriptive,code,aspirational,False,Ultra luxury house • #mansion #luxuryhouse #dreamhouse #realestate,other,classical,descriptive,real_footage,real_existing
DcytWBNhaAx,https://www.instagram.com/reel/DcytWBNhaAx/,amnova_2,2026-09-02T16:51:59.220000+00:00,False,,22.3,43500,views,1.0821,0.6667,False,706,embed_reel,61.6147,5_EXTREME_OUTLIER,300,,0.0069,1,desert-house,unusual_home,whole_home,modern_luxury,desert,modern_luxury × whole_home,curiosity,code,descriptive,False,Empty Desert Canyon Becomes a Retractable Solar-Roof Mansion #construction #3dprintedhouse #luxuryhome #deser,other,other,curiosity,ai_generated,aspirational_realistic
DB6gp--RtbG,https://www.instagram.com/reel/DB6gp--RtbG/,starlight_retreats,2024-11-03T15:27:23.989000+00:00,False,,690.4,501000,views,1.0821,0.5833,False,,,,,,,,1,luxury-cabin,unusual_home,bathroom,cozy_rustic,lake_river,cozy_rustic × bathroom,aspirational,heuristic,aspirational,False,"The ultimate lakeside hideaway, complete with a private pier and an outdoor shower for the perfect blend of nature and l",,,,,
DJsJL2ysHBZ,https://www.instagram.com/reel/DJsJL2ysHBZ/,archibible,2025-05-15T21:44:05.694000+00:00,False,,497.1,446000,views,1.0786,0.5833,False,220000,embed_reel,2.0273,3_VERY_GOOD,32308,386,0.0724,1,midjourney-architecture,ai,whole_home,other,none,other × whole_home,descriptive,code,descriptive,False,Archwave .,whole_home,futuristic,descriptive,ai_generated,fantasy_impossible
DU0lBWMjGJZ,https://www.instagram.com/reel/DU0lBWMjGJZ/,olena_prykhodko_design,2026-02-16T14:06:35.250000+00:00,False,,220.4,1000000,views,1.0672,0.5833,False,308000,embed_reel,3.2468,3_VERY_GOOD,16985,70,0.017,1,bedroom-design,room_generic,bedroom,modern_luxury,none,modern_luxury × bedroom,instructional,code,descriptive,False,Stop Guessing Your Bedroom Colors — 5 Luxury Combos That Always Work Choosing the right bedroom colors can completely ch,bedroom,biophilic,instructional,ai_generated,aspirational_realistic
DWUYYeTkcY7,https://www.instagram.com/reel/DWUYYeTkcY7/,my.bell.house,2026-03-25T19:03:14.432000+00:00,False,,183.2,654000,views,1.0548,0.5833,False,,,,,,,,1,bathroom-design,room_generic,bathroom,modern_luxury,none,modern_luxury × bathroom,descriptive,heuristic,descriptive,False,Small bathroom inspo 😍 our guest bath downstairs is one of my favorite designs ✨ Comment BATHROOM for links 🔗 #bathroomi,,,,,
DW31W_Cid-4,https://www.instagram.com/reel/DW31W_Cid-4/,rashid_manga_tiri,2026-04-08T13:29:51.710000+00:00,False,,169.4,240000,views,1.0526,0.6667,False,8000,embed_reel,30.0,5_EXTREME_OUTLIER,3214,,0.0134,1,tropical-house,style,whole_home,tropical,none,tropical × whole_home,descriptive,code,descriptive,False,2967 Sqft l 4 BHK Design & Render @rashid_manga_tiri Contact for your designs +918921177030,whole_home,other,descriptive,3d_render,aspirational_realistic
DHX-cHIz_UB,https://www.instagram.com/reel/DHX-cHIz_UB/,indonesiajuaratrip,2025-03-19T08:42:35.754000+00:00,False,,554.6,933000,views,1.0501,0.5833,False,798000,embed_reel,1.1692,2_GOOD,26215,8035,0.0281,1,overwater-villa,hotel_resort,whole_home,other,ocean_beach,other × whole_home,curiosity,code,location,False,Ketik 'INFO' kalau mau tahu tentang resort overwater terbaru ala Maldives di Indonesia!,bedroom,modern_luxury,curiosity,ai_generated,stylized_dreamy
DYNqA2ARGzy,https://www.instagram.com/reel/DYNqA2ARGzy/,aktraveltwo,2026-05-11T21:25:24.313000+00:00,False,,136.1,246000,views,1.0336,0.5833,False,366,embed_reel,672.1311,5_EXTREME_OUTLIER,10502,104,0.0427,1,tropical-house-architecture-styles,architecture,whole_home,tropical,none,tropical × whole_home,descriptive,code,descriptive,False,The architecture is so beautiful!,whole_home,other,descriptive,real_footage,real_existing
DPnIV9tkjaZ,https://www.instagram.com/reel/DPnIV9tkjaZ/,naturesms,2025-10-10T02:08:53.940000+00:00,False,,349.9,690000,views,1.0253,0.625,False,10000000,embed_reel,0.069,1_NORMAL,33386,227,0.0484,1,house-in-the-forest,unusual_home,whole_home,other,mountain_snow,other × whole_home,aspirational,code,descriptive,False,"Spend a night in a tree house, listen to the rain in the mountains, feel the wind in the",whole_home,cozy_rustic,aspirational,ai_generated,stylized_dreamy
DYcHAzus4uG,https://www.instagram.com/reel/DYcHAzus4uG/,vkuoo,2026-05-17T12:08:10.422000+00:00,False,,130.5,292000,views,1.0246,0.5833,False,92000,embed_reel,3.1739,3_VERY_GOOD,10560,858,0.0362,2,ai-architecture;architecture-design,ai,whole_home,other,none,other × whole_home,curiosity,code,question,False,🏗️✨ DESIGN 10 BUILDINGS IN 10 SECONDS?,whole_home,futuristic,curiosity,ai_generated,aspirational_realistic
Dc6urfAgl1U,https://www.instagram.com/reel/Dc6urfAgl1U/,hardwarerenaissance,2026-09-05T19:37:34.810000+00:00,False,,19.2,321000,views,1.0239,0.5833,False,6000,embed_reel,53.5,5_EXTREME_OUTLIER,11964,53,0.0373,1,japandi,style,other,japandi,none,japandi × other,descriptive,code,curiosity,False,"Japandi is what happens when two cultures, separated by thousands of miles, arrive at the same conclusion about what a b",living_room,japandi,descriptive,ai_generated,aspirational_realistic
DdEgqHFozBe,https://www.instagram.com/reel/DdEgqHFozBe/,travelask.world,2026-09-09T14:47:27.844000+00:00,False,,15.4,2700000,views,1.0189,0.625,False,681000,embed_reel,3.9648,3_VERY_GOOD,144112,,0.0534,1,treehouse,unusual_home,whole_home,modern_luxury,forest,modern_luxury × whole_home,aspirational,code,location,False,"🍁10 Dreamy Treehouse Stays Around the World 📍 Woodnest — Odda, Norway — modern treehouses hidden in a pine forest with b",other,cozy_rustic,aspirational,ai_generated,stylized_dreamy
DbzJSSjFNDA,https://www.instagram.com/reel/DbzJSSjFNDA/,yanz_zhu,2026-08-09T00:24:45.087000+00:00,False,,47.0,2700000,views,1.0189,0.625,False,153000,embed_reel,17.6471,4_VIRAL,48036,771,0.0178,1,treehouse,unusual_home,whole_home,tropical,forest,tropical × whole_home,contrarian,code,descriptive,False,They seem happier here than they would be in a big city.,whole_home,other,contrarian,ai_generated,stylized_dreamy
DUs3gdrjNog,https://www.instagram.com/reel/DUs3gdrjNog/,exploringdreamhomes,2026-02-13T14:14:11.888000+00:00,False,,223.4,556000,views,1.0155,0.5833,False,177000,embed_reel,3.1412,3_VERY_GOOD,31053,348,0.0559,1,ai-generated-house,ai,whole_home,other,none,other × whole_home,descriptive,code,descriptive,False,Pretty cool 😃❤️,whole_home,cozy_rustic,descriptive,ai_generated,aspirational_realistic
DJmXw9og9Na,https://www.instagram.com/reel/DJmXw9og9Na/,nostalgicraindrops,2025-05-13T15:56:03.114000+00:00,False,,499.3,3900000,views,1.013,0.5833,False,713000,embed_reel,5.4698,4_VIRAL,406523,766,0.1042,1,cozy-rain,cozy_ambience,other,cozy_rustic,rain,cozy_rustic × other,aspirational,code,descriptive,False,Nothing is cozier than this!,bedroom,cozy_rustic,aspirational,ai_generated,aspirational_realistic
DLcijPxNikv,https://www.instagram.com/reel/DLcijPxNikv/,miladeshtiyaghi,2025-06-28T13:20:40.891000+00:00,False,,453.4,230000,views,1.0088,0.5833,False,642000,embed_reel,0.3583,1_NORMAL,,176,,2,tropical-house;tropical-house-architecture-styles,architecture,whole_home,tropical,forest,tropical × whole_home,aspirational,code,aspirational,False,🌿 Welcome to the Jungle Home Not just a house — a sanctuary rooted in the heart of the forest.,whole_home,biophilic,aspirational,ai_generated,stylized_dreamy
DWhd5xXDRJi,https://www.instagram.com/reel/DWhd5xXDRJi/,container_home_designs,2026-03-30T21:01:36.263000+00:00,False,,178.1,40500,views,1.0075,0.5833,False,612000,embed_reel,0.0662,1_NORMAL,377,,0.0093,1,desert-house,unusual_home,whole_home,modern_luxury,desert,modern_luxury × whole_home,curiosity,code,descriptive,False,From Sand Plot to Modern Desert Estate #deserthouse #modernestate #luxuryhome #desertvilla #housebuild Construc,other,other,curiosity,unclear,aspirational_realistic
DZaAHDMRcrd,https://www.instagram.com/reel/DZaAHDMRcrd/,creatoarquitectos,2026-06-10T13:00:46.321000+00:00,False,,106.5,377000,views,1.004,0.5833,False,188000,embed_reel,2.0053,3_VERY_GOOD,23740,76,0.063,1,ai-architecture,ai,whole_home,other,none,other × whole_home,descriptive,code,descriptive,False,From a simple sketch to a powerful vision.,whole_home,futuristic,descriptive,unclear,stylized_dreamy
DHMBPpcpswh,https://www.instagram.com/reel/DHMBPpcpswh/,siyad_abdali,2025-03-14T17:16:13.330000+00:00,False,,559.3,2300000,views,1.0,0.5417,False,4000000,embed_reel,0.575,2_GOOD,190731,757,0.0829,1,dream-home,luxury_home,whole_home,other,none,other × whole_home,question,code,question,False,Do you like this kind of home?,living_room,biophilic,question,ai_generated,stylized_dreamy
DLaOzlesmzc,https://www.instagram.com/reel/DLaOzlesmzc/,luxuriatehomes,2025-06-27T15:49:40.118000+00:00,False,,454.3,2300000,views,1.0,0.5417,False,803000,embed_reel,2.8643,3_VERY_GOOD,139676,460,0.0607,1,dream-home,luxury_home,whole_home,modern_luxury,none,modern_luxury × whole_home,aspirational,code,money,False,"Tired body, quiet night, and the home that makes it all worth it.#luxuriatehome",living_room,modern_luxury,aspirational,ai_generated,stylized_dreamy
DGLk6d8OIef,https://www.instagram.com/reel/DGLk6d8OIef/,sheivaafshari,2025-02-17T16:37:16.113000+00:00,False,,584.3,187000,views,1.0,0.5455,False,41000,embed_reel,4.561,3_VERY_GOOD,14762,236,0.0789,1,waterfall-house,fantasy_dream,whole_home,other,lake_river,other × whole_home,aspirational,code,descriptive,False,آرزویی که واقعی شد ✨😍 همیشه این خانه آبشار رو ما بچه های معماری تو,whole_home,biophilic,aspirational,real_footage,real_existing
DTaz-jUEbGp,https://www.instagram.com/reel/DTaz-jUEbGp/,imaginativemike,2026-01-12T17:25:37.793000+00:00,False,,255.3,336000,views,0.9985,0.5,False,506000,embed_reel,0.664,2_GOOD,20864,459,0.0621,1,ai-cozy-cabin,ai,whole_home,cozy_rustic,none,cozy_rustic × whole_home,fantasy,code,descriptive,False,"You look weary, traveler.",whole_home,cozy_rustic,fantasy,ai_generated,stylized_dreamy
DW4ikbfiYl6,https://www.instagram.com/reel/DW4ikbfiYl6/,about.archi.ai,2026-04-08T20:04:54.808000+00:00,False,,169.2,374000,views,0.996,0.5,False,99000,embed_reel,3.7778,3_VERY_GOOD,2422,2955,0.0065,1,ai-architecture,ai,whole_home,modern_luxury,none,modern_luxury × whole_home,instructional,code,descriptive,False,Prompts for Claude 🔽 1.,office_library,industrial,instructional,ai_generated,aspirational_realistic
DaWlfixPkeX,https://www.instagram.com/reel/DaWlfixPkeX/,than.beb,2026-07-04T01:41:51.547000+00:00,False,,82.9,39900,views,0.9925,0.5,False,90000,embed_reel,0.4433,1_NORMAL,222,,0.0056,1,desert-house,unusual_home,whole_home,modern_luxury,desert,modern_luxury × whole_home,descriptive,code,descriptive,False,Restoring an Old Desert Home Step by Step Watch this abandoned desert house transform into a stunning luxury oasi,whole_home,other,descriptive,ai_generated,aspirational_realistic
DBOlrWIsz8q,https://www.instagram.com/reel/DBOlrWIsz8q/,ihsansamhoun.interiors,2024-10-17T14:04:41.578000+00:00,False,,707.4,453000,views,0.9912,0.5,False,168000,embed_reel,2.6964,3_VERY_GOOD,,87,,1,modern-villa,luxury_home,bedroom,brutalist,none,brutalist × bedroom,descriptive,code,descriptive,False,"Modern villa, concrete, wood, black metal!",whole_home,modern_luxury,descriptive,3d_render,aspirational_realistic
DP0-r7dEnme,https://www.instagram.com/reel/DP0-r7dEnme/,idw.design,2025-10-15T11:13:53.043000+00:00,False,,344.5,226000,views,0.9912,0.5,False,318000,embed_reel,0.7107,2_GOOD,11245,30,0.0498,1,tropical-house,style,whole_home,tropical,none,tropical × whole_home,aspirational,code,question,False,Where Nature Meets the Heart of Home 🌿 Every courtyard tells a quiet story of sunlight filtering through leaves,other,tropical,aspirational,ai_generated,aspirational_realistic
Dbdx3LTORoR,https://www.instagram.com/reel/Dbdx3LTORoR/,elitebuildhq,2026-07-31T17:16:01.279000+00:00,False,,55.3,539000,views,0.9845,0.5,False,2000000,embed_reel,0.2695,1_NORMAL,7030,126,0.013,1,ai-generated-house,ai,whole_home,industrial,lake_river,industrial × whole_home,curiosity,code,descriptive,False,I Built a Hidden Luxury Loft Behind a Waterfall | Ultimate Off-Grid AI Concept,kitchen,industrial,curiosity,ai_generated,aspirational_realistic
DWjKLkmkfxF,https://www.instagram.com/reel/DWjKLkmkfxF/,kousikamdevelopers,2026-03-31T12:47:45.190000+00:00,False,,177.5,224000,views,0.9825,0.4167,False,2000,embed_reel,112.0,5_EXTREME_OUTLIER,7367,209,0.0329,1,tropical-house,style,whole_home,tropical,none,tropical × whole_home,aspirational,code,curiosity,False,""" Turning dream homes into reality ✨ new completed project ❤️‍🔥🫶 ""Wait till the end… 😍🔥",whole_home,other,aspirational,real_footage,real_existing
DdRlcgEuFAx,https://www.instagram.com/reel/DdRlcgEuFAx/,nelsontreehouse,2026-09-14T16:39:25.410000+00:00,False,,10.3,2600000,views,0.9811,0.5,False,535000,embed_reel,4.8598,3_VERY_GOOD,199564,174,0.0768,1,treehouse,unusual_home,whole_home,other,forest,other × whole_home,contrarian,code,descriptive,False,"Challenge accepted😏🌲 @treehousepete built this treehouse on Saltspring Island in 1992, his first ever ""grown-up"" treehou",whole_home,cozy_rustic,contrarian,real_footage,real_existing
DbTum4FuA0t,https://www.instagram.com/reel/DbTum4FuA0t/,s4b_sh,2026-07-27T19:35:10.564000+00:00,False,,59.2,306000,views,0.9761,0.5,False,19000,embed_reel,16.1053,4_VIRAL,19570,167,0.064,1,japandi,style,other,japandi,none,japandi × other,promotional,code,descriptive,False,Top: @bayek.couture Pants: @besideskimchi Shoes: @6crayon Bag: @parallelxstudio Tie: @celio_benormal .,other,minimalist,promotional,real_footage,real_existing
DcWtqlvoXQq,https://www.instagram.com/reel/DcWtqlvoXQq/,arch_.rama,2026-08-22T19:56:03.640000+00:00,False,,33.2,278000,views,0.9754,0.5,False,25000,embed_reel,11.12,4_VIRAL,12253,98,0.0441,1,architecture-design,architecture,whole_home,other,none,other × whole_home,curiosity,code,question,False,What if the things we see every day could become spaces we live in?🤔 #architecture #interiordesign,whole_home,futuristic,curiosity,ai_generated,stylized_dreamy
DNs9jiEWhVb,https://www.instagram.com/reel/DNs9jiEWhVb/,miladeshtiyaghi,2025-08-23T15:27:17.217000+00:00,False,,397.4,656000,views,0.9747,0.5,False,642000,embed_reel,1.0218,2_GOOD,,211,,1,house-in-the-forest,unusual_home,whole_home,minimalist,forest,minimalist × whole_home,descriptive,code,aspirational,False,🖤 BLACK HOUSE 🖤🌳 A Minimal Sanctuary in Nature Designed by @miladeshtiyaghi Black House is,whole_home,dark_luxury,descriptive,ai_generated,aspirational_realistic
C0bgQl7pcye,https://www.instagram.com/reel/C0bgQl7pcye/,terplanet,2023-12-04T11:39:21.168000+00:00,False,,1025.5,844000,views,0.9499,0.5,False,1000000,embed_reel,0.844,2_GOOD,33576,120,0.0398,1,overwater-villa,hotel_resort,whole_home,other,ocean_beach,other × whole_home,location,code,aspirational,False,Overwater Treehouse vibes at @sixsenseslaamu 😍🌴 The Six Senses Laamu overwater villas are a marvel of sustainable design,whole_home,tropical,location,real_footage,real_existing
DLw-wW0NBEY,https://www.instagram.com/reel/DLw-wW0NBEY/,miladeshtiyaghi,2025-07-06T11:51:56.993000+00:00,False,,445.5,381000,views,0.9489,0.5,False,642000,embed_reel,0.5935,2_GOOD,,284,,1,futuristic-house,future_arch,whole_home,futuristic,none,futuristic × whole_home,descriptive,code,descriptive,False,Modern Hillside House 🌿🏡 Architecture & Interior designer: @miladeshtiyaghi This project reflects my vision of minimal,whole_home,modern_luxury,descriptive,ai_generated,aspirational_realistic
DZPeyiKTGkk,https://www.instagram.com/reel/DZPeyiKTGkk/,magadhinterior,2026-06-06T10:57:12.429000+00:00,False,,110.5,586000,views,0.9452,0.5,False,34000,embed_reel,17.2353,4_VIRAL,22954,21,0.0392,1,bathroom-design,room_generic,bathroom,other,none,other × bathroom,descriptive,code,aspirational,False,​From mood board to reality.,bathroom,biophilic,descriptive,ai_generated,aspirational_realistic
DXqngl_DB4Q,https://www.instagram.com/reel/DXqngl_DB4Q/,interiorsbyplatinum,2026-04-28T06:50:06.423000+00:00,False,,149.7,874000,views,0.9328,0.5,False,16000,embed_reel,54.625,5_EXTREME_OUTLIER,25918,16,0.0297,1,bedroom-design,room_generic,bedroom,other,none,other × bedroom,aspirational,code,descriptive,False,A space where every detail falls into place.,bedroom,modern_luxury,aspirational,real_footage,real_existing
DIJuOLftp2z,https://www.instagram.com/reel/DIJuOLftp2z/,ioscapes,2025-04-07T16:22:54.616000+00:00,False,,535.3,381000,views,0.9214,0.5,False,117000,embed_reel,3.2564,3_VERY_GOOD,21385,161,0.0561,1,midjourney-architecture,ai,whole_home,modern_luxury,lake_river,modern_luxury × whole_home,descriptive,code,descriptive,False,"The Finned Rift ""𝑬𝒍𝒆𝒈𝒂𝒏𝒄𝒆 𝑩𝒆𝒚𝒐𝒏𝒅 𝑮𝒆𝒐𝒎𝒆𝒕𝒓𝒚"" 𝐍𝐞𝐨𝐜𝐨𝐬𝐦𝐢𝐜 𝐀𝐫𝐜𝐡𝐢𝐭𝐞𝐜𝐭𝐮𝐫𝐞 𝐕𝐢𝐬𝐢𝐨𝐧 𝟐𝟎𝟓𝟎 𝐒𝐞𝐫𝐢𝐞𝐬 #architecture #design #interiordesi",whole_home,futuristic,descriptive,ai_generated,aspirational_realistic
DP9BFUIDTDC,https://www.instagram.com/reel/DP9BFUIDTDC/,mylogcabins,2025-10-18T14:08:45.033000+00:00,False,,341.4,425000,views,0.9179,0.5,False,234000,embed_reel,1.8162,2_GOOD,15698,173,0.0369,1,luxury-cabin,unusual_home,whole_home,cozy_rustic,none,cozy_rustic × whole_home,aspirational,code,aspirational,False,Just perfect...,bedroom,cozy_rustic,aspirational,ai_generated,stylized_dreamy
DafTKLbKlFz,https://www.instagram.com/reel/DafTKLbKlFz/,ws_properties.pk,2026-07-07T10:54:49.231000+00:00,False,,79.5,1600000,views,0.9143,0.5,False,,,,,,,,1,luxury-house,luxury_home,whole_home,modern_luxury,none,modern_luxury × whole_home,promotional,heuristic,promotional,False,🏡 2 Kanal Luxury Spanish House for Sale 📍DHA Lahore For Visit: 03008433051 ✅ 03034908677,,,,,
DVVipnmDecW,https://www.instagram.com/reel/DVVipnmDecW/,pelteki_interiordesign,2026-03-01T09:20:48.549000+00:00,False,,207.6,835000,views,0.9131,0.5,False,12000,embed_reel,69.5833,5_EXTREME_OUTLIER,10010,62,0.012,1,living-room-design,room_generic,living_room,other,none,other × living_room,aspirational,code,descriptive,False,Piece by piece.,living_room,minimalist,aspirational,3d_render,aspirational_realistic
DJjx0IUOT8d,https://www.instagram.com/reel/DJjx0IUOT8d/,estudiolfarq,2025-05-12T15:45:57.249000+00:00,False,,500.3,352000,views,0.9096,0.5,False,651000,embed_reel,0.5407,2_GOOD,20807,183,0.0591,1,ultra-modern-luxury-house-design,luxury_home,whole_home,modern_luxury,none,modern_luxury × whole_home,descriptive,code,descriptive,False,"Luxury House Design by @estudiolfarq São Paulo, Brasil 🇧🇷 .",pool,modern_luxury,descriptive,3d_render,aspirational_realistic
DUxO1KOjaWF,https://www.instagram.com/reel/DUxO1KOjaWF/,alinarsenova,2026-02-15T06:54:57.782000+00:00,False,,221.7,870000,views,0.8832,0.5,False,19000,embed_reel,45.7895,5_EXTREME_OUTLIER,,92,,1,ai-home-design,ai,whole_home,other,none,other × whole_home,promotional,code,descriptive,False,"Чтобы начать внедрять AI в свою работу, приходи на мой AI-интенсив.",other,minimalist,promotional,ai_generated,aspirational_realistic
DZaTrr5N7gt,https://www.instagram.com/reel/DZaTrr5N7gt/,villa_designn,2026-06-10T15:51:47.915000+00:00,False,,106.3,2600000,views,0.8814,0.5,False,61000,embed_reel,42.623,5_EXTREME_OUTLIER,23329,68,0.009,1,modern-architecture,architecture,whole_home,modern_luxury,none,modern_luxury × whole_home,aspirational,code,aspirational,False,"Built For Extraordinary Living ✨ More than a villa, it's a statement of vision, luxury, and",whole_home,modern_luxury,aspirational,ai_generated,aspirational_realistic
DdMaTkxxdvQ,https://www.instagram.com/reel/DdMaTkxxdvQ/,manfredvonkoreander,2026-09-12T16:25:52.956000+00:00,False,,12.3,276000,views,0.8804,0.4167,False,95000,embed_reel,2.9053,3_VERY_GOOD,8473,94,0.0307,1,japandi,style,whole_home,japandi,none,japandi × whole_home,descriptive,code,descriptive,False,"Brought the gems safely back home.💎🦺 Unpacking done, now off to the more exciting part: finding the right spot in the ap",other,other,descriptive,real_footage,real_existing
DbB5sVYI3j7,https://www.instagram.com/reel/DbB5sVYI3j7/,mikayla.deg,2026-07-20T21:25:42.665000+00:00,False,,66.1,249000,views,0.8737,0.4167,False,123000,embed_reel,2.0244,3_VERY_GOOD,27183,30,0.1092,1,architecture-design,architecture,whole_home,other,none,other × whole_home,descriptive,code,descriptive,False,exploring architecture >> follow @mikayla.deg for more architecture and design content!,other,brutalist,descriptive,real_footage,real_existing
DcYgm97o4w5,https://www.instagram.com/reel/DcYgm97o4w5/,cozycabinlife1,2026-08-23T12:40:27.088000+00:00,False,,32.5,292000,views,0.8678,0.4167,False,13000,embed_reel,22.4615,5_EXTREME_OUTLIER,21197,549,0.0726,1,ai-cozy-cabin,ai,whole_home,cozy_rustic,none,cozy_rustic × whole_home,question,code,question,False,Would you spend a week offline in this stone cabin?,whole_home,cozy_rustic,question,ai_generated,stylized_dreamy
DSu0uzegdeM,https://www.instagram.com/reel/DSu0uzegdeM/,luxurydreamhub,2025-12-26T15:25:38.070000+00:00,False,,272.4,241000,views,0.8592,0.5,False,1000000,embed_reel,0.241,1_NORMAL,12865,53,0.0534,3,futuristic-home;futuristic-house;futuristic-houses,future_arch,whole_home,futuristic,none,futuristic × whole_home,aspirational,code,descriptive,False,Defining modern luxury: where sleek architecture meets timeless elegance.,whole_home,modern_luxury,aspirational,ai_generated,aspirational_realistic
DQPMnBnkcpj,https://www.instagram.com/reel/DQPMnBnkcpj/,estudiolfarq,2025-10-25T15:35:48.136000+00:00,False,,334.4,332000,views,0.8579,0.4167,False,651000,embed_reel,0.51,2_GOOD,19995,,0.0602,1,ultra-modern-luxury-house-design,luxury_home,whole_home,modern_luxury,none,modern_luxury × whole_home,descriptive,code,descriptive,False,"JS House Estudio LF Arquitetura 1500,00 m2 construídos Terreno: 2500,00 m2 .",whole_home,modern_luxury,descriptive,3d_render,aspirational_realistic
DXHPMdqIMJp,https://www.instagram.com/reel/DXHPMdqIMJp/,sarayi.interiors,2026-04-14T13:04:13.485000+00:00,False,,163.5,969000,views,0.8541,0.5,False,8000,embed_reel,121.125,5_EXTREME_OUTLIER,10091,74,0.0104,1,luxury-bathroom-design,luxury_room,bathroom,modern_luxury,none,modern_luxury × bathroom,choice,code,choice,False,"Same layout, different vibes Which bathroom style are you choosing?",bathroom,modern_luxury,choice,ai_generated,aspirational_realistic
C4qi0BZoi58,https://www.instagram.com/reel/C4qi0BZoi58/,sistersinterioruae,2024-03-18T17:55:51.052000+00:00,False,,920.3,105000,views,0.8502,0.5,False,33000,embed_reel,3.1818,3_VERY_GOOD,312,23,0.003,1,biophilic-bedroom-design,style,bedroom,biophilic,city_skyline,biophilic × bedroom,descriptive,code,location,False,Interior Design & visualization of a biophilic bedroom in Dubai.,bedroom,biophilic,descriptive,3d_render,aspirational_realistic
DbbQ6LHJzv8,https://www.instagram.com/reel/DbbQ6LHJzv8/,theglasshousetxfarmhouseblooms,2026-07-30T17:49:35.463000+00:00,False,,56.3,78900,views,0.8398,0.5,False,8000,embed_reel,9.8625,4_VIRAL,1764,73,0.0224,1,glass-house,unusual_home,whole_home,other,none,other × whole_home,instructional,code,aspirational,False,Solid advice 💪🏼 #photographyvenue #glasshouse #greenhousebuild #couplegoals❤ #marri,other,cozy_rustic,instructional,real_footage,real_existing
DZbFAzLkp6Q,https://www.instagram.com/reel/DZbFAzLkp6Q/,abcdjoinery,2026-06-10T23:02:50.992000+00:00,False,,106.0,594000,views,0.8331,0.5,False,33000,embed_reel,18.0,4_VIRAL,9481,91,0.016,1,luxury-kitchen,luxury_room,kitchen,modern_luxury,none,modern_luxury × kitchen,descriptive,code,instructional,False,Step into elegance.,kitchen,biophilic,descriptive,unclear,aspirational_realistic
DXOqv_ZDc4V,https://www.instagram.com/reel/DXOqv_ZDc4V/,cozynomadstudio,2026-04-17T10:19:41.323000+00:00,False,,160.6,278000,views,0.8262,0.3333,False,57000,embed_reel,4.8772,3_VERY_GOOD,6661,44,0.024,1,ai-cozy-cabin,ai,whole_home,cozy_rustic,none,cozy_rustic × whole_home,aspirational,code,descriptive,False,Found my literal safe haven.,bedroom,cozy_rustic,aspirational,ai_generated,stylized_dreamy
DMdIsrlNHpw,https://www.instagram.com/reel/DMdIsrlNHpw/,dwell.scape,2025-07-23T15:25:24.771000+00:00,False,,428.4,43900,views,0.8198,0.5,False,3608,embed_reel,12.1674,4_VIRAL,2151,1526,0.049,1,future-houses-2050,future_arch,whole_home,futuristic,none,futuristic × whole_home,aspirational,code,choice,False,Somewhere between daydreaming and window shopping… Which one would you choose if you could move,whole_home,other,aspirational,ai_generated,stylized_dreamy
DbghU90JavF,https://www.instagram.com/reel/DbghU90JavF/,charleeknoxatelier,2026-08-01T18:49:15.713000+00:00,False,,54.2,250000,views,0.8183,0.5,False,37000,embed_reel,6.7568,4_VIRAL,8798,292,0.0352,1,art-deco-interior-design,style,other,art_deco,none,art_deco × other,promotional,code,question,False,Love a piece you see?,living_room,other,promotional,ai_generated,aspirational_realistic
Db7R6lrJBF6,https://www.instagram.com/reel/Db7R6lrJBF6/,byreginamalina,2026-08-12T04:14:04.975000+00:00,False,,43.8,256000,views,0.8166,0.3333,False,55000,embed_reel,4.6545,3_VERY_GOOD,10247,52,0.04,1,japandi,style,other,japandi,none,japandi × other,descriptive,code,descriptive,False,Japandi aesthetic part 2,other,japandi,descriptive,real_footage,real_existing
DSDBoJujwCf,https://www.instagram.com/reel/DSDBoJujwCf/,the.archart,2025-12-09T15:11:44.310000+00:00,False,,289.4,300000,views,0.7989,0.4167,False,245000,embed_reel,1.2245,2_GOOD,5920,1195,0.0197,1,ai-architecture,ai,whole_home,other,none,other × whole_home,question,code,question,False,Do you want to learn this?,whole_home,other,question,ai_generated,stylized_dreamy
DbmuVa_srsx,https://www.instagram.com/reel/DbmuVa_srsx/,scandi_uk,2026-08-04T04:38:21.784000+00:00,False,,51.8,342000,views,0.7972,0.5,False,205000,embed_reel,1.6683,2_GOOD,29881,68,0.0874,1,cozy-bedroom-ideas,cozy_ambience,bedroom,cozy_rustic,none,cozy_rustic × bedroom,descriptive,code,descriptive,False,"Nasza sypialnia 🤍 Miejsce, gdzie zaczynamy i kończymy każdy dzień.",bedroom,biophilic,descriptive,real_footage,real_existing
DCeaenyyZTy,https://www.instagram.com/reel/DCeaenyyZTy/,nature_cozy_vibe,2024-11-17T14:06:04.734000+00:00,False,,676.4,14600,views,0.7956,0.5,False,119000,embed_reel,0.1227,1_NORMAL,482,16,0.033,2,cliff-house;glass-house,unusual_home,whole_home,other,rain,other × whole_home,descriptive,code,fantasy,False,Cliffside Glass Room in the Rain 🌧️ #cliffsideliving #glasshouse #dreamvacation Imagine waking,bedroom,modern_luxury,descriptive,ai_generated,fantasy_impossible
DYCbaHUzwGG,https://www.instagram.com/reel/DYCbaHUzwGG/,designedbeneath,2026-05-07T12:46:08.258000+00:00,False,,140.5,488000,views,0.7871,0.4167,False,818000,embed_reel,0.5966,2_GOOD,15169,84,0.0311,1,bathroom-design,room_generic,bathroom,modern_luxury,none,modern_luxury × bathroom,question,code,question,False,Do you still think a small bathroom can't look luxurious?,bathroom,biophilic,question,ai_generated,aspirational_realistic
DQJT8mNAus_,https://www.instagram.com/reel/DQJT8mNAus_/,jenga_leo,2025-10-23T08:44:28.275000+00:00,False,,336.6,359000,views,0.7856,0.4167,False,299000,embed_reel,1.2007,2_GOOD,6143,84,0.0171,1,modern-villa,luxury_home,bedroom,modern_luxury,none,modern_luxury × bedroom,descriptive,code,aspirational,False,🏡 4 Bedrooms Modern Villa An Elegant Double-Volume Design ✨ Key Features: Ground Floor: 🏠 Double-Height Living Lounge 🍽️,whole_home,minimalist,descriptive,3d_render,aspirational_realistic
DRE-JuNDsD8,https://www.instagram.com/reel/DRE-JuNDsD8/,mg.archy,2025-11-15T12:48:27.379000+00:00,False,,313.5,293000,views,0.7803,0.4167,False,25000,embed_reel,11.72,4_VIRAL,6885,385,0.0235,2,ai-architecture;midjourney-architecture,ai,whole_home,other,none,other × whole_home,descriptive,code,descriptive,True,✍🏻 Designed By: @Mg.Archy 🙏🏻 Thanks to: @studioedrisi & @Studio____ai 🪄 Ai conceptualized: #Midjourney 📃 Project Descrip,whole_home,modern_luxury,descriptive,ai_generated,aspirational_realistic
DPt8obqjxFY,https://www.instagram.com/reel/DPt8obqjxFY/,luxquisit,2025-10-12T17:41:14.798000+00:00,False,,347.3,688000,views,0.7743,0.4167,False,190000,embed_reel,3.6211,3_VERY_GOOD,25168,326,0.0366,1,overwater-villa,hotel_resort,whole_home,other,underwater,other × whole_home,fantasy,code,aspirational,False,Dreamy Underwater Villa,living_room,modern_luxury,fantasy,ai_generated,fantasy_impossible
DTIJrUUEZNi,https://www.instagram.com/reel/DTIJrUUEZNi/,asseldxb07,2026-01-05T11:29:40.353000+00:00,False,,262.5,404000,views,0.7666,0.4167,False,109000,embed_reel,3.7064,3_VERY_GOOD,10225,142,0.0253,1,modern-luxury-house-interiors,luxury_home,whole_home,tropical,none,tropical × whole_home,location,code,descriptive,False,Эксклюзивная вилла на Palm Jumeirah 🤍 Частный пляж.,other,modern_luxury,location,real_footage,real_existing
DUjgIpWki_Z,https://www.instagram.com/reel/DUjgIpWki_Z/,swimply,2026-02-09T22:56:48.262000+00:00,False,,227.0,206000,views,0.763,0.5,False,163000,embed_reel,1.2638,2_GOOD,4810,2238,0.0233,1,indoor-pool,pool,pool,other,none,other × pool,promotional,code,descriptive,False,Indoor pool drop!,pool,other,promotional,real_footage,real_existing
DRP7TseCBZt,https://www.instagram.com/reel/DRP7TseCBZt/,romania,2025-11-19T18:55:14.965000+00:00,False,,309.2,152000,views,0.7543,0.5,False,2000000,embed_reel,0.076,1_NORMAL,7453,,0.049,1,cozy-cabin-in-the-snow,cozy_ambience,whole_home,cozy_rustic,mountain_snow,cozy_rustic × whole_home,question,code,question,False,What pulls you inward?,bedroom,cozy_rustic,question,real_footage,real_existing
DPhXga8DAYK,https://www.instagram.com/reel/DPhXga8DAYK/,nycshahrealty,2025-10-07T20:25:57.329000+00:00,False,,352.1,1100000,views,0.7333,0.5,False,,,,,,,,1,luxury-penthouse,luxury_home,bedroom,modern_luxury,none,modern_luxury × bedroom,money,heuristic,money,False,"$13,500,000 NYC Penthouse For Sale!",,,,,
DKgatEnxxvZ,https://www.instagram.com/reel/DKgatEnxxvZ/,rq.concepts,2025-06-05T04:57:41.160000+00:00,False,,476.8,174000,views,0.7311,0.4167,False,4000,embed_reel,43.5,5_EXTREME_OUTLIER,2616,32,0.015,1,tropical-house-architecture-styles,architecture,whole_home,tropical,none,tropical × whole_home,descriptive,code,descriptive,False,"a modern tropical architectural style, blending contemporary design with natural elements.",whole_home,tropical,descriptive,3d_render,aspirational_realistic
DLnHmVNympx,https://www.instagram.com/reel/DLnHmVNympx/,ant.archviz,2025-07-02T15:56:49.140000+00:00,False,,449.3,274000,views,0.7297,0.1667,False,214000,embed_reel,1.2804,2_GOOD,11115,220,0.0406,1,ai-architecture,ai,whole_home,other,none,other × whole_home,curiosity,code,descriptive,False,"If only clients knew the process 💀 Every pixel, every shadow, every tweak takes time.",whole_home,modern_luxury,curiosity,3d_render,aspirational_realistic
Dchax7NM2-g,https://www.instagram.com/reel/Dchax7NM2-g/,contessasilvana,2026-08-26T23:42:41.011000+00:00,False,,29.0,410000,views,0.727,0.5,False,18000,embed_reel,22.7778,5_EXTREME_OUTLIER,17911,440,0.0437,1,quiet-luxury,luxury_room,other,modern_luxury,none,modern_luxury × other,curiosity,code,descriptive,False,"Rule one, from my notebook.",living_room,classical,curiosity,unclear,aspirational_realistic
DXld166kQRO,https://www.instagram.com/reel/DXld166kQRO/,vrishtidesigns,2026-04-26T06:49:26.094000+00:00,False,,151.7,285000,views,0.7234,0.5,False,2000000,embed_reel,0.1425,1_NORMAL,8382,39,0.0294,1,luxury-living-room-design,luxury_room,living_room,modern_luxury,none,modern_luxury × living_room,descriptive,code,aspirational,False,"Golden accents, luxe textures, and a living space that makes a statement ✨🤍🛋️ #vrishtidesigns #custominteriors #livingro",living_room,modern_luxury,descriptive,3d_render,aspirational_realistic
DdGgqVGoIMB,https://www.instagram.com/reel/DdGgqVGoIMB/,jamesology_,2026-09-10T09:25:58.502000+00:00,False,,14.6,402000,views,0.7128,0.4167,False,238000,embed_reel,1.6891,2_GOOD,35053,62,0.0872,1,quiet-luxury,luxury_room,other,modern_luxury,none,modern_luxury × other,aspirational,code,aspirational,False,A life like this 🍸,pool,classical,aspirational,real_footage,real_existing
DMnrYd9sjZU,https://www.instagram.com/reel/DMnrYd9sjZU/,smyrna__home,2025-07-27T17:40:53.588000+00:00,False,,424.3,647000,views,0.7075,0.4167,False,616000,embed_reel,1.0503,2_GOOD,17833,122,0.0276,1,living-room-design,room_generic,living_room,other,none,other × living_room,descriptive,code,descriptive,False,Happy Sunday 🖤 Meine Couch ist übrigens aus der Comora Kollektion von @livindahome 🫶🏼Ich liebe sie!,living_room,minimalist,descriptive,real_footage,real_existing
DFhZ0seNFqf,https://www.instagram.com/reel/DFhZ0seNFqf/,oxelpi,2025-02-01T07:32:15.509000+00:00,False,,600.7,12900,views,0.703,0.4167,False,121000,embed_reel,0.1066,1_NORMAL,456,5,0.0353,1,cliff-house,unusual_home,whole_home,other,cliff,other × whole_home,location,code,money,False,Cliff haven - Hidden gem on the Costa Brava.,other,biophilic,location,ai_generated,stylized_dreamy
Dblh2QWRUn_,https://www.instagram.com/reel/Dblh2QWRUn_/,zalabadesign,2026-08-03T17:30:00.581000+00:00,False,,52.3,196000,views,0.677,0.5,False,60000,embed_reel,3.2667,3_VERY_GOOD,6639,,0.0339,1,futuristic-interior,future_arch,other,futuristic,none,futuristic × other,descriptive,code,descriptive,False,"This vibe is making a strong comeback, but it never really disappeared.",living_room,futuristic,descriptive,ai_generated,aspirational_realistic
DcgmeFsxg2T,https://www.instagram.com/reel/DcgmeFsxg2T/,andresnunezarquitectos,2026-08-26T16:05:35.538000+00:00,False,,29.3,188000,views,0.6596,0.3333,False,208000,embed_reel,0.9038,2_GOOD,9091,73,0.0484,1,architecture-design,architecture,whole_home,other,none,other × whole_home,descriptive,code,descriptive,False,Casa Francis Condominio Hacienda Chicureo,whole_home,minimalist,descriptive,real_footage,real_existing
DQOweTLkby6,https://www.instagram.com/reel/DQOweTLkby6/,rb_derek,2025-10-25T11:29:56.592000+00:00,False,,334.5,745000,views,0.6567,0.4167,False,103000,embed_reel,7.233,4_VIRAL,10036,121,0.0135,1,luxury-bathroom-design,luxury_room,bathroom,modern_luxury,none,modern_luxury × bathroom,descriptive,code,descriptive,False,"This guest bathroom redefines elegance - where every line, tile, and finish tells a story of refined craftsman",bathroom,modern_luxury,descriptive,real_footage,real_existing
DYY0vCUIjmH,https://www.instagram.com/reel/DYY0vCUIjmH/,karinaross,2026-05-16T05:30:44.353000+00:00,False,,131.8,368000,views,0.6525,0.3333,False,184000,embed_reel,2.0,3_VERY_GOOD,42258,,0.1148,1,quiet-luxury,luxury_room,other,modern_luxury,none,modern_luxury × other,none,code,none,False,,living_room,modern_luxury,none,real_footage,real_existing
DScGQpkinEk,https://www.instagram.com/reel/DScGQpkinEk/,akneuro_ai,2025-12-19T08:53:14.018000+00:00,False,,279.6,11900,views,0.6485,0.3333,False,30000,embed_reel,0.3967,1_NORMAL,190,,0.016,1,cliff-house,unusual_home,whole_home,other,mountain_snow,other × whole_home,curiosity,code,aspirational,False,From empty land to a living home in seconds ⏳ AI timelapse construction in the mountains,whole_home,brutalist,curiosity,ai_generated,stylized_dreamy
DUqko75iC1o,https://www.instagram.com/reel/DUqko75iC1o/,arch_sana80,2026-02-12T16:50:50.956000+00:00,False,,224.3,184000,views,0.6456,0.25,False,,,,,,,,1,architecture-design,architecture,whole_home,other,none,other × whole_home,descriptive,heuristic,descriptive,False,إخراج واجهة كلاسكية🤍 ريل قديم نحظر و بحبه ف رجعت نزلته🥹✨ #architecture #architect #reels #arch,,,,,
DdW_0-CAk7K,https://www.instagram.com/reel/DdW_0-CAk7K/,02xh.o,2026-09-16T19:06:09.501000+00:00,False,,8.2,202000,views,0.6443,0.25,False,110000,embed_reel,1.8364,2_GOOD,18255,176,0.0904,1,japandi,style,other,japandi,none,japandi × other,instructional,code,descriptive,False,Recomendando 3 marcas de Taobao para vestir Japandi:) #fashion #japandi,other,other,instructional,real_footage,real_existing
DQGCfPnDLhu,https://www.instagram.com/reel/DQGCfPnDLhu/,ariffathulhakim,2025-10-22T02:14:11.623000+00:00,False,,337.9,296000,views,0.6393,0.4167,False,1000000,embed_reel,0.296,1_NORMAL,13906,222,0.047,1,luxury-cabin,unusual_home,whole_home,cozy_rustic,forest,cozy_rustic × whole_home,location,code,location,False,"The most perfect little cabin in Washington — a cozy escape in the woods 🏡 📍Sky Haus Cabin, Skykomish WA @tyehaus #cabin",whole_home,cozy_rustic,location,real_footage,real_existing
DTS4A5tCH-o,https://www.instagram.com/reel/DTS4A5tCH-o/,travelask.world,2026-01-09T15:26:58.739000+00:00,False,,258.4,1000000,views,0.625,0.5,False,681000,embed_reel,1.4684,2_GOOD,28070,,0.0281,1,treehouse-hotel,hotel_resort,whole_home,cozy_rustic,forest,cozy_rustic × whole_home,aspirational,code,location,False,"✨The best unique treehouses and elevated cabins around the world 📍 Treehotel — Harads, Sweden Designer treehouses set in",whole_home,futuristic,aspirational,ai_generated,stylized_dreamy
DWb-eEKk6TQ,https://www.instagram.com/reel/DWb-eEKk6TQ/,sahasrarafurnitures,2026-03-28T17:50:44.206000+00:00,False,,180.3,583000,views,0.6222,0.4167,False,17000,embed_reel,34.2941,5_EXTREME_OUTLIER,5307,14,0.0091,1,bedroom-design,room_generic,bedroom,modern_luxury,none,modern_luxury × bedroom,aspirational,code,aspirational,False,✨ Same Bedroom… But Elevated Luxury ✨ Your bedroom isn't just a space - it's your personal sanctuary 🛏️ And the right ba,bedroom,modern_luxury,aspirational,ai_generated,aspirational_realistic
DQ_8444DvZ5,https://www.instagram.com/reel/DQ_8444DvZ5/,island.realtor,2025-11-13T14:01:13.033000+00:00,False,,315.4,320000,views,0.6072,0.3333,False,561000,embed_reel,0.5704,2_GOOD,9002,,0.0281,1,modern-luxury-house-interiors,luxury_home,whole_home,modern_luxury,none,modern_luxury × whole_home,aspirational,code,question,False,Who else needs a house like this by 2026 😍 𝐁𝐔𝐘 | 𝐑𝐄𝐍𝐓 | 𝐒𝐄𝐋𝐋 | 𝐈𝐍𝐕𝐄𝐒𝐓,living_room,modern_luxury,aspirational,real_footage,real_existing
DcriR6BB1Cp,https://www.instagram.com/reel/DcriR6BB1Cp/,claudia._x0o,2026-08-30T22:00:37.339000+00:00,False,,25.1,258000,views,0.6014,0.4167,False,85000,embed_reel,3.0353,3_VERY_GOOD,16065,58,0.0623,1,cozy-bedroom-ideas,cozy_ambience,bedroom,cozy_rustic,none,cozy_rustic × bedroom,descriptive,code,aspirational,False,"✨ Cozy Bedroom Room Tour ✨ A little room tour of this cozy, dreamy space 🤍 From the soft fluffy bedding and warm lightin",bedroom,other,descriptive,real_footage,real_existing
DXYzD00D02n,https://www.instagram.com/reel/DXYzD00D02n/,theacedesignco,2026-04-21T08:44:42.433000+00:00,False,,156.6,181000,views,0.5925,0.4167,False,169000,embed_reel,1.071,2_GOOD,,55,,1,art-deco-interior-design,style,other,art_deco,none,art_deco × other,descriptive,code,status,False,"Pinned under art deco ✨ bold geometry, rich tones, and timeless glamour that never fades 🖤 .",whole_home,art_deco,descriptive,real_footage,real_existing
DW7vFiAIJ48,https://www.instagram.com/reel/DW7vFiAIJ48/,ibuilddevelopers,2026-04-10T01:52:00.729000+00:00,False,,167.9,416000,views,0.5876,0.5,False,601000,embed_reel,0.6922,2_GOOD,20873,47,0.0502,1,dream-closet,luxury_room,closet,other,none,other × closet,aspirational,code,aspirational,False,#dream,closet,modern_luxury,aspirational,real_footage,real_existing
DSYypOAjEEk,https://www.instagram.com/reel/DSYypOAjEEk/,luxquisit,2025-12-18T02:04:06.234000+00:00,False,,280.9,394000,views,0.5846,0.5,False,190000,embed_reel,2.0737,3_VERY_GOOD,17722,55,0.045,1,luxury-pool,pool,pool,modern_luxury,none,modern_luxury × pool,aspirational,code,aspirational,False,This Pool Feels Like a Dream,pool,cozy_rustic,aspirational,ai_generated,stylized_dreamy
DUtx-CikhcB,https://www.instagram.com/reel/DUtx-CikhcB/,scottsdaledesignservices,2026-02-13T22:45:02.878000+00:00,False,,223.1,79800,views,0.5725,0.5,False,177000,embed_reel,0.4508,1_NORMAL,2708,283,0.0339,1,organic-modern,style,whole_home,biophilic,none,biophilic × whole_home,descriptive,code,descriptive,False,"Clean, earthy, modern, open, natural…that is what draws me in to the organic modern look🤎🌱 Organic Modern home",living_room,biophilic,descriptive,real_footage,real_existing
DOGYBLcDWM-,https://www.instagram.com/reel/DOGYBLcDWM-/,thecouturecloset1,2025-09-02T12:19:32.369000+00:00,False,,387.5,404000,views,0.5706,0.4167,False,33000,embed_reel,12.2424,4_VIRAL,10667,66,0.0264,1,dream-closet,luxury_room,closet,cozy_rustic,none,cozy_rustic × closet,promotional,code,descriptive,False,The Couture Closet is celebrating 12 years designing luxury closets!,closet,other,promotional,real_footage,real_existing
DThYGKkEokC,https://www.instagram.com/reel/DThYGKkEokC/,styltechinterior_official,2026-01-15T06:36:41.121000+00:00,False,,252.7,405000,views,0.568,0.4167,False,201000,embed_reel,2.0149,3_VERY_GOOD,5047,30,0.0125,1,luxury-kitchen,luxury_room,kitchen,modern_luxury,none,modern_luxury × kitchen,aspirational,code,descriptive,False,This Kitchen Looks Luxury on Another Level 😍🔥,kitchen,modern_luxury,aspirational,real_footage,real_existing
DTN4EjUEVAC,https://www.instagram.com/reel/DTN4EjUEVAC/,dfmarin,2026-01-07T16:51:16.481000+00:00,False,,260.3,320000,views,0.5674,0.25,False,296000,embed_reel,1.0811,2_GOOD,24212,570,0.0757,1,quiet-luxury,luxury_room,other,modern_luxury,none,modern_luxury × other,aspirational,code,descriptive,False,"Luxury is time, space and a good view.",other,mediterranean,aspirational,real_footage,real_existing
DW0pF5RDKcB,https://www.instagram.com/reel/DW0pF5RDKcB/,shivay_._interior,2026-04-07T07:44:56.955000+00:00,False,,170.7,517000,views,0.5653,0.25,False,15000,embed_reel,34.4667,5_EXTREME_OUTLIER,3598,19,0.007,1,living-room-design,room_generic,living_room,modern_luxury,none,modern_luxury × living_room,descriptive,code,descriptive,False,Transforming a simple wall into a statement masterpiece ✨ From plain to premium — this modern paneling design adds depth,living_room,biophilic,descriptive,ai_generated,aspirational_realistic
DQZn8KpgKe4,https://www.instagram.com/reel/DQZn8KpgKe4/,loyalconstructionga,2025-10-29T16:47:01.420000+00:00,False,,330.3,78800,views,0.5653,0.4167,False,14000,embed_reel,5.6286,4_VIRAL,1792,29,0.0227,1,organic-modern,style,whole_home,biophilic,none,biophilic × whole_home,aspirational,code,question,False,🌿 Where Nature Meets Modern Design: The 2026 Vision for Inspiring Interiors Are you ready to transform your home,other,biophilic,aspirational,unclear,aspirational_realistic
Dapw1A6uI8Q,https://www.instagram.com/reel/Dapw1A6uI8Q/,ashevilleglamping,2026-07-11T12:26:28.814000+00:00,False,,75.5,903000,views,0.5644,0.4167,False,256000,embed_reel,3.5273,3_VERY_GOOD,69053,177,0.0765,2,treehouse;treehouse-hotel,hotel_resort,whole_home,other,rain,other × whole_home,descriptive,code,descriptive,False,🌲 Treehouse ASMR 🌧️ The sound of rain on the roof.,whole_home,cozy_rustic,descriptive,real_footage,real_existing
Dc1Nicyg5uE,https://www.instagram.com/reel/Dc1Nicyg5uE/,lyubovspaces,2026-09-03T16:11:47.134000+00:00,False,,21.3,22600,views,0.5622,0.4167,False,12000,embed_reel,1.8833,2_GOOD,226,,0.01,1,desert-house,unusual_home,whole_home,other,desert,other × whole_home,curiosity,code,descriptive,False,The desert looks empty.,whole_home,biophilic,curiosity,ai_generated,fantasy_impossible
DbUqSgCtQO8,https://www.instagram.com/reel/DbUqSgCtQO8/,muhammad_azhar_official,2026-07-28T04:16:40.926000+00:00,False,,58.8,159000,views,0.5579,0.1667,False,6000,embed_reel,26.5,5_EXTREME_OUTLIER,5493,56,0.0345,1,architecture-design,architecture,whole_home,other,none,other × whole_home,promotional,code,descriptive,False,"We are a team of Architects and Engineers, Providing High Quality of work.",whole_home,cozy_rustic,promotional,ai_generated,aspirational_realistic
DUcxpnYEUVx,https://www.instagram.com/reel/DUcxpnYEUVx/,archpro.live,2026-02-07T08:15:10.217000+00:00,False,,229.7,127000,views,0.557,0.3333,False,524000,embed_reel,0.2424,1_NORMAL,2866,72,0.0226,1,tropical-house,style,whole_home,tropical,none,tropical × whole_home,descriptive,code,instructional,False,"Step inside The Palagiri House in Kochi, a 9,000 sq.",whole_home,tropical,descriptive,real_footage,real_existing
DP4Um94DUvr,https://www.instagram.com/reel/DP4Um94DUvr/,junkearl,2025-10-16T18:23:10.025000+00:00,False,,343.2,374000,views,0.5557,0.375,False,3000,embed_reel,124.6667,5_EXTREME_OUTLIER,11693,63,0.0313,1,house-in-the-forest,unusual_home,whole_home,other,forest,other × whole_home,instructional,code,descriptive,False,5 pro tips to help you in 99 nights in the forest !,other,other,instructional,3d_render,fantasy_impossible
DbI37Oqo9WK,https://www.instagram.com/reel/DbI37Oqo9WK/,evlin.ononna,2026-07-23T14:24:57.134000+00:00,False,,63.4,2100000,views,0.5455,0.4167,False,16000,embed_reel,131.25,5_EXTREME_OUTLIER,186609,1098,0.0889,1,cozy-rain,cozy_ambience,other,cozy_rustic,mountain_snow,cozy_rustic × other,pov,code,pov,False,pov: you're watching a storm roll over the valley from your quiet mountain balcony ⛈️ 🌧️ steady rain falling over a mist,other,minimalist,pov,unclear,aspirational_realistic
DSZdhDgiF-0,https://www.instagram.com/reel/DSZdhDgiF-0/,architect_hitesh,2025-12-18T08:18:43.738000+00:00,False,,280.7,249000,views,0.5449,0.3333,False,262000,embed_reel,0.9504,2_GOOD,3703,40,0.0149,1,modern-villa,luxury_home,whole_home,modern_luxury,none,modern_luxury × whole_home,descriptive,code,descriptive,False,modern house design luxury house modern villa luxury villa design house elevation modern home design contemporary house,whole_home,modern_luxury,descriptive,ai_generated,aspirational_realistic
DWC44oQjz0X,https://www.instagram.com/reel/DWC44oQjz0X/,diycraftstvofficial,2026-03-19T00:00:55.290000+00:00,False,,190.0,1000000,views,0.5405,0.5,False,6000000,embed_reel,0.1667,1_NORMAL,14935,36,0.0149,1,infinity-pools,pool,pool,modern_luxury,cliff,modern_luxury × pool,descriptive,code,aspirational,False,The moment a luxury infinity pool comes to life on the edge of a cliff,pool,modern_luxury,descriptive,ai_generated,aspirational_realistic
DWJ1aOIiing,https://www.instagram.com/reel/DWJ1aOIiing/,vishnu_xo,2026-03-21T16:45:14.346000+00:00,False,,187.3,188000,views,0.5402,0.5,False,406000,embed_reel,0.4631,1_NORMAL,6438,34,0.0342,1,luxury-bedroom,luxury_room,bedroom,modern_luxury,none,modern_luxury × bedroom,fantasy,code,descriptive,False,"Not a bedroom… this is a whole universe 🌌✨ Sleep under stars, wake up in luxury.",bedroom,dark_luxury,fantasy,3d_render,stylized_dreamy
Db9ODNdBcjh,https://www.instagram.com/reel/Db9ODNdBcjh/,remodel_design_,2026-08-12T22:18:47.315000+00:00,False,,43.1,156000,views,0.5389,0.4167,False,77000,embed_reel,2.026,3_VERY_GOOD,9385,47,0.0602,1,futuristic-interior,future_arch,whole_home,futuristic,rain,futuristic × whole_home,descriptive,code,aspirational,False,"Modern High-Rise, Floor-to-Ceiling Glass & Moody Tones 💡 #ModernMinimalism #HighRiseLiving #LuxuryApartment #RainyCityVi",living_room,minimalist,descriptive,ai_generated,aspirational_realistic
DQuNebgiM2K,https://www.instagram.com/reel/DQuNebgiM2K/,the.nuance.studio,2025-11-06T16:39:49.402000+00:00,False,,322.3,156000,views,0.5352,0.5,False,8000,embed_reel,19.5,4_VIRAL,4734,192,0.0303,1,parametric-architecture,future_arch,office_library,futuristic,none,futuristic × office_library,descriptive,code,descriptive,False,.,whole_home,minimalist,descriptive,3d_render,aspirational_realistic
DYKXXxASMxM,https://www.instagram.com/reel/DYKXXxASMxM/,nesthome.03,2026-05-10T14:44:47.321000+00:00,False,,137.4,89800,views,0.527,0.5,False,39000,embed_reel,2.3026,3_VERY_GOOD,7780,51,0.0866,1,cozy-winter-cabin,cozy_ambience,whole_home,cozy_rustic,mountain_snow,cozy_rustic × whole_home,descriptive,code,descriptive,False,Warm Cabin on a Freezing Winter Night ❄️🔥 #WinterCabin #SnowfallMood #USAWinter #LuxembourgViews #CozyNight,whole_home,cozy_rustic,descriptive,ai_generated,stylized_dreamy
DXvgIb0RtZR,https://www.instagram.com/reel/DXvgIb0RtZR/,nesthome.03,2026-04-30T04:21:50.657000+00:00,False,,147.8,102000,views,0.5062,0.4167,False,39000,embed_reel,2.6154,3_VERY_GOOD,7874,69,0.0772,1,cozy-cabin-in-the-snow,cozy_ambience,whole_home,cozy_rustic,mountain_snow,cozy_rustic × whole_home,question,code,question,False,"Silence, snow, and a warm glow inside… would you live here for a week?",whole_home,cozy_rustic,question,ai_generated,stylized_dreamy
DXR1QLegfen,https://www.instagram.com/reel/DXR1QLegfen/,proud_and_property,2026-04-18T15:49:11.190000+00:00,False,,159.3,877000,views,0.5011,0.4167,False,50000,embed_reel,17.54,4_VIRAL,30447,23,0.0347,1,luxury-house,luxury_home,whole_home,modern_luxury,none,modern_luxury × whole_home,promotional,code,promotional,False,Brand New Luxury House for Sale ✨ Experience premium living in this beautifully designed brand new house,whole_home,modern_luxury,promotional,real_footage,real_existing
C1NDDnuJ1xR,https://www.instagram.com/reel/C1NDDnuJ1xR/,trillionaireestates,2023-12-23T17:26:12.149000+00:00,False,,1006.3,138000,views,0.492,0.4167,False,362000,embed_reel,0.3812,1_NORMAL,6312,16,0.0457,1,futuristic-home,future_arch,whole_home,futuristic,mountain_snow,futuristic × whole_home,descriptive,code,descriptive,False,An A.I.,pool,modern_luxury,descriptive,ai_generated,stylized_dreamy
DarfeElNhyc,https://www.instagram.com/reel/DarfeElNhyc/,treecraftdesignbuild,2026-07-12T04:33:16.835000+00:00,False,,74.8,1300000,views,0.4906,0.4167,False,43000,embed_reel,30.2326,5_EXTREME_OUTLIER,93223,283,0.0717,1,treehouse,unusual_home,whole_home,other,forest,other × whole_home,descriptive,code,descriptive,False,Building a 33ft suspension bridge between the main treehouse and the outpost treehouse!,other,cozy_rustic,descriptive,real_footage,real_existing
DLJtY_mt3sV,https://www.instagram.com/reel/DLJtY_mt3sV/,insmultiverse,2025-06-21T05:49:49.862000+00:00,False,,460.8,318000,views,0.4825,0.5,False,79000,embed_reel,4.0253,3_VERY_GOOD,12964,1376,0.0408,3,dream-bedroom;dream-bedrooms;dream-room,fantasy_dream,bedroom,other,none,other × bedroom,choice,code,choice,False,Which bedroom would you pick to nap in?,bedroom,minimalist,choice,ai_generated,stylized_dreamy
DTvByw5kyek,https://www.instagram.com/reel/DTvByw5kyek/,siyad_abdali,2026-01-20T13:51:09.900000+00:00,False,,247.4,316000,views,0.4795,0.4167,False,4000000,embed_reel,0.079,1_NORMAL,15214,63,0.0481,1,dream-bedroom,luxury_room,bedroom,other,none,other × bedroom,descriptive,code,aspirational,False,A Dreamy Bunk Bed Room Made for Warm Nights and Quiet Moments,bedroom,other,descriptive,ai_generated,stylized_dreamy
CnYvCpzhbKF,https://www.instagram.com/reel/CnYvCpzhbKF/,d.signers,2023-01-14T07:02:40.576000+00:00,False,,1349.7,887000,views,0.4795,0.4167,False,4000000,embed_reel,0.2218,1_NORMAL,,130,,1,infinity-pools,pool,pool,tropical,none,tropical × pool,aspirational,code,question,False,How amazing is this infinity pool view😍 🌃 Share this with someone that would love this 👇 📍 #indonesia #bali 🎥 by @heyits,pool,tropical,aspirational,real_footage,real_existing
DYFY7dOM8m8,https://www.instagram.com/reel/DYFY7dOM8m8/,atelier.chatvolant,2026-05-08T16:22:11.829000+00:00,False,,139.3,110000,views,0.4622,0.3333,False,275000,embed_reel,0.4,1_NORMAL,4170,30,0.0379,1,tropical-house-architecture-styles,architecture,whole_home,tropical,forest,tropical × whole_home,descriptive,code,descriptive,False,"The Forest House - Concrete, glass, bamboo and tropical nature flowing together as one seamless space.",living_room,brutalist,descriptive,ai_generated,stylized_dreamy
DYWIw3-Cyky,https://www.instagram.com/reel/DYWIw3-Cyky/,thetenderline,2026-05-15T04:28:01.877000+00:00,False,,132.8,139000,views,0.455,0.3333,False,11000,embed_reel,12.6364,4_VIRAL,8359,54,0.0601,1,art-deco-interior-design,style,other,art_deco,none,art_deco × other,descriptive,code,descriptive,False,Art Deco hits Modernism.,living_room,art_deco,descriptive,unclear,aspirational_realistic
C7J_w0Tg3eM,https://www.instagram.com/reel/C7J_w0Tg3eM/,jessicaannereed,2024-05-19T16:08:03.840000+00:00,False,,858.3,62200,views,0.4462,0.3333,False,,,,,,,,1,organic-modern,style,whole_home,biophilic,none,biophilic × whole_home,descriptive,heuristic,descriptive,False,"ORGANIC MODERN HOME INSPO Comment ""Inspo"" to shop my home!",,,,,
DOlFHUgEd5m,https://www.instagram.com/reel/DOlFHUgEd5m/,ayeshadeary5,2025-09-14T10:30:48.601000+00:00,False,,375.6,294000,views,0.4461,0.3333,False,16000,embed_reel,18.375,4_VIRAL,26902,1394,0.0915,2,dream-bedroom;dream-bedrooms,luxury_room,bedroom,other,none,other × bedroom,choice,code,choice,False,Choose your new dreamy bedroom,bedroom,cozy_rustic,choice,ai_generated,stylized_dreamy
DZx1gIBofW9,https://www.instagram.com/reel/DZx1gIBofW9/,buildsinblack,2026-06-19T19:09:50.940000+00:00,False,,97.2,1300000,views,0.4407,0.4167,False,55000,embed_reel,23.6364,5_EXTREME_OUTLIER,78493,1095,0.0604,1,modern-architecture,architecture,whole_home,modern_luxury,none,modern_luxury × whole_home,descriptive,code,fantasy,False,"Series 001 — Ancient Ruins, Episode 01: an abandoned monastery reimagined as a black contempora",whole_home,dark_luxury,descriptive,ai_generated,stylized_dreamy
DUgZ3OLkVJg,https://www.instagram.com/reel/DUgZ3OLkVJg/,imaginativemike,2026-02-08T18:04:16.496000+00:00,False,,228.2,74900,views,0.4396,0.4167,False,506000,embed_reel,0.148,1_NORMAL,3985,219,0.0532,1,cozy-winter-cabin,cozy_ambience,whole_home,cozy_rustic,mountain_snow,cozy_rustic × whole_home,pov,code,fantasy,False,"Imagine you are in the cozy of a warm room, looking out at the many stars the night sky has to offer.",bedroom,cozy_rustic,pov,ai_generated,stylized_dreamy
DTVkScRCNth,https://www.instagram.com/reel/DTVkScRCNth/,darjawren,2026-01-10T16:32:19.963000+00:00,False,,257.3,1000000,views,0.4348,0.3333,False,154000,embed_reel,6.4935,4_VIRAL,141822,270,0.1418,1,dream-home,luxury_home,whole_home,other,none,other × whole_home,aspirational,code,aspirational,False,"If home were a dream, it would look like this 🕯️ .",other,classical,aspirational,ai_generated,aspirational_realistic
Dcqg_aVvBdL,https://www.instagram.com/reel/Dcqg_aVvBdL/,suren.space,2026-08-30T12:30:07.108000+00:00,False,,25.5,53000,views,0.4291,0.4167,False,25000,embed_reel,2.12,3_VERY_GOOD,1875,13,0.0354,1,biophilic-bedroom-design,style,bedroom,biophilic,none,biophilic × bedroom,aspirational,code,descriptive,False,Waking up immersed in nature.,bedroom,dark_luxury,aspirational,ai_generated,stylized_dreamy
DW6P0CTAgFb,https://www.instagram.com/reel/DW6P0CTAgFb/,iselin.travel,2026-04-09T11:59:30.047000+00:00,False,,168.5,96200,views,0.4219,0.25,False,22000,embed_reel,4.3727,3_VERY_GOOD,11507,31,0.1196,1,tropical-house,style,whole_home,tropical,ocean_beach,tropical × whole_home,aspirational,code,aspirational,False,🌺🌞🌴..and the ocean in the backyard ofc #futurehouse #tropicalparadise #islandlife,other,tropical,aspirational,real_footage,real_existing
DclLMq5sj1f,https://www.instagram.com/reel/DclLMq5sj1f/,cozy_winter_homes,2026-08-28T10:43:29.228000+00:00,False,,27.6,82000,views,0.4069,0.3333,False,27000,embed_reel,3.037,3_VERY_GOOD,7047,131,0.0859,1,cozy-cabin-in-the-snow,cozy_ambience,whole_home,cozy_rustic,mountain_snow,cozy_rustic × whole_home,question,code,question,False,What Would Your First Night in This Cabin Feel Like?,whole_home,cozy_rustic,question,ai_generated,stylized_dreamy
DcEqTG4vzoV,https://www.instagram.com/reel/DcEqTG4vzoV/,alexmathiashomes,2026-08-15T19:40:18.634000+00:00,False,,40.2,16300,views,0.4055,0.3333,False,2000,embed_reel,8.15,4_VIRAL,44,5,0.0027,1,desert-house,unusual_home,whole_home,tropical,desert,tropical × whole_home,aspirational,code,aspirational,False,Experience modern desert living.,whole_home,modern_luxury,aspirational,unclear,aspirational_realistic
DUWZXEPiLip,https://www.instagram.com/reel/DUWZXEPiLip/,luxuryhouseview,2026-02-04T20:47:28.760000+00:00,False,,232.1,159000,views,0.396,0.3333,False,389000,embed_reel,0.4087,1_NORMAL,12334,93,0.0776,2,futuristic-house;futuristic-houses,future_arch,whole_home,futuristic,none,futuristic × whole_home,aspirational,code,aspirational,False,"Not just a home, it's a lifestyle illuminated in elegance.""🖤💎 #LuxuryHome #ModernVilla #DreamHouse #EliteLiving #nightvi",pool,modern_luxury,aspirational,unclear,aspirational_realistic
DHdW06gSdo7,https://www.instagram.com/reel/DHdW06gSdo7/,ayeshadeary5,2025-03-21T10:51:54.009000+00:00,False,,552.5,442000,views,0.3943,0.5,False,16500,embed_reel,26.7879,5_EXTREME_OUTLIER,43863,,0.0992,1,dream-bedrooms,luxury_room,bedroom,other,none,other × bedroom,choice,code,choice,False,Choose your new dreamy bedroom,bedroom,cozy_rustic,choice,ai_generated,stylized_dreamy
DT2fx5RE9eU,https://www.instagram.com/reel/DT2fx5RE9eU/,vkuoo,2026-01-23T11:27:52.443000+00:00,False,,244.5,163000,views,0.3942,0.3333,False,92000,embed_reel,1.7717,2_GOOD,4240,178,0.026,1,midjourney-architecture,ai,whole_home,other,none,other × whole_home,curiosity,code,question,True,🏗️✨ DESIGN 10 BUILDINGS IN 10 SECONDS?,whole_home,industrial,curiosity,ai_generated,aspirational_realistic
DbZMhRAhknf,https://www.instagram.com/reel/DbZMhRAhknf/,remodel_design_,2026-07-29T22:32:45.402000+00:00,False,,57.1,73700,views,0.3941,0.4545,False,77000,embed_reel,0.9571,2_GOOD,3594,33,0.0488,1,waterfall-house,fantasy_dream,whole_home,minimalist,lake_river,minimalist × whole_home,aspirational,code,aspirational,False,"Living with Water, Moss & Lotus Ponds 🌲 #MinimalistDesign #VillaInterior #F",whole_home,minimalist,aspirational,ai_generated,stylized_dreamy
DalEcR1iYPK,https://www.instagram.com/reel/DalEcR1iYPK/,relaxinoffgrid,2026-07-09T16:41:39.780000+00:00,False,,77.3,79100,views,0.3926,0.25,False,1000000,embed_reel,0.0791,1_NORMAL,5316,46,0.0672,1,cozy-cabin-in-the-snow,cozy_ambience,whole_home,cozy_rustic,mountain_snow,cozy_rustic × whole_home,pov,code,fantasy,False,Imagine spending a winter nights in this rustic log 🪵 loft cabin.,bedroom,cozy_rustic,pov,ai_generated,stylized_dreamy
Dc75XN4M8V2,https://www.instagram.com/reel/Dc75XN4M8V2/,casa.mees,2026-09-06T06:30:10.377000+00:00,False,,18.7,123000,views,0.3923,0.1667,False,22000,embed_reel,5.5909,4_VIRAL,906,19,0.0074,1,japandi,style,other,japandi,none,japandi × other,descriptive,code,descriptive,False,JAPANDI KÜCHE Unbedingt als Inspiration speichern 📌✨,kitchen,minimalist,descriptive,real_footage,real_existing
DXNO5bbDWVp,https://www.instagram.com/reel/DXNO5bbDWVp/,roomify.design,2026-04-16T20:57:04.143000+00:00,False,,161.1,353000,views,0.3767,0.3333,False,62000,embed_reel,5.6935,4_VIRAL,3738,,0.0106,1,bedroom-design,room_generic,bedroom,modern_luxury,none,modern_luxury × bedroom,curiosity,code,descriptive,False,Day 5 of styling the same house… and this one might be my favorite 🤍 Search: modern luxury bedroom design From an empty,bedroom,modern_luxury,curiosity,ai_generated,aspirational_realistic
DXoxkiRAfVG,https://www.instagram.com/reel/DXoxkiRAfVG/,marleyandsamhomediy,2026-04-27T13:39:32.731000+00:00,False,,150.4,1100000,views,0.3729,0.3333,False,110000,embed_reel,10.0,4_VIRAL,26492,,0.0241,1,modern-architecture,architecture,whole_home,japandi,none,japandi × whole_home,descriptive,code,descriptive,False,Old House Exterior to Modern Zen Facade ⛩️🌿 First impressions are everything!,whole_home,minimalist,descriptive,ai_generated,aspirational_realistic
DPBx1_5jofK,https://www.instagram.com/reel/DPBx1_5jofK/,treehouseocala,2025-09-25T14:00:23.756000+00:00,False,,364.4,588000,views,0.3675,0.3333,False,,,,,,,,1,treehouse-hotel,hotel_resort,whole_home,modern_luxury,forest,modern_luxury × whole_home,aspirational,heuristic,aspirational,False,Send this to the person you'd escape to our luxury treehouse with this fall 🍂✨ #explore #explorepage #airbnb #treehouse,,,,,
DUgQGfBCMKS,https://www.instagram.com/reel/DUgQGfBCMKS/,lavender.a1,2026-02-08T16:38:58.651000+00:00,False,,228.3,1400000,views,0.3636,0.3333,False,63000,embed_reel,22.2222,5_EXTREME_OUTLIER,163434,362,0.1167,1,cozy-rain,cozy_ambience,whole_home,cozy_rustic,mountain_snow,cozy_rustic × whole_home,descriptive,code,descriptive,False,My favorite kind of therapy🌧️.,other,other,descriptive,real_footage,real_existing
DZo2EB6tuaL,https://www.instagram.com/reel/DZo2EB6tuaL/,glasshouseabuja,2026-06-16T07:21:35.182000+00:00,False,,100.7,32900,views,0.3502,0.4167,False,10000,embed_reel,3.29,3_VERY_GOOD,57,,0.0017,1,glass-house,unusual_home,whole_home,other,none,other × whole_home,promotional,code,descriptive,False,It's official… The Glasshouse is BACK and better than ever!,whole_home,modern_luxury,promotional,real_footage,real_existing
DWqCiqSz5-h,https://www.instagram.com/reel/DWqCiqSz5-h/,luxurydreamhub,2026-04-03T04:55:41.054000+00:00,False,,174.8,133000,views,0.3437,0.3333,False,1000000,embed_reel,0.133,1_NORMAL,2462,19,0.0185,1,ultra-modern-luxury-house-design,luxury_home,whole_home,modern_luxury,none,modern_luxury × whole_home,aspirational,code,descriptive,False,Grandeur in every detail.,whole_home,modern_luxury,aspirational,ai_generated,stylized_dreamy
DBAL8oGN8SF,https://www.instagram.com/reel/DBAL8oGN8SF/,earth_esence,2024-10-11T23:50:29.605000+00:00,False,,713.0,31000,views,0.33,0.3333,False,11000,embed_reel,2.8182,3_VERY_GOOD,1117,17,0.036,1,glass-house,unusual_home,whole_home,modern_luxury,none,modern_luxury × whole_home,pov,code,fantasy,False,"🏡✨ Imagine yourself in a modern glass house, surrounded by lush green gardens 🌿, as soft",living_room,tropical,pov,ai_generated,stylized_dreamy
DRKzQF8EhGK,https://www.instagram.com/reel/DRKzQF8EhGK/,coastlinepools_,2025-11-17T19:08:38.993000+00:00,False,,311.2,222000,views,0.3294,0.4167,False,66000,embed_reel,3.3636,3_VERY_GOOD,502,37,0.0023,1,luxury-pool,pool,pool,modern_luxury,none,modern_luxury × pool,aspirational,code,instructional,False,Step into luxury living ✨ This modern pool is designed with every amenity you could dream of—sl,pool,modern_luxury,aspirational,real_footage,real_existing
DLQsbsRscfx,https://www.instagram.com/reel/DLQsbsRscfx/,ai.metaverse.cr,2025-06-23T22:56:08.700000+00:00,False,,458.0,133000,views,0.3216,0.25,False,152000,embed_reel,0.875,2_GOOD,8537,98,0.0642,1,midjourney-architecture,ai,whole_home,futuristic,none,futuristic × whole_home,descriptive,code,descriptive,True,Future Cities Sketches 2.0 - AIMETA Studio exploring configurations and storytelling for future cities.,other,futuristic,descriptive,ai_generated,stylized_dreamy
DDPbOp6MAq8,https://www.instagram.com/reel/DDPbOp6MAq8/,future.architects_,2024-12-06T14:55:25.389000+00:00,False,,657.4,17100,views,0.3193,0.4167,False,841000,embed_reel,0.0203,1_NORMAL,,11,,1,future-houses-2050,future_arch,whole_home,futuristic,none,futuristic × whole_home,location,code,descriptive,False,"Casa Sculpta Velada (Portugal, 2050) @ioscapes' Vision 2050 Series brings us this stunning neocosmic",whole_home,futuristic,location,ai_generated,stylized_dreamy
DbqFbxOocj3,https://www.instagram.com/reel/DbqFbxOocj3/,studionauma,2026-08-05T11:57:55.702000+00:00,False,,50.5,95700,views,0.3133,0.25,False,3000,embed_reel,31.9,5_EXTREME_OUTLIER,4208,32,0.044,1,art-deco-interior-design,style,bedroom,art_deco,none,art_deco × bedroom,descriptive,code,descriptive,False,Mid-Century charm 🤎 • • • • • #OrganicModern #MidCenturyModern #InteriorDesign #BedroomDesign #HomeDecor,living_room,other,descriptive,unclear,aspirational_realistic
DTc22z0EZwz,https://www.instagram.com/reel/DTc22z0EZwz/,arc_dezine,2026-01-13T12:29:16.097000+00:00,False,,254.5,84900,views,0.2979,0.0833,False,17000,embed_reel,4.9941,3_VERY_GOOD,1153,15,0.0136,1,architecture-design,architecture,whole_home,other,none,other × whole_home,curiosity,code,descriptive,False,"The ""Thought"" behind the masterpiece✨ Architecture is where geometry meets emotion.",whole_home,biophilic,curiosity,real_footage,real_existing
DDeyt3kteft,https://www.instagram.com/reel/DDeyt3kteft/,the_morsia_home,2024-12-12T14:09:16.194000+00:00,False,,651.4,79100,views,0.293,0.4167,False,112000,embed_reel,0.7063,2_GOOD,705,27,0.0089,1,indoor-pool,pool,pool,other,none,other × pool,descriptive,code,descriptive,False,Literally hanging out too with the hang tough rings 😂 The details: Interiors @seabrook_studio Architecture: @frame__arch,pool,biophilic,descriptive,real_footage,real_existing
DVVIlAhDRlP,https://www.instagram.com/reel/DVVIlAhDRlP/,havenhaus_1,2026-03-01T05:32:59.291000+00:00,False,,207.8,267000,views,0.292,0.1667,False,2000000,embed_reel,0.1335,1_NORMAL,2348,7,0.0088,1,living-room-design,room_generic,living_room,other,none,other × living_room,descriptive,code,aspirational,False,"Half study, half living room—I love this living room design!",living_room,biophilic,descriptive,3d_render,aspirational_realistic
DXeUgZ-DA9T,https://www.instagram.com/reel/DXeUgZ-DA9T/,parametric.architecture,2026-04-23T12:13:10.229000+00:00,False,,154.5,119000,views,0.2878,0.1667,False,2000000,embed_reel,0.0595,1_NORMAL,6090,64,0.0512,1,midjourney-architecture,ai,whole_home,other,none,other × whole_home,question,code,question,True,🚨Haven't you registered yet?,whole_home,futuristic,question,ai_generated,stylized_dreamy
DawYWsXgFN7,https://www.instagram.com/reel/DawYWsXgFN7/,toolandtea,2026-07-14T02:07:18.536000+00:00,False,,72.9,90100,views,0.2874,0.0833,False,43000,embed_reel,2.0953,3_VERY_GOOD,2774,80,0.0308,1,japandi,style,whole_home,japandi,none,japandi × whole_home,pov,code,descriptive,False,You had a vision for your home 😌 #japandi #interiordecor #loftapartment #apartmenttherapy #homedecor,living_room,minimalist,pov,real_footage,real_existing
DU9hBiiCNsb,https://www.instagram.com/reel/DU9hBiiCNsb/,zainabkxn_,2026-02-20T01:24:49.565000+00:00,False,,216.9,1000000,views,0.2857,0.4167,False,,,,,,,,1,dream-room,fantasy_dream,other,other,none,other × other,aspirational,heuristic,aspirational,False,#trendingreels #explorepage #trending #DreamRoom #RoomGoals,,,,,
DXgBqNESg88,https://www.instagram.com/reel/DXgBqNESg88/,vighnaharta_interiors,2026-04-24T04:06:57.889000+00:00,False,,153.8,262000,views,0.2796,0.25,False,41000,embed_reel,6.3902,4_VIRAL,1463,6,0.0056,1,bedroom-design,room_generic,bedroom,modern_luxury,none,modern_luxury × bedroom,descriptive,code,descriptive,False,Elegant bedroom 🌸,bedroom,modern_luxury,descriptive,3d_render,aspirational_realistic
C9HxeewRJAY,https://www.instagram.com/reel/C9HxeewRJAY/,yourfantasyhomes,2024-07-07T12:27:32.025000+00:00,False,,809.5,14900,views,0.2782,0.3333,False,23000,embed_reel,0.6478,2_GOOD,701,754,0.047,1,future-houses-2050,future_arch,whole_home,futuristic,none,futuristic × whole_home,choice,code,choice,False,which home was your first choice?,whole_home,futuristic,choice,ai_generated,fantasy_impossible
DS47rSojdQ-,https://www.instagram.com/reel/DS47rSojdQ-/,realtordenisbibik,2025-12-30T13:38:43.626000+00:00,False,,268.4,185000,views,0.2745,0.3333,False,91000,embed_reel,2.033,3_VERY_GOOD,11777,161,0.0637,1,luxury-pool,pool,pool,modern_luxury,none,modern_luxury × pool,aspirational,code,location,False,This is what slow living looks like Contact me for Real Estate in Miami @realtordenisbibik .,pool,modern_luxury,aspirational,real_footage,real_existing
DbWOv-IxYaz,https://www.instagram.com/reel/DbWOv-IxYaz/,rodnova_installation_,2026-07-28T18:54:31.146000+00:00,False,,58.2,195000,views,0.2735,0.3333,False,41000,embed_reel,4.7561,3_VERY_GOOD,11534,170,0.0591,1,luxury-kitchen,luxury_room,kitchen,modern_luxury,none,modern_luxury × kitchen,aspirational,code,descriptive,False,Luxury isn't just about design—it's about every detail coming together in,kitchen,modern_luxury,aspirational,ai_generated,aspirational_realistic
DT1QRAZiKnV,https://www.instagram.com/reel/DT1QRAZiKnV/,andulsia_venue,2026-01-22T23:53:04.268000+00:00,False,,245.0,25500,views,0.2714,0.25,False,74000,embed_reel,0.3446,1_NORMAL,107,19,0.0042,1,glass-house,unusual_home,whole_home,other,none,other × whole_home,promotional,code,promotional,False,STAY TUNED Glass House Opening 1/3/2026 First 20 wedding get 20% OFF CONTACT US 0111262,whole_home,classical,promotional,ai_generated,aspirational_realistic
DV-2k_YkyS_,https://www.instagram.com/reel/DV-2k_YkyS_/,terencesia,2026-03-17T10:23:48.106000+00:00,False,,191.6,267000,views,0.2711,0.4167,False,54000,embed_reel,4.9444,3_VERY_GOOD,4660,9409,0.0175,1,ai-home-design,ai,whole_home,other,none,other × whole_home,instructional,code,descriptive,False,You can do this too!,dining,modern_luxury,instructional,ai_generated,aspirational_realistic
DZo_K7KAw46,https://www.instagram.com/reel/DZo_K7KAw46/,luxoraify,2026-06-16T08:41:10.253000+00:00,False,,100.6,167000,views,0.2694,0.3333,False,29000,embed_reel,5.7586,4_VIRAL,1091,,0.0065,1,bathroom-design,room_generic,bathroom,modern_luxury,none,modern_luxury × bathroom,aspirational,code,aspirational,False,"😍 Small Space, Big Luxury – Bathroom Transformation Goals #bathroom #explore #trendingreels #interiordesign #trending",bathroom,modern_luxury,aspirational,ai_generated,aspirational_realistic
DaEIpdbN9P5,https://www.instagram.com/reel/DaEIpdbN9P5/,astraluxestudio,2026-06-26T21:43:28.655000+00:00,False,,90.1,81900,views,0.2681,0.1667,False,12000,embed_reel,6.825,4_VIRAL,2186,43,0.0267,1,art-deco-interior-design,style,other,art_deco,none,art_deco × other,contrarian,code,descriptive,False,When Art Deco met Modernism.,dining,art_deco,contrarian,unclear,aspirational_realistic
DV35fDIjWlt,https://www.instagram.com/reel/DV35fDIjWlt/,naturediariesvideos,2026-03-14T17:34:31.274000+00:00,False,,194.3,150000,views,0.2671,0.5,False,620000,embed_reel,0.2419,1_NORMAL,8771,30,0.0585,2,cozy-rain;rain-cozy,cozy_ambience,other,cozy_rustic,rain,cozy_rustic × other,descriptive,code,descriptive,False,The quiet magic of a rainy day alone.,bedroom,other,descriptive,real_footage,real_existing
DWDRWQgEves,https://www.instagram.com/reel/DWDRWQgEves/,styltechinterior_official,2026-03-19T03:34:40.921000+00:00,False,,189.9,248000,views,0.2647,0.1667,False,201000,embed_reel,1.2338,2_GOOD,6840,19,0.0276,1,bedroom-design,room_generic,bedroom,other,none,other × bedroom,aspirational,code,descriptive,False,This Bedroom Setup Looks Too Good 😍✨,bedroom,modern_luxury,aspirational,real_footage,real_existing
DI1X0b4sdMl,https://www.instagram.com/reel/DI1X0b4sdMl/,caropeony,2025-04-24T15:13:44.394000+00:00,False,,518.4,113000,views,0.2634,0.3333,False,507000,embed_reel,0.2229,1_NORMAL,5318,40,0.0471,1,cozy-bedroom-ideas,cozy_ambience,bedroom,cozy_rustic,none,cozy_rustic × bedroom,descriptive,code,descriptive,False,"As the light fades outside, the bedroom turns into a calm, cocoon-like space.",bedroom,scandinavian,descriptive,real_footage,real_existing
Dbbu-y_Tn1l,https://www.instagram.com/reel/Dbbu-y_Tn1l/,wiwiek_widya,2026-07-30T22:12:21.975000+00:00,False,,56.1,24700,views,0.2629,0.1667,False,16000,embed_reel,1.5437,2_GOOD,1832,6,0.0742,1,glass-house,unusual_home,whole_home,other,forest,other × whole_home,descriptive,code,aspirational,False,"Hidden deep within a peaceful pine forest, this two-story glass house offers breathtaking vi",bedroom,biophilic,descriptive,ai_generated,stylized_dreamy
DYaMhpjMcjb,https://www.instagram.com/reel/DYaMhpjMcjb/,ambiancehometv,2026-05-16T18:17:52.031000+00:00,False,,131.2,145000,views,0.2582,0.4167,False,228000,embed_reel,0.636,2_GOOD,12679,152,0.0874,1,rain-cozy,cozy_ambience,other,cozy_rustic,rain,cozy_rustic × other,descriptive,code,descriptive,False,Rain.,other,cozy_rustic,descriptive,ai_generated,stylized_dreamy
DVxJIpykxvG,https://www.instagram.com/reel/DVxJIpykxvG/,baliinteriordesign,2026-03-12T02:36:35.390000+00:00,False,,196.9,57400,views,0.2518,0.1667,False,64000,embed_reel,0.8969,2_GOOD,2035,17,0.0355,1,tropical-house,style,whole_home,tropical,none,tropical × whole_home,question,code,question,False,Designed for the tropics 🌴 Would you stay here?,whole_home,tropical,question,ai_generated,stylized_dreamy
DToXQT-kiz5,https://www.instagram.com/reel/DToXQT-kiz5/,explorewithmia_,2026-01-17T23:44:00.982000+00:00,False,,250.0,63900,views,0.2501,0.5,False,,,,,,,,1,underwater-hotel,hotel_resort,other,other,underwater,other × other,pov,heuristic,pov,False,POV: You wake up underwater… #underwaterhotel #travel #china #vlog,,,,,
DP85Qb3DlWc,https://www.instagram.com/reel/DP85Qb3DlWc/,clearcreekcollective,2025-10-18T13:00:21.831000+00:00,False,,341.5,33900,views,0.2432,0.25,False,,,,,,,,1,organic-modern,style,whole_home,biophilic,none,biophilic × whole_home,descriptive,heuristic,descriptive,False,Sneak peak of the STUNNING CA Organic Modern Home design coming soon 👀 Our Whole Home Guide are hand curated,,,,,
DblfHgCMyGd,https://www.instagram.com/reel/DblfHgCMyGd/,volcanicbuildx,2026-08-03T17:06:08.989000+00:00,False,,52.3,133000,views,0.2429,0.4167,False,18000,embed_reel,7.3889,4_VIRAL,5138,34,0.0386,1,ai-generated-house,ai,whole_home,other,none,other × whole_home,curiosity,code,curiosity,False,I Built a Secret House Inside a Giant Steel Sphere What if a giant steel sphere beca,whole_home,industrial,curiosity,ai_generated,stylized_dreamy
Db8YcBChCBD,https://www.instagram.com/reel/Db8YcBChCBD/,theunrealatlas,2026-08-12T14:30:18.974000+00:00,False,,43.4,88800,views,0.2365,0.0833,False,887,embed_reel,100.1127,5_EXTREME_OUTLIER,2377,35,0.0268,1,ai-architecture,ai,whole_home,other,none,other × whole_home,descriptive,code,descriptive,False,"""Aurelius"" cutting through neon-lit water at golden hour, with a row of glass villas glowing warm b",whole_home,futuristic,descriptive,ai_generated,stylized_dreamy
DHdynV8tEzO,https://www.instagram.com/reel/DHdynV8tEzO/,arteo_luxury,2025-03-21T14:54:42.898000+00:00,False,,552.4,93100,views,0.2363,0.4167,False,871000,embed_reel,0.1069,1_NORMAL,1347,19,0.0145,1,luxury-living-room-design,luxury_room,living_room,modern_luxury,none,modern_luxury × living_room,descriptive,code,aspirational,False,A golden living!,living_room,modern_luxury,descriptive,ai_generated,stylized_dreamy
DV8gvo0EYsc,https://www.instagram.com/reel/DV8gvo0EYsc/,luxoraify,2026-03-16T12:34:32.129000+00:00,False,,192.5,267000,views,0.2353,0.3333,False,29000,embed_reel,9.2069,4_VIRAL,2025,10,0.0076,1,luxury-bathroom-design,luxury_room,bathroom,modern_luxury,none,modern_luxury × bathroom,aspirational,code,descriptive,False,"Small Bathroom, Big Luxury!",bathroom,modern_luxury,aspirational,ai_generated,aspirational_realistic
DWR82LTDlDM,https://www.instagram.com/reel/DWR82LTDlDM/,relaxinoffgrid,2026-03-24T20:24:08.831000+00:00,False,,184.1,39000,views,0.2289,0.3333,False,1000000,embed_reel,0.039,1_NORMAL,2470,11,0.0633,2,cozy-winter-cabin;luxury-cabin,cozy_ambience,whole_home,cozy_rustic,mountain_snow,cozy_rustic × whole_home,aspirational,code,descriptive,False,Waking up to snow falling over the mountains.,bedroom,cozy_rustic,aspirational,ai_generated,stylized_dreamy
DHmwmwOsa-l,https://www.instagram.com/reel/DHmwmwOsa-l/,beautyofhouses,2025-03-25T02:30:19.382000+00:00,False,,548.9,124000,views,0.2265,0.3333,False,942000,embed_reel,0.1316,1_NORMAL,6616,123,0.0534,1,ai-generated-house,ai,whole_home,other,none,other × whole_home,none,code,descriptive,False,Tag someone who needs to see this!,whole_home,mediterranean,none,ai_generated,stylized_dreamy
DYFOsFBtepH,https://www.instagram.com/reel/DYFOsFBtepH/,crownscape_official,2026-05-08T14:52:42.972000+00:00,False,,139.4,42000,views,0.2246,0.3636,False,3000,embed_reel,14.0,4_VIRAL,3225,98,0.0768,1,waterfall-house,fantasy_dream,whole_home,other,lake_river,other × whole_home,fantasy,code,descriptive,False,Some homes aren't built… they're whispered into existence by nature ✨🍃💧,whole_home,cozy_rustic,fantasy,ai_generated,fantasy_impossible
Db3O6ylgtbs,https://www.instagram.com/reel/Db3O6ylgtbs/,thebillionaireblueprint3,2026-08-10T14:30:56.036000+00:00,False,,45.4,8986,views,0.2235,0.25,False,8000,embed_reel,1.1233,2_GOOD,308,,0.0343,1,desert-house,unusual_home,whole_home,other,desert,other × whole_home,curiosity,code,curiosity,False,You Can't See The House From The Entrance 🏡 House Name: The Secret Wall House 😮 Style: Contemporary Desert M,whole_home,minimalist,curiosity,ai_generated,aspirational_realistic
DUvwvkIjNCM,https://www.instagram.com/reel/DUvwvkIjNCM/,creativitysarahs,2026-02-14T17:12:48.874000+00:00,False,,222.3,27500,views,0.2227,0.3333,False,15000,embed_reel,1.8333,2_GOOD,493,7,0.0179,1,biophilic-bedroom-design,style,bedroom,biophilic,none,biophilic × bedroom,question,code,question,False,Looking for the ultimate bedroom decoration inspiration?,bedroom,japandi,question,ai_generated,stylized_dreamy
DZWtsTkz9gW,https://www.instagram.com/reel/DZWtsTkz9gW/,jkconstruction.28,2026-06-09T06:22:06.754000+00:00,False,,107.7,27400,views,0.2219,0.25,False,160,embed_reel,171.25,5_EXTREME_OUTLIER,283,,0.0103,1,biophilic-bedroom-design,style,bedroom,biophilic,forest,biophilic × bedroom,question,code,question,False,🌳✨ What if your bedroom felt like a luxury forest retreat?,bedroom,biophilic,question,ai_generated,stylized_dreamy
DDPpTWVpVd9,https://www.instagram.com/reel/DDPpTWVpVd9/,keirashomecollective,2024-12-06T16:58:23.876000+00:00,False,,657.3,30900,views,0.2217,0.1667,False,208000,embed_reel,0.1486,1_NORMAL,629,,0.0204,1,organic-modern,style,other,biophilic,none,biophilic × other,descriptive,code,descriptive,False,A few of my favourite looks recently 🤎 #neutralhome #neutralhomedecor #organicmodern #homedecorideas #homedesignins,living_room,biophilic,descriptive,real_footage,real_existing
DdBMCCqoF3D,https://www.instagram.com/reel/DdBMCCqoF3D/,cozycolorfiles,2026-09-08T07:49:30.542000+00:00,False,,16.7,74100,views,0.2202,0.25,False,1000,embed_reel,74.1,5_EXTREME_OUTLIER,4446,,0.06,1,ai-cozy-cabin,ai,whole_home,cozy_rustic,mountain_snow,cozy_rustic × whole_home,descriptive,code,fantasy,False,❄️🔥 A warm little cabin while a winter storm rages outside… Imagine spending a quiet evening,bedroom,cozy_rustic,descriptive,ai_generated,stylized_dreamy
DVPGQUnkllu,https://www.instagram.com/reel/DVPGQUnkllu/,lisi.quietdiaries,2026-02-26T21:17:14.664000+00:00,False,,210.1,124000,views,0.2199,0.1667,False,153000,embed_reel,0.8105,2_GOOD,12496,50,0.1008,1,quiet-luxury,luxury_room,other,cozy_rustic,none,cozy_rustic × other,aspirational,code,descriptive,False,quiet moments alone are so good for the soul #aesthetic #cozynights #cozyhome #slowlife,living_room,biophilic,aspirational,real_footage,real_existing
DDZhNZ3JQAW,https://www.instagram.com/reel/DDZhNZ3JQAW/,envypoolsaz,2024-12-10T13:00:05.191000+00:00,False,,653.5,148000,views,0.2196,0.25,False,27000,embed_reel,5.4815,4_VIRAL,5567,87,0.0376,1,luxury-pool,pool,pool,modern_luxury,none,modern_luxury × pool,aspirational,code,descriptive,False,Chasing sunshine and unforgettable moments in an oasis of tranquility!,pool,tropical,aspirational,real_footage,real_existing
CRHFNEZBymW,https://www.instagram.com/reel/CRHFNEZBymW/,djbehrouz,2021-07-09T14:59:20.203000+00:00,False,,1903.4,8628,views,0.2146,0.1667,False,51600,embed_reel,0.1672,1_NORMAL,903,58,0.1047,1,desert-house,unusual_home,whole_home,other,desert,other × whole_home,descriptive,code,aspirational,False,"Wishing a very happy birthday to my Queen, my partner in crime, and in life @mandesha.",other,other,descriptive,real_footage,real_existing
DX6xxdWok2W,https://www.instagram.com/reel/DX6xxdWok2W/,efetopcuarchitecture,2026-05-04T13:27:38.374000+00:00,False,,143.4,62500,views,0.2144,0.375,False,25000,embed_reel,2.5,3_VERY_GOOD,1399,,0.0224,1,parametric-architecture,future_arch,whole_home,futuristic,none,futuristic × whole_home,descriptive,code,descriptive,False,Bu çalışma Grasshopper ile oluşturulmuş parametrik bir kabuk ve yüzey üzerinde tanımlı bir pe,other,biophilic,descriptive,3d_render,aspirational_realistic
C9kOqMFSGqz,https://www.instagram.com/reel/C9kOqMFSGqz/,aakar_architects_28,2024-07-18T13:41:16.387000+00:00,False,,798.4,26400,views,0.2138,0.1667,False,1000,embed_reel,26.4,5_EXTREME_OUTLIER,169,,0.0064,1,biophilic-bedroom-design,style,bedroom,biophilic,none,biophilic × bedroom,descriptive,code,descriptive,False,Beautiful color combination of green and dark wood 🪵🌳 It's give rusty and biop,bedroom,cozy_rustic,descriptive,ai_generated,aspirational_realistic
DVBZs-rgYvC,https://www.instagram.com/reel/DVBZs-rgYvC/,jareef__saifi,2026-02-21T13:37:48.848000+00:00,False,,215.4,192000,views,0.21,0.0833,False,339000,embed_reel,0.5664,2_GOOD,938,6,0.0049,1,living-room-design,room_generic,living_room,modern_luxury,none,modern_luxury × living_room,descriptive,code,aspirational,False,A Calm & Classy Modern Lifestyle Living Room ✨🏡 #livingroomdecor #interiordesign #reelsvideo,living_room,modern_luxury,descriptive,ai_generated,aspirational_realistic
DOyNCTyFF67,https://www.instagram.com/reel/DOyNCTyFF67/,shltr,2025-09-19T12:50:09.469000+00:00,False,,370.5,53400,views,0.209,0.4167,False,1000000,embed_reel,0.0534,1_NORMAL,2141,,0.0401,1,underwater-hotel,hotel_resort,other,other,underwater,other × other,fantasy,code,location,False,"This stay might not be real, but a night ✨ quite literally✨ under water in the Maldives",living_room,brutalist,fantasy,ai_generated,fantasy_impossible
DMa_j3noxyi,https://www.instagram.com/reel/DMa_j3noxyi/,shltr,2025-07-22T19:27:05.128000+00:00,False,,429.2,55400,views,0.2052,0.3333,False,1000000,embed_reel,0.0554,1_NORMAL,2713,,0.049,1,indoor-pool,pool,pool,cozy_rustic,none,cozy_rustic × pool,question,code,question,False,"A quick dip in this breathtaking indoor pool, anyone?",pool,minimalist,question,real_footage,real_existing
DWY_6A-EVKS,https://www.instagram.com/reel/DWY_6A-EVKS/,2pdesigners,2026-03-27T14:05:34.165000+00:00,False,,181.4,107000,views,0.203,0.25,False,134000,embed_reel,0.7985,2_GOOD,2615,17,0.0244,1,modern-luxury-house-interiors,luxury_home,whole_home,modern_luxury,none,modern_luxury × whole_home,aspirational,code,descriptive,False,A breathtaking home unfolding right before your eyes.,other,modern_luxury,aspirational,3d_render,aspirational_realistic
DBqpwtKqV1U,https://www.instagram.com/reel/DBqpwtKqV1U/,markonyc,2024-10-28T11:39:06.734000+00:00,False,,696.5,300000,views,0.2,0.3333,False,111000,embed_reel,2.7027,3_VERY_GOOD,24675,150,0.0823,1,luxury-penthouse,luxury_home,whole_home,modern_luxury,none,modern_luxury × whole_home,aspirational,code,descriptive,False,God I love this penthouse… #nycrealestate #luxurylifestyle #luxuryhomes #realestate #nycapartments,living_room,modern_luxury,aspirational,real_footage,real_existing
DMGBXbRMcaF,https://www.instagram.com/reel/DMGBXbRMcaF/,luxuryworldtraveler,2025-07-14T15:58:48.699000+00:00,False,,437.3,50800,views,0.1989,0.3333,False,3000000,embed_reel,0.0169,1_NORMAL,,97,,1,underwater-hotel,hotel_resort,dining,other,underwater,other × dining,aspirational,code,descriptive,False,This is one of the most unique experiences in the world - dining underwater 🎥 @saltyluxe,dining,modern_luxury,aspirational,real_footage,real_existing
DNF1aQjSJf9,https://www.instagram.com/reel/DNF1aQjSJf9/,avenue_home_decor,2025-08-08T10:45:44.095000+00:00,False,,412.6,141000,views,0.1978,0.25,False,,,,,,,,1,luxury-kitchen,luxury_room,kitchen,modern_luxury,none,modern_luxury × kitchen,descriptive,heuristic,descriptive,False,Luxury Kitchen Design 😍 #instagood #homesweethome #decoration #home,,,,,
DUjiGK0iOl7,https://www.instagram.com/reel/DUjiGK0iOl7/,survivalvaults,2026-02-09T23:13:56.546000+00:00,False,,227.0,219000,views,0.1974,0.5,False,367000,embed_reel,0.5967,2_GOOD,5036,82,0.023,1,underground-house,unusual_home,whole_home,other,none,other × whole_home,curiosity,code,descriptive,False,A Private Underground Shelter Beneath a Suburban Home.,other,minimalist,curiosity,real_footage,real_existing
DXcIQqEkdX-,https://www.instagram.com/reel/DXcIQqEkdX-/,theresortscollection,2026-04-22T15:47:40.898000+00:00,False,,155.3,48400,views,0.1895,0.25,False,392000,embed_reel,0.1235,1_NORMAL,1527,18,0.0315,1,underwater-hotel,hotel_resort,other,other,underwater,other × other,aspirational,code,descriptive,False,"If you want a truly special and unique experience, trying a lunch or dinner in an underwater",dining,modern_luxury,aspirational,real_footage,real_existing
DVbq2h7jHlv,https://www.instagram.com/reel/DVbq2h7jHlv/,ihsansamhoun.interiors,2026-03-03T18:27:55.216000+00:00,False,,205.2,213000,views,0.1877,0.25,False,168000,embed_reel,1.2679,2_GOOD,,41,,1,luxury-bathroom-design,luxury_room,bathroom,modern_luxury,none,modern_luxury × bathroom,descriptive,code,descriptive,False,"✨️ Luxurious Master Bathroom, marble, wood, gold!",bathroom,modern_luxury,descriptive,3d_render,aspirational_realistic
DRRrdauCdP9,https://www.instagram.com/reel/DRRrdauCdP9/,terplanet,2025-11-20T11:15:14.869000+00:00,False,,308.5,153000,views,0.1722,0.25,False,1000000,embed_reel,0.153,1_NORMAL,3850,68,0.0252,1,overwater-villa,hotel_resort,whole_home,other,ocean_beach,other × whole_home,aspirational,code,descriptive,False,The best alarm clock ever: turquoise water at your doorstep.,whole_home,tropical,aspirational,real_footage,real_existing
DViBkP5DRo1,https://www.instagram.com/reel/DViBkP5DRo1/,luxlocators,2026-03-06T05:41:50.667000+00:00,False,,202.8,256000,views,0.1707,0.25,False,44000,embed_reel,5.8182,4_VIRAL,15915,259,0.0622,1,luxury-penthouse,luxury_home,whole_home,modern_luxury,none,modern_luxury × whole_home,aspirational,code,aspirational,False,Send this to your person ✨❤️‍🔥 #penthouseliving #dallaspenthouse #dallasliving #luxurypenthouse,living_room,modern_luxury,aspirational,real_footage,real_existing
DWDvXdsE2iy,https://www.instagram.com/reel/DWDvXdsE2iy/,theraj_interior,2026-03-19T07:56:59.441000+00:00,False,,189.7,56700,views,0.1629,0.4167,False,148000,embed_reel,0.3831,1_NORMAL,1182,,0.0208,1,luxury-bedroom,luxury_room,bedroom,modern_luxury,none,modern_luxury × bedroom,descriptive,code,descriptive,False,Luxury Modern Bedroom — Where Comfort Meets Elegance ✨ #LuxuryBedroom #ModernInterior #BedroomDesign,bedroom,dark_luxury,descriptive,ai_generated,aspirational_realistic
DdQoBsVA4dU,https://www.instagram.com/reel/DdQoBsVA4dU/,motivtrud,2026-09-14T07:42:44.227000+00:00,False,,10.7,429000,views,0.1619,0.25,False,8000,embed_reel,53.625,5_EXTREME_OUTLIER,5577,138,0.013,1,treehouse,unusual_home,whole_home,other,forest,other × whole_home,none,code,descriptive,False,#Treehouse #домикнадереве #домнадереве,other,cozy_rustic,none,real_footage,real_existing
DbnpmnpSUMJ,https://www.instagram.com/reel/DbnpmnpSUMJ/,rainy__village,2026-08-04T13:16:15.659000+00:00,False,,51.4,425000,views,0.1604,0.1667,False,8000,embed_reel,53.125,5_EXTREME_OUTLIER,3966,34,0.0093,1,treehouse,unusual_home,whole_home,other,rain,other × whole_home,fantasy,code,aspirational,False,🌿🌧️ Hidden Treehouse Paradise – Where the Rain Becomes Your Lullaby 🏡✨ Escape the noise and discover a peaceful treehous,bedroom,cozy_rustic,fantasy,ai_generated,stylized_dreamy
DH9QazNTGvj,https://www.instagram.com/reel/DH9QazNTGvj/,articture,2025-04-02T20:11:36.179000+00:00,False,,540.2,84100,views,0.1596,0.1667,False,677000,embed_reel,0.1242,1_NORMAL,2708,32,0.0322,1,modern-luxury-house-interiors,luxury_home,whole_home,modern_luxury,ocean_beach,modern_luxury × whole_home,aspirational,code,aspirational,False,Dream home goals!,living_room,modern_luxury,aspirational,ai_generated,stylized_dreamy
DcrJ6vOzdcC,https://www.instagram.com/reel/DcrJ6vOzdcC/,ai.cozy.fun.scenes,2026-08-30T18:27:44.630000+00:00,False,,25.2,594000,views,0.1543,0.25,False,4000,embed_reel,148.5,5_EXTREME_OUTLIER,50091,151,0.0843,1,cozy-rain,cozy_ambience,other,cozy_rustic,rain,cozy_rustic × other,descriptive,code,descriptive,False,Slow cozy days.,other,cozy_rustic,descriptive,ai_generated,aspirational_realistic
DLzbWRZuMf-,https://www.instagram.com/reel/DLzbWRZuMf-/,interior_home_design1,2025-07-07T10:40:16.524000+00:00,False,,444.6,43100,views,0.1537,0.3333,False,688000,embed_reel,0.0626,1_NORMAL,2412,76,0.056,1,futuristic-home,future_arch,whole_home,futuristic,none,futuristic × whole_home,question,code,question,True,What are your thoughts about this design?🍃 by @zenform @interior_home_design1 #interiordesign #home #ai #house #aiart #a,pool,biophilic,question,ai_generated,stylized_dreamy
DUXa56AgawK,https://www.instagram.com/reel/DUXa56AgawK/,dimension.xy,2026-02-05T06:20:12.890000+00:00,False,,231.7,68200,views,0.1492,0.25,False,811000,embed_reel,0.0841,1_NORMAL,630,,0.0092,1,modern-villa,luxury_home,whole_home,minimalist,none,minimalist × whole_home,descriptive,code,descriptive,False,Wide glass.,whole_home,modern_luxury,descriptive,ai_generated,aspirational_realistic
DJtR3eFSnDe,https://www.instagram.com/reel/DJtR3eFSnDe/,perfect_decorss,2025-05-16T08:19:11.715000+00:00,False,,496.7,95000,views,0.1442,0.25,False,83000,embed_reel,1.1446,2_GOOD,4845,30,0.051,1,dream-bedroom,luxury_room,bedroom,cozy_rustic,none,cozy_rustic × bedroom,aspirational,code,aspirational,False,Dreams bedrooms...,bedroom,other,aspirational,ai_generated,stylized_dreamy
DP_9B6OCMdm,https://www.instagram.com/reel/DP_9B6OCMdm/,_vlasov_roman_,2025-10-19T17:31:03.285000+00:00,False,,340.3,422000,views,0.1431,0.25,False,553000,embed_reel,0.7631,2_GOOD,18515,337,0.0439,1,modern-architecture,architecture,whole_home,modern_luxury,none,modern_luxury × whole_home,descriptive,code,descriptive,False,Concept | 799 Architecture By @_vlasov_roman_,whole_home,futuristic,descriptive,3d_render,aspirational_realistic
DFC2m0duhxC,https://www.instagram.com/reel/DFC2m0duhxC/,insideno8x,2025-01-20T10:47:18.804000+00:00,False,,612.6,101000,views,0.1417,0.1667,False,264000,embed_reel,0.3826,1_NORMAL,,77,,1,luxury-kitchen,luxury_room,kitchen,modern_luxury,none,modern_luxury × kitchen,none,code,promotional,False,Monday🖤🤍 Hope you have a lovely week🖤🤍 Use code: INSIDE10 for disco,kitchen,minimalist,none,real_footage,real_existing
DNLDYTptD9X,https://www.instagram.com/reel/DNLDYTptD9X/,miladeshtiyaghi,2025-08-10T11:24:00.300000+00:00,False,,410.5,94800,views,0.1409,0.25,False,642000,embed_reel,0.1477,1_NORMAL,,54,,1,house-in-the-forest,unusual_home,whole_home,other,forest,other × whole_home,descriptive,code,descriptive,False,🏞✨ A house suspended between mist and forest Designed in the heart of Brazil's lush j,whole_home,minimalist,descriptive,ai_generated,aspirational_realistic
Cbnj1iLDwWf,https://www.instagram.com/reel/Cbnj1iLDwWf/,meirr,2022-03-27T18:56:38.639000+00:00,False,,1642.2,60800,views,0.1313,0.3333,False,236000,embed_reel,0.2576,1_NORMAL,3274,29,0.0538,1,luxury-cabin,unusual_home,whole_home,cozy_rustic,mountain_snow,cozy_rustic × whole_home,location,code,descriptive,False,"A frame Cabin Big Bear, CA - #cabin #aframe #cabininthewoods #aframecabin #cabinlife #naturehome #naturehouse #aframecab",whole_home,cozy_rustic,location,real_footage,real_existing
Cxs3utuNMGk,https://www.instagram.com/reel/Cxs3utuNMGk/,dreamsorcery,2023-09-27T15:57:20.949000+00:00,False,,1093.3,286000,views,0.1243,0.25,False,167000,embed_reel,1.7126,2_GOOD,23896,1044,0.0836,1,dream-home,luxury_home,whole_home,other,none,other × whole_home,choice,code,choice,False,Choose your dream house design @dreamsorcery #whichonewouldyouchoose #chooseone,other,other,choice,ai_generated,stylized_dreamy
DO886y6jSR-,https://www.instagram.com/reel/DO886y6jSR-/,aruhrealestate,2025-09-23T17:00:58.062000+00:00,False,,366.3,27900,views,0.1224,0.0833,False,19000,embed_reel,1.4684,2_GOOD,692,7,0.0248,1,tropical-house,style,bedroom,tropical,jungle,tropical × bedroom,descriptive,code,descriptive,False,Minimalism blends with the jungle.,whole_home,minimalist,descriptive,real_footage,real_existing
DWTg57XsQuL,https://www.instagram.com/reel/DWTg57XsQuL/,sunt_mrr,2026-03-25T10:58:28.360000+00:00,False,,183.5,69900,views,0.1216,0.1667,False,2000000,embed_reel,0.035,1_NORMAL,2270,73,0.0325,1,futuristic-houses,future_arch,whole_home,futuristic,none,futuristic × whole_home,descriptive,code,descriptive,True,Circle villa Design: @sunt_mrr #midjourney #villa #ai #houses #circle,whole_home,biophilic,descriptive,ai_generated,stylized_dreamy
DXXYo78jKrt,https://www.instagram.com/reel/DXXYo78jKrt/,evakentmimarlik,2026-04-20T19:34:36.242000+00:00,False,,157.2,137000,views,0.1208,0.1667,False,,,,,,,,1,luxury-bathroom-design,luxury_room,bathroom,modern_luxury,none,modern_luxury × bathroom,descriptive,heuristic,descriptive,False,LÜKS BANYO TASARIMIMIZ 🔥🔥 #mimarlık #içmimarlık #interiordesign #architecture #design modernmimari lüksmim,,,,,
DdUAQCKJL5D,https://www.instagram.com/reel/DdUAQCKJL5D/,doubletree7s,2026-09-15T15:12:07.917000+00:00,False,,9.4,320000,views,0.1208,0.0833,False,36000,embed_reel,8.8889,4_VIRAL,2073,9,0.0065,1,treehouse,unusual_home,whole_home,other,forest,other × whole_home,descriptive,code,descriptive,False,Treehouse Making#building,other,other,descriptive,ai_generated,aspirational_realistic
DMi17mcsosb,https://www.instagram.com/reel/DMi17mcsosb/,lifetime_interior_design,2025-07-25T20:36:52.114000+00:00,False,,426.1,46400,views,0.1178,0.3333,False,294000,embed_reel,0.1578,1_NORMAL,1453,39,0.0313,1,luxury-living-room-design,luxury_room,living_room,modern_luxury,none,modern_luxury × living_room,aspirational,code,aspirational,False,A living room made for quiet luxury.,other,other,aspirational,,
DbtAn04T8aU,https://www.instagram.com/reel/DbtAn04T8aU/,homewithmichiii,2026-08-06T15:13:36.329000+00:00,False,,49.4,50500,views,0.1177,0.25,False,8000,embed_reel,6.3125,4_VIRAL,1758,7,0.0348,1,cozy-bedroom-ideas,cozy_ambience,bedroom,cozy_rustic,none,cozy_rustic × bedroom,descriptive,code,descriptive,False,"From a blank room to a space that feels calm, warm, and lived in.",bedroom,japandi,descriptive,real_footage,real_existing
DUnnfRxCJdX,https://www.instagram.com/reel/DUnnfRxCJdX/,_vlasov_roman_,2026-02-11T13:18:01.403000+00:00,False,,225.4,53000,views,0.116,0.1667,False,553000,embed_reel,0.0958,1_NORMAL,1945,17,0.0367,1,modern-villa,luxury_home,whole_home,modern_luxury,none,modern_luxury × whole_home,descriptive,code,descriptive,False,project / 665 Architecture By @_vlasov_roman_ #villa #house #interior #architecture #modern,whole_home,modern_luxury,descriptive,3d_render,aspirational_realistic
DTa6Fw6iCrI,https://www.instagram.com/reel/DTa6Fw6iCrI/,luxuryhouseview,2026-01-12T18:19:02.606000+00:00,False,,255.2,38400,views,0.1103,0.3333,False,389000,embed_reel,0.0987,1_NORMAL,1911,11,0.0498,1,luxury-bedroom,luxury_room,bedroom,modern_luxury,none,modern_luxury × bedroom,aspirational,code,aspirational,False,"Royal vibes, peaceful nights.💎✨ : #LuxuryHome #LuxuryBedroom #RoyalBedroom #DreamHome #interiorg",bedroom,modern_luxury,aspirational,ai_generated,stylized_dreamy
DQgnqKljDY9,https://www.instagram.com/reel/DQgnqKljDY9/,esoarch,2025-11-01T09:59:14.980000+00:00,False,,327.6,44900,views,0.1086,0.0833,False,152000,embed_reel,0.2954,1_NORMAL,1897,35,0.0422,1,midjourney-architecture,ai,whole_home,other,none,other × whole_home,descriptive,code,descriptive,True,...work in progress...,whole_home,futuristic,descriptive,ai_generated,stylized_dreamy
DFnX5PNRWm-,https://www.instagram.com/reel/DFnX5PNRWm-/,lianaariashomedecor,2025-02-03T15:10:50.739000+00:00,False,,598.4,15100,views,0.1083,0.0833,False,883,embed_reel,17.1008,4_VIRAL,,9,,1,organic-modern,style,other,biophilic,none,biophilic × other,descriptive,code,descriptive,False,Tendencia: Organico / Moderno El Organic Modern es la nueva tendencia en interiorismo que dominará el 2025.,living_room,biophilic,descriptive,ai_generated,aspirational_realistic
DDR9zmKTcR-,https://www.instagram.com/reel/DDR9zmKTcR-/,wildreamhom3,2024-12-07T14:36:02.669000+00:00,False,,656.4,18000,views,0.1056,0.25,False,,,,,,,,2,cozy-cabin-in-the-snow;cozy-winter-cabin,cozy_ambience,whole_home,cozy_rustic,mountain_snow,cozy_rustic × whole_home,descriptive,heuristic,descriptive,False,The winter storm is just background music in the warmth of our cabin .,,,,,
DUjuUXRDegY,https://www.instagram.com/reel/DUjuUXRDegY/,antt,2026-02-10T01:00:44.283000+00:00,False,,227.0,157000,views,0.1047,0.1667,False,57000,embed_reel,2.7544,3_VERY_GOOD,19621,47,0.125,1,luxury-penthouse,luxury_home,whole_home,modern_luxury,none,modern_luxury × whole_home,descriptive,code,descriptive,False,#penthouse,living_room,modern_luxury,descriptive,real_footage,real_existing
DVKk1NDCOjL,https://www.instagram.com/reel/DVKk1NDCOjL/,divaa.finds,2026-02-25T03:08:13.279000+00:00,False,,211.9,365000,views,0.1043,0.3333,False,764000,embed_reel,0.4777,1_NORMAL,32697,93,0.0896,1,dream-room,fantasy_dream,other,cozy_rustic,none,cozy_rustic × other,aspirational,code,fantasy,False,"Every girl's dream 💗🛏️✨ A room that feels soft, cozy, and a little magical where everything is pink",bedroom,other,aspirational,real_footage,real_existing
CW3ODKSq4ZK,https://www.instagram.com/reel/CW3ODKSq4ZK/,dubailuxuryvibes,2021-11-29T14:17:08.606000+00:00,False,,1760.4,35800,views,0.1029,0.25,False,123000,embed_reel,0.2911,1_NORMAL,1036,5,0.0289,1,luxury-bedroom,luxury_room,bedroom,modern_luxury,none,modern_luxury × bedroom,descriptive,code,descriptive,False,Stunning bedroom design with walking wardrobe!,bedroom,modern_luxury,descriptive,real_footage,real_existing
DF1kNfqRmIF,https://www.instagram.com/reel/DF1kNfqRmIF/,deirdres_design,2025-02-09T03:27:50.189000+00:00,False,,592.9,71700,views,0.1013,0.3333,False,1000000,embed_reel,0.0717,1_NORMAL,1564,20,0.0218,1,dream-closet,luxury_room,closet,other,none,other × closet,aspirational,code,aspirational,False,Tag someone who would love this dream closet via @msblingmiami ✨ I'm excited to offer a special virtual design consultat,closet,other,aspirational,real_footage,real_existing
DH0MFLSp7tx,https://www.instagram.com/reel/DH0MFLSp7tx/,lawrencewalton_,2025-03-30T07:40:31.998000+00:00,False,,543.7,24800,views,0.0971,0.1667,False,547000,embed_reel,0.0453,1_NORMAL,664,5,0.0268,1,underwater-hotel,hotel_resort,other,other,underwater,other × other,question,code,question,False,Would you sleep in an underwater hotel room?,bedroom,futuristic,question,real_footage,real_existing
Dc4NevTCuAr,https://www.instagram.com/reel/Dc4NevTCuAr/,little_dreamy_mist,2026-09-04T20:09:00.031000+00:00,False,,20.2,41500,views,0.0967,0.1667,False,8000,embed_reel,5.1875,4_VIRAL,2481,36,0.0598,1,cozy-bedroom-ideas,cozy_ambience,bedroom,cozy_rustic,mountain_snow,cozy_rustic × bedroom,choice,code,choice,False,You're spending the entire winter here… Which bedroom are you choosing?,bedroom,cozy_rustic,choice,ai_generated,stylized_dreamy
DCtmXoTulqa,https://www.instagram.com/reel/DCtmXoTulqa/,meta_animate,2024-11-23T11:38:35.392000+00:00,False,,670.5,27900,views,0.0964,0.3333,False,15000,embed_reel,1.86,2_GOOD,419,16,0.015,1,futuristic-interior,future_arch,other,futuristic,none,futuristic × other,aspirational,code,aspirational,False,"Living, Reinvented This isn't just an interior—it's a revolution in design.",living_room,dark_luxury,aspirational,3d_render,aspirational_realistic
DVY64DJjNvG,https://www.instagram.com/reel/DVY64DJjNvG/,jess.wandering,2026-03-02T16:50:12.972000+00:00,False,,206.3,150000,views,0.0938,0.25,False,910000,embed_reel,0.1648,1_NORMAL,3890,194,0.0259,1,treehouse-hotel,hotel_resort,whole_home,modern_luxury,rain,modern_luxury × whole_home,question,code,question,False,Who would you fall asleep listening to the rain with?,living_room,cozy_rustic,question,real_footage,real_existing
DWhCcfijezK,https://www.instagram.com/reel/DWhCcfijezK/,relaxationreflections_,2026-03-30T17:01:40.638000+00:00,False,,178.3,52500,views,0.0935,0.3333,False,12000,embed_reel,4.375,3_VERY_GOOD,5131,39,0.0977,1,rain-cozy,cozy_ambience,other,cozy_rustic,rain,cozy_rustic × other,pov,code,descriptive,False,"If your evening feels rushed, this is your invitation to slow it down.",bedroom,cozy_rustic,pov,ai_generated,stylized_dreamy
DUrAEncjwpo,https://www.instagram.com/reel/DUrAEncjwpo/,neatmethod,2026-02-12T20:50:33.490000+00:00,False,,224.1,66100,views,0.0934,0.25,False,840000,embed_reel,0.0787,1_NORMAL,1064,23,0.0161,1,dream-closet,luxury_room,closet,other,none,other × closet,aspirational,code,aspirational,False,"So good we never want to leave #closetgoals closet organizing, organized spaces",closet,other,aspirational,real_footage,real_existing
DYuN14xsBlJ,https://www.instagram.com/reel/DYuN14xsBlJ/,relaxingwithraine,2026-05-24T12:54:10.748000+00:00,False,,123.5,21900,views,0.092,0.25,False,652000,embed_reel,0.0336,1_NORMAL,748,13,0.0342,1,tropical-house-architecture-styles,architecture,whole_home,tropical,none,tropical × whole_home,aspirational,code,descriptive,False,✨ Majestic Three-Story Golden Roof Mansion — Tropical Luxury at Its Finest 🏡🌴 #lightingdesign #lightingdecor #lighting #,other,cozy_rustic,aspirational,ai_generated,stylized_dreamy
DZ5u1gbI4fE,https://www.instagram.com/reel/DZ5u1gbI4fE/,luxuryhouseview,2026-06-22T20:45:31.535000+00:00,False,,94.1,157000,views,0.0897,0.25,False,389000,embed_reel,0.4036,1_NORMAL,5675,28,0.0361,1,luxury-house,luxury_home,whole_home,modern_luxury,none,modern_luxury × whole_home,aspirational,code,aspirational,False,Such A Home Where luxury meets starlight and every corner feels like a dream.,living_room,modern_luxury,aspirational,3d_render,stylized_dreamy
DXFQ4I4CMCX,https://www.instagram.com/reel/DXFQ4I4CMCX/,kuchecucina,2026-04-13T18:40:26.697000+00:00,False,,164.2,63800,views,0.0895,0.0833,False,93000,embed_reel,0.686,2_GOOD,,24,,1,luxury-kitchen,luxury_room,kitchen,modern_luxury,none,modern_luxury × kitchen,descriptive,code,descriptive,False,"A contemporary kitchen defined by clean architectural lines, warm wood ca",kitchen,modern_luxury,descriptive,real_footage,real_existing
DGjB_JfN7W3,https://www.instagram.com/reel/DGjB_JfN7W3/,journey.to_serenity,2025-02-26T19:13:50.743000+00:00,False,,575.2,14600,views,0.0857,0.1667,False,15000,embed_reel,0.9733,2_GOOD,794,23,0.0544,1,cozy-winter-cabin,cozy_ambience,whole_home,cozy_rustic,mountain_snow,cozy_rustic × whole_home,aspirational,code,aspirational,False,Cozy Cabin Vibes ❄️🔥 A warm retreat in the heart of winter!,living_room,cozy_rustic,aspirational,ai_generated,stylized_dreamy
DIoK2_Ry1DN,https://www.instagram.com/reel/DIoK2_Ry1DN/,konars.design,2025-04-19T12:10:21.948000+00:00,False,,523.5,33900,views,0.0844,0.25,False,421000,embed_reel,0.0805,1_NORMAL,,110,,2,futuristic-house;futuristic-houses,future_arch,whole_home,futuristic,none,futuristic × whole_home,descriptive,code,descriptive,False,"ASIL House - Modern Futuristic As night falls, the house transforms into a visual masterpiece that captivates the eye wi",whole_home,futuristic,descriptive,real_footage,real_existing
DbCD3JAh34M,https://www.instagram.com/reel/DbCD3JAh34M/,rainydaisy5,2026-07-20T22:54:34.074000+00:00,False,,66.0,323000,views,0.0839,0.1667,False,13000,embed_reel,24.8462,5_EXTREME_OUTLIER,36828,254,0.114,1,cozy-rain,cozy_ambience,whole_home,cozy_rustic,rain,cozy_rustic × whole_home,aspirational,code,aspirational,False,"A little cabin, endless rain, and complete peace ☘️🌧️ Rain is where my inner child feels safe again 🤍 #cozyvibes #slowli",other,cozy_rustic,aspirational,ai_generated,stylized_dreamy
DKBShVqt8ds,https://www.instagram.com/reel/DKBShVqt8ds/,theluxurylaunch,2025-05-24T02:49:43.342000+00:00,False,,488.9,32300,views,0.0835,0.25,False,31000,embed_reel,1.0419,2_GOOD,1102,8,0.0341,2,luxury-house;ultra-modern-luxury-house-design,luxury_home,whole_home,modern_luxury,none,modern_luxury × whole_home,aspirational,code,descriptive,False,Incredible home 😍 @aiforarchitects #house #houses #home #homes #realestate #mansion #luxurylifestyle #luxury #luxuryhome,whole_home,dark_luxury,aspirational,ai_generated,aspirational_realistic
Dafa2hrsREU,https://www.instagram.com/reel/Dafa2hrsREU/,lifeofblahhh,2026-07-07T12:02:02.544000+00:00,False,,79.5,25400,views,0.0831,0.0833,False,58000,embed_reel,0.4379,1_NORMAL,1248,24,0.0491,1,art-deco-interior-design,style,whole_home,art_deco,none,art_deco × whole_home,descriptive,code,descriptive,False,"Art deco as a design style😍⚜️ [ interior design, interior designer, art decor, art deco interior style, interior archite",other,art_deco,descriptive,ai_generated,stylized_dreamy
DQpFmX8jglz,https://www.instagram.com/reel/DQpFmX8jglz/,hiddenpinescabins,2025-11-04T16:54:48.018000+00:00,False,,324.3,38300,views,0.0827,0.1667,False,46000,embed_reel,0.8326,2_GOOD,,21,,1,luxury-cabin,unusual_home,whole_home,cozy_rustic,none,cozy_rustic × whole_home,aspirational,code,descriptive,False,Trading noise for the sound of trees🌲🍂 Book this unique luxury getaway!,other,minimalist,aspirational,real_footage,real_existing
DWlhVrbje4Q,https://www.instagram.com/reel/DWlhVrbje4Q/,ai.perfect.world,2026-04-01T10:48:35.472000+00:00,False,,176.5,1517,views,0.0827,0.25,False,14000,embed_reel,0.1084,1_NORMAL,101,6,0.0666,1,cliff-house,unusual_home,whole_home,other,ocean_beach,other × whole_home,fantasy,code,descriptive,False,This cliffside mansion feels unreal.,whole_home,modern_luxury,fantasy,ai_generated,stylized_dreamy
DPMOMzaDfKM,https://www.instagram.com/reel/DPMOMzaDfKM/,relaxuni,2025-09-29T15:20:34.957000+00:00,False,,360.4,14000,views,0.0822,0.0833,False,46000,embed_reel,0.3043,1_NORMAL,942,,0.0673,1,cozy-winter-cabin,cozy_ambience,whole_home,cozy_rustic,mountain_snow,cozy_rustic × whole_home,descriptive,code,descriptive,False,"Sleeping in a Warm Little Cabin, Blizzard outside 😴 Follow and enjoy!",bedroom,cozy_rustic,descriptive,ai_generated,stylized_dreamy
DTsiNIIjMY-,https://www.instagram.com/reel/DTsiNIIjMY-/,_crystalvisual,2026-01-19T14:36:39.786000+00:00,False,,248.4,91700,views,0.0818,0.25,False,10000,embed_reel,9.17,4_VIRAL,,184,,1,dream-bedrooms,luxury_room,bedroom,cozy_rustic,none,cozy_rustic × bedroom,choice,code,choice,False,Which one?,bedroom,minimalist,choice,ai_generated,stylized_dreamy
DSh3QjJAOcv,https://www.instagram.com/reel/DSh3QjJAOcv/,facade_designn,2025-12-21T14:37:35.467000+00:00,False,,277.4,239000,views,0.081,0.1667,False,47000,embed_reel,5.0851,4_VIRAL,5444,174,0.0228,1,modern-architecture,architecture,whole_home,modern_luxury,none,modern_luxury × whole_home,descriptive,code,descriptive,False,✨A sculptural glass facade rising above the city… 🌿This modern high-rise blends fluid architectu,whole_home,biophilic,descriptive,ai_generated,stylized_dreamy
DTsR_g4kfQj,https://www.instagram.com/reel/DTsR_g4kfQj/,montani3d,2026-01-19T12:14:59.658000+00:00,False,,248.5,139000,views,0.0808,0.5,False,603000,embed_reel,0.2305,1_NORMAL,3324,1860,0.0239,1,ai-interior-design,ai,other,other,none,other × other,descriptive,code,descriptive,False,"Com essa tecnologia🤖, eu transformo uma única foto em várias versões conceituais do ambiente.",living_room,minimalist,descriptive,ai_generated,stylized_dreamy
DclypdHov-a,https://www.instagram.com/reel/DclypdHov-a/,cozyzen.ai,2026-08-28T16:28:12.264000+00:00,False,,27.3,27000,views,0.0802,0.1667,False,498000,embed_reel,0.0542,1_NORMAL,1229,8,0.0455,1,ai-cozy-cabin,ai,bedroom,cozy_rustic,mountain_snow,cozy_rustic × bedroom,question,code,question,False,Would You Hide Away Here During a Snowstorm?,bedroom,cozy_rustic,question,ai_generated,stylized_dreamy
DZCfbUSA3au,https://www.instagram.com/reel/DZCfbUSA3au/,myauraview,2026-06-01T09:52:38.909000+00:00,False,,115.6,44200,views,0.0784,0.0833,False,160000,embed_reel,0.2762,1_NORMAL,1697,32,0.0384,1,quiet-luxury,luxury_room,other,modern_luxury,none,modern_luxury × other,aspirational,code,aspirational,False,The countryside version of luxury 🕯️✨ *invitation #quietluxury #slowliving #manorlife #countryescape,living_room,classical,aspirational,real_footage,real_existing
DXrG2Evjn78,https://www.instagram.com/reel/DXrG2Evjn78/,deirdres_design,2026-04-28T11:23:55.320000+00:00,False,,149.5,30200,views,0.0766,0.25,False,1000000,embed_reel,0.0302,1_NORMAL,1248,17,0.0413,1,luxury-living-room-design,luxury_room,living_room,modern_luxury,none,modern_luxury × living_room,descriptive,code,aspirational,False,Luxury design via @theluxliving_official,living_room,modern_luxury,descriptive,ai_generated,aspirational_realistic
C0uIf5hNcuv,https://www.instagram.com/reel/C0uIf5hNcuv/,luxurysevenstars,2023-12-11T17:17:17.851000+00:00,False,,1018.3,21400,views,0.0763,0.25,False,650,embed_reel,32.9231,5_EXTREME_OUTLIER,,,,1,futuristic-home,future_arch,whole_home,futuristic,mountain_snow,futuristic × whole_home,aspirational,code,descriptive,False,Elegance and coziness.,living_room,dark_luxury,aspirational,ai_generated,stylized_dreamy
DWtSS0qjNeD,https://www.instagram.com/reel/DWtSS0qjNeD/,vkuoo,2026-04-04T11:11:03.214000+00:00,False,,173.5,20400,views,0.07,0.25,False,92000,embed_reel,0.2217,1_NORMAL,644,20,0.0316,1,parametric-architecture,future_arch,whole_home,futuristic,none,futuristic × whole_home,contrarian,code,descriptive,False,🏗️⚡️Not all architecture needs to be soft.,whole_home,futuristic,contrarian,ai_generated,stylized_dreamy
DSGO3Zij8ko,https://www.instagram.com/reel/DSGO3Zij8ko/,beautyofinteriors,2025-12-10T21:05:08.254000+00:00,False,,288.1,36600,views,0.0694,0.0833,False,404000,embed_reel,0.0906,1_NORMAL,1544,91,0.0422,1,modern-luxury-house-interiors,luxury_home,whole_home,modern_luxury,none,modern_luxury × whole_home,aspirational,code,descriptive,False,This design is beautiful!,other,modern_luxury,aspirational,3d_render,aspirational_realistic
DbMwN-OiF8C,https://www.instagram.com/reel/DbMwN-OiF8C/,johnclaire.craft,2026-07-25T02:34:34.102000+00:00,False,,61.9,7974,views,0.0646,0.0833,False,7000,embed_reel,1.1391,2_GOOD,207,,0.026,1,biophilic-bedroom-design,style,bedroom,tropical,rain,tropical × bedroom,curiosity,code,descriptive,False,"Turned My Bedroom Into a Rainforest — Slept Like Never Before"" #BedroomJungle",bedroom,biophilic,curiosity,ai_generated,stylized_dreamy
DUA_NZ7D18W,https://www.instagram.com/reel/DUA_NZ7D18W/,dreamespaceai,2026-01-27T13:14:55.055000+00:00,False,,240.4,18100,views,0.0645,0.1667,False,468,embed_reel,38.6752,5_EXTREME_OUTLIER,482,,0.0266,1,futuristic-home,future_arch,whole_home,futuristic,none,futuristic × whole_home,aspirational,code,aspirational,False,🏙️ Luxury meets AI imagination 🤖✨ Step into spaces that redefine the future of living 💎 From modern penthouses to digita,living_room,modern_luxury,aspirational,ai_generated,stylized_dreamy
DWWt5nZjcQM,https://www.instagram.com/reel/DWWt5nZjcQM/,masiartfurniture,2026-03-26T16:49:44.844000+00:00,False,,182.3,17800,views,0.0615,0.25,False,44000,embed_reel,0.4045,1_NORMAL,164,,0.0092,1,futuristic-interior,future_arch,living_room,futuristic,none,futuristic × living_room,question,code,question,False,"What do you think of this stainless steel lounge chair, inflated to look like a soft cushion?",other,futuristic,question,real_footage,real_existing
DTjPbw9D4Fu,https://www.instagram.com/reel/DTjPbw9D4Fu/,ngn_farming,2026-01-15T23:59:28.339000+00:00,False,,252.0,14400,views,0.0605,0.1667,False,14000,embed_reel,1.0286,2_GOOD,305,,0.0212,1,tropical-house-architecture-styles,architecture,whole_home,tropical,none,tropical × whole_home,descriptive,code,descriptive,False,"A solid concrete home with stone-finish walls and a red long-span roof, framed by lush palms for a calm tropical feel.",whole_home,other,descriptive,ai_generated,aspirational_realistic
DXZKl1RjBQM,https://www.instagram.com/reel/DXZKl1RjBQM/,right.mos,2026-04-21T12:10:19.644000+00:00,False,,156.5,3217,views,0.0601,0.25,False,1000,embed_reel,3.217,3_VERY_GOOD,,,,1,future-houses-2050,future_arch,whole_home,futuristic,none,futuristic × whole_home,curiosity,code,fantasy,False,A six-story mansion that inflates in minutes 🏠💨 This futuristic concept imagines portable luxury,whole_home,futuristic,curiosity,ai_generated,fantasy_impossible
DVyFfBUDR02,https://www.instagram.com/reel/DVyFfBUDR02/,zibaq.inc,2026-03-12T11:23:55.905000+00:00,False,,196.5,23000,views,0.0594,0.1667,False,283000,embed_reel,0.0813,1_NORMAL,603,5,0.0262,1,ultra-modern-luxury-house-design,luxury_home,bedroom,modern_luxury,none,modern_luxury × bedroom,promotional,code,promotional,False,1 Kanal Ultra Modern luxury House full furnished Full basement Design for Sale DHA Lahore.,whole_home,modern_luxury,promotional,real_footage,real_existing
DFprU4KNGXi,https://www.instagram.com/reel/DFprU4KNGXi/,voyaah,2025-02-04T12:39:07.501000+00:00,False,,597.5,14200,views,0.0556,0.0833,False,102000,embed_reel,0.1392,1_NORMAL,180,,0.0127,1,underwater-hotel,hotel_resort,other,other,underwater,other × other,instructional,code,location,False,"📌 Save this reel now or you might just miss out on it From the Maldives to Dubai, these",dining,tropical,instructional,real_footage,real_existing
DKcCWFEt-R9,https://www.instagram.com/reel/DKcCWFEt-R9/,tinyhouse__inspiration,2025-06-03T12:07:52.162000+00:00,False,,478.5,29800,views,0.0544,0.25,False,143000,embed_reel,0.2084,1_NORMAL,650,,0.0218,1,ai-generated-house,ai,whole_home,other,none,other × whole_home,descriptive,code,descriptive,False,AI tiny house design!,living_room,cozy_rustic,descriptive,ai_generated,stylized_dreamy
C_ptUUoCiZs,https://www.instagram.com/reel/C_ptUUoCiZs/,nataliefreeman_theavenue,2024-09-08T09:48:09.641000+00:00,False,,746.6,14000,views,0.0519,0.25,False,11000,embed_reel,1.2727,2_GOOD,196,21,0.014,1,indoor-pool,pool,bathroom,other,none,other × bathroom,question,code,question,False,🔥👌How about THIS for an indoor pool/spa/entertaining area??!,pool,modern_luxury,question,real_footage,real_existing
DOVQCkpEZOO,https://www.instagram.com/reel/DOVQCkpEZOO/,paigunna,2025-09-08T06:58:25.963000+00:00,False,,381.7,45700,views,0.0514,0.1667,False,466000,embed_reel,0.0981,1_NORMAL,1052,24,0.023,1,overwater-villa,hotel_resort,pool,other,ocean_beach,other × pool,aspirational,code,aspirational,False,This overwater pool villa feels like a dream turned into reality.,whole_home,modern_luxury,aspirational,real_footage,real_existing
DczF-jWKrdE,https://www.instagram.com/reel/DczF-jWKrdE/,little_dreamy_mist,2026-09-02T20:27:14.181000+00:00,False,,22.1,10300,views,0.0511,0.0833,False,8000,embed_reel,1.2875,2_GOOD,722,7,0.0701,2,ai-cozy-cabin;cozy-cabin-in-the-snow,ai,whole_home,scandinavian,mountain_snow,scandinavian × whole_home,pov,code,pov,False,POV: Snowed in with the ones you love ❄️🤎 #cozy #snowstorm #wintervibes #cozyhome #hygge,whole_home,cozy_rustic,pov,ai_generated,stylized_dreamy
DN3zUvx5lFS,https://www.instagram.com/reel/DN3zUvx5lFS/,nature_cozy_vibe,2025-08-27T20:29:31.964000+00:00,False,,393.1,34200,views,0.0508,0.125,False,119000,embed_reel,0.2874,1_NORMAL,,,,1,house-in-the-forest,unusual_home,whole_home,cozy_rustic,forest,cozy_rustic × whole_home,aspirational,code,aspirational,False,Escape to a cozy forest cottage!,whole_home,cozy_rustic,aspirational,ai_generated,stylized_dreamy
DWteYGuAmgo,https://www.instagram.com/reel/DWteYGuAmgo/,calm_neststudio,2026-04-04T12:56:37.941000+00:00,False,,173.5,28300,views,0.0504,0.25,False,156000,embed_reel,0.1814,1_NORMAL,1598,28,0.0565,1,rain-cozy,cozy_ambience,other,cozy_rustic,rain,cozy_rustic × other,aspirational,code,aspirational,False,Cozy corners and rainy nights — my kind of peace #rain #raining #rainsounds #rainyweather #rainynight #cozyvibes,bedroom,cozy_rustic,aspirational,ai_generated,stylized_dreamy
CuCXrQcNbUD,https://www.instagram.com/reel/CuCXrQcNbUD/,keylead_media,2023-06-28T14:14:58.321000+00:00,False,,1184.4,55600,views,0.0501,0.4167,False,244000,embed_reel,0.2279,1_NORMAL,1544,49,0.0278,1,underground-house,unusual_home,whole_home,other,none,other × whole_home,descriptive,code,descriptive,False,Embracing safety in style!,other,other,descriptive,real_footage,real_existing
DT5VSJ0E4cf,https://www.instagram.com/reel/DT5VSJ0E4cf/,arihantpaintindustries,2026-01-24T13:53:52.833000+00:00,False,,243.4,48900,views,0.0496,0.3333,False,181000,embed_reel,0.2702,1_NORMAL,430,47,0.0088,1,ai-home-design,ai,whole_home,other,none,other × whole_home,curiosity,code,aspirational,False,1 Click = Perfect Home Design 🤖🏡 Mene AI ki madad se apne ghar ka design FREE me banaya,whole_home,minimalist,curiosity,ai_generated,aspirational_realistic
CpxkMTqA93t,https://www.instagram.com/reel/CpxkMTqA93t/,_brooklyn_22,2023-03-14T15:31:40.589000+00:00,False,,1290.4,34900,views,0.0493,0.1667,False,186000,embed_reel,0.1876,1_NORMAL,1940,56,0.0556,1,dream-closet,luxury_room,closet,other,none,other × closet,descriptive,code,descriptive,False,I promise I'll show other parts of the house when we don't have 72725 boxes laying around 🫠 #closet #pinkcloset,closet,other,descriptive,real_footage,real_existing
C8NeCt4SxeW,https://www.instagram.com/reel/C8NeCt4SxeW/,corcoransunshine,2024-06-14T21:01:46.057000+00:00,False,,832.1,73400,views,0.0489,0.0833,False,34000,embed_reel,2.1588,3_VERY_GOOD,2871,48,0.0391,1,luxury-penthouse,luxury_home,whole_home,modern_luxury,none,modern_luxury × whole_home,money,code,money,False,"@CentralParkTower's Duplex Penthouse is officially SOLD + CLOSED, with the asking price of $149.5M",living_room,modern_luxury,money,real_footage,real_existing
DR-2WFuidU2,https://www.instagram.com/reel/DR-2WFuidU2/,urban_lifestyle_lab,2025-12-08T00:16:11.446000+00:00,False,,291.0,13600,views,0.0485,0.0833,False,250000,embed_reel,0.0544,1_NORMAL,722,13,0.0531,1,futuristic-home,future_arch,whole_home,futuristic,none,futuristic × whole_home,fantasy,code,descriptive,False,"Proof that imagination has no limits,",living_room,dark_luxury,fantasy,ai_generated,stylized_dreamy
DbREEB_JMj4,https://www.instagram.com/reel/DbREEB_JMj4/,havenintherain,2026-07-26T18:44:56.151000+00:00,False,,60.2,9045,views,0.0484,0.2727,False,2000,embed_reel,4.5225,3_VERY_GOOD,439,,0.0485,1,waterfall-house,fantasy_dream,whole_home,other,mountain_snow,other × whole_home,descriptive,code,descriptive,False,🌊🏔️🌧️ HAVEN IN THE RAIN™ — THE MOUNTAIN LODGE ✨ PART 15 — The Underground,living_room,biophilic,descriptive,ai_generated,stylized_dreamy
DK16rxhzl7q,https://www.instagram.com/reel/DK16rxhzl7q/,nstudiainteriors,2025-06-13T13:21:10.812000+00:00,False,,468.4,52900,views,0.0466,0.0833,False,21000,embed_reel,2.519,3_VERY_GOOD,605,,0.0114,1,luxury-bathroom-design,luxury_room,bathroom,modern_luxury,none,modern_luxury × bathroom,aspirational,code,instructional,False,Step into calm every time you enter 🚪✨ A well-designed washroom isn't just a space — it's a feeling 🌿,bathroom,modern_luxury,aspirational,real_footage,real_existing
DVydOlKiIBU,https://www.instagram.com/reel/DVydOlKiIBU/,amandabdelrazzaq,2026-03-12T14:51:24.142000+00:00,False,,196.4,78000,views,0.0454,0.4167,False,9000,embed_reel,8.6667,4_VIRAL,846,37,0.0108,1,ai-interior-design,ai,other,other,none,other × other,curiosity,code,descriptive,False,Insane construction time-lapse created by using Ai 🤖🤩 Prompt in pin comment 🫶🏻✨,bedroom,biophilic,curiosity,ai_generated,aspirational_realistic
DL2AkrHx8W9,https://www.instagram.com/reel/DL2AkrHx8W9/,ayeshadeary5,2025-07-08T10:44:02.024000+00:00,False,,443.6,29800,views,0.0452,0.1667,False,16000,embed_reel,1.8625,2_GOOD,2692,255,0.0903,2,dream-bedroom;dream-bedrooms,luxury_room,bedroom,other,none,other × bedroom,choice,code,choice,False,Choose your new dreamy bedroom,bedroom,cozy_rustic,choice,ai_generated,stylized_dreamy
C9K0DCdJ-ji,https://www.instagram.com/reel/C9K0DCdJ-ji/,tacticallyprepped,2024-07-08T16:47:43.379000+00:00,False,,808.3,48500,views,0.0437,0.3333,False,71000,embed_reel,0.6831,2_GOOD,824,6,0.017,1,underground-house,unusual_home,whole_home,other,none,other × whole_home,question,code,curiosity,False,Would you get this secret bunker installed in your house?!?!,other,biophilic,question,real_footage,real_existing
DLU80qovJZC,https://www.instagram.com/reel/DLU80qovJZC/,khaled_sadeden_design,2025-06-25T14:36:19.626000+00:00,False,,456.4,12300,views,0.0422,0.125,False,104000,embed_reel,0.1183,1_NORMAL,809,25,0.0658,1,parametric-architecture,future_arch,whole_home,futuristic,none,futuristic × whole_home,descriptive,code,descriptive,False,Waterfront- Skeletal Architecture By @khaled_sadeden_design @advanced.design.lab #arch,whole_home,futuristic,descriptive,ai_generated,stylized_dreamy
DOafL1rjLbJ,https://www.instagram.com/reel/DOafL1rjLbJ/,hudnallshideout,2025-09-10T07:46:58.352000+00:00,False,,379.7,65600,views,0.041,0.1667,False,25000,embed_reel,2.624,3_VERY_GOOD,697,38,0.0106,1,treehouse-hotel,hotel_resort,whole_home,other,forest,other × whole_home,question,code,question,False,Have you ever seen an A-frame treehouse in the UK?,other,cozy_rustic,question,real_footage,real_existing
DTt-V7PEs2U,https://www.instagram.com/reel/DTt-V7PEs2U/,nature._.serenity,2026-01-20T04:01:46.359000+00:00,False,,247.8,21600,views,0.0395,0.1667,False,213000,embed_reel,0.1014,1_NORMAL,1116,8,0.0517,1,ai-generated-house,ai,whole_home,modern_luxury,none,modern_luxury × whole_home,aspirational,code,aspirational,False,"Living the dream, one sunset at a time 🌄 #DreamHome #LuxuryLiving #BeautifulHom",whole_home,cozy_rustic,aspirational,ai_generated,stylized_dreamy
DOWAQw0kdBU,https://www.instagram.com/reel/DOWAQw0kdBU/,harmosai,2025-09-08T13:59:48.034000+00:00,False,,381.4,15200,views,0.0393,0.0833,False,57000,embed_reel,0.2667,1_NORMAL,545,,0.0359,3,futuristic-house;modern-villa;ultra-modern-luxury-house-design,future_arch,whole_home,futuristic,none,futuristic × whole_home,aspirational,code,descriptive,False,True architectural mastery doesn't just create a structure; it frames a perspective.,whole_home,modern_luxury,aspirational,ai_generated,aspirational_realistic
DKZqtdnNMBk,https://www.instagram.com/reel/DKZqtdnNMBk/,interior_home_design1,2025-06-02T14:02:51.943000+00:00,False,,479.4,15700,views,0.0391,0.1667,False,688000,embed_reel,0.0228,1_NORMAL,598,9,0.0381,1,futuristic-house,future_arch,whole_home,futuristic,mountain_snow,futuristic × whole_home,aspirational,code,descriptive,True,Majestic White Mansion Above the Mountains By: @luxquisit @interior_home_design1 #ai #house #home #interiordesign,whole_home,classical,aspirational,ai_generated,stylized_dreamy
DUJA4FvjbzA,https://www.instagram.com/reel/DUJA4FvjbzA/,unikoncept,2026-01-30T16:03:24.472000+00:00,False,,237.3,10500,views,0.0389,0.1667,False,8000,embed_reel,1.3125,2_GOOD,,,,1,indoor-pool,pool,bathroom,other,none,other × bathroom,question,code,question,False,"🤷🏻‍♀️Curious: If you were building a home from scratch, what's your must-have feature?",pool,modern_luxury,question,real_footage,real_existing
DO5EogICtLV,https://www.instagram.com/reel/DO5EogICtLV/,houses_stars_,2025-09-22T04:51:24.777000+00:00,False,,367.8,67900,views,0.0388,0.1667,False,827000,embed_reel,0.0821,1_NORMAL,1099,,0.0162,1,luxury-house,luxury_home,whole_home,modern_luxury,none,modern_luxury × whole_home,promotional,code,promotional,False,✅ 4 Kanal Fully Furnished Luxury House (With Basement) – For Sale A stunning 4 Kanal luxury mansion,whole_home,modern_luxury,promotional,real_footage,real_existing
DYmID1iI9cu,https://www.instagram.com/reel/DYmID1iI9cu/,_lightshift,2026-05-21T09:29:43.837000+00:00,False,,126.6,1544,views,0.0384,0.0833,False,14000,embed_reel,0.1103,1_NORMAL,42,,0.0272,1,desert-house,unusual_home,whole_home,other,desert,other × whole_home,descriptive,code,descriptive,False,A concept for a little getaway in the remote Namibian desert for some amazing stargazing.,whole_home,biophilic,descriptive,ai_generated,stylized_dreamy
DVHZYaHDtWk,https://www.instagram.com/reel/DVHZYaHDtWk/,tinylivingdesignsi,2026-02-23T21:30:26.919000+00:00,False,,213.1,25300,views,0.0375,0.1667,False,298000,embed_reel,0.0849,1_NORMAL,314,,0.0124,1,luxury-pool,pool,pool,futuristic,none,futuristic × pool,descriptive,code,descriptive,False,Watch an ultra-realistic cinematic timelapse of a futuristic alien-inspired swimming pool being,pool,futuristic,descriptive,ai_generated,stylized_dreamy
DW_hK0VEiM_,https://www.instagram.com/reel/DW_hK0VEiM_/,aadh.___,2026-04-11T13:07:21.731000+00:00,False,,166.5,8429,views,0.0354,0.0833,False,2000,embed_reel,4.2145,3_VERY_GOOD,53,,0.0063,1,tropical-house-architecture-styles,architecture,whole_home,tropical,none,tropical × whole_home,aspirational,code,location,False,Designing calm within nature 🌿 Modern tropical Kerala home 🏠 Architecture | Visualization | Kerala 📍Crafting homes that,whole_home,tropical,aspirational,ai_generated,aspirational_realistic
DTf7ZD1CVPR,https://www.instagram.com/reel/DTf7ZD1CVPR/,mrsbarbarankansah,2026-01-14T17:06:37.123000+00:00,False,,253.3,21700,views,0.035,0.25,False,21000,embed_reel,1.0333,2_GOOD,851,533,0.0392,1,bathroom-design,room_generic,bathroom,other,none,other × bathroom,descriptive,code,descriptive,False,Small Bathroom Transformation Reveal!,bathroom,modern_luxury,descriptive,real_footage,real_existing
DIc6BUUhIS5,https://www.instagram.com/reel/DIc6BUUhIS5/,cozyroom_10,2025-04-15T03:11:34.914000+00:00,False,,527.9,19000,views,0.0338,0.1667,False,188000,embed_reel,0.1011,1_NORMAL,483,,0.0254,1,rain-cozy,cozy_ambience,other,cozy_rustic,rain,cozy_rustic × other,descriptive,code,descriptive,False,"""Cozy Room on a Rainy Day with Ambient Lighting & Natural Rain Sounds | Relax, Read, or Sleep""",bedroom,cozy_rustic,descriptive,ai_generated,stylized_dreamy
DTVZ-VuAbrX,https://www.instagram.com/reel/DTVZ-VuAbrX/,propertypromohali,2026-01-10T15:02:12.405000+00:00,False,,257.4,76400,views,0.0332,0.1667,False,15000,embed_reel,5.0933,4_VIRAL,,6,,1,dream-home,luxury_home,whole_home,other,none,other × whole_home,aspirational,code,aspirational,False,Dream Home ❤️ .,whole_home,modern_luxury,aspirational,real_footage,real_existing
DTrPkISihJW,https://www.instagram.com/reel/DTrPkISihJW/,illaura1,2026-01-19T02:34:32.318000+00:00,False,,248.9,14900,views,0.0322,0.0833,False,65000,embed_reel,0.2292,1_NORMAL,648,18,0.0435,1,luxury-cabin,unusual_home,whole_home,cozy_rustic,none,cozy_rustic × whole_home,descriptive,code,descriptive,False,A Classic Log Cabin Where Warmth Lives in Every Beam.,whole_home,cozy_rustic,descriptive,ai_generated,aspirational_realistic
DE8qogQCM4G,https://www.instagram.com/reel/DE8qogQCM4G/,cabinvision,2025-01-18T01:07:14.553000+00:00,False,,615.0,27900,views,0.0314,0.0833,False,190000,embed_reel,0.1468,1_NORMAL,474,,0.017,1,overwater-villa,hotel_resort,whole_home,modern_luxury,ocean_beach,modern_luxury × whole_home,aspirational,code,location,False,"Get to live the most luxurious experience ever only in yhe Maldives with @terplanet 🏝️😍 ✨The Maldives epitomizes luxury,",whole_home,tropical,aspirational,real_footage,real_existing
DMh59rioj8w,https://www.instagram.com/reel/DMh59rioj8w/,mauquani__interiors,2025-07-25T11:52:51.870000+00:00,False,,426.5,12200,views,0.031,0.1667,False,6000,embed_reel,2.0333,3_VERY_GOOD,,22,,1,luxury-living-room-design,luxury_room,living_room,modern_luxury,none,modern_luxury × living_room,descriptive,code,aspirational,False,We Designed this living room with a touch of class and timeless design.,living_room,modern_luxury,descriptive,real_footage,real_existing
DZONYuIzMYj,https://www.instagram.com/reel/DZONYuIzMYj/,rraj.kumaryadav,2026-06-05T23:05:53.642000+00:00,False,,111.0,15800,views,0.0281,0.0833,False,724,embed_reel,21.8232,5_EXTREME_OUTLIER,385,,0.0244,1,rain-cozy,cozy_ambience,bedroom,cozy_rustic,rain,cozy_rustic × bedroom,descriptive,code,descriptive,False,🏕 Cozy Bedroom Rain Sounds । 8 house sleep #heavyrain #cozy #rainsounds❤️ #rainyday #asmr,bedroom,cozy_rustic,descriptive,ai_generated,stylized_dreamy
DTQd2BGCO7a,https://www.instagram.com/reel/DTQd2BGCO7a/,mipropertiespk,2026-01-08T16:59:49.221000+00:00,False,,259.3,9527,views,0.0274,0.1667,False,24000,embed_reel,0.397,1_NORMAL,150,,0.0157,1,luxury-bedroom,luxury_room,bedroom,modern_luxury,none,modern_luxury × bedroom,descriptive,code,descriptive,False,Bedrooms luxury designs #house #property #realestate #interiordesign #modernhomes #luxury #exp,bedroom,dark_luxury,descriptive,real_footage,real_existing
DcJACnaq3l5,https://www.instagram.com/reel/DcJACnaq3l5/,1.59818,2026-08-17T12:07:15.598000+00:00,False,,38.5,7649,views,0.0264,0.1667,False,4000,embed_reel,1.9123,2_GOOD,376,,0.0492,1,futuristic-interior,future_arch,other,futuristic,none,futuristic × other,instructional,code,descriptive,False,穿越時空的太空艙！一秒看懂「復古未來主義」🪐✨ 以前的人想像的未來，原來這麼浪漫！ 打破懷舊與科技的界線，復古未來主義,other,other,instructional,unclear,aspirational_realistic
DJTsUfrMQgB,https://www.instagram.com/reel/DJTsUfrMQgB/,katevera.creative,2025-05-06T09:50:05.743000+00:00,False,,506.6,44600,views,0.0259,0.3333,False,65000,embed_reel,0.6862,2_GOOD,634,512,0.0142,1,ai-interior-design,ai,other,other,none,other × other,promotional,code,question,False,👉 Want to learn how?,living_room,biophilic,promotional,ai_generated,aspirational_realistic
C9zjeWspVd6,https://www.instagram.com/reel/C9zjeWspVd6/,digitaldesign.lab,2024-07-24T12:31:45.970000+00:00,False,,792.5,38100,views,0.0206,0.3333,False,164000,embed_reel,0.2323,1_NORMAL,1156,28,0.0303,1,infinity-pools,pool,pool,other,mountain_snow,other × pool,descriptive,code,descriptive,True,Infinity pool amidst Desert mountain .,pool,other,descriptive,ai_generated,stylized_dreamy
DYoZa32Si3T,https://www.instagram.com/reel/DYoZa32Si3T/,linecraft_in,2026-05-22T06:39:54.309000+00:00,False,,125.7,12600,views,0.0203,0.1667,False,3000,embed_reel,4.2,3_VERY_GOOD,63,,0.005,1,bathroom-design,room_generic,bathroom,modern_luxury,none,modern_luxury × bathroom,aspirational,code,descriptive,False,"Your bathroom should feel like a luxury spa, not just a utility space ✨🚿 These 5 bathroom must-haves are trending in 202",bathroom,modern_luxury,aspirational,ai_generated,aspirational_realistic
DU_TlESjCav,https://www.instagram.com/reel/DU_TlESjCav/,dreamvibes_9,2026-02-20T18:05:49.438000+00:00,False,,216.2,12700,views,0.0193,0.0833,False,18000,embed_reel,0.7056,2_GOOD,889,83,0.07,1,dream-bedroom,luxury_room,bedroom,other,none,other × bedroom,choice,code,choice,False,Choose your dream bedroom #chill #relaxing,other,other,choice,real_footage,real_existing
DFIVxyvukb1,https://www.instagram.com/reel/DFIVxyvukb1/,interior_home_design1,2025-01-22T13:55:53.784000+00:00,False,,610.4,32900,views,0.0191,0.25,False,688000,embed_reel,0.0478,1_NORMAL,1211,18,0.0368,1,ai-interior-design,ai,other,cozy_rustic,mountain_snow,cozy_rustic × other,aspirational,code,descriptive,False,"Snowfall meets winter wonder – snow outside, warmth inside By: @cozyzen.ai @interior_home_design1",living_room,scandinavian,aspirational,ai_generated,stylized_dreamy
DOkAk0DCK8j,https://www.instagram.com/reel/DOkAk0DCK8j/,luxuryhouseview,2025-09-14T00:31:54.335000+00:00,False,,376.0,43000,views,0.0187,0.0833,False,389000,embed_reel,0.1105,1_NORMAL,1354,14,0.0315,1,dream-home,luxury_home,whole_home,cozy_rustic,none,cozy_rustic × whole_home,descriptive,code,aspirational,False,Cozy home 🏡 #cozyathome #nature #LuxuryHome #DreamInterior #RoyalLook #interiorgoals,living_room,dark_luxury,descriptive,ai_generated,stylized_dreamy
DICZQ9Xxbt-,https://www.instagram.com/reel/DICZQ9Xxbt-/,mestre.das.piscinas,2025-04-04T20:05:06.312000+00:00,False,,538.2,32200,views,0.0174,0.25,False,477000,embed_reel,0.0675,1_NORMAL,513,,0.0159,1,infinity-pools,pool,pool,other,none,other × pool,question,code,question,False,Como funciona a borda infinita de uma piscina?,pool,minimalist,question,real_footage,real_existing
DSVj51WDj7w,https://www.instagram.com/reel/DSVj51WDj7w/,alghaniinteriorsfurnishers1341,2025-12-16T19:57:34.725000+00:00,False,,282.2,6848,views,0.0174,0.0833,False,2000,embed_reel,3.424,3_VERY_GOOD,44,,0.0064,1,luxury-living-room-design,luxury_room,living_room,modern_luxury,none,modern_luxury × living_room,aspirational,code,aspirational,False,Design That Speaks Luxury A fully-interiored drawing room crafted to elevate everyday living.,living_room,modern_luxury,aspirational,real_footage,real_existing
DUw8dHFEm78,https://www.instagram.com/reel/DUw8dHFEm78/,riyansyax,2026-02-15T04:14:23.587000+00:00,False,,221.8,9444,views,0.0172,0.0833,False,16000,embed_reel,0.5903,2_GOOD,70,,0.0074,1,ai-generated-house,ai,whole_home,minimalist,none,minimalist × whole_home,curiosity,code,descriptive,False,"Dari tanah kosong, jadi rumah modern minimalis dalam hitungan detik.",whole_home,modern_luxury,curiosity,ai_generated,aspirational_realistic
DXhkssgDQWf,https://www.instagram.com/reel/DXhkssgDQWf/,imtiazsahib33,2026-04-24T18:32:22.809000+00:00,False,,153.2,17600,views,0.0159,0.25,False,120000,embed_reel,0.1467,1_NORMAL,151,,0.0086,1,underground-house,unusual_home,whole_home,other,rain,other × whole_home,curiosity,code,curiosity,False,Secret Underground Room Reveal!,other,other,curiosity,unclear,aspirational_realistic
DH0tlhWsXNM,https://www.instagram.com/reel/DH0tlhWsXNM/,hometrendyhome,2025-03-30T12:33:18.470000+00:00,False,,543.5,14500,views,0.0155,0.0833,False,19000,embed_reel,0.7632,2_GOOD,353,,0.0243,1,bedroom-design,room_generic,bedroom,cozy_rustic,none,cozy_rustic × bedroom,curiosity,code,question,False,What not to miss if you love cozy elegance 👆- this modern bedroom by @ell.glamhome with gorgeous violet hues is the ulti,bedroom,other,curiosity,real_footage,real_existing
DUpuc-cAEIG,https://www.instagram.com/reel/DUpuc-cAEIG/,iconeraofficial,2026-02-12T08:57:21.425000+00:00,False,,224.6,15900,views,0.0143,0.1667,False,44000,embed_reel,0.3614,1_NORMAL,446,,0.0281,1,underground-house,unusual_home,whole_home,other,none,other × whole_home,descriptive,code,descriptive,True,From Soil to Shelter | Real Underground Mini House Build #ai #house #craft,other,biophilic,descriptive,ai_generated,aspirational_realistic
DSjPwbDkxfV,https://www.instagram.com/reel/DSjPwbDkxfV/,luxury_lifestylers,2025-12-22T03:30:53.920000+00:00,False,,276.9,4527,views,0.013,0.0833,False,2000,embed_reel,2.2635,3_VERY_GOOD,111,,0.0245,1,luxury-bedroom,luxury_room,bedroom,modern_luxury,none,modern_luxury × bedroom,descriptive,code,descriptive,False,Luxury Master Bedroom ✨.,bedroom,modern_luxury,descriptive,ai_generated,stylized_dreamy
DFPmJLjymcv,https://www.instagram.com/reel/DFPmJLjymcv/,perfect_decorss,2025-01-25T09:33:35.008000+00:00,False,,607.6,14300,views,0.0128,0.0833,False,83000,embed_reel,0.1723,1_NORMAL,534,,0.0373,1,dream-bedrooms,luxury_room,bedroom,modern_luxury,none,modern_luxury × bedroom,aspirational,code,aspirational,False,Dreams bedrooms...,bedroom,other,aspirational,ai_generated,stylized_dreamy
DXqWPk1CcXU,https://www.instagram.com/reel/DXqWPk1CcXU/,aiplacesonearth,2026-04-28T04:19:14.115000+00:00,False,,149.8,226,views,0.0123,0.1667,False,32,embed_reel,7.0625,4_VIRAL,2,,0.0088,1,cliff-house,unusual_home,whole_home,other,cliff,other × whole_home,curiosity,code,descriptive,False,When humans turn cliffs into homes,other,other,curiosity,ai_generated,fantasy_impossible
DQE0knck4Jj,https://www.instagram.com/reel/DQE0knck4Jj/,airoomdesign,2025-10-21T14:53:21.170000+00:00,False,,338.4,11900,views,0.0121,0.25,False,4000,embed_reel,2.975,3_VERY_GOOD,39,,0.0033,1,ai-home-design,ai,whole_home,other,none,other × whole_home,money,code,money,False,I designed this entire room for $0 and I'm going to tell you exactly how 👀💰,living_room,scandinavian,money,ai_generated,aspirational_realistic
DWkhxVrD6V9,https://www.instagram.com/reel/DWkhxVrD6V9/,poolicons,2026-04-01T01:33:07.631000+00:00,False,,176.9,8076,views,0.012,0.0833,False,37000,embed_reel,0.2183,1_NORMAL,214,5,0.0265,1,luxury-pool,pool,pool,modern_luxury,none,modern_luxury × pool,descriptive,code,descriptive,False,Night time beauty 🔥 #pool #pools #home #nighthome #luxuryhomes,pool,modern_luxury,descriptive,real_footage,real_existing
DZVq08EJrFK,https://www.instagram.com/reel/DZVq08EJrFK/,travelwithdalt,2026-06-08T20:37:50.177000+00:00,False,,108.1,18200,views,0.0114,0.0833,False,834000,embed_reel,0.0218,1_NORMAL,531,37,0.0292,1,treehouse-hotel,hotel_resort,whole_home,other,forest,other × whole_home,aspirational,code,descriptive,False,Send this to who you'd stay here with 🌲 🛌 🏡 @treehousepoint #bucketlisttravel #uniquestays #travel,whole_home,cozy_rustic,aspirational,real_footage,real_existing
CnM4ChOjeZ5,https://www.instagram.com/reel/CnM4ChOjeZ5/,archute,2023-01-09T16:30:24.886000+00:00,False,,1354.3,2115,views,0.0113,0.1818,False,11000,embed_reel,0.1923,1_NORMAL,60,,0.0284,1,waterfall-house,fantasy_dream,whole_home,other,lake_river,other × whole_home,question,code,question,False,Could you imagine living in a waterfall house?,whole_home,biophilic,question,real_footage,real_existing
DWub2ZtjbVO,https://www.instagram.com/reel/DWub2ZtjbVO/,homesketchai,2026-04-04T21:53:47.700000+00:00,False,,173.1,10600,views,0.0108,0.1667,False,1000,embed_reel,10.6,4_VIRAL,49,6,0.0046,1,ai-home-design,ai,whole_home,other,none,other × whole_home,curiosity,code,descriptive,False,"🏠 Decorating my first apartment using AI… and honestly, I'm never going back to the old way!",other,other,curiosity,real_footage,real_existing
DOL-yHViGVY,https://www.instagram.com/reel/DOL-yHViGVY/,aifordesigners.online,2025-09-04T16:34:28.356000+00:00,False,,385.3,17200,views,0.01,0.1667,False,147000,embed_reel,0.117,1_NORMAL,823,50,0.0478,1,ai-interior-design,ai,other,other,none,other × other,descriptive,code,descriptive,False,"White, stones, and whispers.",other,mediterranean,descriptive,ai_generated,aspirational_realistic
DJhEk3xKiUM,https://www.instagram.com/reel/DJhEk3xKiUM/,allthingshomestyle,2025-05-11T14:32:10.427000+00:00,False,,501.4,2415,views,0.0089,0.0833,False,11000,embed_reel,0.2195,1_NORMAL,,,,1,indoor-pool,pool,pool,other,none,other × pool,descriptive,code,descriptive,False,Disappearing indoor pool 🏊.,pool,modern_luxury,descriptive,real_footage,real_existing
DUWDQyQDGig,https://www.instagram.com/reel/DUWDQyQDGig/,aliiezle,2026-02-04T17:34:22.969000+00:00,False,,232.3,5376,views,0.0076,0.0833,False,18000,embed_reel,0.2987,1_NORMAL,241,,0.0448,1,dream-closet,luxury_room,closet,other,none,other × closet,aspirational,code,aspirational,False,literally a dream ✨ • • • #dreamcloset #bigcloset #bigwardrobe #wardrobe,closet,modern_luxury,aspirational,real_footage,real_existing
DLIoCS4NnOA,https://www.instagram.com/reel/DLIoCS4NnOA/,studio_collective,2025-06-20T19:43:48.041000+00:00,False,,461.2,1773,views,0.0061,0.0833,False,10000,embed_reel,0.1773,1_NORMAL,84,,0.0474,1,futuristic-interior,future_arch,other,futuristic,none,futuristic × other,descriptive,code,descriptive,False,Elevator design for @virginhotelslv designed by us and @tishkbarzanji provided 3 unique pieces of artwork for the backli,other,other,descriptive,real_footage,real_existing
DBZX__hhcX-,https://www.instagram.com/reel/DBZX__hhcX-/,perfect_decorss,2024-10-21T18:36:49.436000+00:00,False,,703.2,20100,views,0.0057,0.1667,False,83000,embed_reel,0.2422,1_NORMAL,570,,0.0284,1,dream-room,fantasy_dream,other,other,none,other × other,aspirational,code,aspirational,False,Dreams rooms...,bedroom,futuristic,aspirational,ai_generated,stylized_dreamy
DX1LNU1I5f0,https://www.instagram.com/reel/DX1LNU1I5f0/,whispersofnature27,2026-05-02T09:14:27.267000+00:00,False,,145.6,102,views,0.0056,0.0833,False,102,embed_reel,1.0,2_GOOD,4,,0.0392,1,cliff-house,unusual_home,whole_home,other,cliff,other × whole_home,pov,code,pov,False,POV: You found the secret level of paradise and forgot to tell anyone.,whole_home,mediterranean,pov,ai_generated,stylized_dreamy
DB4bqAzI9LB,https://www.instagram.com/reel/DB4bqAzI9LB/,hazel._finds,2024-11-02T20:05:13.919000+00:00,False,,691.2,19000,views,0.0054,0.0833,False,59000,embed_reel,0.322,1_NORMAL,942,16,0.0496,1,dream-room,fantasy_dream,other,cozy_rustic,none,cozy_rustic × other,descriptive,code,descriptive,False,"I just revamped my room with a few cozy pieces, and I'm obsessed with the new vibe!💗 Here's what I added:",bedroom,other,descriptive,real_footage,real_existing
DVzHqalFEO-,https://www.instagram.com/reel/DVzHqalFEO-/,arch.interior.ai,2026-03-12T21:02:12.259000+00:00,False,,196.1,5133,views,0.0052,0.0833,False,185000,embed_reel,0.0277,1_NORMAL,8,,0.0016,1,ai-home-design,ai,living_room,other,none,other × living_room,pov,code,pov,False,Pov: All you need is using Arch AI App for your home #livingroom #homedecor #interiordesign,other,minimalist,pov,real_footage,real_existing
DBejkl1uMZz,https://www.instagram.com/reel/DBejkl1uMZz/,poolique,2024-10-23T18:54:08.580000+00:00,False,,701.2,8557,views,0.0046,0.1667,False,6000,embed_reel,1.4262,2_GOOD,119,,0.0139,1,infinity-pools,pool,pool,modern_luxury,none,modern_luxury × pool,aspirational,code,aspirational,False,"Perfect infinity pool spot to enjoy the sunset 😍🔝🆒 Credit 👉🏻 @creatorsluxury The coolest pool ideas, the most spectacula",pool,modern_luxury,aspirational,real_footage,real_existing
DXONT81gVoT,https://www.instagram.com/reel/DXONT81gVoT/,mr.adesh_yadav_rr_up_50_00,2026-04-17T06:02:27.268000+00:00,False,,160.7,204,views,0.0038,0.1667,False,1000,embed_reel,0.204,1_NORMAL,15,,0.0735,1,future-houses-2050,future_arch,whole_home,futuristic,none,futuristic × whole_home,none,code,descriptive,False,NA,whole_home,modern_luxury,none,ai_generated,aspirational_realistic
DX3RkJiByhK,https://www.instagram.com/reel/DX3RkJiByhK/,brickblitzz,2026-05-03T04:48:28.829000+00:00,False,,144.8,189,views,0.0035,0.0833,False,7,embed_reel,27.0,5_EXTREME_OUTLIER,5,,0.0265,1,future-houses-2050,future_arch,whole_home,futuristic,none,futuristic × whole_home,curiosity,code,descriptive,False,The Future of Homes is INSANE 🤖🏡 (Full Build) Watch an empty plot transform into a stunning,whole_home,futuristic,curiosity,ai_generated,stylized_dreamy
DPvidSqDrUT,https://www.instagram.com/reel/DPvidSqDrUT/,harmosai,2025-10-13T08:31:00.909000+00:00,False,,346.6,9648,views,0.0033,0.0833,False,57000,embed_reel,0.1693,1_NORMAL,456,,0.0473,1,modern-architecture,architecture,whole_home,modern_luxury,none,modern_luxury × whole_home,descriptive,code,descriptive,False,The Monolith of Grace: Redefining Form in Luxury Architecture We're sharing a conceptual visi,whole_home,brutalist,descriptive,ai_generated,stylized_dreamy
DRPUXHdk05m,https://www.instagram.com/reel/DRPUXHdk05m/,bespoke_d.designers,2025-11-19T13:14:55.764000+00:00,False,,309.4,1332,views,0.0031,0.0833,False,81000,embed_reel,0.0164,1_NORMAL,,,,1,cozy-bedroom-ideas,cozy_ambience,bedroom,cozy_rustic,none,cozy_rustic × bedroom,contrarian,code,money,False,"Cozy is a feeling, not a budget.",bedroom,biophilic,contrarian,real_footage,real_existing
DXu-_jDDRQ7,https://www.instagram.com/reel/DXu-_jDDRQ7/,4ydesigns,2026-04-29T23:32:16.351000+00:00,False,,148.0,1901,views,0.0031,0.0833,False,123000,embed_reel,0.0155,1_NORMAL,,,,1,bathroom-design,room_generic,bathroom,other,none,other × bathroom,contrarian,code,descriptive,False,It's not just a functional space.,bathroom,biophilic,contrarian,ai_generated,aspirational_realistic
DRTwuMvlAj4,https://www.instagram.com/reel/DRTwuMvlAj4/,sunripple_aquatics,2025-11-21T06:39:42.648000+00:00,False,,307.7,4226,views,0.0023,0.0833,False,265000,embed_reel,0.0159,1_NORMAL,22,,0.0052,1,infinity-pools,pool,pool,other,none,other × pool,descriptive,code,descriptive,False,Endless pool #acrylicswimmingpool #smartconstant #temperatureswimmingpool #villaswimmingpool #hotelswimmingpool #infinip,pool,modern_luxury,descriptive,real_footage,real_existing
Ddde8wrqc6o,https://www.instagram.com/reel/Ddde8wrqc6o/,dreamlandsymphony,2026-09-19T07:33:32.848000+00:00,True,,5.7,380,views,0.002,0.0909,False,4000,embed_reel,0.095,1_NORMAL,,,,1,waterfall-house,fantasy_dream,whole_home,other,lake_river,other × whole_home,aspirational,code,fantasy,False,Imagine waking up to this every single morning… 🌿💧🏡 A hidden home surrou,whole_home,modern_luxury,aspirational,ai_generated,stylized_dreamy
DPRsUJWjfVK,https://www.instagram.com/reel/DPRsUJWjfVK/,xona.ai,2025-10-01T18:19:55.910000+00:00,False,,358.2,1663,views,0.001,0.0833,False,1000,embed_reel,1.663,2_GOOD,48,,0.0289,1,ai-interior-design,ai,other,other,none,other × other,question,code,question,False,One of AI's biggest perks in interior design?,living_room,biophilic,question,ai_generated,aspirational_realistic
DX2Bxb6NHOb,https://www.instagram.com/reel/DX2Bxb6NHOb/,adventure.shelter_,2026-05-02T17:11:14.637000+00:00,False,,145.3,444,views,0.0004,0.0833,False,1000,embed_reel,0.444,1_NORMAL,18,,0.0405,1,underground-house,unusual_home,home_theater,modern_luxury,none,modern_luxury × home_theater,question,code,curiosity,False,"Would You Live in This Secret Underground Bunker?""#Bunker #Underground #Secret #Survival #LuxuryLiving HiddenWorld AIvid",living_room,cozy_rustic,question,ai_generated,stylized_dreamy
DQUc9XXAmgT,https://www.instagram.com/reel/DQUc9XXAmgT/,emunarq7,2025-10-27T16:34:51.911000+00:00,False,,332.3,,views,,,False,22000,embed_reel,,,30903,322,,1,parametric-architecture,future_arch,whole_home,futuristic,none,futuristic × whole_home,descriptive,code,descriptive,False,NA,whole_home,futuristic,descriptive,3d_render,aspirational_realistic
DPVSFNDjnh7,https://www.instagram.com/reel/DPVSFNDjnh7/,emunarq7,2025-10-03T03:47:39.744000+00:00,False,,356.8,,views,,,False,169000,embed_reel,,,0,,,1,parametric-architecture,future_arch,whole_home,futuristic,none,futuristic × whole_home,none,code,descriptive,False,NA,whole_home,futuristic,none,ai_generated,stylized_dreamy
DLJTWMtxWqV,https://www.instagram.com/reel/DLJTWMtxWqV/,emunarq7,2025-06-21T02:02:15.476000+00:00,False,,460.9,,views,,,False,169000,embed_reel,,,0,,,1,parametric-architecture,future_arch,whole_home,futuristic,none,futuristic × whole_home,none,code,descriptive,False,NA,whole_home,biophilic,none,ai_generated,stylized_dreamy
DItXJISoMfs,https://www.instagram.com/reel/DItXJISoMfs/,vojtek_morsztyn,2025-04-21T12:33:54.174000+00:00,False,,521.5,,views,,,False,157000,embed_reel,,,0,,,1,waterfall-house,fantasy_dream,whole_home,other,lake_river,other × whole_home,none,code,descriptive,False,𝗙𝗮𝗹𝗹𝗶𝗻𝗴𝘄𝗮𝘁𝗲𝗿 | by 𝗙𝗿𝗮𝗻𝗸 𝗟𝗹𝗼𝘆𝗱 𝗪𝗿𝗶𝗴𝗵𝘁 .,whole_home,futuristic,none,ai_generated,stylized_dreamy
