programm_id,nische,brand_haendler,url_programm,netzwerk,zielmarkt,provision,provision_datenqualitaet,cookie_dauer,cookie_datenqualitaet,aov_bekannt,social_media_erlaubt,instagram_erlaubt,deep_links,produktfeed_api,internationale_lieferung,besonderheiten,quelle_url,pruefdatum,quelle_datei
P-A001,Amazon (alle),Amazon US – Luxury Beauty / Luxury Stores Beauty 10%,https://affiliate-program.amazon.com/,Direct (Amazon Associates),US (amazon.com),10%,VERIFIED,24 Std. Session; Warenkorb-Add innerhalb Session -> Kauf bis 89 Tage nach Klick,VERIFIED,UNKNOWN,"Ja – Social-Media-UGC gilt als 'Site' (Account-URL im Antrag/Konto listen); akzeptiert: Facebook (keine Privatprofile), Instagram, Twitter/X, YouTube, TikTok, Twitch – Pinterest NICHT gelistet","Ja (exakte Profil-URL registrieren; Pflichthinweis muss mit dem Account verknüpft sein, z.B. Bio)","Ja (Produkt-/Suchlinks mit Tag; Linkkürzer nur wenn klar erkennbar auf Amazon verlinkt, z.B. amzn.to)",Creators API (Nachfolger der abgekündigten PA-API 5; Voraussetzung: mind. 10 qualifizierte Verkäufe in 30 Tagen),Provision nur auf Käufe im jeweiligen Amazon-Store (amazon.com); Geo-Routing via OneLink/Geniuslink nötig,"Standardsatz lt. Commission Income Statement; seit 14.04.2026: Käufe über bezahlte/geboostete Anzeigen disqualifiziert, 180-Tage-Versand/Zahlungsfrist, Onsite-Provision nur auf gleiche ASIN-Variante; DMs nur 'solicited' (Opt-in); Pflichttext 'As an Amazon Associate I earn from qualifying purchases'; Freischaltung nach 3 Verkäufen in 180 Tagen; individuell verhandelte Publisher-Sätze wurden 2026 lt. Adweek um bis zu 50% gekürzt",https://affiliate-program.amazon.com/help/node/topic/GRXPHT8U84RAYDXZ,2026-09-26,quellen/raw_programs_A.csv
P-A002,Amazon (alle),Amazon US – Amazon Explore 10%,https://affiliate-program.amazon.com/,Direct (Amazon Associates),US (amazon.com),10%,VERIFIED,24 Std. Session; Warenkorb-Add innerhalb Session -> Kauf bis 89 Tage nach Klick,VERIFIED,UNKNOWN,"Ja – Social-Media-UGC gilt als 'Site' (Account-URL im Antrag/Konto listen); akzeptiert: Facebook (keine Privatprofile), Instagram, Twitter/X, YouTube, TikTok, Twitch – Pinterest NICHT gelistet","Ja (exakte Profil-URL registrieren; Pflichthinweis muss mit dem Account verknüpft sein, z.B. Bio)","Ja (Produkt-/Suchlinks mit Tag; Linkkürzer nur wenn klar erkennbar auf Amazon verlinkt, z.B. amzn.to)",Creators API (Nachfolger der abgekündigten PA-API 5; Voraussetzung: mind. 10 qualifizierte Verkäufe in 30 Tagen),Provision nur auf Käufe im jeweiligen Amazon-Store (amazon.com); Geo-Routing via OneLink/Geniuslink nötig,"Standardsatz lt. Commission Income Statement; seit 14.04.2026: Käufe über bezahlte/geboostete Anzeigen disqualifiziert, 180-Tage-Versand/Zahlungsfrist, Onsite-Provision nur auf gleiche ASIN-Variante; DMs nur 'solicited' (Opt-in); Pflichttext 'As an Amazon Associate I earn from qualifying purchases'; Freischaltung nach 3 Verkäufen in 180 Tagen; individuell verhandelte Publisher-Sätze wurden 2026 lt. Adweek um bis zu 50% gekürzt",https://affiliate-program.amazon.com/help/node/topic/GRXPHT8U84RAYDXZ,2026-09-26,quellen/raw_programs_A.csv
P-A003,Amazon (alle),Amazon US – Handmade 5%,https://affiliate-program.amazon.com/,Direct (Amazon Associates),US (amazon.com),5%,VERIFIED,24 Std. Session; Warenkorb-Add innerhalb Session -> Kauf bis 89 Tage nach Klick,VERIFIED,UNKNOWN,"Ja – Social-Media-UGC gilt als 'Site' (Account-URL im Antrag/Konto listen); akzeptiert: Facebook (keine Privatprofile), Instagram, Twitter/X, YouTube, TikTok, Twitch – Pinterest NICHT gelistet","Ja (exakte Profil-URL registrieren; Pflichthinweis muss mit dem Account verknüpft sein, z.B. Bio)","Ja (Produkt-/Suchlinks mit Tag; Linkkürzer nur wenn klar erkennbar auf Amazon verlinkt, z.B. amzn.to)",Creators API (Nachfolger der abgekündigten PA-API 5; Voraussetzung: mind. 10 qualifizierte Verkäufe in 30 Tagen),Provision nur auf Käufe im jeweiligen Amazon-Store (amazon.com); Geo-Routing via OneLink/Geniuslink nötig,"Standardsatz lt. Commission Income Statement; seit 14.04.2026: Käufe über bezahlte/geboostete Anzeigen disqualifiziert, 180-Tage-Versand/Zahlungsfrist, Onsite-Provision nur auf gleiche ASIN-Variante; DMs nur 'solicited' (Opt-in); Pflichttext 'As an Amazon Associate I earn from qualifying purchases'; Freischaltung nach 3 Verkäufen in 180 Tagen; individuell verhandelte Publisher-Sätze wurden 2026 lt. Adweek um bis zu 50% gekürzt",https://affiliate-program.amazon.com/help/node/topic/GRXPHT8U84RAYDXZ,2026-09-26,quellen/raw_programs_A.csv
P-A004,Amazon (alle),Amazon US – Kitchen 4.5%,https://affiliate-program.amazon.com/,Direct (Amazon Associates),US (amazon.com),4.5%,VERIFIED,24 Std. Session; Warenkorb-Add innerhalb Session -> Kauf bis 89 Tage nach Klick,VERIFIED,UNKNOWN,"Ja – Social-Media-UGC gilt als 'Site' (Account-URL im Antrag/Konto listen); akzeptiert: Facebook (keine Privatprofile), Instagram, Twitter/X, YouTube, TikTok, Twitch – Pinterest NICHT gelistet","Ja (exakte Profil-URL registrieren; Pflichthinweis muss mit dem Account verknüpft sein, z.B. Bio)","Ja (Produkt-/Suchlinks mit Tag; Linkkürzer nur wenn klar erkennbar auf Amazon verlinkt, z.B. amzn.to)",Creators API (Nachfolger der abgekündigten PA-API 5; Voraussetzung: mind. 10 qualifizierte Verkäufe in 30 Tagen),Provision nur auf Käufe im jeweiligen Amazon-Store (amazon.com); Geo-Routing via OneLink/Geniuslink nötig,"Standardsatz lt. Commission Income Statement; seit 14.04.2026: Käufe über bezahlte/geboostete Anzeigen disqualifiziert, 180-Tage-Versand/Zahlungsfrist, Onsite-Provision nur auf gleiche ASIN-Variante; DMs nur 'solicited' (Opt-in); Pflichttext 'As an Amazon Associate I earn from qualifying purchases'; Freischaltung nach 3 Verkäufen in 180 Tagen; individuell verhandelte Publisher-Sätze wurden 2026 lt. Adweek um bis zu 50% gekürzt",https://affiliate-program.amazon.com/help/node/topic/GRXPHT8U84RAYDXZ,2026-09-26,quellen/raw_programs_A.csv
P-A005,Amazon (alle),Amazon US – Automotive 4.5%,https://affiliate-program.amazon.com/,Direct (Amazon Associates),US (amazon.com),4.5%,VERIFIED,24 Std. Session; Warenkorb-Add innerhalb Session -> Kauf bis 89 Tage nach Klick,VERIFIED,UNKNOWN,"Ja – Social-Media-UGC gilt als 'Site' (Account-URL im Antrag/Konto listen); akzeptiert: Facebook (keine Privatprofile), Instagram, Twitter/X, YouTube, TikTok, Twitch – Pinterest NICHT gelistet","Ja (exakte Profil-URL registrieren; Pflichthinweis muss mit dem Account verknüpft sein, z.B. Bio)","Ja (Produkt-/Suchlinks mit Tag; Linkkürzer nur wenn klar erkennbar auf Amazon verlinkt, z.B. amzn.to)",Creators API (Nachfolger der abgekündigten PA-API 5; Voraussetzung: mind. 10 qualifizierte Verkäufe in 30 Tagen),Provision nur auf Käufe im jeweiligen Amazon-Store (amazon.com); Geo-Routing via OneLink/Geniuslink nötig,"Standardsatz lt. Commission Income Statement; seit 14.04.2026: Käufe über bezahlte/geboostete Anzeigen disqualifiziert, 180-Tage-Versand/Zahlungsfrist, Onsite-Provision nur auf gleiche ASIN-Variante; DMs nur 'solicited' (Opt-in); Pflichttext 'As an Amazon Associate I earn from qualifying purchases'; Freischaltung nach 3 Verkäufen in 180 Tagen; individuell verhandelte Publisher-Sätze wurden 2026 lt. Adweek um bis zu 50% gekürzt",https://affiliate-program.amazon.com/help/node/topic/GRXPHT8U84RAYDXZ,2026-09-26,quellen/raw_programs_A.csv
P-A006,Amazon (alle),Amazon US – Physical Books 4.5%,https://affiliate-program.amazon.com/,Direct (Amazon Associates),US (amazon.com),4.5%,VERIFIED,24 Std. Session; Warenkorb-Add innerhalb Session -> Kauf bis 89 Tage nach Klick,VERIFIED,UNKNOWN,"Ja – Social-Media-UGC gilt als 'Site' (Account-URL im Antrag/Konto listen); akzeptiert: Facebook (keine Privatprofile), Instagram, Twitter/X, YouTube, TikTok, Twitch – Pinterest NICHT gelistet","Ja (exakte Profil-URL registrieren; Pflichthinweis muss mit dem Account verknüpft sein, z.B. Bio)","Ja (Produkt-/Suchlinks mit Tag; Linkkürzer nur wenn klar erkennbar auf Amazon verlinkt, z.B. amzn.to)",Creators API (Nachfolger der abgekündigten PA-API 5; Voraussetzung: mind. 10 qualifizierte Verkäufe in 30 Tagen),Provision nur auf Käufe im jeweiligen Amazon-Store (amazon.com); Geo-Routing via OneLink/Geniuslink nötig,"Standardsatz lt. Commission Income Statement; seit 14.04.2026: Käufe über bezahlte/geboostete Anzeigen disqualifiziert, 180-Tage-Versand/Zahlungsfrist, Onsite-Provision nur auf gleiche ASIN-Variante; DMs nur 'solicited' (Opt-in); Pflichttext 'As an Amazon Associate I earn from qualifying purchases'; Freischaltung nach 3 Verkäufen in 180 Tagen; individuell verhandelte Publisher-Sätze wurden 2026 lt. Adweek um bis zu 50% gekürzt",https://affiliate-program.amazon.com/help/node/topic/GRXPHT8U84RAYDXZ,2026-09-26,quellen/raw_programs_A.csv
P-A007,Amazon (alle),Amazon US – Apparel 4%,https://affiliate-program.amazon.com/,Direct (Amazon Associates),US (amazon.com),4%,VERIFIED,24 Std. Session; Warenkorb-Add innerhalb Session -> Kauf bis 89 Tage nach Klick,VERIFIED,UNKNOWN,"Ja – Social-Media-UGC gilt als 'Site' (Account-URL im Antrag/Konto listen); akzeptiert: Facebook (keine Privatprofile), Instagram, Twitter/X, YouTube, TikTok, Twitch – Pinterest NICHT gelistet","Ja (exakte Profil-URL registrieren; Pflichthinweis muss mit dem Account verknüpft sein, z.B. Bio)","Ja (Produkt-/Suchlinks mit Tag; Linkkürzer nur wenn klar erkennbar auf Amazon verlinkt, z.B. amzn.to)",Creators API (Nachfolger der abgekündigten PA-API 5; Voraussetzung: mind. 10 qualifizierte Verkäufe in 30 Tagen),Provision nur auf Käufe im jeweiligen Amazon-Store (amazon.com); Geo-Routing via OneLink/Geniuslink nötig,"Standardsatz lt. Commission Income Statement; seit 14.04.2026: Käufe über bezahlte/geboostete Anzeigen disqualifiziert, 180-Tage-Versand/Zahlungsfrist, Onsite-Provision nur auf gleiche ASIN-Variante; DMs nur 'solicited' (Opt-in); Pflichttext 'As an Amazon Associate I earn from qualifying purchases'; Freischaltung nach 3 Verkäufen in 180 Tagen; individuell verhandelte Publisher-Sätze wurden 2026 lt. Adweek um bis zu 50% gekürzt",https://affiliate-program.amazon.com/help/node/topic/GRXPHT8U84RAYDXZ,2026-09-26,quellen/raw_programs_A.csv
P-A008,Amazon (alle),Amazon US – Jewelry 4%,https://affiliate-program.amazon.com/,Direct (Amazon Associates),US (amazon.com),4%,VERIFIED,24 Std. Session; Warenkorb-Add innerhalb Session -> Kauf bis 89 Tage nach Klick,VERIFIED,UNKNOWN,"Ja – Social-Media-UGC gilt als 'Site' (Account-URL im Antrag/Konto listen); akzeptiert: Facebook (keine Privatprofile), Instagram, Twitter/X, YouTube, TikTok, Twitch – Pinterest NICHT gelistet","Ja (exakte Profil-URL registrieren; Pflichthinweis muss mit dem Account verknüpft sein, z.B. Bio)","Ja (Produkt-/Suchlinks mit Tag; Linkkürzer nur wenn klar erkennbar auf Amazon verlinkt, z.B. amzn.to)",Creators API (Nachfolger der abgekündigten PA-API 5; Voraussetzung: mind. 10 qualifizierte Verkäufe in 30 Tagen),Provision nur auf Käufe im jeweiligen Amazon-Store (amazon.com); Geo-Routing via OneLink/Geniuslink nötig,"Standardsatz lt. Commission Income Statement; seit 14.04.2026: Käufe über bezahlte/geboostete Anzeigen disqualifiziert, 180-Tage-Versand/Zahlungsfrist, Onsite-Provision nur auf gleiche ASIN-Variante; DMs nur 'solicited' (Opt-in); Pflichttext 'As an Amazon Associate I earn from qualifying purchases'; Freischaltung nach 3 Verkäufen in 180 Tagen; individuell verhandelte Publisher-Sätze wurden 2026 lt. Adweek um bis zu 50% gekürzt",https://affiliate-program.amazon.com/help/node/topic/GRXPHT8U84RAYDXZ,2026-09-26,quellen/raw_programs_A.csv
P-A009,Amazon (alle),Amazon US – Watches 4%,https://affiliate-program.amazon.com/,Direct (Amazon Associates),US (amazon.com),4%,VERIFIED,24 Std. Session; Warenkorb-Add innerhalb Session -> Kauf bis 89 Tage nach Klick,VERIFIED,UNKNOWN,"Ja – Social-Media-UGC gilt als 'Site' (Account-URL im Antrag/Konto listen); akzeptiert: Facebook (keine Privatprofile), Instagram, Twitter/X, YouTube, TikTok, Twitch – Pinterest NICHT gelistet","Ja (exakte Profil-URL registrieren; Pflichthinweis muss mit dem Account verknüpft sein, z.B. Bio)","Ja (Produkt-/Suchlinks mit Tag; Linkkürzer nur wenn klar erkennbar auf Amazon verlinkt, z.B. amzn.to)",Creators API (Nachfolger der abgekündigten PA-API 5; Voraussetzung: mind. 10 qualifizierte Verkäufe in 30 Tagen),Provision nur auf Käufe im jeweiligen Amazon-Store (amazon.com); Geo-Routing via OneLink/Geniuslink nötig,"Standardsatz lt. Commission Income Statement; seit 14.04.2026: Käufe über bezahlte/geboostete Anzeigen disqualifiziert, 180-Tage-Versand/Zahlungsfrist, Onsite-Provision nur auf gleiche ASIN-Variante; DMs nur 'solicited' (Opt-in); Pflichttext 'As an Amazon Associate I earn from qualifying purchases'; Freischaltung nach 3 Verkäufen in 180 Tagen; individuell verhandelte Publisher-Sätze wurden 2026 lt. Adweek um bis zu 50% gekürzt",https://affiliate-program.amazon.com/help/node/topic/GRXPHT8U84RAYDXZ,2026-09-26,quellen/raw_programs_A.csv
P-A010,Amazon (alle),Amazon US – Luggage 4%,https://affiliate-program.amazon.com/,Direct (Amazon Associates),US (amazon.com),4%,VERIFIED,24 Std. Session; Warenkorb-Add innerhalb Session -> Kauf bis 89 Tage nach Klick,VERIFIED,UNKNOWN,"Ja – Social-Media-UGC gilt als 'Site' (Account-URL im Antrag/Konto listen); akzeptiert: Facebook (keine Privatprofile), Instagram, Twitter/X, YouTube, TikTok, Twitch – Pinterest NICHT gelistet","Ja (exakte Profil-URL registrieren; Pflichthinweis muss mit dem Account verknüpft sein, z.B. Bio)","Ja (Produkt-/Suchlinks mit Tag; Linkkürzer nur wenn klar erkennbar auf Amazon verlinkt, z.B. amzn.to)",Creators API (Nachfolger der abgekündigten PA-API 5; Voraussetzung: mind. 10 qualifizierte Verkäufe in 30 Tagen),Provision nur auf Käufe im jeweiligen Amazon-Store (amazon.com); Geo-Routing via OneLink/Geniuslink nötig,"Standardsatz lt. Commission Income Statement; seit 14.04.2026: Käufe über bezahlte/geboostete Anzeigen disqualifiziert, 180-Tage-Versand/Zahlungsfrist, Onsite-Provision nur auf gleiche ASIN-Variante; DMs nur 'solicited' (Opt-in); Pflichttext 'As an Amazon Associate I earn from qualifying purchases'; Freischaltung nach 3 Verkäufen in 180 Tagen; individuell verhandelte Publisher-Sätze wurden 2026 lt. Adweek um bis zu 50% gekürzt",https://affiliate-program.amazon.com/help/node/topic/GRXPHT8U84RAYDXZ,2026-09-26,quellen/raw_programs_A.csv
P-A011,Amazon (alle),Amazon US – Shoes 4%,https://affiliate-program.amazon.com/,Direct (Amazon Associates),US (amazon.com),4%,VERIFIED,24 Std. Session; Warenkorb-Add innerhalb Session -> Kauf bis 89 Tage nach Klick,VERIFIED,UNKNOWN,"Ja – Social-Media-UGC gilt als 'Site' (Account-URL im Antrag/Konto listen); akzeptiert: Facebook (keine Privatprofile), Instagram, Twitter/X, YouTube, TikTok, Twitch – Pinterest NICHT gelistet","Ja (exakte Profil-URL registrieren; Pflichthinweis muss mit dem Account verknüpft sein, z.B. Bio)","Ja (Produkt-/Suchlinks mit Tag; Linkkürzer nur wenn klar erkennbar auf Amazon verlinkt, z.B. amzn.to)",Creators API (Nachfolger der abgekündigten PA-API 5; Voraussetzung: mind. 10 qualifizierte Verkäufe in 30 Tagen),Provision nur auf Käufe im jeweiligen Amazon-Store (amazon.com); Geo-Routing via OneLink/Geniuslink nötig,"Standardsatz lt. Commission Income Statement; seit 14.04.2026: Käufe über bezahlte/geboostete Anzeigen disqualifiziert, 180-Tage-Versand/Zahlungsfrist, Onsite-Provision nur auf gleiche ASIN-Variante; DMs nur 'solicited' (Opt-in); Pflichttext 'As an Amazon Associate I earn from qualifying purchases'; Freischaltung nach 3 Verkäufen in 180 Tagen; individuell verhandelte Publisher-Sätze wurden 2026 lt. Adweek um bis zu 50% gekürzt",https://affiliate-program.amazon.com/help/node/topic/GRXPHT8U84RAYDXZ,2026-09-26,quellen/raw_programs_A.csv
P-A012,Amazon (alle),Amazon US – Handbags & Accessories 4%,https://affiliate-program.amazon.com/,Direct (Amazon Associates),US (amazon.com),4%,VERIFIED,24 Std. Session; Warenkorb-Add innerhalb Session -> Kauf bis 89 Tage nach Klick,VERIFIED,UNKNOWN,"Ja – Social-Media-UGC gilt als 'Site' (Account-URL im Antrag/Konto listen); akzeptiert: Facebook (keine Privatprofile), Instagram, Twitter/X, YouTube, TikTok, Twitch – Pinterest NICHT gelistet","Ja (exakte Profil-URL registrieren; Pflichthinweis muss mit dem Account verknüpft sein, z.B. Bio)","Ja (Produkt-/Suchlinks mit Tag; Linkkürzer nur wenn klar erkennbar auf Amazon verlinkt, z.B. amzn.to)",Creators API (Nachfolger der abgekündigten PA-API 5; Voraussetzung: mind. 10 qualifizierte Verkäufe in 30 Tagen),Provision nur auf Käufe im jeweiligen Amazon-Store (amazon.com); Geo-Routing via OneLink/Geniuslink nötig,"Standardsatz lt. Commission Income Statement; seit 14.04.2026: Käufe über bezahlte/geboostete Anzeigen disqualifiziert, 180-Tage-Versand/Zahlungsfrist, Onsite-Provision nur auf gleiche ASIN-Variante; DMs nur 'solicited' (Opt-in); Pflichttext 'As an Amazon Associate I earn from qualifying purchases'; Freischaltung nach 3 Verkäufen in 180 Tagen; individuell verhandelte Publisher-Sätze wurden 2026 lt. Adweek um bis zu 50% gekürzt",https://affiliate-program.amazon.com/help/node/topic/GRXPHT8U84RAYDXZ,2026-09-26,quellen/raw_programs_A.csv
P-A013,Amazon (alle),Amazon US – Luxury Stores Fashion 4%,https://affiliate-program.amazon.com/,Direct (Amazon Associates),US (amazon.com),4%,VERIFIED,24 Std. Session; Warenkorb-Add innerhalb Session -> Kauf bis 89 Tage nach Klick,VERIFIED,UNKNOWN,"Ja – Social-Media-UGC gilt als 'Site' (Account-URL im Antrag/Konto listen); akzeptiert: Facebook (keine Privatprofile), Instagram, Twitter/X, YouTube, TikTok, Twitch – Pinterest NICHT gelistet","Ja (exakte Profil-URL registrieren; Pflichthinweis muss mit dem Account verknüpft sein, z.B. Bio)","Ja (Produkt-/Suchlinks mit Tag; Linkkürzer nur wenn klar erkennbar auf Amazon verlinkt, z.B. amzn.to)",Creators API (Nachfolger der abgekündigten PA-API 5; Voraussetzung: mind. 10 qualifizierte Verkäufe in 30 Tagen),Provision nur auf Käufe im jeweiligen Amazon-Store (amazon.com); Geo-Routing via OneLink/Geniuslink nötig,"Standardsatz lt. Commission Income Statement; seit 14.04.2026: Käufe über bezahlte/geboostete Anzeigen disqualifiziert, 180-Tage-Versand/Zahlungsfrist, Onsite-Provision nur auf gleiche ASIN-Variante; DMs nur 'solicited' (Opt-in); Pflichttext 'As an Amazon Associate I earn from qualifying purchases'; Freischaltung nach 3 Verkäufen in 180 Tagen; individuell verhandelte Publisher-Sätze wurden 2026 lt. Adweek um bis zu 50% gekürzt",https://affiliate-program.amazon.com/help/node/topic/GRXPHT8U84RAYDXZ,2026-09-26,quellen/raw_programs_A.csv
P-A014,Amazon (alle),"Amazon US – Amazon Devices (Echo, Fire TV, Fire Tablet, Kindle, Ring Devices) 4%",https://affiliate-program.amazon.com/,Direct (Amazon Associates),US (amazon.com),4%,VERIFIED,24 Std. Session; Warenkorb-Add innerhalb Session -> Kauf bis 89 Tage nach Klick,VERIFIED,UNKNOWN,"Ja – Social-Media-UGC gilt als 'Site' (Account-URL im Antrag/Konto listen); akzeptiert: Facebook (keine Privatprofile), Instagram, Twitter/X, YouTube, TikTok, Twitch – Pinterest NICHT gelistet","Ja (exakte Profil-URL registrieren; Pflichthinweis muss mit dem Account verknüpft sein, z.B. Bio)","Ja (Produkt-/Suchlinks mit Tag; Linkkürzer nur wenn klar erkennbar auf Amazon verlinkt, z.B. amzn.to)",Creators API (Nachfolger der abgekündigten PA-API 5; Voraussetzung: mind. 10 qualifizierte Verkäufe in 30 Tagen),Provision nur auf Käufe im jeweiligen Amazon-Store (amazon.com); Geo-Routing via OneLink/Geniuslink nötig,"Standardsatz lt. Commission Income Statement; seit 14.04.2026: Käufe über bezahlte/geboostete Anzeigen disqualifiziert, 180-Tage-Versand/Zahlungsfrist, Onsite-Provision nur auf gleiche ASIN-Variante; DMs nur 'solicited' (Opt-in); Pflichttext 'As an Amazon Associate I earn from qualifying purchases'; Freischaltung nach 3 Verkäufen in 180 Tagen; individuell verhandelte Publisher-Sätze wurden 2026 lt. Adweek um bis zu 50% gekürzt",https://affiliate-program.amazon.com/help/node/topic/GRXPHT8U84RAYDXZ,2026-09-26,quellen/raw_programs_A.csv
P-A015,Amazon (alle),Amazon US – Furniture 3%,https://affiliate-program.amazon.com/,Direct (Amazon Associates),US (amazon.com),3%,VERIFIED,24 Std. Session; Warenkorb-Add innerhalb Session -> Kauf bis 89 Tage nach Klick,VERIFIED,UNKNOWN,"Ja – Social-Media-UGC gilt als 'Site' (Account-URL im Antrag/Konto listen); akzeptiert: Facebook (keine Privatprofile), Instagram, Twitter/X, YouTube, TikTok, Twitch – Pinterest NICHT gelistet","Ja (exakte Profil-URL registrieren; Pflichthinweis muss mit dem Account verknüpft sein, z.B. Bio)","Ja (Produkt-/Suchlinks mit Tag; Linkkürzer nur wenn klar erkennbar auf Amazon verlinkt, z.B. amzn.to)",Creators API (Nachfolger der abgekündigten PA-API 5; Voraussetzung: mind. 10 qualifizierte Verkäufe in 30 Tagen),Provision nur auf Käufe im jeweiligen Amazon-Store (amazon.com); Geo-Routing via OneLink/Geniuslink nötig,"Standardsatz lt. Commission Income Statement; seit 14.04.2026: Käufe über bezahlte/geboostete Anzeigen disqualifiziert, 180-Tage-Versand/Zahlungsfrist, Onsite-Provision nur auf gleiche ASIN-Variante; DMs nur 'solicited' (Opt-in); Pflichttext 'As an Amazon Associate I earn from qualifying purchases'; Freischaltung nach 3 Verkäufen in 180 Tagen; individuell verhandelte Publisher-Sätze wurden 2026 lt. Adweek um bis zu 50% gekürzt",https://affiliate-program.amazon.com/help/node/topic/GRXPHT8U84RAYDXZ,2026-09-26,quellen/raw_programs_A.csv
P-A016,Amazon (alle),Amazon US – Home 3%,https://affiliate-program.amazon.com/,Direct (Amazon Associates),US (amazon.com),3%,VERIFIED,24 Std. Session; Warenkorb-Add innerhalb Session -> Kauf bis 89 Tage nach Klick,VERIFIED,UNKNOWN,"Ja – Social-Media-UGC gilt als 'Site' (Account-URL im Antrag/Konto listen); akzeptiert: Facebook (keine Privatprofile), Instagram, Twitter/X, YouTube, TikTok, Twitch – Pinterest NICHT gelistet","Ja (exakte Profil-URL registrieren; Pflichthinweis muss mit dem Account verknüpft sein, z.B. Bio)","Ja (Produkt-/Suchlinks mit Tag; Linkkürzer nur wenn klar erkennbar auf Amazon verlinkt, z.B. amzn.to)",Creators API (Nachfolger der abgekündigten PA-API 5; Voraussetzung: mind. 10 qualifizierte Verkäufe in 30 Tagen),Provision nur auf Käufe im jeweiligen Amazon-Store (amazon.com); Geo-Routing via OneLink/Geniuslink nötig,"Standardsatz lt. Commission Income Statement; seit 14.04.2026: Käufe über bezahlte/geboostete Anzeigen disqualifiziert, 180-Tage-Versand/Zahlungsfrist, Onsite-Provision nur auf gleiche ASIN-Variante; DMs nur 'solicited' (Opt-in); Pflichttext 'As an Amazon Associate I earn from qualifying purchases'; Freischaltung nach 3 Verkäufen in 180 Tagen; individuell verhandelte Publisher-Sätze wurden 2026 lt. Adweek um bis zu 50% gekürzt",https://affiliate-program.amazon.com/help/node/topic/GRXPHT8U84RAYDXZ,2026-09-26,quellen/raw_programs_A.csv
P-A017,Amazon (alle),Amazon US – Home Improvement 3%,https://affiliate-program.amazon.com/,Direct (Amazon Associates),US (amazon.com),3%,VERIFIED,24 Std. Session; Warenkorb-Add innerhalb Session -> Kauf bis 89 Tage nach Klick,VERIFIED,UNKNOWN,"Ja – Social-Media-UGC gilt als 'Site' (Account-URL im Antrag/Konto listen); akzeptiert: Facebook (keine Privatprofile), Instagram, Twitter/X, YouTube, TikTok, Twitch – Pinterest NICHT gelistet","Ja (exakte Profil-URL registrieren; Pflichthinweis muss mit dem Account verknüpft sein, z.B. Bio)","Ja (Produkt-/Suchlinks mit Tag; Linkkürzer nur wenn klar erkennbar auf Amazon verlinkt, z.B. amzn.to)",Creators API (Nachfolger der abgekündigten PA-API 5; Voraussetzung: mind. 10 qualifizierte Verkäufe in 30 Tagen),Provision nur auf Käufe im jeweiligen Amazon-Store (amazon.com); Geo-Routing via OneLink/Geniuslink nötig,"Standardsatz lt. Commission Income Statement; seit 14.04.2026: Käufe über bezahlte/geboostete Anzeigen disqualifiziert, 180-Tage-Versand/Zahlungsfrist, Onsite-Provision nur auf gleiche ASIN-Variante; DMs nur 'solicited' (Opt-in); Pflichttext 'As an Amazon Associate I earn from qualifying purchases'; Freischaltung nach 3 Verkäufen in 180 Tagen; individuell verhandelte Publisher-Sätze wurden 2026 lt. Adweek um bis zu 50% gekürzt",https://affiliate-program.amazon.com/help/node/topic/GRXPHT8U84RAYDXZ,2026-09-26,quellen/raw_programs_A.csv
P-A018,Amazon (alle),Amazon US – Lawn & Garden 3%,https://affiliate-program.amazon.com/,Direct (Amazon Associates),US (amazon.com),3%,VERIFIED,24 Std. Session; Warenkorb-Add innerhalb Session -> Kauf bis 89 Tage nach Klick,VERIFIED,UNKNOWN,"Ja – Social-Media-UGC gilt als 'Site' (Account-URL im Antrag/Konto listen); akzeptiert: Facebook (keine Privatprofile), Instagram, Twitter/X, YouTube, TikTok, Twitch – Pinterest NICHT gelistet","Ja (exakte Profil-URL registrieren; Pflichthinweis muss mit dem Account verknüpft sein, z.B. Bio)","Ja (Produkt-/Suchlinks mit Tag; Linkkürzer nur wenn klar erkennbar auf Amazon verlinkt, z.B. amzn.to)",Creators API (Nachfolger der abgekündigten PA-API 5; Voraussetzung: mind. 10 qualifizierte Verkäufe in 30 Tagen),Provision nur auf Käufe im jeweiligen Amazon-Store (amazon.com); Geo-Routing via OneLink/Geniuslink nötig,"Standardsatz lt. Commission Income Statement; seit 14.04.2026: Käufe über bezahlte/geboostete Anzeigen disqualifiziert, 180-Tage-Versand/Zahlungsfrist, Onsite-Provision nur auf gleiche ASIN-Variante; DMs nur 'solicited' (Opt-in); Pflichttext 'As an Amazon Associate I earn from qualifying purchases'; Freischaltung nach 3 Verkäufen in 180 Tagen; individuell verhandelte Publisher-Sätze wurden 2026 lt. Adweek um bis zu 50% gekürzt",https://affiliate-program.amazon.com/help/node/topic/GRXPHT8U84RAYDXZ,2026-09-26,quellen/raw_programs_A.csv
P-A019,Amazon (alle),Amazon US – Pets Products 3%,https://affiliate-program.amazon.com/,Direct (Amazon Associates),US (amazon.com),3%,VERIFIED,24 Std. Session; Warenkorb-Add innerhalb Session -> Kauf bis 89 Tage nach Klick,VERIFIED,UNKNOWN,"Ja – Social-Media-UGC gilt als 'Site' (Account-URL im Antrag/Konto listen); akzeptiert: Facebook (keine Privatprofile), Instagram, Twitter/X, YouTube, TikTok, Twitch – Pinterest NICHT gelistet","Ja (exakte Profil-URL registrieren; Pflichthinweis muss mit dem Account verknüpft sein, z.B. Bio)","Ja (Produkt-/Suchlinks mit Tag; Linkkürzer nur wenn klar erkennbar auf Amazon verlinkt, z.B. amzn.to)",Creators API (Nachfolger der abgekündigten PA-API 5; Voraussetzung: mind. 10 qualifizierte Verkäufe in 30 Tagen),Provision nur auf Käufe im jeweiligen Amazon-Store (amazon.com); Geo-Routing via OneLink/Geniuslink nötig,"Standardsatz lt. Commission Income Statement; seit 14.04.2026: Käufe über bezahlte/geboostete Anzeigen disqualifiziert, 180-Tage-Versand/Zahlungsfrist, Onsite-Provision nur auf gleiche ASIN-Variante; DMs nur 'solicited' (Opt-in); Pflichttext 'As an Amazon Associate I earn from qualifying purchases'; Freischaltung nach 3 Verkäufen in 180 Tagen; individuell verhandelte Publisher-Sätze wurden 2026 lt. Adweek um bis zu 50% gekürzt",https://affiliate-program.amazon.com/help/node/topic/GRXPHT8U84RAYDXZ,2026-09-26,quellen/raw_programs_A.csv
P-A020,Amazon (alle),Amazon US – Tools 3%,https://affiliate-program.amazon.com/,Direct (Amazon Associates),US (amazon.com),3%,VERIFIED,24 Std. Session; Warenkorb-Add innerhalb Session -> Kauf bis 89 Tage nach Klick,VERIFIED,UNKNOWN,"Ja – Social-Media-UGC gilt als 'Site' (Account-URL im Antrag/Konto listen); akzeptiert: Facebook (keine Privatprofile), Instagram, Twitter/X, YouTube, TikTok, Twitch – Pinterest NICHT gelistet","Ja (exakte Profil-URL registrieren; Pflichthinweis muss mit dem Account verknüpft sein, z.B. Bio)","Ja (Produkt-/Suchlinks mit Tag; Linkkürzer nur wenn klar erkennbar auf Amazon verlinkt, z.B. amzn.to)",Creators API (Nachfolger der abgekündigten PA-API 5; Voraussetzung: mind. 10 qualifizierte Verkäufe in 30 Tagen),Provision nur auf Käufe im jeweiligen Amazon-Store (amazon.com); Geo-Routing via OneLink/Geniuslink nötig,"Standardsatz lt. Commission Income Statement; seit 14.04.2026: Käufe über bezahlte/geboostete Anzeigen disqualifiziert, 180-Tage-Versand/Zahlungsfrist, Onsite-Provision nur auf gleiche ASIN-Variante; DMs nur 'solicited' (Opt-in); Pflichttext 'As an Amazon Associate I earn from qualifying purchases'; Freischaltung nach 3 Verkäufen in 180 Tagen; individuell verhandelte Publisher-Sätze wurden 2026 lt. Adweek um bis zu 50% gekürzt",https://affiliate-program.amazon.com/help/node/topic/GRXPHT8U84RAYDXZ,2026-09-26,quellen/raw_programs_A.csv
P-A021,Amazon (alle),Amazon US – Sports 3%,https://affiliate-program.amazon.com/,Direct (Amazon Associates),US (amazon.com),3%,VERIFIED,24 Std. Session; Warenkorb-Add innerhalb Session -> Kauf bis 89 Tage nach Klick,VERIFIED,UNKNOWN,"Ja – Social-Media-UGC gilt als 'Site' (Account-URL im Antrag/Konto listen); akzeptiert: Facebook (keine Privatprofile), Instagram, Twitter/X, YouTube, TikTok, Twitch – Pinterest NICHT gelistet","Ja (exakte Profil-URL registrieren; Pflichthinweis muss mit dem Account verknüpft sein, z.B. Bio)","Ja (Produkt-/Suchlinks mit Tag; Linkkürzer nur wenn klar erkennbar auf Amazon verlinkt, z.B. amzn.to)",Creators API (Nachfolger der abgekündigten PA-API 5; Voraussetzung: mind. 10 qualifizierte Verkäufe in 30 Tagen),Provision nur auf Käufe im jeweiligen Amazon-Store (amazon.com); Geo-Routing via OneLink/Geniuslink nötig,"Standardsatz lt. Commission Income Statement; seit 14.04.2026: Käufe über bezahlte/geboostete Anzeigen disqualifiziert, 180-Tage-Versand/Zahlungsfrist, Onsite-Provision nur auf gleiche ASIN-Variante; DMs nur 'solicited' (Opt-in); Pflichttext 'As an Amazon Associate I earn from qualifying purchases'; Freischaltung nach 3 Verkäufen in 180 Tagen; individuell verhandelte Publisher-Sätze wurden 2026 lt. Adweek um bis zu 50% gekürzt",https://affiliate-program.amazon.com/help/node/topic/GRXPHT8U84RAYDXZ,2026-09-26,quellen/raw_programs_A.csv
P-A022,Amazon (alle),Amazon US – Outdoors 3%,https://affiliate-program.amazon.com/,Direct (Amazon Associates),US (amazon.com),3%,VERIFIED,24 Std. Session; Warenkorb-Add innerhalb Session -> Kauf bis 89 Tage nach Klick,VERIFIED,UNKNOWN,"Ja – Social-Media-UGC gilt als 'Site' (Account-URL im Antrag/Konto listen); akzeptiert: Facebook (keine Privatprofile), Instagram, Twitter/X, YouTube, TikTok, Twitch – Pinterest NICHT gelistet","Ja (exakte Profil-URL registrieren; Pflichthinweis muss mit dem Account verknüpft sein, z.B. Bio)","Ja (Produkt-/Suchlinks mit Tag; Linkkürzer nur wenn klar erkennbar auf Amazon verlinkt, z.B. amzn.to)",Creators API (Nachfolger der abgekündigten PA-API 5; Voraussetzung: mind. 10 qualifizierte Verkäufe in 30 Tagen),Provision nur auf Käufe im jeweiligen Amazon-Store (amazon.com); Geo-Routing via OneLink/Geniuslink nötig,"Standardsatz lt. Commission Income Statement; seit 14.04.2026: Käufe über bezahlte/geboostete Anzeigen disqualifiziert, 180-Tage-Versand/Zahlungsfrist, Onsite-Provision nur auf gleiche ASIN-Variante; DMs nur 'solicited' (Opt-in); Pflichttext 'As an Amazon Associate I earn from qualifying purchases'; Freischaltung nach 3 Verkäufen in 180 Tagen; individuell verhandelte Publisher-Sätze wurden 2026 lt. Adweek um bis zu 50% gekürzt",https://affiliate-program.amazon.com/help/node/topic/GRXPHT8U84RAYDXZ,2026-09-26,quellen/raw_programs_A.csv
P-A023,Amazon (alle),Amazon US – Toys 3%,https://affiliate-program.amazon.com/,Direct (Amazon Associates),US (amazon.com),3%,VERIFIED,24 Std. Session; Warenkorb-Add innerhalb Session -> Kauf bis 89 Tage nach Klick,VERIFIED,UNKNOWN,"Ja – Social-Media-UGC gilt als 'Site' (Account-URL im Antrag/Konto listen); akzeptiert: Facebook (keine Privatprofile), Instagram, Twitter/X, YouTube, TikTok, Twitch – Pinterest NICHT gelistet","Ja (exakte Profil-URL registrieren; Pflichthinweis muss mit dem Account verknüpft sein, z.B. Bio)","Ja (Produkt-/Suchlinks mit Tag; Linkkürzer nur wenn klar erkennbar auf Amazon verlinkt, z.B. amzn.to)",Creators API (Nachfolger der abgekündigten PA-API 5; Voraussetzung: mind. 10 qualifizierte Verkäufe in 30 Tagen),Provision nur auf Käufe im jeweiligen Amazon-Store (amazon.com); Geo-Routing via OneLink/Geniuslink nötig,"Standardsatz lt. Commission Income Statement; seit 14.04.2026: Käufe über bezahlte/geboostete Anzeigen disqualifiziert, 180-Tage-Versand/Zahlungsfrist, Onsite-Provision nur auf gleiche ASIN-Variante; DMs nur 'solicited' (Opt-in); Pflichttext 'As an Amazon Associate I earn from qualifying purchases'; Freischaltung nach 3 Verkäufen in 180 Tagen; individuell verhandelte Publisher-Sätze wurden 2026 lt. Adweek um bis zu 50% gekürzt",https://affiliate-program.amazon.com/help/node/topic/GRXPHT8U84RAYDXZ,2026-09-26,quellen/raw_programs_A.csv
P-A024,Amazon (alle),Amazon US – Baby Products 3%,https://affiliate-program.amazon.com/,Direct (Amazon Associates),US (amazon.com),3%,VERIFIED,24 Std. Session; Warenkorb-Add innerhalb Session -> Kauf bis 89 Tage nach Klick,VERIFIED,UNKNOWN,"Ja – Social-Media-UGC gilt als 'Site' (Account-URL im Antrag/Konto listen); akzeptiert: Facebook (keine Privatprofile), Instagram, Twitter/X, YouTube, TikTok, Twitch – Pinterest NICHT gelistet","Ja (exakte Profil-URL registrieren; Pflichthinweis muss mit dem Account verknüpft sein, z.B. Bio)","Ja (Produkt-/Suchlinks mit Tag; Linkkürzer nur wenn klar erkennbar auf Amazon verlinkt, z.B. amzn.to)",Creators API (Nachfolger der abgekündigten PA-API 5; Voraussetzung: mind. 10 qualifizierte Verkäufe in 30 Tagen),Provision nur auf Käufe im jeweiligen Amazon-Store (amazon.com); Geo-Routing via OneLink/Geniuslink nötig,"Standardsatz lt. Commission Income Statement; seit 14.04.2026: Käufe über bezahlte/geboostete Anzeigen disqualifiziert, 180-Tage-Versand/Zahlungsfrist, Onsite-Provision nur auf gleiche ASIN-Variante; DMs nur 'solicited' (Opt-in); Pflichttext 'As an Amazon Associate I earn from qualifying purchases'; Freischaltung nach 3 Verkäufen in 180 Tagen; individuell verhandelte Publisher-Sätze wurden 2026 lt. Adweek um bis zu 50% gekürzt",https://affiliate-program.amazon.com/help/node/topic/GRXPHT8U84RAYDXZ,2026-09-26,quellen/raw_programs_A.csv
P-A025,Amazon (alle),Amazon US – Beauty 3%,https://affiliate-program.amazon.com/,Direct (Amazon Associates),US (amazon.com),3%,VERIFIED,24 Std. Session; Warenkorb-Add innerhalb Session -> Kauf bis 89 Tage nach Klick,VERIFIED,UNKNOWN,"Ja – Social-Media-UGC gilt als 'Site' (Account-URL im Antrag/Konto listen); akzeptiert: Facebook (keine Privatprofile), Instagram, Twitter/X, YouTube, TikTok, Twitch – Pinterest NICHT gelistet","Ja (exakte Profil-URL registrieren; Pflichthinweis muss mit dem Account verknüpft sein, z.B. Bio)","Ja (Produkt-/Suchlinks mit Tag; Linkkürzer nur wenn klar erkennbar auf Amazon verlinkt, z.B. amzn.to)",Creators API (Nachfolger der abgekündigten PA-API 5; Voraussetzung: mind. 10 qualifizierte Verkäufe in 30 Tagen),Provision nur auf Käufe im jeweiligen Amazon-Store (amazon.com); Geo-Routing via OneLink/Geniuslink nötig,"Standardsatz lt. Commission Income Statement; seit 14.04.2026: Käufe über bezahlte/geboostete Anzeigen disqualifiziert, 180-Tage-Versand/Zahlungsfrist, Onsite-Provision nur auf gleiche ASIN-Variante; DMs nur 'solicited' (Opt-in); Pflichttext 'As an Amazon Associate I earn from qualifying purchases'; Freischaltung nach 3 Verkäufen in 180 Tagen; individuell verhandelte Publisher-Sätze wurden 2026 lt. Adweek um bis zu 50% gekürzt",https://affiliate-program.amazon.com/help/node/topic/GRXPHT8U84RAYDXZ,2026-09-26,quellen/raw_programs_A.csv
P-A026,Amazon (alle),Amazon US – Headphones 3%,https://affiliate-program.amazon.com/,Direct (Amazon Associates),US (amazon.com),3%,VERIFIED,24 Std. Session; Warenkorb-Add innerhalb Session -> Kauf bis 89 Tage nach Klick,VERIFIED,UNKNOWN,"Ja – Social-Media-UGC gilt als 'Site' (Account-URL im Antrag/Konto listen); akzeptiert: Facebook (keine Privatprofile), Instagram, Twitter/X, YouTube, TikTok, Twitch – Pinterest NICHT gelistet","Ja (exakte Profil-URL registrieren; Pflichthinweis muss mit dem Account verknüpft sein, z.B. Bio)","Ja (Produkt-/Suchlinks mit Tag; Linkkürzer nur wenn klar erkennbar auf Amazon verlinkt, z.B. amzn.to)",Creators API (Nachfolger der abgekündigten PA-API 5; Voraussetzung: mind. 10 qualifizierte Verkäufe in 30 Tagen),Provision nur auf Käufe im jeweiligen Amazon-Store (amazon.com); Geo-Routing via OneLink/Geniuslink nötig,"Standardsatz lt. Commission Income Statement; seit 14.04.2026: Käufe über bezahlte/geboostete Anzeigen disqualifiziert, 180-Tage-Versand/Zahlungsfrist, Onsite-Provision nur auf gleiche ASIN-Variante; DMs nur 'solicited' (Opt-in); Pflichttext 'As an Amazon Associate I earn from qualifying purchases'; Freischaltung nach 3 Verkäufen in 180 Tagen; individuell verhandelte Publisher-Sätze wurden 2026 lt. Adweek um bis zu 50% gekürzt",https://affiliate-program.amazon.com/help/node/topic/GRXPHT8U84RAYDXZ,2026-09-26,quellen/raw_programs_A.csv
P-A027,Amazon (alle),Amazon US – Musical Instruments 3%,https://affiliate-program.amazon.com/,Direct (Amazon Associates),US (amazon.com),3%,VERIFIED,24 Std. Session; Warenkorb-Add innerhalb Session -> Kauf bis 89 Tage nach Klick,VERIFIED,UNKNOWN,"Ja – Social-Media-UGC gilt als 'Site' (Account-URL im Antrag/Konto listen); akzeptiert: Facebook (keine Privatprofile), Instagram, Twitter/X, YouTube, TikTok, Twitch – Pinterest NICHT gelistet","Ja (exakte Profil-URL registrieren; Pflichthinweis muss mit dem Account verknüpft sein, z.B. Bio)","Ja (Produkt-/Suchlinks mit Tag; Linkkürzer nur wenn klar erkennbar auf Amazon verlinkt, z.B. amzn.to)",Creators API (Nachfolger der abgekündigten PA-API 5; Voraussetzung: mind. 10 qualifizierte Verkäufe in 30 Tagen),Provision nur auf Käufe im jeweiligen Amazon-Store (amazon.com); Geo-Routing via OneLink/Geniuslink nötig,"Standardsatz lt. Commission Income Statement; seit 14.04.2026: Käufe über bezahlte/geboostete Anzeigen disqualifiziert, 180-Tage-Versand/Zahlungsfrist, Onsite-Provision nur auf gleiche ASIN-Variante; DMs nur 'solicited' (Opt-in); Pflichttext 'As an Amazon Associate I earn from qualifying purchases'; Freischaltung nach 3 Verkäufen in 180 Tagen; individuell verhandelte Publisher-Sätze wurden 2026 lt. Adweek um bis zu 50% gekürzt",https://affiliate-program.amazon.com/help/node/topic/GRXPHT8U84RAYDXZ,2026-09-26,quellen/raw_programs_A.csv
P-A028,Amazon (alle),Amazon US – PC & PC Components (Computers) 2.5%,https://affiliate-program.amazon.com/,Direct (Amazon Associates),US (amazon.com),2.5%,VERIFIED,24 Std. Session; Warenkorb-Add innerhalb Session -> Kauf bis 89 Tage nach Klick,VERIFIED,UNKNOWN,"Ja – Social-Media-UGC gilt als 'Site' (Account-URL im Antrag/Konto listen); akzeptiert: Facebook (keine Privatprofile), Instagram, Twitter/X, YouTube, TikTok, Twitch – Pinterest NICHT gelistet","Ja (exakte Profil-URL registrieren; Pflichthinweis muss mit dem Account verknüpft sein, z.B. Bio)","Ja (Produkt-/Suchlinks mit Tag; Linkkürzer nur wenn klar erkennbar auf Amazon verlinkt, z.B. amzn.to)",Creators API (Nachfolger der abgekündigten PA-API 5; Voraussetzung: mind. 10 qualifizierte Verkäufe in 30 Tagen),Provision nur auf Käufe im jeweiligen Amazon-Store (amazon.com); Geo-Routing via OneLink/Geniuslink nötig,"Standardsatz lt. Commission Income Statement; seit 14.04.2026: Käufe über bezahlte/geboostete Anzeigen disqualifiziert, 180-Tage-Versand/Zahlungsfrist, Onsite-Provision nur auf gleiche ASIN-Variante; DMs nur 'solicited' (Opt-in); Pflichttext 'As an Amazon Associate I earn from qualifying purchases'; Freischaltung nach 3 Verkäufen in 180 Tagen; individuell verhandelte Publisher-Sätze wurden 2026 lt. Adweek um bis zu 50% gekürzt",https://affiliate-program.amazon.com/help/node/topic/GRXPHT8U84RAYDXZ,2026-09-26,quellen/raw_programs_A.csv
P-A029,Amazon (alle),Amazon US – Televisions 2%,https://affiliate-program.amazon.com/,Direct (Amazon Associates),US (amazon.com),2%,VERIFIED,24 Std. Session; Warenkorb-Add innerhalb Session -> Kauf bis 89 Tage nach Klick,VERIFIED,UNKNOWN,"Ja – Social-Media-UGC gilt als 'Site' (Account-URL im Antrag/Konto listen); akzeptiert: Facebook (keine Privatprofile), Instagram, Twitter/X, YouTube, TikTok, Twitch – Pinterest NICHT gelistet","Ja (exakte Profil-URL registrieren; Pflichthinweis muss mit dem Account verknüpft sein, z.B. Bio)","Ja (Produkt-/Suchlinks mit Tag; Linkkürzer nur wenn klar erkennbar auf Amazon verlinkt, z.B. amzn.to)",Creators API (Nachfolger der abgekündigten PA-API 5; Voraussetzung: mind. 10 qualifizierte Verkäufe in 30 Tagen),Provision nur auf Käufe im jeweiligen Amazon-Store (amazon.com); Geo-Routing via OneLink/Geniuslink nötig,"Standardsatz lt. Commission Income Statement; seit 14.04.2026: Käufe über bezahlte/geboostete Anzeigen disqualifiziert, 180-Tage-Versand/Zahlungsfrist, Onsite-Provision nur auf gleiche ASIN-Variante; DMs nur 'solicited' (Opt-in); Pflichttext 'As an Amazon Associate I earn from qualifying purchases'; Freischaltung nach 3 Verkäufen in 180 Tagen; individuell verhandelte Publisher-Sätze wurden 2026 lt. Adweek um bis zu 50% gekürzt",https://affiliate-program.amazon.com/help/node/topic/GRXPHT8U84RAYDXZ,2026-09-26,quellen/raw_programs_A.csv
P-A030,Amazon (alle),Amazon US – Digital Video Games 2%,https://affiliate-program.amazon.com/,Direct (Amazon Associates),US (amazon.com),2%,VERIFIED,24 Std. Session; Warenkorb-Add innerhalb Session -> Kauf bis 89 Tage nach Klick,VERIFIED,UNKNOWN,"Ja – Social-Media-UGC gilt als 'Site' (Account-URL im Antrag/Konto listen); akzeptiert: Facebook (keine Privatprofile), Instagram, Twitter/X, YouTube, TikTok, Twitch – Pinterest NICHT gelistet","Ja (exakte Profil-URL registrieren; Pflichthinweis muss mit dem Account verknüpft sein, z.B. Bio)","Ja (Produkt-/Suchlinks mit Tag; Linkkürzer nur wenn klar erkennbar auf Amazon verlinkt, z.B. amzn.to)",Creators API (Nachfolger der abgekündigten PA-API 5; Voraussetzung: mind. 10 qualifizierte Verkäufe in 30 Tagen),Provision nur auf Käufe im jeweiligen Amazon-Store (amazon.com); Geo-Routing via OneLink/Geniuslink nötig,"Standardsatz lt. Commission Income Statement; seit 14.04.2026: Käufe über bezahlte/geboostete Anzeigen disqualifiziert, 180-Tage-Versand/Zahlungsfrist, Onsite-Provision nur auf gleiche ASIN-Variante; DMs nur 'solicited' (Opt-in); Pflichttext 'As an Amazon Associate I earn from qualifying purchases'; Freischaltung nach 3 Verkäufen in 180 Tagen; individuell verhandelte Publisher-Sätze wurden 2026 lt. Adweek um bis zu 50% gekürzt",https://affiliate-program.amazon.com/help/node/topic/GRXPHT8U84RAYDXZ,2026-09-26,quellen/raw_programs_A.csv
P-A031,Amazon (alle),Amazon US – Physical Video Games & Consoles 1%,https://affiliate-program.amazon.com/,Direct (Amazon Associates),US (amazon.com),1%,VERIFIED,24 Std. Session; Warenkorb-Add innerhalb Session -> Kauf bis 89 Tage nach Klick,VERIFIED,UNKNOWN,"Ja – Social-Media-UGC gilt als 'Site' (Account-URL im Antrag/Konto listen); akzeptiert: Facebook (keine Privatprofile), Instagram, Twitter/X, YouTube, TikTok, Twitch – Pinterest NICHT gelistet","Ja (exakte Profil-URL registrieren; Pflichthinweis muss mit dem Account verknüpft sein, z.B. Bio)","Ja (Produkt-/Suchlinks mit Tag; Linkkürzer nur wenn klar erkennbar auf Amazon verlinkt, z.B. amzn.to)",Creators API (Nachfolger der abgekündigten PA-API 5; Voraussetzung: mind. 10 qualifizierte Verkäufe in 30 Tagen),Provision nur auf Käufe im jeweiligen Amazon-Store (amazon.com); Geo-Routing via OneLink/Geniuslink nötig,"Standardsatz lt. Commission Income Statement; seit 14.04.2026: Käufe über bezahlte/geboostete Anzeigen disqualifiziert, 180-Tage-Versand/Zahlungsfrist, Onsite-Provision nur auf gleiche ASIN-Variante; DMs nur 'solicited' (Opt-in); Pflichttext 'As an Amazon Associate I earn from qualifying purchases'; Freischaltung nach 3 Verkäufen in 180 Tagen; individuell verhandelte Publisher-Sätze wurden 2026 lt. Adweek um bis zu 50% gekürzt",https://affiliate-program.amazon.com/help/node/topic/GRXPHT8U84RAYDXZ,2026-09-26,quellen/raw_programs_A.csv
P-A032,Amazon (alle),Amazon US – Grocery / Amazon Fresh 1%,https://affiliate-program.amazon.com/,Direct (Amazon Associates),US (amazon.com),1%,VERIFIED,24 Std. Session; Warenkorb-Add innerhalb Session -> Kauf bis 89 Tage nach Klick,VERIFIED,UNKNOWN,"Ja – Social-Media-UGC gilt als 'Site' (Account-URL im Antrag/Konto listen); akzeptiert: Facebook (keine Privatprofile), Instagram, Twitter/X, YouTube, TikTok, Twitch – Pinterest NICHT gelistet","Ja (exakte Profil-URL registrieren; Pflichthinweis muss mit dem Account verknüpft sein, z.B. Bio)","Ja (Produkt-/Suchlinks mit Tag; Linkkürzer nur wenn klar erkennbar auf Amazon verlinkt, z.B. amzn.to)",Creators API (Nachfolger der abgekündigten PA-API 5; Voraussetzung: mind. 10 qualifizierte Verkäufe in 30 Tagen),Provision nur auf Käufe im jeweiligen Amazon-Store (amazon.com); Geo-Routing via OneLink/Geniuslink nötig,"Standardsatz lt. Commission Income Statement; seit 14.04.2026: Käufe über bezahlte/geboostete Anzeigen disqualifiziert, 180-Tage-Versand/Zahlungsfrist, Onsite-Provision nur auf gleiche ASIN-Variante; DMs nur 'solicited' (Opt-in); Pflichttext 'As an Amazon Associate I earn from qualifying purchases'; Freischaltung nach 3 Verkäufen in 180 Tagen; individuell verhandelte Publisher-Sätze wurden 2026 lt. Adweek um bis zu 50% gekürzt",https://affiliate-program.amazon.com/help/node/topic/GRXPHT8U84RAYDXZ,2026-09-26,quellen/raw_programs_A.csv
P-A033,Amazon (alle),Amazon US – Health & Personal Care 1%,https://affiliate-program.amazon.com/,Direct (Amazon Associates),US (amazon.com),1%,VERIFIED,24 Std. Session; Warenkorb-Add innerhalb Session -> Kauf bis 89 Tage nach Klick,VERIFIED,UNKNOWN,"Ja – Social-Media-UGC gilt als 'Site' (Account-URL im Antrag/Konto listen); akzeptiert: Facebook (keine Privatprofile), Instagram, Twitter/X, YouTube, TikTok, Twitch – Pinterest NICHT gelistet","Ja (exakte Profil-URL registrieren; Pflichthinweis muss mit dem Account verknüpft sein, z.B. Bio)","Ja (Produkt-/Suchlinks mit Tag; Linkkürzer nur wenn klar erkennbar auf Amazon verlinkt, z.B. amzn.to)",Creators API (Nachfolger der abgekündigten PA-API 5; Voraussetzung: mind. 10 qualifizierte Verkäufe in 30 Tagen),Provision nur auf Käufe im jeweiligen Amazon-Store (amazon.com); Geo-Routing via OneLink/Geniuslink nötig,"Standardsatz lt. Commission Income Statement; seit 14.04.2026: Käufe über bezahlte/geboostete Anzeigen disqualifiziert, 180-Tage-Versand/Zahlungsfrist, Onsite-Provision nur auf gleiche ASIN-Variante; DMs nur 'solicited' (Opt-in); Pflichttext 'As an Amazon Associate I earn from qualifying purchases'; Freischaltung nach 3 Verkäufen in 180 Tagen; individuell verhandelte Publisher-Sätze wurden 2026 lt. Adweek um bis zu 50% gekürzt",https://affiliate-program.amazon.com/help/node/topic/GRXPHT8U84RAYDXZ,2026-09-26,quellen/raw_programs_A.csv
P-A034,Amazon (alle),Amazon US – Electronics (nicht separat gelistet -> 'All Other Categories') 4%,https://affiliate-program.amazon.com/,Direct (Amazon Associates),US (amazon.com),4%,VERIFIED,24 Std. Session; Warenkorb-Add innerhalb Session -> Kauf bis 89 Tage nach Klick,VERIFIED,UNKNOWN,"Ja – Social-Media-UGC gilt als 'Site' (Account-URL im Antrag/Konto listen); akzeptiert: Facebook (keine Privatprofile), Instagram, Twitter/X, YouTube, TikTok, Twitch – Pinterest NICHT gelistet","Ja (exakte Profil-URL registrieren; Pflichthinweis muss mit dem Account verknüpft sein, z.B. Bio)","Ja (Produkt-/Suchlinks mit Tag; Linkkürzer nur wenn klar erkennbar auf Amazon verlinkt, z.B. amzn.to)",Creators API (Nachfolger der abgekündigten PA-API 5; Voraussetzung: mind. 10 qualifizierte Verkäufe in 30 Tagen),Provision nur auf Käufe im jeweiligen Amazon-Store (amazon.com); Geo-Routing via OneLink/Geniuslink nötig,"Zuordnung 'Electronics' zu 'All Other Categories' ist abgeleitet (Kategorie nicht explizit in Tabelle 1) | Standardsatz lt. Commission Income Statement; seit 14.04.2026: Käufe über bezahlte/geboostete Anzeigen disqualifiziert, 180-Tage-Versand/Zahlungsfrist, Onsite-Provision nur auf gleiche ASIN-Variante; DMs nur 'solicited' (Opt-in); Pflichttext 'As an Amazon Associate I earn from qualifying purchases'; Freischaltung nach 3 Verkäufen in 180 Tagen; individuell verhandelte Publisher-Sätze wurden 2026 lt. Adweek um bis zu 50% gekürzt",https://affiliate-program.amazon.com/help/node/topic/GRXPHT8U84RAYDXZ,2026-09-26,quellen/raw_programs_A.csv
P-A035,Amazon (alle),Amazon US – All Other Categories 4%,https://affiliate-program.amazon.com/,Direct (Amazon Associates),US (amazon.com),4%,VERIFIED,24 Std. Session; Warenkorb-Add innerhalb Session -> Kauf bis 89 Tage nach Klick,VERIFIED,UNKNOWN,"Ja – Social-Media-UGC gilt als 'Site' (Account-URL im Antrag/Konto listen); akzeptiert: Facebook (keine Privatprofile), Instagram, Twitter/X, YouTube, TikTok, Twitch – Pinterest NICHT gelistet","Ja (exakte Profil-URL registrieren; Pflichthinweis muss mit dem Account verknüpft sein, z.B. Bio)","Ja (Produkt-/Suchlinks mit Tag; Linkkürzer nur wenn klar erkennbar auf Amazon verlinkt, z.B. amzn.to)",Creators API (Nachfolger der abgekündigten PA-API 5; Voraussetzung: mind. 10 qualifizierte Verkäufe in 30 Tagen),Provision nur auf Käufe im jeweiligen Amazon-Store (amazon.com); Geo-Routing via OneLink/Geniuslink nötig,"Standardsatz lt. Commission Income Statement; seit 14.04.2026: Käufe über bezahlte/geboostete Anzeigen disqualifiziert, 180-Tage-Versand/Zahlungsfrist, Onsite-Provision nur auf gleiche ASIN-Variante; DMs nur 'solicited' (Opt-in); Pflichttext 'As an Amazon Associate I earn from qualifying purchases'; Freischaltung nach 3 Verkäufen in 180 Tagen; individuell verhandelte Publisher-Sätze wurden 2026 lt. Adweek um bis zu 50% gekürzt",https://affiliate-program.amazon.com/help/node/topic/GRXPHT8U84RAYDXZ,2026-09-26,quellen/raw_programs_A.csv
P-A036,Amazon (alle),Amazon US – Gift Cards / Alcoholic Beverages / Pet Prescription u.a. 0%,https://affiliate-program.amazon.com/,Direct (Amazon Associates),US (amazon.com),0%,VERIFIED,24 Std. Session; Warenkorb-Add innerhalb Session -> Kauf bis 89 Tage nach Klick,VERIFIED,UNKNOWN,"Ja – Social-Media-UGC gilt als 'Site' (Account-URL im Antrag/Konto listen); akzeptiert: Facebook (keine Privatprofile), Instagram, Twitter/X, YouTube, TikTok, Twitch – Pinterest NICHT gelistet","Ja (exakte Profil-URL registrieren; Pflichthinweis muss mit dem Account verknüpft sein, z.B. Bio)","Ja (Produkt-/Suchlinks mit Tag; Linkkürzer nur wenn klar erkennbar auf Amazon verlinkt, z.B. amzn.to)",Creators API (Nachfolger der abgekündigten PA-API 5; Voraussetzung: mind. 10 qualifizierte Verkäufe in 30 Tagen),Provision nur auf Käufe im jeweiligen Amazon-Store (amazon.com); Geo-Routing via OneLink/Geniuslink nötig,"Standardsatz lt. Commission Income Statement; seit 14.04.2026: Käufe über bezahlte/geboostete Anzeigen disqualifiziert, 180-Tage-Versand/Zahlungsfrist, Onsite-Provision nur auf gleiche ASIN-Variante; DMs nur 'solicited' (Opt-in); Pflichttext 'As an Amazon Associate I earn from qualifying purchases'; Freischaltung nach 3 Verkäufen in 180 Tagen; individuell verhandelte Publisher-Sätze wurden 2026 lt. Adweek um bis zu 50% gekürzt",https://affiliate-program.amazon.com/help/node/topic/GRXPHT8U84RAYDXZ,2026-09-26,quellen/raw_programs_A.csv
P-A037,Amazon (alle),Amazon DE – Bekleidung & Accessoires / Amazon Fashion Eigenmarken 6%,https://partnernet.amazon.de/,Direct (Amazon PartnerNet),DE/AT (amazon.de),6%,VERIFIED,24 Std. Session; Warenkorb-Add innerhalb Session -> Kauf bis 89 Tage nach Klick,VERIFIED,UNKNOWN,"Ja – nutzergenerierte Social-Media-Inhalte gelten als 'Website'; akzeptiert: Facebook (keine Privatprofile), Instagram, Twitter/X, YouTube, TikTok, Twitch – Pinterest NICHT gelistet","Ja (exakte Profil-URL registrieren; Pflichthinweis muss mit dem Account verknüpft sein, z.B. Bio)","Ja (Produkt-/Suchlinks mit Tag; Linkkürzer nur wenn klar erkennbar auf Amazon verlinkt, z.B. amzn.to)",Creators API (Nachfolger der abgekündigten PA-API 5; Voraussetzung: mind. 10 qualifizierte Verkäufe in 30 Tagen),Provision nur für amazon.de-Käufe; EU-Stores separat (eigene Tags),"Standard-Vergütungskatalog DE (identisch UK/EU-Anhang; gleiche Sätze für direkte/indirekte Käufe); Sätze liegen unter dem Stand 23.06.2025 (lt. ABAKUS-Forum z.B. Möbel/Wohnen 6%) -> weitere Senkung, Datum unbekannt; seit 14.04.2026: bezahlte/verstärkte Werbung disqualifiziert, 180-Tage-Frist; Direktnachrichten nur wenn 'angefordert' (Opt-in); Pflichttext 'Als Amazon-Partner verdiene ich an qualifizierten Verkäufen' + '#Anzeige'; Startseite wirbt 'bis zu 12%' (über Tabelle hinaus nur Sonderprogramme)",https://partnernet.amazon.de/help/node/topic/GRXPHT8U84RAYDXZ,2026-09-26,quellen/raw_programs_A.csv
P-A038,Amazon (alle),Amazon DE – Luxus / Luxus Beauty Stores / Luxus Fashion Stores 6%,https://partnernet.amazon.de/,Direct (Amazon PartnerNet),DE/AT (amazon.de),6%,VERIFIED,24 Std. Session; Warenkorb-Add innerhalb Session -> Kauf bis 89 Tage nach Klick,VERIFIED,UNKNOWN,"Ja – nutzergenerierte Social-Media-Inhalte gelten als 'Website'; akzeptiert: Facebook (keine Privatprofile), Instagram, Twitter/X, YouTube, TikTok, Twitch – Pinterest NICHT gelistet","Ja (exakte Profil-URL registrieren; Pflichthinweis muss mit dem Account verknüpft sein, z.B. Bio)","Ja (Produkt-/Suchlinks mit Tag; Linkkürzer nur wenn klar erkennbar auf Amazon verlinkt, z.B. amzn.to)",Creators API (Nachfolger der abgekündigten PA-API 5; Voraussetzung: mind. 10 qualifizierte Verkäufe in 30 Tagen),Provision nur für amazon.de-Käufe; EU-Stores separat (eigene Tags),"Standard-Vergütungskatalog DE (identisch UK/EU-Anhang; gleiche Sätze für direkte/indirekte Käufe); Sätze liegen unter dem Stand 23.06.2025 (lt. ABAKUS-Forum z.B. Möbel/Wohnen 6%) -> weitere Senkung, Datum unbekannt; seit 14.04.2026: bezahlte/verstärkte Werbung disqualifiziert, 180-Tage-Frist; Direktnachrichten nur wenn 'angefordert' (Opt-in); Pflichttext 'Als Amazon-Partner verdiene ich an qualifizierten Verkäufen' + '#Anzeige'; Startseite wirbt 'bis zu 12%' (über Tabelle hinaus nur Sonderprogramme)",https://partnernet.amazon.de/help/node/topic/GRXPHT8U84RAYDXZ,2026-09-26,quellen/raw_programs_A.csv
P-A039,Amazon (alle),"Amazon DE – Schuhe, Handtaschen & Geldbörsen 6%",https://partnernet.amazon.de/,Direct (Amazon PartnerNet),DE/AT (amazon.de),6%,VERIFIED,24 Std. Session; Warenkorb-Add innerhalb Session -> Kauf bis 89 Tage nach Klick,VERIFIED,UNKNOWN,"Ja – nutzergenerierte Social-Media-Inhalte gelten als 'Website'; akzeptiert: Facebook (keine Privatprofile), Instagram, Twitter/X, YouTube, TikTok, Twitch – Pinterest NICHT gelistet","Ja (exakte Profil-URL registrieren; Pflichthinweis muss mit dem Account verknüpft sein, z.B. Bio)","Ja (Produkt-/Suchlinks mit Tag; Linkkürzer nur wenn klar erkennbar auf Amazon verlinkt, z.B. amzn.to)",Creators API (Nachfolger der abgekündigten PA-API 5; Voraussetzung: mind. 10 qualifizierte Verkäufe in 30 Tagen),Provision nur für amazon.de-Käufe; EU-Stores separat (eigene Tags),"Standard-Vergütungskatalog DE (identisch UK/EU-Anhang; gleiche Sätze für direkte/indirekte Käufe); Sätze liegen unter dem Stand 23.06.2025 (lt. ABAKUS-Forum z.B. Möbel/Wohnen 6%) -> weitere Senkung, Datum unbekannt; seit 14.04.2026: bezahlte/verstärkte Werbung disqualifiziert, 180-Tage-Frist; Direktnachrichten nur wenn 'angefordert' (Opt-in); Pflichttext 'Als Amazon-Partner verdiene ich an qualifizierten Verkäufen' + '#Anzeige'; Startseite wirbt 'bis zu 12%' (über Tabelle hinaus nur Sonderprogramme)",https://partnernet.amazon.de/help/node/topic/GRXPHT8U84RAYDXZ,2026-09-26,quellen/raw_programs_A.csv
P-A040,Amazon (alle),Amazon DE – Uhren 6%,https://partnernet.amazon.de/,Direct (Amazon PartnerNet),DE/AT (amazon.de),6%,VERIFIED,24 Std. Session; Warenkorb-Add innerhalb Session -> Kauf bis 89 Tage nach Klick,VERIFIED,UNKNOWN,"Ja – nutzergenerierte Social-Media-Inhalte gelten als 'Website'; akzeptiert: Facebook (keine Privatprofile), Instagram, Twitter/X, YouTube, TikTok, Twitch – Pinterest NICHT gelistet","Ja (exakte Profil-URL registrieren; Pflichthinweis muss mit dem Account verknüpft sein, z.B. Bio)","Ja (Produkt-/Suchlinks mit Tag; Linkkürzer nur wenn klar erkennbar auf Amazon verlinkt, z.B. amzn.to)",Creators API (Nachfolger der abgekündigten PA-API 5; Voraussetzung: mind. 10 qualifizierte Verkäufe in 30 Tagen),Provision nur für amazon.de-Käufe; EU-Stores separat (eigene Tags),"Standard-Vergütungskatalog DE (identisch UK/EU-Anhang; gleiche Sätze für direkte/indirekte Käufe); Sätze liegen unter dem Stand 23.06.2025 (lt. ABAKUS-Forum z.B. Möbel/Wohnen 6%) -> weitere Senkung, Datum unbekannt; seit 14.04.2026: bezahlte/verstärkte Werbung disqualifiziert, 180-Tage-Frist; Direktnachrichten nur wenn 'angefordert' (Opt-in); Pflichttext 'Als Amazon-Partner verdiene ich an qualifizierten Verkäufen' + '#Anzeige'; Startseite wirbt 'bis zu 12%' (über Tabelle hinaus nur Sonderprogramme)",https://partnernet.amazon.de/help/node/topic/GRXPHT8U84RAYDXZ,2026-09-26,quellen/raw_programs_A.csv
P-A041,Amazon (alle),Amazon DE – Möbel 5%,https://partnernet.amazon.de/,Direct (Amazon PartnerNet),DE/AT (amazon.de),5%,VERIFIED,24 Std. Session; Warenkorb-Add innerhalb Session -> Kauf bis 89 Tage nach Klick,VERIFIED,UNKNOWN,"Ja – nutzergenerierte Social-Media-Inhalte gelten als 'Website'; akzeptiert: Facebook (keine Privatprofile), Instagram, Twitter/X, YouTube, TikTok, Twitch – Pinterest NICHT gelistet","Ja (exakte Profil-URL registrieren; Pflichthinweis muss mit dem Account verknüpft sein, z.B. Bio)","Ja (Produkt-/Suchlinks mit Tag; Linkkürzer nur wenn klar erkennbar auf Amazon verlinkt, z.B. amzn.to)",Creators API (Nachfolger der abgekündigten PA-API 5; Voraussetzung: mind. 10 qualifizierte Verkäufe in 30 Tagen),Provision nur für amazon.de-Käufe; EU-Stores separat (eigene Tags),"Standard-Vergütungskatalog DE (identisch UK/EU-Anhang; gleiche Sätze für direkte/indirekte Käufe); Sätze liegen unter dem Stand 23.06.2025 (lt. ABAKUS-Forum z.B. Möbel/Wohnen 6%) -> weitere Senkung, Datum unbekannt; seit 14.04.2026: bezahlte/verstärkte Werbung disqualifiziert, 180-Tage-Frist; Direktnachrichten nur wenn 'angefordert' (Opt-in); Pflichttext 'Als Amazon-Partner verdiene ich an qualifizierten Verkäufen' + '#Anzeige'; Startseite wirbt 'bis zu 12%' (über Tabelle hinaus nur Sonderprogramme)",https://partnernet.amazon.de/help/node/topic/GRXPHT8U84RAYDXZ,2026-09-26,quellen/raw_programs_A.csv
P-A042,Amazon (alle),Amazon DE – Wohnen 5%,https://partnernet.amazon.de/,Direct (Amazon PartnerNet),DE/AT (amazon.de),5%,VERIFIED,24 Std. Session; Warenkorb-Add innerhalb Session -> Kauf bis 89 Tage nach Klick,VERIFIED,UNKNOWN,"Ja – nutzergenerierte Social-Media-Inhalte gelten als 'Website'; akzeptiert: Facebook (keine Privatprofile), Instagram, Twitter/X, YouTube, TikTok, Twitch – Pinterest NICHT gelistet","Ja (exakte Profil-URL registrieren; Pflichthinweis muss mit dem Account verknüpft sein, z.B. Bio)","Ja (Produkt-/Suchlinks mit Tag; Linkkürzer nur wenn klar erkennbar auf Amazon verlinkt, z.B. amzn.to)",Creators API (Nachfolger der abgekündigten PA-API 5; Voraussetzung: mind. 10 qualifizierte Verkäufe in 30 Tagen),Provision nur für amazon.de-Käufe; EU-Stores separat (eigene Tags),"Standard-Vergütungskatalog DE (identisch UK/EU-Anhang; gleiche Sätze für direkte/indirekte Käufe); Sätze liegen unter dem Stand 23.06.2025 (lt. ABAKUS-Forum z.B. Möbel/Wohnen 6%) -> weitere Senkung, Datum unbekannt; seit 14.04.2026: bezahlte/verstärkte Werbung disqualifiziert, 180-Tage-Frist; Direktnachrichten nur wenn 'angefordert' (Opt-in); Pflichttext 'Als Amazon-Partner verdiene ich an qualifizierten Verkäufen' + '#Anzeige'; Startseite wirbt 'bis zu 12%' (über Tabelle hinaus nur Sonderprogramme)",https://partnernet.amazon.de/help/node/topic/GRXPHT8U84RAYDXZ,2026-09-26,quellen/raw_programs_A.csv
P-A043,Amazon (alle),Amazon DE – Küche & Esszimmer 5%,https://partnernet.amazon.de/,Direct (Amazon PartnerNet),DE/AT (amazon.de),5%,VERIFIED,24 Std. Session; Warenkorb-Add innerhalb Session -> Kauf bis 89 Tage nach Klick,VERIFIED,UNKNOWN,"Ja – nutzergenerierte Social-Media-Inhalte gelten als 'Website'; akzeptiert: Facebook (keine Privatprofile), Instagram, Twitter/X, YouTube, TikTok, Twitch – Pinterest NICHT gelistet","Ja (exakte Profil-URL registrieren; Pflichthinweis muss mit dem Account verknüpft sein, z.B. Bio)","Ja (Produkt-/Suchlinks mit Tag; Linkkürzer nur wenn klar erkennbar auf Amazon verlinkt, z.B. amzn.to)",Creators API (Nachfolger der abgekündigten PA-API 5; Voraussetzung: mind. 10 qualifizierte Verkäufe in 30 Tagen),Provision nur für amazon.de-Käufe; EU-Stores separat (eigene Tags),"Standard-Vergütungskatalog DE (identisch UK/EU-Anhang; gleiche Sätze für direkte/indirekte Käufe); Sätze liegen unter dem Stand 23.06.2025 (lt. ABAKUS-Forum z.B. Möbel/Wohnen 6%) -> weitere Senkung, Datum unbekannt; seit 14.04.2026: bezahlte/verstärkte Werbung disqualifiziert, 180-Tage-Frist; Direktnachrichten nur wenn 'angefordert' (Opt-in); Pflichttext 'Als Amazon-Partner verdiene ich an qualifizierten Verkäufen' + '#Anzeige'; Startseite wirbt 'bis zu 12%' (über Tabelle hinaus nur Sonderprogramme)",https://partnernet.amazon.de/help/node/topic/GRXPHT8U84RAYDXZ,2026-09-26,quellen/raw_programs_A.csv
P-A044,Amazon (alle),Amazon DE – Baumarkt 5%,https://partnernet.amazon.de/,Direct (Amazon PartnerNet),DE/AT (amazon.de),5%,VERIFIED,24 Std. Session; Warenkorb-Add innerhalb Session -> Kauf bis 89 Tage nach Klick,VERIFIED,UNKNOWN,"Ja – nutzergenerierte Social-Media-Inhalte gelten als 'Website'; akzeptiert: Facebook (keine Privatprofile), Instagram, Twitter/X, YouTube, TikTok, Twitch – Pinterest NICHT gelistet","Ja (exakte Profil-URL registrieren; Pflichthinweis muss mit dem Account verknüpft sein, z.B. Bio)","Ja (Produkt-/Suchlinks mit Tag; Linkkürzer nur wenn klar erkennbar auf Amazon verlinkt, z.B. amzn.to)",Creators API (Nachfolger der abgekündigten PA-API 5; Voraussetzung: mind. 10 qualifizierte Verkäufe in 30 Tagen),Provision nur für amazon.de-Käufe; EU-Stores separat (eigene Tags),"Standard-Vergütungskatalog DE (identisch UK/EU-Anhang; gleiche Sätze für direkte/indirekte Käufe); Sätze liegen unter dem Stand 23.06.2025 (lt. ABAKUS-Forum z.B. Möbel/Wohnen 6%) -> weitere Senkung, Datum unbekannt; seit 14.04.2026: bezahlte/verstärkte Werbung disqualifiziert, 180-Tage-Frist; Direktnachrichten nur wenn 'angefordert' (Opt-in); Pflichttext 'Als Amazon-Partner verdiene ich an qualifizierten Verkäufen' + '#Anzeige'; Startseite wirbt 'bis zu 12%' (über Tabelle hinaus nur Sonderprogramme)",https://partnernet.amazon.de/help/node/topic/GRXPHT8U84RAYDXZ,2026-09-26,quellen/raw_programs_A.csv
P-A045,Amazon (alle),Amazon DE – Elektro- & Handwerkzeuge 5%,https://partnernet.amazon.de/,Direct (Amazon PartnerNet),DE/AT (amazon.de),5%,VERIFIED,24 Std. Session; Warenkorb-Add innerhalb Session -> Kauf bis 89 Tage nach Klick,VERIFIED,UNKNOWN,"Ja – nutzergenerierte Social-Media-Inhalte gelten als 'Website'; akzeptiert: Facebook (keine Privatprofile), Instagram, Twitter/X, YouTube, TikTok, Twitch – Pinterest NICHT gelistet","Ja (exakte Profil-URL registrieren; Pflichthinweis muss mit dem Account verknüpft sein, z.B. Bio)","Ja (Produkt-/Suchlinks mit Tag; Linkkürzer nur wenn klar erkennbar auf Amazon verlinkt, z.B. amzn.to)",Creators API (Nachfolger der abgekündigten PA-API 5; Voraussetzung: mind. 10 qualifizierte Verkäufe in 30 Tagen),Provision nur für amazon.de-Käufe; EU-Stores separat (eigene Tags),"Standard-Vergütungskatalog DE (identisch UK/EU-Anhang; gleiche Sätze für direkte/indirekte Käufe); Sätze liegen unter dem Stand 23.06.2025 (lt. ABAKUS-Forum z.B. Möbel/Wohnen 6%) -> weitere Senkung, Datum unbekannt; seit 14.04.2026: bezahlte/verstärkte Werbung disqualifiziert, 180-Tage-Frist; Direktnachrichten nur wenn 'angefordert' (Opt-in); Pflichttext 'Als Amazon-Partner verdiene ich an qualifizierten Verkäufen' + '#Anzeige'; Startseite wirbt 'bis zu 12%' (über Tabelle hinaus nur Sonderprogramme)",https://partnernet.amazon.de/help/node/topic/GRXPHT8U84RAYDXZ,2026-09-26,quellen/raw_programs_A.csv
P-A046,Amazon (alle),Amazon DE – Schmuck 5%,https://partnernet.amazon.de/,Direct (Amazon PartnerNet),DE/AT (amazon.de),5%,VERIFIED,24 Std. Session; Warenkorb-Add innerhalb Session -> Kauf bis 89 Tage nach Klick,VERIFIED,UNKNOWN,"Ja – nutzergenerierte Social-Media-Inhalte gelten als 'Website'; akzeptiert: Facebook (keine Privatprofile), Instagram, Twitter/X, YouTube, TikTok, Twitch – Pinterest NICHT gelistet","Ja (exakte Profil-URL registrieren; Pflichthinweis muss mit dem Account verknüpft sein, z.B. Bio)","Ja (Produkt-/Suchlinks mit Tag; Linkkürzer nur wenn klar erkennbar auf Amazon verlinkt, z.B. amzn.to)",Creators API (Nachfolger der abgekündigten PA-API 5; Voraussetzung: mind. 10 qualifizierte Verkäufe in 30 Tagen),Provision nur für amazon.de-Käufe; EU-Stores separat (eigene Tags),"Standard-Vergütungskatalog DE (identisch UK/EU-Anhang; gleiche Sätze für direkte/indirekte Käufe); Sätze liegen unter dem Stand 23.06.2025 (lt. ABAKUS-Forum z.B. Möbel/Wohnen 6%) -> weitere Senkung, Datum unbekannt; seit 14.04.2026: bezahlte/verstärkte Werbung disqualifiziert, 180-Tage-Frist; Direktnachrichten nur wenn 'angefordert' (Opt-in); Pflichttext 'Als Amazon-Partner verdiene ich an qualifizierten Verkäufen' + '#Anzeige'; Startseite wirbt 'bis zu 12%' (über Tabelle hinaus nur Sonderprogramme)",https://partnernet.amazon.de/help/node/topic/GRXPHT8U84RAYDXZ,2026-09-26,quellen/raw_programs_A.csv
P-A047,Amazon (alle),Amazon DE – Auto & Motorrad 5%,https://partnernet.amazon.de/,Direct (Amazon PartnerNet),DE/AT (amazon.de),5%,VERIFIED,24 Std. Session; Warenkorb-Add innerhalb Session -> Kauf bis 89 Tage nach Klick,VERIFIED,UNKNOWN,"Ja – nutzergenerierte Social-Media-Inhalte gelten als 'Website'; akzeptiert: Facebook (keine Privatprofile), Instagram, Twitter/X, YouTube, TikTok, Twitch – Pinterest NICHT gelistet","Ja (exakte Profil-URL registrieren; Pflichthinweis muss mit dem Account verknüpft sein, z.B. Bio)","Ja (Produkt-/Suchlinks mit Tag; Linkkürzer nur wenn klar erkennbar auf Amazon verlinkt, z.B. amzn.to)",Creators API (Nachfolger der abgekündigten PA-API 5; Voraussetzung: mind. 10 qualifizierte Verkäufe in 30 Tagen),Provision nur für amazon.de-Käufe; EU-Stores separat (eigene Tags),"Standard-Vergütungskatalog DE (identisch UK/EU-Anhang; gleiche Sätze für direkte/indirekte Käufe); Sätze liegen unter dem Stand 23.06.2025 (lt. ABAKUS-Forum z.B. Möbel/Wohnen 6%) -> weitere Senkung, Datum unbekannt; seit 14.04.2026: bezahlte/verstärkte Werbung disqualifiziert, 180-Tage-Frist; Direktnachrichten nur wenn 'angefordert' (Opt-in); Pflichttext 'Als Amazon-Partner verdiene ich an qualifizierten Verkäufen' + '#Anzeige'; Startseite wirbt 'bis zu 12%' (über Tabelle hinaus nur Sonderprogramme)",https://partnernet.amazon.de/help/node/topic/GRXPHT8U84RAYDXZ,2026-09-26,quellen/raw_programs_A.csv
P-A048,Amazon (alle),Amazon DE – Bücher / Kindle eBooks 5%,https://partnernet.amazon.de/,Direct (Amazon PartnerNet),DE/AT (amazon.de),5%,VERIFIED,24 Std. Session; Warenkorb-Add innerhalb Session -> Kauf bis 89 Tage nach Klick,VERIFIED,UNKNOWN,"Ja – nutzergenerierte Social-Media-Inhalte gelten als 'Website'; akzeptiert: Facebook (keine Privatprofile), Instagram, Twitter/X, YouTube, TikTok, Twitch – Pinterest NICHT gelistet","Ja (exakte Profil-URL registrieren; Pflichthinweis muss mit dem Account verknüpft sein, z.B. Bio)","Ja (Produkt-/Suchlinks mit Tag; Linkkürzer nur wenn klar erkennbar auf Amazon verlinkt, z.B. amzn.to)",Creators API (Nachfolger der abgekündigten PA-API 5; Voraussetzung: mind. 10 qualifizierte Verkäufe in 30 Tagen),Provision nur für amazon.de-Käufe; EU-Stores separat (eigene Tags),"Standard-Vergütungskatalog DE (identisch UK/EU-Anhang; gleiche Sätze für direkte/indirekte Käufe); Sätze liegen unter dem Stand 23.06.2025 (lt. ABAKUS-Forum z.B. Möbel/Wohnen 6%) -> weitere Senkung, Datum unbekannt; seit 14.04.2026: bezahlte/verstärkte Werbung disqualifiziert, 180-Tage-Frist; Direktnachrichten nur wenn 'angefordert' (Opt-in); Pflichttext 'Als Amazon-Partner verdiene ich an qualifizierten Verkäufen' + '#Anzeige'; Startseite wirbt 'bis zu 12%' (über Tabelle hinaus nur Sonderprogramme)",https://partnernet.amazon.de/help/node/topic/GRXPHT8U84RAYDXZ,2026-09-26,quellen/raw_programs_A.csv
P-A049,Amazon (alle),Amazon DE – Handmade 5%,https://partnernet.amazon.de/,Direct (Amazon PartnerNet),DE/AT (amazon.de),5%,VERIFIED,24 Std. Session; Warenkorb-Add innerhalb Session -> Kauf bis 89 Tage nach Klick,VERIFIED,UNKNOWN,"Ja – nutzergenerierte Social-Media-Inhalte gelten als 'Website'; akzeptiert: Facebook (keine Privatprofile), Instagram, Twitter/X, YouTube, TikTok, Twitch – Pinterest NICHT gelistet","Ja (exakte Profil-URL registrieren; Pflichthinweis muss mit dem Account verknüpft sein, z.B. Bio)","Ja (Produkt-/Suchlinks mit Tag; Linkkürzer nur wenn klar erkennbar auf Amazon verlinkt, z.B. amzn.to)",Creators API (Nachfolger der abgekündigten PA-API 5; Voraussetzung: mind. 10 qualifizierte Verkäufe in 30 Tagen),Provision nur für amazon.de-Käufe; EU-Stores separat (eigene Tags),"Standard-Vergütungskatalog DE (identisch UK/EU-Anhang; gleiche Sätze für direkte/indirekte Käufe); Sätze liegen unter dem Stand 23.06.2025 (lt. ABAKUS-Forum z.B. Möbel/Wohnen 6%) -> weitere Senkung, Datum unbekannt; seit 14.04.2026: bezahlte/verstärkte Werbung disqualifiziert, 180-Tage-Frist; Direktnachrichten nur wenn 'angefordert' (Opt-in); Pflichttext 'Als Amazon-Partner verdiene ich an qualifizierten Verkäufen' + '#Anzeige'; Startseite wirbt 'bis zu 12%' (über Tabelle hinaus nur Sonderprogramme)",https://partnernet.amazon.de/help/node/topic/GRXPHT8U84RAYDXZ,2026-09-26,quellen/raw_programs_A.csv
P-A050,Amazon (alle),Amazon DE – Beauty 4%,https://partnernet.amazon.de/,Direct (Amazon PartnerNet),DE/AT (amazon.de),4%,VERIFIED,24 Std. Session; Warenkorb-Add innerhalb Session -> Kauf bis 89 Tage nach Klick,VERIFIED,UNKNOWN,"Ja – nutzergenerierte Social-Media-Inhalte gelten als 'Website'; akzeptiert: Facebook (keine Privatprofile), Instagram, Twitter/X, YouTube, TikTok, Twitch – Pinterest NICHT gelistet","Ja (exakte Profil-URL registrieren; Pflichthinweis muss mit dem Account verknüpft sein, z.B. Bio)","Ja (Produkt-/Suchlinks mit Tag; Linkkürzer nur wenn klar erkennbar auf Amazon verlinkt, z.B. amzn.to)",Creators API (Nachfolger der abgekündigten PA-API 5; Voraussetzung: mind. 10 qualifizierte Verkäufe in 30 Tagen),Provision nur für amazon.de-Käufe; EU-Stores separat (eigene Tags),"Standard-Vergütungskatalog DE (identisch UK/EU-Anhang; gleiche Sätze für direkte/indirekte Käufe); Sätze liegen unter dem Stand 23.06.2025 (lt. ABAKUS-Forum z.B. Möbel/Wohnen 6%) -> weitere Senkung, Datum unbekannt; seit 14.04.2026: bezahlte/verstärkte Werbung disqualifiziert, 180-Tage-Frist; Direktnachrichten nur wenn 'angefordert' (Opt-in); Pflichttext 'Als Amazon-Partner verdiene ich an qualifizierten Verkäufen' + '#Anzeige'; Startseite wirbt 'bis zu 12%' (über Tabelle hinaus nur Sonderprogramme)",https://partnernet.amazon.de/help/node/topic/GRXPHT8U84RAYDXZ,2026-09-26,quellen/raw_programs_A.csv
P-A051,Amazon (alle),Amazon DE – Gepäck 4%,https://partnernet.amazon.de/,Direct (Amazon PartnerNet),DE/AT (amazon.de),4%,VERIFIED,24 Std. Session; Warenkorb-Add innerhalb Session -> Kauf bis 89 Tage nach Klick,VERIFIED,UNKNOWN,"Ja – nutzergenerierte Social-Media-Inhalte gelten als 'Website'; akzeptiert: Facebook (keine Privatprofile), Instagram, Twitter/X, YouTube, TikTok, Twitch – Pinterest NICHT gelistet","Ja (exakte Profil-URL registrieren; Pflichthinweis muss mit dem Account verknüpft sein, z.B. Bio)","Ja (Produkt-/Suchlinks mit Tag; Linkkürzer nur wenn klar erkennbar auf Amazon verlinkt, z.B. amzn.to)",Creators API (Nachfolger der abgekündigten PA-API 5; Voraussetzung: mind. 10 qualifizierte Verkäufe in 30 Tagen),Provision nur für amazon.de-Käufe; EU-Stores separat (eigene Tags),"Standard-Vergütungskatalog DE (identisch UK/EU-Anhang; gleiche Sätze für direkte/indirekte Käufe); Sätze liegen unter dem Stand 23.06.2025 (lt. ABAKUS-Forum z.B. Möbel/Wohnen 6%) -> weitere Senkung, Datum unbekannt; seit 14.04.2026: bezahlte/verstärkte Werbung disqualifiziert, 180-Tage-Frist; Direktnachrichten nur wenn 'angefordert' (Opt-in); Pflichttext 'Als Amazon-Partner verdiene ich an qualifizierten Verkäufen' + '#Anzeige'; Startseite wirbt 'bis zu 12%' (über Tabelle hinaus nur Sonderprogramme)",https://partnernet.amazon.de/help/node/topic/GRXPHT8U84RAYDXZ,2026-09-26,quellen/raw_programs_A.csv
P-A052,Amazon (alle),Amazon DE – Körperpflegegeräte 4%,https://partnernet.amazon.de/,Direct (Amazon PartnerNet),DE/AT (amazon.de),4%,VERIFIED,24 Std. Session; Warenkorb-Add innerhalb Session -> Kauf bis 89 Tage nach Klick,VERIFIED,UNKNOWN,"Ja – nutzergenerierte Social-Media-Inhalte gelten als 'Website'; akzeptiert: Facebook (keine Privatprofile), Instagram, Twitter/X, YouTube, TikTok, Twitch – Pinterest NICHT gelistet","Ja (exakte Profil-URL registrieren; Pflichthinweis muss mit dem Account verknüpft sein, z.B. Bio)","Ja (Produkt-/Suchlinks mit Tag; Linkkürzer nur wenn klar erkennbar auf Amazon verlinkt, z.B. amzn.to)",Creators API (Nachfolger der abgekündigten PA-API 5; Voraussetzung: mind. 10 qualifizierte Verkäufe in 30 Tagen),Provision nur für amazon.de-Käufe; EU-Stores separat (eigene Tags),"Standard-Vergütungskatalog DE (identisch UK/EU-Anhang; gleiche Sätze für direkte/indirekte Käufe); Sätze liegen unter dem Stand 23.06.2025 (lt. ABAKUS-Forum z.B. Möbel/Wohnen 6%) -> weitere Senkung, Datum unbekannt; seit 14.04.2026: bezahlte/verstärkte Werbung disqualifiziert, 180-Tage-Frist; Direktnachrichten nur wenn 'angefordert' (Opt-in); Pflichttext 'Als Amazon-Partner verdiene ich an qualifizierten Verkäufen' + '#Anzeige'; Startseite wirbt 'bis zu 12%' (über Tabelle hinaus nur Sonderprogramme)",https://partnernet.amazon.de/help/node/topic/GRXPHT8U84RAYDXZ,2026-09-26,quellen/raw_programs_A.csv
P-A053,Amazon (alle),Amazon DE – Sport & Fitness 4%,https://partnernet.amazon.de/,Direct (Amazon PartnerNet),DE/AT (amazon.de),4%,VERIFIED,24 Std. Session; Warenkorb-Add innerhalb Session -> Kauf bis 89 Tage nach Klick,VERIFIED,UNKNOWN,"Ja – nutzergenerierte Social-Media-Inhalte gelten als 'Website'; akzeptiert: Facebook (keine Privatprofile), Instagram, Twitter/X, YouTube, TikTok, Twitch – Pinterest NICHT gelistet","Ja (exakte Profil-URL registrieren; Pflichthinweis muss mit dem Account verknüpft sein, z.B. Bio)","Ja (Produkt-/Suchlinks mit Tag; Linkkürzer nur wenn klar erkennbar auf Amazon verlinkt, z.B. amzn.to)",Creators API (Nachfolger der abgekündigten PA-API 5; Voraussetzung: mind. 10 qualifizierte Verkäufe in 30 Tagen),Provision nur für amazon.de-Käufe; EU-Stores separat (eigene Tags),"Standard-Vergütungskatalog DE (identisch UK/EU-Anhang; gleiche Sätze für direkte/indirekte Käufe); Sätze liegen unter dem Stand 23.06.2025 (lt. ABAKUS-Forum z.B. Möbel/Wohnen 6%) -> weitere Senkung, Datum unbekannt; seit 14.04.2026: bezahlte/verstärkte Werbung disqualifiziert, 180-Tage-Frist; Direktnachrichten nur wenn 'angefordert' (Opt-in); Pflichttext 'Als Amazon-Partner verdiene ich an qualifizierten Verkäufen' + '#Anzeige'; Startseite wirbt 'bis zu 12%' (über Tabelle hinaus nur Sonderprogramme)",https://partnernet.amazon.de/help/node/topic/GRXPHT8U84RAYDXZ,2026-09-26,quellen/raw_programs_A.csv
P-A054,Amazon (alle),Amazon DE – Haushaltsgroßgeräte 2.5%,https://partnernet.amazon.de/,Direct (Amazon PartnerNet),DE/AT (amazon.de),2.5%,VERIFIED,24 Std. Session; Warenkorb-Add innerhalb Session -> Kauf bis 89 Tage nach Klick,VERIFIED,UNKNOWN,"Ja – nutzergenerierte Social-Media-Inhalte gelten als 'Website'; akzeptiert: Facebook (keine Privatprofile), Instagram, Twitter/X, YouTube, TikTok, Twitch – Pinterest NICHT gelistet","Ja (exakte Profil-URL registrieren; Pflichthinweis muss mit dem Account verknüpft sein, z.B. Bio)","Ja (Produkt-/Suchlinks mit Tag; Linkkürzer nur wenn klar erkennbar auf Amazon verlinkt, z.B. amzn.to)",Creators API (Nachfolger der abgekündigten PA-API 5; Voraussetzung: mind. 10 qualifizierte Verkäufe in 30 Tagen),Provision nur für amazon.de-Käufe; EU-Stores separat (eigene Tags),"Standard-Vergütungskatalog DE (identisch UK/EU-Anhang; gleiche Sätze für direkte/indirekte Käufe); Sätze liegen unter dem Stand 23.06.2025 (lt. ABAKUS-Forum z.B. Möbel/Wohnen 6%) -> weitere Senkung, Datum unbekannt; seit 14.04.2026: bezahlte/verstärkte Werbung disqualifiziert, 180-Tage-Frist; Direktnachrichten nur wenn 'angefordert' (Opt-in); Pflichttext 'Als Amazon-Partner verdiene ich an qualifizierten Verkäufen' + '#Anzeige'; Startseite wirbt 'bis zu 12%' (über Tabelle hinaus nur Sonderprogramme)",https://partnernet.amazon.de/help/node/topic/GRXPHT8U84RAYDXZ,2026-09-26,quellen/raw_programs_A.csv
P-A055,Amazon (alle),Amazon DE – Fire TV Geräte 2.5%,https://partnernet.amazon.de/,Direct (Amazon PartnerNet),DE/AT (amazon.de),2.5%,VERIFIED,24 Std. Session; Warenkorb-Add innerhalb Session -> Kauf bis 89 Tage nach Klick,VERIFIED,UNKNOWN,"Ja – nutzergenerierte Social-Media-Inhalte gelten als 'Website'; akzeptiert: Facebook (keine Privatprofile), Instagram, Twitter/X, YouTube, TikTok, Twitch – Pinterest NICHT gelistet","Ja (exakte Profil-URL registrieren; Pflichthinweis muss mit dem Account verknüpft sein, z.B. Bio)","Ja (Produkt-/Suchlinks mit Tag; Linkkürzer nur wenn klar erkennbar auf Amazon verlinkt, z.B. amzn.to)",Creators API (Nachfolger der abgekündigten PA-API 5; Voraussetzung: mind. 10 qualifizierte Verkäufe in 30 Tagen),Provision nur für amazon.de-Käufe; EU-Stores separat (eigene Tags),"Standard-Vergütungskatalog DE (identisch UK/EU-Anhang; gleiche Sätze für direkte/indirekte Käufe); Sätze liegen unter dem Stand 23.06.2025 (lt. ABAKUS-Forum z.B. Möbel/Wohnen 6%) -> weitere Senkung, Datum unbekannt; seit 14.04.2026: bezahlte/verstärkte Werbung disqualifiziert, 180-Tage-Frist; Direktnachrichten nur wenn 'angefordert' (Opt-in); Pflichttext 'Als Amazon-Partner verdiene ich an qualifizierten Verkäufen' + '#Anzeige'; Startseite wirbt 'bis zu 12%' (über Tabelle hinaus nur Sonderprogramme)",https://partnernet.amazon.de/help/node/topic/GRXPHT8U84RAYDXZ,2026-09-26,quellen/raw_programs_A.csv
P-A056,Amazon (alle),Amazon DE – Mobile Elektronik 2.5%,https://partnernet.amazon.de/,Direct (Amazon PartnerNet),DE/AT (amazon.de),2.5%,VERIFIED,24 Std. Session; Warenkorb-Add innerhalb Session -> Kauf bis 89 Tage nach Klick,VERIFIED,UNKNOWN,"Ja – nutzergenerierte Social-Media-Inhalte gelten als 'Website'; akzeptiert: Facebook (keine Privatprofile), Instagram, Twitter/X, YouTube, TikTok, Twitch – Pinterest NICHT gelistet","Ja (exakte Profil-URL registrieren; Pflichthinweis muss mit dem Account verknüpft sein, z.B. Bio)","Ja (Produkt-/Suchlinks mit Tag; Linkkürzer nur wenn klar erkennbar auf Amazon verlinkt, z.B. amzn.to)",Creators API (Nachfolger der abgekündigten PA-API 5; Voraussetzung: mind. 10 qualifizierte Verkäufe in 30 Tagen),Provision nur für amazon.de-Käufe; EU-Stores separat (eigene Tags),"Standard-Vergütungskatalog DE (identisch UK/EU-Anhang; gleiche Sätze für direkte/indirekte Käufe); Sätze liegen unter dem Stand 23.06.2025 (lt. ABAKUS-Forum z.B. Möbel/Wohnen 6%) -> weitere Senkung, Datum unbekannt; seit 14.04.2026: bezahlte/verstärkte Werbung disqualifiziert, 180-Tage-Frist; Direktnachrichten nur wenn 'angefordert' (Opt-in); Pflichttext 'Als Amazon-Partner verdiene ich an qualifizierten Verkäufen' + '#Anzeige'; Startseite wirbt 'bis zu 12%' (über Tabelle hinaus nur Sonderprogramme)",https://partnernet.amazon.de/help/node/topic/GRXPHT8U84RAYDXZ,2026-09-26,quellen/raw_programs_A.csv
P-A057,Amazon (alle),Amazon DE – Lebensmittel / Amazon Fresh / Vorratskammer 1%,https://partnernet.amazon.de/,Direct (Amazon PartnerNet),DE/AT (amazon.de),1%,VERIFIED,24 Std. Session; Warenkorb-Add innerhalb Session -> Kauf bis 89 Tage nach Klick,VERIFIED,UNKNOWN,"Ja – nutzergenerierte Social-Media-Inhalte gelten als 'Website'; akzeptiert: Facebook (keine Privatprofile), Instagram, Twitter/X, YouTube, TikTok, Twitch – Pinterest NICHT gelistet","Ja (exakte Profil-URL registrieren; Pflichthinweis muss mit dem Account verknüpft sein, z.B. Bio)","Ja (Produkt-/Suchlinks mit Tag; Linkkürzer nur wenn klar erkennbar auf Amazon verlinkt, z.B. amzn.to)",Creators API (Nachfolger der abgekündigten PA-API 5; Voraussetzung: mind. 10 qualifizierte Verkäufe in 30 Tagen),Provision nur für amazon.de-Käufe; EU-Stores separat (eigene Tags),"Standard-Vergütungskatalog DE (identisch UK/EU-Anhang; gleiche Sätze für direkte/indirekte Käufe); Sätze liegen unter dem Stand 23.06.2025 (lt. ABAKUS-Forum z.B. Möbel/Wohnen 6%) -> weitere Senkung, Datum unbekannt; seit 14.04.2026: bezahlte/verstärkte Werbung disqualifiziert, 180-Tage-Frist; Direktnachrichten nur wenn 'angefordert' (Opt-in); Pflichttext 'Als Amazon-Partner verdiene ich an qualifizierten Verkäufen' + '#Anzeige'; Startseite wirbt 'bis zu 12%' (über Tabelle hinaus nur Sonderprogramme)",https://partnernet.amazon.de/help/node/topic/GRXPHT8U84RAYDXZ,2026-09-26,quellen/raw_programs_A.csv
P-A058,Amazon (alle),Amazon DE – Videospiele & Spielkonsolen 1%,https://partnernet.amazon.de/,Direct (Amazon PartnerNet),DE/AT (amazon.de),1%,VERIFIED,24 Std. Session; Warenkorb-Add innerhalb Session -> Kauf bis 89 Tage nach Klick,VERIFIED,UNKNOWN,"Ja – nutzergenerierte Social-Media-Inhalte gelten als 'Website'; akzeptiert: Facebook (keine Privatprofile), Instagram, Twitter/X, YouTube, TikTok, Twitch – Pinterest NICHT gelistet","Ja (exakte Profil-URL registrieren; Pflichthinweis muss mit dem Account verknüpft sein, z.B. Bio)","Ja (Produkt-/Suchlinks mit Tag; Linkkürzer nur wenn klar erkennbar auf Amazon verlinkt, z.B. amzn.to)",Creators API (Nachfolger der abgekündigten PA-API 5; Voraussetzung: mind. 10 qualifizierte Verkäufe in 30 Tagen),Provision nur für amazon.de-Käufe; EU-Stores separat (eigene Tags),"Standard-Vergütungskatalog DE (identisch UK/EU-Anhang; gleiche Sätze für direkte/indirekte Käufe); Sätze liegen unter dem Stand 23.06.2025 (lt. ABAKUS-Forum z.B. Möbel/Wohnen 6%) -> weitere Senkung, Datum unbekannt; seit 14.04.2026: bezahlte/verstärkte Werbung disqualifiziert, 180-Tage-Frist; Direktnachrichten nur wenn 'angefordert' (Opt-in); Pflichttext 'Als Amazon-Partner verdiene ich an qualifizierten Verkäufen' + '#Anzeige'; Startseite wirbt 'bis zu 12%' (über Tabelle hinaus nur Sonderprogramme)",https://partnernet.amazon.de/help/node/topic/GRXPHT8U84RAYDXZ,2026-09-26,quellen/raw_programs_A.csv
P-A059,Amazon (alle),"Amazon DE – Alle anderen Kategorien (z.B. Elektronik, Computer, Spielzeug, Baby, Haustier, Garten, Beleuchtung – nicht separat gelistet) 3%",https://partnernet.amazon.de/,Direct (Amazon PartnerNet),DE/AT (amazon.de),3%,VERIFIED,24 Std. Session; Warenkorb-Add innerhalb Session -> Kauf bis 89 Tage nach Klick,VERIFIED,UNKNOWN,"Ja – nutzergenerierte Social-Media-Inhalte gelten als 'Website'; akzeptiert: Facebook (keine Privatprofile), Instagram, Twitter/X, YouTube, TikTok, Twitch – Pinterest NICHT gelistet","Ja (exakte Profil-URL registrieren; Pflichthinweis muss mit dem Account verknüpft sein, z.B. Bio)","Ja (Produkt-/Suchlinks mit Tag; Linkkürzer nur wenn klar erkennbar auf Amazon verlinkt, z.B. amzn.to)",Creators API (Nachfolger der abgekündigten PA-API 5; Voraussetzung: mind. 10 qualifizierte Verkäufe in 30 Tagen),Provision nur für amazon.de-Käufe; EU-Stores separat (eigene Tags),"Beispiele abgeleitet – Kategoriezuordnung erfolgt durch Amazon | Standard-Vergütungskatalog DE (identisch UK/EU-Anhang; gleiche Sätze für direkte/indirekte Käufe); Sätze liegen unter dem Stand 23.06.2025 (lt. ABAKUS-Forum z.B. Möbel/Wohnen 6%) -> weitere Senkung, Datum unbekannt; seit 14.04.2026: bezahlte/verstärkte Werbung disqualifiziert, 180-Tage-Frist; Direktnachrichten nur wenn 'angefordert' (Opt-in); Pflichttext 'Als Amazon-Partner verdiene ich an qualifizierten Verkäufen' + '#Anzeige'; Startseite wirbt 'bis zu 12%' (über Tabelle hinaus nur Sonderprogramme)",https://partnernet.amazon.de/help/node/topic/GRXPHT8U84RAYDXZ,2026-09-26,quellen/raw_programs_A.csv
P-A060,Amazon (alle),Amazon DE – Geschenkkarten / Kindle Unlimited / Wein / Android-Apps 0%,https://partnernet.amazon.de/,Direct (Amazon PartnerNet),DE/AT (amazon.de),0%,VERIFIED,24 Std. Session; Warenkorb-Add innerhalb Session -> Kauf bis 89 Tage nach Klick,VERIFIED,UNKNOWN,"Ja – nutzergenerierte Social-Media-Inhalte gelten als 'Website'; akzeptiert: Facebook (keine Privatprofile), Instagram, Twitter/X, YouTube, TikTok, Twitch – Pinterest NICHT gelistet","Ja (exakte Profil-URL registrieren; Pflichthinweis muss mit dem Account verknüpft sein, z.B. Bio)","Ja (Produkt-/Suchlinks mit Tag; Linkkürzer nur wenn klar erkennbar auf Amazon verlinkt, z.B. amzn.to)",Creators API (Nachfolger der abgekündigten PA-API 5; Voraussetzung: mind. 10 qualifizierte Verkäufe in 30 Tagen),Provision nur für amazon.de-Käufe; EU-Stores separat (eigene Tags),"Standard-Vergütungskatalog DE (identisch UK/EU-Anhang; gleiche Sätze für direkte/indirekte Käufe); Sätze liegen unter dem Stand 23.06.2025 (lt. ABAKUS-Forum z.B. Möbel/Wohnen 6%) -> weitere Senkung, Datum unbekannt; seit 14.04.2026: bezahlte/verstärkte Werbung disqualifiziert, 180-Tage-Frist; Direktnachrichten nur wenn 'angefordert' (Opt-in); Pflichttext 'Als Amazon-Partner verdiene ich an qualifizierten Verkäufen' + '#Anzeige'; Startseite wirbt 'bis zu 12%' (über Tabelle hinaus nur Sonderprogramme)",https://partnernet.amazon.de/help/node/topic/GRXPHT8U84RAYDXZ,2026-09-26,quellen/raw_programs_A.csv
P-A061,Amazon (alle),Amazon UK – Clothing & Accessories / Amazon Fashion Private Brands 6%,https://affiliate-program.amazon.co.uk/,Direct (Amazon Associates UK),UK (amazon.co.uk),6%,VERIFIED,24 Std. Session; Warenkorb-Add innerhalb Session -> Kauf bis 89 Tage nach Klick,VERIFIED,UNKNOWN,"Ja – nutzergenerierte Social-Media-Inhalte gelten als 'Website'; akzeptiert: Facebook (keine Privatprofile), Instagram, Twitter/X, YouTube, TikTok, Twitch – Pinterest NICHT gelistet","Ja (exakte Profil-URL registrieren; Pflichthinweis muss mit dem Account verknüpft sein, z.B. Bio)","Ja (Produkt-/Suchlinks mit Tag; Linkkürzer nur wenn klar erkennbar auf Amazon verlinkt, z.B. amzn.to)",Creators API (Nachfolger der abgekündigten PA-API 5; Voraussetzung: mind. 10 qualifizierte Verkäufe in 30 Tagen),Provision nur für amazon.co.uk-Käufe,"UK Standard Commission Income (identische Struktur wie DE); seit 14.04.2026: paid/boosted ads disqualifiziert, 180-Tage-Regel; DMs nur 'solicited' (Opt-in); Pflichttext 'As an Amazon Associate I earn from qualifying purchases'; Startseite wirbt 'up to 12%'",https://affiliate-program.amazon.co.uk/help/node/topic/GRXPHT8U84RAYDXZ,2026-09-26,quellen/raw_programs_A.csv
P-A062,Amazon (alle),Amazon UK – Luxury / Luxury Stores Beauty & Fashion 6%,https://affiliate-program.amazon.co.uk/,Direct (Amazon Associates UK),UK (amazon.co.uk),6%,VERIFIED,24 Std. Session; Warenkorb-Add innerhalb Session -> Kauf bis 89 Tage nach Klick,VERIFIED,UNKNOWN,"Ja – nutzergenerierte Social-Media-Inhalte gelten als 'Website'; akzeptiert: Facebook (keine Privatprofile), Instagram, Twitter/X, YouTube, TikTok, Twitch – Pinterest NICHT gelistet","Ja (exakte Profil-URL registrieren; Pflichthinweis muss mit dem Account verknüpft sein, z.B. Bio)","Ja (Produkt-/Suchlinks mit Tag; Linkkürzer nur wenn klar erkennbar auf Amazon verlinkt, z.B. amzn.to)",Creators API (Nachfolger der abgekündigten PA-API 5; Voraussetzung: mind. 10 qualifizierte Verkäufe in 30 Tagen),Provision nur für amazon.co.uk-Käufe,"UK Standard Commission Income (identische Struktur wie DE); seit 14.04.2026: paid/boosted ads disqualifiziert, 180-Tage-Regel; DMs nur 'solicited' (Opt-in); Pflichttext 'As an Amazon Associate I earn from qualifying purchases'; Startseite wirbt 'up to 12%'",https://affiliate-program.amazon.co.uk/help/node/topic/GRXPHT8U84RAYDXZ,2026-09-26,quellen/raw_programs_A.csv
P-A063,Amazon (alle),"Amazon UK – Shoes, Handbags, Wallets 6%",https://affiliate-program.amazon.co.uk/,Direct (Amazon Associates UK),UK (amazon.co.uk),6%,VERIFIED,24 Std. Session; Warenkorb-Add innerhalb Session -> Kauf bis 89 Tage nach Klick,VERIFIED,UNKNOWN,"Ja – nutzergenerierte Social-Media-Inhalte gelten als 'Website'; akzeptiert: Facebook (keine Privatprofile), Instagram, Twitter/X, YouTube, TikTok, Twitch – Pinterest NICHT gelistet","Ja (exakte Profil-URL registrieren; Pflichthinweis muss mit dem Account verknüpft sein, z.B. Bio)","Ja (Produkt-/Suchlinks mit Tag; Linkkürzer nur wenn klar erkennbar auf Amazon verlinkt, z.B. amzn.to)",Creators API (Nachfolger der abgekündigten PA-API 5; Voraussetzung: mind. 10 qualifizierte Verkäufe in 30 Tagen),Provision nur für amazon.co.uk-Käufe,"UK Standard Commission Income (identische Struktur wie DE); seit 14.04.2026: paid/boosted ads disqualifiziert, 180-Tage-Regel; DMs nur 'solicited' (Opt-in); Pflichttext 'As an Amazon Associate I earn from qualifying purchases'; Startseite wirbt 'up to 12%'",https://affiliate-program.amazon.co.uk/help/node/topic/GRXPHT8U84RAYDXZ,2026-09-26,quellen/raw_programs_A.csv
P-A064,Amazon (alle),Amazon UK – Watches 6%,https://affiliate-program.amazon.co.uk/,Direct (Amazon Associates UK),UK (amazon.co.uk),6%,VERIFIED,24 Std. Session; Warenkorb-Add innerhalb Session -> Kauf bis 89 Tage nach Klick,VERIFIED,UNKNOWN,"Ja – nutzergenerierte Social-Media-Inhalte gelten als 'Website'; akzeptiert: Facebook (keine Privatprofile), Instagram, Twitter/X, YouTube, TikTok, Twitch – Pinterest NICHT gelistet","Ja (exakte Profil-URL registrieren; Pflichthinweis muss mit dem Account verknüpft sein, z.B. Bio)","Ja (Produkt-/Suchlinks mit Tag; Linkkürzer nur wenn klar erkennbar auf Amazon verlinkt, z.B. amzn.to)",Creators API (Nachfolger der abgekündigten PA-API 5; Voraussetzung: mind. 10 qualifizierte Verkäufe in 30 Tagen),Provision nur für amazon.co.uk-Käufe,"UK Standard Commission Income (identische Struktur wie DE); seit 14.04.2026: paid/boosted ads disqualifiziert, 180-Tage-Regel; DMs nur 'solicited' (Opt-in); Pflichttext 'As an Amazon Associate I earn from qualifying purchases'; Startseite wirbt 'up to 12%'",https://affiliate-program.amazon.co.uk/help/node/topic/GRXPHT8U84RAYDXZ,2026-09-26,quellen/raw_programs_A.csv
P-A065,Amazon (alle),Amazon UK – Furniture 5%,https://affiliate-program.amazon.co.uk/,Direct (Amazon Associates UK),UK (amazon.co.uk),5%,VERIFIED,24 Std. Session; Warenkorb-Add innerhalb Session -> Kauf bis 89 Tage nach Klick,VERIFIED,UNKNOWN,"Ja – nutzergenerierte Social-Media-Inhalte gelten als 'Website'; akzeptiert: Facebook (keine Privatprofile), Instagram, Twitter/X, YouTube, TikTok, Twitch – Pinterest NICHT gelistet","Ja (exakte Profil-URL registrieren; Pflichthinweis muss mit dem Account verknüpft sein, z.B. Bio)","Ja (Produkt-/Suchlinks mit Tag; Linkkürzer nur wenn klar erkennbar auf Amazon verlinkt, z.B. amzn.to)",Creators API (Nachfolger der abgekündigten PA-API 5; Voraussetzung: mind. 10 qualifizierte Verkäufe in 30 Tagen),Provision nur für amazon.co.uk-Käufe,"UK Standard Commission Income (identische Struktur wie DE); seit 14.04.2026: paid/boosted ads disqualifiziert, 180-Tage-Regel; DMs nur 'solicited' (Opt-in); Pflichttext 'As an Amazon Associate I earn from qualifying purchases'; Startseite wirbt 'up to 12%'",https://affiliate-program.amazon.co.uk/help/node/topic/GRXPHT8U84RAYDXZ,2026-09-26,quellen/raw_programs_A.csv
P-A066,Amazon (alle),Amazon UK – Home 5%,https://affiliate-program.amazon.co.uk/,Direct (Amazon Associates UK),UK (amazon.co.uk),5%,VERIFIED,24 Std. Session; Warenkorb-Add innerhalb Session -> Kauf bis 89 Tage nach Klick,VERIFIED,UNKNOWN,"Ja – nutzergenerierte Social-Media-Inhalte gelten als 'Website'; akzeptiert: Facebook (keine Privatprofile), Instagram, Twitter/X, YouTube, TikTok, Twitch – Pinterest NICHT gelistet","Ja (exakte Profil-URL registrieren; Pflichthinweis muss mit dem Account verknüpft sein, z.B. Bio)","Ja (Produkt-/Suchlinks mit Tag; Linkkürzer nur wenn klar erkennbar auf Amazon verlinkt, z.B. amzn.to)",Creators API (Nachfolger der abgekündigten PA-API 5; Voraussetzung: mind. 10 qualifizierte Verkäufe in 30 Tagen),Provision nur für amazon.co.uk-Käufe,"UK Standard Commission Income (identische Struktur wie DE); seit 14.04.2026: paid/boosted ads disqualifiziert, 180-Tage-Regel; DMs nur 'solicited' (Opt-in); Pflichttext 'As an Amazon Associate I earn from qualifying purchases'; Startseite wirbt 'up to 12%'",https://affiliate-program.amazon.co.uk/help/node/topic/GRXPHT8U84RAYDXZ,2026-09-26,quellen/raw_programs_A.csv
P-A067,Amazon (alle),Amazon UK – Kitchen & Dining 5%,https://affiliate-program.amazon.co.uk/,Direct (Amazon Associates UK),UK (amazon.co.uk),5%,VERIFIED,24 Std. Session; Warenkorb-Add innerhalb Session -> Kauf bis 89 Tage nach Klick,VERIFIED,UNKNOWN,"Ja – nutzergenerierte Social-Media-Inhalte gelten als 'Website'; akzeptiert: Facebook (keine Privatprofile), Instagram, Twitter/X, YouTube, TikTok, Twitch – Pinterest NICHT gelistet","Ja (exakte Profil-URL registrieren; Pflichthinweis muss mit dem Account verknüpft sein, z.B. Bio)","Ja (Produkt-/Suchlinks mit Tag; Linkkürzer nur wenn klar erkennbar auf Amazon verlinkt, z.B. amzn.to)",Creators API (Nachfolger der abgekündigten PA-API 5; Voraussetzung: mind. 10 qualifizierte Verkäufe in 30 Tagen),Provision nur für amazon.co.uk-Käufe,"UK Standard Commission Income (identische Struktur wie DE); seit 14.04.2026: paid/boosted ads disqualifiziert, 180-Tage-Regel; DMs nur 'solicited' (Opt-in); Pflichttext 'As an Amazon Associate I earn from qualifying purchases'; Startseite wirbt 'up to 12%'",https://affiliate-program.amazon.co.uk/help/node/topic/GRXPHT8U84RAYDXZ,2026-09-26,quellen/raw_programs_A.csv
P-A068,Amazon (alle),Amazon UK – Home Improvement 5%,https://affiliate-program.amazon.co.uk/,Direct (Amazon Associates UK),UK (amazon.co.uk),5%,VERIFIED,24 Std. Session; Warenkorb-Add innerhalb Session -> Kauf bis 89 Tage nach Klick,VERIFIED,UNKNOWN,"Ja – nutzergenerierte Social-Media-Inhalte gelten als 'Website'; akzeptiert: Facebook (keine Privatprofile), Instagram, Twitter/X, YouTube, TikTok, Twitch – Pinterest NICHT gelistet","Ja (exakte Profil-URL registrieren; Pflichthinweis muss mit dem Account verknüpft sein, z.B. Bio)","Ja (Produkt-/Suchlinks mit Tag; Linkkürzer nur wenn klar erkennbar auf Amazon verlinkt, z.B. amzn.to)",Creators API (Nachfolger der abgekündigten PA-API 5; Voraussetzung: mind. 10 qualifizierte Verkäufe in 30 Tagen),Provision nur für amazon.co.uk-Käufe,"UK Standard Commission Income (identische Struktur wie DE); seit 14.04.2026: paid/boosted ads disqualifiziert, 180-Tage-Regel; DMs nur 'solicited' (Opt-in); Pflichttext 'As an Amazon Associate I earn from qualifying purchases'; Startseite wirbt 'up to 12%'",https://affiliate-program.amazon.co.uk/help/node/topic/GRXPHT8U84RAYDXZ,2026-09-26,quellen/raw_programs_A.csv
P-A069,Amazon (alle),Amazon UK – Power & Hand Tools 5%,https://affiliate-program.amazon.co.uk/,Direct (Amazon Associates UK),UK (amazon.co.uk),5%,VERIFIED,24 Std. Session; Warenkorb-Add innerhalb Session -> Kauf bis 89 Tage nach Klick,VERIFIED,UNKNOWN,"Ja – nutzergenerierte Social-Media-Inhalte gelten als 'Website'; akzeptiert: Facebook (keine Privatprofile), Instagram, Twitter/X, YouTube, TikTok, Twitch – Pinterest NICHT gelistet","Ja (exakte Profil-URL registrieren; Pflichthinweis muss mit dem Account verknüpft sein, z.B. Bio)","Ja (Produkt-/Suchlinks mit Tag; Linkkürzer nur wenn klar erkennbar auf Amazon verlinkt, z.B. amzn.to)",Creators API (Nachfolger der abgekündigten PA-API 5; Voraussetzung: mind. 10 qualifizierte Verkäufe in 30 Tagen),Provision nur für amazon.co.uk-Käufe,"UK Standard Commission Income (identische Struktur wie DE); seit 14.04.2026: paid/boosted ads disqualifiziert, 180-Tage-Regel; DMs nur 'solicited' (Opt-in); Pflichttext 'As an Amazon Associate I earn from qualifying purchases'; Startseite wirbt 'up to 12%'",https://affiliate-program.amazon.co.uk/help/node/topic/GRXPHT8U84RAYDXZ,2026-09-26,quellen/raw_programs_A.csv
P-A070,Amazon (alle),Amazon UK – Jewellery 5%,https://affiliate-program.amazon.co.uk/,Direct (Amazon Associates UK),UK (amazon.co.uk),5%,VERIFIED,24 Std. Session; Warenkorb-Add innerhalb Session -> Kauf bis 89 Tage nach Klick,VERIFIED,UNKNOWN,"Ja – nutzergenerierte Social-Media-Inhalte gelten als 'Website'; akzeptiert: Facebook (keine Privatprofile), Instagram, Twitter/X, YouTube, TikTok, Twitch – Pinterest NICHT gelistet","Ja (exakte Profil-URL registrieren; Pflichthinweis muss mit dem Account verknüpft sein, z.B. Bio)","Ja (Produkt-/Suchlinks mit Tag; Linkkürzer nur wenn klar erkennbar auf Amazon verlinkt, z.B. amzn.to)",Creators API (Nachfolger der abgekündigten PA-API 5; Voraussetzung: mind. 10 qualifizierte Verkäufe in 30 Tagen),Provision nur für amazon.co.uk-Käufe,"UK Standard Commission Income (identische Struktur wie DE); seit 14.04.2026: paid/boosted ads disqualifiziert, 180-Tage-Regel; DMs nur 'solicited' (Opt-in); Pflichttext 'As an Amazon Associate I earn from qualifying purchases'; Startseite wirbt 'up to 12%'",https://affiliate-program.amazon.co.uk/help/node/topic/GRXPHT8U84RAYDXZ,2026-09-26,quellen/raw_programs_A.csv
P-A071,Amazon (alle),Amazon UK – Automotive 5%,https://affiliate-program.amazon.co.uk/,Direct (Amazon Associates UK),UK (amazon.co.uk),5%,VERIFIED,24 Std. Session; Warenkorb-Add innerhalb Session -> Kauf bis 89 Tage nach Klick,VERIFIED,UNKNOWN,"Ja – nutzergenerierte Social-Media-Inhalte gelten als 'Website'; akzeptiert: Facebook (keine Privatprofile), Instagram, Twitter/X, YouTube, TikTok, Twitch – Pinterest NICHT gelistet","Ja (exakte Profil-URL registrieren; Pflichthinweis muss mit dem Account verknüpft sein, z.B. Bio)","Ja (Produkt-/Suchlinks mit Tag; Linkkürzer nur wenn klar erkennbar auf Amazon verlinkt, z.B. amzn.to)",Creators API (Nachfolger der abgekündigten PA-API 5; Voraussetzung: mind. 10 qualifizierte Verkäufe in 30 Tagen),Provision nur für amazon.co.uk-Käufe,"UK Standard Commission Income (identische Struktur wie DE); seit 14.04.2026: paid/boosted ads disqualifiziert, 180-Tage-Regel; DMs nur 'solicited' (Opt-in); Pflichttext 'As an Amazon Associate I earn from qualifying purchases'; Startseite wirbt 'up to 12%'",https://affiliate-program.amazon.co.uk/help/node/topic/GRXPHT8U84RAYDXZ,2026-09-26,quellen/raw_programs_A.csv
P-A072,Amazon (alle),Amazon UK – Books / Kindle Books 5%,https://affiliate-program.amazon.co.uk/,Direct (Amazon Associates UK),UK (amazon.co.uk),5%,VERIFIED,24 Std. Session; Warenkorb-Add innerhalb Session -> Kauf bis 89 Tage nach Klick,VERIFIED,UNKNOWN,"Ja – nutzergenerierte Social-Media-Inhalte gelten als 'Website'; akzeptiert: Facebook (keine Privatprofile), Instagram, Twitter/X, YouTube, TikTok, Twitch – Pinterest NICHT gelistet","Ja (exakte Profil-URL registrieren; Pflichthinweis muss mit dem Account verknüpft sein, z.B. Bio)","Ja (Produkt-/Suchlinks mit Tag; Linkkürzer nur wenn klar erkennbar auf Amazon verlinkt, z.B. amzn.to)",Creators API (Nachfolger der abgekündigten PA-API 5; Voraussetzung: mind. 10 qualifizierte Verkäufe in 30 Tagen),Provision nur für amazon.co.uk-Käufe,"UK Standard Commission Income (identische Struktur wie DE); seit 14.04.2026: paid/boosted ads disqualifiziert, 180-Tage-Regel; DMs nur 'solicited' (Opt-in); Pflichttext 'As an Amazon Associate I earn from qualifying purchases'; Startseite wirbt 'up to 12%'",https://affiliate-program.amazon.co.uk/help/node/topic/GRXPHT8U84RAYDXZ,2026-09-26,quellen/raw_programs_A.csv
P-A073,Amazon (alle),Amazon UK – Beauty 4%,https://affiliate-program.amazon.co.uk/,Direct (Amazon Associates UK),UK (amazon.co.uk),4%,VERIFIED,24 Std. Session; Warenkorb-Add innerhalb Session -> Kauf bis 89 Tage nach Klick,VERIFIED,UNKNOWN,"Ja – nutzergenerierte Social-Media-Inhalte gelten als 'Website'; akzeptiert: Facebook (keine Privatprofile), Instagram, Twitter/X, YouTube, TikTok, Twitch – Pinterest NICHT gelistet","Ja (exakte Profil-URL registrieren; Pflichthinweis muss mit dem Account verknüpft sein, z.B. Bio)","Ja (Produkt-/Suchlinks mit Tag; Linkkürzer nur wenn klar erkennbar auf Amazon verlinkt, z.B. amzn.to)",Creators API (Nachfolger der abgekündigten PA-API 5; Voraussetzung: mind. 10 qualifizierte Verkäufe in 30 Tagen),Provision nur für amazon.co.uk-Käufe,"UK Standard Commission Income (identische Struktur wie DE); seit 14.04.2026: paid/boosted ads disqualifiziert, 180-Tage-Regel; DMs nur 'solicited' (Opt-in); Pflichttext 'As an Amazon Associate I earn from qualifying purchases'; Startseite wirbt 'up to 12%'",https://affiliate-program.amazon.co.uk/help/node/topic/GRXPHT8U84RAYDXZ,2026-09-26,quellen/raw_programs_A.csv
P-A074,Amazon (alle),Amazon UK – Luggage 4%,https://affiliate-program.amazon.co.uk/,Direct (Amazon Associates UK),UK (amazon.co.uk),4%,VERIFIED,24 Std. Session; Warenkorb-Add innerhalb Session -> Kauf bis 89 Tage nach Klick,VERIFIED,UNKNOWN,"Ja – nutzergenerierte Social-Media-Inhalte gelten als 'Website'; akzeptiert: Facebook (keine Privatprofile), Instagram, Twitter/X, YouTube, TikTok, Twitch – Pinterest NICHT gelistet","Ja (exakte Profil-URL registrieren; Pflichthinweis muss mit dem Account verknüpft sein, z.B. Bio)","Ja (Produkt-/Suchlinks mit Tag; Linkkürzer nur wenn klar erkennbar auf Amazon verlinkt, z.B. amzn.to)",Creators API (Nachfolger der abgekündigten PA-API 5; Voraussetzung: mind. 10 qualifizierte Verkäufe in 30 Tagen),Provision nur für amazon.co.uk-Käufe,"UK Standard Commission Income (identische Struktur wie DE); seit 14.04.2026: paid/boosted ads disqualifiziert, 180-Tage-Regel; DMs nur 'solicited' (Opt-in); Pflichttext 'As an Amazon Associate I earn from qualifying purchases'; Startseite wirbt 'up to 12%'",https://affiliate-program.amazon.co.uk/help/node/topic/GRXPHT8U84RAYDXZ,2026-09-26,quellen/raw_programs_A.csv
P-A075,Amazon (alle),Amazon UK – Personal Care Appliances 4%,https://affiliate-program.amazon.co.uk/,Direct (Amazon Associates UK),UK (amazon.co.uk),4%,VERIFIED,24 Std. Session; Warenkorb-Add innerhalb Session -> Kauf bis 89 Tage nach Klick,VERIFIED,UNKNOWN,"Ja – nutzergenerierte Social-Media-Inhalte gelten als 'Website'; akzeptiert: Facebook (keine Privatprofile), Instagram, Twitter/X, YouTube, TikTok, Twitch – Pinterest NICHT gelistet","Ja (exakte Profil-URL registrieren; Pflichthinweis muss mit dem Account verknüpft sein, z.B. Bio)","Ja (Produkt-/Suchlinks mit Tag; Linkkürzer nur wenn klar erkennbar auf Amazon verlinkt, z.B. amzn.to)",Creators API (Nachfolger der abgekündigten PA-API 5; Voraussetzung: mind. 10 qualifizierte Verkäufe in 30 Tagen),Provision nur für amazon.co.uk-Käufe,"UK Standard Commission Income (identische Struktur wie DE); seit 14.04.2026: paid/boosted ads disqualifiziert, 180-Tage-Regel; DMs nur 'solicited' (Opt-in); Pflichttext 'As an Amazon Associate I earn from qualifying purchases'; Startseite wirbt 'up to 12%'",https://affiliate-program.amazon.co.uk/help/node/topic/GRXPHT8U84RAYDXZ,2026-09-26,quellen/raw_programs_A.csv
P-A076,Amazon (alle),Amazon UK – Sports & Fitness 4%,https://affiliate-program.amazon.co.uk/,Direct (Amazon Associates UK),UK (amazon.co.uk),4%,VERIFIED,24 Std. Session; Warenkorb-Add innerhalb Session -> Kauf bis 89 Tage nach Klick,VERIFIED,UNKNOWN,"Ja – nutzergenerierte Social-Media-Inhalte gelten als 'Website'; akzeptiert: Facebook (keine Privatprofile), Instagram, Twitter/X, YouTube, TikTok, Twitch – Pinterest NICHT gelistet","Ja (exakte Profil-URL registrieren; Pflichthinweis muss mit dem Account verknüpft sein, z.B. Bio)","Ja (Produkt-/Suchlinks mit Tag; Linkkürzer nur wenn klar erkennbar auf Amazon verlinkt, z.B. amzn.to)",Creators API (Nachfolger der abgekündigten PA-API 5; Voraussetzung: mind. 10 qualifizierte Verkäufe in 30 Tagen),Provision nur für amazon.co.uk-Käufe,"UK Standard Commission Income (identische Struktur wie DE); seit 14.04.2026: paid/boosted ads disqualifiziert, 180-Tage-Regel; DMs nur 'solicited' (Opt-in); Pflichttext 'As an Amazon Associate I earn from qualifying purchases'; Startseite wirbt 'up to 12%'",https://affiliate-program.amazon.co.uk/help/node/topic/GRXPHT8U84RAYDXZ,2026-09-26,quellen/raw_programs_A.csv
P-A077,Amazon (alle),Amazon UK – Appliances 2.5%,https://affiliate-program.amazon.co.uk/,Direct (Amazon Associates UK),UK (amazon.co.uk),2.5%,VERIFIED,24 Std. Session; Warenkorb-Add innerhalb Session -> Kauf bis 89 Tage nach Klick,VERIFIED,UNKNOWN,"Ja – nutzergenerierte Social-Media-Inhalte gelten als 'Website'; akzeptiert: Facebook (keine Privatprofile), Instagram, Twitter/X, YouTube, TikTok, Twitch – Pinterest NICHT gelistet","Ja (exakte Profil-URL registrieren; Pflichthinweis muss mit dem Account verknüpft sein, z.B. Bio)","Ja (Produkt-/Suchlinks mit Tag; Linkkürzer nur wenn klar erkennbar auf Amazon verlinkt, z.B. amzn.to)",Creators API (Nachfolger der abgekündigten PA-API 5; Voraussetzung: mind. 10 qualifizierte Verkäufe in 30 Tagen),Provision nur für amazon.co.uk-Käufe,"UK Standard Commission Income (identische Struktur wie DE); seit 14.04.2026: paid/boosted ads disqualifiziert, 180-Tage-Regel; DMs nur 'solicited' (Opt-in); Pflichttext 'As an Amazon Associate I earn from qualifying purchases'; Startseite wirbt 'up to 12%'",https://affiliate-program.amazon.co.uk/help/node/topic/GRXPHT8U84RAYDXZ,2026-09-26,quellen/raw_programs_A.csv
P-A078,Amazon (alle),Amazon UK – Fire TV Devices 2.5%,https://affiliate-program.amazon.co.uk/,Direct (Amazon Associates UK),UK (amazon.co.uk),2.5%,VERIFIED,24 Std. Session; Warenkorb-Add innerhalb Session -> Kauf bis 89 Tage nach Klick,VERIFIED,UNKNOWN,"Ja – nutzergenerierte Social-Media-Inhalte gelten als 'Website'; akzeptiert: Facebook (keine Privatprofile), Instagram, Twitter/X, YouTube, TikTok, Twitch – Pinterest NICHT gelistet","Ja (exakte Profil-URL registrieren; Pflichthinweis muss mit dem Account verknüpft sein, z.B. Bio)","Ja (Produkt-/Suchlinks mit Tag; Linkkürzer nur wenn klar erkennbar auf Amazon verlinkt, z.B. amzn.to)",Creators API (Nachfolger der abgekündigten PA-API 5; Voraussetzung: mind. 10 qualifizierte Verkäufe in 30 Tagen),Provision nur für amazon.co.uk-Käufe,"UK Standard Commission Income (identische Struktur wie DE); seit 14.04.2026: paid/boosted ads disqualifiziert, 180-Tage-Regel; DMs nur 'solicited' (Opt-in); Pflichttext 'As an Amazon Associate I earn from qualifying purchases'; Startseite wirbt 'up to 12%'",https://affiliate-program.amazon.co.uk/help/node/topic/GRXPHT8U84RAYDXZ,2026-09-26,quellen/raw_programs_A.csv
P-A079,Amazon (alle),Amazon UK – Mobile Electronics 2.5%,https://affiliate-program.amazon.co.uk/,Direct (Amazon Associates UK),UK (amazon.co.uk),2.5%,VERIFIED,24 Std. Session; Warenkorb-Add innerhalb Session -> Kauf bis 89 Tage nach Klick,VERIFIED,UNKNOWN,"Ja – nutzergenerierte Social-Media-Inhalte gelten als 'Website'; akzeptiert: Facebook (keine Privatprofile), Instagram, Twitter/X, YouTube, TikTok, Twitch – Pinterest NICHT gelistet","Ja (exakte Profil-URL registrieren; Pflichthinweis muss mit dem Account verknüpft sein, z.B. Bio)","Ja (Produkt-/Suchlinks mit Tag; Linkkürzer nur wenn klar erkennbar auf Amazon verlinkt, z.B. amzn.to)",Creators API (Nachfolger der abgekündigten PA-API 5; Voraussetzung: mind. 10 qualifizierte Verkäufe in 30 Tagen),Provision nur für amazon.co.uk-Käufe,"UK Standard Commission Income (identische Struktur wie DE); seit 14.04.2026: paid/boosted ads disqualifiziert, 180-Tage-Regel; DMs nur 'solicited' (Opt-in); Pflichttext 'As an Amazon Associate I earn from qualifying purchases'; Startseite wirbt 'up to 12%'",https://affiliate-program.amazon.co.uk/help/node/topic/GRXPHT8U84RAYDXZ,2026-09-26,quellen/raw_programs_A.csv
P-A080,Amazon (alle),Amazon UK – Grocery / Amazon Fresh / Pantry 1%,https://affiliate-program.amazon.co.uk/,Direct (Amazon Associates UK),UK (amazon.co.uk),1%,VERIFIED,24 Std. Session; Warenkorb-Add innerhalb Session -> Kauf bis 89 Tage nach Klick,VERIFIED,UNKNOWN,"Ja – nutzergenerierte Social-Media-Inhalte gelten als 'Website'; akzeptiert: Facebook (keine Privatprofile), Instagram, Twitter/X, YouTube, TikTok, Twitch – Pinterest NICHT gelistet","Ja (exakte Profil-URL registrieren; Pflichthinweis muss mit dem Account verknüpft sein, z.B. Bio)","Ja (Produkt-/Suchlinks mit Tag; Linkkürzer nur wenn klar erkennbar auf Amazon verlinkt, z.B. amzn.to)",Creators API (Nachfolger der abgekündigten PA-API 5; Voraussetzung: mind. 10 qualifizierte Verkäufe in 30 Tagen),Provision nur für amazon.co.uk-Käufe,"UK Standard Commission Income (identische Struktur wie DE); seit 14.04.2026: paid/boosted ads disqualifiziert, 180-Tage-Regel; DMs nur 'solicited' (Opt-in); Pflichttext 'As an Amazon Associate I earn from qualifying purchases'; Startseite wirbt 'up to 12%'",https://affiliate-program.amazon.co.uk/help/node/topic/GRXPHT8U84RAYDXZ,2026-09-26,quellen/raw_programs_A.csv
P-A081,Amazon (alle),Amazon UK – Video Games & Consoles 1%,https://affiliate-program.amazon.co.uk/,Direct (Amazon Associates UK),UK (amazon.co.uk),1%,VERIFIED,24 Std. Session; Warenkorb-Add innerhalb Session -> Kauf bis 89 Tage nach Klick,VERIFIED,UNKNOWN,"Ja – nutzergenerierte Social-Media-Inhalte gelten als 'Website'; akzeptiert: Facebook (keine Privatprofile), Instagram, Twitter/X, YouTube, TikTok, Twitch – Pinterest NICHT gelistet","Ja (exakte Profil-URL registrieren; Pflichthinweis muss mit dem Account verknüpft sein, z.B. Bio)","Ja (Produkt-/Suchlinks mit Tag; Linkkürzer nur wenn klar erkennbar auf Amazon verlinkt, z.B. amzn.to)",Creators API (Nachfolger der abgekündigten PA-API 5; Voraussetzung: mind. 10 qualifizierte Verkäufe in 30 Tagen),Provision nur für amazon.co.uk-Käufe,"UK Standard Commission Income (identische Struktur wie DE); seit 14.04.2026: paid/boosted ads disqualifiziert, 180-Tage-Regel; DMs nur 'solicited' (Opt-in); Pflichttext 'As an Amazon Associate I earn from qualifying purchases'; Startseite wirbt 'up to 12%'",https://affiliate-program.amazon.co.uk/help/node/topic/GRXPHT8U84RAYDXZ,2026-09-26,quellen/raw_programs_A.csv
P-A082,Amazon (alle),"Amazon UK – All Other Categories (z.B. Electronics, Computers, Toys, Baby, Pet, Garden, Lighting) 3%",https://affiliate-program.amazon.co.uk/,Direct (Amazon Associates UK),UK (amazon.co.uk),3%,VERIFIED,24 Std. Session; Warenkorb-Add innerhalb Session -> Kauf bis 89 Tage nach Klick,VERIFIED,UNKNOWN,"Ja – nutzergenerierte Social-Media-Inhalte gelten als 'Website'; akzeptiert: Facebook (keine Privatprofile), Instagram, Twitter/X, YouTube, TikTok, Twitch – Pinterest NICHT gelistet","Ja (exakte Profil-URL registrieren; Pflichthinweis muss mit dem Account verknüpft sein, z.B. Bio)","Ja (Produkt-/Suchlinks mit Tag; Linkkürzer nur wenn klar erkennbar auf Amazon verlinkt, z.B. amzn.to)",Creators API (Nachfolger der abgekündigten PA-API 5; Voraussetzung: mind. 10 qualifizierte Verkäufe in 30 Tagen),Provision nur für amazon.co.uk-Käufe,"Beispiele abgeleitet | UK Standard Commission Income (identische Struktur wie DE); seit 14.04.2026: paid/boosted ads disqualifiziert, 180-Tage-Regel; DMs nur 'solicited' (Opt-in); Pflichttext 'As an Amazon Associate I earn from qualifying purchases'; Startseite wirbt 'up to 12%'",https://affiliate-program.amazon.co.uk/help/node/topic/GRXPHT8U84RAYDXZ,2026-09-26,quellen/raw_programs_A.csv
P-A083,Amazon (alle),Amazon UK – Gift Cards / Kindle Unlimited / Wine 0%,https://affiliate-program.amazon.co.uk/,Direct (Amazon Associates UK),UK (amazon.co.uk),0%,VERIFIED,24 Std. Session; Warenkorb-Add innerhalb Session -> Kauf bis 89 Tage nach Klick,VERIFIED,UNKNOWN,"Ja – nutzergenerierte Social-Media-Inhalte gelten als 'Website'; akzeptiert: Facebook (keine Privatprofile), Instagram, Twitter/X, YouTube, TikTok, Twitch – Pinterest NICHT gelistet","Ja (exakte Profil-URL registrieren; Pflichthinweis muss mit dem Account verknüpft sein, z.B. Bio)","Ja (Produkt-/Suchlinks mit Tag; Linkkürzer nur wenn klar erkennbar auf Amazon verlinkt, z.B. amzn.to)",Creators API (Nachfolger der abgekündigten PA-API 5; Voraussetzung: mind. 10 qualifizierte Verkäufe in 30 Tagen),Provision nur für amazon.co.uk-Käufe,"UK Standard Commission Income (identische Struktur wie DE); seit 14.04.2026: paid/boosted ads disqualifiziert, 180-Tage-Regel; DMs nur 'solicited' (Opt-in); Pflichttext 'As an Amazon Associate I earn from qualifying purchases'; Startseite wirbt 'up to 12%'",https://affiliate-program.amazon.co.uk/help/node/topic/GRXPHT8U84RAYDXZ,2026-09-26,quellen/raw_programs_A.csv
P-A084,Amazon (alle),Amazon Influencer Program / Storefront / Unique Creator Link (US),https://affiliate-program.amazon.com/influencers,Direct (Amazon Associates),US,Standardsätze wie Associates; zusätzlich 'Onsite Commission Income' für von Amazon genutzte Influencer-Inhalte (z.B. Videos) – Satz nicht öffentlich,VERIFIED (Existenz) / UNKNOWN (Onsite-Satz),Session beginnt mit Klick auf Influencer-Page; sonst wie Associates,VERIFIED,UNKNOWN,Ja (Programm für 'social media presence'),Ja (Registrierung erfordert Zugriff auf Social-Media-Daten),Ja,Creators API (Nachfolger der abgekündigten PA-API 5; Voraussetzung: mind. 10 qualifizierte Verkäufe in 30 Tagen),länderspezifisch; eigene Store-ID je Marktplatz nötig,Seit 14.04.2026 erhalten ALLE registrierten Associates Storefront + Unique Creator Link (nicht nur Influencer); Onsite-Provision seit 14.04.2026 nur auf gleiche ASIN-Variante; Aufnahme an 'qualitative and quantitative thresholds' gebunden; Creator Ads Boost (nur auf Einladung): Amazon nutzt Inhalte in Anzeigen auf Meta,https://affiliate-program.amazon.com/help/operating/policies ; https://affiliate-program.amazon.com/help/operating/compare,2026-09-26,quellen/raw_programs_A.csv
P-A085,Amazon (alle),Amazon Influencer Programm (DE),https://partnernet.amazon.de/influencers,Direct (Amazon PartnerNet),DE,Standard-Vergütungskatalog DE + Onsite-Vergütungen (Satz nicht öffentlich),VERIFIED (Existenz) / UNKNOWN (Onsite-Satz),24 Std. Session; Warenkorb-Add innerhalb Session -> Kauf bis 89 Tage nach Klick,VERIFIED,UNKNOWN,Ja,Ja,Ja,Creators API (Nachfolger der abgekündigten PA-API 5; Voraussetzung: mind. 10 qualifizierte Verkäufe in 30 Tagen),nur amazon.de,"Existiert in DE: 'Richtlinie für das Amazon Influencer Programm' Teil der DE-Programmrichtlinien, Startseite verweist auf Programm; Onsite-Vergütung nur mit spezieller Store-ID; Creator-Ads-Boost-Richtlinie ebenfalls in DE-Richtlinien",https://partnernet.amazon.de/help/operating/policies ; https://partnernet.amazon.de/,2026-09-26,quellen/raw_programs_A.csv
P-A086,Amazon (alle),Amazon Influencer Programme (UK),https://affiliate-program.amazon.co.uk/influencers,Direct (Amazon Associates UK),UK,UK Standard Commission + Onsite Commission (Satz nicht öffentlich),VERIFIED (Existenz) / UNKNOWN (Onsite-Satz),24 Std. Session; Warenkorb-Add innerhalb Session -> Kauf bis 89 Tage nach Klick,VERIFIED,UNKNOWN,Ja,Ja,Ja,Creators API (Nachfolger der abgekündigten PA-API 5; Voraussetzung: mind. 10 qualifizierte Verkäufe in 30 Tagen),nur amazon.co.uk,"UK-Startseite: 'If you are an influencer with an established social media following, learn about the Amazon Influencer Programme'; Influencer Program Policy in UK-Policies enthalten",https://affiliate-program.amazon.co.uk/ ; https://affiliate-program.amazon.co.uk/help/operating/policies,2026-09-26,quellen/raw_programs_A.csv
P-A087,Amazon (alle),Amazon Creator Connections (Bonus-Provisionen von Marken),UNKNOWN (nur in Associates Central nach Login),Direct (Amazon),US (lt. Vorwissen; Status 2026 nicht verifiziert),UNKNOWN,UNKNOWN,UNKNOWN,UNKNOWN,UNKNOWN,UNKNOWN,UNKNOWN,UNKNOWN,UNKNOWN,UNKNOWN,"Status 2026 NICHT verifizierbar (keine öffentliche Hilfeseite gefunden; Programmrichtlinien 04/2026 erwähnen Creator Connections nicht, nur Creator Ads Boost). Adweek 05/2026: Meilenstein-Boni für Publisher weitgehend gestrichen",https://affiliate-program.amazon.com/help/operating/policies ; https://www.adweek.com/media/amazon-associates-affiliate-rate-cuts-publishers/,2026-09-26,quellen/raw_programs_A.csv
P-A088,Amazon (alle),Amazon Creators API (Nachfolger PA-API 5),https://affiliate-program.amazon.com/creatorsapi/docs/en-us/introduction,Direct (Amazon),alle Associates-Marktplätze,n/a (Datenzugang),VERIFIED,n/a,n/a,UNKNOWN,UNKNOWN,UNKNOWN,UNKNOWN,"Ja: SearchItems, GetItems, GetVariations, GetBrowseNodes; Voraussetzung mind. 10 qualifizierte Verkäufe in den letzten 30 Tagen",UNKNOWN,PA-API 5 ist 'deprecated' – Aufrufe liefern HTTP 403 AccessDeniedException; Produktbilder dürfen nicht gespeichert/gecacht werden (nur Link max. 24h); Kundenbewertungen/Sterne nur via API anzeigen,https://affiliate-program.amazon.com/creatorsapi/docs/en-us/paapiv5-deprecation,2026-09-26,quellen/raw_programs_A.csv
P-A089,Creator-Plattform,LTK (ehem. rewardStyle / LIKEtoKNOW.it),https://company.shopltk.com/en/creator,Direct (eigene Plattform),"International (Teams in US, UK, BR, KR, DE, CN, AU)","Retailer-abhängig, nicht öffentlich",UNKNOWN,UNKNOWN,UNKNOWN,UNKNOWN,Ja (Kernmodell),Ja ('immediately shoppable even within closed social platforms like Instagram'),Ja (shoppable Links/Collections; CLAIMED),UNKNOWN,'over 7K retailers' / 8.000 Retailer,"Nur per Bewerbung; gesucht: 'A public social media profile', 'A high number of engaged followers', idealerweise tägliches Posten; Fokus auf 'premium Creators' -> Aufnahme faceless KI-Theme-Page fraglich (nicht explizit geregelt)",https://company.shopltk.com/en/creator ; https://company.shopltk.com/en/company,2026-09-26,quellen/raw_programs_A.csv
P-A090,Creator-Plattform,ShopMy,https://shopmy.us/,Direct (eigene Plattform/Affiliate-Netzwerk),UNKNOWN (US-Fokus vermutet),UNKNOWN (Brand-abhängig),UNKNOWN,UNKNOWN,UNKNOWN,UNKNOWN,UNKNOWN,UNKNOWN,UNKNOWN,API für Brands (docs.shopmy.us),UNKNOWN,"Website ist JS-App, Konditionen nicht öffentlich abrufbar; ShopMy-Tracking-Script auf society6.com und buffy.co gefunden (Home-/Schlaf-Brands angebunden); Selbstbeschreibung: 'premium tastemakers ... not follower counts'",https://shopmy.us/terms ; https://docs.shopmy.us/,2026-09-26,quellen/raw_programs_A.csv
P-A091,Creator-Plattform,Shopify Collabs,https://www.shopify.com/collabs/creators,Direct (Shopify),UNKNOWN,UNKNOWN (je Brand),UNKNOWN,UNKNOWN,UNKNOWN,UNKNOWN,Ja (Creator-App),UNKNOWN,UNKNOWN,UNKNOWN,UNKNOWN,Landingpage ohne Konditionen; Help-Center per Bot-Schutz nicht abrufbar -> alle Details unverifiziert,https://www.shopify.com/collabs/creators,2026-09-26,quellen/raw_programs_A.csv
P-A092,Creator-Plattform,Walmart Creator,https://creator.walmart.com/,Impact (Payout über Impact-Partner-ID lt. Seiten-Konfiguration),US (Walmart + Sam's Club); Kanada-Option,Fashion 20% (Banner); weitere Sätze nicht öffentlich; 'Recent updates have changed some categories to a 0% commission rate',CLAIMED,UNKNOWN,UNKNOWN,UNKNOWN,Ja,Ja (Verbindung per Instagram-Login),Ja (Affiliate-Links + Storefront),UNKNOWN,US/CA,Storefront-Pflichthinweis '@handle may earn commissions from purchases on this page'; Creator-Tiers/Boni; Onsite-Commission-Flag deaktiviert,https://creator.walmart.com/,2026-09-26,quellen/raw_programs_A.csv
P-A093,Creator-Plattform,Walmart Affiliate Program,https://affiliates.walmart.com/,Impact,US,Kategorie-Tabelle ('transparent commission-rate tables') – nicht abrufbar (JS),UNKNOWN,UNKNOWN,UNKNOWN,UNKNOWN,Ja ('earning commission by leveraging your social networks'),UNKNOWN,Ja (Link-Generator),Ja ('get data feeds'),UNKNOWN,Konkrete Sätze via Impact nach Login,https://affiliates.walmart.com/,2026-09-26,quellen/raw_programs_A.csv
P-A094,Creator-Plattform,Target Affiliates / Target Partners,https://partners.target.com/ ; https://app.impact.com/campaign-promo-signup/Target.brand,Impact,US (Nicht-US-Traffic: keine Provision),"Basis: Home & Outdoor Living 5%, Apparel & Accessories 5%, Baby Gear & Furniture 3%, Health & Beauty 1%, Rest 3%; Volumen-Tiers (ab 11 Aktionen/Monat): Home/Apparel 6–8%, Rest 3,5–5%; Ausschlusskategorien 0%",VERIFIED,7 Tage (Last Click),VERIFIED,UNKNOWN,Ja (Target Partners = Creator-Programm),UNKNOWN,Ja,UNKNOWN,nur US,"Aktionen gesperrt 2 Monate nach Monatsende, Zahlung 20 Tage danach; Registry/REDCard $0",https://app.impact.com/campaign-promo-signup/Target.brand,2026-09-26,quellen/raw_programs_A.csv
P-A095,Creator-Plattform,Skimlinks (inkl. ShopYourLikes für Creator),https://www.skimlinks.com/creators/,"Aggregator (48.500 Merchants, 50+ Netzwerke)",International,Revenue-Share der Netzwerkprovision (Anteil in ToS nicht beziffert),VERIFIED (Modell) / UNKNOWN (Anteil),je Merchant,n/a,UNKNOWN,"Ja ('straight from Instagram, Youtube, Facebook')",Ja,Ja (Auto-Affiliation + URL Shortener),Ja (Publisher Hub/APIs),UNKNOWN,Auszahlung 92 Tage nach Monatsende bzw. 30 Tage nach Eingang (das Spätere); Mindestbetrag $65/£50/€55; Chargebacks nicht anfechtbar,https://www.skimlinks.com/terms-of-service/ ; https://www.skimlinks.com/creators/,2026-09-26,quellen/raw_programs_A.csv
P-A096,Creator-Plattform,Sovrn Commerce,https://www.sovrn.com/commerce/,Aggregator (Link-Optimierung über Netzwerke),International,Revenue-Share (nicht öffentlich),UNKNOWN,je Merchant,n/a,UNKNOWN,"Ja (Social-Sharing-Buttons, iPhone-App)",UNKNOWN,"Ja (Auto-Affiliation, Link Optimization)","Ja (Commerce APIs, Produktempfehlungen, Merchant-Raten inkl. Geo)",UNKNOWN,Eher für Publisher/Websites; eigener Blogpost zu Amazons Provisionskürzungen 2026,https://www.sovrn.com/commerce/,2026-09-26,quellen/raw_programs_A.csv
P-A097,Creator-Plattform,Howl,https://www.howl.link/,Direct (Creator-Netzwerk),"UNKNOWN (US-Brands wie Walmart, Target, Sephora)","'Personalized Elevated Rates', Flat Fees, PPL/CPC – keine Zahlen",CLAIMED,UNKNOWN,UNKNOWN,UNKNOWN,Ja,Ja (Instagram-Link im Footer; Creator-Fokus),"Ja (Link-Management, Storefront)",UNKNOWN,UNKNOWN,"Kein Follower-Minimum ('Creators of any level can join'); Auszahlung Net 30/60/90, kein Mindestbetrag; keine Home-Brands auf Landingpage genannt",https://www.howl.link/,2026-09-26,quellen/raw_programs_A.csv
P-A098,Creator-Plattform,Collective Voice,https://www.collectivevoice.com/,Direct,UNKNOWN,UNKNOWN,UNKNOWN,UNKNOWN,UNKNOWN,UNKNOWN,UNKNOWN,UNKNOWN,UNKNOWN,UNKNOWN,UNKNOWN,Domain leitet auf Login-App (app.collectivevoice.com) – keine öffentlichen Konditionen,https://app.collectivevoice.com,2026-09-26,quellen/raw_programs_A.csv
P-A099,Tool,"Geniuslink (Link-Tool, kein Affiliate-Programm)",https://geniuslink.com/pricing/,Tool,International,"Kosten: $6 Grundgebühr + $3,50 je 1.000 Klicks; Custom Domain $50/Monat; 14 Tage Test",VERIFIED,n/a,n/a,UNKNOWN,Ja,Ja (Link-in-Bio/Story-Links),Ja (App-Deep-Links zur Amazon-App),n/a,Geo-Routing in lokalen Amazon-Store (US/UK/DE-Tags bündeln),Eigene Aussage 'safe to use with the Amazon Associates program' (CLAIMED); Link muss dennoch klar als Amazon-Link erkennbar sein (Amazon-Regel w),https://geniuslink.com/pricing/,2026-09-26,quellen/raw_programs_A.csv
P-A100,Interior/Möbel,Westwing,https://www.westwing.de/i/affiliate-program/,Rakuten Advertising (lt. Brand-Seite); zusätzlich Daisycon-Listing,DE/AT (weitere EU-Shops),"'Wettbewerbsfähige und verhandelbare Provisionen'; Daisycon-Listing DE/AT 4,9–6%",THIRD-PARTY ESTIMATE (Rate) / VERIFIED (verhandelbar),30 Tage,VERIFIED,'hoher durchschnittlicher Bestellwert' (ohne Zahl),Ja ('...auf Deiner Website und/oder in Deinen Social-Media-Kanälen'),Ja (Social allgemein),UNKNOWN,Ja (Produkt-Feed),"EU-Shops (DE, AT, NL, BE, PL, CZ, FR u.a.)",SEM verboten (Listing); Rakuten-AGB müssen akzeptiert werden; exklusive Rabatte für Community möglich,https://www.westwing.de/i/affiliate-program/ ; https://www.affiliate-marketing.de/partnerprogramme/westwing,2026-09-26,quellen/raw_programs_A.csv
P-A101,Interior/Möbel,home24,https://www.home24.de/,UNKNOWN,DE,UNKNOWN,UNKNOWN,UNKNOWN,UNKNOWN,UNKNOWN,UNKNOWN,UNKNOWN,UNKNOWN,UNKNOWN,UNKNOWN,"Verzeichnis meldet aktuell 'keine Partnerprogramme für home24.de' (früher Netzwerk-Programm, Aufnahme 2019); Brand-Seite blockt (403)",https://www.affiliate-marketing.de/partnerprogramme/home24.de,2026-09-26,quellen/raw_programs_A.csv
P-A102,Interior/Möbel,OTTO,https://www.otto.de/,Awin,DE (OTTO AT separat 8%),"Listing: 30% / Sale (OTTO DE) – unplausibel hoch, vermutlich Maximal-/Sonderwert; OTTO AT 8%",THIRD-PARTY ESTIMATE (prüfen),UNKNOWN,UNKNOWN,UNKNOWN,UNKNOWN,UNKNOWN,UNKNOWN,Ja (Produktdaten im Account),UNKNOWN,Suchmaschinenwerbung nur nach Abstimmung mit OTTO-Affiliate-Team; Marktplatz-Sortiment inkl. Möbel,https://www.affiliate-marketing.de/partnerprogramme/otto,2026-09-26,quellen/raw_programs_A.csv
P-A103,Interior/Licht,Lampenwelt,https://www.lampenwelt.de/,Awin,DE/AT/CH,5–8%,THIRD-PARTY ESTIMATE,UNKNOWN,UNKNOWN,UNKNOWN,UNKNOWN,UNKNOWN,UNKNOWN,Ja (Produktdaten),DE/AT/CH (je eigenes Awin-Programm),SEM eingeschränkt/auf Anfrage,https://www.affiliate-marketing.de/partnerprogramme/lampenwelt.de,2026-09-26,quellen/raw_programs_A.csv
P-A104,Interior/Möbel,"Connox (Designmöbel, Leuchten, Deko)",https://www.connox.de/ueber-uns/medien/partnerprogramm.html,Awin,DE (Listing auch AT/FR/HR via Sub-Netzwerk),8% ohne Gutschein / 4% mit Gutschein,VERIFIED,60 Tage,VERIFIED,'Hoher durchschnittlicher Warenkorb' (ohne Zahl) – CLAIMED,UNKNOWN (nicht ausgeschlossen),UNKNOWN,UNKNOWN,Ja ('Produktdatenfeed mit unserem gesamten Portfolio'),UNKNOWN,Keine Platzierung in Umfeldern Politik/Erotik/Waffen/Gewalt; Keyword-Marketing erlaubt außer Brand 'connox',https://www.connox.de/ueber-uns/medien/partnerprogramm.html ; https://www.affiliate-marketing.de/partnerprogramme/connox.de,2026-09-26,quellen/raw_programs_A.csv
P-A105,Interior/Möbel,Made in Design,https://www.madeindesign.de/,Daisycon,"DE, UK, IT (FR/BE/CH separat)","3,15–7,7% (DE/UK/IT)",THIRD-PARTY ESTIMATE,30 Tage,THIRD-PARTY ESTIMATE (Programmbeschreibung im Verzeichnis),"'Hohe Warenkörbe' (Sortiment 2,95 € bis 4.416 € Egg Chair) – CLAIMED",UNKNOWN,UNKNOWN,UNKNOWN,Ja (~20.000 Artikel),UNKNOWN,"SEM erlaubt; regelmäßige Flash Sales; Marken wie HAY, Ferm Living, Kartell",https://www.affiliate-marketing.de/partnerprogramme/madeindesign,2026-09-26,quellen/raw_programs_A.csv
P-A106,Interior/Möbel,Maisons du Monde,https://www.maisonsdumonde.com/DE/de,UNKNOWN,DE,UNKNOWN,UNKNOWN,UNKNOWN,UNKNOWN,UNKNOWN,UNKNOWN,UNKNOWN,UNKNOWN,UNKNOWN,UNKNOWN,Verzeichnis: 'keine Partnerprogramme für Maisons du Monde' (derzeit kein aktives Programm gelistet),https://www.affiliate-marketing.de/partnerprogramme/maisonsdumonde.com,2026-09-26,quellen/raw_programs_A.csv
P-A107,Interior/Deko,H&M Home,https://www2.hm.com/,UNKNOWN,DE/UK/US: kein Programm gefunden,"Nur H&M Middle East (EG/SA/KW/AE) bis 7,2% gelistet",THIRD-PARTY ESTIMATE,UNKNOWN,UNKNOWN,UNKNOWN,UNKNOWN,UNKNOWN,UNKNOWN,UNKNOWN,UNKNOWN,Für DACH/UK/US kein öffentliches H&M-Affiliate-Programm auffindbar,https://www.affiliate-marketing.de/partnerprogramme/hm.com,2026-09-26,quellen/raw_programs_A.csv
P-A108,Interior/Deko,Urban Outfitters,https://www.urbanoutfitters.com/,UNKNOWN,DE/EU/US,UNKNOWN,UNKNOWN,UNKNOWN,UNKNOWN,UNKNOWN,UNKNOWN,UNKNOWN,UNKNOWN,UNKNOWN,UNKNOWN,Verzeichnis: 'keine Partnerprogramme für Urban Outfitters'; US-Hilfeseite blockt (403),https://www.affiliate-marketing.de/partnerprogramme/urbanoutfitters.com,2026-09-26,quellen/raw_programs_A.csv
P-A109,Interior/Möbel,XXXLutz (inkl. Möbelix-Gruppe),https://www.xxxlutz.de/,"Awin (AT, SE); CJ (CZ, SK)",AT/SE gelistet; DE: kein aktives Programm im Listing,"AT 5%, SE 5%, CZ/SK 1%",THIRD-PARTY ESTIMATE,UNKNOWN,UNKNOWN,UNKNOWN,UNKNOWN,UNKNOWN,UNKNOWN,SE: Produktdaten vorhanden,UNKNOWN,Möbelix nicht im Verzeichnis gefunden,https://www.affiliate-marketing.de/partnerprogramme/xxxlutz.de,2026-09-26,quellen/raw_programs_A.csv
P-A110,Interior/Möbel,Möbel Höffner,https://www.hoeffner.de/,Awin,DE,1–10%,THIRD-PARTY ESTIMATE,UNKNOWN,UNKNOWN,UNKNOWN,UNKNOWN,UNKNOWN,UNKNOWN,Ja (Produktdaten),UNKNOWN,SEM verboten,https://www.affiliate-marketing.de/partnerprogramme/hoeffner.de,2026-09-26,quellen/raw_programs_A.csv
P-A111,Interior/Möbel,Beliani,https://www.beliani.de/,UNKNOWN,DE,UNKNOWN,UNKNOWN,UNKNOWN,UNKNOWN,UNKNOWN,UNKNOWN,UNKNOWN,UNKNOWN,UNKNOWN,UNKNOWN,"Im Verzeichnis gelistet (seit 2019), aber ohne aktives Programm",https://www.affiliate-marketing.de/partnerprogramme/beliani.de,2026-09-26,quellen/raw_programs_A.csv
P-A112,Interior/Möbel,Wayfair.de,https://www.wayfair.de/,UNKNOWN,DE,UNKNOWN,UNKNOWN,UNKNOWN,UNKNOWN,UNKNOWN,UNKNOWN,UNKNOWN,UNKNOWN,UNKNOWN,UNKNOWN,Verzeichnis ohne aktive Programmzeile; wayfair.de/partnerprogramm leitet auf /announcement um,https://www.affiliate-marketing.de/partnerprogramme/wayfair.de,2026-09-26,quellen/raw_programs_A.csv
P-A113,Interior/Deko,Nordic Nest (DE/AT),https://www.nordicnest.de/uber-uns/affiliate/,Adtraction,DE/AT,mind. 8% auf jede Bestellung (individuelle Deals möglich),VERIFIED,15 Tage,VERIFIED,UNKNOWN,Ja (Banner/direkte Links; Instagram-Kooperationen separat),Ja (separate Influencer-Kooperationen),Ja ('direkte Links'),Ja (täglich aktualisierter Produktfeed),Versand aus Schweden in viele EU-Länder,"Skandinavisches Design (Iittala, HAY u.a.); kurze Cookie-Dauer",https://www.nordicnest.de/uber-uns/affiliate/,2026-09-26,quellen/raw_programs_A.csv
P-A114,Interior/Deko,Nordic Nest (UK/International),https://www.nordicnest.com/about-us/affiliate/,Adtraction,UK/International,at least 8%,VERIFIED,15 Tage,VERIFIED,'A high average order value' (ohne Zahl) – CLAIMED,Ja,Ja (Kooperationen separat),Ja,Ja (daily),UNKNOWN,UNKNOWN,https://www.nordicnest.com/about-us/affiliate/,2026-09-26,quellen/raw_programs_A.csv
P-A115,Interior/Deko,Desenio (Poster/Wandkunst),https://desenio.com/,CJ,International (Region im Listing ohne Angabe),7%,THIRD-PARTY ESTIMATE,UNKNOWN,UNKNOWN,UNKNOWN,UNKNOWN,UNKNOWN,UNKNOWN,UNKNOWN,UNKNOWN,Brand-Seite durch Bot-Schutz nicht abrufbar,https://www.affiliate-marketing.de/partnerprogramme/desenio.com,2026-09-26,quellen/raw_programs_A.csv
P-A116,Interior/Deko,Juniqe (Kunstdrucke),https://www.juniqe.com/de/,UNKNOWN,DE,UNKNOWN,UNKNOWN,UNKNOWN,UNKNOWN,UNKNOWN,UNKNOWN,UNKNOWN,UNKNOWN,UNKNOWN,UNKNOWN,Im Verzeichnis ohne aktives Programm,https://www.affiliate-marketing.de/partnerprogramme/juniqe.de,2026-09-26,quellen/raw_programs_A.csv
P-A117,Interior/Deko,Posterstore,https://www.posterstore.de/,UNKNOWN,DE/UK,UNKNOWN,UNKNOWN,UNKNOWN,UNKNOWN,UNKNOWN,UNKNOWN,UNKNOWN,UNKNOWN,UNKNOWN,UNKNOWN,Nicht im Verzeichnis; Website blockt (429),https://www.posterstore.de/,2026-09-26,quellen/raw_programs_A.csv
P-A118,Interior/Möbel,Kave Home,https://kavehome.com/,UNKNOWN,DE/EU,UNKNOWN,UNKNOWN,UNKNOWN,UNKNOWN,UNKNOWN,UNKNOWN,UNKNOWN,UNKNOWN,UNKNOWN,UNKNOWN,Nicht im Verzeichnis; Website blockt (Vercel-Checkpoint),https://kavehome.com/affiliates,2026-09-26,quellen/raw_programs_A.csv
P-A119,Interior/Möbel,IKEA,n/a,UNKNOWN,DE/US/UK: kein Programm gefunden,"Nur 'IKEA ES' 2,81% gelistet",THIRD-PARTY ESTIMATE,UNKNOWN,UNKNOWN,UNKNOWN,UNKNOWN,UNKNOWN,UNKNOWN,UNKNOWN,UNKNOWN,Für DE/US/UK kein öffentliches IKEA-Affiliate-Programm auffindbar -> IKEA-Produkte nur indirekt (z.B. Amazon-Alternativen),https://www.affiliate-marketing.de/partnerprogramme/ikea.com,2026-09-26,quellen/raw_programs_A.csv
P-A120,Interior/Deko,Etsy Affiliates & Creator Collective,https://www.etsy.com/affiliates,Direct/UNKNOWN (Seite nennt kein Netzwerk),"International (Support auf EN, FR, IT, ES, DE)",Prozentsatz auf qualifizierte Verkäufe (Höhe nicht öffentlich),UNKNOWN,'competitive' (keine Zahl),CLAIMED,UNKNOWN,Ja – Creator Collective ist für Social-Media-Kanäle,Ja (autorisierte Kanäle),Ja (Links zu Etsy-Produkten),UNKNOWN,"Marktplatz, international",Creator Collective: mind. 500 Follower auf mind. einem autorisierten Kanal; Provisionen i.d.R. 30 Tage nach Verkauf validiert; exkl. Steuern/Versand/Retouren; Etsy-Storefront für Mitglieder,https://www.etsy.com/affiliates,2026-09-26,quellen/raw_programs_A.csv
P-A121,Interior/Möbel,Wayfair UK,https://www.wayfair.co.uk/,Awin; CJ (beide gelistet),UK,Awin 2%; CJ 3% (Sub-Netzwerk FlexOffers zeigt 10% – unplausibel),THIRD-PARTY ESTIMATE,UNKNOWN,UNKNOWN,UNKNOWN,UNKNOWN,UNKNOWN,UNKNOWN,Ja (Awin-Produktdaten),UNKNOWN,Brand-Seite blockt (429); SEM eingeschränkt,https://www.affiliate-marketing.de/partnerprogramme/wayfair.co.uk,2026-09-26,quellen/raw_programs_A.csv
P-A122,Interior/Möbel,John Lewis & Partners,https://www.johnlewis.com/,Impact (Listing),UK,UNKNOWN,UNKNOWN,UNKNOWN,UNKNOWN,UNKNOWN,UNKNOWN,UNKNOWN,UNKNOWN,Ja (Produktdaten lt. Listing),UNKNOWN,Impact-Vertragsvorschau nicht auffindbar (Brand-Slug unbekannt); Website-Timeouts,https://www.affiliate-marketing.de/partnerprogramme/johnlewis.com,2026-09-26,quellen/raw_programs_A.csv
P-A123,Interior/Deko,Dunelm,https://www.dunelm.com/,nur Sub-Netzwerk (SaleGains) gelistet,UK,UNKNOWN,UNKNOWN,UNKNOWN,UNKNOWN,UNKNOWN,UNKNOWN,UNKNOWN,UNKNOWN,UNKNOWN,UNKNOWN,Kein Direktprogramm verifiziert,https://www.affiliate-marketing.de/partnerprogramme/dunelm.com,2026-09-26,quellen/raw_programs_A.csv
P-A124,Interior/Möbel,Loaf,https://loaf.com/,UNKNOWN,UK,UNKNOWN,UNKNOWN,UNKNOWN,UNKNOWN,UNKNOWN,UNKNOWN,UNKNOWN,UNKNOWN,UNKNOWN,UNKNOWN,Nicht im Verzeichnis; Website hinter Cloudflare,https://loaf.com/pages/affiliates,2026-09-26,quellen/raw_programs_A.csv
P-A125,Interior/Möbel,Soho Home,https://www.sohohome.com/,Rakuten Advertising,"UK, US, CA, AU",UNKNOWN,UNKNOWN,UNKNOWN,UNKNOWN,UNKNOWN,UNKNOWN,UNKNOWN,UNKNOWN,Ja (Produktdaten),UNKNOWN,Premium-Interior (Soho House),https://www.affiliate-marketing.de/partnerprogramme/sohohome.com,2026-09-26,quellen/raw_programs_A.csv
P-A126,Interior/Deko,Anthropologie (US/UK/EU),https://www.anthropologie.com/,"Rakuten Advertising (US, UK, EU)",US/UK/EU,"Direkt: UNKNOWN; Sub-Netzwerk FlexOffers: US 3,2%, UK 1,6–2,4%, EU 3,2–6,4%",THIRD-PARTY ESTIMATE,UNKNOWN,UNKNOWN,UNKNOWN,UNKNOWN,UNKNOWN,UNKNOWN,Ja (Rakuten-Produktdaten),UNKNOWN,"FlexOffers-Raten entsprechen i.d.R. ~80% der Direktrate (Beobachtung, nicht verifiziert)",https://www.affiliate-marketing.de/partnerprogramme/anthropologie.com,2026-09-26,quellen/raw_programs_A.csv
P-A127,Interior/Möbel,Wayfair (US),https://www.wayfair.com/affiliates,UNKNOWN,US,UNKNOWN,UNKNOWN,UNKNOWN,UNKNOWN,UNKNOWN,UNKNOWN,UNKNOWN,UNKNOWN,UNKNOWN,UNKNOWN,Brand-Seite blockt (429); Impact-Slug 'Wayfair' gehört anderer Firma; Schwestermarke AllModern siehe eigene Zeile,https://www.wayfair.com/affiliates,2026-09-26,quellen/raw_programs_A.csv
P-A128,Interior/Möbel,AllModern (Wayfair LLC),https://app.impact.com/campaign-promo-signup/AllModern.brand,Impact,US,8% of order sale amount,VERIFIED,45 Tage (Last Click),VERIFIED,UNKNOWN,UNKNOWN,UNKNOWN,UNKNOWN,UNKNOWN,UNKNOWN,"Aktionen gesperrt 15 Tage nach Monatsende, Zahlung bei Sperre; max. 4 Aktionen pro Klick",https://app.impact.com/campaign-promo-signup/AllModern.brand,2026-09-26,quellen/raw_programs_A.csv
P-A129,Interior/Möbel,Pottery Barn (US),https://app.impact.com/campaign-promo-signup/Pottery-Barn-US.brand,Impact,US,1% (Referrer google/bing: 0%); separates WSI-Influencer-Template: Default 0% (individuell),VERIFIED,1 Tag (Affiliate) / 30 Tage (Influencer-Template),VERIFIED,UNKNOWN,"Ja, aber nur echte Creator-Identitäten",UNKNOWN,UNKNOWN,UNKNOWN,UNKNOWN,"WSI-Vertrag: nur von WSI bereitgestellte Codes; TM-Negativ-Keywords Pflicht; Klauseln gegen 'fake or misrepresented creator ... or social media identities' und Accounts ohne 'bona fide social, website, or promotional activity'; Sperre 2 Monate nach Monatsende",https://app.impact.com/campaign-promo-signup/Pottery-Barn-US.brand ; https://app.impact.com/campaign-promo-signup/Pottery-Barn.brand,2026-09-26,quellen/raw_programs_A.csv
P-A130,Interior/Möbel,West Elm (US),https://app.impact.com/campaign-promo-signup/West-Elm-US.brand,Impact,US,1%,VERIFIED,1 Tag,VERIFIED,UNKNOWN,"Ja, aber nur echte Creator-Identitäten",UNKNOWN,UNKNOWN,UNKNOWN,UNKNOWN,"WSI-Vertrag: nur von WSI bereitgestellte Codes; TM-Negativ-Keywords Pflicht; Klauseln gegen 'fake or misrepresented creator ... or social media identities' und Accounts ohne 'bona fide social, website, or promotional activity'; Sperre 2 Monate nach Monatsende",https://app.impact.com/campaign-promo-signup/West-Elm-US.brand,2026-09-26,quellen/raw_programs_A.csv
P-A131,Interior/Möbel,Williams-Sonoma,https://app.impact.com/campaign-promo-signup/Williams-Sonoma.brand,Impact,US,1% (Rakuten-Referrer 0%),VERIFIED,1 Tag,VERIFIED,UNKNOWN,UNKNOWN,UNKNOWN,UNKNOWN,UNKNOWN,UNKNOWN,"WSI-Vertrag: nur von WSI bereitgestellte Codes; TM-Negativ-Keywords Pflicht; Klauseln gegen 'fake or misrepresented creator ... or social media identities' und Accounts ohne 'bona fide social, website, or promotional activity'; Sperre 2 Monate nach Monatsende",https://app.impact.com/campaign-promo-signup/Williams-Sonoma.brand,2026-09-26,quellen/raw_programs_A.csv
P-A132,Interior/Licht,Rejuvenation (WSI),https://app.impact.com/campaign-promo-signup/Rejuvenation.brand,Impact,US,1%,VERIFIED,1 Tag,VERIFIED,UNKNOWN,UNKNOWN,UNKNOWN,UNKNOWN,UNKNOWN,UNKNOWN,"WSI-Vertrag: nur von WSI bereitgestellte Codes; TM-Negativ-Keywords Pflicht; Klauseln gegen 'fake or misrepresented creator ... or social media identities' und Accounts ohne 'bona fide social, website, or promotional activity'; Sperre 2 Monate nach Monatsende",https://app.impact.com/campaign-promo-signup/Rejuvenation.brand,2026-09-26,quellen/raw_programs_A.csv
P-A133,Interior/Möbel,Crate & Barrel,https://app.impact.com/campaign-promo-signup/Crate-and-Barrel.brand,Impact,US,4% Standard; Furniture 2%; Crate Kids 4%; Sale-Artikel 0%,VERIFIED,7 Tage (Last Click),VERIFIED,UNKNOWN,Ja ('Social Media: Allowed'),Ja (Social allgemein),Ja,Ja (Produktdaten lt. Listing),UNKNOWN,Nur Programm-Coupons; kein TM-/TM+-Bidding; nur Banner/Bilder aus Impact verwenden; Zahlung 60 Tage nach Rechnungsstellung,https://app.impact.com/campaign-promo-signup/Crate-and-Barrel.brand,2026-09-26,quellen/raw_programs_A.csv
P-A134,Interior/Möbel,CB2,https://app.impact.com/campaign-promo-signup/CB2.brand,Impact,US,2%,VERIFIED,7 Tage,VERIFIED,UNKNOWN,Ja ('Social Media: Allowed'),Ja (Social allgemein),UNKNOWN,UNKNOWN,UNKNOWN,Incentivized Traffic/Software nicht erlaubt; nur bereitgestellte Bilder/Logos; Sub-Netzwerk-Listing 'bis 12%' irreführend,https://app.impact.com/campaign-promo-signup/CB2.brand,2026-09-26,quellen/raw_programs_A.csv
P-A135,Interior/Möbel,Arhaus,https://app.impact.com/campaign-promo-signup/Arhaus.brand,Impact,US/CA,4%,VERIFIED,30 Tage,VERIFIED,UNKNOWN,"Ja auf eigenen Kanälen; VERBOTEN: Links auf Arhaus-eigenen Social-Seiten, FB-Ads mit Markennamen, Marke im Account-Namen",Ja (eigene Kanäle),UNKNOWN,UNKNOWN,UNKNOWN,Strenge Coupon-Regeln; kein PPC-Brand-Bidding,https://app.impact.com/campaign-promo-signup/Arhaus.brand,2026-09-26,quellen/raw_programs_A.csv
P-A136,Interior/Möbel,Castlery (US),https://www.castlery.com/us/affiliate-program,Impact,US (auch AU/CA-Programme),5% (−20% Provision bei Rabatt > $120; Performance-Boni ohne Cap),VERIFIED,30 Tage (Brand: 'minimum of 30-day tracking window'),VERIFIED,UNKNOWN,"Ja ('website, newsletters or social media')",Ja (Social allgemein),Ja ('linking tools'),Ja (Produktdaten lt. Listing),UNKNOWN,Separates Ambassador-Programm,https://www.castlery.com/us/affiliate-program ; https://app.impact.com/campaign-promo-signup/Castlery-US.brand,2026-09-26,quellen/raw_programs_A.csv
P-A137,Interior/Möbel,Albany Park,https://app.impact.com/campaign-promo-signup/Albany-Park.brand,Impact,US,4% Basis; Armchairs/Loveseats/3-Sitzer-Sofas 2%,VERIFIED,30 Tage,VERIFIED,UNKNOWN,Ja ('allows affiliates to promote us through social media channels'),Ja (Social allgemein),UNKNOWN,UNKNOWN,UNKNOWN,Keine Coupon-Sites; keine TM-PPC,https://app.impact.com/campaign-promo-signup/Albany-Park.brand,2026-09-26,quellen/raw_programs_A.csv
P-A138,Interior/Deko,Ruggable (waschbare Teppiche),https://app.impact.com/campaign-promo-signup/Ruggable.brand,Impact (Website verlinkt zusätzlich CJ-Signup),US,3%,VERIFIED,30 Tage,VERIFIED,UNKNOWN,UNKNOWN,UNKNOWN,UNKNOWN,UNKNOWN,UNKNOWN,Sperre 60 Tage nach Monatsende; 1.000+ Designs,https://app.impact.com/campaign-promo-signup/Ruggable.brand ; https://ruggable.com/,2026-09-26,quellen/raw_programs_A.csv
P-A139,Interior/Möbel,Lulu and Georgia,https://www.luluandgeorgia.com/pages/affiliates,Ascend by Partnerize (ehem. Pepperjam),US,10%,THIRD-PARTY ESTIMATE,UNKNOWN,UNKNOWN,UNKNOWN,UNKNOWN,UNKNOWN,UNKNOWN,Ja (Produktkatalog/Produktdaten),UNKNOWN,Separates Influencer-Programm; Brand-Seite nennt Pepperjam,https://www.affiliate-marketing.de/partnerprogramme/luluandgeorgia.com ; https://www.luluandgeorgia.com/pages/affiliates,2026-09-26,quellen/raw_programs_A.csv
P-A140,Interior/Möbel,Joybird,https://joybird.com/affiliates/,CJ,US,3%,THIRD-PARTY ESTIMATE,UNKNOWN,UNKNOWN,UNKNOWN,UNKNOWN,UNKNOWN,UNKNOWN,UNKNOWN,UNKNOWN,Affiliate-Seite JS-gerendert,https://www.affiliate-marketing.de/partnerprogramme/joybird.com,2026-09-26,quellen/raw_programs_A.csv
P-A141,Interior/Licht,Lumens,https://www.lumens.com/,UNKNOWN (nur Sub-Netzwerk FlexOffers gelistet),US,5% (Sub-Netzwerk),THIRD-PARTY ESTIMATE,UNKNOWN,UNKNOWN,UNKNOWN,UNKNOWN,UNKNOWN,UNKNOWN,UNKNOWN,UNKNOWN,Brand-Seite hinter Cloudflare,https://www.affiliate-marketing.de/partnerprogramme/lumens.com,2026-09-26,quellen/raw_programs_A.csv
P-A142,Interior/Deko,Society6 (Wandkunst/Deko),https://app.impact.com/campaign-promo-signup/Society6.brand,Impact (+ ShopMy-Tracking auf Website),US,2%,VERIFIED,30 Tage,VERIFIED,UNKNOWN,UNKNOWN,UNKNOWN,UNKNOWN,UNKNOWN,UNKNOWN,Zahlung 30 Tage nach Sperre,https://app.impact.com/campaign-promo-signup/Society6.brand,2026-09-26,quellen/raw_programs_A.csv
P-A143,Interior/Möbel,The Home Depot,https://app.impact.com/campaign-promo-signup/The-Home-Depot.brand,Impact,US,"8% auf Interior Furniture, Area Rugs, Housewares, Mattresses, Bedding & Textiles, Home Decor, Tabletop, Wallpaper; 1% auf alles andere (u.a. Lighting, Appliances, Tools)",VERIFIED,1 Tag,VERIFIED,UNKNOWN,UNKNOWN,UNKNOWN,UNKNOWN,UNKNOWN,UNKNOWN,Sehr kurzes Attributionsfenster; Impressions-Attribution nicht erlaubt,https://app.impact.com/campaign-promo-signup/The-Home-Depot.brand,2026-09-26,quellen/raw_programs_A.csv
P-A144,Interior/Möbel,Lowe's,https://app.impact.com/campaign-promo-signup/Lowes.brand,Impact,US,1%,VERIFIED,1 Tag,VERIFIED,UNKNOWN,UNKNOWN,UNKNOWN,UNKNOWN,UNKNOWN,UNKNOWN,UNKNOWN,https://app.impact.com/campaign-promo-signup/Lowes.brand,2026-09-26,quellen/raw_programs_A.csv
P-A145,Interior/Möbel,Article,https://www.article.com/,UNKNOWN,US,UNKNOWN,UNKNOWN,UNKNOWN,UNKNOWN,UNKNOWN,UNKNOWN,UNKNOWN,UNKNOWN,UNKNOWN,UNKNOWN,Keine Programmseite/Impact-Vorschau gefunden; im Verzeichnis ohne aktives Programm,https://www.affiliate-marketing.de/partnerprogramme/article.com,2026-09-26,quellen/raw_programs_A.csv
P-A146,Interior/Möbel,Burrow,https://burrow.com/,UNKNOWN,US,UNKNOWN,UNKNOWN,UNKNOWN,UNKNOWN,UNKNOWN,UNKNOWN,UNKNOWN,UNKNOWN,UNKNOWN,UNKNOWN,Keine Programmseite/Impact-Vorschau gefunden; im Verzeichnis ohne aktives Programm,https://www.affiliate-marketing.de/partnerprogramme/burrow.com,2026-09-26,quellen/raw_programs_A.csv
P-A147,Interior/Möbel,Interior Define,https://www.interiordefine.com/,UNKNOWN,US,UNKNOWN,UNKNOWN,UNKNOWN,UNKNOWN,UNKNOWN,UNKNOWN,UNKNOWN,UNKNOWN,UNKNOWN,UNKNOWN,Keine Programmseite/Impact-Vorschau gefunden; im Verzeichnis ohne aktives Programm,https://www.affiliate-marketing.de/partnerprogramme/interiordefine.com,2026-09-26,quellen/raw_programs_A.csv
P-A148,Interior/Möbel,Rove Concepts,https://www.roveconcepts.com/,UNKNOWN,US,UNKNOWN,UNKNOWN,UNKNOWN,UNKNOWN,UNKNOWN,UNKNOWN,UNKNOWN,UNKNOWN,UNKNOWN,UNKNOWN,Keine Programmseite/Impact-Vorschau gefunden; im Verzeichnis ohne aktives Programm,https://www.affiliate-marketing.de/partnerprogramme/roveconcepts.com,2026-09-26,quellen/raw_programs_A.csv
P-A149,Interior/Licht,YLighting,https://www.ylighting.com/,UNKNOWN,US,UNKNOWN,UNKNOWN,UNKNOWN,UNKNOWN,UNKNOWN,UNKNOWN,UNKNOWN,UNKNOWN,UNKNOWN,UNKNOWN,Keine Programmseite/Impact-Vorschau gefunden; im Verzeichnis ohne aktives Programm,https://www.affiliate-marketing.de/partnerprogramme/ylighting.com,2026-09-26,quellen/raw_programs_A.csv
P-A150,Schlaf/Matratzen,Emma (DE/AT/CH),https://www.emma-matratze.de/,Awin (+ Daisycon AT/CH),DE/AT/CH,3–10%,THIRD-PARTY ESTIMATE (DE-Zeile zuletzt 2023-04-18 aktualisiert),30 Tage,THIRD-PARTY ESTIMATE (Programmbeschreibung),'Überdurchschnittlich hoher Warenwert' (ohne Zahl) – CLAIMED,UNKNOWN,UNKNOWN,UNKNOWN,Ja (Produktdaten),30+ Länder,SEM eingeschränkt; Brand-Seite /partnerprogramm verweist nur auf brand-partnerships@emma-sleep.com; 0%-Finanzierung,https://www.affiliate-marketing.de/partnerprogramme/emma,2026-09-26,quellen/raw_programs_A.csv
P-A151,Schlaf/Matratzen,Emma (UK),https://www.emma-sleep.co.uk/,Awin,UK,5–7%,THIRD-PARTY ESTIMATE,UNKNOWN,UNKNOWN,UNKNOWN,UNKNOWN,UNKNOWN,UNKNOWN,Ja (Produktdaten),UNKNOWN,SEM eingeschränkt,https://www.affiliate-marketing.de/partnerprogramme/emma,2026-09-26,quellen/raw_programs_A.csv
P-A152,Schlaf/Matratzen,bett1.de (BODYGUARD-Matratze),https://www.bett1.de/,Awin (Bett1 DACH) + CJ (bett1 EU),DE/AT/CH (+ES/FR/PL),CJ 5%; Programmbeschreibung: '8 % CPA für alle gültigen Bestellungen',THIRD-PARTY ESTIMATE / CLAIMED,UNKNOWN,UNKNOWN,'Durchschnittlicher Warenkorbwert von über 320 €' – CLAIMED,UNKNOWN,UNKNOWN,UNKNOWN,Ja (Produktdaten),"Shops in AT, CH, ES, FR, PL; grenzüberschreitendes Tracking",100 Nächte Probeschlafen (Storno-Risiko),https://www.affiliate-marketing.de/partnerprogramme/bett1.de,2026-09-26,quellen/raw_programs_A.csv
P-A153,Schlaf/Matratzen,Simba Sleep (UK),https://simbasleep.com/pages/affiliate,'our affiliate network' (Awin-Listing: simbasleep.com),UK,"'as much as 5%' – Start-CPA 5% auf Netto-Umsatz (Awin-Listing 3,3%)",CLAIMED,30 Tage,VERIFIED,£627 (Brand-Angabe) – CLAIMED,UNKNOWN,UNKNOWN,UNKNOWN,Ja (Awin-Produktdaten),UNKNOWN,Provision erst nach Ablauf der 200-Nächte-Probeschlafphase – sehr lange Validierung,https://simbasleep.com/pages/affiliate ; https://www.affiliate-marketing.de/partnerprogramme/simbasleep.com,2026-09-26,quellen/raw_programs_A.csv
P-A154,Schlaf/Matratzen,Casper,https://casper.com/,Partnerize (US lt. Listing); Impact (Casper Canada),US / CA,US: UNKNOWN; Kanada: CAD 15 pro Bestellung,VERIFIED (CA) / UNKNOWN (US),CA: 45 Tage,VERIFIED (CA),UNKNOWN,UNKNOWN,UNKNOWN,UNKNOWN,UNKNOWN,UNKNOWN,UNKNOWN,https://app.impact.com/campaign-promo-signup/Casper.brand ; https://www.affiliate-marketing.de/partnerprogramme/casper.com,2026-09-26,quellen/raw_programs_A.csv
P-A155,Schlaf/Matratzen,Purple,https://purple.com/affiliate-program,Impact,US,2% of item sale amount (Default),VERIFIED,30 Tage,VERIFIED,UNKNOWN,Ja (eigenes Creator-/Influencer-Programm unter /ambassador),Ja,UNKNOWN,UNKNOWN,UNKNOWN,Sperre ~3 Monate nach Monatsende (100-Nächte-Test); Vergütungsstruktur nach Freischaltung per Mail,https://purple.com/affiliate-program ; https://app.impact.com/campaign-promo-signup/Purple.brand,2026-09-26,quellen/raw_programs_A.csv
P-A156,Schlaf/Matratzen,Saatva,https://join.partnerize.com/saatva/en,Partnerize,US,UNKNOWN (Awin-US-Listing 3%),THIRD-PARTY ESTIMATE,UNKNOWN,UNKNOWN,UNKNOWN,UNKNOWN,UNKNOWN,UNKNOWN,UNKNOWN,UNKNOWN,Separates Ambassador- (Give $100/Get $100) und Chiropraktiker-Programm,https://www.saatva.com/ ; https://www.affiliate-marketing.de/partnerprogramme/saatva.com,2026-09-26,quellen/raw_programs_A.csv
P-A157,Schlaf/Matratzen,Nectar Sleep (US),https://app.impact.com/campaign-promo-signup/Nectar-Sleep.brand,Impact,US,8–12% (SKU-abhängig),VERIFIED,30 Tage,VERIFIED,UNKNOWN,UNKNOWN,UNKNOWN,UNKNOWN,UNKNOWN,UNKNOWN,Zahlung bei Sperre (2 Monate nach Monatsende); Offenlegungspflicht; Coupon-Sites nur mit gültigem Code,https://app.impact.com/campaign-promo-signup/Nectar-Sleep.brand ; https://www.nectarsleep.com/p/affiliates,2026-09-26,quellen/raw_programs_A.csv
P-A158,Schlaf/Matratzen,Nectar Sleep (UK),https://app.impact.com/campaign-promo-signup/Nectar-UK.brand,Impact,UK,£80 pro Bestellung bzw. 12% (SKU-abhängig),VERIFIED,30 Tage,VERIFIED,UNKNOWN,UNKNOWN,UNKNOWN,UNKNOWN,UNKNOWN,UNKNOWN,CAP-Code-Compliance verlangt,https://app.impact.com/campaign-promo-signup/Nectar-UK.brand,2026-09-26,quellen/raw_programs_A.csv
P-A159,Schlaf/Matratzen,DreamCloud,https://app.impact.com/campaign-promo-signup/DreamCloud.brand,Impact,US,$150 pro Bestellung bzw. 12% (SKU-abhängig),VERIFIED,30 Tage,VERIFIED,UNKNOWN,UNKNOWN,UNKNOWN,UNKNOWN,UNKNOWN,UNKNOWN,Gleicher Konzern wie Nectar (Resident/Nectar Brand LLC); Zahlung bei Sperre,https://app.impact.com/campaign-promo-signup/DreamCloud.brand ; https://www.dreamcloudsleep.com/p/affiliates,2026-09-26,quellen/raw_programs_A.csv
P-A160,Schlaf/Matratzen,Helix Sleep,https://app.impact.com/campaign-promo-signup/Helix-Sleep.brand,Impact,US/CA,5% Default ('earn up to 6%'); CPC-Partner 0%,VERIFIED,90 Tage (First Click),VERIFIED,UNKNOWN,UNKNOWN,UNKNOWN,UNKNOWN,UNKNOWN,Traffic nur aus US/CA erlaubt,Coupon-/Deal-/Cashback-Sites nur mit Genehmigung; Brand-Bidding verboten,https://app.impact.com/campaign-promo-signup/Helix-Sleep.brand,2026-09-26,quellen/raw_programs_A.csv
P-A161,Schlaf/Matratzen,Tuft & Needle,https://app.impact.com/campaign-promo-signup/Tuft-and-Needle.brand,Impact,US,2–5%,VERIFIED,30 Tage,VERIFIED,UNKNOWN,UNKNOWN,UNKNOWN,UNKNOWN,UNKNOWN,UNKNOWN,De-Duplizierung gegen Paid Social/Paid Search/andere Affiliates,https://app.impact.com/campaign-promo-signup/Tuft-and-Needle.brand,2026-09-26,quellen/raw_programs_A.csv
P-A162,Schlaf/Matratzen,Eight Sleep,https://app.impact.com/campaign-promo-signup/Eight-Sleep.brand,Impact,US,2%,VERIFIED,30 Tage,VERIFIED,UNKNOWN,UNKNOWN,UNKNOWN,UNKNOWN,UNKNOWN,UNKNOWN,"Erlaubte Kanäle: Deal/Coupon, Content/Blog, Mobile, Newsletter, Email (Social nicht explizit gelistet)",https://app.impact.com/campaign-promo-signup/Eight-Sleep.brand,2026-09-26,quellen/raw_programs_A.csv
P-A163,Schlaf/Matratzen,Sleep Number,https://app.impact.com/campaign-promo-signup/Sleep-Number.brand,Impact,US,2%,VERIFIED,30 Tage,VERIFIED,UNKNOWN,UNKNOWN,UNKNOWN,UNKNOWN,UNKNOWN,UNKNOWN,Zahlung 45 Tage nach Rechnungsstellung,https://app.impact.com/campaign-promo-signup/Sleep-Number.brand,2026-09-26,quellen/raw_programs_A.csv
P-A164,Schlaf/Bettwäsche,Brooklinen,https://app.impact.com/campaign-promo-signup/Brooklinen.brand,Impact,US,0% Default (individuell verhandelt),VERIFIED,1 Tag,VERIFIED,UNKNOWN,UNKNOWN,UNKNOWN,UNKNOWN,UNKNOWN,UNKNOWN,Coupon-Codes nur mit Erlaubnis,https://app.impact.com/campaign-promo-signup/Brooklinen.brand,2026-09-26,quellen/raw_programs_A.csv
P-A165,Schlaf/Bettwäsche,Parachute Home,https://app.impact.com/campaign-promo-signup/Parachute-Home.brand,Impact,US,10% Neukunden / 5% Bestandskunden,VERIFIED,7 Tage,VERIFIED,UNKNOWN,"Ja (Social-Profile als 'Your Material' zulässig, müssen im Profil angegeben werden)",Ja (kein Brand-Bidding auf Instagram/Facebook),UNKNOWN,UNKNOWN,UNKNOWN,Sperre >3 Monate nach Monatsende,https://app.impact.com/campaign-promo-signup/Parachute-Home.brand,2026-09-26,quellen/raw_programs_A.csv
P-A166,Schlaf/Bettwäsche,Buffy,https://app.impact.com/campaign-promo-signup/Buffy.brand,Impact (Awin-US-Listing zeigt 15% – widersprüchlich),US,3%,VERIFIED,30 Tage,VERIFIED,UNKNOWN,UNKNOWN,UNKNOWN,UNKNOWN,UNKNOWN,UNKNOWN,ShopMy-Tracking auf Website; Zahlung 5 Tage nach Sperre,https://app.impact.com/campaign-promo-signup/Buffy.brand,2026-09-26,quellen/raw_programs_A.csv
P-A167,Schlaf/Bettwäsche,Snowe,https://snowehome.com/,Awin,US,10%,THIRD-PARTY ESTIMATE,UNKNOWN,UNKNOWN,UNKNOWN,UNKNOWN,UNKNOWN,UNKNOWN,Ja (Produktdaten),UNKNOWN,UNKNOWN,https://www.affiliate-marketing.de/partnerprogramme/snowehome.com,2026-09-26,quellen/raw_programs_A.csv
P-A168,Schlaf/Matratzen,Coco-Mat,https://www.coco-mat.com/,UNKNOWN,EU/US,UNKNOWN,UNKNOWN,UNKNOWN,UNKNOWN,UNKNOWN,UNKNOWN,UNKNOWN,UNKNOWN,UNKNOWN,UNKNOWN,Website nicht erreichbar (522); nicht im Verzeichnis,https://www.coco-mat.com/,2026-09-26,quellen/raw_programs_A.csv
P-A169,Schlaf/Matratzen,OTTY (UK),https://otty.com/,UNKNOWN,UK,UNKNOWN,UNKNOWN,UNKNOWN,UNKNOWN,UNKNOWN,UNKNOWN,UNKNOWN,UNKNOWN,UNKNOWN,UNKNOWN,Keine Affiliate-Seite gefunden,https://otty.com/,2026-09-26,quellen/raw_programs_A.csv
P-A170,Smart Home/Licht,Govee (DE),https://us.govee.com/pages/affiliate,"Awin (DE); Impact (EU/US, ohne Rate)",DE (US-Programm separat),5–12% (Awin DE),THIRD-PARTY ESTIMATE,UNKNOWN,UNKNOWN,UNKNOWN,UNKNOWN,UNKNOWN,UNKNOWN,Ja (Produktdaten),UNKNOWN,"US-Affiliate-Seite JS-gerendert (keine Daten); zahlreiche Sub-Netzwerk-Listings 3,8–10,5%",https://www.affiliate-marketing.de/partnerprogramme/govee.com,2026-09-26,quellen/raw_programs_A.csv
P-A171,Smart Home/Licht,Nanoleaf,https://nanoleaf.me/en-us/pages/affiliate-program,Impact,"US, CA, EU, GB, AU, JP, HK",10% (alle Regionen),VERIFIED,30 Tage,VERIFIED,UNKNOWN,"Ja ('creators, influencers, bloggers, streamers')",Ja (Creator-Programm),Ja (custom affiliate link),UNKNOWN,UNKNOWN,"Bonus-Kampagnen, Gratisprodukte möglich; Zahlung via Impact",https://nanoleaf.me/en-us/pages/affiliate-program ; https://app.impact.com/campaign-promo-signup/Nanoleaf.brand,2026-09-26,quellen/raw_programs_A.csv
P-A172,Smart Home/Licht,Philips Hue (US),https://www.philips-hue.com/en-us/explore-hue/affiliate-programme,UNKNOWN (FAQ nicht geladen),US,"7% Basis, bis 10% im ersten Monat",VERIFIED,UNKNOWN,UNKNOWN,'High average order values' (ohne Zahl) – CLAIMED,UNKNOWN,UNKNOWN,UNKNOWN,Ja ('product feed'),UNKNOWN,Kontakt partners.signify@signify.com,https://www.philips-hue.com/en-us/explore-hue/affiliate-programme,2026-09-26,quellen/raw_programs_A.csv
P-A173,Smart Home/Licht,Philips Hue (DE),https://www.philips-hue.com/de-de/explore-hue/affiliate-programme,UNKNOWN,DE,"7% Basisprovision, im ersten Monat bis zu 10%",VERIFIED,UNKNOWN,UNKNOWN,UNKNOWN,UNKNOWN,UNKNOWN,UNKNOWN,Ja (Produkt-Feeds),UNKNOWN,Kampagnenbeschränkungen in FAQ (nicht geladen),https://www.philips-hue.com/de-de/explore-hue/affiliate-programme,2026-09-26,quellen/raw_programs_A.csv
P-A174,Smart Home/Licht,Philips Hue (UK),https://www.philips-hue.com/en-gb/explore-hue/affiliate-programme,UNKNOWN,UK,"5% baseline, up to 7% in first month",VERIFIED,UNKNOWN,UNKNOWN,UNKNOWN,UNKNOWN,UNKNOWN,UNKNOWN,Ja,UNKNOWN,UNKNOWN,https://www.philips-hue.com/en-gb/explore-hue/affiliate-programme,2026-09-26,quellen/raw_programs_A.csv
P-A175,Smart Home,tado° (DE),https://www.tado.com/de-de,Awin,DE,4–5%,THIRD-PARTY ESTIMATE,UNKNOWN,UNKNOWN,UNKNOWN,UNKNOWN,UNKNOWN,UNKNOWN,Ja (Produktdaten),UNKNOWN,SEM eingeschränkt,https://www.affiliate-marketing.de/partnerprogramme/tado.com,2026-09-26,quellen/raw_programs_A.csv
P-A176,Smart Home,tado° (UK),https://www.tado.com/gb-en,Awin,UK,5%,THIRD-PARTY ESTIMATE,UNKNOWN,UNKNOWN,UNKNOWN,UNKNOWN,UNKNOWN,UNKNOWN,Ja,UNKNOWN,UNKNOWN,https://www.affiliate-marketing.de/partnerprogramme/tado.com,2026-09-26,quellen/raw_programs_A.csv
P-A177,Smart Home,eufy (US),https://www.eufy.com/affiliate,Impact,US,7% (Impact-Default); Brand-Seite: '7%~15% commission on all approved sales',VERIFIED (7%) / CLAIMED (bis 15%),30 Tage,VERIFIED,UNKNOWN,Ja ('Social Media Sites' als Affiliate-Typ),Ja (Social allgemein),Ja ('custom links to any URL'),Ja ('Frequently updated product feeds'),UNKNOWN,Gift-Card-SKUs ausgeschlossen; Impressions-Attribution nicht erlaubt,https://www.eufy.com/affiliate ; https://app.impact.com/campaign-promo-signup/Eufy-US.brand,2026-09-26,quellen/raw_programs_A.csv
P-A178,Smart Home,eufy (DE),https://app.impact.com/campaign-promo-signup/Eufy-DE.brand,Impact,DE,4–6% (Default 4%),VERIFIED,30 Tage (Last Click),VERIFIED,UNKNOWN,NUR MIT GENEHMIGUNG ('Permission must be granted by Advertiser before affiliates promote the program across their own social media properties'),Nur mit Genehmigung,UNKNOWN,UNKNOWN,UNKNOWN,Auch E-Mail nur mit Genehmigung,https://app.impact.com/campaign-promo-signup/Eufy-DE.brand,2026-09-26,quellen/raw_programs_A.csv
P-A179,Smart Home,Anker (US + DE-Store),https://app.impact.com/campaign-promo-signup/Anker.brand,Impact,"US, DE (anker.com/eu-de)",8%,VERIFIED,30 Tage,VERIFIED,UNKNOWN,UNKNOWN,UNKNOWN,UNKNOWN,UNKNOWN,UNKNOWN,Anker SOLIX DE separat über Awin 1–5% (Listing); Anker UK Webgains 5% (Listing),https://app.impact.com/campaign-promo-signup/Anker.brand ; https://www.affiliate-marketing.de/partnerprogramme/anker.com,2026-09-26,quellen/raw_programs_A.csv
P-A180,Smart Home,Ring (US),https://app.impact.com/campaign-promo-signup/Ring.brand,Impact,US,10% (SKU-Ausnahmen),VERIFIED,30 Tage,VERIFIED,UNKNOWN,UNKNOWN,UNKNOWN,UNKNOWN,UNKNOWN,UNKNOWN,Ring-Geräte auch über Amazon Associates US (4% 'Ring Devices'),https://app.impact.com/campaign-promo-signup/Ring.brand,2026-09-26,quellen/raw_programs_A.csv
P-A181,Smart Home,Ring Intercom (DE/UK),https://de-de.ring.com/products/intercom,TradeTracker,"DE, UK",1%,THIRD-PARTY ESTIMATE,UNKNOWN,UNKNOWN,UNKNOWN,UNKNOWN,UNKNOWN,UNKNOWN,UNKNOWN,UNKNOWN,SEM verboten; nur Intercom-Produkt,https://www.affiliate-marketing.de/partnerprogramme/ring.com,2026-09-26,quellen/raw_programs_A.csv
P-A182,Smart Home,Arlo (DE),https://www.arlo.com/de_de/,Awin,DE,5–10%,THIRD-PARTY ESTIMATE,UNKNOWN,UNKNOWN,UNKNOWN,UNKNOWN,UNKNOWN,UNKNOWN,Ja (Produktdaten),UNKNOWN,SEM eingeschränkt,https://www.affiliate-marketing.de/partnerprogramme/arlo.com,2026-09-26,quellen/raw_programs_A.csv
P-A183,Smart Home,Arlo (UK),https://www.arlo.com/en-gb/,Awin,UK,10%,THIRD-PARTY ESTIMATE,UNKNOWN,UNKNOWN,UNKNOWN,UNKNOWN,UNKNOWN,UNKNOWN,Ja,UNKNOWN,US: CJ 5% (Listing),https://www.affiliate-marketing.de/partnerprogramme/arlo.com,2026-09-26,quellen/raw_programs_A.csv
P-A184,Smart Home,SwitchBot,https://www.switch-bot.com/,Awin (US) / CJ,US,6–15%,THIRD-PARTY ESTIMATE,UNKNOWN,UNKNOWN,UNKNOWN,UNKNOWN,UNKNOWN,UNKNOWN,Ja (Produktdaten),UNKNOWN,Brand-Seite blockt (429),https://www.affiliate-marketing.de/partnerprogramme/switch-bot.com,2026-09-26,quellen/raw_programs_A.csv
P-A185,Smart Home,Aqara,https://www.aqara.com/,UNKNOWN,US ('Aqara DTC'),"bis 6,4% (Listing, Netzwerk/Region unklar)",THIRD-PARTY ESTIMATE,UNKNOWN,UNKNOWN,UNKNOWN,UNKNOWN,UNKNOWN,UNKNOWN,UNKNOWN,UNKNOWN,Keine Brand-Programmseite gefunden,https://www.affiliate-marketing.de/partnerprogramme/aqara.com,2026-09-26,quellen/raw_programs_A.csv
P-A186,Smart Home,Eve (Eve Systems),https://www.evehome.com/,UNKNOWN,DE/US,UNKNOWN,UNKNOWN,UNKNOWN,UNKNOWN,UNKNOWN,UNKNOWN,UNKNOWN,UNKNOWN,UNKNOWN,UNKNOWN,Keine Programmseite/Listing gefunden,https://www.evehome.com/en-us,2026-09-26,quellen/raw_programs_A.csv
P-A187,Smart Home,Netatmo,https://www.netatmo.com/,UNKNOWN,DE/EU,UNKNOWN,UNKNOWN,UNKNOWN,UNKNOWN,UNKNOWN,UNKNOWN,UNKNOWN,UNKNOWN,UNKNOWN,UNKNOWN,Im Verzeichnis (seit 2015) ohne aktives Programm,https://www.affiliate-marketing.de/partnerprogramme/netatmo.com,2026-09-26,quellen/raw_programs_A.csv
P-A188,Smart Home/Saugroboter,Ecovacs (DE/UK),https://www.ecovacs.com/de,Awin,"DE, UK",5%,THIRD-PARTY ESTIMATE,UNKNOWN,UNKNOWN,UNKNOWN,UNKNOWN,UNKNOWN,UNKNOWN,Ja (Produktdaten),UNKNOWN,US: CJ 5% (Listing),https://www.affiliate-marketing.de/partnerprogramme/ecovacs.com,2026-09-26,quellen/raw_programs_A.csv
P-A189,Smart Home/Saugroboter,Roborock (US),https://us.roborock.com/pages/roborock-affiliate-program,Impact,US,4–7%,VERIFIED,45 Tage,VERIFIED,'High AOV $400+' – CLAIMED,UNKNOWN,UNKNOWN,UNKNOWN,Ja ('Full Data Feed available on Impact'),UNKNOWN,Bewerbung wird geprüft,https://us.roborock.com/pages/roborock-affiliate-program,2026-09-26,quellen/raw_programs_A.csv
P-A190,Smart Home/Saugroboter,Roborock (DE),https://de.roborock.com/pages/roborock-affiliate-partnerprogramme,Webgains (Listing 4%); weitere Sub-Netzwerke,DE,Listing Webgains 4%; Programmbeschreibung '6%-10% Verkaufsprovision',THIRD-PARTY ESTIMATE / CLAIMED,30 Tage,THIRD-PARTY ESTIMATE,'Hoher AOV €760' – CLAIMED (Programmbeschreibung),UNKNOWN,UNKNOWN,UNKNOWN,Ja ('Vollständiger Datenfeed'),UNKNOWN,Häufige Rabatte; Brand-Seite gab 503,https://www.affiliate-marketing.de/partnerprogramme/roborock.com,2026-09-26,quellen/raw_programs_A.csv
P-A191,Smart Home/Saugroboter,Roborock (UK),https://uk.roborock.com/,Webgains,UK,12%,THIRD-PARTY ESTIMATE,UNKNOWN,UNKNOWN,UNKNOWN,UNKNOWN,UNKNOWN,UNKNOWN,Ja,UNKNOWN,SEM verboten,https://www.affiliate-marketing.de/partnerprogramme/roborock.com,2026-09-26,quellen/raw_programs_A.csv
P-A192,Smart Home/Saugroboter,Dreame (US),https://www.dreametech.com/pages/affiliate-program,Impact oder Webgains,US,'minimum of 5%' / '6% Commission on all sales',CLAIMED,30 Tage,VERIFIED,UNKNOWN,Ja ('Share links with your followers on platforms like Instagram and YouTube'),Ja,UNKNOWN,UNKNOWN,UNKNOWN,Nur von Dreame bereitgestellte Banner verwenden,https://www.dreametech.com/pages/affiliate-program,2026-09-26,quellen/raw_programs_A.csv
P-A193,Smart Home/Saugroboter,Dreame (EU/DE),https://www.dreametech.com/,"CJ (Dreame EU); Impact (Dreame Germany, ohne Rate)",DE/EU,5% (CJ),THIRD-PARTY ESTIMATE,UNKNOWN,UNKNOWN,UNKNOWN,UNKNOWN,UNKNOWN,UNKNOWN,UNKNOWN,UNKNOWN,UNKNOWN,https://www.affiliate-marketing.de/partnerprogramme/dreametech.com,2026-09-26,quellen/raw_programs_A.csv
P-A194,Smart Home,Dyson (DE),https://www.dyson.de/,Awin,"DE (AT 4,2%, CH 3%)",5%,THIRD-PARTY ESTIMATE,UNKNOWN,UNKNOWN,UNKNOWN,UNKNOWN,UNKNOWN,UNKNOWN,Ja (Produktdaten),UNKNOWN,SEM eingeschränkt,https://www.affiliate-marketing.de/partnerprogramme/dyson.de,2026-09-26,quellen/raw_programs_A.csv
P-A195,Smart Home,Dyson (UK),https://app.impact.com/campaign-promo-signup/Dyson.brand,Impact,UK,1% of item sale amount,VERIFIED,30 Tage,VERIFIED,UNKNOWN,UNKNOWN,UNKNOWN,UNKNOWN,Ja (Produktdaten lt. Listing),UNKNOWN,Zahlung 45 Tage nach Rechnungsstellung,https://app.impact.com/campaign-promo-signup/Dyson.brand,2026-09-26,quellen/raw_programs_A.csv
P-A196,Smart Home/Saugroboter,iRobot,https://about.irobot.com/affiliates,CJ,US (EU via Sub-Netzwerk),2%,THIRD-PARTY ESTIMATE,UNKNOWN,UNKNOWN,UNKNOWN,UNKNOWN,UNKNOWN,UNKNOWN,UNKNOWN,UNKNOWN,Affiliate-Seite JS-gerendert,https://www.affiliate-marketing.de/partnerprogramme/irobot.com,2026-09-26,quellen/raw_programs_A.csv
P-A197,Smart Home,Sonos,https://app.impact.com/campaign-promo-signup/Sonos.brand,Impact,US,"3% (einzelne SKUs 0%, Refurbished reduziert)",VERIFIED,30 Tage,VERIFIED,UNKNOWN,"Ja, aber keine Sonos-Marke in Social-Handles; keine Influencer-/Mitarbeiter-/Leak-Codes",Ja (mit Markenregeln),UNKNOWN,UNKNOWN,UNKNOWN,Offizielle Brand-Assets nicht verändern,https://app.impact.com/campaign-promo-signup/Sonos.brand,2026-09-26,quellen/raw_programs_A.csv
P-A198,Smart Home,Google Store,https://store.google.com/,UNKNOWN,US,UNKNOWN,UNKNOWN,UNKNOWN,UNKNOWN,UNKNOWN,UNKNOWN,UNKNOWN,UNKNOWN,UNKNOWN,UNKNOWN,Kein öffentliches Programm gefunden (URL-Versuch leitet auf Store-Startseite),https://store.google.com/us/,2026-09-26,quellen/raw_programs_A.csv
P-A199,Smart Home,Apple Services Performance Partners,https://performance-partners.apple.com/home,Partnerize,International,je Produkt und Markt ('local market rate'),VERIFIED (Modell) / UNKNOWN (Sätze),UNKNOWN,UNKNOWN,UNKNOWN,UNKNOWN,UNKNOWN,UNKNOWN,UNKNOWN,UNKNOWN,"NUR Apple Services (Music, TV, Podcasts, Bücher, Filme) – KEINE Hardware (iPhone/HomePod); Auszahlung typischerweise 60–90 Tage",https://performance-partners.apple.com/home,2026-09-26,quellen/raw_programs_A.csv
P-B001,Gaming/Desk Setup,"Logitech (inkl. Logitech G, Ultimate Ears, Astro)",https://www.logitech.com/en-us/programs/affiliate-program,Impact,US (separates Impact-Programm für EMEA lt. Verzeichnis),"4–10 % Standard, je nach Marke; saisonale und Performance-Boni",VERIFIED,30 Tage,VERIFIED,125 USD (vom Brand genannt),UNKNOWN (keine expliziten Regeln; Coupon-/Deal-Partner wie Honey als Referenz genannt),UNKNOWN,UNKNOWN (programmspezifisch nicht angegeben; Impact bietet netzwerkseitig Deeplinks),Produktkatalog + Banner/Textlinks lt. Programmseite,UNKNOWN,"EMEA-Direktkonditionen nicht öffentlich; Subnetz-Raten EMEA 2,8–3,2 % (MCANISM/FlexOffers). Hinweis: im Verzeichnis gelistete Raten von FlexOffers/SaleGains/MCANISM/cityads/MyLead/AdPump/Admitad sind Subnetzwerk-Raten (i.d.R. unter der Direktrate).",https://www.logitech.com/en-us/programs/affiliate-program ; https://www.affiliate-marketing.de/partnerprogramme/logitech.com,2026-09-26,quellen/raw_programs_B.csv
P-B002,Gaming/Desk Setup,Razer,UNKNOWN,Impact (global); daisycon; weitere Subnetze,"Global inkl. DE, UK, US","Impact-Direktrate nicht öffentlich; daisycon 3,75–7,5 %; Sekundärquellen: bis 3 % Peripherie / 5 USD je System",THIRD-PARTY ESTIMATE,30 Tage (Sekundärquellen),THIRD-PARTY ESTIMATE,UNKNOWN,UNKNOWN,UNKNOWN,UNKNOWN (programmspezifisch nicht angegeben; Impact bietet netzwerkseitig Deeplinks),UNKNOWN,UNKNOWN,Angaben widersprüchlich zwischen Quellen. Hinweis: im Verzeichnis gelistete Raten von FlexOffers/SaleGains/MCANISM/cityads/MyLead/AdPump/Admitad sind Subnetzwerk-Raten (i.d.R. unter der Direktrate).,https://www.affiliate-marketing.de/partnerprogramme/razer.com ; https://referralrocket.io/affiliate-program/razer_10I,2026-09-26,quellen/raw_programs_B.csv
P-B003,Gaming/Desk Setup,Corsair,UNKNOWN,Impact (34 Territorien inkl. DE/AT/CH/US); Admitad; SaleGains,"Global inkl. DE, US, UK","Direktrate nicht öffentlich; Subnetze 0,9–3,5 % (Admitad 3,5 %)",THIRD-PARTY ESTIMATE,30 Tage (Sekundärquellen),THIRD-PARTY ESTIMATE,UNKNOWN,UNKNOWN,UNKNOWN,UNKNOWN (programmspezifisch nicht angegeben; Impact bietet netzwerkseitig Deeplinks),UNKNOWN,UNKNOWN,Sekundärquellen nennen 1–8 % (stark widersprüchlich). Hinweis: im Verzeichnis gelistete Raten von FlexOffers/SaleGains/MCANISM/cityads/MyLead/AdPump/Admitad sind Subnetzwerk-Raten (i.d.R. unter der Direktrate).,https://www.affiliate-marketing.de/partnerprogramme/corsair.com ; https://getlasso.co/affiliate/corsair/,2026-09-26,quellen/raw_programs_B.csv
P-B004,Gaming/Desk Setup,SteelSeries,UNKNOWN,Impact (190+ Territorien); CJ,"Global inkl. DE, UK, US",CJ-Listing 4 %; Impact-Rate nicht öffentlich,THIRD-PARTY ESTIMATE,UNKNOWN,UNKNOWN,UNKNOWN,UNKNOWN,UNKNOWN,UNKNOWN (programmspezifisch nicht angegeben; Impact bietet netzwerkseitig Deeplinks),UNKNOWN,"Gratisversand ab 59,99 €/£ lt. Programmbeschreibung","FlexOffers US 3,2 % (Subnetz).",https://www.affiliate-marketing.de/partnerprogramme/steelseries.com,2026-09-26,quellen/raw_programs_B.csv
P-B005,Gaming/Desk Setup,HyperX (by HP),UNKNOWN,CJ,UNKNOWN (Markt im Verzeichnis nicht angegeben),1 %,THIRD-PARTY ESTIMATE,UNKNOWN,UNKNOWN,UNKNOWN,UNKNOWN,UNKNOWN,UNKNOWN (programmspezifisch nicht angegeben; CJ bietet netzwerkseitig Deeplinks),UNKNOWN,UNKNOWN,Sehr niedrige Rate; Listing seit 03/2026.,https://www.affiliate-marketing.de/partnerprogramme/hyperx.com,2026-09-26,quellen/raw_programs_B.csv
P-B006,Gaming/Desk Setup,ASUS (inkl. ROG),UNKNOWN,Awin (GB; US/CA); Subnetze,"UK (Awin 5 %), US/CA (Awin 1 %); DE nur via Subnetz (MyLead 2,1 %)",UK 5 %; US/CA 1 %,THIRD-PARTY ESTIMATE,UNKNOWN,UNKNOWN,UNKNOWN,UNKNOWN,UNKNOWN,UNKNOWN (programmspezifisch nicht angegeben; Awin bietet netzwerkseitig Deeplink-Generator),UNKNOWN,UNKNOWN,Kein Awin-DE-Programm im Verzeichnis. Hinweis: im Verzeichnis gelistete Raten von FlexOffers/SaleGains/MCANISM/cityads/MyLead/AdPump/Admitad sind Subnetzwerk-Raten (i.d.R. unter der Direktrate).,https://www.affiliate-marketing.de/partnerprogramme/asus.com,2026-09-26,quellen/raw_programs_B.csv
P-B007,Gaming/Desk Setup,Secretlab,https://secretlab.co/pages/affiliates,UNKNOWN (eigene Programmseite; Details nicht abrufbar),US (Seite 'Secretlab US'),Sekundärquelle: 12 % (unbestätigt),THIRD-PARTY ESTIMATE,"7 Tage (Sekundärquelle, unbestätigt)",THIRD-PARTY ESTIMATE,UNKNOWN (Titan Evo Preis nicht abrufbar),UNKNOWN,UNKNOWN,UNKNOWN,UNKNOWN,UNKNOWN,Offizielle Seite beim Abruf abgeschnitten; Konditionen vor Nutzung im Programm prüfen.,https://secretlab.co/pages/affiliates ; https://taprefer.com/secretlab-affiliate-program/secretlab/,2026-09-26,quellen/raw_programs_B.csv
P-B008,Gaming/Desk Setup,noblechairs,https://ui.awin.com/merchant-profile/39624,Awin (ID 39624),"AT, DE, US, UK, BE, PT, FR, CH, LU, ES, NL","5 % (Programmseite: flat; Verzeichnis EUR-Programm 1,5–5 %, GBP 5 %)",VERIFIED,30 Tage,VERIFIED,'High AOV' (keine Zahl genannt),Ja – 'digitale Content-Ersteller' explizit willkommen,UNKNOWN (nicht explizit genannt),Tracking-Links/Link-Builder im Dashboard,UNKNOWN,"Ja, 11 Länder lt. Programmseite",Awin-Registrierung Voraussetzung; exklusive Deals/Rabatte für Partner.,https://ui.awin.com/merchant-profile/39624 ; https://www.noblechairs.eu/de-at/partnerprogramm/cp_000023.html,2026-09-26,quellen/raw_programs_B.csv
P-B009,Gaming/Desk Setup,Caseking (DE),https://ui.awin.com/merchant-profile/28817,Awin (ID 28817),DE (auch internationale Märkte),Basis 1 %; PC-Systeme 3 %; noblechairs/ThunderX3/Ducky 5 %,VERIFIED,30 Tage,VERIFIED,'Hoher AOV' (keine Zahl genannt),UNKNOWN,UNKNOWN,UNKNOWN (programmspezifisch nicht angegeben; Awin bietet netzwerkseitig Deeplink-Generator),UNKNOWN,Ja (deutsche und internationale Märkte lt. Profil),Niedrige Basisrate für Hardware; Eigenmarken höher verprovisioniert.,https://ui.awin.com/merchant-profile/28817,2026-09-26,quellen/raw_programs_B.csv
P-B010,Gaming/Desk Setup,Herman Miller (US Store),https://store.hermanmiller.com/affiliate-signup.html?lang=en_US,CJ (Commission Junction),US (nur US-Partner zugelassen lt. FAQ),4 % (CJ-Listing im Verzeichnis; offizielle Seite nennt keine Zahl),THIRD-PARTY ESTIMATE,30 Tage (Sekundärquelle),THIRD-PARTY ESTIMATE,"Preisstichprobe: Aeron ab 2.305 USD (store.hermanmiller.com, 2026-09-26)",UNKNOWN (FAQ schließt nur Seiten mit expliziten/gewalttätigen Inhalten aus),UNKNOWN,UNKNOWN (programmspezifisch nicht angegeben; CJ bietet netzwerkseitig Deeplinks),Ja – Produktdaten-Feeds für zugelassene Partner (FAQ); täglich aktualisierter Katalog lt. Verzeichnis,US,Partner außerhalb der USA derzeit nicht akzeptiert; Banner dürfen nicht verändert werden; separates Gaming-Affiliate-Programm (CJ) in Kooperation mit Logitech G.,https://store.hermanmiller.com/faq-affiliate-program.html?lang=en_US ; https://store.hermanmiller.com/gaming-affiliate-signup?lang=en_US ; https://www.affiliate-marketing.de/partnerprogramme/hermanmiller.com,2026-09-26,quellen/raw_programs_B.csv
P-B011,Gaming/Desk Setup,Herman Miller (UK/DE/FR),UNKNOWN,CJ,"UK, DE, FR",4 %,THIRD-PARTY ESTIMATE,UNKNOWN,UNKNOWN,UNKNOWN,UNKNOWN,UNKNOWN,UNKNOWN (programmspezifisch nicht angegeben; CJ bietet netzwerkseitig Deeplinks),UNKNOWN,UNKNOWN,"Nur Verzeichnis-Listing; Widerspruch zur US-FAQ ('nur US-Partner') – vermutlich separate EU-Programme, vor Nutzung prüfen.",https://www.affiliate-marketing.de/partnerprogramme/hermanmiller.com,2026-09-26,quellen/raw_programs_B.csv
P-B012,Gaming/Desk Setup,FlexiSpot UK,https://ui.awin.com/merchant-profile/22506,Awin (ID 22506),UK,4–8 % (gestaffelt),VERIFIED,30 Tage,VERIFIED,"291,69 GBP (Awin-Profil)",UNKNOWN (Cashback + Gutschein-Marketing explizit erlaubt),UNKNOWN,UNKNOWN (programmspezifisch nicht angegeben; Awin bietet netzwerkseitig Deeplink-Generator),UNKNOWN,Irland: +100 GBP Versand je Artikel,'Fast commission release'; temporäre Provisionserhöhungen für Top-Partner.,https://ui.awin.com/merchant-profile/22506,2026-09-26,quellen/raw_programs_B.csv
P-B013,Gaming/Desk Setup,FlexiSpot DE,UNKNOWN,ADCELL (DE/AT/LU) und Awin (DE),"DE, AT, LU",ADCELL 1–7 % (gestaffelt); Awin DE 4 %,THIRD-PARTY ESTIMATE,30 Tage,THIRD-PARTY ESTIMATE,"246,58 EUR (Verzeichnis)",UNKNOWN,UNKNOWN,UNKNOWN,UNKNOWN,UNKNOWN,Zwei parallele Netzwerke in DE; 5 J. Rahmen-/3 J. Motorgarantie als Verkaufsargument.,https://www.affiliate-marketing.de/partnerprogramme/flexispot.de,2026-09-26,quellen/raw_programs_B.csv
P-B014,Gaming/Desk Setup,FlexiSpot US/CA,UNKNOWN,Awin,"US, CA",1–5 %,THIRD-PARTY ESTIMATE,30 Tage,THIRD-PARTY ESTIMATE,UNKNOWN,UNKNOWN,UNKNOWN,UNKNOWN (programmspezifisch nicht angegeben; Awin bietet netzwerkseitig Deeplink-Generator),UNKNOWN,UNKNOWN,,https://www.affiliate-marketing.de/partnerprogramme/flexispot.de,2026-09-26,quellen/raw_programs_B.csv
P-B015,Gaming/Desk Setup,Elgato (Corsair),UNKNOWN,Impact (global inkl. DE/UK/US),Global,"Impact-Rate nicht öffentlich; Subnetz SaleGains 3,75 %",THIRD-PARTY ESTIMATE,UNKNOWN,UNKNOWN,UNKNOWN,UNKNOWN,UNKNOWN,UNKNOWN (programmspezifisch nicht angegeben; Impact bietet netzwerkseitig Deeplinks),UNKNOWN,UNKNOWN,Hinweis: im Verzeichnis gelistete Raten von FlexOffers/SaleGains/MCANISM/cityads/MyLead/AdPump/Admitad sind Subnetzwerk-Raten (i.d.R. unter der Direktrate).,https://www.affiliate-marketing.de/partnerprogramme/elgato.com,2026-09-26,quellen/raw_programs_B.csv
P-B016,Gaming/Desk Setup,Govee (Setup-Beleuchtung),UNKNOWN,Awin (DE); Impact (DE/GB/US u.a.); Subnetze,"DE (Awin), US/UK (Impact)",Awin DE 5–12 %; Impact nicht öffentlich; FlexOffers US 4–8 %,THIRD-PARTY ESTIMATE,UNKNOWN,UNKNOWN,UNKNOWN,UNKNOWN,UNKNOWN,UNKNOWN (programmspezifisch nicht angegeben; Awin bietet netzwerkseitig Deeplink-Generator),UNKNOWN,UNKNOWN,"Hohe Prozente, aber niedriger Einzelpreis der Produkte. Hinweis: im Verzeichnis gelistete Raten von FlexOffers/SaleGains/MCANISM/cityads/MyLead/AdPump/Admitad sind Subnetzwerk-Raten (i.d.R. unter der Direktrate).",https://www.affiliate-marketing.de/partnerprogramme/govee.com,2026-09-26,quellen/raw_programs_B.csv
P-B017,Gaming/Desk Setup,Nanoleaf,UNKNOWN,"UNKNOWN (Direktnetzwerk nicht gelistet); FlexOffers, MCANISM",US; EU (26 Länder via MCANISM),FlexOffers US 8 %; MCANISM 7 %,THIRD-PARTY ESTIMATE,UNKNOWN,UNKNOWN,UNKNOWN,UNKNOWN,UNKNOWN,UNKNOWN,UNKNOWN,UNKNOWN,Hinweis: im Verzeichnis gelistete Raten von FlexOffers/SaleGains/MCANISM/cityads/MyLead/AdPump/Admitad sind Subnetzwerk-Raten (i.d.R. unter der Direktrate).,https://www.affiliate-marketing.de/partnerprogramme/nanoleaf.me,2026-09-26,quellen/raw_programs_B.csv
P-B018,Gaming/Desk Setup,Orbitkey,UNKNOWN,"UNKNOWN (Direktnetzwerk nicht gelistet); FlexOffers, SaleGains",US,FlexOffers 8 %; SaleGains 6 %,THIRD-PARTY ESTIMATE,UNKNOWN,UNKNOWN,UNKNOWN,UNKNOWN,UNKNOWN,UNKNOWN,Nein (lt. Verzeichnis kein Produktfeed),UNKNOWN,Kein SEM lt. Verzeichnis. Hinweis: im Verzeichnis gelistete Raten von FlexOffers/SaleGains/MCANISM/cityads/MyLead/AdPump/Admitad sind Subnetzwerk-Raten (i.d.R. unter der Direktrate).,https://www.affiliate-marketing.de/partnerprogramme/orbitkey.com,2026-09-26,quellen/raw_programs_B.csv
P-B019,Gaming/Desk Setup,Nomad Goods (Desk-/Tech-Zubehör),UNKNOWN,CJ,UNKNOWN (vermutl. US),10 %,THIRD-PARTY ESTIMATE,UNKNOWN,UNKNOWN,UNKNOWN,UNKNOWN,UNKNOWN,UNKNOWN (programmspezifisch nicht angegeben; CJ bietet netzwerkseitig Deeplinks),UNKNOWN,UNKNOWN,,https://www.affiliate-marketing.de/partnerprogramme/nomadgoods.com,2026-09-26,quellen/raw_programs_B.csv
P-B020,Gaming/Desk Setup,Dell,UNKNOWN,CJ (US/UK/DE); Impact (AU/NZ),"US, UK, DE",CJ US Home & Home Office 1–7 %; CJ DE 1 %; CJ UK 1 %; Outlet US 2 %,THIRD-PARTY ESTIMATE,UNKNOWN,UNKNOWN,UNKNOWN,UNKNOWN,UNKNOWN,UNKNOWN (programmspezifisch nicht angegeben; CJ bietet netzwerkseitig Deeplinks),UNKNOWN,UNKNOWN,Rate in DE/UK sehr niedrig.,https://www.affiliate-marketing.de/partnerprogramme/dell.com,2026-09-26,quellen/raw_programs_B.csv
P-B021,Gaming/Desk Setup,Lenovo,UNKNOWN,TradeTracker (DE/AT); Impact (40+ Länderprogramme),"DE, AT, US, UK u.a.",TradeTracker DE/AT 4 %; Impact-Raten nicht öffentlich,THIRD-PARTY ESTIMATE,UNKNOWN,UNKNOWN,UNKNOWN,UNKNOWN,UNKNOWN,UNKNOWN,UNKNOWN,UNKNOWN,106 Programme im Verzeichnis erfasst.,https://www.affiliate-marketing.de/partnerprogramme/lenovo.com,2026-09-26,quellen/raw_programs_B.csv
P-B022,Gaming/Desk Setup,HP Store,UNKNOWN,Tradedoubler (DE); CJ (US),"DE, US",Tradedoubler DE 4 %; CJ US 1 %; HP All-In Plan CJ 5 %,THIRD-PARTY ESTIMATE,90 Tage (Verzeichnis-Beschreibung),THIRD-PARTY ESTIMATE,UNKNOWN,UNKNOWN,UNKNOWN,UNKNOWN,UNKNOWN,UNKNOWN,Langer Cookie; Produktlevel-Tracking lt. Beschreibung.,https://www.affiliate-marketing.de/partnerprogramme/hp.com,2026-09-26,quellen/raw_programs_B.csv
P-B023,Gaming/Desk Setup,Apple Services Performance Partners,https://performance-partners.apple.com/,Partnerize,International ('local market rate'),"Nicht öffentlich ('based on product and local market rate'); nur digitale Services (Apple Music, TV, Podcasts-Abos, Filme, Bücher) – KEINE Hardware",VERIFIED,UNKNOWN,UNKNOWN,UNKNOWN,UNKNOWN,UNKNOWN,Links müssen Affiliate-Token enthalten,UNKNOWN,n/a (digitale Services),Nur 'limited number of partners who can drive volume'; Auszahlung 60–90 Tage. Für Desk-Setup-Hardware ungeeignet.,https://performance-partners.apple.com/,2026-09-26,quellen/raw_programs_B.csv
P-B024,Gaming/Desk Setup,Best Buy (US),https://www.bestbuy.com/site/misc/affiliate-program/pcmcat198500050002.c?id=pcmcat198500050002,Impact,US,"Nicht auf Programmseite genannt; Subnetze 0,4–7,69 %",UNKNOWN,UNKNOWN,UNKNOWN,UNKNOWN,Ja – eigener Pfad 'Best Buy Creator' für Social-Media-Creator/Blogs (neben 'Publisher'),UNKNOWN (Creator-Pfad für Social Media; Plattform nicht einzeln genannt),UNKNOWN (programmspezifisch nicht angegeben; Impact bietet netzwerkseitig Deeplinks),UNKNOWN,US,Separate AGB für Creator und Publisher; monatliche Auszahlung.,https://www.bestbuy.com/site/misc/affiliate-program/pcmcat198500050002.c?id=pcmcat198500050002 ; https://www.affiliate-marketing.de/partnerprogramme/bestbuy.com,2026-09-26,quellen/raw_programs_B.csv
P-B025,Gaming/Desk Setup,notebooksbilliger.de,UNKNOWN,Awin,"DE, AT",2 %,THIRD-PARTY ESTIMATE,UNKNOWN,UNKNOWN,UNKNOWN,UNKNOWN,UNKNOWN,UNKNOWN (programmspezifisch nicht angegeben; Awin bietet netzwerkseitig Deeplink-Generator),UNKNOWN,UNKNOWN,,https://www.affiliate-marketing.de/partnerprogramme/notebooksbilliger.de,2026-09-26,quellen/raw_programs_B.csv
P-B026,Gaming/Desk Setup,MediaMarkt / Saturn,UNKNOWN,"communicationAds (DE); Awin (AT, CH)","DE, AT, CH","DE: 0,01–90 € fix pro Sale (kategorieabhängig); AT 2,5 %; CH 3,5 %",THIRD-PARTY ESTIMATE,UNKNOWN,UNKNOWN,UNKNOWN,UNKNOWN,UNKNOWN,UNKNOWN,UNKNOWN,UNKNOWN,DE-Programm mit Fixbeträgen statt Prozent.,https://www.affiliate-marketing.de/partnerprogramme/mediamarkt.de,2026-09-26,quellen/raw_programs_B.csv
P-B027,Gaming/Desk Setup,Currys (UK),https://ui.awin.com/merchant-profile/1599,Awin (ID 1599),UK & IE (ohne Kanalinseln),"Seit 01.08.2025: Editorial/Communities/Content Creators & Influencer 3 %; CSS 2,5 %; Loyalty/Browser/Direct u.a. 2 %; Cashback/Code/Retargeting/Subnetze 1 %; Apple, Mobiles, Konsolen, Digital generell 1 %",VERIFIED,30 Tage,VERIFIED,UNKNOWN,Ja – eigene Stufe 'Content Creators & Influencers' (3 %),UNKNOWN (nicht einzeln genannt),UNKNOWN (programmspezifisch nicht angegeben; Awin bietet netzwerkseitig Deeplink-Generator),Ja – mehrere Datenfeeds täglich,Nur UK & IE,Validierung nach Versand + 30 Tage Rückgabefrist; keine BNPL-Publisher; CSS/CLO nur mit Freigabe; keine Provision auf Wiederverkauf/eBay/Amazon-Store-Käufe.,https://ui.awin.com/merchant-profile/1599,2026-09-26,quellen/raw_programs_B.csv
P-B028,Gaming/Desk Setup,Scan Computers (UK),https://ui.awin.com/merchant-profile/15473,Awin (ID 15473),UK,Basis 1 %; höher je Kategorie/Partnerstatus auf Anfrage,VERIFIED,30 Tage,VERIFIED,UNKNOWN,UNKNOWN,UNKNOWN,UNKNOWN (programmspezifisch nicht angegeben; Awin bietet netzwerkseitig Deeplink-Generator),Ja – aktualisierter Produktfeed (lt. Profil-Beschreibung),UNKNOWN,"Bonus-Kampagnen, Flat-Fee-Optionen; PayPal-Credit-Ratenkauf für Kunden.",https://ui.awin.com/merchant-profile/15473,2026-09-26,quellen/raw_programs_B.csv
P-B029,Gaming/Desk Setup,Overclockers UK,https://ui.awin.com/merchant-profile/28821,Awin (ID 28821),UK,bis 2 %,VERIFIED,30 Tage,VERIFIED,'High AOV' (keine Zahl genannt),"Ja – Programm explizit für 'gamers, creators, and streamers'",UNKNOWN (nicht explizit),UNKNOWN (programmspezifisch nicht angegeben; Awin bietet netzwerkseitig Deeplink-Generator),UNKNOWN,UK-fokussiert,"8.000+ SKUs (PCs, Komponenten, Gaming-Stühle, Monitore).",https://ui.awin.com/merchant-profile/28821,2026-09-26,quellen/raw_programs_B.csv
P-B030,Gaming/Desk Setup,Argos (UK),UNKNOWN,CJ,UK (& IE),1 % (Verzeichnis); Sekundärquellen 1–3 %,THIRD-PARTY ESTIMATE,30 Tage (Sekundärquelle),THIRD-PARTY ESTIMATE,UNKNOWN,UNKNOWN,UNKNOWN,UNKNOWN (programmspezifisch nicht angegeben; CJ bietet netzwerkseitig Deeplinks),UNKNOWN,UNKNOWN,,https://www.affiliate-marketing.de/partnerprogramme/argos.co.uk ; https://getlasso.co/affiliate/argos/,2026-09-26,quellen/raw_programs_B.csv
P-B031,Tech Gadgets,Samsung (DE),UNKNOWN,Awin,"DE (auch AT, IE, weitere EU-Länder)","Awin DE 2–5 %; AT 1,64–2 %; IE 2 %; skandinavische Programme 8 %",THIRD-PARTY ESTIMATE,UNKNOWN,UNKNOWN,UNKNOWN,UNKNOWN,UNKNOWN,UNKNOWN (programmspezifisch nicht angegeben; Awin bietet netzwerkseitig Deeplink-Generator),UNKNOWN,UNKNOWN,"Kein UK- und kein US-Direktprogramm im Verzeichnis sichtbar (US nur FlexOffers 1,6 %).",https://www.affiliate-marketing.de/partnerprogramme/samsung.com,2026-09-26,quellen/raw_programs_B.csv
P-B032,Tech Gadgets,OnePlus,UNKNOWN,"Nur Subnetze gelistet (CityAds, MyLead, Admitad, SaleGains)","DE, UK/EMEA, US/CA","Subnetze: DE 1,5–3,75 %; US/CA 2,2–3,6 %",THIRD-PARTY ESTIMATE,UNKNOWN,UNKNOWN,UNKNOWN,UNKNOWN,UNKNOWN,UNKNOWN,UNKNOWN,UNKNOWN,Direktprogramm/Netzwerk nicht verifiziert. Hinweis: im Verzeichnis gelistete Raten von FlexOffers/SaleGains/MCANISM/cityads/MyLead/AdPump/Admitad sind Subnetzwerk-Raten (i.d.R. unter der Direktrate).,https://www.affiliate-marketing.de/partnerprogramme/oneplus.com,2026-09-26,quellen/raw_programs_B.csv
P-B033,Tech Gadgets,CASETiFY,UNKNOWN,"Impact (190+ Territorien); Awin (US, 'Casetagram Limited')",Global inkl. DE/UK/US,Awin US 10 %; Impact nicht öffentlich; SaleGains DE/AT/CH 6 %,THIRD-PARTY ESTIMATE,UNKNOWN,UNKNOWN,UNKNOWN,UNKNOWN,UNKNOWN,UNKNOWN (programmspezifisch nicht angegeben; Awin bietet netzwerkseitig Deeplink-Generator),UNKNOWN,International (global gelistet),Hinweis: im Verzeichnis gelistete Raten von FlexOffers/SaleGains/MCANISM/cityads/MyLead/AdPump/Admitad sind Subnetzwerk-Raten (i.d.R. unter der Direktrate).,https://www.affiliate-marketing.de/partnerprogramme/casetify.com,2026-09-26,quellen/raw_programs_B.csv
P-B034,Tech Gadgets,Peak Design,UNKNOWN,Impact (US/CA),"US, CA",Impact nicht öffentlich; FlexOffers-Subnetz 8 % (Direktrate vermutlich höher),THIRD-PARTY ESTIMATE,UNKNOWN,UNKNOWN,UNKNOWN,UNKNOWN,UNKNOWN,UNKNOWN (programmspezifisch nicht angegeben; Impact bietet netzwerkseitig Deeplinks),UNKNOWN,UNKNOWN,Hinweis: im Verzeichnis gelistete Raten von FlexOffers/SaleGains/MCANISM/cityads/MyLead/AdPump/Admitad sind Subnetzwerk-Raten (i.d.R. unter der Direktrate).,https://www.affiliate-marketing.de/partnerprogramme/peakdesign.com,2026-09-26,quellen/raw_programs_B.csv
P-B035,Tech Gadgets,Belkin,UNKNOWN,"Impact (US/CA, GB, DE/EU, AU)","DE, UK, US","Impact nicht öffentlich; Subnetze DE 2,4–3,2 %, UK 2,4–6,4 %, US bis 10,4 % (FlexOffers)",THIRD-PARTY ESTIMATE,UNKNOWN,UNKNOWN,UNKNOWN,UNKNOWN,UNKNOWN,UNKNOWN (programmspezifisch nicht angegeben; Impact bietet netzwerkseitig Deeplinks),UNKNOWN,UNKNOWN,Hinweis: im Verzeichnis gelistete Raten von FlexOffers/SaleGains/MCANISM/cityads/MyLead/AdPump/Admitad sind Subnetzwerk-Raten (i.d.R. unter der Direktrate).,https://www.affiliate-marketing.de/partnerprogramme/belkin.com,2026-09-26,quellen/raw_programs_B.csv
P-B036,Tech Gadgets,Anker,UNKNOWN,Webgains (UK); Rakuten Advertising (US/CA),"UK, US, CA (DE nur via Subnetze)",Webgains UK 5 %; Rakuten nicht öffentlich; Subnetze DE/UK/US 4–6 %,THIRD-PARTY ESTIMATE,UNKNOWN,UNKNOWN,UNKNOWN,UNKNOWN,UNKNOWN,UNKNOWN,UNKNOWN,UNKNOWN,26 Programme im Verzeichnis. Hinweis: im Verzeichnis gelistete Raten von FlexOffers/SaleGains/MCANISM/cityads/MyLead/AdPump/Admitad sind Subnetzwerk-Raten (i.d.R. unter der Direktrate).,https://www.affiliate-marketing.de/partnerprogramme/anker.com,2026-09-26,quellen/raw_programs_B.csv
P-B037,Tech Gadgets,UGREEN,UNKNOWN,"Awin (DE, FR, Global/US)","DE, US, FR (UK via Subnetz)","Awin 8 % (DE, Global/US, FR)",THIRD-PARTY ESTIMATE,UNKNOWN,UNKNOWN,UNKNOWN,UNKNOWN,UNKNOWN,UNKNOWN (programmspezifisch nicht angegeben; Awin bietet netzwerkseitig Deeplink-Generator),UNKNOWN,UNKNOWN,Hinweis: im Verzeichnis gelistete Raten von FlexOffers/SaleGains/MCANISM/cityads/MyLead/AdPump/Admitad sind Subnetzwerk-Raten (i.d.R. unter der Direktrate).,https://www.affiliate-marketing.de/partnerprogramme/ugreen.com,2026-09-26,quellen/raw_programs_B.csv
P-B038,Tech Gadgets,DJI,UNKNOWN,Impact (US),US (CA/Asien via Subnetze),"Impact nicht öffentlich; Subnetze US/CA 1,5–6 %",THIRD-PARTY ESTIMATE,UNKNOWN,UNKNOWN,UNKNOWN,UNKNOWN,UNKNOWN,UNKNOWN (programmspezifisch nicht angegeben; Impact bietet netzwerkseitig Deeplinks),UNKNOWN,UNKNOWN,DE/UK-Direktprogramm nicht gefunden. Hinweis: im Verzeichnis gelistete Raten von FlexOffers/SaleGains/MCANISM/cityads/MyLead/AdPump/Admitad sind Subnetzwerk-Raten (i.d.R. unter der Direktrate).,https://www.affiliate-marketing.de/partnerprogramme/dji.com,2026-09-26,quellen/raw_programs_B.csv
P-B039,Tech Gadgets,Insta360,https://www.insta360.com/affiliate (403 beim Abruf),UNKNOWN (nur SaleGains im Verzeichnis),Global inkl. DE/UK/US,"SaleGains 0,75–3,38 % (Subnetz)",THIRD-PARTY ESTIMATE,UNKNOWN,UNKNOWN,UNKNOWN,UNKNOWN,UNKNOWN,UNKNOWN,UNKNOWN,UNKNOWN,Direktkonditionen nicht abrufbar. Hinweis: im Verzeichnis gelistete Raten von FlexOffers/SaleGains/MCANISM/cityads/MyLead/AdPump/Admitad sind Subnetzwerk-Raten (i.d.R. unter der Direktrate).,https://www.affiliate-marketing.de/partnerprogramme/insta360.com,2026-09-26,quellen/raw_programs_B.csv
P-B040,Tech Gadgets,GoPro,UNKNOWN,Partnerize (GoPro Global),"DE, UK, US, FR, ES, IT, NL, AU, CA, JP","Partnerize nicht öffentlich; SaleGains 2,81 %",THIRD-PARTY ESTIMATE,UNKNOWN,UNKNOWN,UNKNOWN,UNKNOWN,UNKNOWN,UNKNOWN,UNKNOWN,International (10 Länder im Programm),Hinweis: im Verzeichnis gelistete Raten von FlexOffers/SaleGains/MCANISM/cityads/MyLead/AdPump/Admitad sind Subnetzwerk-Raten (i.d.R. unter der Direktrate).,https://www.affiliate-marketing.de/partnerprogramme/gopro.com,2026-09-26,quellen/raw_programs_B.csv
P-B041,Tech Gadgets,Garmin,UNKNOWN,"CJ (US, EU, UK)","US, EU, UK","2 % (US, EU, UK)",THIRD-PARTY ESTIMATE,UNKNOWN,UNKNOWN,UNKNOWN,UNKNOWN,UNKNOWN,UNKNOWN (programmspezifisch nicht angegeben; CJ bietet netzwerkseitig Deeplinks),UNKNOWN,UNKNOWN,Niedrige Rate trotz hohem Warenwert (Wearables/Outdoor-GPS).,https://www.affiliate-marketing.de/partnerprogramme/garmin.com,2026-09-26,quellen/raw_programs_B.csv
P-B042,Tech Gadgets,Oura,https://ouraring.com/affiliate (Weiterleitung auf partnerships.ouraring.com),Impact (US),US,Nicht öffentlich,UNKNOWN,UNKNOWN,UNKNOWN,UNKNOWN,UNKNOWN,UNKNOWN,UNKNOWN (programmspezifisch nicht angegeben; Impact bietet netzwerkseitig Deeplinks),UNKNOWN,UNKNOWN,Partnerportal-Inhalt beim Abruf leer.,https://www.affiliate-marketing.de/partnerprogramme/ouraring.com,2026-09-26,quellen/raw_programs_B.csv
P-B043,Tech Gadgets,WHOOP,UNKNOWN,Impact,"45 Territorien inkl. DE, UK, US",Nicht öffentlich,UNKNOWN,UNKNOWN,UNKNOWN,UNKNOWN,UNKNOWN,UNKNOWN,UNKNOWN (programmspezifisch nicht angegeben; Impact bietet netzwerkseitig Deeplinks),UNKNOWN,International (45 Territorien),Verzeichnis-Stand 11/2024 (älter).,https://www.affiliate-marketing.de/partnerprogramme/whoop.com,2026-09-26,quellen/raw_programs_B.csv
P-B044,Foto/Audio/Musik,Thomann,https://thomann.clickfire.de/,"Clickfire (Thomann Premium Partner-Programm, in-house)",DE/EU (Programm in DE und EN),"Forum 2 %; Website/Magazin 3,5 %; Influencer 4,5 %; Metanetzwerk 2 %",VERIFIED,14 Tage (alternativ nur Browser-Session),VERIFIED,UNKNOWN (Ø-Konversionsrate ca. 5 % lt. Programmseite),"Ja, aber Mindestreichweite: Social Media ab 5.000 Followern; Websites ab 500 Unique Visits/Tag","Ja (Social-Media-Präsenzen), ab 5.000 Followern",Ja – Links mit Zusatzcode; Produkt-Widget verfügbar,Produkt-Widget; Feed UNKNOWN,UNKNOWN (nicht geprüft),Freischaltung i.d.R. binnen 24 h; 116.000+ Produkte; 30 Tage Money-back für Kunden. Mindest-Followerzahl ist Hürde für neue Theme-Pages.,https://thomann.clickfire.de/ ; https://www.thomann.de/de/faq_question_wie_werde_ich_thomann_affiliate_partner.html,2026-09-26,quellen/raw_programs_B.csv
P-B045,Foto/Audio/Musik,Gear4music (UK),https://ui.awin.com/merchant-profile/1117,Awin (ID 1117; managed by 26pmx),"UK (weitere Programme IE, BE u.a.)",Nicht im Profil genannt ('competitive'),UNKNOWN,30 Tage,VERIFIED,UNKNOWN,"UNKNOWN (nicht genannt; KEINE Cashback-, Gutschein-, Incentive- oder CSS-Partner)",UNKNOWN,Ja – eigene Textlinks ohne Freigabe erlaubt,Ja – umfassender Datenfeed (60.000+ Produkte),UNKNOWN,Transaktionen 60 Tage pending (Retouren); kein Brand-Bidding/Google Shopping; Publisher mit aktiven Google/Microsoft-Ads werden abgelehnt.,https://ui.awin.com/merchant-profile/1117,2026-09-26,quellen/raw_programs_B.csv
P-B046,Foto/Audio/Musik,B&H Photo Video (US),https://www.bhphotovideo.com/find/shared/affiliates.jsp (403 beim Abruf),In-house (eigenes B&H-Affiliate-Portal),US,"2 % Basis; 8 % auf 3.000+ Produkte ausgewählter Marken (u.a. Bose, Audioengine, Vello); Ø ca. 3,5 %",THIRD-PARTY ESTIMATE,60 Stunden (Sekundärquellen; teils 30 Tage genannt – widersprüchlich),THIRD-PARTY ESTIMATE,UNKNOWN,UNKNOWN,UNKNOWN,UNKNOWN,UNKNOWN,UNKNOWN,Mindestauszahlung 80 USD (Sekundärquelle).,https://geniuslink.com/blog/bh-photo-affiliate-program/ ; https://getlasso.co/affiliate/bh-photo-video/,2026-09-26,quellen/raw_programs_B.csv
P-B047,Foto/Audio/Musik,Adorama (US),https://www.adorama.com/api/getContent?contentName=affiliate_faq&output=desktop,Impact,US (Bewerber aus Nexus-Staaten ggf. abgelehnt),2 % Standard; höhere Stufen für Top-Performer,VERIFIED,30 Tage,VERIFIED,UNKNOWN,UNKNOWN,UNKNOWN,UNKNOWN (programmspezifisch nicht angegeben; Impact bietet netzwerkseitig Deeplinks),UNKNOWN,UNKNOWN,Auszahlung 45 Tage nach Versand; Retouren innerhalb 45 Tagen = keine Provision; ohne Steuern/Versand.,https://www.adorama.com/api/getContent?contentName=affiliate_faq&output=desktop,2026-09-26,quellen/raw_programs_B.csv
P-B048,Foto/Audio/Musik,Wex Photo Video (UK),https://www.wexphotovideo.com/about-us/wex-affiliate-programme/ (403 beim Abruf),Impact (lt. Sekundärquelle; früher Awin ID 2298),UK,"1,5 % Standard, höher je Produktgruppe",THIRD-PARTY ESTIMATE,30 Tage,THIRD-PARTY ESTIMATE,UNKNOWN,Eingeschränkt: exklusive E-Mail-Codes dürfen nicht auf Social Media geteilt werden (Awin-AGB),UNKNOWN,UNKNOWN,UNKNOWN,UNKNOWN,Nur über das Netzwerk bereitgestellte Gutscheincodes erlaubt.,https://www.flexoffers.com/affiliate-programs/wex-photographic-affiliate-program/ ; https://ui.awin.com/merchant-profile-terms/2298,2026-09-26,quellen/raw_programs_B.csv
P-B049,Foto/Audio/Musik,Calumet Photo (DE),UNKNOWN,Awin,"DE, AT",3–5 %,THIRD-PARTY ESTIMATE,UNKNOWN,UNKNOWN,UNKNOWN,UNKNOWN,UNKNOWN,UNKNOWN (programmspezifisch nicht angegeben; Awin bietet netzwerkseitig Deeplink-Generator),UNKNOWN,UNKNOWN,Programm seit 2015.,https://www.affiliate-marketing.de/partnerprogramme/calumetphoto.de,2026-09-26,quellen/raw_programs_B.csv
P-B050,Foto/Audio/Musik,Sony (Store),UNKNOWN,"Awin (DE, GB u.a.); CJ","DE, UK, weitere EU",3 % (Awin DE/GB; CJ),THIRD-PARTY ESTIMATE,UNKNOWN,UNKNOWN,500 EUR (Verzeichnis),UNKNOWN,UNKNOWN,UNKNOWN (programmspezifisch nicht angegeben; Awin bietet netzwerkseitig Deeplink-Generator),UNKNOWN,UNKNOWN,SEM nicht erlaubt lt. Verzeichnis.,https://www.affiliate-marketing.de/partnerprogramme/sony.de,2026-09-26,quellen/raw_programs_B.csv
P-B051,Foto/Audio/Musik,Canon EMEA (DE),UNKNOWN,CJ,DE,2 % (bis 3 % kategorieabhängig),THIRD-PARTY ESTIMATE,30 Tage,THIRD-PARTY ESTIMATE,über 200 EUR (Verzeichnis),UNKNOWN,UNKNOWN,UNKNOWN (programmspezifisch nicht angegeben; CJ bietet netzwerkseitig Deeplinks),UNKNOWN,UNKNOWN,,https://www.affiliate-marketing.de/partnerprogramme/canon.de,2026-09-26,quellen/raw_programs_B.csv
P-B052,Foto/Audio/Musik,Teufel (DE),https://teufel.de/partnerprogramme,Rakuten Advertising,"DE, AT, CH, Benelux, FR, ES, IT, Skandinavien, Osteuropa, US (30+ Regionen)","bis 8 % vom Netto-Warenkorb, anteilig nach Werbeleistung (Multi-Touch-Attribution)",VERIFIED,UNKNOWN,UNKNOWN,UNKNOWN,UNKNOWN,UNKNOWN,UNKNOWN,UNKNOWN,"Ja, 30+ Regionen",Bestätigung erst nach Ablauf der 8-wöchigen Rückgabefrist; Multi-Touch = Provision wird unter beteiligten Partnern geteilt.,https://teufel.de/partnerprogramme,2026-09-26,quellen/raw_programs_B.csv
P-B053,Foto/Audio/Musik,Sennheiser,UNKNOWN,UNKNOWN (Direktnetzwerk nicht gelistet); Subnetze,"US, CA, AU (DE unklar)","3,5–7 % kategorieabhängig (Programmbeschreibung); Subnetze 3,15–4,6 %",THIRD-PARTY ESTIMATE,60 Tage (Programmbeschreibung im Verzeichnis),THIRD-PARTY ESTIMATE,UNKNOWN,UNKNOWN,UNKNOWN,UNKNOWN,UNKNOWN,UNKNOWN,Dedizierter Affiliate-Manager lt. Beschreibung.,https://www.affiliate-marketing.de/partnerprogramme/sennheiser.com,2026-09-26,quellen/raw_programs_B.csv
P-B054,Foto/Audio/Musik,Bang & Olufsen (DE),UNKNOWN,CJ,DE,5 %,THIRD-PARTY ESTIMATE,UNKNOWN,UNKNOWN,UNKNOWN,UNKNOWN,UNKNOWN,UNKNOWN (programmspezifisch nicht angegeben; CJ bietet netzwerkseitig Deeplinks),UNKNOWN,UNKNOWN,,https://www.affiliate-marketing.de/partnerprogramme/bang-olufsen.com,2026-09-26,quellen/raw_programs_B.csv
P-B055,Foto/Audio/Musik,Sonos,UNKNOWN,UNKNOWN (Verzeichnis: nur SaleGains),"DE, UK, US u.a.",Sekundärquellen 3–5 % (widersprüchlich),THIRD-PARTY ESTIMATE,1–30 Tage (widersprüchlich),THIRD-PARTY ESTIMATE,UNKNOWN,UNKNOWN,UNKNOWN,UNKNOWN,UNKNOWN,UNKNOWN,,https://www.affiliate-marketing.de/partnerprogramme/sonos.com ; https://getlasso.co/affiliate/sonos-europe/,2026-09-26,quellen/raw_programs_B.csv
P-B056,Foto/Audio/Musik,Bose (US),UNKNOWN,Impact (lt. Sekundärquellen),US,2–5 % (Sekundärquellen),THIRD-PARTY ESTIMATE,30 Tage (Sekundärquelle),THIRD-PARTY ESTIMATE,UNKNOWN,UNKNOWN,UNKNOWN,UNKNOWN (programmspezifisch nicht angegeben; Impact bietet netzwerkseitig Deeplinks),UNKNOWN,UNKNOWN,Bose ist bei B&H als 8-%-Featured-Brand gelistet (Alternative).,https://getlasso.co/affiliate/bose/,2026-09-26,quellen/raw_programs_B.csv
P-B057,Foto/Audio/Musik,Sweetwater (US),UNKNOWN,"Impact (lt. Verzeichnis, Stand 07/2025); ältere Quellen: AvantLink",US,Sekundärquellen: 3–8 % bzw. 4–6 %,THIRD-PARTY ESTIMATE,14 Tage (Sekundärquellen),THIRD-PARTY ESTIMATE,Sekundärquelle: Bestellungen 200–1.000+ USD,UNKNOWN,UNKNOWN,UNKNOWN,UNKNOWN,UNKNOWN,Netzwerkangaben widersprüchlich.,https://www.affiliate-marketing.de/partnerprogramme/sweetwater.com ; https://commissiondex.com/programs/sweetwater/,2026-09-26,quellen/raw_programs_B.csv
P-B058,Foto/Audio/Musik,Guitar Center (US),UNKNOWN,Impact,US,4–6 % (Erhöhung 2025 lt. Sekundärquellen),THIRD-PARTY ESTIMATE,30 Tage (ältere Angaben 14 Tage),THIRD-PARTY ESTIMATE,UNKNOWN,UNKNOWN,UNKNOWN,UNKNOWN (programmspezifisch nicht angegeben; Impact bietet netzwerkseitig Deeplinks),UNKNOWN,UNKNOWN,,https://www.affiliate-marketing.de/partnerprogramme/guitarcenter.com ; https://linkclicky.com/affiliate-program/guitar-center/,2026-09-26,quellen/raw_programs_B.csv
P-B059,Foto/Audio/Musik,Musician's Friend (US),UNKNOWN,Impact,US,Nicht öffentlich,UNKNOWN,UNKNOWN,UNKNOWN,UNKNOWN,UNKNOWN,UNKNOWN,UNKNOWN (programmspezifisch nicht angegeben; Impact bietet netzwerkseitig Deeplinks),UNKNOWN,UNKNOWN,Verzeichnis-Listing Stand 2020 (alt).,https://www.affiliate-marketing.de/partnerprogramme/musiciansfriend.com,2026-09-26,quellen/raw_programs_B.csv
P-B060,Foto/Audio/Musik,Native Instruments,UNKNOWN,UNKNOWN (Direktnetzwerk nicht gelistet); SaleGains,Weltweit (190+ Territorien),"4,5 % (Subnetz SaleGains)",THIRD-PARTY ESTIMATE,UNKNOWN,UNKNOWN,UNKNOWN,UNKNOWN,UNKNOWN,UNKNOWN,UNKNOWN,Digitale Produkte weltweit,Hinweis: im Verzeichnis gelistete Raten von FlexOffers/SaleGains/MCANISM/cityads/MyLead/AdPump/Admitad sind Subnetzwerk-Raten (i.d.R. unter der Direktrate).,https://www.affiliate-marketing.de/partnerprogramme/native-instruments.com,2026-09-26,quellen/raw_programs_B.csv
P-B061,Küche,KitchenAid (DE),UNKNOWN,Awin,DE,7 %,THIRD-PARTY ESTIMATE,UNKNOWN,UNKNOWN,UNKNOWN,UNKNOWN,UNKNOWN,UNKNOWN (programmspezifisch nicht angegeben; Awin bietet netzwerkseitig Deeplink-Generator),UNKNOWN,UNKNOWN,,https://www.affiliate-marketing.de/partnerprogramme/kitchenaid.de,2026-09-26,quellen/raw_programs_B.csv
P-B062,Küche,"KitchenAid (US, ShopKitchenAid.com)",UNKNOWN,CJ (Small Appliances); Rakuten (Major Appliances),US,CJ 5 %; Rakuten nicht öffentlich,THIRD-PARTY ESTIMATE,UNKNOWN,UNKNOWN,UNKNOWN,UNKNOWN,UNKNOWN,UNKNOWN (programmspezifisch nicht angegeben; CJ bietet netzwerkseitig Deeplinks),UNKNOWN,UNKNOWN,FlexOffers-Subnetz nennt 9 % (widerspricht CJ-Rate).,https://www.affiliate-marketing.de/partnerprogramme/kitchenaid.de,2026-09-26,quellen/raw_programs_B.csv
P-B063,Küche,SharkNinja / Ninja (DE),UNKNOWN,Awin (DE/AT); ADCocktail,"DE, AT",Awin 5 %; ADCocktail 4 %,THIRD-PARTY ESTIMATE,30 Tage,THIRD-PARTY ESTIMATE,146 EUR (Verzeichnis),UNKNOWN,UNKNOWN,Ja – Deeplinks werden bereitgestellt (lt. Beschreibung),Ja – vollständiger Produktdatenfeed,DE/AT,40 Tage Validierung; Airfryer/Ninja Creami als Kernprodukte.,https://www.affiliate-marketing.de/partnerprogramme/ninjakitchen.de,2026-09-26,quellen/raw_programs_B.csv
P-B064,Küche,SharkNinja / Ninja (UK),UNKNOWN,UNKNOWN (Verzeichnis: nur SaleGains),UK,"Subnetz 0,75–2,25 %",THIRD-PARTY ESTIMATE,UNKNOWN,UNKNOWN,UNKNOWN,UNKNOWN,UNKNOWN,UNKNOWN,UNKNOWN,UNKNOWN,UK-Direktprogramm nicht verifiziert. Hinweis: im Verzeichnis gelistete Raten von FlexOffers/SaleGains/MCANISM/cityads/MyLead/AdPump/Admitad sind Subnetzwerk-Raten (i.d.R. unter der Direktrate).,https://www.affiliate-marketing.de/partnerprogramme/sharkninja.co.uk,2026-09-26,quellen/raw_programs_B.csv
P-B065,Küche,WMF (DE),UNKNOWN,Awin,"DE, AT (NL separat 8 %)",5 %,THIRD-PARTY ESTIMATE,UNKNOWN,UNKNOWN,UNKNOWN,UNKNOWN,UNKNOWN,UNKNOWN (programmspezifisch nicht angegeben; Awin bietet netzwerkseitig Deeplink-Generator),UNKNOWN,UNKNOWN,,https://www.affiliate-marketing.de/partnerprogramme/wmf.com,2026-09-26,quellen/raw_programs_B.csv
P-B066,Küche,Zwilling (DE),UNKNOWN,Awin,"DE, AT","6,4–8 %",THIRD-PARTY ESTIMATE,UNKNOWN,UNKNOWN,UNKNOWN,UNKNOWN,UNKNOWN,UNKNOWN (programmspezifisch nicht angegeben; Awin bietet netzwerkseitig Deeplink-Generator),UNKNOWN,UNKNOWN,Auch Staub-Gusseisen (Zwilling-Gruppe).,https://www.affiliate-marketing.de/partnerprogramme/zwilling.com,2026-09-26,quellen/raw_programs_B.csv
P-B067,Küche,Zwilling (UK),UNKNOWN,Awin,UK,8 %,THIRD-PARTY ESTIMATE,UNKNOWN,UNKNOWN,UNKNOWN,UNKNOWN,UNKNOWN,UNKNOWN (programmspezifisch nicht angegeben; Awin bietet netzwerkseitig Deeplink-Generator),UNKNOWN,UNKNOWN,,https://www.affiliate-marketing.de/partnerprogramme/zwilling.com,2026-09-26,quellen/raw_programs_B.csv
P-B068,Küche,Zwilling (US),UNKNOWN,CJ,US,6 %,THIRD-PARTY ESTIMATE,UNKNOWN,UNKNOWN,UNKNOWN,UNKNOWN,UNKNOWN,UNKNOWN (programmspezifisch nicht angegeben; CJ bietet netzwerkseitig Deeplinks),UNKNOWN,UNKNOWN,,https://www.affiliate-marketing.de/partnerprogramme/zwilling.com,2026-09-26,quellen/raw_programs_B.csv
P-B069,Küche,Fissler (US),UNKNOWN,Awin,US,5 %,THIRD-PARTY ESTIMATE,UNKNOWN,UNKNOWN,UNKNOWN,UNKNOWN,UNKNOWN,UNKNOWN (programmspezifisch nicht angegeben; Awin bietet netzwerkseitig Deeplink-Generator),UNKNOWN,UNKNOWN,DE-Programm im Verzeichnis nicht gelistet.,https://www.affiliate-marketing.de/partnerprogramme/fissler.com,2026-09-26,quellen/raw_programs_B.csv
P-B070,Küche,Le Creuset (DE),UNKNOWN,Rakuten Advertising,DE,Nicht öffentlich,UNKNOWN,UNKNOWN,UNKNOWN,UNKNOWN,UNKNOWN,UNKNOWN,UNKNOWN,UNKNOWN,UNKNOWN,,https://www.affiliate-marketing.de/partnerprogramme/lecreuset.de,2026-09-26,quellen/raw_programs_B.csv
P-B071,Küche,Le Creuset (US),UNKNOWN,Ascend (Listing),US,4 %,THIRD-PARTY ESTIMATE,UNKNOWN,UNKNOWN,UNKNOWN,UNKNOWN,UNKNOWN,UNKNOWN,UNKNOWN,UNKNOWN,Listing seit 03/2026.,https://www.affiliate-marketing.de/partnerprogramme/lecreuset.com,2026-09-26,quellen/raw_programs_B.csv
P-B072,Küche,"Tchibo (DE, nur Küche/Kaffee-Sortiment relevant)",UNKNOWN,Awin,DE,"5–8 % pro Sale + 0,80–20 € pro Lead",THIRD-PARTY ESTIMATE,UNKNOWN,UNKNOWN,UNKNOWN,UNKNOWN,UNKNOWN,UNKNOWN (programmspezifisch nicht angegeben; Awin bietet netzwerkseitig Deeplink-Generator),UNKNOWN,UNKNOWN,Gemischtes Sortiment (nicht nur Küche).,https://www.affiliate-marketing.de/partnerprogramme/tchibo.de,2026-09-26,quellen/raw_programs_B.csv
P-B073,Küche,Lakeland (UK),https://ui.awin.com/merchant-profile/1751,Awin (ID 1751),UK,"Basis 2,5 %, Erhöhungen je Publisher-Typ",VERIFIED,15 Tage,VERIFIED,UNKNOWN,UNKNOWN,UNKNOWN,Ja – Tracking-Code im Query-String (vom Händler),UNKNOWN,Provision nur auf UK-Sales,Hohe Konversionsrate lt. Profil (ohne Zahl); 3 Jahre Garantie.,https://ui.awin.com/merchant-profile/1751,2026-09-26,quellen/raw_programs_B.csv
P-B074,Küche,ProCook (UK),UNKNOWN,Impact,UK,Nicht öffentlich (Login erforderlich),UNKNOWN,UNKNOWN,UNKNOWN,UNKNOWN,UNKNOWN,UNKNOWN,UNKNOWN (programmspezifisch nicht angegeben; Impact bietet netzwerkseitig Deeplinks),UNKNOWN,UNKNOWN,,https://www.affiliate-marketing.de/partnerprogramme/procook.co.uk,2026-09-26,quellen/raw_programs_B.csv
P-B075,Küche,John Lewis & Partners (UK),UNKNOWN,Impact,UK,Nicht öffentlich; Sekundärquellen 1–7 %,THIRD-PARTY ESTIMATE,UNKNOWN (Sekundärquelle nennt 24 h – unbestätigt),THIRD-PARTY ESTIMATE,UNKNOWN,UNKNOWN,UNKNOWN,UNKNOWN (programmspezifisch nicht angegeben; Impact bietet netzwerkseitig Deeplinks),UNKNOWN,UNKNOWN,,https://www.affiliate-marketing.de/partnerprogramme/johnlewis.com ; https://linkclicky.com/affiliate-program/john-lewis-partners/,2026-09-26,quellen/raw_programs_B.csv
P-B076,Küche,Made In Cookware (US),UNKNOWN,Impact,"US, UK, CA, AU",Nicht öffentlich,UNKNOWN,UNKNOWN,UNKNOWN,UNKNOWN,UNKNOWN,UNKNOWN,UNKNOWN (programmspezifisch nicht angegeben; Impact bietet netzwerkseitig Deeplinks),UNKNOWN,"US, UK, CA, AU",DTC-Premium-Kochgeschirr.,https://www.affiliate-marketing.de/partnerprogramme/madeincookware.com,2026-09-26,quellen/raw_programs_B.csv
P-B077,Küche,Our Place (US),UNKNOWN,Impact,"US, UK, CA",Nicht öffentlich,UNKNOWN,UNKNOWN,UNKNOWN,UNKNOWN,UNKNOWN,UNKNOWN,UNKNOWN (programmspezifisch nicht angegeben; Impact bietet netzwerkseitig Deeplinks),UNKNOWN,"US, UK, CA",,https://www.affiliate-marketing.de/partnerprogramme/fromourplace.com,2026-09-26,quellen/raw_programs_B.csv
P-B078,Küche,Caraway (US),UNKNOWN,Impact; FlexOffers,US,Impact nicht öffentlich; FlexOffers 32–52 USD fix pro Sale,THIRD-PARTY ESTIMATE,UNKNOWN,UNKNOWN,UNKNOWN,UNKNOWN,UNKNOWN,UNKNOWN (programmspezifisch nicht angegeben; Impact bietet netzwerkseitig Deeplinks),UNKNOWN,UNKNOWN,Fixbetrag pro Sale statt Prozent. Hinweis: im Verzeichnis gelistete Raten von FlexOffers/SaleGains/MCANISM/cityads/MyLead/AdPump/Admitad sind Subnetzwerk-Raten (i.d.R. unter der Direktrate).,https://www.affiliate-marketing.de/partnerprogramme/carawayhome.com,2026-09-26,quellen/raw_programs_B.csv
P-B079,Küche,Vitamix (US),UNKNOWN,CJ,US,"CJ 3 %; FlexOffers-Subnetz 2,4–8 %",THIRD-PARTY ESTIMATE,UNKNOWN,UNKNOWN,UNKNOWN,UNKNOWN,UNKNOWN,UNKNOWN (programmspezifisch nicht angegeben; CJ bietet netzwerkseitig Deeplinks),UNKNOWN,UNKNOWN,Hinweis: im Verzeichnis gelistete Raten von FlexOffers/SaleGains/MCANISM/cityads/MyLead/AdPump/Admitad sind Subnetzwerk-Raten (i.d.R. unter der Direktrate).,https://www.affiliate-marketing.de/partnerprogramme/vitamix.com,2026-09-26,quellen/raw_programs_B.csv
P-B080,Küche,Sur La Table (US),UNKNOWN,Ascend (Listing); FlexOffers,US,"Ascend 4 %; FlexOffers 3,2 %",THIRD-PARTY ESTIMATE,UNKNOWN,UNKNOWN,UNKNOWN,UNKNOWN,UNKNOWN,UNKNOWN,UNKNOWN,UNKNOWN,,https://www.affiliate-marketing.de/partnerprogramme/surlatable.com,2026-09-26,quellen/raw_programs_B.csv
P-B081,Küche,"Philips (DE, u.a. Airfryer)",UNKNOWN,UNKNOWN (Direktnetzwerk nicht gelistet); FlexOffers,DE,4 % oder 8 USD pro Sale (Subnetz),THIRD-PARTY ESTIMATE,UNKNOWN,UNKNOWN,UNKNOWN,UNKNOWN,UNKNOWN,UNKNOWN,UNKNOWN,UNKNOWN,Hinweis: im Verzeichnis gelistete Raten von FlexOffers/SaleGains/MCANISM/cityads/MyLead/AdPump/Admitad sind Subnetzwerk-Raten (i.d.R. unter der Direktrate).,https://www.affiliate-marketing.de/partnerprogramme/philips.de,2026-09-26,quellen/raw_programs_B.csv
P-B082,Küche,SMEG (NL),UNKNOWN,Awin,NL (DE/UK/US nicht gelistet),6 %,THIRD-PARTY ESTIMATE,UNKNOWN,UNKNOWN,UNKNOWN,UNKNOWN,UNKNOWN,UNKNOWN (programmspezifisch nicht angegeben; Awin bietet netzwerkseitig Deeplink-Generator),UNKNOWN,UNKNOWN,Nur als EU-Referenz; kein DE-Programm gefunden.,https://www.affiliate-marketing.de/partnerprogramme/smeg.com,2026-09-26,quellen/raw_programs_B.csv
P-B083,Kaffee,De'Longhi (DE),https://ui.awin.com/merchant-profile/22915,Awin (ID 22915; managed by Velstar),DE,bis 7 % je Produktkategorie,VERIFIED,15 Tage,VERIFIED,über 200 EUR (Awin-Profil),"Ja – Content-Websites, Vergleich, Newsletter, Social Media, Cashback, Gutscheine willkommen",UNKNOWN (Social Media allgemein erlaubt),UNKNOWN (programmspezifisch nicht angegeben; Awin bietet netzwerkseitig Deeplink-Generator),Ja – regelmäßig aktualisierter Produktfeed (200+ Produkte),"DE (eigene Programme für CH, UK, US, CA u.a.)",45 Tage Validierung; striktes Brand-Bidding-Verbot; bei bestimmten Produkt-Launches keine Provision (Info via Awin News); nicht autorisierte Codes → Provision 0.,https://ui.awin.com/merchant-profile/22915,2026-09-26,quellen/raw_programs_B.csv
P-B084,Kaffee,De'Longhi (US),https://ui.awin.com/merchant-profile/33739,Awin (ID 33739),US,"bis 15 % auf alle Sales (nach Rabatten, ohne Steuer/Versand)",CLAIMED,30 Tage,VERIFIED,398 USD (Awin-Profil),UNKNOWN,UNKNOWN,UNKNOWN (programmspezifisch nicht angegeben; Awin bietet netzwerkseitig Deeplink-Generator),Ja – regelmäßig aktualisierter Produktfeed,US,45 Tage Validierung; Retouren werden abgelehnt; Last-Click. 'Bis zu' – Standardrate nicht genannt.,https://ui.awin.com/merchant-profile/33739,2026-09-26,quellen/raw_programs_B.csv
P-B085,Kaffee,De'Longhi (UK),https://ui.awin.com/merchant-profile/25781,Awin (ID 25781; managed by Velstar),UK,"bis 10 % auf alle Sales (ohne VAT/P&P, nach Rabatten)",CLAIMED,15 Tage,VERIFIED,150 GBP (Awin-Profil),UNKNOWN,UNKNOWN,UNKNOWN (programmspezifisch nicht angegeben; Awin bietet netzwerkseitig Deeplink-Generator),Ja – regelmäßig aktualisierter Produktfeed,UK,"30 Tage Validierung; Retouren abgelehnt. Verzeichnis affiliate-marketing.de nennt für UK nur 1 % – Widerspruch, im Programm prüfen.",https://ui.awin.com/merchant-profile/25781 ; https://www.affiliate-marketing.de/partnerprogramme/delonghi.com,2026-09-26,quellen/raw_programs_B.csv
P-B086,Kaffee,Breville (US),https://www.breville.com/us/en/learn-more/breville-affiliates-program.html,"Impact (ID 1268155, 'Breville|Sage Appliances')",US,bis 8 % des Bestellwerts,CLAIMED,30 Tage,VERIFIED,"Preisstichprobe: Barista Express 699,95 USD (breville.com, 2026-09-26, ausverkauft)",Ja – Content-Creator mit engagierter Community ausdrücklich angesprochen,UNKNOWN (nicht explizit),UNKNOWN (programmspezifisch nicht angegeben; Impact bietet netzwerkseitig Deeplinks),UNKNOWN,UNKNOWN,Nur Web-Sales über Affiliate-Link; keine Mindestumsätze; Breville + Breville Commercial.,https://www.breville.com/us/en/learn-more/breville-affiliates-program.html,2026-09-26,quellen/raw_programs_B.csv
P-B087,Kaffee,Sage Appliances (UK),https://www.sageappliances.com/uk/en/learn-more/sage-affiliates-program.html,Impact (ID 1268155; Agentur Silverbean),UK,bis 8 % des Bestellwerts,CLAIMED,30 Tage,VERIFIED,ca. 290 GBP (Programmseite),UNKNOWN (eigener Kontakt für Influencer/Content-Creator über Silverbean),UNKNOWN,UNKNOWN (programmspezifisch nicht angegeben; Impact bietet netzwerkseitig Deeplinks),UNKNOWN,UNKNOWN,Keine Monatsziele; Programm-Management durch Silverbean (PMA-prämiert).,https://www.sageappliances.com/uk/en/learn-more/sage-affiliates-program.html,2026-09-26,quellen/raw_programs_B.csv
P-B088,Kaffee,Coffee Circle (DE),https://ui.awin.com/merchant-profile/14018,Awin (ID 14018),DE,5–13 % (Verzeichnis; im Awin-Profil nicht öffentlich),THIRD-PARTY ESTIMATE,60 Tage,VERIFIED,UNKNOWN,"UNKNOWN (Content-Angebote für Blogger: Fotos, Videos)",UNKNOWN,UNKNOWN (programmspezifisch nicht angegeben; Awin bietet netzwerkseitig Deeplink-Generator),Ja – tagesaktuelle Produktdaten (.csv),UNKNOWN,Spezialitätenkaffee + Zubehör/Maschinen; Abo-Potenzial.,https://ui.awin.com/merchant-profile/14018 ; https://www.affiliate-marketing.de/partnerprogramme/coffeecircle.com,2026-09-26,quellen/raw_programs_B.csv
P-B089,Kaffee,Kaffee24 (DE),https://ui.awin.com/merchant-profile/21380,Awin (ID 21380),DE,5–6 % je Sale,VERIFIED,30 Tage,VERIFIED,115 EUR (Awin-Profil),UNKNOWN (nur über Awin bereitgestellte Aktionen/Codes erlaubt),UNKNOWN,UNKNOWN (programmspezifisch nicht angegeben; Awin bietet netzwerkseitig Deeplink-Generator),UNKNOWN,DE,"Stornoquote 0,5–1 %; abgelaufene Gutscheine binnen 24 h entfernen; 140.000 Besucher/Monat.",https://ui.awin.com/merchant-profile/21380,2026-09-26,quellen/raw_programs_B.csv
P-B090,Kaffee,Coffee Friend (DE/EU),UNKNOWN,Adtraction (DE); CJ (DE/EU),"DE, EU",Adtraction 10 %; CJ 4–10 %,THIRD-PARTY ESTIMATE,UNKNOWN,UNKNOWN,260 EUR (Verzeichnis),UNKNOWN (Cashback und Gutschein-Marketing erlaubt),UNKNOWN,UNKNOWN,UNKNOWN,EU,,https://www.affiliate-marketing.de/partnerprogramme/coffeefriend.de,2026-09-26,quellen/raw_programs_B.csv
P-B091,Kaffee,Coffee Friend (UK),UNKNOWN,Adtraction (GB); CJ (GB),UK,Adtraction 10 %; CJ 4 %,THIRD-PARTY ESTIMATE,UNKNOWN,UNKNOWN,"260 EUR (Verzeichnis, programmübergreifend)",UNKNOWN (Cashback und Gutschein-Marketing erlaubt),UNKNOWN,UNKNOWN,UNKNOWN,UK,,https://www.affiliate-marketing.de/partnerprogramme/coffeefriend.de,2026-09-26,quellen/raw_programs_B.csv
P-B092,Kaffee,"Trade Coffee (US, Abo)",UNKNOWN,Impact; FlexOffers,US,Impact nicht öffentlich; FlexOffers 5 %,THIRD-PARTY ESTIMATE,UNKNOWN,UNKNOWN,UNKNOWN,UNKNOWN,UNKNOWN,UNKNOWN (programmspezifisch nicht angegeben; Impact bietet netzwerkseitig Deeplinks),UNKNOWN,US,Abo-Modell. Hinweis: im Verzeichnis gelistete Raten von FlexOffers/SaleGains/MCANISM/cityads/MyLead/AdPump/Admitad sind Subnetzwerk-Raten (i.d.R. unter der Direktrate).,https://www.affiliate-marketing.de/partnerprogramme/drinktrade.com,2026-09-26,quellen/raw_programs_B.csv
P-B093,Kaffee,Fellow (US),UNKNOWN,Impact,US,Nicht öffentlich,UNKNOWN,UNKNOWN,UNKNOWN,UNKNOWN,UNKNOWN,UNKNOWN,UNKNOWN (programmspezifisch nicht angegeben; Impact bietet netzwerkseitig Deeplinks),UNKNOWN,UNKNOWN,Kein Affiliate-Link im Footer der Website gefunden; Verzeichnis-Stand 07/2025.,https://www.affiliate-marketing.de/partnerprogramme/fellowproducts.com,2026-09-26,quellen/raw_programs_B.csv
P-B094,Kaffee,Seattle Coffee Gear (US),UNKNOWN,Impact,US,Nicht öffentlich,UNKNOWN,UNKNOWN,UNKNOWN,UNKNOWN,UNKNOWN,UNKNOWN,UNKNOWN (programmspezifisch nicht angegeben; Impact bietet netzwerkseitig Deeplinks),UNKNOWN,US,Nur 'Media Partners'-Seite im Footer; Verzeichnis-Stand 07/2025.,https://www.affiliate-marketing.de/partnerprogramme/seattlecoffeegear.com,2026-09-26,quellen/raw_programs_B.csv
P-B095,Kaffee,Blue Bottle Coffee (US),UNKNOWN,Ascend (Listing); Subnetze,US,Ascend 5 %; FlexOffers 4 %,THIRD-PARTY ESTIMATE,UNKNOWN,UNKNOWN,UNKNOWN,UNKNOWN,UNKNOWN,UNKNOWN,UNKNOWN,US,Hinweis: im Verzeichnis gelistete Raten von FlexOffers/SaleGains/MCANISM/cityads/MyLead/AdPump/Admitad sind Subnetzwerk-Raten (i.d.R. unter der Direktrate).,https://www.affiliate-marketing.de/partnerprogramme/bluebottlecoffee.com,2026-09-26,quellen/raw_programs_B.csv
P-B096,Kaffee,"Atlas Coffee Club (US, Abo)",UNKNOWN,Ascend (Listing),US,10 USD pro Lead,THIRD-PARTY ESTIMATE,UNKNOWN,UNKNOWN,UNKNOWN,UNKNOWN,UNKNOWN,UNKNOWN,UNKNOWN,US,Lead-basiert (Abo-Abschluss).,https://www.affiliate-marketing.de/partnerprogramme/atlascoffeeclub.com,2026-09-26,quellen/raw_programs_B.csv
P-C001,Outdoor Living/BBQ,Ooni (US),https://ui.awin.com/merchant-profile/77074,Awin,USA,"ab 10% (Basis, ""starting at 10%"")",VERIFIED,30 Tage,VERIFIED,"UNKNOWN (Konversionsrate 2,5% lt. Brand; Stichprobe 26.09.2026: Median Sortiment 90 USD, Bundles 730–1.837 USD)",Ja – Content Creator/Influencer ausdrücklich Zielgruppe,"Ja (Social Content ausdrücklich erwähnt, keine Plattform-Einschränkung genannt)",UNKNOWN,UNKNOWN,Eigene Regionalshops (US/UK/EU/AU),Content-only: keine Gutschein-/Rabatt-/Incentive-Seiten; PPC strikt verboten; inaktive Affiliates nach 3 Monaten entfernt; monatl. Content-Wettbewerb mit Commission-Boost,https://ui.awin.com/merchant-profile/77074,2026-09-26,quellen/raw_programs_C.csv
P-C002,Outdoor Living/BBQ,Ooni (UK),https://ui.awin.com/merchant-profile/77076,Awin,UK,ab 10% (Basis),VERIFIED,30 Tage,VERIFIED,"UNKNOWN (Konversionsrate 2,5% genannt)",Ja – Content Creator/Influencer ausdrücklich Zielgruppe,Ja (keine Einschränkung genannt),UNKNOWN,UNKNOWN,UK-Shop; weitere Regionalshops,"Wie US: content-only, kein PPC, keine Gutschein-Seiten",https://ui.awin.com/merchant-profile/77076,2026-09-26,quellen/raw_programs_C.csv
P-C003,Outdoor Living/BBQ,Ooni (EU inkl. DE),https://ui.awin.com/merchant-profile/77082,Awin,DE/EU,"ab 10% (Basis, ""uncapped"")",VERIFIED,30 Tage,VERIFIED,"UNKNOWN (Konversionsrate 2,5% bzw. >2,5% lt. 2023er Zahlen)",Ja – Content Creator/Influencer ausdrücklich; Content-Wettbewerb akzeptiert Social-Posts/Videos in allen Sprachen,Ja (Social Content ausdrücklich zugelassen),UNKNOWN,UNKNOWN,EU-Shop eu.ooni.com,Content-only: keine Rabatt-/Gutschein-/Incentive-Seiten; PPC verboten; Awin MasterTag; monatl. Affiliate-of-the-Month,https://ui.awin.com/merchant-profile/77082 ; https://eu.ooni.com/pages/become-an-affiliate,2026-09-26,quellen/raw_programs_C.csv
P-C004,Outdoor Living/BBQ,Gozney (US),https://ui.awin.com/merchant-profile/16803,Awin,USA,bis 5%,VERIFIED,30 Tage,VERIFIED,>600 USD (vom Brand genannt),"Ja – ""engaged social following"" ausdrücklich willkommen",Ja (Social Following explizit genannt),UNKNOWN,UNKNOWN,Gozney in >14 Ländern,"Provision nur auf direkt bei gozney.com kaufbare Produkte; selektive Aufnahme; Stichprobe 26.09.2026: Arc Lite 400 USD, Dome Gen 2 Essentials-Bundle 2.890 USD",https://ui.awin.com/merchant-profile/16803,2026-09-26,quellen/raw_programs_C.csv
P-C005,Outdoor Living/BBQ,Gozney (UK),https://ui.awin.com/merchant-profile/16804,Awin,UK,bis 5%,VERIFIED,30 Tage,VERIFIED,>450 GBP (vom Brand genannt),"Ja – ""engaged social following"" ausdrücklich willkommen",Ja,UNKNOWN,UNKNOWN,UK + EU/AU-Shops,Wie US; hoher AOV durch Dome/Arc-Öfen,https://ui.awin.com/merchant-profile/16804,2026-09-26,quellen/raw_programs_C.csv
P-C006,Outdoor Living/BBQ,SANTOS Grills (DE),https://ui.awin.com/merchant-profile/32287,Awin,DE,"10% auf SANTOS-Eigenmarke, 7% auf alle anderen Marken (Weber, Napoleon, Traeger, Broil King …)",VERIFIED,30 Tage,VERIFIED,>392 EUR netto (vom Händler genannt),UNKNOWN (keine Einschränkung genannt; Santos selbst stark auf YouTube/IG/TikTok),UNKNOWN,UNKNOWN,UNKNOWN,DE (Versand; Spedition für Großgeräte),Outdoorküchen im Sortiment → sehr hoher AOV möglich; Premium-Provisionen/Boni für starke Partner; niedrige Storno-/Retourenquote lt. Händler,https://ui.awin.com/merchant-profile/32287,2026-09-26,quellen/raw_programs_C.csv
P-C007,Outdoor Living/BBQ,Traeger Grills (US),https://app.impact.com/campaign-promo-signup/Traeger-Grills.brand,Impact (früher AvantLink),USA,"UNKNOWN auf Primärquelle (""industry-leading commissions""); Drittquelle: 6%",THIRD-PARTY ESTIMATE,30 Tage,VERIFIED,UNKNOWN,"UNKNOWN (Programm richtet sich an Publisher, Blogger, Media Networks ""with large audiences"")",UNKNOWN,UNKNOWN,UNKNOWN (Creative Library),US-Shop,Frühere AvantLink-Konditionen (5%/60 Tage lt. Drittquellen) veraltet,https://app.impact.com/campaign-promo-signup/Traeger-Grills.brand ; https://getlasso.co/affiliate/traeger-grills/,2026-09-26,quellen/raw_programs_C.csv
P-C008,Outdoor Living/BBQ,"Weber (US, weber.com)",https://app.impact.com/advertiser-advertiser-info/Weber-Inc.brand,Impact (Agentur DMi Partners),USA,2% Online Sale,VERIFIED,30 Tage,VERIFIED,UNKNOWN,"Ja – ""media outlets, publishers, bloggers, and influencers""",Ja (Influencer ausdrücklich genannt),UNKNOWN,UNKNOWN,US,"Niedrige Rate; Weber UK/DE (weststyle) Awin-Programme inaktiv (Profil 18897/14763 ""not active"")",https://app.impact.com/advertiser-campaign-info/Weber-Inc.brand,2026-09-26,quellen/raw_programs_C.csv
P-C009,Outdoor Living/BBQ,"BBQGuys (US, Outdoor Kitchens)",https://app.impact.com/advertiser-advertiser-info/BBQGuys.brand,Impact,USA,6% Online Sale; 1% Call Conversion (telefonische Bestellung); separate Creator-Kampagne; Kampagne für Blaze Outdoor Kitchens,VERIFIED,30 Tage,VERIFIED,UNKNOWN,Ja – separate Creator-Kampagne (Creator Post),Ja (Creator-Kampagne),"Ja (Textlinks, Banner lt. BBQGuys)",Ja – Produkt-Datenfeeds lt. BBQGuys-Affiliate-Seite,US,Rate variiert nach Site-Typ; Auszahlung ab 50 USD; Call-Tracking für telefonische Großbestellungen,https://app.impact.com/advertiser-campaign-info/BBQGuys.brand ; https://www.bbqguys.com/corporate/about/affiliates,2026-09-26,quellen/raw_programs_C.csv
P-C010,Outdoor Living/BBQ,Solo Stove,https://app.impact.com/advertiser-advertiser-info/Solo-Stove.brand,Impact,USA + EU,"5% Online Sale (US), 5% EU Online Sale, 5% Card Linked Offers; neue Kampagne 10% (seit 07/2026)",VERIFIED,30 Tage,VERIFIED,UNKNOWN,UNKNOWN,UNKNOWN,UNKNOWN,UNKNOWN,US + EU-Shop,"Feuerschalen/Pizzaöfen; Account gehört zu Solo Brands (weitere Kampagnen: Oru Kayak, ISLE)",https://app.impact.com/advertiser-advertiser-info/Solo-Stove.brand,2026-09-26,quellen/raw_programs_C.csv
P-C011,Outdoor Living/BBQ,Blackstone Products (Griddles),https://app.impact.com/advertiser-advertiser-info/Blackstone-Products.brand,Impact,USA,5% Online Sale,VERIFIED,30 Tage,VERIFIED,UNKNOWN (Stichprobe 26.09.2026: Griddle-Bundles 299–1.399 USD),"Ja – zusätzlich ""Griddle Crew"" Creator-Programm (Stufen nach Followern lt. Drittquelle 2,5%/5%)",Ja (Griddle Crew),UNKNOWN,UNKNOWN,US,Griddle Crew-Stufen nur Drittquelle (frommichigantothetable.com),https://app.impact.com/advertiser-campaign-info/Blackstone-Products.brand,2026-09-26,quellen/raw_programs_C.csv
P-C012,Outdoor Living/BBQ,Big Green Egg,https://app.impact.com/advertiser-advertiser-info/Big-Green-Egg.brand,Impact,USA,5% Online Sale; separate Creator-Kampagne,VERIFIED,30 Tage,VERIFIED,UNKNOWN,Ja – Creator-Kampagne vorhanden,Ja (Creator-Kampagne),UNKNOWN,UNKNOWN,US,Kampagnen neu aufgesetzt 09/2026; Auszahlung 1 Monat + 21 Tage nach Monatsende,https://app.impact.com/advertiser-advertiser-info/Big-Green-Egg.brand,2026-09-26,quellen/raw_programs_C.csv
P-C013,Outdoor Living/BBQ,recteq (Pellet-Grills),https://app.impact.com/advertiser-advertiser-info/recteq.brand,Impact,USA,5% Online Sale,VERIFIED,30 Tage,VERIFIED,UNKNOWN,UNKNOWN,UNKNOWN,UNKNOWN,UNKNOWN,US,—,https://app.impact.com/advertiser-campaign-info/recteq.brand,2026-09-26,quellen/raw_programs_C.csv
P-C014,Outdoor Living/BBQ,Outer (Outdoor-Möbel),https://app.impact.com/advertiser-advertiser-info/Outer.brand,Impact,USA,5–8% Online Sale (Standardkampagne 8%),VERIFIED,90 Tage,VERIFIED,UNKNOWN (Stichprobe 26.09.2026: Median Sortiment 1.705 USD; Lounge-/Dining-Sets 7.320–17.400 USD),UNKNOWN,UNKNOWN,UNKNOWN,UNKNOWN,US,Langer 90-Tage-Cookie + High-Ticket-Möbel = attraktiv für Theme-Pages,https://app.impact.com/advertiser-campaign-info/Outer.brand,2026-09-26,quellen/raw_programs_C.csv
P-C015,Outdoor Living/BBQ,POLYWOOD (Outdoor-Möbel),https://www.polywood.com/pages/affiliate-program,ShareASale (Merchant 143124; ShareASale seit 2025 in Awin überführt),USA,"UNKNOWN (""competitive commission"", keine Produkt-Ausschlüsse)",UNKNOWN,7 Tage,VERIFIED,UNKNOWN (Stichprobe 26.09.2026: Median Sortiment 2.995 USD; Sets bis 6.795–10.149 USD),"Ja – Influencer, Creator, Social-Media-Accounts ausdrücklich",Ja (Social Media ausdrücklich),Ja (Linking-Tools),UNKNOWN,US (Made in USA),"Kurzes 7-Tage-Cookie trotz Werbung mit ""Longer Tracking Windows""",https://www.polywood.com/pages/affiliate-program,2026-09-26,quellen/raw_programs_C.csv
P-C016,Outdoor Living/BBQ,Gozney (DE),https://ui.awin.com/merchant-profile/125006,Awin,DE,bis 5%,VERIFIED,30 Tage,VERIFIED,">600 USD / >450 GBP (globaler Brand-Wert, kein DE-spezifischer Wert)","Ja – ""engaged social following"" ausdrücklich",Ja,UNKNOWN,UNKNOWN,DE/EU,"Nur Produkte, die direkt auf gozney.com kaufbar sind; monatliche Auszahlung",https://ui.awin.com/merchant-profile/125006,2026-09-26,quellen/raw_programs_C.csv
P-C017,Outdoor Living/BBQ,"360° BBQ (DE, Grillhändler)",https://www.adcell.de/partnerprogramme/360-bbq,Adcell (ID 8304),DE,3–8% Sale,VERIFIED,30 Tage (+ Postview),VERIFIED,"334,28 EUR (Ø Warenkorb bei Adcell)",UNKNOWN (nicht geregelt),UNKNOWN,UNKNOWN (Produktdatenfeed lt. Adcell-News 2022),Ja (Feed-News 06/2022),DE,SEM nicht erlaubt; Cashback/Gutscheine erlaubt; Stornoquote 0%; Ø Freigabe 44 Tage (max. 63),https://www.adcell.de/partnerprogramme/360-bbq,2026-09-26,quellen/raw_programs_C.csv
P-C018,Outdoor Living/BBQ,grill-profi-shop (DE),https://www.adcell.de/partnerprogramme/grill-profi-shop,Adcell (ID 9953),DE,"2,25–7% Sale",VERIFIED,14 Tage (+ Postview),VERIFIED,"234,90 EUR (Ø Warenkorb bei Adcell)",UNKNOWN,UNKNOWN,Ja (Direct Linking erlaubt),UNKNOWN,DE,Stornoquote 5%; Freigabe 42 Tage; SEM ohne Brand-Bidding,https://www.adcell.de/partnerprogramme/grill-profi-shop,2026-09-26,quellen/raw_programs_C.csv
P-C019,Outdoor Living/BBQ,"Kuppelofen (DE, Pizza-/Holzbacköfen)",https://www.adcell.de/partnerprogramme/kuppelofen,Adcell (ID 15113),DE,5% Sale,VERIFIED,90 Tage (+ Postview),VERIFIED,"766,22 EUR (Ø Warenkorb bei Adcell)",UNKNOWN (keine Einschränkung; incentivierter Traffic erlaubt),UNKNOWN,Ja (Deeplink-Tag),UNKNOWN,DE,Hoher AOV + 90-Tage-Cookie; Stornoquote 2%; Ø Freigabe 27 Tage,https://www.adcell.de/partnerprogramme/kuppelofen,2026-09-26,quellen/raw_programs_C.csv
P-C020,Outdoor Living/BBQ,"Petromax (DE, Outdoor-Kochen/Feuertöpfe)",https://www.adcell.de/partnerprogramme/petromax,Adcell (ID 11578),DE,4–12% Sale,VERIFIED,60 Tage (+ Postview),VERIFIED,"96,22 EUR (Ø Warenkorb bei Adcell)",UNKNOWN,UNKNOWN,Ja (Direct Linking erlaubt),UNKNOWN,DE,SEM nicht erlaubt; Stornoquote 0%; Freigabe 42 Tage,https://www.adcell.de/partnerprogramme/petromax,2026-09-26,quellen/raw_programs_C.csv
P-C021,Outdoor Living/BBQ,Czaja Feuerschalen (DE),https://www.adcell.de/partnerprogramme/czaja-feuerschalen,Adcell (ID 16286),DE,"7,5% Sale",VERIFIED,90 Tage (+ Postview),VERIFIED,"125,84 EUR (Ø Warenkorb bei Adcell)",UNKNOWN,UNKNOWN,Ja (Deeplink-Tag),UNKNOWN,DE,SEM/PLA nicht erlaubt; Stornoquote 17%,https://www.adcell.de/partnerprogramme/czaja-feuerschalen,2026-09-26,quellen/raw_programs_C.csv
P-C022,Outdoor Living/BBQ,"Gartenhausfabrik (DE, Gartenhäuser/Saunen/Terrassen)",https://ui.awin.com/merchant-profile/76696,Awin,DE/EU,7% Standard; höher für Top-Publisher,VERIFIED,30 Tage,VERIFIED,UNKNOWN,"UNKNOWN (Adware, Gutscheinportale, Paid Content ausgeschlossen)",UNKNOWN,UNKNOWN,UNKNOWN,Europa (Spedition 3–5 Wochen),Gutscheinportale ausgeschlossen; lange Lieferzeit → späte Validierung wahrscheinlich,https://ui.awin.com/merchant-profile/76696,2026-09-26,quellen/raw_programs_C.csv
P-C023,Outdoor Living/BBQ,"OTTO (DE, Marktplatz inkl. Garten/Grill)",https://ui.awin.com/merchant-profile/14336,Awin,DE,"Content-Publisher: Living 12%, Fashion 15%, Haushaltselektronik 7%, Multimedia 2% (Stand 01.03.2024); Deal-Seiten/Logopartner niedriger",VERIFIED,30 Tage,VERIFIED,UNKNOWN,UNKNOWN,UNKNOWN,Ja (Produktdatenfeeds),Ja (Feed via Awin),DE,Dynamische Attribution (Provision wird zwischen Publishern aufgeteilt); Berechnung auf Warenkorb-Ebene; Provision: Tabelle gültig ab 01.03.2024,https://ui.awin.com/merchant-profile/14336,2026-09-26,quellen/raw_programs_C.csv
P-C024,Outdoor Living/BBQ,"Wayfair (US, Outdoor-Möbel u.a.)",https://app.impact.com/advertiser-advertiser-info/Wayfair.brand,Impact,USA,10% Online Sale,VERIFIED,7 Tage,VERIFIED,UNKNOWN,UNKNOWN,UNKNOWN,UNKNOWN,UNKNOWN,US,Nur kurz geprüft; kurzes 7-Tage-Fenster,https://app.impact.com/advertiser-campaign-info/Wayfair.brand,2026-09-26,quellen/raw_programs_C.csv
P-C025,Pools/Spas/Sauna,Sun Home Saunas (Sauna/Cold Plunge),https://app.impact.com/advertiser-advertiser-info/Sun-Home.brand,Impact,USA,5% Online Sale,VERIFIED,30 Tage,VERIFIED,UNKNOWN (Stichprobe 26.09.2026: Median Sortiment 3.899 USD; Saunen 11.999–45.399 USD; Cold Plunge Pro 15.199 USD),"Ja – ausdrücklich TikTok, Facebook, Instagram, YouTube, SMS ""no limits""",Ja (ausdrücklich genannt),Ja (Tracking-Links),UNKNOWN,US,Programm für Fitness/Wellness/Biohacking-Creator; Links + Promo-Codes; Auszahlung monatlich (PayPal/Venmo lt. FAQ); Impact-Payout 27 Tage nach Monatsende,https://app.impact.com/advertiser-campaign-info/Sun-Home.brand ; https://sunhomesaunas.com/pages/become-an-affiliate,2026-09-26,quellen/raw_programs_C.csv
P-C026,Pools/Spas/Sauna,Plunge (Cold Plunge & Sauna),https://app.impact.com/advertiser-advertiser-info/Plunge.brand,Impact,USA,3% Online Sale,VERIFIED,30 Tage,VERIFIED,UNKNOWN (Stichprobe 26.09.2026: Infrared Sauna 7.690 USD; All-In + Sauna-Bundle 15.680 USD),UNKNOWN,UNKNOWN,UNKNOWN,UNKNOWN,US,"Niedrige Rate, aber hoher Stückpreis",https://app.impact.com/advertiser-campaign-info/Plunge.brand,2026-09-26,quellen/raw_programs_C.csv
P-C027,Pools/Spas/Sauna,Sunlighten (Infrarot-Saunen),https://app.impact.com/advertiser-advertiser-info/Sunlighten.brand,Impact,USA/UK/international,"6% auf ""Opportunity Closed"" (abgeschlossener Deal nach Beratung); Lead-Kampagne (Wert 0 GBP) + ""Advocate""-Kampagne",VERIFIED,30 Tage,VERIFIED,UNKNOWN,UNKNOWN,UNKNOWN,UNKNOWN,UNKNOWN,"Residential + Commercial, international",Provision erst bei Vertriebsabschluss (Lead→Sale) – lange Validierung; Payout 1 Monat + 2 Tage nach Monatsende,https://app.impact.com/advertiser-advertiser-info/Sunlighten.brand,2026-09-26,quellen/raw_programs_C.csv
P-C028,Pools/Spas/Sauna,Renu Therapy (Cold Plunge),https://app.impact.com/advertiser-advertiser-info/Renu-Therapy.brand,Impact,USA,7% Online Sale (Standard + Creator-Kampagne),VERIFIED,30 Tage,VERIFIED,UNKNOWN,Ja – separate Creator-Kampagne (Creator Post/Gift),Ja (Creator-Kampagne),UNKNOWN,UNKNOWN,US (Made in California),Kampagnen 2026 neu aufgesetzt,https://app.impact.com/advertiser-advertiser-info/Renu-Therapy.brand,2026-09-26,quellen/raw_programs_C.csv
P-C029,Pools/Spas/Sauna,"RecoSauna (Saunen/Cold Plunges, Nordamerika)",https://ui.awin.com/merchant-profile/128491,Awin,USA/Kanada,7%,VERIFIED,30 Tage,VERIFIED,"Produkte ca. 2.000–16.000+ USD; ""commissions that can exceed $1,000 per order"" (Brand)","Ja – ""wellness influencers"" ausdrücklich Zielgruppe","UNKNOWN (Influencer genannt, keine Plattform-Details)",UNKNOWN,UNKNOWN,Nordamerika,High-Ticket-Händler mehrerer Sauna-Marken,https://ui.awin.com/merchant-profile/128491,2026-09-26,quellen/raw_programs_C.csv
P-C030,Pools/Spas/Sauna,Sweat Kingdom Saunas,https://ui.awin.com/merchant-profile/125462,Awin,USA,5–10%,VERIFIED,30 Tage,VERIFIED,4.000–25.000 USD (vom Brand genannt),UNKNOWN,UNKNOWN,UNKNOWN,UNKNOWN,US (Direktlieferung),Made-to-order Outdoor-/Indoor-Saunen aus Idaho,https://ui.awin.com/merchant-profile/125462,2026-09-26,quellen/raw_programs_C.csv
P-C031,Pools/Spas/Sauna,Peak Saunas (US),https://ui.awin.com/merchant-profile/118291,Awin,USA,3–5% (meist Start bei 5%),VERIFIED,30 Tage,VERIFIED,UNKNOWN,UNKNOWN,UNKNOWN,UNKNOWN,UNKNOWN,Nur USA (Lower 48); internationale Bestellungen nicht provisionsberechtigt,—,https://ui.awin.com/merchant-profile/118291,2026-09-26,quellen/raw_programs_C.csv
P-C032,Pools/Spas/Sauna,Bast Sauna UK (Sauna-Zelte),https://ui.awin.com/merchant-profile/119247,Awin,UK,6%,VERIFIED,30 Tage,VERIFIED,UNKNOWN,"Ja – arbeitet mit ""leading influencers"" (Red Bull, Nike, Athleten)",UNKNOWN,UNKNOWN,UNKNOWN,Versand europaweit,100-Tage-Zufriedenheitsgarantie → Retourenrisiko; Media-Folder für Affiliates,https://ui.awin.com/merchant-profile/119247,2026-09-26,quellen/raw_programs_C.csv
P-C033,Pools/Spas/Sauna,Bast Sauna DE (Sauna-Zelte),https://ui.awin.com/merchant-profile/119243,Awin,DE,6%,VERIFIED,30 Tage,VERIFIED,UNKNOWN,Ja (Influencer-Kooperationen genannt),UNKNOWN,UNKNOWN,UNKNOWN,Europaweit,100-Tage-Zufriedenheitsgarantie,https://ui.awin.com/merchant-profile/119243,2026-09-26,quellen/raw_programs_C.csv
P-C034,Pools/Spas/Sauna,Saunaloft (DE),https://ui.awin.com/merchant-profile/25645,Awin,DE,UNKNOWN (nicht öffentlich im Profil),UNKNOWN,30 Tage,VERIFIED,UNKNOWN (Swimspas/Whirlpools/Saunen hochpreisig),UNKNOWN,UNKNOWN,UNKNOWN,UNKNOWN,DE,"Sortiment: Infrarotkabinen, Saunen, Whirlpools, SwimSpas; ""geringe Stornierungsquoten"" lt. Händler",https://ui.awin.com/merchant-profile/25645,2026-09-26,quellen/raw_programs_C.csv
P-C035,Pools/Spas/Sauna,"GartenHaus GmbH / gartenhaus.com (Saunen, Hot & Cold Tubs, Gartenhäuser)",https://ui.awin.com/merchant-profile/22747,Awin + eigenes Empfehlungsprogramm,DE (+NL/AT-Shops),"Awin: Standard 5%, Top-Partner 7%, Content 7%; Empfehlungsprogramm: 8% Umsatzbeteiligung (Kunde 2% Rabatt)",VERIFIED,30 Tage,VERIFIED,"UNKNOWN (""attraktive Warenkorbwerte"" ohne Zahl)",UNKNOWN (keine Social-Einschränkung; Adware/Paid Content ausgeschlossen),UNKNOWN,UNKNOWN,"Ja – ""aktuelle Produktdaten""","DE, NL u.a.","Brand betont ""starke saisonale Nachfrage""; Adware + Paid Content nicht zugelassen",https://ui.awin.com/merchant-profile/22747 ; https://www.gartenhaus.com/page/partnerprogramm,2026-09-26,quellen/raw_programs_C.csv
P-C036,Pools/Spas/Sauna,"Hansagarten24 (DE, Gartenhäuser/Saunen)",https://ui.awin.com/merchant-profile/119819,Awin,DE/EU,Basis 3% netto; Gutschein 4%; Content/Influencer bis 7–8% (leistungsabhängig),VERIFIED,90 Tage,VERIFIED,"""hohe durchschnittliche Bestellwerte"" (keine Zahl)",Ja – Content- und Influencer-Partner eigene Stufe,Ja (Influencer-Stufe),UNKNOWN,UNKNOWN,DE + Europa,"PPC nur ohne Brand-Bidding; Sales abgelehnt, wenn Kunde vorher schon Kontakt hatte",https://ui.awin.com/merchant-profile/119819,2026-09-26,quellen/raw_programs_C.csv
P-C037,Pools/Spas/Sauna,"Wave Spas (UK, aufblasbare Hot Tubs)",https://ui.awin.com/merchant-profile/125982,Awin,UK,UNKNOWN (nicht öffentlich),UNKNOWN,30 Tage,VERIFIED,UNKNOWN,UNKNOWN,UNKNOWN,UNKNOWN,UNKNOWN,UK (separates US-Programm 125991),Programm seit 05/2026 im Awin-Verzeichnis,https://ui.awin.com/merchant-profile/125982,2026-09-26,quellen/raw_programs_C.csv
P-C038,Pools/Spas/Sauna,Wave Spas (US),https://ui.awin.com/merchant-profile/125991,Awin,USA,UNKNOWN (nicht öffentlich),UNKNOWN,30 Tage,VERIFIED,UNKNOWN,UNKNOWN,UNKNOWN,UNKNOWN,UNKNOWN,US,—,https://ui.awin.com/merchant-profile/125991,2026-09-26,quellen/raw_programs_C.csv
P-C039,Pools/Spas/Sauna,"Poolwonder (DE, Poolroboter)",https://ui.awin.com/merchant-profile/44061,Awin,DE/AT,UNKNOWN (nicht öffentlich),UNKNOWN,30 Tage,VERIFIED,UNKNOWN,"Ja – Zielgruppe ausdrücklich ""Blogs & Influencer""",Ja (Influencer),UNKNOWN,UNKNOWN,DE/AT,Kein SEA/SEM; keine vergleichende Werbung; Testprodukte bei Reichweite; stark saisonal (Poolsaison),https://ui.awin.com/merchant-profile/44061,2026-09-26,quellen/raw_programs_C.csv
P-C040,Pools/Spas/Sauna,"AIDA Whirlpools (DE, Outdoor-Whirlpools)",https://www.adcell.de/partnerprogramme/aida-whirlpools,Adcell (ID 11586),DE,10% Sale,VERIFIED,30 Tage (+ Postview),VERIFIED,"386,52 EUR (Ø Warenkorb bei Adcell)",UNKNOWN,UNKNOWN,"Ja (Deeplink-Tag, Direct Linking erlaubt)",UNKNOWN,DE,SEM nicht erlaubt; Stornoquote 10%; Ø Freigabe 59 Tage (max. 70) – lange Validierung,https://www.adcell.de/partnerprogramme/aida-whirlpools,2026-09-26,quellen/raw_programs_C.csv
P-C041,Pools/Spas/Sauna,Sauna24 (DE),https://www.adcell.de/partnerprogramme/sauna24,"Adcell (ID 10533, exklusiv)",DE,8% Sale,VERIFIED,90 Tage (+ Postview),VERIFIED,"517,18 EUR (Ø Warenkorb bei Adcell)",UNKNOWN,UNKNOWN,Ja (Direct Linking erlaubt),UNKNOWN,DE,SEM/PLA erlaubt; Stornoquote 3%; Freigabe 42 Tage,https://www.adcell.de/partnerprogramme/sauna24,2026-09-26,quellen/raw_programs_C.csv
P-C042,Pools/Spas/Sauna,Mein-Saunashop (DE),https://www.adcell.de/partnerprogramme/mein-saunashop,"Adcell (ID 13383, exklusiv)",DE,4–6% Sale,VERIFIED,60 Tage (+ Postview),VERIFIED,"851,21 EUR (Ø Warenkorb bei Adcell)",UNKNOWN,UNKNOWN,Ja (Direct Linking erlaubt),UNKNOWN,DE,SEM nur auf Anfrage; Stornoquote 7%; Ø Freigabe 49 Tage,https://www.adcell.de/partnerprogramme/mein-saunashop,2026-09-26,quellen/raw_programs_C.csv
P-C043,Pools/Spas/Sauna,SAUNA Total (DE),https://www.adcell.de/partnerprogramme/saunatotal,Adcell (ID 19230),DE,5% Sale,VERIFIED,14 Tage (+ Postview),VERIFIED,"99,00 EUR (Ø Warenkorb bei Adcell – Zubehör-lastig)",UNKNOWN,UNKNOWN,Ja (Direct Linking erlaubt),Ja (Produkt-Datenfeeds lt. FAQ),DE,Cashback nicht erlaubt; Gutscheine nur nach Absprache,https://www.adcell.de/partnerprogramme/saunatotal,2026-09-26,quellen/raw_programs_C.csv
P-C044,Pools/Spas/Sauna,"primepool.de (DE, Fertigbecken/Pools)",https://www.adcell.de/partnerprogramme/primepool.de,Adcell (ID 17484),DE,7% Sale,VERIFIED,45 Tage (+ Postview),VERIFIED,"628,30 EUR (Ø Warenkorb bei Adcell)",UNKNOWN,UNKNOWN,Ja (Direct Linking erlaubt),UNKNOWN,DE,Gutscheinmarketing nicht erlaubt; Ø Freigabe 40 Tage; stark saisonal (Poolsaison Frühjahr/Sommer),https://www.adcell.de/partnerprogramme/primepool.de,2026-09-26,quellen/raw_programs_C.csv
P-C045,Pools/Spas/Sauna,"poolmondo.de (DE, Poolroboter/-zubehör)",https://www.adcell.de/partnerprogramme/poolmondo.de,Adcell (ID 15670),DE,5% Sale,VERIFIED,60 Tage (+ Postview),VERIFIED,"394,95 EUR (Ø Warenkorb bei Adcell)",UNKNOWN,UNKNOWN,Ja (Direct Linking erlaubt),UNKNOWN,DE,Gutscheinmarketing nicht erlaubt; Programm aktiv seit 08/2025,https://www.adcell.de/partnerprogramme/poolmondo.de,2026-09-26,quellen/raw_programs_C.csv
P-C046,Pools/Spas/Sauna,mein-poolroboter.de (DE),https://www.adcell.de/partnerprogramme/mein-poolroboter.de,Adcell (ID 12556),DE,3% lt. Provisionstabelle; FAQ nennt Mindestprovision 5% (widersprüchlich),VERIFIED,60 Tage (+ Postview),VERIFIED,"754,62 EUR (Ø Warenkorb bei Adcell)",UNKNOWN,UNKNOWN,Ja (Direct Linking erlaubt),UNKNOWN,DE,SEM ohne Brand-Bidding auf Anfrage; Stornoquote 4%; Provision: widersprüchlich auf Primärseite,https://www.adcell.de/partnerprogramme/mein-poolroboter.de,2026-09-26,quellen/raw_programs_C.csv
P-C047,Pools/Spas/Sauna,"POOL Total (DE, Poolzubehör/Wärmepumpen)",https://www.adcell.de/partnerprogramme/pool-total,Adcell (ID 6643),DE,4–6% Sale,VERIFIED,5 Tage (+ Postview),VERIFIED,"165,35 EUR (Ø Warenkorb bei Adcell)",UNKNOWN,UNKNOWN,Ja (Direct Linking erlaubt),UNKNOWN,DE,Sehr kurzes 5-Tage-Cookie; Gutscheinmarketing nicht erlaubt,https://www.adcell.de/partnerprogramme/pool-total,2026-09-26,quellen/raw_programs_C.csv
P-C048,Garten,STIHL (DE),https://ui.awin.com/merchant-profile/20646,Awin (Agentur xpose360),DE,8% CPO Standard; 5% bei Gutschein-Sales und für Gutschein-/Schnäppchenpartner; Sonderkonditionen für redaktionellen Content,VERIFIED,30 Tage,VERIFIED,"""hoher durchschnittlicher Warenkorb"" (keine Zahl)",UNKNOWN,UNKNOWN,Eingeschränkt: Startseite + einige Kategorie-Deeplinks (Awin); STIHL-Seite nennt Deeplinks auf jedes Produkt über Produktliste,Ja – vollständiger Produktdatenfeed,DE (Lieferung nach Hause oder zum Fachhändler),"Ja, STIHL hat ein Programm. Keywordbuying untersagt; nicht freigegebene Gutscheine vom Tracking ausgeschlossen",https://ui.awin.com/merchant-profile/20646 ; https://www.stihl.de/de/service-events/kooperationsprogramm,2026-09-26,quellen/raw_programs_C.csv
P-C049,Garten,Pflanzen-Kölle (DE),https://ui.awin.com/merchant-profile/28417,Awin,DE,8% Standard; 6% Gutschein/Gutschein-Publisher,VERIFIED,30 Tage,VERIFIED,UNKNOWN,UNKNOWN,UNKNOWN,UNKNOWN,Ja – vollständiger Datenfeed,DE,Online + Gartencenter; Saisonware (Pflanzen) Frühjahrsspitze,https://ui.awin.com/merchant-profile/28417,2026-09-26,quellen/raw_programs_C.csv
P-C050,Garten,BALDUR-Garten (DE),https://ui.awin.com/merchant-profile/13634,Awin (Agentur sunnysales),DE,8% Standard; 4% Gutschein-/Schnäppchenpartner und Sales mit Gutschein,VERIFIED,90 Tage,VERIFIED,UNKNOWN,UNKNOWN (Programm richtet sich an Blogs/redaktionelle Websites),UNKNOWN,Ja (Deeplinks in Rubriken),UNKNOWN,DE,SEM/Suchmaschinenmarketing verboten (Ausschluss); langer 90-Tage-Cookie,https://ui.awin.com/merchant-profile/13634 ; https://www.baldur-garten.de/onion/content/affiliate-partnerprogramm,2026-09-26,quellen/raw_programs_C.csv
P-C051,Garten,Plantura (DE),https://www.adcell.de/partnerprogramme/plantura-shop,Adcell (ID 16890),DE,10% Sale,VERIFIED,30 Tage,VERIFIED,"69,15 EUR (Ø Warenkorb bei Adcell)",UNKNOWN,UNKNOWN,"Ja (Deeplink, Direct Linking erlaubt)",Ja (CSV-Tag),DE,Stornoquote 41% (hoch!); SEM/PLA nicht erlaubt; Ø Freigabe 9 Tage,https://www.adcell.de/partnerprogramme/plantura-shop,2026-09-26,quellen/raw_programs_C.csv
P-C052,Garten,"GARTEN VON EHREN (DE, Pflanzen/Gehölze)",https://www.adcell.de/partnerprogramme/garten-von-ehren,Adcell (ID 11739),DE,10% Sale,VERIFIED,30 Tage,VERIFIED,"84,42 EUR (Ø Warenkorb bei Adcell)",UNKNOWN,UNKNOWN,Ja (Direct Linking erlaubt),UNKNOWN,DE,SEM nicht erlaubt; Stornoquote 7%,https://www.adcell.de/partnerprogramme/garten-von-ehren,2026-09-26,quellen/raw_programs_C.csv
P-C053,Garten,heckenpflanzen.de (DE),https://www.adcell.de/partnerprogramme/heckenpflanzen.de,Adcell (ID 17286),DE,5% Sale,VERIFIED,14 Tage,VERIFIED,"500,00 EUR (Ø Warenkorb bei Adcell)",UNKNOWN,UNKNOWN,UNKNOWN,UNKNOWN,DE,Kein SEM/PLA/Cashback/Gutschein – also faktisch Content-/Social-Programm,https://www.adcell.de/partnerprogramme/heckenpflanzen.de,2026-09-26,quellen/raw_programs_C.csv
P-C054,Garten,Thompson & Morgan (UK),https://ui.awin.com/merchant-profile/2283,Awin,UK,"8% Standard (auf Netto nach MwSt., ohne Versand); 0% auf bestimmte Drittanbieter-Produkte/Aktionen",VERIFIED,30 Tage (saisonale Aktionen),VERIFIED,UNKNOWN,UNKNOWN,UNKNOWN,UNKNOWN,Ja – regelmäßig aktualisierter Produktfeed,UK,"Brand: ""key sales period is the spring""; Auszahlung 14-tägig; nur autorisierte Codes",https://ui.awin.com/merchant-profile/2283,2026-09-26,quellen/raw_programs_C.csv
P-C055,Garten,Crocus (UK),https://ui.awin.com/merchant-profile/7833,Awin,UK,"10% Pflanzen; 7% Produkte (Töpfe, Feuerschalen, Möbel)",VERIFIED,30 Tage,VERIFIED,UNKNOWN,UNKNOWN,UNKNOWN,UNKNOWN,UNKNOWN,UK,Keine Provision auf eVouchers und echte Weihnachtsbäume,https://ui.awin.com/merchant-profile/7833,2026-09-26,quellen/raw_programs_C.csv
P-C056,Garten,"Lively Root (US, Zimmerpflanzen)",https://ui.awin.com/merchant-profile/29729,Awin + Code-basiertes Programm,USA,Awin: 5% oder höher je Account; Brand-Seite: bis zu 20% (Code-/Affiliate-Programm),VERIFIED,"Widersprüchlich: Profil-Header 7 Tage, Programmtext 30 Tage",VERIFIED,UNKNOWN,Ja (Rabattcode für Community/Creator),UNKNOWN,UNKNOWN,UNKNOWN,Nur USA,Auszahlung innerhalb 30 Tagen; Cookie: widersprüchlich,https://ui.awin.com/merchant-profile/29729 ; https://www.livelyroot.com/pages/affiliates,2026-09-26,quellen/raw_programs_C.csv
P-C057,Garten,"The Sill (US, Zimmerpflanzen)",https://app.impact.com/advertiser-advertiser-info/The-Sill.brand,Impact,USA,2–10% (Standardkampagne 10%),VERIFIED,30 Tage,VERIFIED,UNKNOWN,UNKNOWN,UNKNOWN,UNKNOWN,UNKNOWN,US,—,https://app.impact.com/advertiser-campaign-info/The-Sill.brand,2026-09-26,quellen/raw_programs_C.csv
P-C058,Garten,"Eden Brothers (US, Saatgut/Zwiebeln)",https://app.impact.com/advertiser-advertiser-info/Eden-Brothers.brand,Impact,USA,2% Standard; 10% Creator-Kampagne (seit 07/2026),VERIFIED,30 Tage,VERIFIED,UNKNOWN,Ja – eigene Creator-Kampagne,Ja (Creator-Kampagne),UNKNOWN,UNKNOWN,US,Creator-Rate 5x höher als Standard,https://app.impact.com/advertiser-advertiser-info/Eden-Brothers.brand,2026-09-26,quellen/raw_programs_C.csv
P-C059,Garten,Gardener's Supply Company (US),https://app.impact.com/advertiser-advertiser-info/Gardeners-Supply-Company.brand,Impact,USA,4% Online Sale,VERIFIED,30 Tage,VERIFIED,UNKNOWN,UNKNOWN,UNKNOWN,UNKNOWN,UNKNOWN,US,—,https://app.impact.com/advertiser-campaign-info/Gardeners-Supply-Company.brand,2026-09-26,quellen/raw_programs_C.csv
P-C060,Garten,"Gardyn (US, Indoor Vertical Garden)",https://app.impact.com/advertiser-advertiser-info/Gardyn.brand,Impact,USA,12–100 USD fix pro Sale (CPA),VERIFIED,UNKNOWN,UNKNOWN,UNKNOWN,"Ja – ""code or link"", Creator-orientiert",UNKNOWN,UNKNOWN,UNKNOWN,US,Fixe CPA statt %; Abo-Membership des Kunden (keine Recurring-Provision belegt),https://app.impact.com/advertiser-advertiser-info/Gardyn.brand,2026-09-26,quellen/raw_programs_C.csv
P-C061,Garten,Click & Grow (Indoor Smart Garden),https://www.clickandgrow.com/pages/affiliate-program,Eigenes Programm; Gutschein-/Deal-Seiten via Rakuten (ID 45020) oder CJ (CID 4297609),USA/EU/international,10% oder mehr + Bonus-Provisionen,VERIFIED,30 Tage,VERIFIED,"UNKNOWN (Stichprobe 26.09.2026: Smart Garden 9 PRO 299,95 USD; Smart Garden 27 899,95 USD)","Ja – Content-Creator, Tracking-Link oder Promo-Code; Gratis-Gärten für passende Partner","Ja (Creator-Programm, Codes)",UNKNOWN,UNKNOWN,International (US/EU-Shops),Gutschein-/Deal-Seiten nicht im Hauptprogramm; Auszahlung monatlich ab 50 USD,https://www.clickandgrow.com/pages/affiliate-program,2026-09-26,quellen/raw_programs_C.csv
P-C062,Garten,"Lettuce Grow (US, Farmstand)",https://app.impact.com/advertiser-advertiser-info/Lettuce-Grow.brand,Impact + Superfiliate (Creator-Portal),USA,4% Online Sale,VERIFIED,30 Tage,VERIFIED,"UNKNOWN (Farmstand 599–1.449 USD Listenpreis, Stichprobe 26.09.2026)",Ja – Superfiliate-Creator-Portal,UNKNOWN,UNKNOWN,UNKNOWN,US,Performance-Boni/Cash-Boni lt. Brand,https://app.impact.com/advertiser-campaign-info/Lettuce-Grow.brand ; https://www.lettucegrow.com/pages/affiliate,2026-09-26,quellen/raw_programs_C.csv
P-C063,Garten,Segway Navimow (Mähroboter),https://navimow.segway.com/pages/affiliate-program,ShareASale (Merchant 154959; Plattform seit 2025 in Awin überführt),USA (US-Shop),UNKNOWN (nicht im Seitentext),UNKNOWN,90 Tage,VERIFIED,"UNKNOWN (Mähroboter 799–3.199 USD, Stichprobe 26.09.2026)",UNKNOWN,UNKNOWN,UNKNOWN,UNKNOWN,US-Shop; EU-Vertrieb separat,"Brand wirbt mit ""High-Value Sales""; monatliche Auszahlung; stark saisonal (Mähsaison)",https://navimow.segway.com/pages/affiliate-program,2026-09-26,quellen/raw_programs_C.csv
P-C064,Garten,Mammotion (Mähroboter LUBA/YUKA),https://app.impact.com/advertiser-advertiser-info/Mammotion-Tech.brand,Impact,"DE/EU (FR, IT, ES, NL, PL, DK, SE), UK, US, CA, AU",3% je Markt; US 3–15%,VERIFIED,30 Tage,VERIFIED,UNKNOWN,UNKNOWN,UNKNOWN,UNKNOWN,UNKNOWN,International (länderspezifische Kampagnen),Eine der wenigen Mähroboter-Marken mit DE-Kampagne auf Impact,https://app.impact.com/advertiser-advertiser-info/Mammotion-Tech.brand,2026-09-26,quellen/raw_programs_C.csv
P-C065,Garten,"ANTHBOT (DE, Mähroboter)",https://ui.awin.com/merchant-profile/125144,Awin,DE,mind. 10%,VERIFIED,30 Tage,VERIFIED,"UNKNOWN (Profil nennt ""Average Order Value"" ohne Zahl)",UNKNOWN,UNKNOWN,UNKNOWN,UNKNOWN,DE-Store,"""Seasonal promotions"" ausdrücklich",https://ui.awin.com/merchant-profile/125144,2026-09-26,quellen/raw_programs_C.csv
P-C066,Garten,Ecovacs DE (Saugroboter + GOAT-Mähroboter),https://ui.awin.com/merchant-profile/30763,Awin,DE,5%,VERIFIED,30 Tage,VERIFIED,UNKNOWN,"UNKNOWN (Creatives: Gutscheine, Deals, Banner, Newsletter)",UNKNOWN,UNKNOWN,UNKNOWN,DE,Brand-Bidding (TM/TM+) verboten; deckt Reinigungs- und Mähroboter ab,https://ui.awin.com/merchant-profile/30763,2026-09-26,quellen/raw_programs_C.csv
P-C067,Garten,"Greenworks Tools (US, Akku-Gartengeräte)",https://app.impact.com/advertiser-advertiser-info/Greenworks-Tools.brand,Impact,USA,"3–6% (Kampagnen 3%, 3% (14 Tage) und 6%)",VERIFIED,30 Tage (eine Kampagne 14 Tage),VERIFIED,UNKNOWN,UNKNOWN,UNKNOWN,UNKNOWN,UNKNOWN,US,Mehrere Kampagnen parallel,https://app.impact.com/advertiser-advertiser-info/Greenworks-Tools.brand,2026-09-26,quellen/raw_programs_C.csv
P-C068,Tools/DIY,The Home Depot (US),https://app.impact.com/advertiser-advertiser-info/The-Home-Depot.brand,Impact,USA,1–8% je Kategorie/Kampagne; Standardkampagne 1% (Referral Period 1 Tag); Zusatzkampagne 8% mit 14 Tagen (seit 10/2024),VERIFIED,1 Tag (Standard) bzw. 14 Tage (8%-Kampagne),VERIFIED,UNKNOWN,UNKNOWN,UNKNOWN,UNKNOWN,UNKNOWN,US (+ separate Canada-Programme),Extrem kurzes Cookie in der Hauptkampagne; Ryobi/Milwaukee/Makita/DeWalt in den USA typischerweise über Home Depot/Lowe's/Acme monetarisierbar,https://app.impact.com/advertiser-advertiser-info/The-Home-Depot.brand,2026-09-26,quellen/raw_programs_C.csv
P-C069,Tools/DIY,Lowe's (US),https://app.impact.com/advertiser-advertiser-info/Lowes.brand,Impact,USA,1% Online Sale (auch App-Sales Android/iOS 1%),VERIFIED,1 Tag,VERIFIED,UNKNOWN,UNKNOWN,UNKNOWN,UNKNOWN,UNKNOWN,US,1-Tages-Fenster; Auszahlung 2 Monate + 2 Tage nach Monatsende,https://app.impact.com/advertiser-campaign-info/Lowes.brand,2026-09-26,quellen/raw_programs_C.csv
P-C070,Tools/DIY,Ace Hardware (US),https://app.impact.com/advertiser-advertiser-info/Ace-Hardware.brand,Impact,USA,2% Online Sale,VERIFIED,10 Tage,VERIFIED,UNKNOWN,UNKNOWN,UNKNOWN,UNKNOWN,UNKNOWN,US,—,https://app.impact.com/advertiser-campaign-info/Ace-Hardware.brand,2026-09-26,quellen/raw_programs_C.csv
P-C071,Tools/DIY,"Acme Tools (US, Power-Tool-Händler)",https://app.impact.com/advertiser-advertiser-info/Acme-Tools.brand,Impact,USA,2% Online Sale; Creator-Kampagne (Platzhalter),VERIFIED,15 Tage,VERIFIED,UNKNOWN,"UNKNOWN (Creator-Kampagne vorhanden, 0%/Platzhalter)",UNKNOWN,UNKNOWN,UNKNOWN,US,Autorisierter Händler für Milwaukee/DeWalt/Makita etc.,https://app.impact.com/advertiser-advertiser-info/Acme-Tools.brand,2026-09-26,quellen/raw_programs_C.csv
P-C072,Tools/DIY,"VEVOR (Werkzeug/Equipment, global)",https://app.impact.com/advertiser-advertiser-info/VEVOR.brand,Impact,USA + weitere Länderkampagnen,4–5% Online Sale (mehrere Länderkampagnen je 5%),VERIFIED,30 Tage,VERIFIED,UNKNOWN,UNKNOWN,UNKNOWN,UNKNOWN,UNKNOWN,International (US/EU/UK/AU u.a.),"Zusätzlich Awin-Programme für UK/Rest of Europe (IDs 28839, 118431 im Awin-Verzeichnis)",https://app.impact.com/advertiser-advertiser-info/VEVOR.brand,2026-09-26,quellen/raw_programs_C.csv
P-C073,Tools/DIY,"B&Q / Tradepoint (Kingfisher, UK)",https://app.impact.com/advertiser-advertiser-info/Kingfisher.brand,Impact,UK,B&Q: 2% Sale (Web + App); TradePoint: 4% Sale,VERIFIED,30 Tage,VERIFIED,UNKNOWN,UNKNOWN,UNKNOWN,UNKNOWN,UNKNOWN,UK,App-Sales werden getrackt; Service-Buchungen/Club-Signup 0,https://app.impact.com/advertiser-advertiser-info/Kingfisher.brand,2026-09-26,quellen/raw_programs_C.csv
P-C074,Tools/DIY,"Robert Dyas (UK, Haushalt/Garten/DIY)",https://ui.awin.com/merchant-profile/1528,Awin,UK,1% Basisrate (Erhöhung für Exposure möglich; bei Nicht-Last-Click oder Gutschein zurück auf 1%),VERIFIED,30 Tage,VERIFIED,UNKNOWN,UNKNOWN,UNKNOWN,UNKNOWN,UNKNOWN,UK,Nur autorisierte Codes; keine Provision auf Geschenkgutscheine,https://ui.awin.com/merchant-profile/1528,2026-09-26,quellen/raw_programs_C.csv
P-C075,Tools/DIY,OBI (DE),https://ui.awin.com/merchant-profile/9326,Awin,DE,Standard 2%; Gutschein 3%; Cashback 5%; PSM 5%; Content 7%,VERIFIED,30 Tage,VERIFIED,UNKNOWN,UNKNOWN,UNKNOWN,UNKNOWN,UNKNOWN,DE,Click & Collect-Käufe und HeyOBI-App nicht vergütet; Cookies in laufender Session nicht überschrieben,https://ui.awin.com/merchant-profile/9326,2026-09-26,quellen/raw_programs_C.csv
P-C076,Tools/DIY,hagebau.de (DE),https://ui.awin.com/merchant-profile/11513,Awin,DE,Standard 6%; Content-Partner 10%; Cashback 5%; Metanetzwerke 3%,VERIFIED,60 Tage,VERIFIED,>260 EUR netto (vom Händler genannt),UNKNOWN,UNKNOWN,UNKNOWN,UNKNOWN,DE,Exklusive Gutscheine/Themenwochen auf Anfrage,https://ui.awin.com/merchant-profile/11513,2026-09-26,quellen/raw_programs_C.csv
P-C077,Tools/DIY,toom Baumarkt (DE),https://ui.awin.com/merchant-profile/16017,Awin (Agentur Hearts & Science),DE,"Content 8%; Cashback 6%; Sonstige 5%; Gutschein 4%; Liveshopping 3% (""bis zu 10% je Vertical"" lt. toom.de)",VERIFIED,30 Tage,VERIFIED,UNKNOWN,UNKNOWN,UNKNOWN,UNKNOWN,Ja – aktueller Produktdatenfeed (toom.de),DE,Leads (Vorteilskarte) nicht vergütet,https://ui.awin.com/merchant-profile/16017 ; https://toom.de/wissen-service/toom-affiliate-programm/,2026-09-26,quellen/raw_programs_C.csv
P-C078,Tools/DIY,BAUHAUS (DE),https://affiliates.bauhaus.info/,"Inhouse-/Premium-Plattform (Agentur Sunlab, Tracking via clickfire)",DE,Content 7%; Influencer 7%; Cashback & Loyalty 7%; Standard 5%,VERIFIED,30 Tage (1st-Party-Cookie + Server-Tracking),VERIFIED,UNKNOWN,Ja – eigene Influencer-Provisionsstufe (7%),Ja (Influencer-Stufe),Ja (Deeplinks lt. 100partnerprogramme),"Ja – laufend aktualisierter Produktdatenfeed, Produkt-Widget",DE,Nicht auf Awin; SEA nur nach Absprache; Bearbeitungszeit max. 60 Tage (Drittquelle),https://affiliates.bauhaus.info/ ; https://www.100partnerprogramme.de/p/bauhaus-4247/,2026-09-26,quellen/raw_programs_C.csv
P-C079,Tools/DIY,"Contorion (DE, Werkzeug/Profi-Bedarf)",https://ui.awin.com/merchant-profile/14578,Awin,DE,bis 6%,VERIFIED,30 Tage,VERIFIED,UNKNOWN,"Nein über Awin: ""individuelle Influencer"" ausgeschlossen – Kooperation direkt über social@contorion.de",Nein über Awin (nur Direktkooperation),UNKNOWN,Ja – aktueller Produktdatenfeed,DE,"Ausgeschlossen: Cashback, Rabattcode-Publisher, Influencer, Browser-Extensions, CSS, SEM/Brand-Bidding; Vertriebsteam-Bestellungen nicht provisioniert",https://ui.awin.com/merchant-profile/14578,2026-09-26,quellen/raw_programs_C.csv
P-C080,Tools/DIY,Globus Baumarkt (DE),https://ui.awin.com/merchant-profile/11830,Awin,DE,UNKNOWN (nicht öffentlich),UNKNOWN,30 Tage,VERIFIED,"UNKNOWN (Konversionsrate Affiliate-Traffic >5,4%, Bestätigungsrate >92,06% lt. Händler)",UNKNOWN,UNKNOWN,UNKNOWN,UNKNOWN,DE,Auszahlung ab 30 Tagen,https://ui.awin.com/merchant-profile/11830,2026-09-26,quellen/raw_programs_C.csv
P-C081,Tools/DIY,myToolStore (DE),https://www.adcell.de/partnerprogramme/mytoolstore,Adcell (ID 18222),DE,4–10% Sale,VERIFIED,30 Tage (+ Postview),VERIFIED,"1.143,36 EUR (Ø Warenkorb bei Adcell)",UNKNOWN,UNKNOWN,Ja (Direct Linking erlaubt),UNKNOWN,DE,Sehr hoher Ø Warenkorb; SEM nicht erlaubt; Ø Freigabe 28 Tage (max. 56),https://www.adcell.de/partnerprogramme/mytoolstore,2026-09-26,quellen/raw_programs_C.csv
P-C082,Tools/DIY,TOOLINEO (DE),https://www.adcell.de/partnerprogramme/toolineo,Adcell (ID 6727),DE,2–5% Sale,VERIFIED,60 Tage,VERIFIED,"83,32 EUR (Ø Warenkorb bei Adcell)",UNKNOWN,UNKNOWN,Ja (Direct Linking erlaubt),UNKNOWN,DE,Brand-Bidding auf Google/Bing verboten; Stornoquote 2%,https://www.adcell.de/partnerprogramme/toolineo,2026-09-26,quellen/raw_programs_C.csv
P-C083,Cleaning/Organization,Dyson (DE),https://ui.awin.com/merchant-profile/12802,Awin,DE,"Editorial Content 7%; Cashback 5%; Comparison 5%; Sub-Networks 3%; Student/Employee 3%; Referral 2,5%; Coupon 2% (auf Netto-Warenkorb)",VERIFIED,30 Tage,VERIFIED,UNKNOWN,UNKNOWN,UNKNOWN,UNKNOWN,UNKNOWN,DE,Zubehör/Ersatzteile nicht provisioniert; keine Provision bei eingelösten nicht von Dyson gestellten Gutscheinen (seit 02/2021),https://ui.awin.com/merchant-profile/12802,2026-09-26,quellen/raw_programs_C.csv
P-C084,Cleaning/Organization,Dyson (UK),https://app.impact.com/advertiser-advertiser-info/Dyson.brand,Impact,UK,1% Online Sale,VERIFIED,30 Tage,VERIFIED,UNKNOWN,UNKNOWN,UNKNOWN,UNKNOWN,UNKNOWN,UK,Sehr niedrige Rate im Vergleich zu DE-Content-Stufe,https://app.impact.com/advertiser-campaign-info/Dyson.brand,2026-09-26,quellen/raw_programs_C.csv
P-C085,Cleaning/Organization,SharkNinja (US),https://app.impact.com/advertiser-advertiser-info/SharkNinja.brand,Impact,USA,"Shark & Ninja je 1–4% (Standard 4%, 7 Tage); neue Kampagne 10% mit 30 Tagen (seit 07/2026)",VERIFIED,7 Tage (Standard) / 30 Tage (neue Kampagne),VERIFIED,UNKNOWN,UNKNOWN,UNKNOWN,UNKNOWN,UNKNOWN,US,Auszahlung 15 Tage nach Monatsende,https://app.impact.com/advertiser-advertiser-info/SharkNinja.brand,2026-09-26,quellen/raw_programs_C.csv
P-C086,Cleaning/Organization,SharkNinja (DE),https://ui.awin.com/merchant-profile/19810,Awin,DE,bis 5%; Influencer 5%; Cashback 2–6%; Voucher/Deal 1–2% (Stand 15.03.2025),VERIFIED,30 Tage (Postview 24 h nach Absprache),VERIFIED,146 EUR (vom Brand genannt),Ja – eigene Influencer-Provisionsgruppe (5%),Ja (Influencer-Gruppe),Ja – Deep Links in Affiliate-Kommunikation,UNKNOWN,DE,30 Tage Validierungszeit,https://ui.awin.com/merchant-profile/19810,2026-09-26,quellen/raw_programs_C.csv
P-C087,Cleaning/Organization,Tineco (Nordamerika + UK),https://app.impact.com/advertiser-advertiser-info/Tineco.brand,Impact (Account ECOVACS Global),USA/Kanada/UK,5% Online Sale,VERIFIED,30 Tage,VERIFIED,UNKNOWN,UNKNOWN,UNKNOWN,UNKNOWN,UNKNOWN,"US, CA, UK",Nasssauger/Waschsauger,https://app.impact.com/advertiser-advertiser-info/Tineco.brand,2026-09-26,quellen/raw_programs_C.csv
P-C088,Cleaning/Organization,Dreame (US),https://app.impact.com/advertiser-advertiser-info/Dreametech.brand,Impact,USA (+ Dreame Germany-Kampagne mit 0%),6–15% (Standard 6%; neue Kampagne 10% seit 08/2026),VERIFIED,30 Tage,VERIFIED,UNKNOWN,UNKNOWN,UNKNOWN,UNKNOWN,UNKNOWN,US; DE-Kampagne vorhanden aber 0% ausgewiesen,Saugroboter; DE-Kampagne auf Impact derzeit ohne öffentliche Rate,https://app.impact.com/advertiser-advertiser-info/Dreametech.brand,2026-09-26,quellen/raw_programs_C.csv
P-C089,Cleaning/Organization,Roborock (US),https://us.roborock.com/pages/roborock-affiliate-program,"Impact (""Roborock Official Store Program"") + CJ (CID 6100283)",USA,4–7%,VERIFIED,Widersprüchlich auf derselben Seite: 45 bzw. 35 Tage,VERIFIED,>400 USD (vom Brand genannt),UNKNOWN,UNKNOWN,"Ja (Links, Banner)","Ja – ""Full Data Feed available on Impact""",US,Bewerbung wird geprüft; Provision erst nach Freigabe; Cookie: widersprüchlich,https://us.roborock.com/pages/roborock-affiliate-program,2026-09-26,quellen/raw_programs_C.csv
P-C090,Cleaning/Organization,Ecovacs (UK),https://ui.awin.com/merchant-profile/30761,Awin,UK,5%,VERIFIED,30 Tage,VERIFIED,UNKNOWN,UNKNOWN,UNKNOWN,UNKNOWN,UNKNOWN,UK,TM/TM+-Bidding strikt verboten; auch GOAT-Mähroboter im Sortiment,https://ui.awin.com/merchant-profile/30761,2026-09-26,quellen/raw_programs_C.csv
P-C091,Cleaning/Organization,"Vorwerk (DE, Kobold/Thermomix)",https://ui.awin.com/merchant-profile/14937,Awin,DE,"Kobold-Sauger 5% (Saugroboter VR7 3,5%); Thermomix TM6/TM7 10 EUR fix; Zubehör 1,50 EUR",VERIFIED,60 Tage,VERIFIED,UNKNOWN,UNKNOWN,UNKNOWN,UNKNOWN,UNKNOWN,DE,Thermomix nur Fixbetrag trotz ca. 1.500 EUR Preis,https://ui.awin.com/merchant-profile/14937,2026-09-26,quellen/raw_programs_C.csv
P-C092,Cleaning/Organization,Bosch Hausgeräte (DE),https://ui.awin.com/merchant-profile/102205,Awin,DE,4% CPO auf alle Produkte,VERIFIED,30 Tage,VERIFIED,UNKNOWN,UNKNOWN,UNKNOWN,UNKNOWN,Ja – aktueller Produktfeed,DE,Bosch-Hausgeräte (inkl. Staubsauger); Bosch Power Tools DIY/Professional: kein eigenes Programm gefunden,https://ui.awin.com/merchant-profile/102205,2026-09-26,quellen/raw_programs_C.csv
P-C093,Cleaning/Organization,Joseph Joseph (UK),https://ui.awin.com/merchant-profile/30663,Awin,UK,Basis 3%; Editorial/Influencer 5% (je nach Warenkorb); Cashback 3–5% (Neukunden ≥85 GBP 5%),VERIFIED,30 Tage,VERIFIED,UNKNOWN,Ja – Influencer-Stufe ausdrücklich,Ja (Influencer-Stufe),UNKNOWN,Ja – täglich aktualisierter Produktfeed,UK,—,https://ui.awin.com/merchant-profile/30663,2026-09-26,quellen/raw_programs_C.csv
P-C094,Cleaning/Organization,The Container Store (US),https://app.impact.com/advertiser-advertiser-info/The-Container-Store.brand,Impact,USA,2% Online Sale,VERIFIED,30 Tage,VERIFIED,UNKNOWN,UNKNOWN,UNKNOWN,UNKNOWN,UNKNOWN,US,Custom Spaces (Closet/Pantry/Garage) mit hohem Ticket,https://app.impact.com/advertiser-campaign-info/The-Container-Store.brand,2026-09-26,quellen/raw_programs_C.csv
P-C095,Cleaning/Organization,Yamazaki Home (US/CA),https://app.impact.com/advertiser-advertiser-info/Yamazaki-Home.brand,Impact,USA/Kanada,7% Sale,VERIFIED,30 Tage,VERIFIED,UNKNOWN,UNKNOWN,UNKNOWN,UNKNOWN,UNKNOWN,"US, CA","Direktprogramm vorhanden (Frage ""Direkt?"" = ja, via Impact); US-Auszahlung 3 Monate + 15 Tage nach Monatsende",https://app.impact.com/advertiser-advertiser-info/Yamazaki-Home.brand,2026-09-26,quellen/raw_programs_C.csv
P-C096,Cleaning/Organization,simplehuman (US),https://app.impact.com/advertiser-advertiser-info/simplehuman.brand,Impact,USA,5% Online Sale,VERIFIED,15 Tage,VERIFIED,UNKNOWN,UNKNOWN,UNKNOWN,UNKNOWN,UNKNOWN,US,—,https://app.impact.com/advertiser-campaign-info/simplehuman.brand,2026-09-26,quellen/raw_programs_C.csv
P-C097,Cleaning/Organization,"Blueland (US, Nachfüll-Reiniger)",https://app.impact.com/advertiser-advertiser-info/Blueland.brand,Impact,USA,5–20% Online Sale (Standard 5%); Recurring Subscription 0%; Creator-Kampagne 5%; Kampagne 10%/14 Tage,VERIFIED,30 Tage (eine Kampagne 14 Tage),VERIFIED,UNKNOWN,Ja – Creator-Kampagne,Ja (Creator-Kampagne),UNKNOWN,UNKNOWN,US,Abo-Folgeumsätze ausdrücklich mit 0% → keine Recurring-Provision,https://app.impact.com/advertiser-advertiser-info/Blueland.brand,2026-09-26,quellen/raw_programs_C.csv
P-C098,Cleaning/Organization,Branch Basics (US),https://ui.awin.com/merchant-profile/90429,Awin,USA,10%,VERIFIED,30 Tage,VERIFIED,ca. 60 USD (vom Brand genannt),UNKNOWN,UNKNOWN,UNKNOWN,UNKNOWN,Nur USA,—,https://ui.awin.com/merchant-profile/90429,2026-09-26,quellen/raw_programs_C.csv
P-C099,Cleaning/Organization,"Cleangang (DE, Reinigungsmittel-Abo)",https://www.adcell.de/partnerprogramme/cleangang,Adcell (ID 18085),DE,5–9% Sale,VERIFIED,21 Tage (+ Postview),VERIFIED,"36,04 EUR (Ø Warenkorb bei Adcell)",UNKNOWN,UNKNOWN,"Ja (Deeplink, XML-Feed-Tag)",Ja (XML-Tag),DE,Stornoquote 58% (sehr hoch); SEM/Gutschein nicht erlaubt,https://www.adcell.de/partnerprogramme/cleangang,2026-09-26,quellen/raw_programs_C.csv
P-C100,Automotive,"Chemical Guys (US, Car Detailing)",https://www.chemicalguys.com/pages/affiliate-program,CJ (CID 4615063),USA,bis 10%,VERIFIED,UNKNOWN,UNKNOWN,>100 USD durchschnittlicher Sale (vom Brand genannt),UNKNOWN,UNKNOWN,UNKNOWN,UNKNOWN,US,Wöchentlich neue Produkte lt. Brand,https://www.chemicalguys.com/pages/affiliate-program,2026-09-26,quellen/raw_programs_C.csv
P-C101,Automotive,Advance Auto Parts (US),https://app.impact.com/advertiser-advertiser-info/Advance-Auto-Parts.brand,Impact,USA,4% Online Sale; separate Influencer-Kampagne (Rate nicht öffentlich),VERIFIED,30 Tage,VERIFIED,UNKNOWN,"Ja – eigene Kampagne für ""content influencers""",UNKNOWN,UNKNOWN,UNKNOWN,US,Auszahlung 1 Monat + 25 Tage nach Monatsende,https://app.impact.com/advertiser-advertiser-info/Advance-Auto-Parts.brand,2026-09-26,quellen/raw_programs_C.csv
P-C102,Automotive,"CARiD (US, Autozubehör)",https://app.impact.com/advertiser-advertiser-info/CARiD.brand,Impact,USA,1% Purchase,VERIFIED,30 Tage,VERIFIED,UNKNOWN,UNKNOWN,UNKNOWN,UNKNOWN,UNKNOWN,US,Auszahlung 27 Tage nach Freigabe (max. 12 Monate),https://app.impact.com/advertiser-campaign-info/CARiD.brand,2026-09-26,quellen/raw_programs_C.csv
P-C103,Automotive,"JEGS (US, Performance-Teile)",https://app.impact.com/advertiser-advertiser-info/Jegs.brand,Impact,USA,1–3% (Standard 1%),VERIFIED,5 Tage,VERIFIED,260 USD (vom Händler genannt),UNKNOWN,UNKNOWN,UNKNOWN,UNKNOWN,US,Sehr kurzes Cookie,https://app.impact.com/advertiser-campaign-info/Jegs.brand,2026-09-26,quellen/raw_programs_C.csv
P-C104,Automotive,"Nextbase (US, Dashcams)",https://app.impact.com/advertiser-advertiser-info/Nextbase.brand,Impact,USA,5% Online Sale,VERIFIED,14 Tage,VERIFIED,UNKNOWN,UNKNOWN,UNKNOWN,UNKNOWN,UNKNOWN,US,—,https://app.impact.com/advertiser-campaign-info/Nextbase.brand,2026-09-26,quellen/raw_programs_C.csv
P-C105,Automotive,"Nextbase (UK, Dashcams)",https://ui.awin.com/merchant-profile/22563,Awin,UK,8% Standard (Erhöhungen möglich),VERIFIED,30 Tage,VERIFIED,UNKNOWN,UNKNOWN,UNKNOWN,UNKNOWN,UNKNOWN,UK,Validierung 30 Tage nach Transaktion; kein Brand-PPC,https://ui.awin.com/merchant-profile/22563,2026-09-26,quellen/raw_programs_C.csv
P-C106,Automotive,"Nextbase (DE, Dashcams)",https://ui.awin.com/merchant-profile/105597,Awin,DE,6% Standard (Erhöhungen möglich),VERIFIED,30 Tage,VERIFIED,UNKNOWN,UNKNOWN,UNKNOWN,UNKNOWN,UNKNOWN,DE,Validierung 30 Tage; kein Brand-PPC,https://ui.awin.com/merchant-profile/105597,2026-09-26,quellen/raw_programs_C.csv
P-C107,Automotive,Autodoc (DE),https://ui.awin.com/merchant-profile/10444,Awin,DE (+ viele EU-Länderprogramme),"8% (4% für wiederkehrende Kunden mit >3 Käufen, letzter <6 Monate)",VERIFIED,"Profil-Header 30 Tage; Programmtext ""Cookies 45 Tage""",VERIFIED,"UNKNOWN (Konversion >5,5% lt. Händler)","UNKNOWN (bevorzugt Preisvergleich, Gutschein, Cashback, Display, E-Mail)",UNKNOWN,UNKNOWN,UNKNOWN,EU-weit,Bestätigung in 14–30 Tagen; Cookie: widersprüchlich,https://ui.awin.com/merchant-profile/10444,2026-09-26,quellen/raw_programs_C.csv
P-C108,Automotive,Autodoc (UK),https://ui.awin.com/merchant-profile/12639,Awin,UK,8% (4% Bestandskunden mit ≥1 Bestellung in 12 Monaten),VERIFIED,Profil-Header 30 Tage; Text 45 Tage,VERIFIED,"UNKNOWN (Konversion >5,5%)",UNKNOWN,UNKNOWN,UNKNOWN,UNKNOWN,UK,Bestätigung 14–30 Tage; Cookie: widersprüchlich,https://ui.awin.com/merchant-profile/12639,2026-09-26,quellen/raw_programs_C.csv
P-C109,Automotive,kfzteile24 (DE),https://ui.awin.com/merchant-profile/13928,Awin + Impact,DE,Neukunden 6–8% (Staffel); Bestandskunden 4–6%,VERIFIED,30 Tage,VERIFIED,"""hoher durchschn. Warenkorbwert"" (keine Zahl)",UNKNOWN,UNKNOWN,UNKNOWN,UNKNOWN,DE,"Zielgruppe zu 90% männlich, 20–55 J.; keine neuen Gutscheinpartner; saisonabhängige Aktionen",https://ui.awin.com/merchant-profile/13928 ; https://www.kfzteile24.de/partnerprogramm,2026-09-26,quellen/raw_programs_C.csv
P-C110,Automotive,Motointegrator (DE/AT),https://ui.awin.com/merchant-profile/13940,Awin,DE/AT,2–7%; Preisvergleiche/Gutscheinpartner 2–4%,VERIFIED,30 Tage,VERIFIED,160 EUR (vom Händler genannt),UNKNOWN,UNKNOWN,UNKNOWN,UNKNOWN,DE/AT,Nicht freigegebene Gutscheine → Sale abgelehnt,https://ui.awin.com/merchant-profile/13940,2026-09-26,quellen/raw_programs_C.csv
P-C111,Automotive,Euro Car Parts (UK),https://ui.awin.com/merchant-profile/3997,Awin,UK,"3% Home-Delivery-Bestellungen; 0,20 GBP pro Click & Collect",VERIFIED,30 Tage,VERIFIED,UNKNOWN,UNKNOWN,UNKNOWN,UNKNOWN,UNKNOWN,UK,Exklusive Codes verfügbar,https://ui.awin.com/merchant-profile/3997 ; https://www.eurocarparts.com/affiliate-program,2026-09-26,quellen/raw_programs_C.csv
P-C112,Automotive,"Tirendo (DE, Reifen)",https://ui.awin.com/merchant-profile/13763,Awin,DE,3% pro Sale,VERIFIED,30 Tage,VERIFIED,UNKNOWN,UNKNOWN,UNKNOWN,UNKNOWN,UNKNOWN,DE (Montagepartner-Netz),"Telefonbestellungen nicht vergütet; ""spezielle saisonale Aktionen"" (Sommer-/Winterreifen)",https://ui.awin.com/merchant-profile/13763,2026-09-26,quellen/raw_programs_C.csv
P-C113,Automotive,"Tirendo (UK, Reifen)",https://ui.awin.com/merchant-profile/15112,Awin,UK,Standard 3%; Content 4%; Reward 4%; Preisvergleich 3%; Voucher 2%,VERIFIED,30 Tage,VERIFIED,UNKNOWN,UNKNOWN,UNKNOWN,UNKNOWN,UNKNOWN,UK,Saisonale Aktionen; Telefonbestellungen nicht vergütet,https://ui.awin.com/merchant-profile/15112,2026-09-26,quellen/raw_programs_C.csv
P-C114,Automotive,"Black Circles (UK, Reifen)",https://ui.awin.com/merchant-profile/99505,Awin,UK,"UNKNOWN (""competitive commission rates"")",UNKNOWN,30 Tage,VERIFIED,200–250 GBP (vom Händler genannt),"Ja – ""Social media influencers"" ausdrücklich gesucht",Ja (Influencer ausdrücklich),UNKNOWN,UNKNOWN,UK,14-tägige Rückgabefrist → schnelle Validierung,https://ui.awin.com/merchant-profile/99505,2026-09-26,quellen/raw_programs_C.csv
P-C115,Automotive,Speed-Reifen (DE),https://www.adcell.de/partnerprogramme/speed-reifen,Adcell (ID 11467),DE,10% Sale,VERIFIED,30 Tage (+ Postview),VERIFIED,"116,06 EUR (Ø Warenkorb bei Adcell)",UNKNOWN (incentivierter Traffic erlaubt),UNKNOWN,Ja (Direct Linking erlaubt),UNKNOWN,DE,Stornoquote 9%; Ø Freigabe 56 Tage,https://www.adcell.de/partnerprogramme/speed-reifen,2026-09-26,quellen/raw_programs_C.csv
P-C116,Automotive,Autoteile-Preiswert (DE),https://www.adcell.de/partnerprogramme/autoteile-preiswert,Adcell (ID 3399),DE,5–9% Sale,VERIFIED,60 Tage,VERIFIED,"84,52 EUR (Ø Warenkorb bei Adcell)",UNKNOWN,UNKNOWN,UNKNOWN,UNKNOWN,DE,Stornoquote 0%; Freigabe 56 Tage,https://www.adcell.de/partnerprogramme/autoteile-preiswert,2026-09-26,quellen/raw_programs_C.csv
P-C117,Haustiere,Chewy (US),https://app.impact.com/advertiser-advertiser-info/Chewy.brand,Impact (Programm seit 03/2025),USA,1% Online Sale (15 Tage); weitere Kampagne 4%; Rescue-Referral 20 USD je Neukunde (nur Tierheime),VERIFIED,15 Tage,VERIFIED,UNKNOWN,UNKNOWN,UNKNOWN,UNKNOWN,UNKNOWN,US,"Ja, Chewy hat (wieder) ein öffentliches Programm; Autoship-Folgebestellungen: keine Recurring-Provision belegt; 4%-Kampagne Zweck nicht öffentlich",https://app.impact.com/advertiser-advertiser-info/Chewy.brand,2026-09-26,quellen/raw_programs_C.csv
P-C118,Haustiere,Petco (US),https://app.impact.com/advertiser-advertiser-info/Petco.brand,Impact,USA,"2% Online Sale; diverse Events (Vital Care, Grooming, Pals Rewards) mit 0 USD",VERIFIED,7 Tage,VERIFIED,UNKNOWN,UNKNOWN,UNKNOWN,UNKNOWN,UNKNOWN,US,Zusätzlich Pet-Insurance-Quote-Kampagne,https://app.impact.com/advertiser-advertiser-info/Petco.brand,2026-09-26,quellen/raw_programs_C.csv
P-C119,Haustiere,PetSmart (US),https://app.impact.com/advertiser-advertiser-info/PetSmart.brand,Impact,USA,2% Online Sale / Services Booking (15 Tage); Creator-Kampagne 5% (30 Tage),VERIFIED,15 Tage (Standard) / 30 Tage (Creator),VERIFIED,UNKNOWN,Ja – separate Creator-Kampagne,Ja (Creator-Kampagne),UNKNOWN,UNKNOWN,US,"Creator-Rate 2,5x Standard",https://app.impact.com/advertiser-advertiser-info/PetSmart.brand,2026-09-26,quellen/raw_programs_C.csv
P-C120,Haustiere,"The Farmer's Dog (US, Frischfutter-Abo)",https://app.impact.com/advertiser-advertiser-info/The-Farmers-Dog.brand,Impact,USA,50 USD fix pro Neukunden-Sale (CPA),VERIFIED,30 Tage (neue Kampagne 06/2026; ältere Kampagne 1 Tag),VERIFIED,UNKNOWN,UNKNOWN (Bewerbung + E-Mail mit Traffic-Plan nötig); Community-Expert-Programm,UNKNOWN,UNKNOWN,UNKNOWN,US,Hoher Fix-CPA für Abo-Neukunden; keine Recurring-Provision; Auszahlung 2 Monate nach Monatsende,https://app.impact.com/advertiser-advertiser-info/The-Farmers-Dog.brand,2026-09-26,quellen/raw_programs_C.csv
P-C121,Haustiere,"Ollie (US, Frischfutter-Abo)",https://app.impact.com/campaign-promo-signup/Ollie-Pets.brand,Impact,USA,UNKNOWN (nicht öffentlich),UNKNOWN,UNKNOWN,UNKNOWN,UNKNOWN,UNKNOWN,UNKNOWN,"Ja (Banner, Affiliate-Links)",UNKNOWN,US,Programm über ollie.com/affiliate verlinkt,https://www.ollie.com/affiliate/ ; https://app.impact.com/campaign-promo-signup/Ollie-Pets.brand,2026-09-26,quellen/raw_programs_C.csv
P-C122,Haustiere,Whisker / Litter-Robot (US),https://app.impact.com/advertiser-advertiser-info/Litter-Robot.brand,Impact,USA,8% Online Sale,VERIFIED,90 Tage (Litter-Robot-Kampagne); weitere Kampagnen 30 bzw. 14 Tage,VERIFIED,UNKNOWN,UNKNOWN,UNKNOWN,UNKNOWN,UNKNOWN,US,"Separates ""Whisker Amazon""-Programm (8%)",https://app.impact.com/advertiser-advertiser-info/Litter-Robot.brand,2026-09-26,quellen/raw_programs_C.csv
P-C123,Haustiere,"PETLIBRO (US, Futterautomaten)",https://app.impact.com/advertiser-advertiser-info/Petlibro.brand,Impact,USA,5–8% (Standard 8%); Creator-Kampagne 15%,VERIFIED,30 Tage,VERIFIED,"UNKNOWN (Feeder ca. 140–400 USD, Stichprobe 26.09.2026)",Ja – Creator-Kampagne mit 15%,Ja (Creator-Kampagne),UNKNOWN,UNKNOWN,US,—,https://app.impact.com/advertiser-advertiser-info/Petlibro.brand,2026-09-26,quellen/raw_programs_C.csv
P-C124,Haustiere,"Petcube (US, Kameras + Vet-Abo)",https://ui.awin.com/merchant-profile/33889,Awin,USA,10% Standard; 20 USD pro zahlendem Abonnenten für Influencer/Content-Creator,VERIFIED,60 Tage,VERIFIED,UNKNOWN,Ja – Sonderrate für Influencer/Content Creator,Ja (Influencer-Rate),UNKNOWN,UNKNOWN,US,Rate je Promo-Kanal verhandelbar,https://ui.awin.com/merchant-profile/33889,2026-09-26,quellen/raw_programs_C.csv
P-C125,Haustiere,"Wild One (US, Hundezubehör)",https://ui.awin.com/merchant-profile/83977,Awin + Social-Snowball-Ambassadorprogramm,USA,Ambassador: 10% pro Sale über Link/Code (Follower erhalten 15%); Awin-Rate nicht öffentlich,VERIFIED,30 Tage (Awin),VERIFIED,UNKNOWN,"Ja – Influencer-Ambassador-Programm, keine Posting-Pflicht",Ja,UNKNOWN,UNKNOWN,US,"Wöchentliche Auszahlungsprüfung via Tremendous; Selbstkäufe nicht provisioniert; Provision-Label gilt für Ambassador-Programm, Awin-Rate UNKNOWN",https://ui.awin.com/merchant-profile/83977 ; https://wildone.com/pages/become-an-influencer-ambassador,2026-09-26,quellen/raw_programs_C.csv
P-C126,Haustiere,"Tuft + Paw (US, Katzenmöbel)",https://www.tuftandpaw.com/pages/affiliates,ShareASale (seit 2025 in Awin überführt),USA,12% auf alle Sales,VERIFIED,60 Tage,VERIFIED,"UNKNOWN (Kratzbäume ca. 200–300 USD, Median Sortiment 50,50 USD, Stichprobe 26.09.2026)",UNKNOWN,UNKNOWN,UNKNOWN,UNKNOWN,US (+ CA-Shop),—,https://www.tuftandpaw.com/pages/affiliates,2026-09-26,quellen/raw_programs_C.csv
P-C127,Haustiere,zooplus (DE),https://ui.awin.com/merchant-profile/11330,Awin,DE,3% für die ersten 3 Bestellungen eines Kunden; 1% ab der 4. Bestellung,VERIFIED,30 Tage,VERIFIED,65 EUR (vom Händler genannt); Konversionsrate >15%,UNKNOWN,UNKNOWN,Ja – CSV-Produktdaten mit Deeplinks,Ja (Feed auf Anfrage),DE (+ 21 Märkte),"zooplus.de-Seite nennt ""bis zu 3%""; Prüfung alle 21 Tage; Stornorate ca. 2%",https://ui.awin.com/merchant-profile/11330 ; https://www.zooplus.de/info/about/partnerprogramm,2026-09-26,quellen/raw_programs_C.csv
P-C128,Haustiere,zooplus (UK),https://ui.awin.com/merchant-profile/2940,Awin,UK,7% für die ersten 3 Bestellungen; 1% ab der 4.,VERIFIED,30 Tage,VERIFIED,46 GBP (vom Händler genannt); Konversionsrate >22%,"Ja – Influencer, Content Creator, Pet Community ausdrücklich zugelassen",Ja (Influencer zugelassen),Ja (Deeplinks im Feed),Ja (Feed auf Anfrage),UK,Freigabe alle 21 Tage,https://ui.awin.com/merchant-profile/2940,2026-09-26,quellen/raw_programs_C.csv
P-C129,Haustiere,Fressnapf (DE),https://ui.awin.com/merchant-profile/14757,Awin,DE,Neukunde 8% (mit Gutschein 4%); Bestandskunde 4% (mit Gutschein 2%),VERIFIED,60 Tage,VERIFIED,UNKNOWN,UNKNOWN,UNKNOWN,UNKNOWN,UNKNOWN,DE (+ AT-Programm),Kein Brand-Keyword-Bidding; Mindestbestellwert 19 EUR,https://ui.awin.com/merchant-profile/14757,2026-09-26,quellen/raw_programs_C.csv
P-C130,Haustiere,ZooRoyal (DE/AT),https://www.zooroyal.de/partner-programm/,Awin (AT-Profil 14268; Agentur Hearts & Science),DE/AT,"DE-Seite: 3–12%; AT-Profil: Content 11% Neukunden / 5% Bestandskunden; Loyalty 8%/3%; Shopping-Portale 2,5%",VERIFIED,60 Tage,VERIFIED,>50 EUR (AT-Profil),UNKNOWN,UNKNOWN,Ja – tagesaktuelle Produktdaten mit Deeplinks,Ja (CSV-Feed),"DE, AT",Brand-Bidding und Browser-Extensions ausgeschlossen; Stornoquote <2%,https://www.zooroyal.de/partner-programm/ ; https://ui.awin.com/merchant-profile/14268,2026-09-26,quellen/raw_programs_C.csv
P-C131,Haustiere,"Medpets (DE, Tierapotheke)",https://ui.awin.com/merchant-profile/14419,Awin,DE/AT,bis 8%,VERIFIED,30 Tage,VERIFIED,45 EUR (vom Händler genannt),UNKNOWN,UNKNOWN,UNKNOWN,UNKNOWN,"DE, AT",—,https://ui.awin.com/merchant-profile/14419,2026-09-26,quellen/raw_programs_C.csv
P-C132,Haustiere,"tails.com (UK, Hundefutter-Abo)",https://ui.awin.com/merchant-profile/6074,Awin (Agentur Gen3),UK,3 GBP pro Neukunden-Sign-up (nach bezahlter Vollpreis-Bestellung),VERIFIED,30 Tage,VERIFIED,UNKNOWN,UNKNOWN,UNKNOWN,UNKNOWN,UNKNOWN,Nur UK-Sign-ups,Nur autorisierte Codes; kein Brand-PPC; sehr niedriger CPA,https://ui.awin.com/merchant-profile/6074,2026-09-26,quellen/raw_programs_C.csv
P-C133,Haustiere,"Butternut Box (UK, Frischfutter-Abo)",https://join.butternutbox.com/affiliateinfluencers/,Eigenes Ambassador-/Affiliate-Programm (Code-basiert),UK,40 GBP pro Neukunde (Referral via Rabattcode),VERIFIED,UNKNOWN (Code-basiert),UNKNOWN,UNKNOWN,"Ja – Micro-Influencer/Dogfluencer auf Instagram, TikTok, YouTube ausdrücklich",Ja (ausdrücklich),Nein (Code-basiert),UNKNOWN,UK,Kunde erhält 50% auf die ersten zwei Boxen; Auszahlung monatlich; Posting-Empfehlung alle 5–7 Tage,https://join.butternutbox.com/affiliateinfluencers/,2026-09-26,quellen/raw_programs_C.csv
P-C134,Haustiere,Butternut Box (DE),https://www.adcell.de/partnerprogramme/butternut-box,"Adcell (ID 18853, Agentur MRBHPS)",DE,10 EUR Standard pro Box-Bestellung; max. 15 EUR,VERIFIED,"7 Tage (+ Fingerprint, 1st-Party)",VERIFIED,"50,00 EUR (Ø Warenkorb bei Adcell)","UNKNOWN (Cashback, Gutscheine, incentivierter Traffic erlaubt)",UNKNOWN,Ja (1 DeepLink-Werbemittel),UNKNOWN,DE,SEM/PLA nicht erlaubt; Ø Freigabe 21 Tage (max. 42),https://www.adcell.de/partnerprogramme/butternut-box,2026-09-26,quellen/raw_programs_C.csv
P-C135,Haustiere,"wildfang.pet (DE, Hundezubehör/Futter)",https://www.adcell.de/partnerprogramme/wildfang.pet,Adcell (ID 9060),DE,10–13% (FAQ: 8–15%),VERIFIED,60 Tage (+ Postview),VERIFIED,"44,71 EUR (Ø Warenkorb bei Adcell)",UNKNOWN,UNKNOWN,Ja (Direct Linking erlaubt),UNKNOWN,DE,Stornoquote 13%; SEM nicht erlaubt,https://www.adcell.de/partnerprogramme/wildfang.pet,2026-09-26,quellen/raw_programs_C.csv
P-C136,Haustiere,"LuckyPets (DE, Ergänzungsfutter)",https://www.adcell.de/partnerprogramme/luckypets,Adcell (ID 18924),DE,Neukunde 20%; Bestandskunde 7%,VERIFIED,30 Tage (+ Postview),VERIFIED,"37,75 EUR (Ø Warenkorb bei Adcell)",UNKNOWN,UNKNOWN,Ja (Direct Linking erlaubt),UNKNOWN,DE,Google-SEM ausgeschlossen; Freigabe bis 84 Tage,https://www.adcell.de/partnerprogramme/luckypets,2026-09-26,quellen/raw_programs_C.csv
P-C137,Baby,"Babylist (US, Registry + Store)",https://app.impact.com/advertiser-advertiser-info/Babylist.brand,Impact,USA,Online Sale 1–20% (Standardkampagne 1%); Registry-Sign-up 5 USD (Lead),VERIFIED,14 Tage,VERIFIED,UNKNOWN,UNKNOWN,UNKNOWN,UNKNOWN,UNKNOWN,US,Lead-Vergütung für Registry-Anmeldungen – passt zu Awareness-Content,https://app.impact.com/advertiser-campaign-info/Babylist.brand,2026-09-26,quellen/raw_programs_C.csv
P-C138,Baby,"Target (US, inkl. Baby Registry)",https://app.impact.com/advertiser-advertiser-info/Target.brand,Impact,USA,Sale 1–5% (Standardkampagne 3%); Baby-Registry-Event 0 USD,VERIFIED,7 Tage,VERIFIED,UNKNOWN,UNKNOWN,UNKNOWN,UNKNOWN,UNKNOWN,US,Kategorieabhängige Raten; nur kurz geprüft,https://app.impact.com/advertiser-advertiser-info/Target.brand,2026-09-26,quellen/raw_programs_C.csv
P-C139,Baby,CYBEX (US),https://app.impact.com/advertiser-advertiser-info/Cybex.brand,Impact (Columbus Trading-Partners USA),USA,6% Online Sale,VERIFIED,30 Tage,VERIFIED,UNKNOWN,UNKNOWN,UNKNOWN,UNKNOWN,UNKNOWN,US,Kinderwagen/Autositze,https://app.impact.com/advertiser-campaign-info/Cybex.brand,2026-09-26,quellen/raw_programs_C.csv
P-C140,Baby,CYBEX (DE),https://ui.awin.com/merchant-profile/103281,Awin,DE,bis 6% auf Nettoumsatz,VERIFIED,30 Tage,VERIFIED,350 EUR (vom Brand genannt),UNKNOWN,UNKNOWN,UNKNOWN,UNKNOWN,DE,"Keine Rabattcode- und Cashback-Seiten (Bestellungen werden abgelehnt); kein Brand-Bidding, kein Direct Linking via PPC",https://ui.awin.com/merchant-profile/103281,2026-09-26,quellen/raw_programs_C.csv
P-C141,Baby,CYBEX (UK),https://ui.awin.com/merchant-profile/103291,Awin,UK,bis 5% auf Nettoumsatz,VERIFIED,30 Tage,VERIFIED,350 GBP (vom Brand genannt),UNKNOWN,UNKNOWN,UNKNOWN,UNKNOWN,UK,Kein Brand-Bidding; niedrige Retourenquote lt. Brand,https://ui.awin.com/merchant-profile/103291,2026-09-26,quellen/raw_programs_C.csv
P-C142,Baby,Lovevery (UK),https://app.impact.com/advertiser-advertiser-info/Lovevery.brand,Impact,UK,10% Online Sale,VERIFIED,30 Tage,VERIFIED,UNKNOWN,Ja – US-Creator-Programm über GRIN (lovevery.grin.live),Ja (Creator-Programm),UNKNOWN,UNKNOWN,UK (US-Programm separat),Spielzeug-Abo (Play Kits) – keine Recurring-Provision belegt,https://app.impact.com/advertiser-campaign-info/Lovevery.brand ; https://lovevery.com/pages/affiliate-partnerships,2026-09-26,quellen/raw_programs_C.csv
P-C143,Baby,Happiest Baby / SNOO,https://app.impact.com/advertiser-advertiser-info/Happiest-Baby.brand,Impact,"USA, UK, EU, AU",4% Online Sale (je Region); SNOO-Miete: 25 USD pro verschickter Mietbestellung,VERIFIED,7 Tage,VERIFIED,UNKNOWN,UNKNOWN,UNKNOWN,UNKNOWN,UNKNOWN,US/UK/EU/AU,Kurzes Cookie; Miet-Modell als Lead,https://app.impact.com/advertiser-advertiser-info/Happiest-Baby.brand,2026-09-26,quellen/raw_programs_C.csv
P-C144,Baby,"Hatch (US, Schlaf/Rest)",https://app.impact.com/advertiser-advertiser-info/Hatch.brand,Impact,USA,4% Online Sale,VERIFIED,30 Tage,VERIFIED,UNKNOWN,UNKNOWN,UNKNOWN,UNKNOWN,UNKNOWN,US,—,https://app.impact.com/advertiser-campaign-info/Hatch.brand,2026-09-26,quellen/raw_programs_C.csv
P-C145,Baby,Elvie (Milchpumpen/Postpartum),https://app.impact.com/advertiser-advertiser-info/Elvie.brand,Impact,USA/UK,4% Standard; 8% Creator-Kampagne,VERIFIED,30 Tage,VERIFIED,UNKNOWN,Ja – Creator-Kampagne,Ja (Creator-Kampagne),UNKNOWN,UNKNOWN,US/UK,Kampagnen 05–06/2026 neu,https://app.impact.com/advertiser-advertiser-info/Elvie.brand,2026-09-26,quellen/raw_programs_C.csv
P-C146,Baby,Momcozy (US),https://app.impact.com/advertiser-advertiser-info/Momcozy.brand,Impact,USA (CA/AU je 3%),"10% Online Sale (US, inkl. Babycozy); CA/AU 3%",VERIFIED,30 Tage,VERIFIED,"UNKNOWN (Milchpumpen 225–370 USD, Stichprobe 26.09.2026)",UNKNOWN,UNKNOWN,UNKNOWN,UNKNOWN,"US, CA, AU",—,https://app.impact.com/advertiser-advertiser-info/Momcozy.brand,2026-09-26,quellen/raw_programs_C.csv
P-C147,Baby,"Nanit (US, Babyphone)",https://www.nanit.com/pages/press-and-partnerships,CJ,USA,"UNKNOWN (""competitive commission rates"")",UNKNOWN,UNKNOWN,UNKNOWN,"UNKNOWN (Monitore 249–869 USD, Stichprobe 26.09.2026)",UNKNOWN,UNKNOWN,UNKNOWN,UNKNOWN,US,Exklusive Incentives/Coupon-Codes für Affiliates lt. Brand,https://www.nanit.com/pages/press-and-partnerships,2026-09-26,quellen/raw_programs_C.csv
P-C148,Baby,"Owlet (US, Smart Sock)",https://ui.awin.com/merchant-profile/94823,Awin,USA,UNKNOWN (nicht öffentlich),UNKNOWN,45 Tage,VERIFIED,UNKNOWN,UNKNOWN,UNKNOWN,UNKNOWN,UNKNOWN,US (Owlet Australia separates Awin-Programm 33299),—,https://ui.awin.com/merchant-profile/94823,2026-09-26,quellen/raw_programs_C.csv
P-C149,Baby,Mamas & Papas (UK),https://ui.awin.com/merchant-profile/6526,Awin,UK (+ Irland-Programm 120423),bis 5% auf bestätigte Sales; höhere Raten für Key-Partner,VERIFIED,30 Tage,VERIFIED,"UNKNOWN (""high AOV"" ohne Zahl)","Ja – ""Social"" als Partnertyp auf Brand-Seite genannt; Links ""to your site or social channels""",Ja (Social Channels genannt),UNKNOWN,Ja – mehrere Feed-Lösungen,"UK, IE",Keine exklusiven Gutscheincodes; Cashback + Code = abgelehnt; kein Brand-Bidding,https://ui.awin.com/merchant-profile/6526 ; https://www.mamasandpapas.com/pages/affiliate-programme,2026-09-26,quellen/raw_programs_C.csv
P-C150,Baby,"Silver Cross (UK, Kinderwagen)",https://ui.awin.com/merchant-profile/117735,Awin,UK,3% Standard,VERIFIED,30 Tage,VERIFIED,360+ GBP (vom Brand genannt),UNKNOWN,UNKNOWN,UNKNOWN,Ja – aktueller Produktfeed,UK,"Validierung bis 120 Tage (Retouren, Vorbestellungen); Sale abgelehnt, wenn Last Click nicht Awin; kein PPC",https://ui.awin.com/merchant-profile/117735,2026-09-26,quellen/raw_programs_C.csv
P-C151,Baby,babymarkt (DE),https://ui.awin.com/merchant-profile/14824,Awin,DE,5% ohne Gutschein; 3% mit Gutschein,VERIFIED,30 Tage,VERIFIED,UNKNOWN,UNKNOWN,UNKNOWN,UNKNOWN,Ja – ca. 20.000 Produkte,DE,Cookie-Priorität auf Session-Öffnung,https://ui.awin.com/merchant-profile/14824,2026-09-26,quellen/raw_programs_C.csv
P-C152,Baby,baby-walz (DE),https://ui.awin.com/merchant-profile/12387,Awin,DE,6% ohne Gutschein; 4% mit Gutschein bzw. für Schnäppchen-/Cashback-/Bonusseiten,VERIFIED,10 Tage,VERIFIED,"UNKNOWN (""stabile Warenkorbwerte"")",UNKNOWN,UNKNOWN,UNKNOWN,Ja – CSV-Feed ca. 50.000 Produkte,DE,Keine Gutscheinseiten; Bestätigungsrate ca. 90%; kurzes 10-Tage-Cookie,https://ui.awin.com/merchant-profile/12387,2026-09-26,quellen/raw_programs_C.csv
P-C153,Baby,babyandfamily (DE),https://www.adcell.de/partnerprogramme/babyandfamily,Adcell (ID 11326),DE (+25 Vertriebsgebiete),3–7% Sale,VERIFIED,30 Tage (+ Postview),VERIFIED,"180,47 EUR (Ø Warenkorb bei Adcell)",UNKNOWN,UNKNOWN,Ja (Direct Linking erlaubt),UNKNOWN,DE + EU,Kein Brand-Bidding; Ø Freigabe 56 Tage,https://www.adcell.de/partnerprogramme/babyandfamily,2026-09-26,quellen/raw_programs_C.csv
P-C154,Baby,"Babybrands (DE, Kinderwagen/Kindersitze)",https://www.adcell.de/partnerprogramme/babybrands,Adcell (ID 12145),DE (+8 Gebiete),2–7% Sale,VERIFIED,30 Tage (+ Postview),VERIFIED,"223,57 EUR (Ø Warenkorb bei Adcell)",UNKNOWN,UNKNOWN,Ja (Direct Linking erlaubt),UNKNOWN,DE + EU,Freigabe 98 Tage (sehr lang); Cashback/Gutschein nur Closed Group,https://www.adcell.de/partnerprogramme/babybrands,2026-09-26,quellen/raw_programs_C.csv
P-C155,Baby,"Pinolino (DE, Kindermöbel)",https://ui.awin.com/merchant-profile/129719,Awin,DE,5% Basis (individuell verhandelbar),VERIFIED,30 Tage,VERIFIED,ca. 180 EUR (vom Händler genannt); Sets bis >2.000 EUR,UNKNOWN,UNKNOWN,UNKNOWN,UNKNOWN,DE,30 Tage Widerrufsfrist,https://ui.awin.com/merchant-profile/129719,2026-09-26,quellen/raw_programs_C.csv
P-C156,Baby,"Joolz (DE, Kinderwagen)",https://ui.awin.com/merchant-profile/43419,Awin,DE,UNKNOWN (nicht öffentlich),UNKNOWN,30 Tage,VERIFIED,UNKNOWN,UNKNOWN,UNKNOWN,UNKNOWN,UNKNOWN,DE,—,https://ui.awin.com/merchant-profile/43419,2026-09-26,quellen/raw_programs_C.csv
P-C157,Baby,tonies (US),https://us.tonies.com/pages/affiliate-program,UNKNOWN (eigene Join/Login-Seite),USA,UNKNOWN,UNKNOWN,UNKNOWN,UNKNOWN,"UNKNOWN (Toniebox 2 Starter Set 149,99 USD, Stichprobe 26.09.2026)",UNKNOWN,UNKNOWN,UNKNOWN,UNKNOWN,US,Nur Existenz des Programms belegt,https://us.tonies.com/pages/affiliate-program,2026-09-26,quellen/raw_programs_C.csv
P-D001,Travel Gear,Away (Koffer),https://www.flexoffers.com/affiliate-programs/away-affiliate-program/,Ascend/Pepperjam; FlexOffers (Sub-Netzwerk),US,"3 % (Ascend-Listing); 2,4 % via FlexOffers",THIRD-PARTY ESTIMATE,30 Tage,THIRD-PARTY ESTIMATE,UNKNOWN,UNKNOWN,UNKNOWN,UNKNOWN,UNKNOWN,UNKNOWN,Keine offizielle Affiliate-Seite gefunden; für Premium-Koffer niedrige Rate. Netzwerkdaten via Verzeichnis affiliate-marketing.de (Stand 26.09.2026),https://www.affiliate-marketing.de/partnerprogramme/awaytravel.com ; https://www.flexoffers.com/affiliate-programs/away-affiliate-program/,2026-09-26,quellen/raw_programs_D.csv
P-D002,Travel Gear,Monos,https://ui.awin.com/merchant-profile/92089,Awin (ehem. ShareASale),US (Publisher global zugelassen),5 %,THIRD-PARTY ESTIMATE,30 Tage,VERIFIED,UNKNOWN,"UNKNOWN (gesucht: Press, Review-Sites)",UNKNOWN,UNKNOWN,UNKNOWN,UNKNOWN,Awin-Profil: 'No spam or coupon sites permitted'; Fokus Presse/Review-Seiten. Provision aus Netzwerkdaten via Verzeichnis affiliate-marketing.de (Stand 26.09.2026),https://ui.awin.com/merchant-profile/92089 ; https://www.affiliate-marketing.de/partnerprogramme/monos.com,2026-09-26,quellen/raw_programs_D.csv
P-D003,Travel Gear,Rimowa (LVMH),https://www.flexoffers.com/affiliate-programs/rimowa-us-affiliate-program/,FlexOffers-Listings (US/EU); Primärnetzwerk unklar,"US, EU",5 % (einzelne Quelle 8 %),THIRD-PARTY ESTIMATE,30 Tage (andere Quelle 45 Tage),THIRD-PARTY ESTIMATE,Bestellungen 'oft > 500 USD' (Third-party-Schätzung),UNKNOWN,UNKNOWN,UNKNOWN,UNKNOWN,UNKNOWN,"Luxus-Koffer mit hohem Produktpreis, aber kein offizielles Programmdokument gefunden; Konditionen widersprüchlich.",https://getlasso.co/affiliate/rimowa/ (via Websuche) ; https://www.flexoffers.com/affiliate-programs/rimowa-us-affiliate-program/,2026-09-26,quellen/raw_programs_D.csv
P-D004,Travel Gear,Samsonite (US),https://www.flexoffers.com/affiliate-programs/samsonite-affiliate-program/,Impact (US); div. Sub-Netzwerke,US,"4,75 % (FlexOffers); 3,75-3,8 % (andere Sub-Netzwerke)",THIRD-PARTY ESTIMATE,14-30 Tage (je Netzwerk),THIRD-PARTY ESTIMATE,UNKNOWN,UNKNOWN,UNKNOWN,UNKNOWN,UNKNOWN,UNKNOWN,Für samsonite.de kein DACH-Programm im Verzeichnis gefunden (nur US-Impact). Netzwerkdaten via Verzeichnis affiliate-marketing.de (Stand 26.09.2026),https://www.affiliate-marketing.de/partnerprogramme/samsonite.com ; https://www.affiliate-marketing.de/partnerprogramme/samsonite.de,2026-09-26,quellen/raw_programs_D.csv
P-D005,Travel Gear,Horizn Studios (DE),https://www.webgains.de/front/publisher/program/view/programID/11093,Webgains (DE) + CJ (lt. Brand),DE (Shops EU/UK/US),8 % (Webgains-Profil; Beschreibung nennt 10 %),VERIFIED,bis 90 Tage (Webgains) / 30 Tage (Brand-Seite),VERIFIED,'Excellent AOV' (keine Zahl),ja (Influencer IG/YT/TikTok/FB zugelassen),ja,ja,"ja (täglicher Datafeed, 577 Artikel)",ja (EU/UK/US-Shops),"ACHTUNG: Webgains-DE-Programm - Schließung angekündigt, keine Neuanmeldung, letzte Zahlung 16.09.2026. SEM eingeschränkt, kein Brand-Bidding.",https://www.webgains.de/front/publisher/program/view/programID/11093 ; https://horizn-studios.com/pages/affiliate,2026-09-26,quellen/raw_programs_D.csv
P-D006,Travel Gear,BÉIS (Béis Travel),https://ui.awin.com/merchant-profile/115877,Awin,US (+UK),3 % (Third-party); im Awin-Profil nicht genannt,THIRD-PARTY ESTIMATE,30 Tage,VERIFIED,"~233 USD (Third-party, hienergy)","ja - Social-Influencer, Vlogger, Creator ausdrücklich gesucht",ja,UNKNOWN,UNKNOWN,UNKNOWN,"45 Tage Rückgabe, 60 Tage Validierung; Provision auf Neu- UND Bestandskunden.",https://ui.awin.com/merchant-profile/115877,2026-09-26,quellen/raw_programs_D.csv
P-D007,Travel Gear,CALPAK,https://www.calpaktravel.com/pages/affiliate-program,"Impact; zusätzlich Skimlinks, LTK/rewardStyle, MagicLinks",US,8 %,THIRD-PARTY ESTIMATE,30 Tage,VERIFIED,UNKNOWN,ja (Creator via LTK/MagicLinks),ja (über LTK),UNKNOWN,UNKNOWN,US-Fokus,Nur Partner mit überwiegend US-Publikum ('focusing on partners who have audiences based in the U.S.').,https://www.calpaktravel.com/pages/affiliate-program,2026-09-26,quellen/raw_programs_D.csv
P-D008,Travel Gear,Bellroy,https://bellroy.com/affiliate-program,Rakuten (US) + Skimlinks,US (global Shop),7 %,VERIFIED,30 Tage,THIRD-PARTY ESTIMATE,180 USD (Brand-Seite); Retourenquote ~6 %,UNKNOWN,UNKNOWN,UNKNOWN,UNKNOWN,ja (global),Kein Bidding auf Brand-Keyword 'Bellroy'.,https://bellroy.com/affiliate-program,2026-09-26,quellen/raw_programs_D.csv
P-D009,Travel Gear,Peak Design,https://peakdesign.zendesk.com/hc/en-us/articles/207943586-Affiliate-Program-Rules,UNKNOWN (Bewerbung über Brand-Seite),global,10 %,THIRD-PARTY ESTIMATE,30 Tage,THIRD-PARTY ESTIMATE,~150 USD (Third-party),UNKNOWN,UNKNOWN,UNKNOWN,UNKNOWN,ja (global),Offizielle Regeln-Seite blockiert (HTTP 403) - nicht direkt geprüft.,https://www.flexoffers.com/affiliate-programs/peak-design-affiliate-program/ ; https://affiliateprogramfinder.com/affiliate-programs/peak-design-affiliate-program/,2026-09-26,quellen/raw_programs_D.csv
P-D010,Travel Gear,Osprey (Rucksäcke),https://www.osprey.com/culture/affiliate,AvantLink,US,8 %,THIRD-PARTY ESTIMATE,30 Tage,THIRD-PARTY ESTIMATE,150+ USD (Third-party),UNKNOWN,UNKNOWN,UNKNOWN,AvantLink-Datafeed (Third-party),UNKNOWN,Offizielle Seite blockiert (HTTP 403).,https://getlasso.co/affiliate/osprey-packs/ (via Websuche),2026-09-26,quellen/raw_programs_D.csv
P-D011,Travel Gear,Db (Db Journey),https://ui.awin.com/merchant-profile/109840,"Awin (DE, UK, US, NO, SE); Webgains UK; Creator-Programm direkt","DE, UK, US, Nordics","Awin: 3 % (Verzeichnis); Creator-Programm: 10 % (Brand, via Suche)",THIRD-PARTY ESTIMATE,14 Tage Standard; 30 Tage für Creator,VERIFIED,180 EUR (Awin-Profil DE),"ja - Social-Influencer (Foto, Travel, Snow, Surf, Outdoor) ausdrücklich gesucht",ja,UNKNOWN,UNKNOWN,ja (EU/UK/US-Shops),"30 Tage Retoure, 90 Tage Validierungsfenster, 60 Tage Auto-Validierung; keine offenen Gutscheinseiten; Produktproben für Creator.",https://ui.awin.com/merchant-profile/109840 ; https://www.affiliate-marketing.de/partnerprogramme/dbjourney.com ; https://dbjourney.com/pages/creator,2026-09-26,quellen/raw_programs_D.csv
P-D012,Travel Gear,CabinZero,https://www.cabinzero.com/pages/affiliates,"Rakuten; zusätzlich Shopify Collabs, Heepsy-Creatorprogramm",global,8 %,THIRD-PARTY ESTIMATE,14 Tage,THIRD-PARTY ESTIMATE,UNKNOWN,ja (eigenes Influencer/Creator-Programm),UNKNOWN,UNKNOWN,UNKNOWN,ja (Multi-Währung),"Mehrere Partner-Tracks (Affiliate, Shopify Collabs, Ambassador).",https://www.cabinzero.com/pages/affiliates ; https://linkclicky.com/affiliate-program/cabin-zero/,2026-09-26,quellen/raw_programs_D.csv
P-D013,Travel Gear,TUMI (US),https://www.flexoffers.com/affiliate-programs/tumi-us-affiliate-program/,Sovrn/Skimlinks/FlexOffers-Listings; Primärnetzwerk unklar,US,"~6 % (Angaben schwanken 1-6,3 %)",THIRD-PARTY ESTIMATE,30 Tage,THIRD-PARTY ESTIMATE,UNKNOWN,UNKNOWN,UNKNOWN,UNKNOWN,UNKNOWN,UNKNOWN,"Premium-Koffer, aber Konditionen nicht primär belegbar.",https://www.cuelinks.com/campaigns/tumi-affiliate-program ; https://merchant.skimlinks.com/network/5092/Tumi-affiliate-program/offers,2026-09-26,quellen/raw_programs_D.csv
P-D014,Travel Gear,Travelpro,https://travelpro.com/pages/affiliate-program,CJ (lt. Verzeichnis; EU-Programm 10 %),US (EU separat),8 % auf alles; 9 % bei Sales > 500 USD; 10 % > 1.000 USD,VERIFIED,45 Tage,VERIFIED,165 USD (Brand; Bestellungen 19-479 USD),UNKNOWN,UNKNOWN,UNKNOWN,UNKNOWN,UNKNOWN,Gestaffelte Provision nach Umsatz.,https://travelpro.com/pages/affiliate-program ; https://www.affiliate-marketing.de/partnerprogramme/travelpro.com,2026-09-26,quellen/raw_programs_D.csv
P-D015,Travel Gear,Tortuga (Reiserucksäcke),https://www.tortugabackpacks.com/pages/affiliates,AvantLink,US,10 %,VERIFIED,30 Tage,VERIFIED,> 250 USD (Brand),UNKNOWN,UNKNOWN,UNKNOWN,AvantLink-Reporting,UNKNOWN,Keine Coupon-Seiten im Programm ('no coupon competition'); Content/Erfahrungsberichte bevorzugt.,https://www.tortugabackpacks.com/pages/affiliates,2026-09-26,quellen/raw_programs_D.csv
P-D016,Travel Gear,Eagle Creek,https://eaglecreek.com/pages/affiliate-program,AvantLink (Traditional + Influencer-Affiliate); separates Europe & UK Programm,US,"6,4 % (FlexOffers) / 4,8 % (SaleGains)",THIRD-PARTY ESTIMATE,UNKNOWN,UNKNOWN,UNKNOWN,ja (eigene 'Influencer Affiliate'-Bewerbung),ja (implizit),UNKNOWN,UNKNOWN,UNKNOWN,Europa/UK-Programm separat verlinkt.,https://eaglecreek.com/pages/affiliate-program ; https://www.affiliate-marketing.de/partnerprogramme/eaglecreek.com,2026-09-26,quellen/raw_programs_D.csv
P-D017,Travel Gear,NOMATIC,https://www.affiliate-marketing.de/partnerprogramme/nomatic.com,Awin,US,15 %,THIRD-PARTY ESTIMATE,UNKNOWN,UNKNOWN,UNKNOWN,UNKNOWN,UNKNOWN,UNKNOWN,UNKNOWN,UNKNOWN,Hohe Rate für Premium-Reisetaschen. Netzwerkdaten via Verzeichnis affiliate-marketing.de (Stand 26.09.2026),https://www.affiliate-marketing.de/partnerprogramme/nomatic.com,2026-09-26,quellen/raw_programs_D.csv
P-D018,Travel Gear,Eastpak,https://www.affiliate-marketing.de/partnerprogramme/eastpak.com,"Daisycon (EU) / Rakuten (DE, BE, FR, GB, IE)","DE, AT, EU, UK",6 % (Daisycon EU),THIRD-PARTY ESTIMATE,UNKNOWN,UNKNOWN,UNKNOWN,UNKNOWN,UNKNOWN,UNKNOWN,UNKNOWN,UNKNOWN,Netzwerkdaten via Verzeichnis affiliate-marketing.de (Stand 26.09.2026),https://www.affiliate-marketing.de/partnerprogramme/eastpak.com,2026-09-26,quellen/raw_programs_D.csv
P-D019,Travel Gear,Koffer.de,https://www.affiliate-marketing.de/partnerprogramme/koffer.de,"Awin (auch retailAds, MCANISM, ADCocktail)",DE,5 % (Awin/retailAds),THIRD-PARTY ESTIMATE,UNKNOWN,UNKNOWN,UNKNOWN,UNKNOWN,UNKNOWN,UNKNOWN,UNKNOWN,UNKNOWN,"Multi-Netzwerk-Händler (Samsonite, Rimowa u. a. im Sortiment). Netzwerkdaten via Verzeichnis affiliate-marketing.de (Stand 26.09.2026)",https://www.affiliate-marketing.de/partnerprogramme/koffer.de,2026-09-26,quellen/raw_programs_D.csv
P-D020,Travel Gear,Koffer-Direkt.de,https://www.100partnerprogramme.de/p/koffer-direkt-de-2866/,retailAds,DE,bis 5 % bzw. 5 EUR pro Sale,THIRD-PARTY ESTIMATE,60 Tage,THIRD-PARTY ESTIMATE,UNKNOWN,UNKNOWN,UNKNOWN,UNKNOWN,UNKNOWN,UNKNOWN,Datenstand 16.08.2025 (älter!). SEM nur nach Absprache.,https://www.100partnerprogramme.de/p/koffer-direkt-de-2866/,2026-09-26,quellen/raw_programs_D.csv
P-D021,Travel Gear,Airalo (eSIM),https://www.airalo.com/blog/airalo-affiliate-program-faqs,Impact (+ Daisycon INT 10 %),global,10 % (kann je Promotionsmethode variieren),VERIFIED,30 Tage,THIRD-PARTY ESTIMATE,niedrig (eSIM-Pakete; keine Zahl),"ja (Creator, YouTuber, Influencer ausdrücklich)",ja,UNKNOWN,UNKNOWN,digital (200+ Destinationen),App-Käufe via Impact+Adjust getrackt.,https://www.airalo.com/blog/airalo-affiliate-program-faqs ; https://www.affiliate-marketing.de/partnerprogramme/airalo.com,2026-09-26,quellen/raw_programs_D.csv
P-D022,Travel Gear,Holafly (eSIM),https://esim.holafly.com/affiliate-program/,"Impact, Awin, ShareASale (Third-party); Impact im Verzeichnis bestätigt",global,"10 % Standard, bis 20 % für Top-Affiliates",THIRD-PARTY ESTIMATE,30 Tage,THIRD-PARTY ESTIMATE,UNKNOWN,"ja (Influencer, Blogger, YouTuber)",ja,UNKNOWN,UNKNOWN,digital (200+ Destinationen),Provision u. a. über persönlichen Rabattcode; offizielle Seite nennt keine Prozente.,https://esim.holafly.com/affiliate-program/ ; https://cellesim.com/en/blog/esim-affiliate-programs-travel-creators,2026-09-26,quellen/raw_programs_D.csv
P-D023,Travel Gear,"Saily (eSIM, Nord Security)",https://saily.com/affiliate/,Direkt/Netzwerke (Awin-Profil für ES existiert),global,15 % pro Neukunde,THIRD-PARTY ESTIMATE,30 Tage,VERIFIED,UNKNOWN,"ja - 'no website necessary', YouTube/Social reichen (Brand-FAQ)",ja,UNKNOWN,UNKNOWN,digital,"Eines der wenigen Programme, das explizit KEINE Website verlangt.",https://saily.com/affiliate/ ; https://ui.awin.com/merchant-profile/128615,2026-09-26,quellen/raw_programs_D.csv
P-D024,Travel Booking,Booking.com Affiliate Partner Programme,https://partnerships.booking.com/,Direkt (+ Awin),global,"Anteil an Booking.com-Provision, gestaffelt bis ca. 40 %; Netzwerklistings ~4-5 % vom Buchungswert",THIRD-PARTY ESTIMATE,30 Tage (Third-party),THIRD-PARTY ESTIMATE,UNKNOWN,ja (Social/YouTube akzeptiert lt. Third-party),UNKNOWN,ja,UNKNOWN,n/a,Provision erst nach Aufenthalt; Volumenstaffel.,https://track360.io/blog/booking-com-affiliate-partner-program-operator-teardown-2026 ; https://www.awin.com/us/advertisers/partner/booking.com,2026-09-26,quellen/raw_programs_D.csv
P-D025,Travel Booking,"Expedia Group Travel Creator Program (Expedia, Hotels.com, Vrbo)",https://partner.expediagroup.com/en-us/solutions/build-your-travel-experience/travel-creator-program,Direkt (Expedia Group),global,"bis ~5,8 % (Third-party); aktuelle Raten nur im Login",THIRD-PARTY ESTIMATE,7 Tage,CLAIMED,UNKNOWN,ja (Creator-Programm),ja,UNKNOWN,UNKNOWN,n/a,Nur 'consumed' Buchungen (nach Reise) provisioniert; sehr kurzes 7-Tage-Fenster.,https://help.creator.expediagroup.com/hc/en-us/articles/13164005434519-Understanding-cookies-validity-windows-and-commissions,2026-09-26,quellen/raw_programs_D.csv
P-D026,Travel Booking,GetYourGuide,https://partner.getyourguide.com/,Direkt,global,8 % Basis,CLAIMED,31 Tage,CLAIMED,UNKNOWN,ja,UNKNOWN,ja,UNKNOWN,n/a,"Provision nach Durchführung der Aktivität; First-Party-Cookie-Tracking (Help-Center-Angaben via Suche, Seite HTTP 403).",https://partner.getyourguide.support/hc/en-us/articles/13981068165917-Our-partner-program,2026-09-26,quellen/raw_programs_D.csv
P-D027,Travel Booking,Viator (Tripadvisor),https://partnerresources.viator.com/creator/,Direkt (+ Awin-Listing),global,8 %,VERIFIED,30 Tage,VERIFIED,UNKNOWN,"ja (Social, YouTube, Link-in-Bio via 'Viator Shop')",ja,UNKNOWN,UNKNOWN,n/a,Storno = keine Provision; Auszahlung nach Durchführung; PayPal wöchentlich ohne Minimum.,https://partnerresources.viator.com/creator/,2026-09-26,quellen/raw_programs_D.csv
P-D028,Travel Booking,Klook,https://app.involve.asia/directory/klook-affiliate-program,Involve Asia / direkt,global (APAC-Fokus),"2-20 % je Kategorie (Touren/Hotels 6,5 %, Attraktionen 5 %, eSIM 20 %)",THIRD-PARTY ESTIMATE,30 Tage (Hotels/Mietwagen 7 Tage),THIRD-PARTY ESTIMATE,UNKNOWN,UNKNOWN,UNKNOWN,UNKNOWN,UNKNOWN,n/a,UNKNOWN,https://involve.asia/blog/klook-affiliate-program/,2026-09-26,quellen/raw_programs_D.csv
P-D029,Travel Booking,Airbnb,https://hello.pricelabs.co/blog/airbnb-affiliate-program/,eingestellt,-,keine (Associates-Programm am 31.03.2021 beendet),THIRD-PARTY ESTIMATE,-,THIRD-PARTY ESTIMATE,-,-,-,-,-,-,Kein öffentliches Affiliate-Programm 2026; nur Host-/Gast-Referrals.,https://www.nichepursuits.com/airbnb-affiliate-program/,2026-09-26,quellen/raw_programs_D.csv
P-D030,Travel Booking,SafetyWing (Reiseversicherung),https://safetywing.com/ambassador,Direkt (Ambassador-Programm),global,10 % wiederkehrend,THIRD-PARTY ESTIMATE,364 Tage,THIRD-PARTY ESTIMATE,UNKNOWN,UNKNOWN,UNKNOWN,UNKNOWN,UNKNOWN,n/a,Wiederkehrende Provision auf Monatszahlungen bis 364 Tage.,https://getlasso.co/affiliate/safetywing/ (via Websuche),2026-09-26,quellen/raw_programs_D.csv
P-D031,Travel Booking,"Genki (Reise-/Nomadenversicherung, DE)",https://genki.world/partners,Direkt,global (DE-Anbieter),5 % wiederkehrend,THIRD-PARTY ESTIMATE,UNKNOWN,UNKNOWN,UNKNOWN,UNKNOWN,UNKNOWN,UNKNOWN,UNKNOWN,n/a,UNKNOWN,https://genki.world/partners ; https://affiliate.watch/affiliate/genki,2026-09-26,quellen/raw_programs_D.csv
P-D032,Travel Booking,Travelpayouts (Aggregator),https://www.travelpayouts.com/,Aggregator (~100 Travel-Marken),global,"markenabhängig (Flüge niedrig einstellig, Versicherung 10 %+)",THIRD-PARTY ESTIMATE,markenabhängig (~30 Tage),THIRD-PARTY ESTIMATE,UNKNOWN,ja (Social-Influencer ausdrücklich),UNKNOWN,UNKNOWN,ja (Tools/API),n/a,"Ein Dashboard für Hotels, Flüge, Touren, Versicherungen.",https://track360.io/blog/best-travel-affiliate-programs-2026-operator-rate-card-benchmark,2026-09-26,quellen/raw_programs_D.csv
P-D033,Travel Booking,Skyscanner,https://www.travelpayouts.com/blog/skyscanner-flight-affiliate-program/,Impact / Travelpayouts,global,"Umsatzanteil 20-50 % (~0,07-0,30 GBP je Flug-Klick, ~1 GBP Hotels)",THIRD-PARTY ESTIMATE,UNKNOWN,UNKNOWN,UNKNOWN,UNKNOWN,UNKNOWN,UNKNOWN,UNKNOWN,n/a,Faktisch CPC-ähnliches Modell.,https://getlasso.co/affiliate/skyscanner/ (via Websuche),2026-09-26,quellen/raw_programs_D.csv
P-D034,Travel Booking,Trip.com,https://www.trip.com/ask/questions/trip.com-affliate-program.html,Direkt,global,"Hotels bis 7 % (Basis), bis 17 % Top-Tier",THIRD-PARTY ESTIMATE,30 Tage,THIRD-PARTY ESTIMATE,UNKNOWN,UNKNOWN,UNKNOWN,UNKNOWN,UNKNOWN,n/a,UNKNOWN,https://getlasso.co/affiliate/trip-com/ (via Websuche),2026-09-26,quellen/raw_programs_D.csv
P-D035,Travel Booking,Hostelworld,https://www.travelpayouts.com/en/offers/hostelworld-affiliate-program,Direkt (PHG) / Travelpayouts,global,18-22 % (Bezugsbasis unklar),THIRD-PARTY ESTIMATE,30 Tage,THIRD-PARTY ESTIMATE,UNKNOWN,UNKNOWN,UNKNOWN,UNKNOWN,UNKNOWN,n/a,Mindestauszahlung 30 USD (Third-party).,https://getlasso.co/affiliate/hostelworld/ (via Websuche),2026-09-26,quellen/raw_programs_D.csv
P-D036,Camping/Hiking,REI,https://www.rei.com/affiliate,Impact (Neuanmeldungen seit ~2025; vorher AvantLink),US (+CA),5 %,THIRD-PARTY ESTIMATE,15 Tage,THIRD-PARTY ESTIMATE,120-175 USD (Third-party),UNKNOWN,UNKNOWN,UNKNOWN,UNKNOWN,UNKNOWN,"Offizielle Seite blockiert; FlexOffers listet 9 % (Sub-Netzwerk, nicht belastbar).",https://afprogs.com/rei-affiliate-program/ ; https://www.affiliate-marketing.de/partnerprogramme/rei.com,2026-09-26,quellen/raw_programs_D.csv
P-D037,Camping/Hiking,Backcountry,https://www.backcountry.com/info/affiliate-program,UNKNOWN,US,4-12 % gestaffelt nach Volumen,THIRD-PARTY ESTIMATE,30 Tage,THIRD-PARTY ESTIMATE,UNKNOWN,UNKNOWN,UNKNOWN,UNKNOWN,Produktdatenfeed (Third-party),UNKNOWN,UNKNOWN,https://geniuslink.com/blog/backcountry-affiliate-program/,2026-09-26,quellen/raw_programs_D.csv
P-D038,Camping/Hiking,Bergfreunde.de,https://ui.awin.com/merchant-profile/14102,Awin,DE (+AT; EU-Sprachshops),Content bis 15 %; Cashback/Loyalty 5 %; Deal/Gutschein 2 %; Standard 7 % (FAQ),VERIFIED,30 Tage,VERIFIED,165 EUR (Awin-Profil); durchschn. Bestätigungsrate 65 %,UNKNOWN,UNKNOWN,Sub-ID-Tracking ja,"ja (täglich, bis 270.000 Produkte)",ja (EU),Provision wird bei Retoure innerhalb 100 Tagen storniert; 35 % der Sales werden im Schnitt NICHT bestätigt; kein SEA-Brand-Bidding; Auszahlung ab 25 EUR.,https://ui.awin.com/merchant-profile/14102 ; https://www.bergfreunde.de/partnerprogramm-faq/,2026-09-26,quellen/raw_programs_D.csv
P-D039,Camping/Hiking,Globetrotter,https://www.globetrotter-partnerprogramm.de/faq,Inhouse (eigene Plattform),DE,5 % (Verzeichnis); bis 8 % (Third-party),THIRD-PARTY ESTIMATE,UNKNOWN,UNKNOWN,UNKNOWN,UNKNOWN,UNKNOWN,ja (utm_source=PTID... an jeden Link),ja (Produktdatenfeed-Bereich),UNKNOWN,Affiliate-Cookie als Marketing-Cookie eingestuft -> Tracking nur bei Consent/Opt-in des Endkunden.,https://www.globetrotter-partnerprogramm.de/faq ; https://www.affiliate-marketing.de/partnerprogramme/globetrotter.de,2026-09-26,quellen/raw_programs_D.csv
P-D040,Camping/Hiking,Cotswold Outdoor (UK),https://www.webgains.com/front/publisher/program/view/programID/7795,Webgains,"UK (+IE; auch US, Nordics)",4-8 %,VERIFIED,bis 14 Tage,VERIFIED,~90 GBP (Webgains),"ja (Instagram, TikTok, YouTube, Blogs)",ja,ja,"ja (täglich, 21.544 Produkte)",ja (UK/IE),"Kein Brand-Bidding; nur programm-eigene Gutscheincodes, sonst Provisionsabzug.",https://www.webgains.com/front/publisher/program/view/programID/7795,2026-09-26,quellen/raw_programs_D.csv
P-D041,Camping/Hiking,Snow+Rock (UK),https://www.affiliate-marketing.de/partnerprogramme/snowandrock.com,Webgains,UK,2-8 %,THIRD-PARTY ESTIMATE,UNKNOWN,UNKNOWN,UNKNOWN,UNKNOWN,UNKNOWN,UNKNOWN,UNKNOWN,UNKNOWN,Tracking Fingerprint + Cookie. Netzwerkdaten via Verzeichnis affiliate-marketing.de (Stand 26.09.2026),https://www.affiliate-marketing.de/partnerprogramme/snowandrock.com,2026-09-26,quellen/raw_programs_D.csv
P-D042,Camping/Hiking,Ellis Brigham (UK),https://www.ellis-brigham.com/information/affiliate-programme,Webgains,UK,gestaffelt (Verzeichnis: 1-5 %),THIRD-PARTY ESTIMATE,60 Tage,VERIFIED,UNKNOWN,NEIN für reine Social-Seiten: 'Your website must be live and have a top level domain',nein (ohne eigene Domain),UNKNOWN,ja (täglicher Feed),UNKNOWN,Keine PPC-Affiliates; nur freigegebene Werbemittel.,https://www.ellis-brigham.com/information/affiliate-programme ; https://www.affiliate-marketing.de/partnerprogramme/ellis-brigham.com,2026-09-26,quellen/raw_programs_D.csv
P-D043,Camping/Hiking,Decathlon UK,https://ui.awin.com/merchant-profile/26895,Awin,UK,"3 % (Non-Incentive), 1 % (Incentive/Cashback)",VERIFIED,30 Tage,VERIFIED,UNKNOWN,ja ('works with all publisher types'),UNKNOWN,UNKNOWN,UNKNOWN,UNKNOWN,Keine Provision auf Marketplace-Produkte (Drittanbieter).,https://ui.awin.com/merchant-profile/26895,2026-09-26,quellen/raw_programs_D.csv
P-D044,Camping/Hiking,SportScheck,https://www.affiliate-marketing.de/partnerprogramme/sportscheck.com,Awin,"DE, AT, CH",DE 6-8 %; AT 6 %; CH 7 %,THIRD-PARTY ESTIMATE,UNKNOWN,UNKNOWN,UNKNOWN,UNKNOWN,UNKNOWN,UNKNOWN,UNKNOWN,UNKNOWN,Netzwerkdaten via Verzeichnis affiliate-marketing.de (Stand 26.09.2026),https://www.affiliate-marketing.de/partnerprogramme/sportscheck.com,2026-09-26,quellen/raw_programs_D.csv
P-D045,Camping/Hiking,EcoFlow DE (Powerstations),https://ui.awin.com/merchant-profile/51793,Awin,DE (EU),5 %,VERIFIED,7 Tage,VERIFIED,1.000 EUR (Awin-Profil),UNKNOWN,UNKNOWN,UNKNOWN,UNKNOWN,EU,Sehr kurzes 7-Tage-Cookie trotz hohem AOV; 30 Tage Rückgaberecht der Kunden.,https://ui.awin.com/merchant-profile/51793,2026-09-26,quellen/raw_programs_D.csv
P-D046,Camping/Hiking,EcoFlow UK (Powerstations),https://ui.awin.com/merchant-profile/51797,Awin,UK,5 %,VERIFIED,7 Tage,VERIFIED,1.000 GBP (Awin-Profil),UNKNOWN,UNKNOWN,UNKNOWN,UNKNOWN,UNKNOWN,Wie DE: 7-Tage-Attribution.,https://ui.awin.com/merchant-profile/51797,2026-09-26,quellen/raw_programs_D.csv
P-D047,Camping/Hiking,EcoFlow US (Powerstations),https://us.ecoflow.com/pages/affiliate-program,"CJ, Awin, Impact",US,mind. 5 %,VERIFIED,7 Tage,VERIFIED,> 1.000 USD (Brand),UNKNOWN,UNKNOWN,UNKNOWN,UNKNOWN,UNKNOWN,"Storno bei Refund/Cancel oder Mehrfachzuordnung über Plattformen; keine Brand-Suchplatzierung, keine Popup-Extensions.",https://us.ecoflow.com/pages/affiliate-program,2026-09-26,quellen/raw_programs_D.csv
P-D048,Camping/Hiking,Jackery US (Powerstations),https://www.jackery.com/pages/affiliate-program,"Awin, Affiliatly, CJ, AvantLink, Impact",US,mind. 5 % ('5%+'),VERIFIED,30 Tage (Impact) / 15 Tage (Affiliatly/ShareASale),THIRD-PARTY ESTIMATE,~1.300 USD (Third-party),ja (Creator ausdrücklich),UNKNOWN,UNKNOWN,UNKNOWN,UNKNOWN,Mehrere Netzwerke parallel.,https://www.jackery.com/pages/affiliate-program,2026-09-26,quellen/raw_programs_D.csv
P-D049,Camping/Hiking,Jackery UK (Powerstations),https://www.webgains.com/front/publisher/program/view/programID/310480,Webgains,UK,6 %,VERIFIED,30 Tage,VERIFIED,"k. A.; Conversion Rate 0,30 %, EPHC 6,52 (Webgains)","ja, aber keine Pages/Accounts mit 'Jackery' im Namen",ja (s. Einschränkung),ja,ja (151 Produkte),UNKNOWN,Live seit 20.06.2025; PPC in März/Juli/Okt/Nov gesperrt; nur Programm-Gutscheincodes.,https://www.webgains.com/front/publisher/program/view/programID/310480,2026-09-26,quellen/raw_programs_D.csv
P-D050,Camping/Hiking,Jackery EU (Powerstations),https://www.webgains.com/front/publisher/program/view/programID/310854,Webgains,EU (eu.jackery.com),8 %,VERIFIED,30 Tage,VERIFIED,"k. A.; EPHC 0,19, CR 0,01 % (neues Programm)","ja, aber kein TM in Account-Namen",ja (s. Einschränkung),ja,ja (148 Produkte),EU,Live seit 13.11.2025.,https://www.webgains.com/front/publisher/program/view/programID/310854,2026-09-26,quellen/raw_programs_D.csv
P-D051,Camping/Hiking,BLUETTI (Powerstations),https://www.bluettipower.eu/pages/affiliate-program,"Mehrere (TradeTracker EU 3,5 % / UK 5 %; FlexOffers; eigene Plattform)","US, EU, UK",bis 10 % + Monatsbonus,CLAIMED,14-30 Tage (je Netzwerk),THIRD-PARTY ESTIMATE,UNKNOWN,ja (FAQ: Links auf Social Media ausdrücklich),ja,UNKNOWN,UNKNOWN,ja (US/EU/UK-Shops),Storno bei Refund/Cancel; Mindestauszahlung 100 USD/EUR; Influencer können Gratisprodukte beantragen.,https://www.bluettipower.eu/pages/affiliate-program ; https://www.bluettipower.com/pages/affiliate-program ; https://www.affiliate-marketing.de/partnerprogramme/bluettipower.eu,2026-09-26,quellen/raw_programs_D.csv
P-D052,Camping/Hiking,YETI,https://www.yeti.com/affiliate.html,Impact,"US, CA",4-7 % (Angaben uneinheitlich),THIRD-PARTY ESTIMATE,30 Tage,THIRD-PARTY ESTIMATE,UNKNOWN,UNKNOWN,UNKNOWN,UNKNOWN,UNKNOWN,UNKNOWN,Produktspanne 25-1.300 USD (Third-party).,https://statsdrone.com/affiliate-programs/yeti-affiliates/ ; https://www.affiliate-marketing.de/partnerprogramme/yeti.com,2026-09-26,quellen/raw_programs_D.csv
P-D053,Camping/Hiking,Stanley 1913,https://www.stanley1913.com/pages/affiliate-program,AvantLink,US,10 %,VERIFIED,30 Tage,VERIFIED,UNKNOWN,ja (Social-Media-Plattformen & Influencer als Zielgruppe),ja,ja (AvantLink),ja (AvantLink-Datafeeds),UNKNOWN,Guaranteed-low-price-Programm.,https://www.stanley1913.com/pages/affiliate-program,2026-09-26,quellen/raw_programs_D.csv
P-D054,Camping/Hiking,Hydro Flask,https://www.affiliate-marketing.de/partnerprogramme/hydroflask.com,"Impact (US); Awin (UK, EU)","US, UK, EU",Awin UK/EU 1 %; US ~4 % (FlexOffers),THIRD-PARTY ESTIMATE,UNKNOWN,UNKNOWN,UNKNOWN,UNKNOWN,UNKNOWN,UNKNOWN,UNKNOWN,UNKNOWN,Netzwerkdaten via Verzeichnis affiliate-marketing.de (Stand 26.09.2026),https://www.affiliate-marketing.de/partnerprogramme/hydroflask.com,2026-09-26,quellen/raw_programs_D.csv
P-D055,Camping/Hiking,The North Face,https://www.postaffiliatepro.com/affiliate-program-directory/the-north-face-affiliate-program/,CJ (+ regionale Netzwerke),"US, UK, DE",4 % (US/UK); DE 5-10 % (Third-party),THIRD-PARTY ESTIMATE,30 Tage,THIRD-PARTY ESTIMATE,UNKNOWN,UNKNOWN,UNKNOWN,UNKNOWN,UNKNOWN,UNKNOWN,UNKNOWN,https://getlasso.co/affiliate/the-north-face-au/ (via Websuche),2026-09-26,quellen/raw_programs_D.csv
P-D056,Camping/Hiking,Arc'teryx,https://www.avantlink.com/,AvantLink (+CJ),US/global,7 % (Coupon/Deal-Seiten 2 %),THIRD-PARTY ESTIMATE,30 Tage (Coupon/Deal 7 Tage),THIRD-PARTY ESTIMATE,Durchschn. Provision 30-40 USD/Sale (Third-party),UNKNOWN,UNKNOWN,UNKNOWN,Datafeed (Third-party),UNKNOWN,UNKNOWN,https://getlasso.co/affiliate/arcteryx/ (via Websuche),2026-09-26,quellen/raw_programs_D.csv
P-D057,Camping/Hiking,Patagonia,https://www.patagonia.com/affiliates.html,UNKNOWN,US,bis 8 %,THIRD-PARTY ESTIMATE,60 Tage,THIRD-PARTY ESTIMATE,UNKNOWN,UNKNOWN,UNKNOWN,UNKNOWN,UNKNOWN,UNKNOWN,Offizielle Seite beim Prüfen im Wartungsmodus.,https://getlasso.co/affiliate/patagonia/ (via Websuche),2026-09-26,quellen/raw_programs_D.csv
P-D058,Camping/Hiking,Thule,https://www.thule.com/en-us/affiliate-program,AvantLink (lt. Suchsnippet),US,UNKNOWN,UNKNOWN,UNKNOWN,UNKNOWN,UNKNOWN,UNKNOWN,UNKNOWN,UNKNOWN,UNKNOWN,UNKNOWN,Programmseite liefert 2026-09-26 HTTP 404 - Status unklar.,https://www.thule.com/en-us/affiliate-program,2026-09-26,quellen/raw_programs_D.csv
P-D059,Camping/Hiking,iKamper (Dachzelte),https://www.flexoffers.com/affiliate-programs/ikamper-affiliate-program/,FlexOffers-Listing; Brand-Seite heute 'Ambassador/Creator Partnerships',US,5-10 %,THIRD-PARTY ESTIMATE,21 Tage,THIRD-PARTY ESTIMATE,UNKNOWN,ja (Creator-Partnerschaften),UNKNOWN,UNKNOWN,UNKNOWN,UNKNOWN,Dachzelte mit hohem Produktpreis; Roofnest/Gentle Tent: kein Programm gefunden.,https://www.flexoffers.com/affiliate-programs/ikamper-affiliate-program/ ; https://ikamper.com/pages/ambassadors-creator-partnerships,2026-09-26,quellen/raw_programs_D.csv
P-D060,Camping/Hiking,Garmin,https://www.garmin.com/en-US/ambassadors-and-affiliates/,"CJ (US, EU, UK)","US, EU, UK",2 %,THIRD-PARTY ESTIMATE,UNKNOWN,UNKNOWN,UNKNOWN,ja (lt. Third-party),UNKNOWN,UNKNOWN,UNKNOWN,UNKNOWN,"Niedrige Rate trotz hohem Produktpreis (Uhren, Golf-GPS). Netzwerkdaten via Verzeichnis affiliate-marketing.de (Stand 26.09.2026)",https://www.affiliate-marketing.de/partnerprogramme/garmin.com,2026-09-26,quellen/raw_programs_D.csv
P-D061,Fitness,REP Fitness,https://www.repfitness.com/pages/affiliate-program,Direkt (In-house),US (nur US-Affiliates),bis 5 %,CLAIMED,21 Tage (Cookie + IP),VERIFIED,UNKNOWN,ja organisch; KEINE bezahlte Werbung in Social Media/Suchmaschinen,ja (Engagement wird geprüft),UNKNOWN,UNKNOWN,US,Refunds/Retouren werden abgezogen (auch rückwirkend); Fremdmarken (z. B. Concept2) ohne Provision; Coupon-/PPC-Seiten abgelehnt; 1 Werktag Vorwarnung bei negativen Reviews.,https://www.repfitness.com/pages/affiliate-program,2026-09-26,quellen/raw_programs_D.csv
P-D062,Fitness,Rogue Fitness,https://www.roguefitness.com/affiliate,-,US,UNKNOWN,UNKNOWN,UNKNOWN,UNKNOWN,UNKNOWN,UNKNOWN,UNKNOWN,UNKNOWN,UNKNOWN,UNKNOWN,Kein öffentliches Affiliate-Marketing-Programm gefunden ('Affiliates' = CrossFit-Box-Programm).,https://www.roguefitness.com/affiliate,2026-09-26,quellen/raw_programs_D.csv
P-D063,Fitness,BowFlex,https://www.bowflex.com/pages/affiliate-program,Impact,US,ab 3 % (orderbasiert; private Raten möglich),VERIFIED,30 Tage,VERIFIED,UNKNOWN,UNKNOWN,UNKNOWN,UNKNOWN,UNKNOWN,UNKNOWN,Voll gemanagtes Programm.,https://www.bowflex.com/pages/affiliate-program,2026-09-26,quellen/raw_programs_D.csv
P-D064,Fitness,Peloton UK,https://www.affiliate-marketing.de/partnerprogramme/onepeloton.de,Awin,UK,"2,5 % Sale + 2,50-3,00 GBP/Lead",THIRD-PARTY ESTIMATE,UNKNOWN,UNKNOWN,UNKNOWN,UNKNOWN,UNKNOWN,UNKNOWN,UNKNOWN,UNKNOWN,US-Programm nicht im Verzeichnis. Netzwerkdaten via Verzeichnis affiliate-marketing.de (Stand 26.09.2026),https://www.affiliate-marketing.de/partnerprogramme/onepeloton.de,2026-09-26,quellen/raw_programs_D.csv
P-D065,Fitness,Tonal,https://www.affiliate-marketing.de/partnerprogramme/tonal.com,Impact,US,UNKNOWN,UNKNOWN,UNKNOWN,UNKNOWN,UNKNOWN,UNKNOWN,UNKNOWN,UNKNOWN,UNKNOWN,UNKNOWN,"Hoher Produktpreis, Konditionen nicht öffentlich. Netzwerkdaten via Verzeichnis affiliate-marketing.de (Stand 26.09.2026)",https://www.affiliate-marketing.de/partnerprogramme/tonal.com,2026-09-26,quellen/raw_programs_D.csv
P-D066,Fitness,Hydrow,https://www.affiliate-marketing.de/partnerprogramme/hydrow.com,Impact,US,UNKNOWN,UNKNOWN,UNKNOWN,UNKNOWN,UNKNOWN,UNKNOWN,UNKNOWN,UNKNOWN,UNKNOWN,UNKNOWN,Netzwerkdaten via Verzeichnis affiliate-marketing.de (Stand 26.09.2026),https://www.affiliate-marketing.de/partnerprogramme/hydrow.com,2026-09-26,quellen/raw_programs_D.csv
P-D067,Fitness,Sport-Thieme,https://www.affiliate-marketing.de/partnerprogramme/sport-thieme.de,Awin + Tradedoubler,DE,10 %,THIRD-PARTY ESTIMATE,UNKNOWN,UNKNOWN,UNKNOWN,UNKNOWN,UNKNOWN,UNKNOWN,UNKNOWN,UNKNOWN,Netzwerkdaten via Verzeichnis affiliate-marketing.de (Stand 26.09.2026),https://www.affiliate-marketing.de/partnerprogramme/sport-thieme.de,2026-09-26,quellen/raw_programs_D.csv
P-D068,Fitness,Gorilla Sports DE,https://www.affiliate-marketing.de/partnerprogramme/gorillasports.de,nur SaleGains-Listing (Sub-Netzwerk),DE,UNKNOWN,UNKNOWN,UNKNOWN,UNKNOWN,UNKNOWN,UNKNOWN,UNKNOWN,UNKNOWN,UNKNOWN,UNKNOWN,Kein Primärnetzwerk gefunden.,https://www.affiliate-marketing.de/partnerprogramme/gorillasports.de,2026-09-26,quellen/raw_programs_D.csv
P-D069,Fitness,WHOOP,https://www.affiliate-marketing.de/partnerprogramme/whoop.com,Impact,global (inkl. DE/AT/CH/UK/US),UNKNOWN,UNKNOWN,UNKNOWN,UNKNOWN,UNKNOWN,UNKNOWN,UNKNOWN,UNKNOWN,UNKNOWN,UNKNOWN,Netzwerkdaten via Verzeichnis affiliate-marketing.de (Stand 26.09.2026),https://www.affiliate-marketing.de/partnerprogramme/whoop.com,2026-09-26,quellen/raw_programs_D.csv
P-D070,Fitness,Therabody,https://www.affiliate-marketing.de/partnerprogramme/therabody.com,Impact (US + International),"US, EU, UK",5 % (FlexOffers US),THIRD-PARTY ESTIMATE,UNKNOWN,UNKNOWN,UNKNOWN,UNKNOWN,UNKNOWN,UNKNOWN,UNKNOWN,UNKNOWN,Netzwerkdaten via Verzeichnis affiliate-marketing.de (Stand 26.09.2026),https://www.affiliate-marketing.de/partnerprogramme/therabody.com,2026-09-26,quellen/raw_programs_D.csv
P-D071,Fitness,Hyperice,https://www.affiliate-marketing.de/partnerprogramme/hyperice.com,Awin,"US, UK, DE",US 5-20 %; UK 5 %; DE 5 %,THIRD-PARTY ESTIMATE,UNKNOWN,UNKNOWN,UNKNOWN,UNKNOWN,UNKNOWN,UNKNOWN,UNKNOWN,UNKNOWN,Netzwerkdaten via Verzeichnis affiliate-marketing.de (Stand 26.09.2026),https://www.affiliate-marketing.de/partnerprogramme/hyperice.com,2026-09-26,quellen/raw_programs_D.csv
P-D072,Running,On (On Running),https://www.on.com/en-us/explore/affiliates,"Awin (US, DE, CH, UK, AT, CA)","US, DACH, UK","18 % (Netzwerkangabe, evtl. Höchstsatz)",THIRD-PARTY ESTIMATE,UNKNOWN,UNKNOWN,UNKNOWN,ja ('Sign up for the program that suits your content'),UNKNOWN,UNKNOWN,UNKNOWN,ja (Multi-Country),Auffällig hohe Rate - vor Nutzung im Awin-Account prüfen. Netzwerkdaten via Verzeichnis affiliate-marketing.de (Stand 26.09.2026),https://www.on.com/en-us/explore/affiliates ; https://www.affiliate-marketing.de/partnerprogramme/on.com,2026-09-26,quellen/raw_programs_D.csv
P-D073,Running,Nike,https://www.nike.com/help/a/nike-affiliate-program,CJ,US,bis 15 % auf US-Sales,CLAIMED,7 Tage,VERIFIED,UNKNOWN,ja (Influencer & Creators ausdrücklich),ja (implizit),UNKNOWN,ja (automatisierte Produktfeeds),US,"Gift Cards nicht provisionsfähig; Aufnahme nach Traffic, Ästhetik, Brand-Fit.",https://www.nike.com/help/a/nike-affiliate-program,2026-09-26,quellen/raw_programs_D.csv
P-D074,Running,adidas,https://www.affiliate-marketing.de/partnerprogramme/adidas.de,Awin (DE/AT/CH/UK); Impact (US),"DE, AT, CH, UK, US",DE/AT/CH 2 %; UK 6 %; US UNKNOWN,THIRD-PARTY ESTIMATE,UNKNOWN,UNKNOWN,UNKNOWN,UNKNOWN,UNKNOWN,UNKNOWN,UNKNOWN,UNKNOWN,Deutliches Gefälle DACH vs. UK. Netzwerkdaten via Verzeichnis affiliate-marketing.de (Stand 26.09.2026),https://www.affiliate-marketing.de/partnerprogramme/adidas.de ; https://www.affiliate-marketing.de/partnerprogramme/adidas.com,2026-09-26,quellen/raw_programs_D.csv
P-D075,Running,Tradeinn / Runnerinn,https://www.affiliate-marketing.de/partnerprogramme/runnerinn.com,belboon,DE + weitere Länder,5 %,THIRD-PARTY ESTIMATE,UNKNOWN,UNKNOWN,UNKNOWN,UNKNOWN,UNKNOWN,UNKNOWN,UNKNOWN,ja (Programme für viele Länder),Tracking Fingerprint + Cookie. Netzwerkdaten via Verzeichnis affiliate-marketing.de (Stand 26.09.2026),https://www.affiliate-marketing.de/partnerprogramme/tradeinn.com,2026-09-26,quellen/raw_programs_D.csv
P-D076,Running,ASICS America,https://www.affiliate-marketing.de/partnerprogramme/asics.com,FlexOffers (Sub-Netzwerk),US,"2,4 %",THIRD-PARTY ESTIMATE,UNKNOWN,UNKNOWN,UNKNOWN,UNKNOWN,UNKNOWN,UNKNOWN,UNKNOWN,UNKNOWN,Kein Primärnetzwerk im Verzeichnis. Brooks/Hoka/Running Warehouse: kein Eintrag gefunden.,https://www.affiliate-marketing.de/partnerprogramme/asics.com,2026-09-26,quellen/raw_programs_D.csv
P-D077,Cycling/E-Bike,Canyon,https://www.canyon.com/en-us/affiliate-program/,UNKNOWN (nicht auf Seite genannt),US (global),2 % Basis auf Bikes; höher für ausgewählte Produkte/Partner,VERIFIED,30 Tage,VERIFIED,UNKNOWN,ja (Creator ausdrücklich),UNKNOWN,UNKNOWN,UNKNOWN,ja,Seed-Produkte; saisonale Aktionen.,https://www.canyon.com/en-us/affiliate-program/,2026-09-26,quellen/raw_programs_D.csv
P-D078,Cycling/E-Bike,ROSE Bikes,https://www.affiliate-marketing.de/partnerprogramme/rosebikes.de,Awin,DE,5 %,THIRD-PARTY ESTIMATE,UNKNOWN,UNKNOWN,UNKNOWN,UNKNOWN,UNKNOWN,UNKNOWN,UNKNOWN,UNKNOWN,Netzwerkdaten via Verzeichnis affiliate-marketing.de (Stand 26.09.2026),https://www.affiliate-marketing.de/partnerprogramme/rosebikes.de,2026-09-26,quellen/raw_programs_D.csv
P-D079,Cycling/E-Bike,bike-components,https://www.affiliate-marketing.de/partnerprogramme/bike-components.de,Awin (+ uppr 2-5 %),DE,3 %,THIRD-PARTY ESTIMATE,UNKNOWN,UNKNOWN,UNKNOWN,UNKNOWN,UNKNOWN,UNKNOWN,UNKNOWN,UNKNOWN,Netzwerkdaten via Verzeichnis affiliate-marketing.de (Stand 26.09.2026),https://www.affiliate-marketing.de/partnerprogramme/bike-components.de,2026-09-26,quellen/raw_programs_D.csv
P-D080,Cycling/E-Bike,Lucky Bike,https://www.affiliate-marketing.de/partnerprogramme/lucky-bike.de,Webgains,DE,5 %,THIRD-PARTY ESTIMATE,UNKNOWN,UNKNOWN,UNKNOWN,UNKNOWN,UNKNOWN,UNKNOWN,UNKNOWN,UNKNOWN,Netzwerkdaten via Verzeichnis affiliate-marketing.de (Stand 26.09.2026),https://www.affiliate-marketing.de/partnerprogramme/lucky-bike.de,2026-09-26,quellen/raw_programs_D.csv
P-D081,Cycling/E-Bike,Aventon (E-Bikes),https://www.aventon.com/pages/affiliate-program,AvantLink,US,4 %,VERIFIED,30 Tage,VERIFIED,"k. A.; Conversion Rate 2,5 % (Brand)",ja (Social-Media-Sites ausdrücklich),ja,UNKNOWN,ja (AvantLink-Datafeeds),US,UNKNOWN,https://www.aventon.com/pages/affiliate-program,2026-09-26,quellen/raw_programs_D.csv
P-D082,Cycling/E-Bike,Rad Power Bikes,https://www.affiliate-marketing.de/partnerprogramme/radpowerbikes.com,Impact,US,UNKNOWN,UNKNOWN,UNKNOWN,UNKNOWN,UNKNOWN,UNKNOWN,UNKNOWN,UNKNOWN,UNKNOWN,UNKNOWN,Netzwerkdaten via Verzeichnis affiliate-marketing.de (Stand 26.09.2026),https://www.affiliate-marketing.de/partnerprogramme/radpowerbikes.com,2026-09-26,quellen/raw_programs_D.csv
P-D083,Cycling/E-Bike,Lectric eBikes,https://www.affiliate-marketing.de/partnerprogramme/lectricebikes.com,Impact,"US, CA",UNKNOWN,UNKNOWN,UNKNOWN,UNKNOWN,UNKNOWN,UNKNOWN,UNKNOWN,UNKNOWN,UNKNOWN,UNKNOWN,Netzwerkdaten via Verzeichnis affiliate-marketing.de (Stand 26.09.2026),https://www.affiliate-marketing.de/partnerprogramme/lectricebikes.com,2026-09-26,quellen/raw_programs_D.csv
P-D084,Cycling/E-Bike,VanMoof,https://www.affiliate-marketing.de/partnerprogramme/vanmoof.com,MCANISM (Sub-Netzwerk),"DE, NL","3,5 %",THIRD-PARTY ESTIMATE,UNKNOWN,UNKNOWN,UNKNOWN,UNKNOWN,UNKNOWN,UNKNOWN,UNKNOWN,UNKNOWN,"Nach Insolvenz 2023 unter neuem Eigentümer (Wissensstand, 2026 nicht verifiziert); Cowboy/Ampler: kein Programm gefunden.",https://www.affiliate-marketing.de/partnerprogramme/vanmoof.com,2026-09-26,quellen/raw_programs_D.csv
P-D085,Cycling/E-Bike,Competitive Cyclist,https://www.affiliate-marketing.de/partnerprogramme/competitivecyclist.com,Impact,"US, CA",UNKNOWN,UNKNOWN,UNKNOWN,UNKNOWN,UNKNOWN,UNKNOWN,UNKNOWN,UNKNOWN,UNKNOWN,UNKNOWN,Netzwerkdaten via Verzeichnis affiliate-marketing.de (Stand 26.09.2026),https://www.affiliate-marketing.de/partnerprogramme/competitivecyclist.com,2026-09-26,quellen/raw_programs_D.csv
P-D086,Cycling/E-Bike,Zwift,https://www.affiliate-marketing.de/partnerprogramme/zwift.com,Impact,global (inkl. DE/UK/US),UNKNOWN,UNKNOWN,UNKNOWN,UNKNOWN,UNKNOWN,UNKNOWN,UNKNOWN,UNKNOWN,UNKNOWN,UNKNOWN,Netzwerkdaten via Verzeichnis affiliate-marketing.de (Stand 26.09.2026),https://www.affiliate-marketing.de/partnerprogramme/zwift.com,2026-09-26,quellen/raw_programs_D.csv
P-D087,Cycling/E-Bike,Wiggle (UK),https://www.affiliate-marketing.de/partnerprogramme/wiggle.co.uk,nur SaleGains-Listing,UK,UNKNOWN,UNKNOWN,UNKNOWN,UNKNOWN,UNKNOWN,UNKNOWN,UNKNOWN,UNKNOWN,UNKNOWN,UNKNOWN,Status 2026 unklar (nach Insolvenz 2023 Marke bei Frasers Group - Wissensstand); Chain Reaction nur AU-Impact-Listing.,https://www.affiliate-marketing.de/partnerprogramme/wiggle.co.uk,2026-09-26,quellen/raw_programs_D.csv
P-D088,Golf,SkyTrak (Golf-Simulator/Launch Monitor),https://www.skytrakgolf.com/pages/affiliates,Awin (US) + CJ,US,Awin 15 %; CJ 10 %,THIRD-PARTY ESTIMATE,UNKNOWN,UNKNOWN,"k. A.; Aktion 'Save 1.300 USD off ST MAX' deutet auf Warenkorb im hohen 4-stelligen USD-Bereich (Produktpreis, nicht AOV)",UNKNOWN,UNKNOWN,UNKNOWN,UNKNOWN,UNKNOWN,Hochinteressant: hoher Produktpreis + zweistellige Rate. Netzwerkdaten via Verzeichnis affiliate-marketing.de (Stand 26.09.2026),https://www.skytrakgolf.com/pages/affiliates ; https://www.affiliate-marketing.de/partnerprogramme/skytrakgolf.com,2026-09-26,quellen/raw_programs_D.csv
P-D089,Golf,Rapsodo (Launch Monitor),https://www.affiliate-marketing.de/partnerprogramme/rapsodo.com,Impact,US,"UNKNOWN (Sub-Netzwerke 3,5-3,75 %)",THIRD-PARTY ESTIMATE,UNKNOWN,UNKNOWN,UNKNOWN,UNKNOWN,UNKNOWN,UNKNOWN,UNKNOWN,UNKNOWN,Netzwerkdaten via Verzeichnis affiliate-marketing.de (Stand 26.09.2026),https://www.affiliate-marketing.de/partnerprogramme/rapsodo.com,2026-09-26,quellen/raw_programs_D.csv
P-D090,Golf,Uneekor / Foresight Sports / Rain or Shine Golf,https://www.affiliate-marketing.de/partnerprogramme/foresightsports.com,-,US,UNKNOWN,UNKNOWN,UNKNOWN,UNKNOWN,UNKNOWN,UNKNOWN,UNKNOWN,UNKNOWN,UNKNOWN,UNKNOWN,Kein öffentliches Affiliate-Programm gefunden (Foresight nur als 'Bushnell Golf' Sub-Listing).,https://www.affiliate-marketing.de/partnerprogramme/foresightsports.com,2026-09-26,quellen/raw_programs_D.csv
P-D091,Golf,2nd Swing Golf,https://www.2ndswing.com/affiliate-program,Awin,US,15 % auf ausgewählte Neuheiten (14 Tage Attribution); 5 % auf alles andere (30 Tage),VERIFIED,14 / 30 Tage,VERIFIED,UNKNOWN,UNKNOWN,UNKNOWN,UNKNOWN,Creatives inkl. Videos,UNKNOWN,Gebrauchte + neue Schläger; Auto-Deposit.,https://www.2ndswing.com/affiliate-program,2026-09-26,quellen/raw_programs_D.csv
P-D092,Golf,Golf House (DE/AT),https://www.affiliate-marketing.de/partnerprogramme/golfhouse.de,Awin,"DE, AT",6 %,THIRD-PARTY ESTIMATE,UNKNOWN,UNKNOWN,UNKNOWN,UNKNOWN,UNKNOWN,UNKNOWN,UNKNOWN,UNKNOWN,Netzwerkdaten via Verzeichnis affiliate-marketing.de (Stand 26.09.2026),https://www.affiliate-marketing.de/partnerprogramme/golfhouse.de,2026-09-26,quellen/raw_programs_D.csv
P-D093,Golf,Golfshop.de,https://www.affiliate-marketing.de/partnerprogramme/golfshop.de,ADCELL,"DE, AT, CH","2,5-6 %",THIRD-PARTY ESTIMATE,UNKNOWN,UNKNOWN,UNKNOWN,UNKNOWN,UNKNOWN,UNKNOWN,UNKNOWN,UNKNOWN,Netzwerkdaten via Verzeichnis affiliate-marketing.de (Stand 26.09.2026),https://www.affiliate-marketing.de/partnerprogramme/golfshop.de,2026-09-26,quellen/raw_programs_D.csv
P-D094,Golf,American Golf (UK),https://www.affiliate-marketing.de/partnerprogramme/americangolf.co.uk,Partnerize,UK,UNKNOWN,UNKNOWN,UNKNOWN,UNKNOWN,UNKNOWN,UNKNOWN,UNKNOWN,UNKNOWN,UNKNOWN,UNKNOWN,Netzwerkdaten via Verzeichnis affiliate-marketing.de (Stand 26.09.2026),https://www.affiliate-marketing.de/partnerprogramme/americangolf.co.uk,2026-09-26,quellen/raw_programs_D.csv
P-D095,Golf,TaylorMade,https://www.affiliate-marketing.de/partnerprogramme/taylormadegolf.com,Impact,US,UNKNOWN,UNKNOWN,UNKNOWN,UNKNOWN,UNKNOWN,UNKNOWN,UNKNOWN,UNKNOWN,UNKNOWN,UNKNOWN,Netzwerkdaten via Verzeichnis affiliate-marketing.de (Stand 26.09.2026),https://www.affiliate-marketing.de/partnerprogramme/taylormadegolf.com,2026-09-26,quellen/raw_programs_D.csv
P-D096,Golf,Callaway Golf,https://www.affiliate-marketing.de/partnerprogramme/callawaygolf.com,Partnerize,US,UNKNOWN,UNKNOWN,UNKNOWN,UNKNOWN,UNKNOWN,UNKNOWN,UNKNOWN,UNKNOWN,UNKNOWN,UNKNOWN,Netzwerkdaten via Verzeichnis affiliate-marketing.de (Stand 26.09.2026),https://www.affiliate-marketing.de/partnerprogramme/callawaygolf.com,2026-09-26,quellen/raw_programs_D.csv
P-D097,Golf,PGA TOUR Superstore,https://www.affiliate-marketing.de/partnerprogramme/pgatoursuperstore.com,Impact,US,"UNKNOWN (Sub-Netzwerke 0,4-4,6 %)",THIRD-PARTY ESTIMATE,UNKNOWN,UNKNOWN,UNKNOWN,UNKNOWN,UNKNOWN,UNKNOWN,UNKNOWN,UNKNOWN,Netzwerkdaten via Verzeichnis affiliate-marketing.de (Stand 26.09.2026),https://www.affiliate-marketing.de/partnerprogramme/pgatoursuperstore.com,2026-09-26,quellen/raw_programs_D.csv
P-D098,Golf,Golf Galaxy (Dick's),https://www.affiliate-marketing.de/partnerprogramme/golfgalaxy.com,Impact,US,UNKNOWN (FlexOffers 8 %),THIRD-PARTY ESTIMATE,UNKNOWN,UNKNOWN,UNKNOWN,UNKNOWN,UNKNOWN,UNKNOWN,UNKNOWN,UNKNOWN,Netzwerkdaten via Verzeichnis affiliate-marketing.de (Stand 26.09.2026),https://www.affiliate-marketing.de/partnerprogramme/golfgalaxy.com,2026-09-26,quellen/raw_programs_D.csv
P-D099,Golf,Carl's Golfland,https://www.affiliate-marketing.de/partnerprogramme/carlsgolfland.com,Ascend (Pepperjam),US,4 %,THIRD-PARTY ESTIMATE,UNKNOWN,UNKNOWN,UNKNOWN,UNKNOWN,UNKNOWN,UNKNOWN,UNKNOWN,UNKNOWN,Netzwerkdaten via Verzeichnis affiliate-marketing.de (Stand 26.09.2026),https://www.affiliate-marketing.de/partnerprogramme/carlsgolfland.com,2026-09-26,quellen/raw_programs_D.csv
P-D100,Beauty/Skincare,Sephora DE,https://www.affiliate-marketing.de/partnerprogramme/sephora.de,Awin,DE,12 %,THIRD-PARTY ESTIMATE,UNKNOWN,UNKNOWN,UNKNOWN,UNKNOWN,UNKNOWN,UNKNOWN,UNKNOWN,UNKNOWN,Netzwerkdaten via Verzeichnis affiliate-marketing.de (Stand 26.09.2026),https://www.affiliate-marketing.de/partnerprogramme/sephora.de,2026-09-26,quellen/raw_programs_D.csv
P-D101,Beauty/Skincare,Sephora US,https://www.affiliate-marketing.de/partnerprogramme/sephora.de,Rakuten,"US, CA","UNKNOWN (FlexOffers 3,2 %)",THIRD-PARTY ESTIMATE,UNKNOWN,UNKNOWN,UNKNOWN,UNKNOWN,UNKNOWN,UNKNOWN,UNKNOWN,UNKNOWN,Netzwerkdaten via Verzeichnis affiliate-marketing.de (Stand 26.09.2026),https://www.affiliate-marketing.de/partnerprogramme/sephora.de,2026-09-26,quellen/raw_programs_D.csv
P-D102,Beauty/Skincare,Ulta Beauty,https://www.ulta.com/company/affiliates,Impact,US,UNKNOWN,UNKNOWN,UNKNOWN,UNKNOWN,UNKNOWN,UNKNOWN,UNKNOWN,UNKNOWN,UNKNOWN,UNKNOWN,Affiliate-Seite beim Prüfen im Wartungsmodus. Netzwerkdaten via Verzeichnis affiliate-marketing.de (Stand 26.09.2026),https://www.affiliate-marketing.de/partnerprogramme/ulta.com,2026-09-26,quellen/raw_programs_D.csv
P-D103,Beauty/Skincare,Douglas,https://www.affiliate-marketing.de/partnerprogramme/douglas.de,Awin,"DE, AT, CH",5-10 %,THIRD-PARTY ESTIMATE,UNKNOWN,UNKNOWN,UNKNOWN,UNKNOWN,UNKNOWN,UNKNOWN,UNKNOWN,UNKNOWN,Netzwerkdaten via Verzeichnis affiliate-marketing.de (Stand 26.09.2026),https://www.affiliate-marketing.de/partnerprogramme/douglas.de,2026-09-26,quellen/raw_programs_D.csv
P-D104,Beauty/Skincare,Flaconi,https://www.affiliate-marketing.de/partnerprogramme/flaconi.de,Awin,"DE, AT, CH (+PL, BE, NL)",3-5 %,THIRD-PARTY ESTIMATE,UNKNOWN,UNKNOWN,UNKNOWN,UNKNOWN,UNKNOWN,UNKNOWN,UNKNOWN,UNKNOWN,Netzwerkdaten via Verzeichnis affiliate-marketing.de (Stand 26.09.2026),https://www.affiliate-marketing.de/partnerprogramme/flaconi.de,2026-09-26,quellen/raw_programs_D.csv
P-D105,Beauty/Skincare,Notino,https://www.affiliate-marketing.de/partnerprogramme/notino.de,nur MyLead (Lead-Kampagne),DE,"0,02 EUR/Lead (kein Sale-Programm gelistet)",THIRD-PARTY ESTIMATE,UNKNOWN,UNKNOWN,UNKNOWN,UNKNOWN,UNKNOWN,UNKNOWN,UNKNOWN,UNKNOWN,Kein klassisches Sale-Programm in Primärnetzwerken gefunden.,https://www.affiliate-marketing.de/partnerprogramme/notino.de,2026-09-26,quellen/raw_programs_D.csv
P-D106,Beauty/Skincare,LOOKFANTASTIC,https://www.lookfantastic.com/c/affiliates/,Awin,"UK/IE, DACH, US, International",UK 15 %; DACH 12 %; US 10 %; Intl 10 %,THIRD-PARTY ESTIMATE,UNKNOWN,UNKNOWN,UNKNOWN,UNKNOWN,UNKNOWN,UNKNOWN,UNKNOWN,ja (Länderprogramme),UK höchste Rate. Netzwerkdaten via Verzeichnis affiliate-marketing.de (Stand 26.09.2026),https://www.affiliate-marketing.de/partnerprogramme/lookfantastic.de,2026-09-26,quellen/raw_programs_D.csv
P-D107,Beauty/Skincare,Cult Beauty,https://www.cultbeauty.co.uk/c/info/affiliates/,Awin,UK,"bis 15 %; nur 1 % bei Promo-Code-Bestellungen, Elektronik-SKUs, Goody Bags, ausgewählten Marken",CLAIMED,30 Tage,VERIFIED,UNKNOWN,NEIN über Awin: 'does not work with influencers via the Awin affiliate channel' (in-house),nur via in-house Influencer-Programm,UNKNOWN,UNKNOWN,UNKNOWN,Gutscheinseiten nur auf Einladung. Für IG-Theme-Pages Affiliate-Kanal faktisch versperrt.,https://www.cultbeauty.co.uk/c/info/affiliates/,2026-09-26,quellen/raw_programs_D.csv
P-D108,Beauty/Skincare,Space NK,https://www.affiliate-marketing.de/partnerprogramme/spacenk.com,Awin,"UK, ROW (inkl. DE/AT/CH)",7 %,THIRD-PARTY ESTIMATE,UNKNOWN,UNKNOWN,UNKNOWN,UNKNOWN,UNKNOWN,UNKNOWN,UNKNOWN,ja (ROW-Programm),Netzwerkdaten via Verzeichnis affiliate-marketing.de (Stand 26.09.2026),https://www.affiliate-marketing.de/partnerprogramme/spacenk.com,2026-09-26,quellen/raw_programs_D.csv
P-D109,Haircare,Dyson (Airwrap etc.) DE/AT/CH,https://www.affiliate-marketing.de/partnerprogramme/dyson.de,Awin,"DE, AT, CH","DE 5 %; AT 4,2 %; CH 3 %",THIRD-PARTY ESTIMATE,UNKNOWN,UNKNOWN,UNKNOWN,UNKNOWN,UNKNOWN,UNKNOWN,UNKNOWN,UNKNOWN,Premium-Haartools; US/UK-Programm im Verzeichnis nicht belegt. Netzwerkdaten via Verzeichnis affiliate-marketing.de (Stand 26.09.2026),https://www.affiliate-marketing.de/partnerprogramme/dyson.de,2026-09-26,quellen/raw_programs_D.csv
P-D110,Haircare,ghd,https://www.affiliate-marketing.de/partnerprogramme/ghdhair.com,Awin,"DE, UK, US",DE 5 %; UK 1-5 %; US 5 %,THIRD-PARTY ESTIMATE,UNKNOWN,UNKNOWN,UNKNOWN,UNKNOWN,UNKNOWN,UNKNOWN,UNKNOWN,UNKNOWN,Netzwerkdaten via Verzeichnis affiliate-marketing.de (Stand 26.09.2026),https://www.affiliate-marketing.de/partnerprogramme/ghdhair.com,2026-09-26,quellen/raw_programs_D.csv
P-D111,Haircare,OLAPLEX,https://www.affiliate-marketing.de/partnerprogramme/olaplex.com,"Rakuten (US, UK)","US, CA, UK","UNKNOWN (FlexOffers US 4 %, UK 2,4 %)",THIRD-PARTY ESTIMATE,UNKNOWN,UNKNOWN,UNKNOWN,UNKNOWN,UNKNOWN,UNKNOWN,UNKNOWN,UNKNOWN,Netzwerkdaten via Verzeichnis affiliate-marketing.de (Stand 26.09.2026),https://www.affiliate-marketing.de/partnerprogramme/olaplex.com,2026-09-26,quellen/raw_programs_D.csv
P-D112,Beauty/Skincare,The Ordinary (DECIEM),https://www.affiliate-marketing.de/partnerprogramme/theordinary.com,Awin,"UK, DE",UK 13 %; DE 13-20 %,THIRD-PARTY ESTIMATE,UNKNOWN,UNKNOWN,niedriger Warenkorb (Produkte meist < 20 EUR) - keine AOV-Zahl,UNKNOWN,UNKNOWN,UNKNOWN,UNKNOWN,UNKNOWN,Netzwerkdaten via Verzeichnis affiliate-marketing.de (Stand 26.09.2026),https://www.affiliate-marketing.de/partnerprogramme/theordinary.com,2026-09-26,quellen/raw_programs_D.csv
P-D113,Beauty/Skincare,Glossier,https://www.affiliate-marketing.de/partnerprogramme/glossier.com,Impact,"US, UK, EU, CA",UNKNOWN,UNKNOWN,UNKNOWN,UNKNOWN,UNKNOWN,UNKNOWN,UNKNOWN,UNKNOWN,UNKNOWN,UNKNOWN,Netzwerkdaten via Verzeichnis affiliate-marketing.de (Stand 26.09.2026),https://www.affiliate-marketing.de/partnerprogramme/glossier.com,2026-09-26,quellen/raw_programs_D.csv
P-D114,Beauty/Skincare,Estée Lauder,https://www.affiliate-marketing.de/partnerprogramme/esteelauder.com,Rakuten,"US, CA","UNKNOWN (FlexOffers 3,2 %)",THIRD-PARTY ESTIMATE,UNKNOWN,UNKNOWN,UNKNOWN,UNKNOWN,UNKNOWN,UNKNOWN,UNKNOWN,UNKNOWN,Clinique/Kiehl's: kein Eintrag gefunden. Netzwerkdaten via Verzeichnis affiliate-marketing.de (Stand 26.09.2026),https://www.affiliate-marketing.de/partnerprogramme/esteelauder.com,2026-09-26,quellen/raw_programs_D.csv
P-D115,Beauty/Skincare,FOREO,https://www.foreo.com/affiliate-program,"Awin (US 6 %, UK 6 %), Daisycon (EU 4 %), Rakuten, Webgains (US 5 %)",global,2-15 % (Brand); Netzwerk: 4-6 %,CLAIMED,60 Tage,VERIFIED,UNKNOWN,UNKNOWN,UNKNOWN,UNKNOWN,UNKNOWN,ja (global),"Beauty-Devices (LED/UFO, Microcurrent) mit hohem Produktpreis.",https://www.foreo.com/affiliate-program ; https://www.affiliate-marketing.de/partnerprogramme/foreo.com,2026-09-26,quellen/raw_programs_D.csv
P-D116,Beauty/Skincare,CurrentBody DE (LED-Masken),https://www.affiliate-marketing.de/partnerprogramme/currentbody.de,Awin,DE,2-4 %,THIRD-PARTY ESTIMATE,UNKNOWN,UNKNOWN,UNKNOWN,UNKNOWN,UNKNOWN,UNKNOWN,UNKNOWN,UNKNOWN,Trotz hochpreisiger LED-Masken niedrige Rate; UK/US-Programm nicht gefunden. Netzwerkdaten via Verzeichnis affiliate-marketing.de (Stand 26.09.2026),https://www.affiliate-marketing.de/partnerprogramme/currentbody.de,2026-09-26,quellen/raw_programs_D.csv
P-D117,Beauty/Skincare,medicube (Age-R Devices),https://www.affiliate-marketing.de/partnerprogramme/medicube.us,Awin,US,20 %,THIRD-PARTY ESTIMATE,UNKNOWN,UNKNOWN,UNKNOWN,UNKNOWN,UNKNOWN,UNKNOWN,UNKNOWN,UNKNOWN,Sehr hohe Rate für K-Beauty/Beauty-Devices. Netzwerkdaten via Verzeichnis affiliate-marketing.de (Stand 26.09.2026),https://www.affiliate-marketing.de/partnerprogramme/medicube.us,2026-09-26,quellen/raw_programs_D.csv
P-D118,Beauty/Skincare,Solawave (LED),https://www.affiliate-marketing.de/partnerprogramme/solawave.co,nur SaleGains-Listing,US,UNKNOWN,UNKNOWN,UNKNOWN,UNKNOWN,"k. A.; Maske 399-499 USD (Shop-Preis, beobachtet)",UNKNOWN,UNKNOWN,UNKNOWN,UNKNOWN,UNKNOWN,Kein Primärprogramm gefunden; NuFace ebenfalls nicht gefunden.,https://www.solawave.co/pages/affiliate ; https://www.affiliate-marketing.de/partnerprogramme/solawave.co,2026-09-26,quellen/raw_programs_D.csv
P-D119,Fashion,Breuninger,https://www.affiliate-marketing.de/partnerprogramme/breuninger.com,Awin,"DE (DACH), AT, CH, PL, CZ",DE 12 %; AT/CH 8 %; PL/CZ 5-8 %,THIRD-PARTY ESTIMATE,UNKNOWN,UNKNOWN,UNKNOWN,UNKNOWN,UNKNOWN,UNKNOWN,UNKNOWN,UNKNOWN,Premium/Luxus-Kaufhaus. Netzwerkdaten via Verzeichnis affiliate-marketing.de (Stand 26.09.2026),https://www.affiliate-marketing.de/partnerprogramme/breuninger.com,2026-09-26,quellen/raw_programs_D.csv
P-D120,Fashion,OTTO,https://www.otto.de/partnerprogramm/,Eigenes Programm (dynamische Attribution); Social-Creator über Stylink/Metapic,DE,"bis 15 %, Berechnung auf Warenkorbebene",CLAIMED,30 Tage,VERIFIED,UNKNOWN,ja - aber reine Social-Media-Creator (Instagram/YouTube/TikTok) nur über Stylink oder Metapic,ja (via Stylink/Metapic),UNKNOWN,UNKNOWN,DE,Dynamische Attribution verteilt Provision anteilig auf Touchpoints.,https://www.otto.de/partnerprogramm/,2026-09-26,quellen/raw_programs_D.csv
P-D121,Fashion,Lounge by Zalando,https://www.affiliate-marketing.de/partnerprogramme/zalando-lounge.de,Awin,DE,"12 % Sale + 0,50 EUR/Lead",THIRD-PARTY ESTIMATE,UNKNOWN,UNKNOWN,UNKNOWN,UNKNOWN,UNKNOWN,UNKNOWN,UNKNOWN,UNKNOWN,Shopping-Club (Registrierung = Lead).,https://www.affiliate-marketing.de/partnerprogramme/zalando-lounge.de,2026-09-26,quellen/raw_programs_D.csv
P-D122,Fashion,Zalando,https://partner.zalando.com/partnership/partnership-models,-,DE/EU,UNKNOWN,UNKNOWN,UNKNOWN,UNKNOWN,UNKNOWN,UNKNOWN,UNKNOWN,UNKNOWN,UNKNOWN,UNKNOWN,Kein öffentliches Affiliate-Programm gefunden (partner.zalando.com = Marken/Händler); im Verzeichnis kein aktives Programm.,https://partner.zalando.com/partnership/partnership-models ; https://www.affiliate-marketing.de/partnerprogramme/zalando.de,2026-09-26,quellen/raw_programs_D.csv
P-D123,Fashion,ABOUT YOU,https://www.aboutyou.de/partnerprogramm,-,DE/EU,UNKNOWN,UNKNOWN,UNKNOWN,UNKNOWN,UNKNOWN,Creator-Kollaborationen separat,UNKNOWN,UNKNOWN,UNKNOWN,UNKNOWN,Kein Affiliate-Programm in Verzeichnissen gelistet.,https://www.aboutyou.de/partnerprogramm ; https://www.affiliate-marketing.de/partnerprogramme/aboutyou.de,2026-09-26,quellen/raw_programs_D.csv
P-D124,Luxus/Resale,Mytheresa,https://www.affiliate-marketing.de/partnerprogramme/mytheresa.com,CJ,"DACH, International, UK, US, FR, IT","DACH/Intl/FR 4,8-9,6 %; UK/US/IT 4 %",THIRD-PARTY ESTIMATE,UNKNOWN,UNKNOWN,UNKNOWN,UNKNOWN,UNKNOWN,UNKNOWN,UNKNOWN,ja (Länderprogramme),Netzwerkdaten via Verzeichnis affiliate-marketing.de (Stand 26.09.2026),https://www.affiliate-marketing.de/partnerprogramme/mytheresa.com,2026-09-26,quellen/raw_programs_D.csv
P-D125,Luxus/Resale,FARFETCH,https://www.affiliate-marketing.de/partnerprogramme/farfetch.com,Partnerize,"global (DE, UK, US u. a.)",UNKNOWN,UNKNOWN,UNKNOWN,UNKNOWN,UNKNOWN,UNKNOWN,UNKNOWN,UNKNOWN,UNKNOWN,ja (Länderprogramme),Programme aktiv gelistet; Konditionen nicht öffentlich. Eigentümerwechsel zu Coupang 2024 (Wissensstand).,https://www.affiliate-marketing.de/partnerprogramme/farfetch.com,2026-09-26,quellen/raw_programs_D.csv
P-D126,Luxus/Resale,NET-A-PORTER / MR PORTER,https://www.affiliate-marketing.de/partnerprogramme/net-a-porter.com,Rakuten,"UK, US (AU, CA, JP)",UNKNOWN,UNKNOWN,UNKNOWN,UNKNOWN,UNKNOWN,UNKNOWN,UNKNOWN,UNKNOWN,UNKNOWN,UNKNOWN,"MATCHES: 2024 geschlossen (Wissensstand, nicht erneut verifiziert). Netzwerkdaten via Verzeichnis affiliate-marketing.de (Stand 26.09.2026)",https://www.affiliate-marketing.de/partnerprogramme/net-a-porter.com,2026-09-26,quellen/raw_programs_D.csv
P-D127,Fashion,REVOLVE,https://www.affiliate-marketing.de/partnerprogramme/revolve.com,CJ,US/global,5 %,THIRD-PARTY ESTIMATE,UNKNOWN,UNKNOWN,UNKNOWN,UNKNOWN,UNKNOWN,UNKNOWN,UNKNOWN,UNKNOWN,Netzwerkdaten via Verzeichnis affiliate-marketing.de (Stand 26.09.2026),https://www.affiliate-marketing.de/partnerprogramme/revolve.com,2026-09-26,quellen/raw_programs_D.csv
P-D128,Fashion,Shopbop,https://www.affiliate-marketing.de/partnerprogramme/shopbop.com,FlexOffers (Sub-Netzwerk),US,4 %,THIRD-PARTY ESTIMATE,UNKNOWN,UNKNOWN,UNKNOWN,UNKNOWN,UNKNOWN,UNKNOWN,UNKNOWN,UNKNOWN,Nordstrom/SSENSE/END./ASOS/H&M/Uniqlo: kein Primärnetzwerk-Eintrag gefunden.,https://www.affiliate-marketing.de/partnerprogramme/shopbop.com,2026-09-26,quellen/raw_programs_D.csv
P-D129,Fashion,Mango,https://www.affiliate-marketing.de/partnerprogramme/mango.com,Tradedoubler,DE,6 %,THIRD-PARTY ESTIMATE,UNKNOWN,UNKNOWN,UNKNOWN,UNKNOWN,UNKNOWN,UNKNOWN,UNKNOWN,UNKNOWN,Netzwerkdaten via Verzeichnis affiliate-marketing.de (Stand 26.09.2026),https://www.affiliate-marketing.de/partnerprogramme/mango.com,2026-09-26,quellen/raw_programs_D.csv
P-D130,Fashion,StockX (Sneaker-Resale),https://www.affiliate-marketing.de/partnerprogramme/stockx.com,Impact,global,UNKNOWN,UNKNOWN,UNKNOWN,UNKNOWN,UNKNOWN,UNKNOWN,UNKNOWN,UNKNOWN,UNKNOWN,ja (weltweit),Netzwerkdaten via Verzeichnis affiliate-marketing.de (Stand 26.09.2026),https://www.affiliate-marketing.de/partnerprogramme/stockx.com,2026-09-26,quellen/raw_programs_D.csv
P-D131,Fashion,GOAT (Sneaker-Resale),https://www.affiliate-marketing.de/partnerprogramme/goat.com,Impact,US,UNKNOWN,UNKNOWN,UNKNOWN,UNKNOWN,UNKNOWN,UNKNOWN,UNKNOWN,UNKNOWN,UNKNOWN,UNKNOWN,Netzwerkdaten via Verzeichnis affiliate-marketing.de (Stand 26.09.2026),https://www.affiliate-marketing.de/partnerprogramme/goat.com,2026-09-26,quellen/raw_programs_D.csv
P-D132,Uhren,Chrono24 US,https://www.affiliate-marketing.de/partnerprogramme/chrono24.com,Awin,US,"2,5 % pro Sale + 1,00 USD pro Lead",THIRD-PARTY ESTIMATE,UNKNOWN,UNKNOWN,UNKNOWN,UNKNOWN,UNKNOWN,UNKNOWN,UNKNOWN,UNKNOWN,Im Verzeichnis neu aufgenommen am 21.09.2026; offizielle Seite blockiert (403). Niedrige % aber sehr hoher Warenwert (Luxusuhren).,https://www.affiliate-marketing.de/partnerprogramme/chrono24.com,2026-09-26,quellen/raw_programs_D.csv
P-D133,Uhren,Chrono24 UK,https://www.affiliate-marketing.de/partnerprogramme/chrono24.co.uk,Awin,UK,"2,5 %",THIRD-PARTY ESTIMATE,UNKNOWN,UNKNOWN,UNKNOWN,UNKNOWN,UNKNOWN,UNKNOWN,UNKNOWN,UNKNOWN,Kein DE-Programm im Verzeichnis gefunden. Netzwerkdaten via Verzeichnis affiliate-marketing.de (Stand 26.09.2026),https://www.affiliate-marketing.de/partnerprogramme/chrono24.co.uk,2026-09-26,quellen/raw_programs_D.csv
P-D134,Uhren,Jomashop,https://www.affiliate-marketing.de/partnerprogramme/jomashop.com,CJ,US,1-6 % bzw. 5-40 USD pro Sale,THIRD-PARTY ESTIMATE,UNKNOWN,UNKNOWN,UNKNOWN,UNKNOWN,UNKNOWN,UNKNOWN,UNKNOWN,UNKNOWN,Watchfinder: kein Programm gelistet. Netzwerkdaten via Verzeichnis affiliate-marketing.de (Stand 26.09.2026),https://www.affiliate-marketing.de/partnerprogramme/jomashop.com,2026-09-26,quellen/raw_programs_D.csv
P-D135,Uhren,Uhrcenter,https://www.affiliate-marketing.de/partnerprogramme/uhrcenter.de,Awin,DE,9 %,THIRD-PARTY ESTIMATE,UNKNOWN,UNKNOWN,UNKNOWN,UNKNOWN,UNKNOWN,UNKNOWN,UNKNOWN,UNKNOWN,Netzwerkdaten via Verzeichnis affiliate-marketing.de (Stand 26.09.2026),https://www.affiliate-marketing.de/partnerprogramme/uhrcenter.de,2026-09-26,quellen/raw_programs_D.csv
P-D136,Schmuck,CHRIST,https://www.affiliate-marketing.de/partnerprogramme/christ.de,Awin,DE,8 %,THIRD-PARTY ESTIMATE,UNKNOWN,UNKNOWN,UNKNOWN,UNKNOWN,UNKNOWN,UNKNOWN,UNKNOWN,UNKNOWN,Uhren + Schmuck. Netzwerkdaten via Verzeichnis affiliate-marketing.de (Stand 26.09.2026),https://www.affiliate-marketing.de/partnerprogramme/christ.de,2026-09-26,quellen/raw_programs_D.csv
P-D137,Uhren,Daniel Wellington,https://www.affiliate-marketing.de/partnerprogramme/danielwellington.com,Awin (DE/AT); Adtraction (Nordics),"DE, AT (Nordics)",8 % (DE/AT); 10-15 % Nordics,THIRD-PARTY ESTIMATE,UNKNOWN,UNKNOWN,UNKNOWN,UNKNOWN,UNKNOWN,UNKNOWN,UNKNOWN,UNKNOWN,Netzwerkdaten via Verzeichnis affiliate-marketing.de (Stand 26.09.2026),https://www.affiliate-marketing.de/partnerprogramme/danielwellington.com,2026-09-26,quellen/raw_programs_D.csv
P-D138,Schmuck,THOMAS SABO,https://www.affiliate-marketing.de/partnerprogramme/thomassabo.com,Awin,"DE, CH, UK",8 %,THIRD-PARTY ESTIMATE,UNKNOWN,UNKNOWN,UNKNOWN,UNKNOWN,UNKNOWN,UNKNOWN,UNKNOWN,UNKNOWN,Netzwerkdaten via Verzeichnis affiliate-marketing.de (Stand 26.09.2026),https://www.affiliate-marketing.de/partnerprogramme/thomassabo.com,2026-09-26,quellen/raw_programs_D.csv
P-D139,Schmuck,Mejuri,https://www.affiliate-marketing.de/partnerprogramme/mejuri.com,Impact,global,UNKNOWN,UNKNOWN,UNKNOWN,UNKNOWN,UNKNOWN,UNKNOWN,UNKNOWN,UNKNOWN,UNKNOWN,ja (global),Netzwerkdaten via Verzeichnis affiliate-marketing.de (Stand 26.09.2026),https://www.affiliate-marketing.de/partnerprogramme/mejuri.com,2026-09-26,quellen/raw_programs_D.csv
P-D140,Schmuck,Ana Luisa,https://www.affiliate-marketing.de/partnerprogramme/analuisa.com,Impact,"global (DE, UK, US u. a.)",UNKNOWN,UNKNOWN,UNKNOWN,UNKNOWN,UNKNOWN,UNKNOWN,UNKNOWN,UNKNOWN,UNKNOWN,ja,Netzwerkdaten via Verzeichnis affiliate-marketing.de (Stand 26.09.2026),https://www.affiliate-marketing.de/partnerprogramme/analuisa.com,2026-09-26,quellen/raw_programs_D.csv
P-D141,Schmuck,Blue Nile,https://www.bluenile.com/affiliates,UNKNOWN (nicht genannt),US,"3,5 %",VERIFIED,UNKNOWN,UNKNOWN,UNKNOWN,eingeschränkt: 'You have a live domain' ist Voraussetzung,nein (ohne eigene Domain),UNKNOWN,UNKNOWN,UNKNOWN,Nur Content-Partner mit eigener Domain.,https://www.bluenile.com/affiliates,2026-09-26,quellen/raw_programs_D.csv
P-D142,Schmuck,Brilliant Earth,https://www.affiliate-marketing.de/partnerprogramme/brilliantearth.com,Impact,"US, UK, CA, AU",UNKNOWN,UNKNOWN,UNKNOWN,UNKNOWN,UNKNOWN,UNKNOWN,UNKNOWN,UNKNOWN,UNKNOWN,UNKNOWN,Netzwerkdaten via Verzeichnis affiliate-marketing.de (Stand 26.09.2026),https://www.affiliate-marketing.de/partnerprogramme/brilliantearth.com,2026-09-26,quellen/raw_programs_D.csv
P-D143,Luxus/Resale,The RealReal,https://www.affiliate-marketing.de/partnerprogramme/therealreal.com,Impact,US/global,UNKNOWN,UNKNOWN,UNKNOWN,UNKNOWN,UNKNOWN,UNKNOWN,UNKNOWN,UNKNOWN,UNKNOWN,UNKNOWN,Netzwerkdaten via Verzeichnis affiliate-marketing.de (Stand 26.09.2026),https://www.affiliate-marketing.de/partnerprogramme/therealreal.com,2026-09-26,quellen/raw_programs_D.csv
P-D144,Luxus/Resale,FASHIONPHILE,https://www.affiliate-marketing.de/partnerprogramme/fashionphile.com,Impact,US,UNKNOWN,UNKNOWN,UNKNOWN,UNKNOWN,UNKNOWN,UNKNOWN,UNKNOWN,UNKNOWN,UNKNOWN,UNKNOWN,Netzwerkdaten via Verzeichnis affiliate-marketing.de (Stand 26.09.2026),https://www.affiliate-marketing.de/partnerprogramme/fashionphile.com,2026-09-26,quellen/raw_programs_D.csv
P-D145,Luxus/Resale,Rebag,https://www.affiliate-marketing.de/partnerprogramme/rebag.com,CJ,US,7 %,THIRD-PARTY ESTIMATE,UNKNOWN,UNKNOWN,UNKNOWN,UNKNOWN,UNKNOWN,UNKNOWN,UNKNOWN,UNKNOWN,Vestiaire Collective: kein Eintrag gefunden. Netzwerkdaten via Verzeichnis affiliate-marketing.de (Stand 26.09.2026),https://www.affiliate-marketing.de/partnerprogramme/rebag.com,2026-09-26,quellen/raw_programs_D.csv
P-D146,Hobby/Collectibles,eBay Partner Network,https://partnernetwork.ebay.com/our-program/rate-card,eBay Partner Network (direkt),"US, UK, DE u. a.","Collectibles 3,0 % (Cap 550 USD); Fashion inkl. Uhren & Schmuck 4,0 % (Cap 550); Elektronik 1,5-2,0 %; All Other 4,0 %",VERIFIED,"24 Stunden (Auktion: Gebot binnen 24 h, Zuschlag binnen 10 Tagen)",VERIFIED,UNKNOWN,ja ('may use Links on social media sites that allow posting of affiliate marketing links'; Kurz-URLs erlaubt),ja,UNKNOWN,"UNKNOWN (eBay-Developer-APIs existieren, nicht geprüft)",ja (190 Märkte),Rate Card global (Bild auf EPN-Seite); Deckel pro Transaktion.,https://partnernetwork.ebay.com/our-program/rate-card ; https://partnernetwork.ebay.com/page/network-agreement,2026-09-26,quellen/raw_programs_D.csv
P-D147,Hobby/Collectibles,LEGO (US),https://www.lego.com/en-us/page/affiliate-program,Rakuten (LinkShare),US,UNKNOWN,UNKNOWN,UNKNOWN,UNKNOWN,UNKNOWN,UNKNOWN,UNKNOWN,UNKNOWN,UNKNOWN,UNKNOWN,"Provision ohne Versand, Steuern, Retouren; Mindestalter 18.",https://www.lego.com/en-us/page/affiliate-program,2026-09-26,quellen/raw_programs_D.csv
P-D148,Hobby/Collectibles,LEGO (EU inkl. DE/UK),https://www.affiliate-marketing.de/partnerprogramme/lego.com,Daisycon,"DE, AT, CH, UK, EU","3,57 %",THIRD-PARTY ESTIMATE,UNKNOWN,UNKNOWN,UNKNOWN,UNKNOWN,UNKNOWN,UNKNOWN,UNKNOWN,UNKNOWN,Netzwerkdaten via Verzeichnis affiliate-marketing.de (Stand 26.09.2026),https://www.affiliate-marketing.de/partnerprogramme/lego.com,2026-09-26,quellen/raw_programs_D.csv
P-D149,Hobby/Collectibles,Etsy (Affiliates + Creator Collective),https://www.etsy.com/affiliates,Etsy Affiliates (Netzwerk auf Seite nicht genannt) + Creator Collective für Social,global (Support EN/FR/IT/ES/DE),UNKNOWN,UNKNOWN,'competitive' (keine Zahl),CLAIMED,UNKNOWN,ja - Creator Collective speziell für Social-Media-Creator,ja,UNKNOWN,UNKNOWN,ja,"Provision ohne Steuer, Versand, Retouren, Stornos.",https://www.etsy.com/affiliates,2026-09-26,quellen/raw_programs_D.csv
P-D150,Hobby/Collectibles,TCGplayer (eBay),https://www.affiliate-marketing.de/partnerprogramme/tcgplayer.com,Impact,global,UNKNOWN,UNKNOWN,UNKNOWN,UNKNOWN,UNKNOWN,UNKNOWN,UNKNOWN,UNKNOWN,UNKNOWN,UNKNOWN,Netzwerkdaten via Verzeichnis affiliate-marketing.de (Stand 26.09.2026),https://www.affiliate-marketing.de/partnerprogramme/tcgplayer.com,2026-09-26,quellen/raw_programs_D.csv
P-D151,Hobby/Collectibles,Fanatics,https://www.affiliate-marketing.de/partnerprogramme/fanatics.com,"Impact (Global, UFC Store, MotoGP Store)","US, UK, DE, EU",UNKNOWN,UNKNOWN,UNKNOWN,UNKNOWN,UNKNOWN,UNKNOWN,UNKNOWN,UNKNOWN,UNKNOWN,ja,Netzwerkdaten via Verzeichnis affiliate-marketing.de (Stand 26.09.2026),https://www.affiliate-marketing.de/partnerprogramme/fanatics.com,2026-09-26,quellen/raw_programs_D.csv
P-D152,Hobby/Collectibles,Funko,https://www.affiliate-marketing.de/partnerprogramme/funko.com,CJ,US,4 %,THIRD-PARTY ESTIMATE,UNKNOWN,UNKNOWN,UNKNOWN,UNKNOWN,UNKNOWN,UNKNOWN,UNKNOWN,UNKNOWN,Netzwerkdaten via Verzeichnis affiliate-marketing.de (Stand 26.09.2026),https://www.affiliate-marketing.de/partnerprogramme/funko.com,2026-09-26,quellen/raw_programs_D.csv
P-D153,Hobby/Collectibles,Revell (Modellbau),https://www.affiliate-marketing.de/partnerprogramme/revell.de,Awin,"DE, AT",8 %,THIRD-PARTY ESTIMATE,UNKNOWN,UNKNOWN,UNKNOWN,UNKNOWN,UNKNOWN,UNKNOWN,UNKNOWN,UNKNOWN,Märklin/Games Workshop/Pokémon Center/HobbyKing: kein Programm gefunden. Netzwerkdaten via Verzeichnis affiliate-marketing.de (Stand 26.09.2026),https://www.affiliate-marketing.de/partnerprogramme/revell.de,2026-09-26,quellen/raw_programs_D.csv
P-D154,Hobby/Collectibles,Miniature Market (Board Games/TCG),https://www.miniaturemarket.com/utility/affiliate-program,LinkConnector,US,5 %,VERIFIED,7 Tage,VERIFIED,UNKNOWN,"ja (Social-Posts, Kurz-/Langvideos ausdrücklich)",ja,UNKNOWN,UNKNOWN,UNKNOWN,Philibert: kein Programm gefunden.,https://www.miniaturemarket.com/utility/affiliate-program,2026-09-26,quellen/raw_programs_D.csv
P-D155,Hobby/Collectibles,Conrad Electronic (RC/Modellbau),https://www.affiliate-marketing.de/partnerprogramme/conrad.de,Awin,"DE, AT, CH","DE/AT 5 %; CH 3,5 %",THIRD-PARTY ESTIMATE,UNKNOWN,UNKNOWN,UNKNOWN,UNKNOWN,UNKNOWN,UNKNOWN,UNKNOWN,UNKNOWN,Netzwerkdaten via Verzeichnis affiliate-marketing.de (Stand 26.09.2026),https://www.affiliate-marketing.de/partnerprogramme/conrad.de,2026-09-26,quellen/raw_programs_D.csv
P-D156,3D-Druck/Maker,Bambu Lab,https://www.affiliate-marketing.de/partnerprogramme/bambulab.com,Awin (US),US,10 %,THIRD-PARTY ESTIMATE,UNKNOWN,UNKNOWN,UNKNOWN,UNKNOWN,UNKNOWN,UNKNOWN,UNKNOWN,UNKNOWN,Offizielle Seite blockiert (403). Prusa: kein Programm gefunden. Netzwerkdaten via Verzeichnis affiliate-marketing.de (Stand 26.09.2026),https://www.affiliate-marketing.de/partnerprogramme/bambulab.com,2026-09-26,quellen/raw_programs_D.csv
P-D157,3D-Druck/Maker,Creality,https://www.creality.com/pages/affiliate-program,Impact (empfohlen für neue Partner) + Awin,"US, DE, global",Awin DE 5-8 %; Awin US 4-8 %,THIRD-PARTY ESTIMATE,UNKNOWN,UNKNOWN,UNKNOWN,"ja (YouTube-, TikTok-, Instagram-Creator ausdrücklich)",ja,UNKNOWN,UNKNOWN,ja,Auch Coupon/Deal/Cashback-Partner zugelassen.,https://www.creality.com/pages/affiliate-program ; https://www.affiliate-marketing.de/partnerprogramme/creality.com,2026-09-26,quellen/raw_programs_D.csv
P-D158,3D-Druck/Maker,Anycubic,https://store.anycubic.com/pages/affiliate-program,UNKNOWN (eigene Plattform),global,ab 5 % + Monatsbonus,CLAIMED,60 Tage,CLAIMED,UNKNOWN,ja (Creator ausdrücklich),UNKNOWN,UNKNOWN,UNKNOWN,ja,Exklusive Coupon-Codes.,https://store.anycubic.com/pages/affiliate-program,2026-09-26,quellen/raw_programs_D.csv
P-D159,3D-Druck/Maker,ELEGOO,https://www.affiliate-marketing.de/partnerprogramme/elegoo.com,Impact (global) + Awin (US 5 %),global,Awin US 5 %,THIRD-PARTY ESTIMATE,UNKNOWN,UNKNOWN,UNKNOWN,UNKNOWN,UNKNOWN,UNKNOWN,UNKNOWN,ja,Netzwerkdaten via Verzeichnis affiliate-marketing.de (Stand 26.09.2026),https://www.affiliate-marketing.de/partnerprogramme/elegoo.com,2026-09-26,quellen/raw_programs_D.csv
P-D160,3D-Druck/Maker,Cricut,https://cricut.com/en-us/partners,Impact (gemanagt von Acceleration Partners); EMEA separat,"US, CA (EMEA eigenes Programm)",bis 12 %,CLAIMED,5 Tage,VERIFIED,UNKNOWN,UNKNOWN,UNKNOWN,UNKNOWN,UNKNOWN,UNKNOWN,Keine Gratisprodukte für Sponsorings; sehr kurzes Cookie.,https://cricut.com/en-us/partners ; https://www.affiliate-marketing.de/partnerprogramme/cricut.com,2026-09-26,quellen/raw_programs_D.csv
P-D161,3D-Druck/Maker,DJI (Drohnen),https://www.affiliate-marketing.de/partnerprogramme/dji.com,Impact,US,"UNKNOWN (Sub-Netzwerke 1,5-6 %)",THIRD-PARTY ESTIMATE,UNKNOWN,UNKNOWN,UNKNOWN,UNKNOWN,UNKNOWN,UNKNOWN,UNKNOWN,UNKNOWN,Netzwerkdaten via Verzeichnis affiliate-marketing.de (Stand 26.09.2026),https://www.affiliate-marketing.de/partnerprogramme/dji.com,2026-09-26,quellen/raw_programs_D.csv
