account_id,nische,plattform,handle,url,markt_sprache,follower,follower_datenqualitaet,groessenklasse,posting_frequenz,typische_views,median_views,top_views,views_datenqualitaet,content_format,ai_real_mixed,link_in_bio,affiliate,amazon_storefront,ltk,shopmy,eigene_collections,andere_affiliate_systeme,affiliate_nachweis,case_study,quelle_url,pruefdatum,notizen,quelle_datei
C-H001,Interior/Home Decor – Amazon Home Finds,Instagram,trendyhomefinds1,https://www.instagram.com/trendyhomefinds1/,EN/international,1300000,ESTIMATED,1M+,UNKNOWN,UNKNOWN,UNKNOWN,UNKNOWN,UNKNOWN,"Produkt-/Deko-Reels „Products you didn’t know you needed“, virale Home-Finds; Bio „Order Here 👇“",real (vermutl. kuratierte/reposted Produktclips),Linktree (linktr.ee/trendyhomefinds1),ja,nein (amazon.com/shop/trendyhomefinds1 = 404); Amazon-Einzellinks,nein,UNKNOWN,"ja (Linktree-Produktliste, ~25+ Amazon-Produkte nach Räumen)",nein,Linktree-Beschreibung: „As an Amazon Associate I earn from qualifying purchases.“; Links amzn.to/… und amazon.com/dp/…?tag=tiktok2025000-20 (Typ AMAZON_PRODUCT),ja,https://linktr.ee/trendyhomefinds1 ; https://orbitvibe.com/rankings/instagram/lifestyle/home-decor ; https://insta-stories-viewer.com/trendyhomefinds1/,2026-09-26,"Follower-Angaben widersprüchlich: orbitvibe 1,3 Mio.; Viewer 1,3 Mio./194 Posts; Google-Snippet (WebSearch) 2 Mio./1.028 Posts. Linktree-Titel „@trendyhome“. TikTok @trendyhomefinds1 nur 55 Follower → IG-native Page.",quellen/raw_competitors_home.csv
C-H002,Interior/Home Decor – Amazon Home Finds,Instagram,divaa.finds,https://www.instagram.com/divaa.finds/,EN/US,774100,ESTIMATED,500k-1M,UNKNOWN,UNKNOWN (Stichprobe Likes: 3.815 bzw. 3.649 Likes je Reel),UNKNOWN,UNKNOWN,Likes VERIFIED (IG-Meta Reel DPuNhtKk80T 12.10.2025: 3.815 Likes/15 Kommentare; Reel DO397VJiDtc 21.09.2025: 3.649 Likes/12 Kommentare); Views UNKNOWN,"Cozy-Room-/Vanity-Reels (Raum-Slideshows mit Text-Overlay), „Shop my faves & makeover must-haves“","real (Reel-Analyse via NexLev-Gemini: echte Wohnraumaufnahmen, vermutl. Repost fremder Creator)","Linktree (linktr.ee/divaa.finds, verlinkt instagram.com/divaa.finds)",ja,"ja (amazon.com/shop/divaaa.finds, Tag gamecraft07-20)",nein,UNKNOWN,ja (Storefront-Liste „My Fav Picks“ + eigener Shop divafinds.us),Temu-Affiliate-Link (temu.to),Linktree: „Diva’s Amazon Storefront“ (AMAZON_SHOP) + Amazon-Produktlinks mit tag=gamecraft07-20 + „Diva’s Temu | Fav Picks“; Storefront-Seite „Diva finds’s Amazon Page“,ja,https://linktr.ee/divaa.finds ; https://www.amazon.com/shop/divaaa.finds ; https://insta-stories-viewer.com/divaa.finds/ ; https://orbitvibe.com/rankings/instagram/lifestyle/home-decor,2026-09-26,"orbitvibe 777,3k; WebSearch-Snippet 785k. Pinterest divaafinds102 ~3,8k Follower. TikTok nur 133 Follower. Reel-Caption laut Videoanalyse mit „Comment ‚PINK‘ for links“-CTA (Metadaten der Analyse widersprüchlich → nur qualitativ).",quellen/raw_competitors_home.csv
C-H003,Interior/Home Decor – Amazon Home Finds,Instagram,stylerior,https://www.instagram.com/stylerior/,EN/international,669800,ESTIMATED,500k-1M,UNKNOWN,UNKNOWN,UNKNOWN,UNKNOWN,UNKNOWN,Interior-Design-/Home-Decor-Inspiration („The new way to design your 🏠“),UNKNOWN,"Linktree (linktr.ee/stylerior, verlinkt instagram.com/stylerior)",ja,"ja (amazon.com/shop/urban.homedesign = „Stylerior’s Amazon Page“, Tag urbanhomedesi-20)",nein,UNKNOWN,ja (Storefront),Temu („Temu Deals & Discounts“),Linktree-Links „Amazon Storefront“ (AMAZON_SHOP) + „Temu Deals & Discounts“; Storefront-Titel „Stylerior’s Amazon Page“,ja,https://linktr.ee/stylerior ; https://www.amazon.com/shop/urban.homedesign ; https://insta-stories-viewer.com/stylerior/ ; https://orbitvibe.com/rankings/instagram/lifestyle/home-decor,2026-09-26,"orbitvibe: 791,2k. Storefront läuft unter anderem Vanity-Handle (urban.homedesign) → Betreiber nutzt Storefront über mehrere Pages?",quellen/raw_competitors_home.csv
C-H004,Interior/Home Decor,Instagram,home.interior1,https://www.instagram.com/home.interior1/,EN/international,1300000,ESTIMATED,1M+,UNKNOWN,UNKNOWN,UNKNOWN,UNKNOWN,UNKNOWN,„Modern interior inspiration“ – kuratierte Interior-Fotos/Reels mit Credit („📷👇“),"real (Repost/Kuration, ESTIMATED)",Linktree (linktr.ee/home.interior1),ja,"ja (amazon.com/shop/home.interior1, Tag homeinterior1-20)",nein,UNKNOWN,ja (Storefront) + eigenes Info-Produkt homeinterior1.com („Simple routines for an always-clean home“),nein,Linktree: Amazon-Kurzlink (amzn.to) „Automatic Liquid Soap Dispenser“; Storefront „Home.interior1’s Amazon Page“ mit Associate-Tag homeinterior1-20,ja,https://linktr.ee/home.interior1 ; https://www.amazon.com/shop/home.interior1 ; https://insta-stories-viewer.com/home.interior1/ ; https://orbitvibe.com/rankings/instagram/lifestyle/home-decor,2026-09-26,"orbitvibe 1,2 Mio.; 3,8k Posts. Hybrid: Affiliate + eigenes digitales Produkt.",quellen/raw_competitors_home.csv
C-H005,Interior/Home Decor,Instagram,glam_style_living_,https://www.instagram.com/glam_style_living_/,EN/Kanada,1300000,ESTIMATED,1M+,UNKNOWN,UNKNOWN,UNKNOWN,UNKNOWN,UNKNOWN,Interior Design & Home Decor (Glam-Stil),UNKNOWN,UNKNOWN (kein Linktree unter Handle),ja,"ja (amazon.com/shop/glam_style_living_ → Vanity glamstyleliving, Tag glamstyelivin-20)",UNKNOWN,UNKNOWN,ja (Storefront),UNKNOWN,"Storefront-Titel „Glam Style Living’s Amazon Page“ unter identischem Handle, Associate-Tag glamstyelivin-20",ja,https://www.amazon.com/shop/glam_style_living_ ; https://insta-stories-viewer.com/glam_style_living_/ ; https://orbitvibe.com/rankings/instagram/lifestyle/home-decor,2026-09-26,"Bio nur „Elizabeth“ → evtl. personengeführt. orbitvibe 1,2 Mio. (Kanada). Zuordnung IG↔Storefront über identischen Handle/Namen (nicht über Link bestätigt).",quellen/raw_competitors_home.csv
C-H006,Interior/Home Decor (Design-Education),Instagram,d.signers,https://www.instagram.com/d.signers/,EN/ES international,4400000,ESTIMATED,1M+,UNKNOWN,UNKNOWN,UNKNOWN,UNKNOWN,UNKNOWN,"Interior-Design-Tipps, Raum-Makeovers/Renderings, Guides",mixed (ESTIMATED),Linktree (linktr.ee/d.signers),ja,"ja (amazon.com/shop/d.signers „Zahira Cury’s Amazon Page“, Tag eduardocarvaj-20)",nein,UNKNOWN,ja (Storefront + eigene Kurse „D.Signers Academy“),geni.us-Link „Shop DS Amazon Store“,Linktree-Link „Shop DS Amazon Store“ (geni.us); Storefront-Tag eduardocarvaj-20 passt zu IG-Bio „@zahira.cury @eduardocarvajal“,ja,https://linktr.ee/d.signers ; https://www.amazon.com/shop/d.signers ; https://insta-stories-viewer.com/d.signers/ ; https://orbitvibe.com/rankings/instagram/lifestyle/home-decor,2026-09-26,"Bio: „7M+ design lovers“ (plattformübergreifend, CLAIMED). Monetarisierung primär Kurse, Amazon sekundär. Marken-Page, nicht rein faceless-anonym.",quellen/raw_competitors_home.csv
C-H007,Home Hacks / Home Decor Produkte,Instagram,homeinspirehacks,https://www.instagram.com/homeinspirehacks/,EN/international,2300000,ESTIMATED,1M+,UNKNOWN,UNKNOWN,UNKNOWN,UNKNOWN,UNKNOWN,"Home-Hacks, Falt-Tricks, „amazing products“; Bio „👇 Shop Here 👇“",real (ESTIMATED),UNKNOWN (kein Linktree/Beacons abrufbar),unklar,nein (404 unter Handle),UNKNOWN,UNKNOWN,UNKNOWN,UNKNOWN,nur Bio-CTA „Shop Here“; Linkziel nicht ermittelbar,nein,https://insta-stories-viewer.com/homeinspirehacks/ ; https://hypeauditor.com/instagram/homeinspirehacks/ (Suchsnippet) ; https://www.threads.com/@homeinspirehacks ; https://orbitvibe.com/rankings/instagram/lifestyle/home-decor,2026-09-26,"HypeAuditor (Snippet): 2.686.992 Follower, ER 0,03 %, Einkommensschätzung Mai 2025 4.280–5.863 USD (ESTIMATED, Drittanbieter). orbitvibe 1,8 Mio. Threads 488,4k. Sehr niedrige Engagement-Rate.",quellen/raw_competitors_home.csv
C-H008,Home Decor / Produkte (eigener Shop),Instagram,myhousesdecors,https://www.instagram.com/myhousesdecors/,EN/international,4100000,ESTIMATED,1M+,UNKNOWN,UNKNOWN,UNKNOWN,UNKNOWN,UNKNOWN,„Home Decor | Trendy Products | DIY Ideas“ – Produkt-Reels,real (ESTIMATED),Linktree (linktr.ee/myhousesdecors),nein,nein,nein,nein,"ja (eigener Shop myhousesproduct.com, 18 Produktlinks)",nein (Dropshipping-/Eigenshop-Modell),"Linktree verlinkt ausschließlich myhousesproduct.com (Outdoor Bath Kit, Cleaning Brush, Shoe Organizer …) → Eigenshop statt Affiliate",nein,https://linktr.ee/myhousesdecors ; https://insta-stories-viewer.com/myhousesdecors/ ; https://orbitvibe.com/rankings/instagram/lifestyle/home-decor,2026-09-26,"Follower-Diskrepanz: Viewer 4,1 Mio. vs. orbitvibe 1,5 Mio. Wichtiger Vergleich: große Home-Page monetarisiert über eigenen Shop (höhere Marge) statt Affiliate.",quellen/raw_competitors_home.csv
C-H009,Interior/Home Decor,Instagram,homedecoration330,https://www.instagram.com/homedecoration330/,EN/UK,939600,ESTIMATED,500k-1M,UNKNOWN,UNKNOWN,UNKNOWN,UNKNOWN,UNKNOWN,Home Decor/Interior Styling/DIY – Repost-Page („Copyright issue: message us for removal“),real (Reposts),UNKNOWN,unklar,nein (404),UNKNOWN,UNKNOWN,UNKNOWN,UNKNOWN,kein Nachweis gefunden; Bio: „DM for collaborations“ (Sponsoring-Modell wahrscheinlich),nein,https://insta-stories-viewer.com/homedecoration330/ ; https://orbitvibe.com/rankings/instagram/lifestyle/home-decor,2026-09-26,"orbitvibe 934k; 3,6k Posts.",quellen/raw_competitors_home.csv
C-H010,Interior/Home Decor,Instagram,myhouselooks,https://www.instagram.com/myhouselooks/,EN/international,368200,ESTIMATED,100k-500k,UNKNOWN,UNKNOWN,UNKNOWN,UNKNOWN,UNKNOWN,"Interior-Inspiration, Repost („DM for credit or removal“)",real (Reposts),UNKNOWN („Check them out 👇“),unklar,nein (404),UNKNOWN,UNKNOWN,UNKNOWN,UNKNOWN,kein Nachweis,nein,https://insta-stories-viewer.com/myhouselooks/ ; https://orbitvibe.com/rankings/instagram/lifestyle/home-decor,2026-09-26,"Diskrepanz: orbitvibe 1,1 Mio. vs. Viewer 368,2k (evtl. Follower-Verlust/Datenstand).",quellen/raw_competitors_home.csv
C-H011,Interior/Real Estate Design (Kuration),Instagram,the_real_houses_of_ig,https://www.instagram.com/the_real_houses_of_ig/,EN/US,2500000,ESTIMATED,1M+,UNKNOWN,UNKNOWN,UNKNOWN,UNKNOWN,UNKNOWN,„the very best of design and real estate“ – kuratierte Häuser/Interiors,real,UNKNOWN,unklar,nein (404),UNKNOWN,UNKNOWN,UNKNOWN,UNKNOWN,kein Nachweis,nein,https://insta-stories-viewer.com/the_real_houses_of_ig/ ; https://pikory.com/explore/category/home-decor,2026-09-26,Pikory: 2.236.933 Follower. Gegründet von @katerumson (personengeführte Kuratoren-Marke).,quellen/raw_competitors_home.csv
C-H012,Interior/Home Decor – Amazon Home Finds,Instagram,cool_amazon_homefinds,https://www.instagram.com/cool_amazon_homefinds/,EN/international,89000,ESTIMATED,10k-100k,UNKNOWN,UNKNOWN,UNKNOWN,UNKNOWN,UNKNOWN,Amazon-Home-Finds-Reels/Posts (2.555 Posts laut Snippet),real (ESTIMATED),UNKNOWN,ja,"ja (amazon.com/shop/cool_amazon_homefinds „Chamli Nawod Shops’s Amazon Page“, Tag ndaamazon1220-20)",nein,UNKNOWN,ja (Storefront),UNKNOWN,Amazon-Storefront unter identischem Handle inkl. Associate-Tag ndaamazon1220-20,ja,"https://www.amazon.com/shop/cool_amazon_homefinds ; WebSearch-Snippet instagram.com/cool_amazon_homefinds (89K followers, 114 following, 2.555 posts)",2026-09-26,Kleinklasse-Beispiel; Storefront-Inhaber-Name deutet auf Offshore-Betreiber einer reinen Theme-Page. Viewer lieferte keine Daten.,quellen/raw_competitors_home.csv
C-H013,Amazon Home Finds,Instagram,onlinee_finds,https://www.instagram.com/onlinee_finds/,EN/international,18400,ESTIMATED,10k-100k,"UNKNOWN (2,8k Posts gesamt)",UNKNOWN,UNKNOWN,UNKNOWN,Likes VERIFIED (Post DFfP9YnNyMD 31.01.2025: 887 Likes/1 Kommentar),Home-Tools/Amazon-Home-Finds-Posts; Caption „Amazon home finds Link in my bio to shop … #amazoninfluencer“,real (ESTIMATED),UNKNOWN,wahrscheinlich,nein unter Handle (404),UNKNOWN,UNKNOWN,UNKNOWN,UNKNOWN,IG-Caption (Meta-Tag) „Amazon home finds Link in my bio to shop @onlinee_finds … #amazonhome #amazoninflu…“,nein,https://www.instagram.com/p/DFfP9YnNyMD/ ; https://insta-stories-viewer.com/onlinee_finds/,2026-09-26,"Beispiel für kleine, hochfrequente Finds-Page mit schwachem Engagement.",quellen/raw_competitors_home.csv
C-H014,Amazon Home Finds (Personen-Vergleich),Instagram,jodie.thedesigntwins,https://www.instagram.com/jodie.thedesigntwins/,EN/US,2300000,ESTIMATED,1M+,UNKNOWN,UNKNOWN,UNKNOWN,UNKNOWN,UNKNOWN,"„AMAZON Home Finds“, „make your home look expensive“ – Creator mit Gesicht",real (Person),Linktree (linktr.ee/jodie.thedesigntwins),ja,ja (Linktree „The Design Twins Amazon Shop“ via urlgeni.us),ja (Linktree „TheDesignTwins on LTK“),UNKNOWN,ja (Blog thedesigntwins.com),geni.us-Linkmanagement,Bio: „*All links earn commission“; Linktree-Links Amazon Shop + LTK,ja,https://linktr.ee/jodie.thedesigntwins ; https://insta-stories-viewer.com/jodie.thedesigntwins/,2026-09-26,Person (kein Faceless) – Benchmark für das Modell. WebSearch-Snippet: 2 Mio./3.676 Posts.,quellen/raw_competitors_home.csv
C-H015,Amazon Finds Home/Fashion (Personen-Vergleich),Instagram,toponlinefinds,https://www.instagram.com/toponlinefinds/,EN/US,527900,ESTIMATED,500k-1M,UNKNOWN,UNKNOWN,UNKNOWN,UNKNOWN,UNKNOWN,"Amazon-Finds Home/Fashion/Lifestyle (Person, Dallas TX)",real (Person),UNKNOWN,ja,ja (amazon.com/shop/toponlinefinds „TopOnlineFinds’s Amazon Page“),UNKNOWN,UNKNOWN,ja (Storefront) + Co-Founder @fable_lane,UNKNOWN,Bio „👇🏼 Shop my Amazon finds“ + Storefront unter identischem Handle,ja,https://www.amazon.com/shop/toponlinefinds ; https://insta-stories-viewer.com/toponlinefinds/,2026-09-26,Person Ciara Andrus (laut WebSearch-Snippet 526K).,quellen/raw_competitors_home.csv
C-H016,"Amazon Home Finds (Personen-Vergleich, klein)",Instagram,inmyamazonprime,https://www.instagram.com/inmyamazonprime/,EN/US,43200,ESTIMATED,10k-100k,UNKNOWN,UNKNOWN,UNKNOWN,UNKNOWN,UNKNOWN,Amazon-Finds Home & Style (Arin / @happilyinspired),real (Person),UNKNOWN,unklar,nein unter Handle (404),UNKNOWN,UNKNOWN,UNKNOWN,UNKNOWN,"nur Bio („Amazon addict … ‚add to cart‘ queen“), Storefront vermutl. unter Hauptaccount",nein,https://insta-stories-viewer.com/inmyamazonprime/,2026-09-26,"Zweitaccount einer Person, 67 Posts.",quellen/raw_competitors_home.csv
C-H017,Home Decor/Lifestyle (Personen-Vergleich),Instagram,decor.snippets,https://www.instagram.com/decor.snippets/,EN/US,3100000,ESTIMATED,1M+,UNKNOWN,UNKNOWN,UNKNOWN,UNKNOWN,UNKNOWN,"Home Decor & Lifestyle (Person „Rue“, Mom of 4, TX)",real (Person),UNKNOWN,ja,"ja (amazon.com/shop/decor.snippets „Rue’s Amazon Page“, Tag decorue.inc-20)",UNKNOWN,UNKNOWN,ja (Storefront),UNKNOWN,Storefront unter identischem Handle inkl. Associate-Tag,ja,https://www.amazon.com/shop/decor.snippets ; https://insta-stories-viewer.com/decor.snippets/ ; https://orbitvibe.com/rankings/instagram/lifestyle/home-decor ; https://hypeauditor.com/top-instagram-diy-design-united-states/,2026-09-26,"orbitvibe führt sie als „Theme Page“, tatsächlich Person. 7,7k Following.",quellen/raw_competitors_home.csv
C-H018,"Amazon Home (Marke, Kontext)",Instagram,amazonhome,https://www.instagram.com/amazonhome/,EN/US,5700000,ESTIMATED,1M+,UNKNOWN,UNKNOWN,UNKNOWN,UNKNOWN,UNKNOWN,"Offizieller Amazon-Home-Account, Regrams von UGC (#amazonhome)",real,UNKNOWN,nein (Händler selbst),n/a,nein,nein,n/a,n/a,n/a,nein,https://insta-stories-viewer.com/amazonhome/,2026-09-26,Kontext: Amazon regrammt Creator-Content – zeigt Nachfrage nach Home-Finds-Content.,quellen/raw_competitors_home.csv
C-H019,"Amazon Finds (Marke, Kontext)",Instagram,amazonfinds,https://www.instagram.com/amazonfinds/,EN/US,402800,ESTIMATED,100k-500k,UNKNOWN,UNKNOWN,UNKNOWN,UNKNOWN,UNKNOWN,Amazon-eigener #AmazonFinds-Hub,real,UNKNOWN,nein (Händler selbst),n/a,nein,nein,n/a,n/a,n/a,nein,https://insta-stories-viewer.com/amazonfinds/,2026-09-26,Kontext.,quellen/raw_competitors_home.csv
C-H020,Interior/Design (Theme-Page),Instagram,design.only,https://www.instagram.com/design.only/,EN/international,2700000,ESTIMATED,1M+,UNKNOWN,UNKNOWN,UNKNOWN,UNKNOWN,UNKNOWN,"Design-/Interior-Kuration (#Design_Only), Business-Inquiries",real (Kuration),UNKNOWN,unklar,nein (404),UNKNOWN,UNKNOWN,UNKNOWN,UNKNOWN,kein Nachweis; Modell vermutl. Sponsored Posts,nein,https://insta-stories-viewer.com/design.only/,2026-09-26,"2,3k Posts, folgt nur 3 Accounts – klassische Theme-Page.",quellen/raw_competitors_home.csv
C-H021,Interior/Home Design (Theme-Page),Instagram,noruxhome,https://www.instagram.com/noruxhome/,EN/international,1600000,ESTIMATED,1M+,UNKNOWN,UNKNOWN,UNKNOWN,UNKNOWN,UNKNOWN,„Home Design | Interior Decor | Interior Design“,UNKNOWN,UNKNOWN,unklar,nein (404),UNKNOWN,UNKNOWN,UNKNOWN,UNKNOWN,kein Nachweis,nein,https://orbitvibe.com/rankings/instagram/lifestyle/home-decor,2026-09-26,Nur über orbitvibe-Ranking (Rang 22) belegt; Viewer/Threads ohne Daten.,quellen/raw_competitors_home.csv
C-H022,AI/3D Interior & Architektur (Dienstleistung),Instagram,homecraft.designer,https://www.instagram.com/homecraft.designer/,EN/Malaysia,2500000,ESTIMATED,1M+,UNKNOWN,UNKNOWN,UNKNOWN,UNKNOWN,UNKNOWN,"3D-/Render-Designs, B2B-Aufrufe („Companies with regular design needs, Contractors“)",mixed/3D-Render (ESTIMATED),UNKNOWN,nein,nein (404),nein,nein,nein,nein (Dienstleistungs-Leads),Bio „Let’s collaborate … #PartnerWithUs“ → Lead-Generierung für Designservice,nein,https://insta-stories-viewer.com/homecraft.designer/ ; https://orbitvibe.com/rankings/instagram/shopping-retail,2026-09-26,"orbitvibe 4,1 Mio. vs. Viewer 2,5 Mio.; nur 165 Posts → sehr hohe Reichweite je Post.",quellen/raw_competitors_home.csv
C-H023,"Interior/Home Decor (Händler, Kontext)",Instagram,westwingde,https://www.instagram.com/westwingde/,DE,1800000,ESTIMATED,1M+,UNKNOWN,UNKNOWN,UNKNOWN,UNKNOWN,UNKNOWN,"Händler-Account (Interior, Milan Design Week)",real,UNKNOWN,nein (Händler),n/a,n/a,n/a,eigener Shop,n/a,n/a,nein,https://insta-stories-viewer.com/westwingde/ ; https://orbitvibe.com/rankings/instagram/lifestyle/home-decor,2026-09-26,"Kontext DE: größter „Home Decor“-Account DE ist ein Händler (westwingcom global 8,7 Mio. laut orbitvibe).",quellen/raw_competitors_home.csv
C-H024,Küchengadgets/Home & Tech Gadgets (Amazon Finds),Instagram,justice_buys,https://www.instagram.com/justice_buys/,EN/US,616100,ESTIMATED,500k-1M,UNKNOWN,UNKNOWN,UNKNOWN,UNKNOWN,UNKNOWN,"Produkt-Review-Shorts „Amazon Gadgets“ (Küche, Home, Tech), Produkt im Video + Link",real (faceless Produktdemo laut NexLev),Linktree (linktr.ee/justice_buys),ja,nein unter Handle; Amazon-Links auf justicebuys.com (amzn.to + Amazon-Attribution maas),nein,UNKNOWN,ja (Website justicebuys.com „All Product Links“),"Walmart Creator (goto.walmart.com, 20 Links), Impact (sjv.io, pxf.io)","Linktree-Beschreibung „As an affiliate, I earn from qualifying purchases.“ + 26 Links (20× goto.walmart.com, Impact-Links); Website justicebuys.com: amzn.to-Links + amazon.com/dp/…?maas=…&tag=maas",ja,https://linktr.ee/justice_buys ; https://www.justicebuys.com/ ; https://insta-stories-viewer.com/justice_buys/,2026-09-26,"Management: Undercurrent (Agentur) laut YT-Beschreibung → professionell geführtes Faceless-Produkt-Network. TikTok @justicebuys 1,5 Mio. Follower/49,8 Mio. Likes (VERIFIED TikTok-Seite).",quellen/raw_competitors_home.csv
C-H025,Küchengadgets/Home & Tech Gadgets (Amazon Finds),YouTube Shorts,@justicebuys1,https://www.youtube.com/channel/UCKaWD4ZM7ixlot6ysBVKP_g,EN/US,2130000,VERIFIED,1M+,~0.8 Uploads/Woche (155 Shorts seit 2023-02-14; NexLev),"Ø 12,3 Mio./Short",26500000,81 Mio. („BEST Amazon Kitchen Gadgets“),ESTIMATED (NexLev-Datenbank),"Kompilationen „BEST Amazon Kitchen Gadgets“, „Top 15 Amazon Products“",real,Kanal-Link justicebuys.com („All Product Links“),ja,nein (Website statt Storefront),nein,UNKNOWN,ja (justicebuys.com),"Walmart Creator, Impact","YT-Beschreibung „All products are linked on www.justicebuys.com“; Website mit Amazon-Links + Disclosure „As an affiliate, I earn…“",ja,https://www.youtube.com/channel/UCKaWD4ZM7ixlot6ysBVKP_g ; NexLev search_shorts_niche_finder_channels (Abfrage 2026-09-26) ; NexLev youtube_channel_about ; https://www.justicebuys.com/,2026-09-26,"1,91 Mrd. Kanal-Views (VERIFIED about). NexLev-AdSense-Schätzung gesamt ~191k USD (ESTIMATED). Selbstangaben: „1M on Instagram, 1M TikTok, 800k Facebook“ (CLAIMED; IG laut Viewer 616k).",quellen/raw_competitors_home.csv
C-H026,Smart Home/Home Gadgets (Eigenshop),YouTube Shorts,@WorldwideGadgets01,https://www.youtube.com/channel/UCFGlmbX9m3S-ehJwn53kLAw,EN/US,484000,VERIFIED,100k-500k,~3.7 Uploads/Woche (260 Shorts seit 2025-05-27; NexLev),"Ø 1,96 Mio./Short",3650000,80 Mio. („🔗 Link in Bio Effective Cleaning Tablets“),ESTIMATED (NexLev),Produktdemos DIY/Home/Smart Gadgets/Küche mit „🔗 Link in Bio“ im Titel,real,Linktree (linktr.ee/worldwidegadgets01),nein (Eigenshop),nein,nein,nein,"ja (eigener Shop, Rabattcode)",nein,Linktree: „We ship worldwide 🌍 Enjoy 10% off with code: WORLDWIDEGADGETS“ → Dropshipping/Eigenshop,nein,https://www.youtube.com/channel/UCFGlmbX9m3S-ehJwn53kLAw ; https://linktr.ee/worldwidegadgets01 ; NexLev search_shorts_niche_finder_channels (Abfrage 2026-09-26),2026-09-26,"TikTok @worldwidegadgets01: 103,5k Follower (VERIFIED). IG @worldwidegadgets2 (Viewer ohne Daten). Gleiches Format wie Affiliate-Pages, aber Eigenshop-Monetarisierung.",quellen/raw_competitors_home.csv
C-H027,Smart Home/Tech-Produkte (Theme-Page),Instagram,smart_tech.__,https://www.instagram.com/smart_tech.__/,EN/international,2600000,ESTIMATED,1M+,UNKNOWN,UNKNOWN,UNKNOWN,UNKNOWN,UNKNOWN,„innovative products and tech“ – Repost-Produktclips („DM for credit/Removal“),real (Reposts),UNKNOWN,unklar,UNKNOWN,UNKNOWN,UNKNOWN,UNKNOWN,UNKNOWN,kein Nachweis,nein,https://insta-stories-viewer.com/smart_tech.__/ ; https://orbitvibe.com/rankings/instagram/tech,2026-09-26,"orbitvibe 2,5 Mio. (Kategorie Technology).",quellen/raw_competitors_home.csv
C-H028,Smart Home (AI),YouTube Shorts,@AdamSmartHome22,https://www.youtube.com/channel/UCLvSHHvZEV7vO0vkTlrKYgQ,EN/US,16700,ESTIMATED,10k-100k,~5.3 Uploads/Woche (61 Shorts seit 2026-07-07; NexLev),Ø 396k/Short,269500,"3,5 Mio. („Smart home ideas“)",ESTIMATED (NexLev),"„Smart home ideas“-Kompilationen (versteckte Möbel, Gadgets)",AI (NexLev isAIContent=true),keine Kanal-Links,nein,nein,nein,nein,nein,nein,Kanalbeschreibung ohne Links,nein,https://www.youtube.com/channel/UCLvSHHvZEV7vO0vkTlrKYgQ ; NexLev search_shorts_niche_finder_channels (Abfrage 2026-09-26),2026-09-26,"Kanal erst seit Juli 2026 – schnelles Wachstum mit AI-Smart-Home-Clips, aber keine Monetarisierung jenseits Shorts-Fonds sichtbar.",quellen/raw_competitors_home.csv
C-H029,Smart Home/Interior Ideas,YouTube Shorts,@LifeHacks_DreamBuilding,https://www.youtube.com/channel/UC-df3xdIx9oOTwUaph1G4wA,EN/US,120000,ESTIMATED,100k-500k,~4.7 Uploads/Woche (191 Shorts seit 2025-12-15; NexLev),Ø 581k/Short,549500,16 Mio. („Smart home ideas #06“),ESTIMATED (NexLev),Nummerierte Serie „Smart home ideas #01…#10“,real/Kompilation,keine,nein,nein,nein,nein,nein,nein,keine Links in Kanalbeschreibung,nein,https://www.youtube.com/channel/UC-df3xdIx9oOTwUaph1G4wA ; NexLev search_shorts_niche_finder_channels (Abfrage 2026-09-26),2026-09-26,Serienformat mit Nummerierung als Retention-Hebel.,quellen/raw_competitors_home.csv
C-H030,Gadgets/Lifestyle-Produkte (Affiliate-Media),Instagram,uncrate,https://www.instagram.com/uncrate/,EN/US,140500,ESTIMATED,100k-500k,UNKNOWN,UNKNOWN,UNKNOWN,UNKNOWN,UNKNOWN,"„Objects of desire“ – Produktfotos (Gadgets, Gear, Home)",real (Produktfotos),UNKNOWN,ja,"ja (amazon.com/shop/uncrate, Tag uncrate-20)",nein,UNKNOWN,ja (Storefront + Website uncrate.com),UNKNOWN,Storefront „Uncrate’s Amazon Page“ mit Associate-Tag uncrate-20,ja,https://www.amazon.com/shop/uncrate ; https://insta-stories-viewer.com/uncrate/,2026-09-26,Seit 2005 etablierte Affiliate-Media-Marke; IG nur Nebenkanal (103 Posts).,quellen/raw_competitors_home.csv
C-H031,Gadgets/Lifestyle-Produkte (Media + Shop),Instagram,coolmaterial,https://www.instagram.com/coolmaterial/,EN/US,112100,ESTIMATED,100k-500k,UNKNOWN,UNKNOWN,UNKNOWN,UNKNOWN,UNKNOWN,„Quality gear. Stiff drinks. Epic adventures.“ – Produkt-/Gear-Posts,real,"Linktree (linktr.ee/coolmaterial, verlinkt instagram.com/coolmaterial)",unklar,nein,nein,UNKNOWN,"ja (shop.coolmaterial.com, Blog, „Daily Steals“)",UNKNOWN,Linktree-Links SHOP / BLOG / DAILY STEALS (Blog-Affiliate nicht direkt belegt),nein,https://linktr.ee/coolmaterial ; https://insta-stories-viewer.com/coolmaterial/,2026-09-26,Mischmodell eigener Shop + Deal-Content.,quellen/raw_competitors_home.csv
C-H032,Gadgets/Geschenke (Affiliate-Media),Instagram,thisiswhyimbroke,https://www.instagram.com/thisiswhyimbroke/,EN/US,22100,ESTIMATED,10k-100k,UNKNOWN,UNKNOWN,UNKNOWN,UNKNOWN,UNKNOWN,"„unique, must-have products and gift ideas“",real,"Linktree (linktr.ee/thisiswhyimbroke, Zuordnung per Handle)",wahrscheinlich,nein,nein,UNKNOWN,Website thisiswhyimbroke.com,UNKNOWN,Linktree „@Thisiswhyimbroke“ mit amzn.to-Link „#1 Ninja Specialty Coffee Maker“ (Linktree verlinkt IG nicht explizit),nein,https://linktr.ee/thisiswhyimbroke ; https://insta-stories-viewer.com/thisiswhyimbroke/,2026-09-26,"Große Affiliate-Website, IG aber schwach → Website-first-Modell.",quellen/raw_competitors_home.csv
C-H033,Kaffee/Espresso-Setups (Theme-Page),Instagram,baristadaily,https://www.instagram.com/baristadaily/,EN/international,886300,ESTIMATED,500k-1M,UNKNOWN,UNKNOWN,UNKNOWN,UNKNOWN,UNKNOWN,"Espresso-/Kaffee-Clips, Feature-Page („Get Featured 👉“), „☕️ Shop Coffee Gear Below👇“",real (UGC-Features),UNKNOWN (kein Linktree/Storefront unter Handle),unklar,nein (404),UNKNOWN,UNKNOWN,UNKNOWN,UNKNOWN,nur Bio-CTA „Shop Coffee Gear Below“ (Ziel unbekannt); „Get Featured“ deutet auf bezahlte Features,nein,https://insta-stories-viewer.com/baristadaily/,2026-09-26,"8,3k Posts. Größte gefundene Kaffee-Theme-Page; TikTok irrelevant (17 Follower).",quellen/raw_competitors_home.csv
C-H034,Kaffee/Espresso (Latte Art),YouTube Shorts,@Daily.latteart,https://www.youtube.com/channel/UC85mzaTTqTpV5iQs5Uxwsag,EN/Polen,12000,ESTIMATED,10k-100k,~5.7 Uploads/Woche (151 Shorts seit 2026-03-23; NexLev),Ø 195k/Short (verzerrt durch Viral-Hit),18500,27 Mio. („Day 68 of learning latte art“),ESTIMATED (NexLev),Serie „Day X of learning latte art“ mit DeLonghi Dedica (Produkt sichtbar),"real (Hände, faceless)",nur TikTok-Link,nein,nein,nein,nein,nein,nein,keine Affiliate-Links,nein,https://www.youtube.com/channel/UC85mzaTTqTpV5iQs5Uxwsag ; NexLev search_shorts_niche_finder_channels (Abfrage 2026-09-26),2026-09-26,"Ungenutzte Opportunity: Maschine/Zubehör klar im Bild, aber kein Affiliate-Link.",quellen/raw_competitors_home.csv
C-H035,Cleaning/Home Organization,Instagram,thatorganizedhome,https://www.instagram.com/thatorganizedhome/,EN/UK,417400,ESTIMATED,100k-500k,UNKNOWN,UNKNOWN,UNKNOWN,UNKNOWN,UNKNOWN,"Organizing-/Decluttering-Tipps, Storage Solutions, Decor Ideas",real (ESTIMATED),UNKNOWN (Linktree unter Handle leer),ja,"ja (amazon.com/shop/thatorganizedhome, Tag thatorganiz02-20)",UNKNOWN,UNKNOWN,ja (Storefront),UNKNOWN,Bio „Shop now🔽🔽🔽“ + Storefront „That Organized Home’s Amazon Page“ mit Associate-Tag,ja,https://www.amazon.com/shop/thatorganizedhome ; https://insta-stories-viewer.com/thatorganizedhome/ ; https://orbitvibe.com/rankings/instagram/lifestyle/home-decor,2026-09-26,"orbitvibe 874,6k vs. Viewer 417,4k (Diskrepanz).",quellen/raw_competitors_home.csv
C-H036,Cleaning/Home Organization (Marke/Personen-Vergleich),Instagram,thehomeedit,https://www.instagram.com/thehomeedit/,EN/US,6200000,ESTIMATED,1M+,UNKNOWN,UNKNOWN,UNKNOWN,UNKNOWN,UNKNOWN,"Organisations-Content (Clea + Joanna), Netflix-Show, Bücher",real (Personen),Linktree (linktr.ee/thehomeedit),ja,"ja (amazon.com/shop/thehomeedit, Tag thehomeedit0c-20)",ja (shopltk.com/explore/thehomeedit),UNKNOWN,"ja (Kollektionen Ruggable/Spoonflower, Bücher)","Rakuten (click.linksynergy.com), CJ (tkqlhce.com)","Linktree: „The Home Edit LTK“, „The Home Edit’s Amazon Storefront“, linksynergy- & tkqlhce-Links",ja,https://linktr.ee/thehomeedit ; https://www.amazon.com/shop/thehomeedit ; https://www.shopltk.com/explore/thehomeedit ; https://insta-stories-viewer.com/thehomeedit/,2026-09-26,Benchmark für Multi-Network-Affiliate-Stack (Amazon+LTK+Rakuten+CJ) – personengeführt.,quellen/raw_competitors_home.csv
C-H037,Cleaning (Personen-Vergleich),Instagram,anna_louisa_at_home,https://www.instagram.com/anna_louisa_at_home/,EN/UK,4400000,ESTIMATED,1M+,UNKNOWN,UNKNOWN,UNKNOWN,UNKNOWN,UNKNOWN,"Cleaning-Tipps & Tricks, „5 minute Clean Routine“",real (Person),Linktree (YouTube/Pinterest),ja,"ja (amazon.com/shop/anna_louisa_at_home, Tag annalouisax21-20)",UNKNOWN,UNKNOWN,ja (Buch),UNKNOWN,Storefront „Anna Louisa’s Amazon Page“ mit Associate-Tag,ja,https://www.amazon.com/shop/anna_louisa_at_home ; https://insta-stories-viewer.com/anna_louisa_at_home/ ; https://hypeauditor.com/top-instagram-diy-design-united-states/,2026-09-26,"HypeAuditor US DIY #18 (4,5 Mio.).",quellen/raw_competitors_home.csv
C-H038,Cleaning/Restoration ASMR,YouTube Shorts,@CrazyClean01-k5d,https://www.youtube.com/channel/UCaP60Z16FYhNK29GM5QGrqQ,EN/international,234000,ESTIMATED,100k-500k,~1.3 Uploads/Woche (109 Shorts seit 2025-02-27; NexLev),"Ø 3,86 Mio./Short",260500,139 Mio. („for pancakes or eggs? #cleantok“),ESTIMATED (NexLev),"CleanTok-/Restoration-ASMR (Thrift-Pfannen etc.), Titel wie „It costs $450 on Amazon and I paid $15“",real (Hände),keine,nein,nein,nein,nein,nein,nein,keine Links,nein,https://www.youtube.com/channel/UCaP60Z16FYhNK29GM5QGrqQ ; NexLev search_shorts_niche_finder_channels (Abfrage 2026-09-26),2026-09-26,"Opportunity: Reinigungsmittel/Tools im Bild, nicht monetarisiert.",quellen/raw_competitors_home.csv
C-H039,Haustiere – Hunde (Theme-Page),Instagram,dogsofinstagram,https://www.instagram.com/dogsofinstagram/,EN/US,5600000,ESTIMATED,1M+,UNKNOWN,UNKNOWN,UNKNOWN,UNKNOWN,UNKNOWN,"UGC-Hundefotos/-Reels (Submit to be featured), Pet-Parenting-Tipps",real (UGC),Linktree (linktr.ee/dogsofinstagram),ja,"ja (amazon.com/shop/dogsofinstagram, Tag greatpetcare-20)",nein,UNKNOWN,ja (Storefront),"Rabattcode-Partnerlink (missinglinkproducts.com „20% off Smartmouth Dental Treats“), Gewinnspiel (swee.ps)",Storefront „dogsofinstagram’s Amazon Page“ mit Tag greatpetcare-20; Linktree mit Rabatt-/Partnerlinks,ja,https://linktr.ee/dogsofinstagram ; https://www.amazon.com/shop/dogsofinstagram ; https://insta-stories-viewer.com/dogsofinstagram/,2026-09-26,"Associate-Tag „greatpetcare“ → Storefront wird von Pet-Media-Firma betrieben (Hinweis auf Media-Übernahme/Partnerschaft). 10,3k Posts.",quellen/raw_competitors_home.csv
C-H040,Haustiere – Katzen (Theme-Page),Instagram,catsofinstagram,https://www.instagram.com/catsofinstagram/,EN/US-CA,1500000,ESTIMATED,1M+,UNKNOWN,UNKNOWN,UNKNOWN,UNKNOWN,UNKNOWN,"UGC-Katzencontent (#COICommunity), Ambassacats",real (UGC),"Linktree (linktr.ee/catsofinstagram, verlinkt instagram.com/catsofinstagram)",unklar,nein (404),nein,UNKNOWN,Website catsofinstagram.ca,"bezahlte Brand-Link-Placements (z. B. peturdays.com …utm_medium=themepage&utm_campaign=catsofinstagram; PetSafe, meowbox, Etsy, Kickstarter)","Linktree mit 17 Produkt-/Markenlinks, Amazon-Link ohne Tag; UTM „themepage“ spricht für Sponsoring statt Provision",nein,https://linktr.ee/catsofinstagram ; https://insta-stories-viewer.com/catsofinstagram/,2026-09-26,"orbitvibe listet @cats_of_instagram (12,3 Mio.) – anderes Konto. Modell: Link-Placements an Marken verkaufen.",quellen/raw_competitors_home.csv
C-H041,Haustiere – Hunde/Katzen (Repost-Theme-Page),Instagram,round.boys,https://www.instagram.com/round.boys/,EN/US,1100000,ESTIMATED,1M+,UNKNOWN,UNKNOWN,UNKNOWN,UNKNOWN,UNKNOWN,Repost-Tierclips („we own no content posted. Dm for removal!“),real (Reposts),Linktree (linktr.ee/round.boys),ja,"ja (amazon.com/shop/round.boys, Tag noahperiord-20)",nein,UNKNOWN,ja (Storefront „Pet Essentials for your Round Boys/Girls“ + Merch),nein,Linktree-Link „Pet Eseentials for your Round Boys/Girls“ (AMAZON_SHOP → amazon.com/shop/round.boys); Storefront „Round Boys’s Amazon Page“,ja,https://linktr.ee/round.boys ; https://www.amazon.com/shop/round.boys ; https://insta-stories-viewer.com/round.boys/ ; https://orbitvibe.com/rankings/instagram/pets,2026-09-26,"orbitvibe 991,1k. Lehrbuchfall: faceless Repost-Page + Amazon-Storefront + Merch.",quellen/raw_competitors_home.csv
C-H042,"Haustiere – Hunde (Theme-Page, Eigenshop)",Instagram,dog,https://www.instagram.com/dog/,EN/US,2500000,ESTIMATED,1M+,UNKNOWN,UNKNOWN,UNKNOWN,UNKNOWN,UNKNOWN,„we post the best dog videos“ (UGC-Einsendungen),real (UGC),"Linktree (linktr.ee/dog, verlinkt instagram.com/dog)",nein,nein,nein,nein,"ja (Eigenshop shopdog.com, „Design Your Portrait Charm“)",nein,"Linktree: SHOPDOG.COM, Submit your dog video, TikTok → Eigenshop-Modell",nein,https://linktr.ee/dog ; https://insta-stories-viewer.com/dog/ ; https://orbitvibe.com/rankings/instagram/pets,2026-09-26,Premium-Handle; monetarisiert über eigene Produkte.,quellen/raw_competitors_home.csv
C-H043,Haustiere – Katzen (Theme-Page),Instagram,thecatluminati,https://www.instagram.com/thecatluminati/,EN/US,555800,ESTIMATED,500k-1M,UNKNOWN,UNKNOWN,UNKNOWN,UNKNOWN,UNKNOWN,Katzen-Memes/-Clips,real (Reposts),UNKNOWN,unklar,nein (404),UNKNOWN,UNKNOWN,UNKNOWN,UNKNOWN,kein Nachweis (Bio nur Business-Mail),nein,https://insta-stories-viewer.com/thecatluminati/ ; https://orbitvibe.com/rankings/instagram/pets,2026-09-26,orbitvibe 799k.,quellen/raw_competitors_home.csv
C-H044,Haustiere – Farmtiere (Theme-Page),Instagram,cutest.farm,https://www.instagram.com/cutest.farm/,EN/international,891300,ESTIMATED,500k-1M,UNKNOWN,UNKNOWN,UNKNOWN,UNKNOWN,UNKNOWN,"Farmtier-Clips, UGC-Einsendungen",real (UGC),UNKNOWN („Submit your video 👇“),unklar,nein (404),UNKNOWN,UNKNOWN,UNKNOWN,Netzwerk @discover.animal (Werbung),kein Nachweis,nein,https://insta-stories-viewer.com/cutest.farm/ ; https://orbitvibe.com/rankings/instagram/pets,2026-09-26,Teil eines Page-Netzwerks („Work with @discover.animal“).,quellen/raw_competitors_home.csv
C-H045,Haustiere – Hundetraining,Instagram,dogtrainingdawg,https://www.instagram.com/dogtrainingdawg/,EN/international,784000,ESTIMATED,500k-1M,UNKNOWN,UNKNOWN,UNKNOWN,UNKNOWN,UNKNOWN,"Hundetrainings-Tipps („Develop your dog’s hidden intelligence“), CTA „Click the link below“",real (ESTIMATED),UNKNOWN,unklar,nein (404),UNKNOWN,UNKNOWN,UNKNOWN,UNKNOWN (Bio-CTA typisch für Info-Produkt-Affiliate),nur Bio-CTA; Linkziel nicht ermittelbar,nein,https://insta-stories-viewer.com/dogtrainingdawg/ ; https://orbitvibe.com/rankings/instagram/pets,2026-09-26,"Nur 82 Posts bei 784k Followern (orbitvibe 1,2 Mio.; Kategorie „Training | Tips | Guide“).",quellen/raw_competitors_home.csv
C-H046,Haustiere – Katzenprodukte (Eigenshop),Instagram,niopets1,https://www.instagram.com/niopets1/,EN/international,790100,ESTIMATED,500k-1M,UNKNOWN,UNKNOWN,UNKNOWN,UNKNOWN,UNKNOWN,Katzenprodukte-Reels („Products for cat lovers“),real,Website niopets.com,nein,nein (404),nein,nein,"ja (Eigenshop niopets.com, Worldwide Shipping)",nein,Threads-Bio: „Products for cat lovers / Worldwide shipping / Shop here www.niopets.com“,nein,https://www.threads.com/@niopets1 ; https://orbitvibe.com/rankings/instagram/pets,2026-09-26,"Threads 84,6k Follower. Eigenshop-Modell.",quellen/raw_competitors_home.csv
C-H047,Haustiere – Hunde (Theme-Page),Instagram,pitbullz_zone,https://www.instagram.com/pitbullz_zone/,EN/international,739900,ESTIMATED,500k-1M,UNKNOWN,UNKNOWN,UNKNOWN,UNKNOWN,UNKNOWN,„Daily Dose of Pitbulls“,real (Reposts),UNKNOWN,nein (Shoutouts),nein (404),nein,nein,nein,bezahlte Promos/Shoutouts,Threads-Bio „DM for Promo/Ads/Shoutouts“,nein,https://www.threads.com/@pitbullz_zone ; https://orbitvibe.com/rankings/instagram/pets,2026-09-26,"Threads 154,5k. Klassisches Shoutout-Modell.",quellen/raw_competitors_home.csv
C-H048,Haustiere/Gadgets (Produktdemos),YouTube Shorts,@Sathi_Mart,https://www.youtube.com/channel/UC_bNXuXQNDMEyvYINPRJdGg,EN/Indien→US,25500,ESTIMATED,10k-100k,~10.3 Uploads/Woche (320 Shorts seit 2026-02-21; NexLev),Ø 316k/Short,39000,35 Mio. („Interactive Cat Water Mat – Link in my profile!“),ESTIMATED (NexLev),"Produktdemo-Shorts „Get this … – Link in my profile!“ (Katzenspielzeug, Haushalt, Beauty)",real (faceless Demo),Linktree (linktr.ee/sathimart),ja,nein; 28 amzn.to + 5 link.amazon-Links,nein,nein,ja (Linktree-Produktliste 33 Links),nein,"Linktree „SathiMart – Viral Finds • Smart Deals“: 23 AMAZON_PRODUCT-Links (amzn.to, link.amazon)",ja,https://www.youtube.com/channel/UC_bNXuXQNDMEyvYINPRJdGg ; https://linktr.ee/sathimart ; NexLev search_shorts_niche_finder_channels (Abfrage 2026-09-26),2026-09-26,"Kleinkanal mit Viral-Ausreißern: Median 39k, Top 35 Mio.; Titel-CTA „Link in my profile“.",quellen/raw_competitors_home.csv
C-H049,Haustiere – Gedenkprodukte (Eigenshop),YouTube Shorts,@Pawmemories-w6w,https://www.youtube.com/channel/UCfVKXSyKw4lYc4YeE6G2l-g,EN/international,300000,ESTIMATED,100k-500k,~0.7 Uploads/Woche (41 Shorts seit 2025-07-30; NexLev),"Ø 5,2 Mio./Short",98000,77 Mio. (Kristallkugel-Geschenk),ESTIMATED (NexLev),"Emotionale Produktdemo (Custom-Video in Kristallkugel), CTA „Link in bio“",real,pawmemories.store,nein,nein,nein,nein,ja (Eigenshop),nein,Kanal-Link pawmemories.store/products/paw-memories,nein,https://www.youtube.com/channel/UCfVKXSyKw4lYc4YeE6G2l-g ; NexLev search_shorts_niche_finder_channels (Abfrage 2026-09-26),2026-09-26,Emotion + Produkt = sehr hohe Top-Views.,quellen/raw_competitors_home.csv
C-H050,Haustiere – Katzenprodukte (Eigenshop),YouTube Shorts,@PurryPaws-i6o (SnuggoPaws),https://www.youtube.com/channel/UCiT6UDzsyuqu5P4wDHtxoXg,EN/international,40500,ESTIMATED,10k-100k,~8.6 Uploads/Woche (464 Shorts seit 2025-09-14; NexLev),Ø 228k/Short,247500,36 Mio. („The perfect gift for this Christmas“),ESTIMATED (NexLev),"Produktdemo Katzen-Hoodie, „Get your hoodie toy from our profile“",real,mycozihoodi.com,nein,nein,nein,nein,ja (Eigenshop),nein,Kanal-Link mycozihoodi.com/products/cozi-hoodi,nein,https://www.youtube.com/channel/UCiT6UDzsyuqu5P4wDHtxoXg ; NexLev search_shorts_niche_finder_channels (Abfrage 2026-09-26),2026-09-26,Sehr hohe Posting-Frequenz (~11/Woche).,quellen/raw_competitors_home.csv
C-H051,"Baby/Parenting (Registry-Händler, Kontext)",Instagram,babylist,https://www.instagram.com/babylist/,EN/US,688600,ESTIMATED,500k-1M,UNKNOWN,UNKNOWN,UNKNOWN,UNKNOWN,UNKNOWN,Baby-/Familien-Content einer Registry-Plattform,real,UNKNOWN,ja (Storefront vorhanden),ja (amazon.com/shop/babylist „Babylist’s Amazon Page“),UNKNOWN,UNKNOWN,ja (Registry),UNKNOWN,Storefront-Titel „Babylist’s Amazon Page“ (Associate-Tag der Seite: lenguajero-20 – Zuordnung unklar),nein,https://www.amazon.com/shop/babylist ; https://insta-stories-viewer.com/babylist/,2026-09-26,Marke; nur Kontext. Keine EN-Baby-Theme-Page mit belegter Reichweite gefunden (Datenlücke).,quellen/raw_competitors_home.csv
C-H052,Baby-Gadgets/Kinderprodukte,YouTube Shorts,@callmehafid69 (Hasnan Hafid),https://www.youtube.com/channel/UC3gBZqQOC8O4c9ixA-gvyqg,EN/US,505000,ESTIMATED,500k-1M,~1.0 Uploads/Woche (75 Shorts seit 2025-04-29; NexLev),Ø 367k/Short,46500,"8,2 Mio. („3 coolest baby gadgets in the world“)",ESTIMATED (NexLev),„3 coolest baby gadgets“-Listicles,real (Kompilation),UNKNOWN,unklar,UNKNOWN,UNKNOWN,UNKNOWN,UNKNOWN,UNKNOWN,nicht geprüft (keine Links abgerufen),nein,https://www.youtube.com/channel/UC3gBZqQOC8O4c9ixA-gvyqg ; NexLev search_shorts_niche_finder_channels (Abfrage 2026-09-26),2026-09-26,"NexLev-AdSense-Schätzung gesamt nur ~2,7k USD trotz 505k Abos → Shorts-Fonds allein trägt nicht.",quellen/raw_competitors_home.csv
C-H053,Schlaf/Bedroom-Aesthetics (AI),YouTube Shorts,@UnrealLife1,https://www.youtube.com/channel/UC7w-67PUkxwnS9UBvVsUG2g,EN/US,95300,ESTIMATED,10k-100k,~1.4 Uploads/Woche (153 Shorts seit 2024-08-17; NexLev),Ø 225k/Short,103500,22 Mio. („Choose your dream bedroom 😴💤“),ESTIMATED (NexLev),„Choose your dream bedroom“-Auswahl-Kompilationen (Interaktion/Kommentare),AI,Kanal-Link aistudios.com (AI-Tool),unklar (AI-Tool-Link),nein,nein,nein,nein,möglicherweise AI-Tool-Referral (aistudios.com),"nur Tool-Link, kein Produkt-Affiliate",nein,https://www.youtube.com/channel/UC7w-67PUkxwnS9UBvVsUG2g ; NexLev search_shorts_niche_finder_channels (Abfrage 2026-09-26),2026-09-26,"AI-Schlafzimmer nicht kaufbar → Engagement ja, Affiliate nein.",quellen/raw_competitors_home.csv
C-H054,Luxury Homes,Instagram,luxury_homes,https://www.instagram.com/luxury_homes/,EN/international,1300000,ESTIMATED,1M+,UNKNOWN,UNKNOWN,UNKNOWN,UNKNOWN,UNKNOWN,"Luxushaus-Kuration; Bio: Tyler Van Twist (@vantwist), Huntington Beach",real,UNKNOWN,unklar,nein (404),UNKNOWN,UNKNOWN,UNKNOWN,UNKNOWN,kein Produkt-Affiliate gefunden (Luxusimmobilien nicht per Affiliate kaufbar),nein,https://insta-stories-viewer.com/luxury_homes/ ; https://orbitvibe.com/rankings/instagram/real-estate,2026-09-26,"orbitvibe 1,2 Mio.; personengeführt (Makler-Umfeld).",quellen/raw_competitors_home.csv
C-H055,Luxury Homes,Instagram,mansionsonig,https://www.instagram.com/mansionsonig/,EN/international,827200,ESTIMATED,500k-1M,UNKNOWN,UNKNOWN,UNKNOWN,UNKNOWN,UNKNOWN,"„#1 page for Mansions!“, kuratiert von @mansionisti, Newsletter",real,UNKNOWN,nein,nein (404),UNKNOWN,UNKNOWN,UNKNOWN,Lead-Gen/Newsletter/Brand Deals,kein Produkt-Affiliate gefunden (Luxusimmobilien nicht per Affiliate kaufbar),nein,https://insta-stories-viewer.com/mansionsonig/ ; https://orbitvibe.com/rankings/instagram/real-estate,2026-09-26,"orbitvibe 1,1 Mio. Monetarisierung: Newsletter/Makler-Features.",quellen/raw_competitors_home.csv
C-H056,Luxury Homes,Instagram,zillowgonewild,https://www.instagram.com/zillowgonewild/,EN/international,2300000,ESTIMATED,1M+,UNKNOWN,UNKNOWN,UNKNOWN,UNKNOWN,UNKNOWN,Kuriose Zillow-Listings; eigenes Spiel „Househunt“,real,UNKNOWN,nein,nein (404),UNKNOWN,UNKNOWN,UNKNOWN,Lead-Gen/Newsletter/Brand Deals,kein Produkt-Affiliate gefunden (Luxusimmobilien nicht per Affiliate kaufbar),nein,https://insta-stories-viewer.com/zillowgonewild/ ; https://orbitvibe.com/rankings/instagram/real-estate,2026-09-26,"orbitvibe 2,3 Mio. Monetarisierung: Brand Deals + eigenes Spiel/Produkt (Lizenz Zillow-Marke).",quellen/raw_competitors_home.csv
C-H057,Luxury Homes,Instagram,themillionaires_mindset,https://www.instagram.com/themillionaires_mindset/,EN/international,853700,ESTIMATED,500k-1M,UNKNOWN,UNKNOWN,UNKNOWN,UNKNOWN,UNKNOWN,„Sharing luxury houses on a daily basis“,real,UNKNOWN,unklar,nein (404),UNKNOWN,UNKNOWN,UNKNOWN,UNKNOWN,kein Produkt-Affiliate gefunden (Luxusimmobilien nicht per Affiliate kaufbar),nein,https://insta-stories-viewer.com/themillionaires_mindset/ ; https://orbitvibe.com/rankings/instagram/real-estate,2026-09-26,"orbitvibe 854,6k (Belgien).",quellen/raw_competitors_home.csv
C-H058,Luxury Homes,Instagram,beautyofhouses,https://www.instagram.com/beautyofhouses/,EN/international,610000,ESTIMATED,500k-1M,UNKNOWN,UNKNOWN,UNKNOWN,UNKNOWN,UNKNOWN,„Powered by KEYLEAD – Buy/Sell/Rent/Promote/Invest“,real,UNKNOWN,nein,nein (404),UNKNOWN,UNKNOWN,UNKNOWN,Lead-Gen/Newsletter/Brand Deals,kein Produkt-Affiliate gefunden (Luxusimmobilien nicht per Affiliate kaufbar),nein,https://insta-stories-viewer.com/beautyofhouses/ ; https://orbitvibe.com/rankings/instagram/real-estate,2026-09-26,orbitvibe 948k; Lead-Gen für Immobilien.,quellen/raw_competitors_home.csv
C-H059,Luxury Homes,Instagram,housesofcelebs,https://www.instagram.com/housesofcelebs/,EN/international,658500,ESTIMATED,500k-1M,UNKNOWN,UNKNOWN,UNKNOWN,UNKNOWN,UNKNOWN,"Luxury Real Estate News, Promi-Häuser",real,UNKNOWN,unklar,nein (404),UNKNOWN,UNKNOWN,UNKNOWN,UNKNOWN,kein Produkt-Affiliate gefunden (Luxusimmobilien nicht per Affiliate kaufbar),nein,https://insta-stories-viewer.com/housesofcelebs/ ; https://orbitvibe.com/rankings/instagram/real-estate,2026-09-26,"orbitvibe 635,3k.",quellen/raw_competitors_home.csv
C-H060,Luxury Homes,Instagram,millionaire_homes,https://www.instagram.com/millionaire_homes/,EN/Niederlande,421300,ESTIMATED,100k-500k,UNKNOWN,UNKNOWN,UNKNOWN,UNKNOWN,UNKNOWN,Luxushaus-Kuration,real,UNKNOWN,unklar,nein (404),UNKNOWN,UNKNOWN,UNKNOWN,UNKNOWN,kein Nachweis,nein,https://orbitvibe.com/rankings/instagram/real-estate,2026-09-26,Nur orbitvibe (Rang 79).,quellen/raw_competitors_home.csv
C-H061,AI Architecture,Instagram,midjourney.architecture,https://www.instagram.com/midjourney.architecture/,EN/international,162000,ESTIMATED,100k-500k,UNKNOWN,UNKNOWN,UNKNOWN,UNKNOWN,UNKNOWN,"Midjourney-Architektur-Renderings, UGC-Features (#midjourneyarchitecture)",AI,Linktree (linktr.ee/midjourney.architecture),nein,nein (404),nein,nein,nein,"bezahlte Promotions (AI-Workshop Nordfy, RD Studio/revitdynamo.com)","Linktree: „Creativity AI Workshop – Nordfy“, „RD Studio“; Bio „Email for Promotions“ → Sponsoring statt Produkt-Affiliate",nein,https://linktr.ee/midjourney.architecture ; https://insta-stories-viewer.com/midjourney.architecture/,2026-09-26,"Beleg: AI-Architektur-Pages monetarisieren über Kurse/Promotions, nicht über kaufbare Produkte.",quellen/raw_competitors_home.csv
C-H062,"Architektur (Theme-Page, Kontext)",Instagram,parametric.architecture,https://www.instagram.com/parametric.architecture/,EN/international,1700000,ESTIMATED,1M+,UNKNOWN,UNKNOWN,UNKNOWN,UNKNOWN,UNKNOWN,Tägliche Architektur-/Design-Inspiration,mixed,UNKNOWN,nein,UNKNOWN,nein,nein,"ja (Academy @thepaacademy, Podcast)",Kurse,Bio „Learn with @thepaacademy“ → Education-Modell,nein,https://insta-stories-viewer.com/parametric.architecture/,2026-09-26,,quellen/raw_competitors_home.csv
C-H063,AI Interior Design,YouTube Shorts,@DreamyInterior,https://www.youtube.com/channel/UCAdiOm2n3c36X3_DddiqJ7A,EN/US,315000,VERIFIED,100k-500k,~3.2 Uploads/Woche (88 Shorts seit 2026-03-18; NexLev),"Ø 1,75 Mio./Short",579500,32 Mio. („This Tiny Bedroom Transformation Is Genius“),ESTIMATED (NexLev),"AI-Raum-Transformationen (kleine Schlafzimmer/Apartments), Before/After",AI,keine Kanal-Links,nein,nein,nein,nein,nein,nein,Kanal „Interior Design Ideas“ ohne Links,nein,https://www.youtube.com/channel/UCAdiOm2n3c36X3_DddiqJ7A ; NexLev search_shorts_niche_finder_channels (Abfrage 2026-09-26) ; NexLev youtube_channel_about,2026-09-26,"155,6 Mio. Kanal-Views (VERIFIED about); NexLev-AdSense-Schätzung ~15,4k USD. Stärkster AI-Interior-Beleg für Reichweite ohne Affiliate.",quellen/raw_competitors_home.csv
C-H064,AI Interior Design (App-Promotion),YouTube Shorts,@IslaInteriorDesigner,https://www.youtube.com/channel/UC2MLuKGNJNDZ1lko7cp23Eg,EN/international,51100,VERIFIED,10k-100k,~9.4 Uploads/Woche (233 Shorts seit 2026-04-05; NexLev),Ø 276k/Short,585000,"5,5 Mio. („Used RenoMuse app and turned my room into Blanket Fort“)",ESTIMATED (NexLev),POV „I showed my landlord/bf what AI could do to our room“ – AI-Redesign mit App,AI (Persona „Isla“),go.renomuse.com/isla-yt,"ja (App-Referral, kein Produkt-Affiliate)",nein,nein,nein,nein,App-Tracking-Link RenoMuse,Kanalbeschreibung „search RenoMuse in the App Store“ + Tracking-Link go.renomuse.com/isla-yt,nein,https://www.youtube.com/channel/UC2MLuKGNJNDZ1lko7cp23Eg ; NexLev search_shorts_niche_finder_channels (Abfrage 2026-09-26) ; NexLev youtube_channel_about,2026-09-26,Wahrscheinlich App-eigener UGC-/Persona-Kanal (Performance-Marketing). Monetarisierung AI-Interior = App-Downloads statt Möbel.,quellen/raw_competitors_home.csv
C-H065,AI Home/Backyard Renovation,YouTube Shorts,@KouYangAI,https://www.youtube.com/channel/UCDVNMpstbu5ep5MX5bV7RWw,EN/US,72100,ESTIMATED,10k-100k,~3.5 Uploads/Woche (278 Shorts seit 2025-03-25; NexLev),Ø 553k/Short,622500,30 Mio. („Backyard Glow Up From Abandoned“),ESTIMATED (NexLev),AI-Before/After verlassener Häuser/Gärten (Adobe Firefly),AI,nur Facebook,nein,nein,nein,nein,nein,nein,keine Affiliate-Links,nein,https://www.youtube.com/channel/UCDVNMpstbu5ep5MX5bV7RWw ; NexLev search_shorts_niche_finder_channels (Abfrage 2026-09-26),2026-09-26,Outlier-Score ~3 (NexLev).,quellen/raw_competitors_home.csv
C-H066,AI Architecture/Tiny House (DE),YouTube Shorts,@BauRausch,https://www.youtube.com/channel/UCLD6TIH_b6r4v-7NQoXOvhA,DE (teils EN-Titel),620000,ESTIMATED,500k-1M,~2.2 Uploads/Woche (53 Shorts seit 2026-04-13; NexLev),"Ø 7,3 Mio./Short",1200000,127 Mio. („DIY Floating Cabin … [Concept AI]“),ESTIMATED (NexLev),AI-Timelapse-Bauprojekte („Ich habe einen Schulbus vergraben … [KI-Konzept]“),AI (gekennzeichnet „KI-Konzept“),vukovic.ink,nein,nein,nein,nein,nein,nein,keine Affiliate-Links,nein,https://www.youtube.com/channel/UCLD6TIH_b6r4v-7NQoXOvhA ; NexLev search_shorts_niche_finder_channels (Abfrage 2026-09-26),2026-09-26,"Stärkster DE-AI-Beleg: 620k Abos in ~5 Monaten, aber keine Affiliate-Monetarisierung.",quellen/raw_competitors_home.csv
C-H067,3D Interior/Small Apartment Design,YouTube Shorts,@HomeGraphix,https://www.youtube.com/channel/UCnwUTlzK8F7JhTOzz9SiGHw,EN/US,1080000,ESTIMATED,1M+,~0.6 Uploads/Woche (48 Shorts seit 2025-02-21; NexLev),"Ø 6,6 Mio./Short",1077500,167 Mio. („Designing 3m² Apartment in New York!“),ESTIMATED (NexLev),3D-Raumplanung kleiner Apartments,3D-Render (kein AI laut NexLev),homedesignbook.com,nein,nein,nein,nein,ja (eigenes Interior-eBook),nein,Kanal-Link homedesignbook.com („beginner-friendly interior design guide … eBook“) → Info-Produkt,nein,https://www.youtube.com/channel/UCnwUTlzK8F7JhTOzz9SiGHw ; https://www.homedesignbook.com/ ; NexLev search_shorts_niche_finder_channels (Abfrage 2026-09-26),2026-09-26,Render-Möbel nicht kaufbar → eBook statt Affiliate.,quellen/raw_competitors_home.csv
C-H068,AI/3D Furniture & Smart Design,YouTube Shorts,@SmartDesign365,https://www.youtube.com/channel/UCH6gCuZOIzMNe5MdE5FU-ZA,EN/US,2130000,ESTIMATED,1M+,~3.1 Uploads/Woche (277 Shorts seit 2025-01-09; NexLev),"Ø 15,8 Mio./Short",28000000,911 Mio. („Multifunctional folding table design“),ESTIMATED (NexLev),Animierte Klapp-/Multifunktionsmöbel-Mechanik,mixed (Kanal: „I use AI technology to visualize … design concepts“; NexLev: 3D-Animation),"aiimagetovideo.pro, blender.org",nein,nein,nein,nein,nein,evtl. AI-Tool-Link,nur Tool-Links,nein,https://www.youtube.com/channel/UCH6gCuZOIzMNe5MdE5FU-ZA ; NexLev search_shorts_niche_finder_channels (Abfrage 2026-09-26),2026-09-26,"4,37 Mrd. Views; NexLev-AdSense-Schätzung ~437k USD. Riesige Reichweite für Möbel-Konzepte ohne Kauflink = größte Ineffizienz im Sample.",quellen/raw_competitors_home.csv
C-H069,Garten/Outdoor Living (AI Backyard),YouTube Shorts,@JeremiahCarter-u3q5n,https://www.youtube.com/channel/UC-xr-4V6Hf-cU760L6V59FQ,EN/international,99900,ESTIMATED,10k-100k,~2.1 Uploads/Woche (109 Shorts seit 2025-09-19; NexLev),Ø 696k/Short,425000,19 Mio. (#BackyardMakeover),ESTIMATED (NexLev),"AI-Backyard-Makeovers, Before/After, Tiny Houses",AI,keine,nein,nein,nein,nein,nein,nein,keine Links/Beschreibung,nein,https://www.youtube.com/channel/UC-xr-4V6Hf-cU760L6V59FQ ; NexLev search_shorts_niche_finder_channels (Abfrage 2026-09-26),2026-09-26,Outlier-Score ~2.,quellen/raw_competitors_home.csv
C-H070,Garten/Outdoor Living (DIY),YouTube Shorts,@CraftWorks39,https://www.youtube.com/channel/UCczK2nBennn39HAtZ6tuLGQ,EN/Italien,401000,ESTIMATED,100k-500k,~1.9 Uploads/Woche (43 Shorts seit 2026-04-24; NexLev),"Ø 10,9 Mio./Short",1100000,112 Mio. („Backyard Pond Makeover From Start to Finish“),ESTIMATED (NexLev),DIY-Garten/Teich/Betonpflanzer-Stories,real (laut NexLev),keine,nein,nein,nein,nein,nein,nein,keine Links,nein,https://www.youtube.com/channel/UCczK2nBennn39HAtZ6tuLGQ ; NexLev search_shorts_niche_finder_channels (Abfrage 2026-09-26),2026-09-26,"Opportunity: Werkzeuge/Material (Pumpen, Beton, Pflanzer) wären affiliate-fähig.",quellen/raw_competitors_home.csv
C-H071,Garten (Personen-Vergleich),Instagram,gardenwithjonny,https://www.instagram.com/gardenwithjonny/,EN/UK,2100000,ESTIMATED,1M+,UNKNOWN,UNKNOWN,UNKNOWN,UNKNOWN,UNKNOWN,Garten-Tipps + Comedy-Reels (Person),real (Person),"Linktree (linktr.ee/gardenwithjonny, verlinkt IG)",unklar (Rabattcode),nein (404),nein,UNKNOWN,ja (Buch „Garden Yourself Happy“),"Rabattcode Protein Works („GARDENWITH…“), Uhrenmarke","Linktree: „Order my book here“, „Protein Works | Discount code GARDENWITH…“",nein,https://linktr.ee/gardenwithjonny ; https://insta-stories-viewer.com/gardenwithjonny/ ; https://hypeauditor.com/top-instagram-diy-design-united-states/,2026-09-26,Keine EN-Garten-Theme-Page mit Affiliate gefunden (Datenlücke).,quellen/raw_competitors_home.csv
C-H072,Amazon Finds/virale Produkte (DE),Instagram,shoppaholic,https://www.instagram.com/shoppaholic/,DE,801600,ESTIMATED,500k-1M,UNKNOWN,UNKNOWN,UNKNOWN,UNKNOWN,UNKNOWN,"Produkttests „virale Produkte ohne Fake-Hype“, „ich teste, damit du’s nicht musst“",real (personengeführt: „Rabiosa x Shoppaholic“),UNKNOWN (Linktree-Handle nur WhatsApp),ja,"ja (amazon.de/shop/shoppaholic, Tag rabiaodabas07-21)",nein,nein,ja (Storefront),UNKNOWN,Storefront „Shoppaholic’s Amazon page“ (amazon.de) mit Associate-Tag rabiaodabas07-21,ja,https://www.amazon.de/shop/shoppaholic ; https://insta-stories-viewer.com/shoppaholic/ ; https://hypeauditor.com/top-instagram-shopping-retail-germany/ ; https://www.tiktok.com/@shoppaholic,2026-09-26,"HypeAuditor DE Shopping #17 (799,8k). TikTok 182,4k/13,6 Mio. Likes (VERIFIED), Bio-Link gl-management.net (Talent-Management) → keine anonyme Theme-Page, sondern Creatorin. Größter DE-„Amazon-Finds“-Account im Sample.",quellen/raw_competitors_home.csv
C-H073,"Deals/Schnäppchen (DE, Theme-Page)",Instagram,dealbunny.de,https://www.instagram.com/dealbunny.de/,DE,987500,ESTIMATED,500k-1M,UNKNOWN,UNKNOWN,UNKNOWN,UNKNOWN,UNKNOWN,"Tägliche Deals in Stories („Täglich Storys schauen & Geld sparen“), App",real (Produkt-/Deal-Grafiken),dealbunny.de (Impressum/App),ja,nein (404),nein,nein,ja (Website + App),diverse Händler-Affiliate-Links (u. a. eBay),"dealbunny.de: „Diese Website enthält Affiliate-Links, für die ich möglicherweise eine Vergütung erhalte“; „…kann dies dazu führen, dass diese Website eine Provision erhält“",ja,https://www.dealbunny.de/ ; https://insta-stories-viewer.com/dealbunny.de/,2026-09-26,Achtung: linktr.ee/dealbunny.de ist eine fremde Scam-Seite („Sie gewinnen iPhone 12“) – nicht dem Account zuzuordnen. Stories statt Reels als Conversion-Kanal.,quellen/raw_competitors_home.csv
C-H074,"Deals/Schnäppchen (DE, Plattform)",Instagram,mydealz.de,https://www.instagram.com/mydealz.de/,DE,545800,ESTIMATED,500k-1M,UNKNOWN,UNKNOWN,UNKNOWN,UNKNOWN,UNKNOWN,"„Shopping Tricks & Hacks“, Top-Deals täglich in Stories",real,App-Download,"ja (Plattform-Ebene, ESTIMATED)",nein,nein,nein,ja (Plattform),Affiliate-Tracking der Deal-Plattform,"Seitenquelltext mydealz.de enthält Affiliate-Steuerungsfelder („disableAffiliateTracking“, „viewMonetisation“); keine explizite Disclosure-Seite abgerufen",nein,https://www.mydealz.de/ ; https://insta-stories-viewer.com/mydealz.de/ ; https://www.threads.com/@mydealz.de,2026-09-26,"Threads-Bio: „Deal-Community seit 2007, 33 Mio. Besuche pro Monat“ (CLAIMED).",quellen/raw_competitors_home.csv
C-H075,"Baby/Parenting (DE, Community-Page)",Instagram,echtemamas,https://www.instagram.com/echtemamas/,DE,526200,ESTIMATED,500k-1M,UNKNOWN,UNKNOWN,UNKNOWN,UNKNOWN,UNKNOWN,"Mütter-Community-Content (Memes, Alltag, Tipps)",real,UNKNOWN („Unsere Kanäle im Überblick“),ja,"ja (amazon.de/shop/echtemamas, Tag echmam-21)",nein,nein,ja (Storefront),UNKNOWN,Storefront „Echte Mamas’s Amazon page“ (amazon.de) mit Associate-Tag echmam-21,ja,https://www.amazon.de/shop/echtemamas ; https://insta-stories-viewer.com/echtemamas/,2026-09-26,"10,7k Posts. Einzige DE-Baby-/Parenting-Page mit belegtem Affiliate im Sample.",quellen/raw_competitors_home.csv
C-H076,Interior-Community (DE),Instagram,solebich,https://www.instagram.com/solebich/,DE,547900,ESTIMATED,500k-1M,UNKNOWN,UNKNOWN,UNKNOWN,UNKNOWN,UNKNOWN,UGC-Interior („Zeig uns dein Zuhause: #solebich“),real (UGC),solebich.de,unklar,nein (404),nein,nein,Plattform solebich.de,UNKNOWN,kein Nachweis abgerufen,nein,https://insta-stories-viewer.com/solebich/,2026-09-26,"„Größte deutsche Wohncommunity“ – Plattform-Account, keine Finds-Page.",quellen/raw_competitors_home.csv
C-H077,"Interior/DIY (DE, Person)",Instagram,mi.interieur,https://www.instagram.com/mi.interieur/,DE,1300000,ESTIMATED,1M+,UNKNOWN,UNKNOWN,UNKNOWN,UNKNOWN,UNKNOWN,„Mein Traumhaus im Reihenhaus“ – DIY/Home/Garden (Person),real (Person),UNKNOWN,ja,"ja (amazon.de/shop/mi.interieur, Tag michelelederh-21)",nein,nein,ja (Storefront),UNKNOWN,Storefront „Michèle by mi.interieur’s Amazon page“ mit Associate-Tag,ja,https://www.amazon.de/shop/mi.interieur ; https://insta-stories-viewer.com/mi.interieur/ ; https://hypeauditor.com/top-instagram-diy-design-germany/ ; https://orbitvibe.com/rankings/instagram/lifestyle/home-decor,2026-09-26,Person (Vergleich).,quellen/raw_competitors_home.csv
C-H078,"Interior/DIY-Hacks (DE, Person)",Instagram,dekokrams,https://www.instagram.com/dekokrams/,DE,529900,ESTIMATED,500k-1M,UNKNOWN,UNKNOWN,UNKNOWN,UNKNOWN,UNKNOWN,"DIY/Hacks/Interior (Catharina, Hamburg), Buch „FEELGOOD DIYS“",real (Person),UNKNOWN,ja,"ja (amazon.de/shop/dekokrams, Tag catharinajung-21)",nein,nein,"ja (Storefront, Buch)",UNKNOWN,"Storefront „Dekokrams’s Amazon page“, Tag catharinajung-21 (= Catharina Junge laut HypeAuditor)",ja,https://www.amazon.de/shop/dekokrams ; https://insta-stories-viewer.com/dekokrams/ ; https://hypeauditor.com/top-instagram-diy-design-germany/,2026-09-26,"HypeAuditor 648,5k vs. Viewer 529,9k.",quellen/raw_competitors_home.csv
C-H079,"DIY Haus & Garten (DE, Person)",Instagram,villa_karole,https://www.instagram.com/villa_karole/,DE,439900,ESTIMATED,100k-500k,UNKNOWN,UNKNOWN,UNKNOWN,UNKNOWN,UNKNOWN,DIY/IKEA-Hacks/Makeover drinnen & draußen (Rina),real (Person),UNKNOWN,ja,"ja (amazon.de/shop/villa_karole, Tag katharinalint-21)",nein,nein,ja (Storefront),UNKNOWN,Storefront „Villa_karole’s Amazon page“ mit Associate-Tag,ja,https://www.amazon.de/shop/villa_karole ; https://insta-stories-viewer.com/villa_karole/ ; https://hypeauditor.com/top-instagram-diy-design-germany/,2026-09-26,,quellen/raw_competitors_home.csv
C-H080,"DIY/Modernes Wohnen/Garten (DE, Person)",Instagram,cima.villa,https://www.instagram.com/cima.villa/,DE,400100,ESTIMATED,100k-500k,UNKNOWN,UNKNOWN,UNKNOWN,UNKNOWN,UNKNOWN,"DIYs, Heimwerken, Gartenprojekte (Cindy, Berlin)",real (Person),Linktree (linktr.ee/cima.villa: Instagram + Amazon),ja,"ja (amazon.de/shop/cima.villa, Tag cindykukuc-21)",nein,nein,ja (Storefront),nein,Linktree-Link „Amazon“ (AMAZON_SHOP → amazon.de) + Storefront „cimavilla’s Amazon page“,ja,https://linktr.ee/cima.villa ; https://www.amazon.de/shop/cima.villa ; https://insta-stories-viewer.com/cima.villa/ ; https://hypeauditor.com/top-instagram-diy-design-germany/,2026-09-26,,quellen/raw_competitors_home.csv
C-H081,"Interior/Home (DE, Person)",Instagram,homestory_pictures,https://www.instagram.com/homestory_pictures/,DE,764800,ESTIMATED,500k-1M,UNKNOWN,UNKNOWN,UNKNOWN,UNKNOWN,UNKNOWN,Home-Story/Interior (Carmen Rein),real (Person),UNKNOWN,ja,"ja (amazon.de/shop/homestory_pictures „Carmen’s Amazon page“, Tag carmenrein-21)",nein,nein,ja (Storefront),UNKNOWN,Storefront mit Tag carmenrein-21 (Name deckungsgleich mit HypeAuditor-Eintrag „Carmen Rein“),ja,https://www.amazon.de/shop/homestory_pictures ; https://hypeauditor.com/top-instagram-diy-design-germany/,2026-09-26,Follower aus HypeAuditor-Liste.,quellen/raw_competitors_home.csv
C-H082,"Garten (DE, Person)",Instagram,landhaus_garten,https://www.instagram.com/landhaus_garten/,DE,487800,ESTIMATED,100k-500k,UNKNOWN,UNKNOWN,UNKNOWN,UNKNOWN,UNKNOWN,"Gartengestaltung, Pflanzenkunde, Dekoideen (Birgit Helbig)",real (Person),UNKNOWN,ja,"ja (amazon.de/shop/landhaus_garten „meine Empfehlungen’s Amazon page“, Tag andre094-21)",nein,nein,ja (Storefront),UNKNOWN,Storefront unter identischem Handle mit Associate-Tag,ja,https://www.amazon.de/shop/landhaus_garten ; https://insta-stories-viewer.com/landhaus_garten/ ; https://hypeauditor.com/top-instagram-diy-design-germany/,2026-09-26,"HypeAuditor 546,4k.",quellen/raw_competitors_home.csv
C-H083,"Garten/Pool/Landleben (DE, Paar)",Instagram,stillers.home,https://www.instagram.com/stillers.home/,DE,555500,ESTIMATED,500k-1M,UNKNOWN,UNKNOWN,UNKNOWN,UNKNOWN,UNKNOWN,"Fachwerkhaus von 1779 – Haus, Garten, DIY (Julia & Sebastian)",real (Personen),Linktree (linktr.ee/stillers.home),ja,nein,nein,nein,nein,"Marken-Kooperationslink (Beatbot, bit.ly)","Linktree: „Beatbot Sora 70 Poolroboter“ (AMAZON_PRODUCT, amzn.to) + „Beatbot Official Website“",ja,https://linktr.ee/stillers.home ; https://insta-stories-viewer.com/stillers.home/ ; https://hypeauditor.com/top-instagram-diy-design-germany/,2026-09-26,Pool-/Garten-Produkt als Kooperation + Amazon-Link – typisch für DE-Garten-Creator.,quellen/raw_competitors_home.csv
C-H084,"Interior/Home Finds (DE, Person)",Instagram,interiorby_selinda,https://www.instagram.com/interiorby_selinda/,DE,113100,ESTIMATED,100k-500k,UNKNOWN,UNKNOWN,UNKNOWN,UNKNOWN,UNKNOWN,Interior + „Home Finds“ (Selinda Sert),real (Person),"Linktree (linktr.ee/interiorby_selinda, Zuordnung per Handle/Beschreibung „interior | Home Finds“)",ja,nein (404); 12 amzn.eu + 5 amzn.to + 7 AMAZON_PRODUCT-Links,nein,nein,"ja (Linktree-Gruppen, 52 Links)","Temu (13 app.temu.com-Links), Rabattcodes (z. B. Phomemo „-15 %“)","Linktree mit 52 Links: amzn.eu/amzn.to/amazon.de, Temu, Brand-Rabatte",ja,https://linktr.ee/interiorby_selinda ; https://hypeauditor.com/top-instagram-diy-design-germany/,2026-09-26,"HypeAuditor: 113,1k Follower bei 67,7k Auth. Engagement (sehr hoch).",quellen/raw_competitors_home.csv
C-H085,"Haustiere (DE, Person)",Instagram,daniel.labbi,https://www.instagram.com/daniel.labbi/,DE,200200,ESTIMATED,100k-500k,UNKNOWN,UNKNOWN,UNKNOWN,UNKNOWN,UNKNOWN,Hunde- und Katzen-Content („4 Hunde 7 Katzen“),real (Person),Linktree (linktr.ee/daniel.labbi „Daniel und sein Zoo“),ja,nein (404),nein,nein,ja (eigenes Produkt pawlabbi.com),Impact (oneisallinc.pxf.io – Luftreiniger für Haustierhaushalte; xtool.pxf.io),Linktree-Links über Impact-Tracking-Domains *.pxf.io,ja,https://linktr.ee/daniel.labbi ; https://hypeauditor.com/top-instagram-animals-germany/,2026-09-26,Follower aus HypeAuditor DE Animals (#29).,quellen/raw_competitors_home.csv
C-H086,"Haustiere – Katze (DE, Pet-Persona)",Instagram,gnocchi.thekitten,https://www.instagram.com/gnocchi.thekitten/,DE,123800,ESTIMATED,100k-500k,UNKNOWN,UNKNOWN,UNKNOWN,UNKNOWN,UNKNOWN,Tägliche Katzen-Reels & Memes („Deutschlands Nr. 1 Teiggericht“),real,UNKNOWN,unklar,nein (404),nein,nein,UNKNOWN,UNKNOWN,kein Nachweis,nein,https://insta-stories-viewer.com/gnocchi.thekitten/ ; https://hypeauditor.com/top-instagram-animals-germany/,2026-09-26,TikTok 60k+ (CLAIMED in Bio).,quellen/raw_competitors_home.csv
C-H087,"Deko/Beauty/Sale (DE, Promo-Page)",Instagram,inspowelt__,https://www.instagram.com/inspowelt__/,DE,321300,ESTIMATED,100k-500k,UNKNOWN,UNKNOWN,UNKNOWN,UNKNOWN,UNKNOWN,"Sale/Decor/Beauty-Promos, Bio „Dauerwerbung“, „Kooperation → DM“",UNKNOWN,UNKNOWN,unklar,nein (404 amazon.de),nein,nein,UNKNOWN,bezahlte Kooperationen,kein Affiliate-Nachweis; „Dauerwerbung“ = bezahlte Promos,nein,https://insta-stories-viewer.com/inspowelt__/ ; https://hypeauditor.com/top-instagram-shopping-retail-germany/,2026-09-26,HypeAuditor DE Shopping #23 (349k). Einzige gefundene DE-Theme-Page im Deko-/Produktbereich >100k ohne Person im Vordergrund.,quellen/raw_competitors_home.csv
C-H088,"Interior/DIY (DE, Person, kein Affiliate)",Instagram,haus_plan_b,https://www.instagram.com/haus_plan_b/,DE,1200000,ESTIMATED,1M+,UNKNOWN,UNKNOWN,UNKNOWN,UNKNOWN,UNKNOWN,Humor-DIY/Hausbau (Cindy),real (Person),UNKNOWN (Buch-Vorbestellung),unklar,nein (404),nein,nein,ja (Buch),UNKNOWN,kein Nachweis,nein,https://insta-stories-viewer.com/haus_plan_b/ ; https://hypeauditor.com/top-instagram-diy-design-germany/,2026-09-26,"HypeAuditor: 120,9k Auth. Engagement – höchstes DE-DIY-Engagement.",quellen/raw_competitors_home.csv
C-H089,"DIY/Interior (DE, Person, Eigenprodukte)",Instagram,homeheartmade,https://www.instagram.com/homeheartmade/,DE,703600,ESTIMATED,500k-1M,UNKNOWN,UNKNOWN,UNKNOWN,UNKNOWN,UNKNOWN,"DIYs mit Herz (Juliane), IKEA-Hacks, Hausumbau",real (Person),Linktree (linktr.ee/homeheartmade),nein,nein (404),nein,nein,"ja (Buch, DIY-Kurs via myablefy, eigene Produktlinie)",nein,"Linktree: „Mein Buch“, „DIY KURS“ (myablefy.com), eigene Produkte → Eigenprodukt-Modell",nein,https://linktr.ee/homeheartmade ; https://insta-stories-viewer.com/homeheartmade/ ; https://hypeauditor.com/top-instagram-diy-design-germany/,2026-09-26,,quellen/raw_competitors_home.csv
C-H090,"Garten (DE, Magazin, Kontext)",Instagram,mein_schoener_garten,https://www.instagram.com/mein_schoener_garten/,DE,910300,ESTIMATED,500k-1M,UNKNOWN,UNKNOWN,UNKNOWN,UNKNOWN,UNKNOWN,Garten-Magazin-Content,real,UNKNOWN,unklar,nein (404),nein,nein,Magazin,UNKNOWN,nicht geprüft,nein,https://hypeauditor.com/top-instagram-diy-design-germany/,2026-09-26,Verlags-Account; größter DE-Garten-Account im Sample.,quellen/raw_competitors_home.csv
C-H091,"Küche/Rezepte (DE, Plattform, Kontext)",Instagram,chefkoch,https://www.instagram.com/chefkoch/,DE,785000,ESTIMATED,500k-1M,UNKNOWN,UNKNOWN,UNKNOWN,UNKNOWN,UNKNOWN,"Rezept-Reels, Reposts #chefkochgo",real,chefkoch.de,unklar,nein (404),nein,nein,Plattform,UNKNOWN,nicht geprüft,nein,https://insta-stories-viewer.com/chefkoch/,2026-09-26,"DE-Küchennische ist rezept-, nicht gadgetgetrieben; kein DE-Küchengadget-Theme-Account gefunden.",quellen/raw_competitors_home.csv
C-H092,DIY/Maler-Hacks & Tools (DE),YouTube Shorts,@Malerart,https://www.youtube.com/channel/UCwbavnCSKqngeIqr78TNguA,DE,461000,ESTIMATED,100k-500k,~5.5 Uploads/Woche (456 Shorts seit 2025-02-25; NexLev),"Ø 2,7 Mio./Short",10500000,194 Mio. („11 Jahre Erfahrung in 60 Sekunden“),ESTIMATED (NexLev),"Maler-Lifehacks, Wall-Art, „Bleib bis zum Ende“-Hooks",real (Hände; laut NexLev faceless),Linktree (linktr.ee/Malerart),ja,nein; Amazon.de-Produktlinks,nein,nein,ja (Linktree-Produktliste),nein,"Linktree mit 7 AMAZON_PRODUCT-Links (amzn.to/amazon.de), Associate-Tags malerart2107-21 und malerart0c-21",ja,https://www.youtube.com/channel/UCwbavnCSKqngeIqr78TNguA ; https://linktr.ee/Malerart ; NexLev search_shorts_niche_finder_channels (Abfrage 2026-09-26),2026-09-26,"IG @malerart_ 89k (Viewer), TikTok @malerart 508,4k/25,7 Mio. Likes (VERIFIED). NexLev-AdSense-Schätzung ~124k USD. Stärkster DE-Beleg für Content→Link-in-Bio→Amazon.de.",quellen/raw_competitors_home.csv
C-H093,Haushalt/Küchen-Lifehacks (DE),YouTube Shorts,@HerrZoggDE,https://www.youtube.com/channel/UCvDH8wB5bjZPeXb9Gmmj0RA,DE,60200,ESTIMATED,10k-100k,~6.7 Uploads/Woche (207 Shorts seit 2026-02-22; NexLev),Ø 358k/Short,775000,"4,3 Mio.",ESTIMATED (NexLev),„Superpraktische Lifehacks“ (Küche/Haushalt),real (faceless),keine,nein,nein,nein,nein,nein,nein,keine Links,nein,https://www.youtube.com/channel/UCvDH8wB5bjZPeXb9Gmmj0RA ; NexLev search_shorts_niche_finder_channels (Abfrage 2026-09-26),2026-09-26,"Outlier-Score 3,7. Median 775k bei nur 60k Abos – DE-Haushalts-Hacks funktionieren, bleiben aber unmonetarisiert.",quellen/raw_competitors_home.csv
C-H094,Home-Gadgets (DE),YouTube Shorts,@Mugsvonalfred,https://www.youtube.com/channel/UCb2uaLV5mqMK0fA6mhnGHOQ,DE,6620,ESTIMATED,<10k,~0.7 Uploads/Woche (38 Shorts seit 2025-09-05; NexLev),"Median 3,8k",3800,19 Mio. („Warte auf Ergebnisse…😳“),ESTIMATED (NexLev),Home-Gadget-/Geschenk-Clips,real,keine,nein,nein,nein,nein,nein,nein,keine Links,nein,https://www.youtube.com/channel/UCb2uaLV5mqMK0fA6mhnGHOQ ; NexLev search_shorts_niche_finder_channels (Abfrage 2026-09-26),2026-09-26,Einziger DE-„Home gadgets“-Treffer in NexLev – zeigt dünnes DE-Angebot.,quellen/raw_competitors_home.csv
C-H095,Haustiere – Katzen-Memes (DE),YouTube Shorts,@Katze.schatz,https://www.youtube.com/channel/UCpuZB2RULGUcapuJCVXsx5A,DE,24300,ESTIMATED,10k-100k,~6.0 Uploads/Woche (113 Shorts seit 2026-05-18; NexLev),Ø 254k/Short,43000,25 Mio. („Wer kennts 😂 #katzenvideos“),ESTIMATED (NexLev),„Wer kennts?“-Katzen-Memes,real,nur TikTok,nein,nein,nein,nein,nein,nein,keine,nein,https://www.youtube.com/channel/UCpuZB2RULGUcapuJCVXsx5A ; NexLev search_shorts_niche_finder_channels (Abfrage 2026-09-26),2026-09-26,,quellen/raw_competitors_home.csv
C-T001,Desk Setups / Home Office,Instagram,thedreamsetup,https://www.instagram.com/thedreamsetup/,EN/international,374K (Suchsnippet 09/2026); 408K/3.844 Posts (geekyminded 06/2023),ESTIMATED,100k-500k,UNKNOWN,UNKNOWN,UNKNOWN,UNKNOWN,UNKNOWN,"Kuratierte Desk-Setup-Fotos/Reels (Repost von Community-Setups, Credit im Caption)",real (kuratierte UGC),"Linktree (linktr.ee/thedreamsetup, Titel 'All Product Links')",ja,"ja (amazon.com/shop/thedreamsetup - Seite abrufbar, 'The Dream Setup's Amazon Page')",nein (nicht gefunden),nein (nicht gefunden),ja: kit.co/joekerny + kit.co/joekerny/my-desk-setup (seit Kit-Schliessung tot),"ShareASale (Ergonofis Desks); Refersion-Referral (Grovemade ?rfsn=, Code THEDREAMSETUP 10%)","Linktree-Bio: 'Links to regularly featured products and discount codes for our favourite brands'; Links shareasale.com/r.cfm?...m=85489 (Ergonofis), grovemade.com/?rfsn=4800621; Amazon-Storefront existiert",ja,https://www.instagram.com/thedreamsetup/ ; https://linktr.ee/thedreamsetup ; https://www.amazon.com/shop/thedreamsetup ; https://geekyminded.com/best-instagram-accounts-to-find-desk-setup-inspiration-and-new-ideas/,2026-09-26,"Premium-Desk-Marken (Ergonofis, Grovemade) = hoher AOV. kit.co wurde am 2026-05-11 eingestellt (kit.co: 'Service discontinued') - verlinkte kit.co-Listen sind tot (HTTP 410). TikTok @thedreamsetup existiert, 0 Follower (inaktiv).",quellen/raw_competitors_tech.csv
C-T002,Desk Setups / Home Office,Instagram,isetups,https://www.instagram.com/isetups/,EN/international,651K / 4.940 Posts (Suchsnippet 09/2026); 650K (geekyminded 2023),ESTIMATED,500k-1M,UNKNOWN,UNKNOWN,UNKNOWN,UNKNOWN,UNKNOWN,"Kuratierte Minimal-Setup-Fotos/Reels ('Rate this setup 1-10', Reddit-/Community-Credits)",real (kuratierte UGC),Linktree (linktr.ee/isetups),ja,nein (nicht unter Handle gefunden),nein (nicht gefunden),nein (nicht gefunden),"ja: kit.co/isetups/my-desk, 'The Best Keyboards for Mac Users', 'Essential MacBook Accessories', 'Minimal Desktop Speakers' (tot seit Kit-Schliessung)","Refersion (Grovemade ?rfsn=4247681, LaMetric ?rfsn=4750746); Anker-Tracking-Link (s.krpax.com)",Linktree-Eintrag: 'NOTE: We may earn small commissions for purchases made through links'; rfsn-Referral-Parameter in Links,ja,https://www.instagram.com/isetups/ ; https://linktr.ee/isetups ; https://www.tiktok.com/@isetups ; https://geekyminded.com/best-instagram-accounts-to-find-desk-setup-inspiration-and-new-ideas/,2026-09-26,TikTok-Bio von @isetups: 'By @sebastiaanchia' (Betreiber). TikTok nur 379 Follower (Cross-Posting nicht genutzt). kit.co wurde am 2026-05-11 eingestellt (kit.co: 'Service discontinued') - verlinkte kit.co-Listen sind tot (HTTP 410).,quellen/raw_competitors_tech.csv
C-T003,Desk Setups / Home Office,Instagram,minimalsetups,https://www.instagram.com/minimalsetups/,EN/international,291K / 3.185 Posts (Suchsnippet 09/2026); 333K (geekyminded 2023),ESTIMATED,100k-500k,UNKNOWN,UNKNOWN,UNKNOWN,UNKNOWN,UNKNOWN,"Kuratierte Minimal-Setups, Wallpaper-Posts",real (kuratierte UGC),UNKNOWN (kein Linktree unter Handle),unklar,nein (nicht unter Handle gefunden),UNKNOWN,UNKNOWN,nein,,Kein Linktree/Amazon-Storefront unter Handle gefunden,nein,https://www.instagram.com/minimalsetups/ ; https://geekyminded.com/best-instagram-accounts-to-find-desk-setup-inspiration-and-new-ideas/,2026-09-26,Follower seit 2023 ruecklaeufig (333K -> 291K) - Hinweis auf Saettigung/Reichweitenverlust klassischer Foto-Setup-Pages.,quellen/raw_competitors_tech.csv
C-T004,Desk Setups / Home Office,Instagram,setuputic,https://www.instagram.com/setuputic/,EN/international,241K (Suchsnippet 09/2026); 186K (geekyminded 2023),ESTIMATED,100k-500k,UNKNOWN,UNKNOWN,UNKNOWN,UNKNOWN,UNKNOWN,"Kuratierte Desk-Setups ('#1 desk setup page'), 'Click and copy the look'",real (kuratierte UGC),Linktree (linktr.ee/setuputic),ja,"ja (a.co-Link im Linktree -> amazon.com/shop/setuputic, Seite: 'Setuputic Earns revenue ... may earn commission')",nein (nicht gefunden),nein (nicht gefunden),ja: Amazon-Storefront-Listen; eigenes Digitalprodukt 'Stealth Wallpaper Collection' (Gumroad),Gumroad (eigenes Produkt); Newsletter,Linktree-Bio 'Curated desk setups. Clean aesthetics. Click and copy the look.' + Amazon-Storefront mit Amazon-Creator-Disclosure,ja,https://www.instagram.com/setuputic/ ; https://linktr.ee/setuputic ; https://www.amazon.com/shop/setuputic ; https://geekyminded.com/best-instagram-accounts-to-find-desk-setup-inspiration-and-new-ideas/,2026-09-26,"Wachstum 2023->2026 (+~30%), Kombination Amazon-Storefront + eigenes Digitalprodukt.",quellen/raw_competitors_tech.csv
C-T005,Gaming Setups / PC Accessories,Instagram,killergamingsetups,https://www.instagram.com/killergamingsetups/,EN/international,213K / 1.597 Posts (Suchsnippet 09/2026); 255K (geekyminded 2023),ESTIMATED,100k-500k,UNKNOWN,UNKNOWN,UNKNOWN,UNKNOWN,UNKNOWN,"Gaming-Battlestations, PC-Builds (Fotos/Reels)",real (kuratierte UGC),Linktree (linktr.ee/killergamingsetups),ja,ja (amazon.com/shop/killergamingsetups - 'Killer Gaming Setups's Amazon Page'),nein (nicht gefunden),nein (nicht gefunden),nein,Amazon Associates (Tag 2014gamersunite-20),"Linktree-Links zu Samsung 49-Zoll Curved Monitor, Nanoleaf Aurora, Corsair/Phanteks-Gehaeuse mit tag=2014gamersunite-20; Amazon-Storefront existiert",ja,https://www.instagram.com/killergamingsetups/ ; https://linktr.ee/killergamingsetups ; https://www.amazon.com/shop/killergamingsetups ; https://geekyminded.com/best-instagram-accounts-to-find-desk-setup-inspiration-and-new-ideas/,2026-09-26,"Linktree-Produkte sind hochpreisig (Monitore, Gehaeuse, Smart-Lights), Links aber alt (2017-2019-Generation) = ungepflegt. Follower ruecklaeufig (255K->213K).",quellen/raw_competitors_tech.csv
C-T006,Desk Setups / Home Office,Instagram,minimal.desksetups,https://www.instagram.com/minimal.desksetups/,EN/international,206K (Suchsnippet 09/2026); 123K (geekyminded 2023),ESTIMATED,100k-500k,UNKNOWN,UNKNOWN,UNKNOWN,UNKNOWN,UNKNOWN,Kuratierte Minimal-Desk-Setups,real (kuratierte UGC),UNKNOWN (kein Linktree unter Handle),unklar,nein (nicht unter Handle gefunden),UNKNOWN,UNKNOWN,nein,,Kein Linktree/Storefront unter Handle gefunden,nein,https://www.instagram.com/minimal.desksetups/ ; https://geekyminded.com/best-instagram-accounts-to-find-desk-setup-inspiration-and-new-ideas/,2026-09-26,Starkes Wachstum 2023->2026 (+67%) ohne sichtbare Affiliate-Monetarisierung = ungenutztes Potenzial.,quellen/raw_competitors_tech.csv
C-T007,Desk Setups / Home Office,Instagram,clean.desk.setup,https://www.instagram.com/clean.desk.setup/,EN/international,182K (Suchsnippet 09/2026),ESTIMATED,100k-500k,UNKNOWN,UNKNOWN,UNKNOWN,UNKNOWN,UNKNOWN,Eigene Desk-Setups einer Person (Thibeau Grosjean),real,UNKNOWN,unklar,nein (nicht unter Handle gefunden),UNKNOWN,UNKNOWN,nein,,,nein,https://www.instagram.com/clean.desk.setup/,2026-09-26,Personen-Account (nicht faceless) - nur Kontext.,quellen/raw_competitors_tech.csv
C-T008,Desk Setups / Home Office,Instagram,calmsetups,https://www.instagram.com/calmsetups/,EN/international,134K / 1.319 Posts (geekyminded 06/2023),ESTIMATED,100k-500k,UNKNOWN,UNKNOWN,UNKNOWN,UNKNOWN,UNKNOWN,"Aesthetic Desk-/Room-Setups, Tech-Essentials",real (kuratierte UGC),Linktree (linktr.ee/calmsetups -> monacomodern.com),unklar,nein (nicht unter Handle gefunden),UNKNOWN,UNKNOWN,nein,,Linktree fuehrt nur auf Blog monacomodern.com ('Tips & Articles'); keine Affiliate-Parameter sichtbar,nein,https://www.instagram.com/calmsetups/ ; https://linktr.ee/calmsetups ; https://geekyminded.com/best-instagram-accounts-to-find-desk-setup-inspiration-and-new-ideas/,2026-09-26,Traffic wird auf eigenen Blog geleitet (moeglicherweise Affiliate-/Ad-Blog).,quellen/raw_competitors_tech.csv
C-T009,Desk Setups / Home Office,Instagram,chillsetup,https://www.instagram.com/chillsetup/,EN/international,106K / 1.319 Posts (geekyminded 06/2023),ESTIMATED,100k-500k,UNKNOWN,UNKNOWN,UNKNOWN,UNKNOWN,UNKNOWN,Chill-/Aesthetic-Setups (Daily Post),real (kuratierte UGC),Linktree (linktr.ee/chillsetup),ja,ja (amazon.com/shop/chillsetup - 'Chillsetup's Amazon Page'),nein (nicht gefunden),nein (nicht gefunden),nein,theplug.co (App-Affiliate 'Meditation App Recommendation'),Amazon-Storefront existiert; Linktree-Link theplug.co/meditationandsleep/... (Affiliate-Netzwerk fuer Apps),ja,https://www.instagram.com/chillsetup/ ; https://linktr.ee/chillsetup ; https://www.amazon.com/shop/chillsetup ; https://geekyminded.com/best-instagram-accounts-to-find-desk-setup-inspiration-and-new-ideas/,2026-09-26,Follower-Stand nur 2023 bekannt.,quellen/raw_competitors_tech.csv
C-T010,Gaming Setups / Desk Setups,Instagram,topdailysetups,https://www.instagram.com/topdailysetups/,EN/international,67K / 1.319 Posts (Suchsnippet 09/2026),ESTIMATED,10k-100k,UNKNOWN,UNKNOWN,UNKNOWN,UNKNOWN,UNKNOWN,'3D Room Setups | Gaming Room Ideas' - 3D-gerenderte Raum-/Gaming-Setups,mixed (3D/CGI-Renderings),UNKNOWN (kein Linktree unter Handle),ja,"ja (amazon.com/shop/topdailysetups - 'Topdailysetups's Amazon Page', Share-Tag kevindejong-20)",nein (nicht gefunden),nein (nicht gefunden),nein,,Amazon-Influencer-Storefront unter identischem Handle abrufbar,ja,https://www.instagram.com/topdailysetups/ ; https://www.amazon.com/shop/topdailysetups ; https://www.tiktok.com/@topdailysetups,2026-09-26,Einziger gefundener Setup-Account mit synthetischen (3D-)Visuals + Amazon-Storefront = naechster Beleg fuer 'KI/CGI-Setup-Page + Affiliate'. TikTok-Pendant '3D ROOM SETUPS' nur 7 Follower. Zuordnung Storefront<->IG ueber identischen Handle.,quellen/raw_competitors_tech.csv
C-T011,PC Accessories / Gaming Setups,Instagram,cleanpcsetup,https://www.instagram.com/cleanpcsetup/,EN/international,"71,5K / 476 Posts (geekyminded 06/2023)",ESTIMATED,10k-100k,UNKNOWN,UNKNOWN,UNKNOWN,UNKNOWN,UNKNOWN,Clean-PC-/Gaming-Setups,real (kuratierte UGC),"Linktree (linktr.ee/cleanpcsetup, Bio 'Best accessories, all in one spot!')",ja,nein (nicht unter Handle gefunden),UNKNOWN,UNKNOWN,nein,Amazon Associates (amzn.to); UpPromote/Shopify-Affiliate (keyboardnerd.com ?sca_ref=3012444),Linktree-Links amzn.to/3w5utSI (Hexagon-LEDs) und keyboardnerd.com/products/rick-and-morty?sca_ref=...,ja,https://www.instagram.com/cleanpcsetup/ ; https://linktr.ee/cleanpcsetup ; https://geekyminded.com/best-instagram-accounts-to-find-desk-setup-inspiration-and-new-ideas/,2026-09-26,"Guenstige Zubehoer-Produkte (LED-Panels, Keycaps) = Impulskauf-Preislage.",quellen/raw_competitors_tech.csv
C-T012,Gaming Setups / Collectibles,Instagram,thesetupaddict (heute thesetupaddiction),https://www.instagram.com/thesetupaddiction/,EN/international,"64,8K / 1.420 Posts (geekyminded 06/2023, Handle thesetupaddict)",ESTIMATED,10k-100k,UNKNOWN,UNKNOWN,UNKNOWN,UNKNOWN,UNKNOWN,Cozy Setups & Figuren-Sammlung,real,"Linktree (linktr.ee/thesetupaddict -> IG thesetupaddiction, TikTok setupaddict)",ja,ja (amazon.com/shop/thesetupaddict - 'thesetupaddict shop's Amazon Page'),UNKNOWN,UNKNOWN,nein,,Amazon-Storefront unter altem Handle abrufbar,ja,https://linktr.ee/thesetupaddict ; https://www.amazon.com/shop/thesetupaddict ; https://geekyminded.com/best-instagram-accounts-to-find-desk-setup-inspiration-and-new-ideas/,2026-09-26,Handle-Wechsel; Nische Setups + Collectibles/Figuren.,quellen/raw_competitors_tech.csv
C-T013,Desk Setups / Home Office,Instagram,cleandeskssetups,https://www.instagram.com/cleandeskssetups/,EN/international,54K (Suchsnippet 09/2026); 62K/139 Posts (geekyminded 2023),ESTIMATED,10k-100k,UNKNOWN,UNKNOWN,UNKNOWN,UNKNOWN,UNKNOWN,Clean Desk Setups (Daily Post),real (kuratierte UGC),UNKNOWN,unklar,nein (nicht unter Handle gefunden),UNKNOWN,UNKNOWN,nein,,,nein,https://www.instagram.com/cleandeskssetups/ ; https://geekyminded.com/best-instagram-accounts-to-find-desk-setup-inspiration-and-new-ideas/,2026-09-26,,quellen/raw_competitors_tech.csv
C-T014,Desk Setups / Home Office,Instagram,setupcreate,https://www.instagram.com/setupcreate/,EN/international,"48,2K / 937 Posts (geekyminded 06/2023)",ESTIMATED,10k-100k,UNKNOWN,UNKNOWN,UNKNOWN,UNKNOWN,UNKNOWN,Workspace-Inspiration + 'Top 5'-Produktlisten,real (kuratierte UGC),Linktree (linktr.ee/setupcreate),ja,"ja (amazon.com/shop/setupcreate, Tag setupcreate-20)",UNKNOWN,UNKNOWN,"ja: kit.co-Listen '5 Best Ultrawide Screens', '5 Best Ergonomic Keyboards', '5 Best Speakers', '5 Best Ergonomic Chairs', 'Top 5 Mice 2020' (tot)",,Linktree-Eintrag 'NOTE: We may earn small commissions for purchases made through links' + Amazon-Storefront,ja,https://www.instagram.com/setupcreate/ ; https://linktr.ee/setupcreate ; https://www.amazon.com/shop/setupcreate ; https://geekyminded.com/best-instagram-accounts-to-find-desk-setup-inspiration-and-new-ideas/,2026-09-26,Top-5-Listen-Format. kit.co wurde am 2026-05-11 eingestellt (kit.co: 'Service discontinued') - verlinkte kit.co-Listen sind tot (HTTP 410).,quellen/raw_competitors_tech.csv
C-T015,Desk Setups / Home Office,Instagram,cleandesksetup,https://www.instagram.com/cleandesksetup/,"DE (DACH) - deutschsprachiger Linktree, amazon.de","48K (Suchsnippet 09/2026); 51,3K (geekyminded 2023)",ESTIMATED,10k-100k,UNKNOWN,UNKNOWN,UNKNOWN,UNKNOWN,UNKNOWN,Minimal Desk Setups / Home-Office-Inspiration,real (kuratierte UGC),Linktree (linktr.ee/cleandesksetup),ja,nein (kein Storefront; direkte Partnerlinks),UNKNOWN,UNKNOWN,nein,Amazon PartnerNet DE (Tag pintrendde-21),"Linktree-Bio 'Die besten Gadgets fuer ein cleanes & produktives Desk Setup'; amzn.to/4v7Vh2b -> amazon.de/...&tag=pintrendde-21 (Wireless Charger, Desk Organizer, Monitor-Licht, LED, Laptop-Stand)",ja,https://www.instagram.com/cleandesksetup/ ; https://linktr.ee/cleandesksetup ; https://geekyminded.com/best-instagram-accounts-to-find-desk-setup-inspiration-and-new-ideas/,2026-09-26,"Englisch benannte Page mit DE-Affiliate-Monetarisierung (Links ca. Maerz 2026 erzeugt, qid-Parameter). Tag 'pintrendde' deutet auf Pinterest-Trend-Betreiber. Guenstige Produkte (<50 EUR).",quellen/raw_competitors_tech.csv
C-T016,Desk Setups / Home Office,Instagram,thelitesetup,https://www.instagram.com/thelitesetup/,EN/international,44K (Suchsnippet 09/2026); 35K (geekyminded 2023),ESTIMATED,10k-100k,UNKNOWN,UNKNOWN,UNKNOWN,UNKNOWN,UNKNOWN,Desk Setups ('We Love Coding And Coffee'),real (kuratierte UGC),UNKNOWN,unklar,nein (nicht unter Handle gefunden),UNKNOWN,UNKNOWN,nein,,,nein,https://www.instagram.com/thelitesetup/ ; https://geekyminded.com/best-instagram-accounts-to-find-desk-setup-inspiration-and-new-ideas/,2026-09-26,,quellen/raw_competitors_tech.csv
C-T017,Desk Setups / Home Office,Instagram,thesetuptoday,https://www.instagram.com/thesetuptoday/,EN/international,"41,9K / 1.488 Posts (geekyminded 06/2023)",ESTIMATED,10k-100k,UNKNOWN,UNKNOWN,UNKNOWN,UNKNOWN,UNKNOWN,Setups aus der Community,real (kuratierte UGC),Linktree (linktr.ee/thesetuptoday),ja,nein (nicht unter Handle gefunden),UNKNOWN,UNKNOWN,nein,"Keychron Referral (keychron.refr.cc/thesetuptoday), MOFT (?ref=thesetuptoday), Kickbooster (magflott.kckb.st), PayPal-Spenden",Linktree 'Products'-Sektion mit Referral-Links Keychron/MOFT/Magflott,ja,https://www.instagram.com/thesetuptoday/ ; https://linktr.ee/thesetuptoday ; https://geekyminded.com/best-instagram-accounts-to-find-desk-setup-inspiration-and-new-ideas/,2026-09-26,"Direkte Brand-Affiliate-Programme statt Amazon (hoehere Provisionen, Nischen-Marken).",quellen/raw_competitors_tech.csv
C-T018,Desk Setups / Home Office,Instagram,sharp.desk.setups,https://www.instagram.com/sharp.desk.setups/,EN/international,"33K (Suchsnippet 09/2026); 35,7K (geekyminded 2023)",ESTIMATED,10k-100k,UNKNOWN,UNKNOWN,UNKNOWN,UNKNOWN,UNKNOWN,Sharp & Clean Desk Setups,real (kuratierte UGC),UNKNOWN,unklar,nein (nicht unter Handle gefunden),UNKNOWN,UNKNOWN,nein,,,nein,https://www.instagram.com/sharp.desk.setups/ ; https://geekyminded.com/best-instagram-accounts-to-find-desk-setup-inspiration-and-new-ideas/,2026-09-26,,quellen/raw_competitors_tech.csv
C-T019,Gaming Setups,Instagram,setupwarriors,https://www.instagram.com/setupwarriors/,EN/international,81K / 125 Posts (Suchsnippet 09/2026),ESTIMATED,10k-100k,UNKNOWN,UNKNOWN,UNKNOWN,UNKNOWN,UNKNOWN,Battlestations / Gaming / PCs,real (kuratierte UGC),UNKNOWN,unklar,nein (nicht unter Handle gefunden),UNKNOWN,UNKNOWN,nein,,,nein,https://www.instagram.com/setupwarriors/,2026-09-26,81K Follower bei nur 125 Posts = hohe Reichweite pro Post (vermutlich Reels-getrieben).,quellen/raw_competitors_tech.csv
C-T020,Gaming Setups,Instagram,pc.battlestations.setups,https://www.instagram.com/pc.battlestations.setups/,EN/international,22K / 569 Posts (Suchsnippet 09/2026),ESTIMATED,10k-100k,UNKNOWN,UNKNOWN,UNKNOWN,UNKNOWN,UNKNOWN,PC-Builds & Gaming-Setups (Person 'Ryan'),real,UNKNOWN,unklar,nein (nicht unter Handle gefunden),UNKNOWN,UNKNOWN,nein,,,nein,https://www.instagram.com/pc.battlestations.setups/,2026-09-26,Personen-Account - Kontext.,quellen/raw_competitors_tech.csv
C-T021,Gaming Setups,Instagram,setupsrated,https://www.instagram.com/setupsrated/,EN/international,15K / 345 Posts (Suchsnippet 09/2026),ESTIMATED,10k-100k,UNKNOWN,UNKNOWN,UNKNOWN,UNKNOWN,UNKNOWN,'Rate The Setups' (Bewertungsformat),real (kuratierte UGC),UNKNOWN,unklar,nein (nicht unter Handle gefunden),UNKNOWN,UNKNOWN,nein,,,nein,https://www.instagram.com/setupsrated/,2026-09-26,,quellen/raw_competitors_tech.csv
C-T022,Desk Setups / Home Office,Instagram,bestdreamsetup,https://www.instagram.com/bestdreamsetup/,EN/international,180K / 349 Posts (geekyminded 06/2023),ESTIMATED,100k-500k,UNKNOWN,UNKNOWN,UNKNOWN,UNKNOWN,UNKNOWN,Black-&-White-Setup-Collection,real (kuratierte UGC),UNKNOWN (kein Linktree),unklar,nein (nicht unter Handle gefunden),UNKNOWN,UNKNOWN,nein,,,nein,https://www.instagram.com/bestdreamsetup/ ; https://geekyminded.com/best-instagram-accounts-to-find-desk-setup-inspiration-and-new-ideas/,2026-09-26,,quellen/raw_competitors_tech.csv
C-T023,Gaming Setups,Instagram,setup_guru_,https://www.instagram.com/setup_guru_/,EN/international,11K / 885 Posts (Suchsnippet 09/2026),ESTIMATED,10k-100k,UNKNOWN,UNKNOWN,UNKNOWN,UNKNOWN,UNKNOWN,Gaming PC Setups,real (kuratierte UGC),UNKNOWN,unklar,nein (nicht unter Handle gefunden),UNKNOWN,UNKNOWN,nein,,,nein,https://www.instagram.com/setup_guru_/,2026-09-26,,quellen/raw_competitors_tech.csv
C-T024,PC Accessories / Gaming,YouTube,Ryzen4070,https://www.youtube.com/@Ryzen4070,EN (Betreiberland lt. NexLev: DE),"82,6K Abonnenten",VERIFIED,10k-100k,"~3,4 Shorts/Woche (289 Uploads seit 02/2025)","Ø 1,59 Mio.","3,95 Mio.",54 Mio. ('Game Dev'),ESTIMATED (NexLev),2D/3D-animierte PC-Hardware-Memes/Shorts,mixed (2D/3D-Animation),Linktree (linktr.ee/ryzen4070) + keysfan.com,ja,nein (nicht unter Handle gefunden),UNKNOWN,UNKNOWN,nein,"Software-Key-Shop-Referral keysfan.com (?ksf=ryz93, Code RYZEN50)",YouTube-Beschreibung 'Buy Windows 11 Use code: RYZEN50'; Linktree-Links keysfan.com/windows-11-professional-key.html?ksf=ryz93,ja,https://www.youtube.com/@Ryzen4070/about ; https://linktr.ee/ryzen4070 ; NexLev search_shorts_niche_finder_channels,2026-09-26,"Gaming-Audience wird mit Billig-Produkt (Windows-Keys) monetarisiert, nicht mit teurer Hardware. IG @ryzentek / TikTok @ryzentek verlinkt.",quellen/raw_competitors_tech.csv
C-T025,PC Accessories / Gaming,TikTok,ryzentek,https://www.tiktok.com/@ryzentek,EN,"11,3K Follower, 2,0 Mio. Likes, 146 Videos",VERIFIED,10k-100k,UNKNOWN,UNKNOWN,UNKNOWN,UNKNOWN,UNKNOWN,PC-Hardware-Memes (Crosspost von Ryzen4070),mixed (2D/3D-Animation),Linktree (linktr.ee/ryzen4070),ja,nein (nicht unter Handle gefunden),UNKNOWN,UNKNOWN,nein,keysfan.com-Referral (Code RYZEN50),TikTok-Bio 'Buy Windows 11 Key - Use code: RYZEN50' + Linktree,ja,https://www.tiktok.com/@ryzentek ; https://linktr.ee/ryzen4070,2026-09-26,Gleiche Marke wie YouTube Ryzen4070; TikTok deutlich kleiner als YouTube.,quellen/raw_competitors_tech.csv
C-T026,Gaming / Handheld Gadgets,YouTube,R4DECKOFFICIAL,https://www.youtube.com/@R4DECKOFFICIAL,EN,"86,1K Abonnenten",VERIFIED,10k-100k,~5 Shorts/Woche (239 seit 11/2025),Ø 337K,"485,5K",16 Mio. ('A Steam deck for 20 bucks???'),ESTIMATED (NexLev),Faceless Gaming-Gadget-Shorts (billige Handhelds/Emulatoren),real,r4deck.com (eigener Shop),nein,nein,UNKNOWN,UNKNOWN,ja: eigener Shop r4deck.com/collections/catalog,,Kein Affiliate - Eigenvertrieb,nein,https://www.youtube.com/@R4DECKOFFICIAL/about ; NexLev,2026-09-26,"Beleg fuer Preis-Sensitivitaet der Gaming-Shorts-Audience ('Steam Deck fuer 20 $', 'PlayStation Portal fuer 5 $').",quellen/raw_competitors_tech.csv
C-T027,PC Accessories / Gaming,YouTube,LGA-1155,https://www.youtube.com/@LGA-1155,EN,"87,8K Abonnenten (NexLev)",ESTIMATED,10k-100k,"~2,5 Shorts/Woche (38 seit 06/2026)","Ø 6,69 Mio.","464,5K",66 Mio.,ESTIMATED (NexLev),PC-Upgrade-Memes/Benchmarks (faceless),real,UNKNOWN,unklar,nein (nicht unter Handle gefunden),UNKNOWN,UNKNOWN,nein,,,nein,NexLev search_shorts_niche_finder_channels (Kanal-ID UCXQV5UJ5sOdvvenJq2RfxFQ),2026-09-26,Sehr junger Kanal (06/2026) mit viralen Reichweiten - Nische PC-Hardware nicht gesaettigt bei Shorts. Keine Monetarisierungslinks gefunden.,quellen/raw_competitors_tech.csv
C-T028,Tech Gadgets / Consumer Electronics,YouTube,justicebuys1,https://www.youtube.com/@justicebuys1,EN/US,"2,13 Mio. Abonnenten",VERIFIED,1M+,"~0,8 Shorts/Woche (156 seit 02/2023)","Ø 12,3 Mio.","26,5 Mio.",81 Mio. ('BEST Amazon Kitchen Gadgets'),ESTIMATED (NexLev),"Faceless Produkt-Compilations ('Top 15 Amazon Products', '10 Things I Bought...') mit Produkt-Einblendung",real,Eigene Website justicebuys.com ('All products are linked'),ja,nein (nicht unter Handle gefunden); Amazon-Links auf Website,nein (nicht gefunden),ja (go.shopmy.us-Links auf justicebuys.com),ja: justicebuys.com mit ~111 Produktlinks (joylink.io),"joylink.io-Linkmanager, Amazon, Anker/Soundcore-Partnerlinks, Etsy","justicebuys.com: 'As an affiliate, I earn from qualifying purchases' + 111 joylink-Produktlinks + ShopMy-Links",ja,https://www.youtube.com/@justicebuys1/about ; https://www.justicebuys.com ; NexLev,2026-09-26,"Groesster gefundener Tech-/Home-Gadget-Affiliate-Case. Management: undercurrent.net. Eigene Angaben: '1M on TikTok, 1M on Instagram @justice_buys, 800k on Facebook' (CLAIMED).",quellen/raw_competitors_tech.csv
C-T029,Tech Gadgets / Consumer Electronics,TikTok,justicebuys,https://www.tiktok.com/@justicebuys,EN/US,"1,5 Mio. Follower, 49,8 Mio. Likes, 353 Videos",VERIFIED,1M+,UNKNOWN,UNKNOWN,UNKNOWN,UNKNOWN,UNKNOWN,Faceless Produkt-Reviews/Compilations ('All products in videos'),real,justicebuys.com,ja,nein (nicht unter Handle gefunden),UNKNOWN,ja (auf Website),ja: justicebuys.com,,TikTok-Bio 'Product reviews / Tech + Home / All products in videos' -> justicebuys.com (Affiliate-Disclosure),ja,https://www.tiktok.com/@justicebuys ; https://www.justicebuys.com,2026-09-26,Gleiche Marke wie YouTube justicebuys1.,quellen/raw_competitors_tech.csv
C-T030,Tech Gadgets / Consumer Electronics,Instagram,justice_buys,https://www.instagram.com/justice_buys/,EN/US,'1M on Instagram' (Eigenangabe im YouTube-Profil),ESTIMATED (CLAIMED),1M+,UNKNOWN,UNKNOWN,UNKNOWN,UNKNOWN,UNKNOWN,Faceless Produkt-Reels,real,Linktree (linktr.ee/justice_buys),ja,nein (nicht unter Handle gefunden),UNKNOWN,UNKNOWN,nein,"Walmart Creator/Impact (goto.walmart.com ... veh=aff), Impact-Links (betterbrandhealth.sjv.io, icalmhealth.sjv.io, arete-adaptogens.pxf.io), eigener Shop smartsensor.fesh.store","Linktree-Bio 'As an affiliate, I earn from qualifying purchases.' + 26 Links (u.a. 19 Walmart-Affiliate-Links)",ja,https://linktr.ee/justice_buys ; https://www.youtube.com/@justicebuys1/about,2026-09-26,Diversifiziert: Amazon + Walmart + Impact-Brands + eigener Shop. Follower nicht direkt verifizierbar (Login-Wall).,quellen/raw_competitors_tech.csv
C-T031,Tech Gadgets / Home Gadgets,YouTube,WorldwideGadgets01,https://www.youtube.com/@WorldwideGadgets01,EN/US,484K Abonnenten,VERIFIED,100k-500k,"~3,8 Shorts/Woche (267 seit 05/2025)","Ø 1,96 Mio.","3,65 Mio.",80 Mio. ('Link in Bio Effective Cleaning Tablets'),ESTIMATED (NexLev),Faceless Produkt-Demos mit '🔗 Link in Bio'-Titel,real,Linktree (linktr.ee/worldwidegadgets01),nein,nein,UNKNOWN,UNKNOWN,"ja: eigener Shop ('We ship worldwide', Rabattcode WORLDWIDEGADGETS)",,"Linktree = eigener Shop/Dropshipping, kein Affiliate",nein,https://www.youtube.com/@WorldwideGadgets01/about ; https://linktr.ee/worldwidegadgets01 ; NexLev,2026-09-26,"Gleiches Content-Format wie Affiliate-Pages, aber Dropshipping-Monetarisierung. IG @worldwidegadgets2, TikTok @worldwidegadgets01.",quellen/raw_competitors_tech.csv
C-T032,Tech Gadgets / Home Gadgets,TikTok,worldwidegadgets01,https://www.tiktok.com/@worldwidegadgets01,EN/US,"103,5K Follower, 498,9K Likes, 637 Videos",VERIFIED,100k-500k,UNKNOWN,UNKNOWN,UNKNOWN,UNKNOWN,UNKNOWN,Faceless Produkt-Demos,real,Linktree (linktr.ee/worldwidegadgets01),nein,nein,UNKNOWN,UNKNOWN,ja: eigener Shop,,Linktree = Shop mit Rabattcode,nein,https://www.tiktok.com/@worldwidegadgets01 ; https://linktr.ee/worldwidegadgets01,2026-09-26,Auf TikTok ~5x weniger Follower als YouTube trotz mehr Videos.,quellen/raw_competitors_tech.csv
C-T033,Tech Gadgets / Home Gadgets,Instagram,worldwidegadgets2,https://www.instagram.com/worldwidegadgets2/,EN/US,UNKNOWN,UNKNOWN,UNKNOWN,UNKNOWN,UNKNOWN,UNKNOWN,UNKNOWN,UNKNOWN,Faceless Produkt-Reels,real,Linktree (linktr.ee/worldwidegadgets01),nein,nein,UNKNOWN,UNKNOWN,ja: eigener Shop,,IG-Handle im YouTube-About und Linktree-Social verlinkt,nein,https://www.youtube.com/@WorldwideGadgets01/about ; https://linktr.ee/worldwidegadgets01,2026-09-26,,quellen/raw_competitors_tech.csv
C-T034,Tech Gadgets / Amazon Finds,YouTube,dealify_01,https://www.youtube.com/@dealify_01,EN/US,"54,8K Abonnenten",VERIFIED,10k-100k,~15 Shorts/Woche (531 seit 01/2026),Ø 382K,"140,5K",141 Mio. ('Get this Waterproof Mattress Protector - Link in bio'),ESTIMATED (NexLev),Faceless Produkt-Clips 'Get this ... - Link in bio',real,"Linktree (linktr.ee/dealify_01, 'Smart Deals & Top Picks')",ja,nein (Storefront nicht gefunden; direkte amzn.to-Links),UNKNOWN,UNKNOWN,nein,Amazon Associates (45 amzn.to/link.amazon-Links),YouTube-About 'Shop Here' -> Linktree mit 45 Amazon-Kurzlinks,ja,https://www.youtube.com/@dealify_01/about ; https://linktr.ee/dealify_01 ; NexLev,2026-09-26,"Hochfrequenz-Posting (~2/Tag); Sortiment gemischt (Beauty, Haushalt, Tech).",quellen/raw_competitors_tech.csv
C-T035,Tech Gadgets / Amazon Finds,YouTube,Sathi_Mart,https://www.youtube.com/@Sathi_Mart,EN/US (Betreiber lt. NexLev: Indien),"26,3K Abonnenten",VERIFIED,10k-100k,~10 Shorts/Woche (321 seit 02/2026),Ø 316K,39K,35 Mio. ('Interactive Cat Water Mat - Link in my profile'),ESTIMATED (NexLev),Faceless Produkt-Demos,real,Linktree (linktr.ee/sathimart),ja,nein (direkte Links),UNKNOWN,UNKNOWN,nein,Amazon Associates (28 amzn.to + 5 link.amazon),Linktree mit 33 Produktlinks (Amazon),ja,https://www.youtube.com/@Sathi_Mart/about ; https://linktr.ee/sathimart ; NexLev,2026-09-26,Offshore-Betreiber bedient US-Amazon - zeigt niedrige Eintrittsbarriere des Modells.,quellen/raw_competitors_tech.csv
C-T036,Tech Gadgets / Amazon Finds,YouTube,topfndsdaily,https://www.youtube.com/@topfndsdaily,EN/US,166K Abonnenten (NexLev/YouTube-About),VERIFIED,100k-500k,"~0,6/Woche (31 seit 09/2025)","Ø 1,3K","1,6K","3,7K",ESTIMATED (NexLev),'Top 5 Best ... of 2026 - Best Amazon ... Ranked' (KI-Listicles),AI,UNKNOWN,unklar,nein (nicht unter Handle gefunden),UNKNOWN,UNKNOWN,nein,,Keine Links im About gefunden,nein,https://www.youtube.com/@topfndsdaily/about ; NexLev,2026-09-26,"Negativbeispiel: 166K Abos, aber Median 1,6K Views - KI-Top-5-Listen ohne Reichweite (vermutl. umgewidmeter Kanal).",quellen/raw_competitors_tech.csv
C-T037,Tech Gadgets / Lifestyle Gadgets,YouTube,Xtrikeffliate,https://www.youtube.com/@Xtrikeffliate,EN/US,192K Abonnenten,VERIFIED,100k-500k,~5/Woche (88 seit 05/2026),Ø 328K,"33,5K","7,1 Mio. ('3 Bags Every Girl Will Want')",ESTIMATED (NexLev),'3 ... Every Girl Will Want' Gadget-Top-3,real,keine Links,unklar,nein (nicht unter Handle gefunden),UNKNOWN,UNKNOWN,nein,,,nein,https://www.youtube.com/@Xtrikeffliate/about ; NexLev,2026-09-26,"Name deutet auf Affiliate-Absicht, aber keine Links hinterlegt = nicht monetarisierte Reichweite.",quellen/raw_competitors_tech.csv
C-T038,Tech Gadgets / Home,YouTube,HomeSprucely,https://www.youtube.com/@HomeSprucely,EN/US,179K Abonnenten,VERIFIED,100k-500k,~21/Woche (421 seit 05/2026),"Ø 1,1 Mio.","2,0 Mio.",120 Mio.,ESTIMATED (NexLev),Faceless Produkt-Demos mit #tiktokshop-Hashtags,real,keine Links,unklar,nein (nicht unter Handle gefunden),UNKNOWN,UNKNOWN,nein,vermutlich TikTok Shop Affiliate (Hashtag #tiktokshop),,nein,https://www.youtube.com/@HomeSprucely/about ; NexLev,2026-09-26,Repurposing von TikTok-Shop-Affiliate-Videos auf YouTube ohne Link.,quellen/raw_competitors_tech.csv
C-T039,Smartphone-Zubehoer,YouTube,Smartcase-De,https://www.youtube.com/@Smartcase-De,DE/EN gemischt,"61,4K Abonnenten",VERIFIED,10k-100k,"~0,4/Woche (40 seit 09/2024)","Ø 1,87 Mio.","7,6K",73 Mio. (#christmasgift #smartphonecase),ESTIMATED (NexLev),Produkt-Demo NFC-E-Ink-Handyhuelle,real,Mecase.shop,nein,nein,UNKNOWN,UNKNOWN,ja: eigenes Produkt mecase.shop,,Eigenvertrieb,nein,https://www.youtube.com/@Smartcase-De/about ; NexLev,2026-09-26,"Ein Viral-Hit (73 Mio.), sonst Median 7,6K - typisches One-Hit-Muster.",quellen/raw_competitors_tech.csv
C-T040,Tech Deals (DE),TikTok,mydealz.de,https://www.tiktok.com/@mydealz.de,DE (DACH),"571,8K Follower, 7,0 Mio. Likes, 1.688 Videos",VERIFIED,500k-1M,UNKNOWN,UNKNOWN,UNKNOWN,UNKNOWN,UNKNOWN,Deal-/Spartipp-Videos ('Taeglich Deals & Spartipps'),real,Linktree (linktr.ee/mydealz),unklar,nein (nicht unter Handle gefunden),UNKNOWN,UNKNOWN,ja: kuratierte Deal-Seiten auf mydealz.de (mdz.me-Links),Deal-Community-Plattform (Geschaeftsmodell nicht verifiziert),"FAQ-Frage 'Wie verdient mydealz sein Geld?' vorhanden, Antwort per JS nicht auslesbar; FAQ nennt 'bezahlte Platzierungen'",nein,https://www.tiktok.com/@mydealz.de ; https://linktr.ee/mydealz ; https://www.mydealz.de/faq,2026-09-26,"Groesster DE-Deal-Wettbewerber (Plattform mit Redaktion, kein Solo-Theme-Page). TikTok-Commerce-Account.",quellen/raw_competitors_tech.csv
C-T041,Tech Deals (DE),Instagram,mydealz.de,https://www.instagram.com/mydealz.de/,DE (DACH),UNKNOWN,UNKNOWN,UNKNOWN,UNKNOWN,UNKNOWN,UNKNOWN,UNKNOWN,UNKNOWN,Deal-Posts/Reels,real,Linktree (linktr.ee/mydealz),unklar,nein (nicht unter Handle gefunden),UNKNOWN,UNKNOWN,ja: mydealz.de,,IG-Handle als Social-Link im Linktree,nein,https://linktr.ee/mydealz,2026-09-26,Follower wegen IG-Login-Wall nicht abrufbar.,quellen/raw_competitors_tech.csv
C-T042,Tech Deals (DE),TikTok,mytopdeals,https://www.tiktok.com/@mytopdeals,DE (DACH),"1.240 Follower, 9.317 Likes, 31 Videos",VERIFIED,<10k,UNKNOWN,UNKNOWN,UNKNOWN,UNKNOWN,UNKNOWN,Deal-Posts,real,Linktree (linktr.ee/mytopdeals),ja,nein (nicht unter Handle gefunden),UNKNOWN,UNKNOWN,ja: mytopdeals.net,"Deal-Blog-Affiliate (mtd.bz-Redirects: DAZN, Movie Park, PUMA, Eneba PSN/eShop-Guthaben)",Linktree-Eintrag '*MyTopDeals Affiliate Links' + mtd.bz-Deal-Links,ja,https://www.tiktok.com/@mytopdeals ; https://linktr.ee/mytopdeals ; https://www.mytopdeals.net/,2026-09-26,"Etablierter DE-Deal-Blog, auf Social Video aber schwach (1,2K TikTok).",quellen/raw_competitors_tech.csv
C-T043,Tech Deals (DE),Instagram,techdeals.de,https://www.instagram.com/techdeals.de/,DE (DACH),UNKNOWN (TikTok-Pendant: 0 Follower),UNKNOWN,UNKNOWN,UNKNOWN,UNKNOWN,UNKNOWN,UNKNOWN,UNKNOWN,Tech-Deals,UNKNOWN,Linktree (linktr.ee/techdeals.de -> nur TikTok/IG),unklar,nein (nicht unter Handle gefunden),UNKNOWN,UNKNOWN,nein,,Linktree nur mit Social-Links,nein,https://linktr.ee/techdeals.de ; https://www.tiktok.com/@techdeals.de,2026-09-26,"Handle belegt, Account praktisch inaktiv - Namensraum 'techdeals' in DE frei nutzbar.",quellen/raw_competitors_tech.csv
C-T044,Beauty/Home Amazon Finds (DE),TikTok,AmazonGlowUpDE (Handle amazonfindsde),https://www.tiktok.com/@amazonfindsde,DE (DACH),"0 Follower, 1 Video",VERIFIED,<10k,UNKNOWN,UNKNOWN,UNKNOWN,UNKNOWN,UNKNOWN,'Amazon-Funde unter 11 EUR',UNKNOWN,Linktree (linktr.ee/AmazonGlowUpDE),ja,nein (nicht unter Handle gefunden),UNKNOWN,UNKNOWN,nein,Amazon PartnerNet (amzn.to),TikTok-Bio 'Amazon partner!' + Linktree mit 5 amzn.to-Links,nein,https://www.tiktok.com/@amazonfindsde ; https://linktr.ee/AmazonGlowUpDE,2026-09-26,"Affiliate belegt, aber keine Reichweite -> kein Erfolgsbeleg; zeigt fruehe DE-Nachahmer.",quellen/raw_competitors_tech.csv
C-T045,Tesla-Zubehoer / Car Accessories,TikTok,tayloronwheels,https://www.tiktok.com/@tayloronwheels,EN/US,"28,4K Follower, 675K Likes, 346 Videos",VERIFIED,10k-100k,UNKNOWN,UNKNOWN,UNKNOWN,UNKNOWN,UNKNOWN,"Tesla-Tipps, Hidden Features, Zubehoer-Installationen (Stimme/Haende, weitgehend faceless)",real,Linktree (linktr.ee/tayloronwheels),ja,"ja (amazon.com/shop/tayloronwheels12, Tag tayloronwheel-20)",nein (nicht gefunden),nein (nicht gefunden),nein,"Brand-Affiliate/Codes: HaloBLK, Hansshow (?bg_ref=), 3W Liners (?ref=), EVBASE (?bg_ref=); Tesla-Referral (ts.la/taylor574135); Robinhood-Referral","TikTok-Bio 'Tesla referral and accessories'; Linktree: 'Amazon Storefront', '20% OFF HANSSHOW CODE tayloronwheels', '33% OFF 3W LINERS', 'Get $1,000 off a Tesla'",ja,https://www.tiktok.com/@tayloronwheels ; https://linktr.ee/tayloronwheels ; https://www.amazon.com/shop/tayloronwheels12,2026-09-26,Mustergueltiger Nischen-Case: Amazon + Tesla-Aftermarket-Marken (hoehere Provision) + Hersteller-Referral.,quellen/raw_competitors_tech.csv
C-T046,Tesla-Zubehoer / Car Accessories,YouTube,tayloronwheels,https://www.youtube.com/@tayloronwheels,EN/US,"31,2K Abonnenten",VERIFIED,10k-100k,~8 Shorts/Woche (292 seit 01/2026),"Ø 80,6K","81,5K","8,4 Mio. ('Tesla emergency exit')",ESTIMATED (NexLev),Tesla-Tipps-Shorts (faceless lt. NexLev),real,"Linktree (linktr.ee/tayloronwheels, 'Referral and accessories')",ja,ja (amazon.com/shop/tayloronwheels12),UNKNOWN,UNKNOWN,nein,siehe TikTok-Zeile,YouTube-About-Link 'Referral and accessories' -> Linktree,ja,https://www.youtube.com/@tayloronwheels/about ; NexLev,2026-09-26,Sehr stabile Views (Median ~ Durchschnitt) = verlaesslicher Nischen-Traffic.,quellen/raw_competitors_tech.csv
C-T047,Tesla-Zubehoer / Car Accessories,Instagram,tayloronwheels12,https://www.instagram.com/tayloronwheels12/,EN/US,UNKNOWN,UNKNOWN,UNKNOWN,UNKNOWN,UNKNOWN,UNKNOWN,UNKNOWN,UNKNOWN,Tesla-Tipps-Reels,real,Linktree (linktr.ee/tayloronwheels),ja,ja (amazon.com/shop/tayloronwheels12),UNKNOWN,UNKNOWN,nein,siehe TikTok-Zeile,IG-Handle im Linktree als Social-Link,ja,https://linktr.ee/tayloronwheels,2026-09-26,IG-Follower nicht abrufbar.,quellen/raw_competitors_tech.csv
C-T048,Cars / Luxury Lifestyle,Instagram,carswithoutlimits,https://www.instagram.com/carswithoutlimits/,EN/international,UNKNOWN,UNKNOWN,UNKNOWN,UNKNOWN,UNKNOWN,UNKNOWN,UNKNOWN,UNKNOWN,Supercar-/Car-Culture-Theme-Page,real (kuratierte UGC),Linktree (linktr.ee/carswithoutlimits),nein (nicht sichtbar),nein (nicht unter Handle gefunden),UNKNOWN,UNKNOWN,ja: eigene Website carswithoutlimits.com,,Linktree nur Socials + Website,nein,https://linktr.ee/carswithoutlimits,2026-09-26,Grosse Car-Theme-Page ohne sichtbare Affiliate-Links (Monetarisierung vermutl. Sponsored Posts).,quellen/raw_competitors_tech.csv
C-T049,Car Detailing,Amazon Storefront,obsessedgarage,https://www.amazon.com/shop/obsessedgarage,EN/US,UNKNOWN,UNKNOWN,UNKNOWN,UNKNOWN,UNKNOWN,UNKNOWN,UNKNOWN,UNKNOWN,Car-Detailing-Tutorials (Person),real,UNKNOWN,ja,"ja (amazon.com/shop/obsessedgarage, Tag obsegarg-20)",UNKNOWN,UNKNOWN,nein,,Amazon-Storefront 'Obsessed Garage's Amazon Page' abrufbar,ja,https://www.amazon.com/shop/obsessedgarage,2026-09-26,"Personen-Influencer (Kontext) - belegt, dass Detailing-Produkte ueber Amazon-Storefront monetarisiert werden.",quellen/raw_competitors_tech.csv
C-T050,Car Detailing,YouTube,Bacotesmobiledetailing,https://www.youtube.com/@Bacotesmobiledetailing,EN/US,591K Abonnenten,VERIFIED,500k-1M,"~1,5/Woche (103 seit 06/2025)","Ø 3,2 Mio.","3,1 Mio.",49 Mio.,ESTIMATED (NexLev),POV-Detailing-Storytelling ASMR,real,keine Links,unklar,nein (nicht unter Handle gefunden),UNKNOWN,UNKNOWN,nein,,Keine Links im About,nein,https://www.youtube.com/@Bacotesmobiledetailing/about ; NexLev,2026-09-26,Riesige Detailing-Reichweite ohne Produktlinks = Affiliate-Luecke (Produkte im Video sichtbar).,quellen/raw_competitors_tech.csv
C-T051,Car Detailing,YouTube,SpankinCleanDetailing,https://www.youtube.com/@SpankinCleanDetailing,EN/US,"52,7K Abonnenten",VERIFIED,10k-100k,"~1,6/Woche",Ø 371K,"39,5K",16 Mio.,ESTIMATED (NexLev),Before/After-Detailing (Dienstleister),real,spankincleandetailing.com,nein,nein (nicht unter Handle gefunden),UNKNOWN,UNKNOWN,nein,,Link nur auf eigenes Detailing-Business,nein,https://www.youtube.com/@SpankinCleanDetailing/about ; NexLev,2026-09-26,"Lokaler Dienstleister nutzt Shorts als Lead-Gen, nicht Affiliate.",quellen/raw_competitors_tech.csv
C-T052,EDC (Everyday Carry),TikTok,everydaycarry,https://www.tiktok.com/@everydaycarry,EN/US,"109,4K Follower, 267 Videos",VERIFIED,100k-500k,UNKNOWN,UNKNOWN,UNKNOWN,UNKNOWN,UNKNOWN,Pocket-Dumps / 'I yap about people's stuff' (Gear-Kommentar),real,beacons.ai/everydaycarry.com (lt. YouTube),ja,ja (amazon.com/shop/everydaycarry - 'Everyday Carry's Amazon Page'),UNKNOWN,UNKNOWN,nein,beacons.ai-Shop 'Shop Featured Gear',Amazon-Storefront abrufbar; YouTube-Beschreibung 'Shop Featured Gear -> beacons.ai/everydaycarry.com',ja,https://www.tiktok.com/@everydaycarry ; https://www.amazon.com/shop/everydaycarry ; https://www.youtube.com/@everydaycarry/about,2026-09-26,Gruender von everydaycarry.com (Bernard) - Person + Theme-Marke (mixed).,quellen/raw_competitors_tech.csv
C-T053,EDC (Everyday Carry),YouTube,everydaycarry,https://www.youtube.com/@everydaycarry,EN/US,"39,3K Abonnenten, 382 Videos",VERIFIED,10k-100k,UNKNOWN,UNKNOWN,UNKNOWN,UNKNOWN,UNKNOWN,"Buying Guides, Produkt-Overviews",real,beacons.ai/everydaycarry.com,ja,ja (amazon.com/shop/everydaycarry),UNKNOWN,UNKNOWN,nein,,Beschreibung 'Shop Featured Gear' + Storefront,ja,https://www.youtube.com/@everydaycarry/about,2026-09-26,,quellen/raw_competitors_tech.csv
C-T054,EDC (Everyday Carry),Instagram,UrbanEDC (Handle lt. Linktree),https://www.instagram.com/urbanedc/,EN/international,UNKNOWN,UNKNOWN,UNKNOWN,UNKNOWN,UNKNOWN,UNKNOWN,UNKNOWN,UNKNOWN,EDC-Flatlays ('#edcgoals'),real (kuratierte UGC),Linktree (linktr.ee/urbanedc: 'Where to buy gear shown in pics'),ja,nein (nicht unter Handle gefunden),UNKNOWN,UNKNOWN,ja: urbanedc.xyz/category/edcgoals,Affiliate-Publisher-Website,Ziel-Website: 'Urban Gear is an independent affiliate publisher ... We may earn a commission if you buy through our links.',ja,https://linktr.ee/urbanedc ; https://urbanedc.xyz/category/edcgoals/,2026-09-26,Domain zeigt heute 'Urban Gear' - evtl. Betreiberwechsel; IG-Handle nicht direkt verifiziert.,quellen/raw_competitors_tech.csv
C-T055,Travel Gear / Packing,YouTube,packhacker,https://www.youtube.com/@packhacker,EN/US,"140K Abonnenten, 80 Videos",VERIFIED,100k-500k,UNKNOWN,UNKNOWN,UNKNOWN,UNKNOWN,UNKNOWN,"Packlisten, Rucksack-/Gear-Reviews",real,packhacker.com,ja,"ja (amazon.com/shop/packhacker, Tag packhacker05-20)",UNKNOWN,UNKNOWN,ja: packhacker.com Gear-Guides,,"Website: 'Pack Hacker is reader-supported. When you buy through links on our site, we may earn an affiliate commission.' + Storefront",ja,https://www.youtube.com/@packhacker/about ; https://www.packhacker.com/ ; https://www.amazon.com/shop/packhacker,2026-09-26,Media-/Team-Marke (nicht rein faceless) - Kontext Travel-Gear.,quellen/raw_competitors_tech.csv
C-T056,Camping / Van Life,Instagram,vanlifediaries,https://www.instagram.com/vanlifediaries/,EN/AU/international,UNKNOWN,UNKNOWN,UNKNOWN,UNKNOWN,UNKNOWN,UNKNOWN,UNKNOWN,UNKNOWN,Community-Vanlife-Fotos (UGC),real (kuratierte UGC),Linktree (linktr.ee/vanlifediaries),unklar,nein (nicht unter Handle gefunden),UNKNOWN,UNKNOWN,"ja: eigenes Buch, Events (Vanlife Gathering 2026), Conversions-Service, Brand-Review (Bushman Fridges)","Victron-Energy-Link (Partner, kein Affiliate-Parameter)",Linktree ohne Affiliate-Parameter,nein,https://linktr.ee/vanlifediaries ; https://www.vanlife.com.au/,2026-09-26,Monetarisierung ueber eigene Produkte/Events statt Affiliate.,quellen/raw_competitors_tech.csv
C-T057,Camping / Van Life,Instagram,project.vanlife,https://www.instagram.com/project.vanlife/,EN/US,UNKNOWN,UNKNOWN,UNKNOWN,UNKNOWN,UNKNOWN,UNKNOWN,UNKNOWN,UNKNOWN,"Van-Builds, Guides",real,Linktree (linktr.ee/projectvanlife),unklar,nein (nicht unter Handle gefunden),UNKNOWN,UNKNOWN,"ja: Van Life Academy (Kurs), Guides, Forum",,Linktree fuehrt zu eigenem Kurs/Guides,nein,https://linktr.ee/projectvanlife,2026-09-26,Kurs-Monetarisierung.,quellen/raw_competitors_tech.csv
C-T058,Overlanding,Instagram,overlandbound,https://www.instagram.com/overlandbound/,EN/US,UNKNOWN,UNKNOWN,UNKNOWN,UNKNOWN,UNKNOWN,UNKNOWN,UNKNOWN,UNKNOWN,Overland-Community,real,Linktree (linktr.ee/overlandbound),nein (nicht sichtbar),nein (nicht unter Handle gefunden),UNKNOWN,UNKNOWN,"ja: Merch-Store, Mitgliedschaft, App 'Overland Bound One'",,Linktree: Merch + Membership,nein,https://linktr.ee/overlandbound,2026-09-26,Community-/Merch-Modell.,quellen/raw_competitors_tech.csv
C-T059,Camping / Outdoor Gear,YouTube,Alexan_Strib,https://www.youtube.com/@Alexan_Strib,EN (Betreiber lt. NexLev: Ukraine),736K Abonnenten (NexLev),ESTIMATED,500k-1M,"~0,9/Woche (133 seit 11/2023)","Ø 5,2 Mio.","560,5K",310 Mio. ('Super Toilet Paper Fire Starter'),ESTIMATED (NexLev),Faceless Survival-/Camping-Hacks,real,UNKNOWN,unklar,nein (nicht unter Handle gefunden),UNKNOWN,UNKNOWN,nein,,,nein,NexLev search_shorts_niche_finder_channels (UCQ-q5iChaqyoUTGeWgHCoxA),2026-09-26,Camping-Hacks erreichen Massenreichweite; Gear-Affiliate-Potenzial nicht genutzt (keine Links geprueft/gefunden).,quellen/raw_competitors_tech.csv
C-T060,Camping / Outdoor Gear,Instagram,thegearjunkie (Linktree gearjunkie),https://www.instagram.com/thegearjunkie/,EN/US,UNKNOWN,UNKNOWN,UNKNOWN,UNKNOWN,UNKNOWN,UNKNOWN,UNKNOWN,UNKNOWN,Outdoor-Gear-News/Reviews (Media),real,"Linktree (linktr.ee/gearjunkie, 21 Artikel-Links)",unklar,nein (nicht unter Handle gefunden),UNKNOWN,UNKNOWN,nein,,"Linktree fuehrt auf gearjunkie.com-Artikel (Website 403, Disclosure nicht pruefbar)",nein,https://linktr.ee/gearjunkie,2026-09-26,Media-Marke - Kontext.,quellen/raw_competitors_tech.csv
C-T061,Fitness / Home Gym,TikTok,garagegymreviews,https://www.tiktok.com/@garagegymreviews,EN/US,"58,3K Follower, 1,3 Mio. Likes, 482 Videos",VERIFIED,10k-100k,UNKNOWN,UNKNOWN,UNKNOWN,UNKNOWN,UNKNOWN,Equipment-Reviews (Person 'Coop' + Team),real,Linktree (linktr.ee/garagegymreviews),ja,nein (nicht unter Handle gefunden),UNKNOWN,UNKNOWN,nein,Brand-Affiliate-Programme + Amazon ('affiliate program ... for nearly every product'),Linktree-Eintrag 'Affiliate Disclosure'; garagegymreviews.com/disclosure: 'we have affiliate relationships with fitness product companies ... allows us to earn a commission',ja,https://www.tiktok.com/@garagegymreviews ; https://linktr.ee/garagegymreviews ; https://www.garagegymreviews.com/disclosure,2026-09-26,"Review-Media (nicht faceless) - belegt hohe AOV-Nische Home-Gym (Dumbbells, Rower). Amazon-Storefront-Check durch Bot-Schutz blockiert.",quellen/raw_competitors_tech.csv
C-T062,Fitness / Home Gym,TikTok,homegym,https://www.tiktok.com/@homegym,EN,"731 Follower, 746 Videos",VERIFIED,<10k,UNKNOWN,UNKNOWN,UNKNOWN,UNKNOWN,UNKNOWN,Home-Gym-Clips (IG: homegym__),UNKNOWN,keine,unklar,nein (nicht unter Handle gefunden),UNKNOWN,UNKNOWN,nein,,,nein,https://www.tiktok.com/@homegym,2026-09-26,"Generischer Handle, kaum Reichweite trotz 746 Videos.",quellen/raw_competitors_tech.csv
C-T063,Running,Instagram,doctorsofrunning,https://www.instagram.com/doctorsofrunning/,EN/US,UNKNOWN,UNKNOWN,UNKNOWN,UNKNOWN,UNKNOWN,UNKNOWN,UNKNOWN,UNKNOWN,Laufschuh-Reviews (Physio-Team),real,"Linktree (linktr.ee/doctorsofrunning, 408 Links)",unklar,nein (nicht unter Handle gefunden),UNKNOWN,UNKNOWN,ja: 268 Links auf doctorsofrunning.com-Reviews/Guides,,Linktree als Review-Archiv; Disclosure nicht verifiziert,nein,https://linktr.ee/doctorsofrunning,2026-09-26,Linktree als Content-Katalog (408 Links) - Format-Idee.,quellen/raw_competitors_tech.csv
C-T064,Cycling / E-Bikes,YouTube,ProViewGear,https://www.youtube.com/@ProViewGear,EN (Betreiber lt. NexLev: Belgien),289K Abonnenten,VERIFIED,100k-500k,"~5,3/Woche (310 seit 08/2025)","Ø 1,2 Mio.","414,5K",108 Mio. ('Tag a biker who NEEDS this'),ESTIMATED (NexLev),MTB-POV mit Kamera-Helm ('Tag a biker who needs this'),real,keine Links,unklar,nein (nicht unter Handle gefunden),UNKNOWN,UNKNOWN,nein,,,nein,https://www.youtube.com/@ProViewGear/about ; NexLev,2026-09-26,"Produkt-Demo-Format (Kamera-Helm) mit 108 Mio. Views, aber kein Link = verschenkte Conversion.",quellen/raw_competitors_tech.csv
C-T065,Cycling / E-Bikes,Instagram,bikeradar,https://www.instagram.com/bikeradar/,EN/UK,UNKNOWN,UNKNOWN,UNKNOWN,UNKNOWN,UNKNOWN,UNKNOWN,UNKNOWN,UNKNOWN,Bike-News/Reviews (Media),real,"Linktree (linktr.ee/bikeradar, 146 Links)",unklar,nein (nicht unter Handle gefunden),UNKNOWN,UNKNOWN,nein,,Linktree -> bikeradar.com-Reviews,nein,https://linktr.ee/bikeradar,2026-09-26,UK-Media-Marke - Kontext.,quellen/raw_competitors_tech.csv
C-T066,Cycling / MTB (DE),TikTok,mtbnews,https://www.tiktok.com/@mtbnews,DE (DACH),"4.124 Follower, 76,5K Likes, 471 Videos",VERIFIED,<10k,UNKNOWN,UNKNOWN,UNKNOWN,UNKNOWN,UNKNOWN,MTB-News-Clips (MTB-News.de),real,www.mtb-news.de,unklar,nein (nicht unter Handle gefunden),UNKNOWN,UNKNOWN,nein,,,nein,https://www.tiktok.com/@mtbnews,2026-09-26,"Groesstes DE-MTB-Portal, auf TikTok schwach = DE-Luecke.",quellen/raw_competitors_tech.csv
C-T067,Golf,Instagram,golfgods,https://www.instagram.com/golfgods/,EN/US,UNKNOWN,UNKNOWN,UNKNOWN,UNKNOWN,UNKNOWN,UNKNOWN,UNKNOWN,UNKNOWN,Golf-Humor-/Meme-Theme-Page,real (kuratierte UGC),Linktree (linktr.ee/golfgods),ja,nein (nicht unter Handle gefunden),UNKNOWN,UNKNOWN,"ja: eigene Merch-Marke golfgodsonline.com (Polos, Gloves, Hats)","Dabble-Sportwetten-Referral (dabble.onelink.me), Podcast 'Tee Baggers'",Linktree: 'FOLLOW OUR BETS ON DABBLE' (Referral-Onelink) + 'SHOP ALL GOLF GODS',ja,https://linktr.ee/golfgods,2026-09-26,Theme-Page -> eigene Bekleidungsmarke: Vorbild fuer Stufe 2 nach Affiliate.,quellen/raw_competitors_tech.csv
C-T068,Golf,YouTube,Everythingolf1,https://www.youtube.com/@Everythingolf1,EN,"26,9K Abonnenten",VERIFIED,10k-100k,"~4,3/Woche (211 seit 10/2025)","Ø 1,26 Mio.","3,65 Mio.",33 Mio.,ESTIMATED (NexLev),Faceless Golf-Highlight-Compilations,real,keine,nein (nicht sichtbar),nein (nicht unter Handle gefunden),UNKNOWN,UNKNOWN,nein,,,nein,https://www.youtube.com/@Everythingolf1/about ; NexLev,2026-09-26,"Median 3,65 Mio. bei 27K Abos = Golf-Shorts extrem viral, aber unmonetarisiert (Outlier-Score 45,6).",quellen/raw_competitors_tech.csv
C-T069,Golf,YouTube,GolfManiacs,https://www.youtube.com/@GolfManiacs,EN,43K Abonnenten,VERIFIED,10k-100k,"~5,8/Woche",Ø 411K,"1,15 Mio.",54 Mio.,ESTIMATED (NexLev),Faceless Golf-Highlights,real,keine,nein (nicht sichtbar),nein (nicht unter Handle gefunden),UNKNOWN,UNKNOWN,nein,,,nein,https://www.youtube.com/@GolfManiacs/about ; NexLev,2026-09-26,,quellen/raw_competitors_tech.csv
C-T070,Uhren / Watches,TikTok,chrono24,https://www.tiktok.com/@chrono24,International (Unternehmen DE),"273,9K Follower, 2,6 Mio. Likes, 641 Videos",VERIFIED,100k-500k,UNKNOWN,UNKNOWN,UNKNOWN,UNKNOWN,UNKNOWN,Uhren-Marktplatz-Content,real,keine,nein (Marktplatz selbst),nein (nicht unter Handle gefunden),UNKNOWN,UNKNOWN,nein,,,nein,https://www.tiktok.com/@chrono24,2026-09-26,"Kein Theme-Page-Wettbewerber, aber potenzieller Affiliate-Partner (DE-Unternehmen).",quellen/raw_competitors_tech.csv
C-T071,Uhren / Watches,Instagram,wornandwound,https://www.instagram.com/wornandwound/,EN/US,UNKNOWN,UNKNOWN,UNKNOWN,UNKNOWN,UNKNOWN,UNKNOWN,UNKNOWN,UNKNOWN,Watch-Media,real,Linktree (linktr.ee/wornandwound),nein (nicht sichtbar),nein (nicht unter Handle gefunden),UNKNOWN,UNKNOWN,"ja: Windup Watch Shop, Showroom, Events",,Linktree: Shop/Showroom/Giveaways,nein,https://linktr.ee/wornandwound,2026-09-26,Media + Eigenhandel.,quellen/raw_competitors_tech.csv
C-T072,Uhren / Watches,Instagram,teddybaldassarre,https://www.instagram.com/teddybaldassarre/,EN/US,UNKNOWN,UNKNOWN,UNKNOWN,UNKNOWN,UNKNOWN,UNKNOWN,UNKNOWN,UNKNOWN,Watch-Reviews (Person/Dealer),real,Linktree (linktr.ee/teddybaldassarre),nein (eigener Handel),nein (nicht unter Handle gefunden),UNKNOWN,UNKNOWN,ja: teddybaldassarre.com (Authorized Dealer),,Linktree: 'Authorized Dealer for the Watch Enthusiast',nein,https://linktr.ee/teddybaldassarre,2026-09-26,Creator wurde zum Haendler - Kontext.,quellen/raw_competitors_tech.csv
C-T073,Sneakers,TikTok,sneakernews,https://www.tiktok.com/@sneakernews,EN/US,"648,7K Follower, 13 Mio. Likes, 515 Videos",VERIFIED,500k-1M,UNKNOWN,UNKNOWN,UNKNOWN,UNKNOWN,UNKNOWN,Sneaker-News/Releases (Media),real,sneakernews.com,unklar,nein (nicht unter Handle gefunden),UNKNOWN,UNKNOWN,nein,,Website Cloudflare-geschuetzt,nein,https://www.tiktok.com/@sneakernews,2026-09-26,Media-Marke.,quellen/raw_competitors_tech.csv
C-T074,Sneakers (DE),TikTok,grailify,https://www.tiktok.com/@grailify,DE (DACH),"32,1K Follower, 330,9K Likes, 447 Videos",VERIFIED,10k-100k,UNKNOWN,UNKNOWN,UNKNOWN,UNKNOWN,UNKNOWN,Sneaker-Releases/Kollektionen ('Nike Dri-FIT Kollektion'),real,grailify.com/s/... (Kurzlink),unklar,nein (nicht unter Handle gefunden),UNKNOWN,UNKNOWN,nein,,TikTok-Commerce-Account (Kategorie Clothing & Accessories); Website Cloudflare-geschuetzt,nein,https://www.tiktok.com/@grailify,2026-09-26,"Groesste DE-Sneaker-Release-Plattform; Affiliate-Modell wahrscheinlich, aber nicht verifiziert.",quellen/raw_competitors_tech.csv
C-T075,Sneakers (DE/NL),TikTok,sneakerjagers,https://www.tiktok.com/@sneakerjagers,NL/DE/EN,"20,5K Follower, 487K Likes, 1.132 Videos",VERIFIED,10k-100k,UNKNOWN,UNKNOWN,UNKNOWN,UNKNOWN,UNKNOWN,Sneaker-Releases/Deals,real,linkin.bio/sneakerjagers,ja,nein (nicht unter Handle gefunden),UNKNOWN,UNKNOWN,ja: sneakerjagers.com + App,,"sneakerjagers.com/de: '... kann dies dazu fuehren, dass wir von Sneakerjagers eine Provision verdienen'",ja,https://www.tiktok.com/@sneakerjagers ; https://www.sneakerjagers.com/de,2026-09-26,NL-Unternehmen mit DE-Sprachversion.,quellen/raw_competitors_tech.csv
C-T076,Sneakers (DE),TikTok,snkraddicted,https://www.tiktok.com/@snkraddicted,DE (DACH),"43K Follower, 435,1K Likes, 139 Videos",VERIFIED,10k-100k,UNKNOWN,UNKNOWN,UNKNOWN,UNKNOWN,UNKNOWN,Sneaker-Release-Theme-Page ('groesste Sneaker- & Lifestyleseite'),real,keine,unklar,nein (nicht unter Handle gefunden),UNKNOWN,UNKNOWN,nein,,,nein,https://www.tiktok.com/@snkraddicted,2026-09-26,Faceless DE-Theme-Page; kein Bio-Link auf TikTok.,quellen/raw_competitors_tech.csv
C-T077,Luxury Lifestyle / Gear,TikTok,uncrate,https://www.tiktok.com/@uncrate,EN/US,150 Follower (TikTok),VERIFIED,<10k,UNKNOWN,UNKNOWN,UNKNOWN,UNKNOWN,UNKNOWN,Gear/Style/Cars-Kuratierung ('Gear. Style. Cars. Shelter. Vices.'),real (kuratiert),App-Download,ja,"ja (amazon.com/shop/uncrate, Tag uncrate-20)",UNKNOWN,UNKNOWN,nein,,Amazon-Storefront 'Uncrate's Amazon Page' abrufbar,ja,https://www.tiktok.com/@uncrate ; https://www.amazon.com/shop/uncrate,2026-09-26,Klassische faceless Gear-Kuratierungsmarke; auf TikTok nicht aktiv.,quellen/raw_competitors_tech.csv
C-T078,Luxury Lifestyle / Gear,Instagram,gearpatrol,https://www.instagram.com/gearpatrol/,EN/US,UNKNOWN,UNKNOWN,UNKNOWN,UNKNOWN,UNKNOWN,UNKNOWN,UNKNOWN,UNKNOWN,"Gear-Media (Uhren, Autos, EDC, Audio, Outdoor)",real,"Linktree (linktr.ee/gearpatrol, 728 Links)",ja,nein (nicht unter Handle gefunden),UNKNOWN,UNKNOWN,"ja: store.gearpatrol.com, Kollabo GoRuck","fave.co-Affiliate-Links, amzn.to, amazon.com",Linktree enthaelt fave.co- und amzn.to-/amazon.com-Produktlinks (75 affiliate-typische Links von 728),ja,https://linktr.ee/gearpatrol,2026-09-26,Media-Marke; Linktree als Shop-Katalog.,quellen/raw_competitors_tech.csv
C-T079,Luxury Lifestyle / Gear,Instagram,coolmaterial,https://www.instagram.com/coolmaterial/,EN/US,UNKNOWN,UNKNOWN,UNKNOWN,UNKNOWN,UNKNOWN,UNKNOWN,UNKNOWN,UNKNOWN,Gear-Kuratierung + 'Daily Steals',real (kuratiert),"Linktree (linktr.ee/coolmaterial, utm_source=ig-linktree)",unklar,nein (nicht unter Handle gefunden),UNKNOWN,UNKNOWN,"ja: shop.coolmaterial.com, Daily Steals",,Website Cloudflare-geschuetzt,nein,https://linktr.ee/coolmaterial,2026-09-26,Deals-Format im Gear-Segment.,quellen/raw_competitors_tech.csv
C-T080,Luxury Lifestyle / Men's Gear,TikTok,manofmany,https://www.tiktok.com/@manofmany,EN/AU,"119,1K Follower, 1.638 Videos",VERIFIED,100k-500k,UNKNOWN,UNKNOWN,UNKNOWN,UNKNOWN,UNKNOWN,"Produkte, Kultur, Style ('Australia's Largest Men's Lifestyle Site')",real,fingertip.com/manofmany,unklar,nein (nicht unter Handle gefunden),UNKNOWN,UNKNOWN,nein,,,nein,https://www.tiktok.com/@manofmany,2026-09-26,Media-Marke - Kontext.,quellen/raw_competitors_tech.csv
C-T081,LEGO / Collectibles (DE),TikTok,promobricks,https://www.tiktok.com/@promobricks,DE (+EN),"19,6K Follower, 555,3K Likes, 132 Videos",VERIFIED,10k-100k,UNKNOWN,UNKNOWN,UNKNOWN,UNKNOWN,UNKNOWN,"LEGO-News, Leaks, Reviews",real,promobricks.de (+ Linktree linktr.ee/promobricks),ja,nein (nicht unter Handle gefunden),UNKNOWN,UNKNOWN,"ja: promobricks.de, Telegram-Kanaele","LEGO-, Amazon-, eBay-Partnerprogramme","promobricks.de: 'Diese Webseite finanziert sich durch Affiliate-Links zu ausgewaehlten Partnerprogrammen wie beispielsweise von LEGO, Amazon oder eBay'",ja,https://www.tiktok.com/@promobricks ; https://linktr.ee/promobricks ; https://www.promobricks.de/,2026-09-26,DE-Affiliate-Case (Blog-getrieben; Social als Zubringer).,quellen/raw_competitors_tech.csv
C-T082,LEGO / Collectibles (DE),TikTok,zusammengebaut,https://www.tiktok.com/@zusammengebaut,DE (+EN-Kanal 'Assembled'),"140,3K Follower, 2,6 Mio. Likes, 1.247 Videos",VERIFIED,100k-500k,UNKNOWN,UNKNOWN,UNKNOWN,UNKNOWN,UNKNOWN,LEGO-Events/News/Neuheiten,real,zusammengebaut.com (+ Linktree -> IG zusammengebaut),ja,nein (nicht unter Handle gefunden),UNKNOWN,UNKNOWN,"ja: Blog, 2 YouTube-Kanaele","LEGO Online Shop, Amazon, Alternate, Proshop (Affiliate)",zusammengebaut.com: 'Hinweis: Es handelt sich hierbei um Affiliate-Links ... erhalten wir eine Provision',ja,https://www.tiktok.com/@zusammengebaut ; https://linktr.ee/zusammengebaut ; https://zusammengebaut.com/,2026-09-26,Betreiber ukonio media GmbH (Hamburg) - professioneller DE-Wettbewerber.,quellen/raw_competitors_tech.csv
C-T083,3D-Druck,TikTok,the3dwizard,https://www.tiktok.com/@the3dwizard,EN/US,"179,5K Follower, 5,2 Mio. Likes, 163 Videos",VERIFIED,100k-500k,UNKNOWN,UNKNOWN,UNKNOWN,UNKNOWN,UNKNOWN,'Useful & not so useful 3D prints' (faceless Druck-Demos),real,Linktree (linktr.ee/the3dwizard),ja,nein (nicht unter Handle gefunden),UNKNOWN,UNKNOWN,ja: MakerWorld-Modelle,"ShareASale ('Printers I Use (Affiliate)'), Tripo-3D-AI-Invite-Code",Linktree-Eintrag 'Printers I Use (Affiliate)' -> shareasale.com/r.cfm?...m=138211,ja,https://www.tiktok.com/@the3dwizard ; https://linktr.ee/the3dwizard,2026-09-26,Hochpreisige Drucker als Affiliate-Produkt; AI-Tool-Referral (Tripo).,quellen/raw_competitors_tech.csv
C-T084,3D-Druck,YouTube,The_3DWizard,https://www.youtube.com/@The_3DWizard,EN/US,"77,6K Abonnenten",VERIFIED,10k-100k,"~1,5/Woche (121 seit 03/2025)",Ø 948K,"596,5K",35 Mio.,ESTIMATED (NexLev),3D-Print-Shorts,real,Linktree (linktr.ee/the3dwizard),ja,nein (nicht unter Handle gefunden),UNKNOWN,UNKNOWN,nein,ShareASale,About-Links: linktr.ee/the3dwizard (s.o.),ja,https://www.youtube.com/@The_3DWizard/about ; NexLev,2026-09-26,IG @the_3dwizard verlinkt.,quellen/raw_competitors_tech.csv
C-T085,3D-Druck,TikTok,printlair,https://www.tiktok.com/@printlair,EN,"70,5K Follower, 805,8K Likes, 56 Videos",VERIFIED,10k-100k,UNKNOWN,UNKNOWN,UNKNOWN,UNKNOWN,UNKNOWN,"Funktionale 3D-Prints (Golf, Truck, Car-Wash-Gadgets)",real,Linktree (linktr.ee/printlair),nein (nicht sichtbar),nein (nicht unter Handle gefunden),UNKNOWN,UNKNOWN,ja: MakerWorld-Profil,,Linktree nur MakerWorld + Socials,nein,https://www.tiktok.com/@printlair ; https://linktr.ee/printlair ; https://www.youtube.com/@PrintLair/about,2026-09-26,"Nischen-Crossover (Golf/Auto x 3D-Druck); YouTube 67K Abos, Median 77,5K.",quellen/raw_competitors_tech.csv
C-T086,3D-Druck,YouTube,MCPrintLab,https://www.youtube.com/@MCPrintLab,EN/US,192K Abonnenten,VERIFIED,100k-500k,"~1,2/Woche (159 seit 02/2024)","Ø 3,07 Mio.","8,2 Mio.",28 Mio.,ESTIMATED (NexLev),3D-Printed Pranks (faceless),real,"Patreon, TikTok",nein (nicht sichtbar),nein (nicht unter Handle gefunden),UNKNOWN,UNKNOWN,nein,Patreon,,nein,https://www.youtube.com/@MCPrintLab/about ; NexLev,2026-09-26,Sehr hohe Median-Views ohne Affiliate.,quellen/raw_competitors_tech.csv
C-T087,Beauty / Skincare (faceless),YouTube,moderngirlaesthetic,https://www.youtube.com/@moderngirlaesthetic,EN/US,"33,3K Abonnenten",VERIFIED,10k-100k,"~2,3/Woche (92 seit 12/2025)",Ø 764K,"32,5K",26 Mio. (Bushbalm Scrub),ESTIMATED (NexLev),Faceless Beauty-Gadget-Demos mit Produktnamen im Titel,real,a.co-Link + IG moderngirlaesthetic,ja,ja (a.co/d/01k5zoWB -> amazon.com/shop/shair10),UNKNOWN,UNKNOWN,nein,,YouTube-About-Link fuehrt auf Amazon-Influencer-Storefront,ja,https://www.youtube.com/@moderngirlaesthetic/about ; https://www.amazon.com/shop/shair10,2026-09-26,Storefront-Handle weicht vom Kanalnamen ab (shair10).,quellen/raw_competitors_tech.csv
C-T088,Beauty / Haircare (faceless),YouTube,Nervie23,https://www.youtube.com/@Nervie23,EN,643K Abonnenten,VERIFIED,500k-1M,"~5,3/Woche (108 seit 05/2026)","Ø 11,3 Mio.","994,5K",585 Mio. ('Link in bio'),ESTIMATED (NexLev),Faceless Haar-Produkt-Demos 'Product link is in bio',real,epixen.com/collections/hair-products,unklar,nein (nicht unter Handle gefunden),UNKNOWN,UNKNOWN,ja: Shop epixen.com (Eigen-/Partnershop),,About: 'Shop from -> epixen.com',nein,https://www.youtube.com/@Nervie23/about ; NexLev,2026-09-26,Extremreichweite in 4 Monaten; Shop-Modell statt Amazon.,quellen/raw_competitors_tech.csv
C-T089,Beauty / Skincare (faceless),YouTube,skinfluence_11,https://www.youtube.com/@skinfluence_11,EN (Betreiber lt. NexLev: Indien),287K Abonnenten,VERIFIED,100k-500k,"~3,8/Woche",Ø 804K,"1,95 Mio.",44 Mio.,ESTIMATED (NexLev),Faceless Glow-up-/Skincare-Tipps,real,"Pinterest, IG xthetics_edit, Fourthwall",nein (nicht sichtbar),nein (nicht unter Handle gefunden),UNKNOWN,UNKNOWN,ja: Fourthwall-Merch,,,nein,https://www.youtube.com/@skinfluence_11/about ; NexLev,2026-09-26,Hohe Reichweite ohne Affiliate-Links.,quellen/raw_competitors_tech.csv
C-T090,Tools / DIY / Werkstatt (DE),YouTube,Malerart,https://www.youtube.com/@Malerart,"DE (DACH) - deutsche Titel, international viral",464K Abonnenten,VERIFIED,100k-500k,"~5,5/Woche (458 seit 02/2025)","Ø 2,72 Mio.","10,5 Mio.",194 Mio. ('11 Jahre Erfahrung in 60 Sekunden'),ESTIMATED (NexLev),"Maler-Hacks, Wall-Art, Illusionen (Haende/POV, ueberwiegend faceless)",real,Linktree (linktr.ee/Malerart),ja,nein (kein Storefront; direkte Partnerlinks),UNKNOWN,UNKNOWN,nein,"Amazon PartnerNet DE (Tags malerart2107-21, malerart0c-21)","Linktree: amazon.de/dp/B09FF3W1FF?...tag=malerart2107-21 (tesa Easy Cover), ROLLINGDOG-Pinsel (tag=malerart0c-21), GoPro, Cutter '(Anzeige)'",ja,https://www.youtube.com/@Malerart/about ; https://linktr.ee/malerart ; NexLev,2026-09-26,"Staerkster DE-Case: Werkzeug-/Maler-Produkte als Affiliate, NexLev-Revenue-Schaetzung AdSense ~124K USD kumuliert (ESTIMATED).",quellen/raw_competitors_tech.csv
C-T091,Tools / DIY / Werkstatt (DE),TikTok,malerart,https://www.tiktok.com/@malerart,DE (DACH),"508,4K Follower, 494 Videos",VERIFIED,500k-1M,UNKNOWN,UNKNOWN,UNKNOWN,UNKNOWN,UNKNOWN,Maler-Hacks,real,twitch.tv/malerart (TikTok-Biolink),ja,nein (nicht unter Handle gefunden),UNKNOWN,UNKNOWN,nein,Amazon PartnerNet DE (via Linktree),Linktree mit amazon.de-Tags (siehe YouTube-Zeile); TikTok-Bio verweist auf Twitch,ja,https://www.tiktok.com/@malerart ; https://linktr.ee/malerart,2026-09-26,TikTok-Biolink zeigt auf Twitch statt Affiliate-Linktree = Conversion-Leck.,quellen/raw_competitors_tech.csv
C-T092,Tools / DIY / Werkstatt (DE),Instagram,malerart_,https://www.instagram.com/malerart_/,DE (DACH),UNKNOWN,UNKNOWN,UNKNOWN,UNKNOWN,UNKNOWN,UNKNOWN,UNKNOWN,UNKNOWN,Maler-Hacks-Reels,real,Linktree (linktr.ee/malerart),ja,nein (nicht unter Handle gefunden),UNKNOWN,UNKNOWN,nein,Amazon PartnerNet DE,IG-Handle als Social-Link im Linktree mit amazon.de-Affiliate-Links,ja,https://linktr.ee/malerart,2026-09-26,Follower nicht abrufbar.,quellen/raw_competitors_tech.csv
C-T093,"Tools / DIY (DE, KI)",YouTube,BauRausch,https://www.youtube.com/@BauRausch,DE (DACH) + EN-Titel,621K Abonnenten,VERIFIED,500k-1M,"~2,2/Woche (53 seit 04/2026)","Ø 7,29 Mio.","1,2 Mio.",127 Mio. ('DIY Floating Cabin ... [Concept AI]'),ESTIMATED (NexLev),KI-generierte Bau-/Renovierungs-Timelapses '[KI-Konzept]',AI,keine Links,nein (nicht sichtbar),nein (nicht unter Handle gefunden),UNKNOWN,UNKNOWN,nein,,Keine Links im About,nein,https://www.youtube.com/@BauRausch/about ; NexLev,2026-09-26,Beleg: KI-DIY-Content erreicht in DE Massenreichweite (621K in 5 Monaten) - aber ohne Affiliate-Monetarisierung.,quellen/raw_competitors_tech.csv
C-T094,Interior / Room Setups (3D),YouTube,HomeGraphix,https://www.youtube.com/@HomeGraphix,EN/US,"1,08 Mio. Abonnenten",VERIFIED,1M+,"~0,6/Woche (48 seit 02/2025)","Ø 6,6 Mio.","1,08 Mio.",167 Mio. ('Designing 3m2 Apartment in New York'),ESTIMATED (NexLev),3D-Animations-Raumdesigns,mixed (3D-Animation),homedesignbook.com,nein,nein (nicht unter Handle gefunden),UNKNOWN,UNKNOWN,ja: eigenes Produkt homedesignbook.com,,About-Link auf eigenes Produkt,nein,https://www.youtube.com/@HomeGraphix/about ; NexLev,2026-09-26,Synthetische Raum-/Setup-Visuals skalieren auf 1 Mio.+ - Monetarisierung ueber Eigenprodukt.,quellen/raw_competitors_tech.csv
C-T095,Interior / Room Setups (AI),YouTube,DreamyInterior,https://www.youtube.com/@DreamyInterior,EN/US,315K Abonnenten,VERIFIED,100k-500k,"~3,3/Woche (90 seit 03/2026)","Ø 1,75 Mio.","579,5K",32 Mio.,ESTIMATED (NexLev),KI-Interior-Transformationen,AI,keine,nein (nicht sichtbar),nein (nicht unter Handle gefunden),UNKNOWN,UNKNOWN,nein,,,nein,https://www.youtube.com/@DreamyInterior/about ; NexLev,2026-09-26,AI-Interior ohne Produktlinks - Affiliate-Luecke (Moebel/Deko verlinkbar).,quellen/raw_competitors_tech.csv
C-T096,Fotografie / Kameras,YouTube,lensevision,https://www.youtube.com/@lensevision,EN (Betreiber lt. NexLev: Ukraine),238K Abonnenten,VERIFIED,100k-500k,"~2,8/Woche (180 seit 07/2025)","Ø 1,12 Mio.","1,6 Mio.",37 Mio.,ESTIMATED (NexLev),"Foto-Tricks/DIY-Optik (Fotograf Pavlo, faceless)",real,"behance.net/mamontovphoto, IG mamontov.pavlo",nein (nicht sichtbar),nein (nicht unter Handle gefunden),UNKNOWN,UNKNOWN,nein,,,nein,https://www.youtube.com/@lensevision/about ; NexLev,2026-09-26,Kamera-Zubehoer-Affiliate-Potenzial ungenutzt.,quellen/raw_competitors_tech.csv
C-T097,Fotografie / Kameras,YouTube,cgm.photos,https://www.youtube.com/@cgm.photos,EN/US,"67,8K Abonnenten",VERIFIED,10k-100k,UNKNOWN,Ø 760K,125K,30 Mio.,ESTIMATED (NexLev),Car-Photography-Memes,real,"Linktree (linktr.ee/colin.m.photo: 'Equipment', Skool)",unklar,nein (nicht unter Handle gefunden),UNKNOWN,UNKNOWN,ja: Skool-Community/Coaching,,About: 'Equipment' + Skool-Community-Link (Linktree-Inhalte nicht geprueft),nein,https://www.youtube.com/@cgm.photos/about,2026-09-26,Person/Creator-Coaching - Kontext.,quellen/raw_competitors_tech.csv
